time,id,x,y,speed,headway,leader_id,target_accel_with_noise_with_failsafe,target_accel_no_noise_no_failsafe,target_accel_with_noise_no_failsafe,target_accel_no_noise_with_failsafe,realized_accel,road_grade,edge_id,lane_number,distance,relative_position,follower_id,leader_rel_speed
0,ego_0,324.0,-8.0,20.5,1000.0,,,,,,0,0,highway_0,1,0.0,324.0,,-1021.5
0.1,ego_0,326.0577422067901,-8.0,20.577422067901235,1000.0,,0.7819628858024691,0.7819628858024691,0.7819628858024691,0.7819628858024691,0.7742206790123518,0,highway_0,1,2.057742206790124,326.0577422067901,,-1021.5774220679012
0.2,ego_0,328.1231938229669,-8.0,20.654516161767777,1000.0,,0.7786503480520746,0.7786503480520746,0.7786503480520746,0.7786503480520746,0.7709409386654187,0,highway_0,1,4.123193822966925,328.1231938229669,,-1021.6545161617678
0.3,ego_0,330.19632182013385,-8.0,20.731279971668997,1000.0,,0.7753144800023382,0.7753144800023382,0.7753144800023382,0.7753144800023382,0.7676380990121956,0,highway_0,1,6.196321820133846,330.19632182013385,,-1021.731279971669
0.4,ego_0,332.27709294186525,-8.0,20.807711217314278,1000.0,,0.7719555810173349,0.7719555810173349,0.7719555810173349,0.7719555810173349,0.7643124564528136,0,highway_0,1,8.277092941865249,332.27709294186525,,-1021.8077112173142
0.5,ego_0,334.36547370674225,-8.0,20.883807648770293,1000.0,,0.7685739577057377,0.7685739577057377,0.7685739577057377,0.7685739577057377,0.7609643145601552,0,highway_0,1,10.36547370674225,334.36547370674225,,-1021.8838076487702
0.6,ego_0,336.46143041145905,-8.0,20.959567047168086,1000.0,,0.7651699238177089,0.7651699238177089,0.7651699238177089,0.7651699238177089,0.7575939839779267,0,highway_0,1,12.461430411459048,336.46143041145905,,-1021.9595670471681
0.7,ego_0,338.564929133999,-8.0,21.034987225399483,1000.0,,0.7617438001371016,0.7617438001371016,0.7617438001371016,0.7617438001371016,0.7542017823139702,0,highway_0,1,14.564929133998987,338.564929133999,,-1022.0349872253995
0.8,ego_0,340.67593573687924,-8.0,21.110066028802358,1000.0,,0.7582959143690431,0.7582959143690431,0.7582959143690431,0.7582959143690431,0.7507880340287443,0,highway_0,1,16.67593573687924,340.67593573687924,,-1022.1100660288024
0.9,ego_0,342.7944158704627,-8.0,21.184801335834333,1000.0,,0.7548266010229694,0.7548266010229694,0.7548266010229694,0.7548266010229694,0.747353070319754,0,highway_0,1,18.79441587046267,342.7944158704627,,-1022.1848013358343
1.0,ego_0,344.9203349763361,-8.0,21.25919105873445,1000.0,,0.7513362012911924,0.7513362012911924,0.7513362012911924,0.7513362012911924,0.7438972290011847,0,highway_0,1,20.920334976336108,344.9203349763361,,-1022.2591910587345
1.1,ego_0,347.05365829075333,-8.0,21.333233144172382,1000.0,,0.7478250629230792,0.7478250629230792,0.7478250629230792,0.7478250629230792,0.7404208543793089,0,highway_0,1,23.053658290753333,347.05365829075333,,-1022.3332331441724
1.2,ego_0,349.1943508481418,-8.0,21.406925573884752,1000.0,,0.7442935400949351,0.7442935400949351,0.7442935400949351,0.7442935400949351,0.7369242971237,0,highway_0,1,25.194350848141823,349.1943508481418,,-1022.4069255738848
1.3,ego_0,351.34237748467166,-8.0,21.48026636529819,1000.0,,0.740741993275682,0.740741993275682,0.740741993275682,0.740741993275682,0.7334079141343608,0,highway_0,1,27.34237748467166,351.34237748467166,,-1022.4802663652982
1.4,ego_0,353.49770284188554,-8.01,21.553253572138626,1000.0,,0.7371707890884289,0.7371707890884289,0.7371707890884289,0.7371707890884289,0.7298720684043758,0,highway_0,1,29.49770284188554,353.49770284188554,,-1022.5532535721386
1.5,ego_0,355.6602913703882,-8.03,21.625885285026552,1000.0,,0.733580300168041,0.733580300168041,0.733580300168041,0.733580300168041,0.7263171288792591,0,highway_0,1,31.660291370388222,355.6602913703882,,-1022.6258852850266
1.6,ego_0,357.830107333594,-8.06,21.69815963205772,1000.0,,0.7299709050148108,0.7299709050148108,0.7299709050148108,0.7299709050148108,0.7227434703116842,0,highway_0,1,33.830107333594015,357.830107333594,,-1022.6981596320577
1.7,ego_0,360.0071148115309,-8.08,21.770074779369043,1000.0,,0.7263429878443475,0.7263429878443475,0.7263429878443475,0.7263429878443475,0.7191514731132287,0,highway_0,1,36.007114811530926,360.0071148115309,,-1022.770074779369
1.8,ego_0,362.19127770469987,-8.09,21.841628931689222,1000.0,,0.7226969384337967,0.7226969384337967,0.7226969384337967,0.7226969384337967,0.7155415232017859,0,highway_0,1,38.19127770469987,362.19127770469987,,-1022.8416289316892
1.9,ego_0,364.38255973798726,-8.09,21.912820332873828,1000.0,,0.7190331519645153,0.7190331519645153,0.7190331519645153,0.7190331519645153,0.7119140118460621,0,highway_0,1,40.382559737987265,364.38255973798726,,-1022.9128203328738
2.0,ego_0,366.58092446462973,-8.098500000000001,21.983647266424455,1000.0,,0.7153520288613222,0.7153520288613222,0.7153520288613222,0.7153520288613222,0.708269335506273,0,highway_0,1,42.58092446462973,366.58092446462973,,-1022.9836472664244
2.1,ego_0,368.7863352702289,-8.098500000000001,22.05410805599163,1000.0,,0.7116539746284574,0.7116539746284574,0.7116539746284574,0.7116539746284574,0.7046078956717494,0,highway_0,1,44.7863352702289,368.7863352702289,,-1023.0541080559916
2.2,ego_0,370.99875537681504,-8.098500000000001,22.124201065861172,1000.0,,0.7079393996823782,0.7079393996823782,0.7079393996823782,0.7079393996823782,0.7009300986954159,0,highway_0,1,46.99875537681504,370.99875537681504,,-1023.1242010658611
2.3,ego_0,373.21814784695744,-8.098500000000001,22.1939247014237,1000.0,,0.7042087191815318,0.7042087191815318,0.7042087191815318,0.7042087191815318,0.6972363556252859,0,highway_0,1,49.218147846957436,373.21814784695744,,-1023.1939247014237
2.4,ego_0,375.4444755879201,-8.098500000000001,22.263277409626994,1000.0,,0.7004623528532399,0.7004623528532399,0.7004623528532399,0.7004623528532399,0.6935270820329364,0,highway_0,1,51.444475587920124,375.4444755879201,,-1023.263277409627
2.5,ego_0,377.67770135586125,-8.098500000000001,22.33225767941094,1000.0,,0.6967007248178414,0.6967007248178414,0.6967007248178414,0.6967007248178414,0.6898026978394611,0,highway_0,1,53.677701355861245,377.67770135586125,,-1023.332257679411
2.6,ego_0,379.91778776007374,-8.098500000000001,22.400864042124823,1000.0,,0.692924263410236,0.692924263410236,0.692924263410236,0.692924263410236,0.6860636271388287,0,highway_0,1,55.917787760073736,379.91778776007374,,-1023.4008640421248
2.7,ego_0,382.16469726726643,-8.098500000000001,22.469095071926702,1000.0,,0.6891334009989791,0.6891334009989791,0.6891334009989791,0.6891334009989791,0.6823102980187912,0,highway_0,1,58.16469726726643,382.16469726726643,,-1023.4690950719267
2.8,ego_0,384.4183922058829,-8.098500000000001,22.536949386164633,1000.0,,0.6853285738030745,0.6853285738030745,0.6853285738030745,0.6853285738030745,0.6785431423793042,0,highway_0,1,60.418392205882924,384.4183922058829,,-1023.5369493861647
2.9,ego_0,386.6788347704569,-8.098500000000001,22.604425645739546,7.641462259246055,llm_1,0.6815102217066251,0.6815102217066251,0.6815102217066251,0.6815102217066251,0.6747625957491366,0,highway_0,1,62.67883477045689,386.6788347704569,,8.49953475030005
3.0,ego_0,388.94530878245155,-8.098500000000001,22.66474011994682,8.507166465073169,llm_1,0.6091761894934801,0.6091761894934801,0.6091761894934801,0.6091761894934801,0.6031447420727432,0,highway_0,1,64.94530878245155,388.94530878245155,,8.657042058270992
3.1,ego_0,391.2179110594321,-8.098500000000001,22.726022769805603,9.388524584132256,llm_1,0.618954763573726,0.618954763573726,0.618954763573726,0.618954763573726,0.6128264985878218,0,highway_0,1,67.21791105943208,391.2179110594321,,8.813581190590426
3.2,ego_0,393.4967044950799,-8.098500000000001,22.787934356478075,10.285473722741699,llm_1,0.6253070253919899,0.6253070253919899,0.6253070253919899,0.6253070253919899,0.6191158667247265,0,highway_0,1,69.49670449507988,393.4967044950799,,8.96949138609617
3.3,ego_0,395.78172836115107,-8.098500000000001,22.850238660712066,11.197974609145831,llm_1,0.6292734727632889,0.6292734727632889,0.6292734727632889,0.6292734727632889,0.6230430423399014,0,highway_0,1,71.78172836115107,395.78172836115107,,9.125008864040396
3.4,ego_0,398.07300498702546,-8.098500000000001,22.912766258743993,12.126004913964607,llm_1,0.6315287401224547,0.6315287401224547,0.6315287401224547,0.6315287401224547,0.6252759803192731,0,highway_0,1,74.07300498702546,398.07300498702546,,9.280303048186688
3.5,ego_0,400.370544240675,-8.098500000000001,22.975392536495374,13.069554769225988,llm_1,0.632525405288923,0.632525405288923,0.632525405288923,0.632525405288923,0.6262627775138085,0,highway_0,1,76.37054424067497,400.370544240675,,9.435498552613527
3.6,ego_0,402.67434662344334,-8.098500000000001,23.03802382768392,14.028623673586253,llm_1,0.6325760410043187,0.6325760410043187,0.6325760410043187,0.6325760410043187,0.6263129118854494,0,highway_0,1,78.67434662344334,402.67434662344334,,9.590689043603202
3.7,ego_0,404.98440546188425,-8.098500000000001,23.100588384409154,15.00321830049188,llm_1,0.6319020229248544,0.6319020229248544,0.6319020229248544,0.6319020229248544,0.6256455672523487,0,highway_0,1,80.98440546188425,404.98440546188425,,9.745946269056187
3.8,ego_0,407.3007084945962,-8.098500000000001,23.163030327119742,15.99335091134435,llm_1,0.6306636213769355,0.6306636213769355,0.6306636213769355,0.6306636213769355,0.6244194271058845,0,highway_0,1,83.30070849459622,407.3007084945962,,9.901326108523818
3.9,ego_0,409.62323904354906,-8.098500000000001,23.225305489528527,16.999038184173514,llm_1,0.6289791403287307,0.6289791403287307,0.6289791403287307,0.6289791403287307,0.6227516240878472,0,highway_0,1,85.62323904354906,409.62323904354906,,10.056872728293254
4.0,ego_0,411.9519768937598,-8.088500000000002,23.287378502107845,18.02030033396295,llm_1,0.6269374270510936,0.6269374270510936,0.6269374270510936,0.6269374270510936,0.6207301257931874,0,highway_0,1,87.95197689375982,411.9519768937598,,10.212621497892155
4.1,ego_0,414.2868989642534,-8.0685,23.349220704935522,19.057160441687074,llm_1,0.6246062485595373,0.6246062485595373,0.6246062485595373,0.6246062485595373,0.6184220282767683,0,highway_0,1,90.2868989642534,414.2868989642534,,10.368601077242698
4.2,ego_0,416.62797982704836,-8.0385,23.410808627949745,20.109643935327824,llm_1,0.6220380224436427,0.6220380224436427,0.6220380224436427,0.6220380224436427,0.6158792301422267,0,highway_0,1,92.62797982704836,416.62797982704836,,10.524834936406695
4.3,ego_0,418.9751921137448,-7.998500000000001,23.472122866964714,21.15599600506704,llm_1,0.6192738140511942,0.6192738140511942,0.6192738140511942,0.6192738140511942,0.6131423901496902,0,highway_0,1,94.97519211374481,418.9751921137448,,10.463520697391726
4.4,ego_0,421.3285066558739,-7.948500000000001,23.533145421291156,22.196245819373587,llm_1,0.6163277986970606,0.6163277986970606,0.6163277986970606,0.6163277986970606,0.6102255432644199,0,highway_0,1,97.32850665587392,421.3285066558739,,10.402498143065284
4.5,ego_0,423.68789281882596,-7.8885000000000005,23.59386162952014,23.230424012857213,llm_1,0.6132337031127573,0.6132337031127573,0.6132337031127573,0.6132337031127573,0.6071620822898538,0,highway_0,1,99.68789281882596,423.68789281882596,,10.341781934836298
4.6,ego_0,426.0533187606225,-7.838500000000001,23.65425941796542,24.258562427496315,llm_1,0.6100176632973078,0.6100176632973078,0.6100176632973078,0.6100176632973078,0.6039778844527888,0,highway_0,1,102.05331876062252,426.0533187606225,,10.28138414639102
4.7,ego_0,428.4247516352688,-7.798500000000001,23.71432874646282,25.280693909285674,llm_1,0.606700217823711,0.606700217823711,0.606700217823711,0.606700217823711,0.6006932849739854,0,highway_0,1,104.42475163526882,428.4247516352688,,10.22131481789362
4.8,ego_0,430.80215775462057,-7.758500000000001,23.77406119351763,26.296852146369588,llm_1,0.6032977152535643,0.6032977152535643,0.6032977152535643,0.6032977152535643,0.5973244705480951,0,highway_0,1,106.80215775462057,430.80215775462057,,10.161582370838811
4.9,ego_0,433.1855027187709,-7.7285,23.833449641503577,27.307071538654895,llm_1,0.5998233246580831,0.5998233246580831,0.5998233246580831,0.5998233246580831,0.59388447985949,0,highway_0,1,109.18550271877092,433.1855027187709,,10.102193922852862
5.0,ego_0,435.57475152225084,-7.708500000000001,23.892488034799324,28.31138709161064,llm_1,0.5962877722870727,0.5962877722870727,0.5962877722870727,0.5962877722870727,0.5903839329574723,0,highway_0,1,111.57475152225084,435.57475152225084,,10.043155529557115
5.1,ego_0,437.9698686414347,-7.698500000000001,23.951171191838636,29.30983432886245,llm_1,0.5926998860970312,0.5926998860970312,0.5926998860970312,0.5926998860970312,0.586831570393116,0,highway_0,1,113.96986864143469,437.9698686414347,,9.984472372517804
5.2,ego_0,440.37081810718684,-7.698500000000001,24.00949465752121,30.302449219545963,llm_1,0.5890670033939869,0.5890670033939869,0.5890670033939869,0.5890670033939869,0.5832346568257307,0,highway_0,1,116.37081810718684,440.37081810718684,,9.92614890683523
5.3,ego_0,442.7775635658061,-7.698500000000001,24.06745458619257,31.289268117362383,llm_1,0.5853952795807578,0.5853952795807578,0.5853952795807578,0.5853952795807578,0.5795992867136235,0,highway_0,1,118.77756356580608,442.7775635658061,,9.868188978163868
5.4,ego_0,445.19006833060877,-7.698500000000001,24.12504764802702,32.27032770899535,llm_1,0.5816899245279208,0.5816899245279208,0.5816899245279208,0.5816899245279208,0.5759306183444934,0,highway_0,1,121.19006833060877,445.19006833060877,,9.810595916329419
5.5,ego_0,447.6082954259594,-7.698500000000001,24.182270953506436,33.245664970080384,llm_1,0.5779553853420708,0.5779553853420708,0.5779553853420708,0.5779553853420708,0.5722330547941468,0,highway_0,1,123.6082954259594,447.6082954259594,,9.753372610850004
5.6,ego_0,450.03220762516145,-7.698500000000001,24.23912199202079,34.21531712731394,llm_1,0.5741954889949972,0.5741954889949972,0.5741954889949972,0.5741954889949972,0.5685103851435613,0,highway_0,1,126.0322076251615,450.0322076251615,,9.696521572335648
5.7,ego_0,452.4617674833198,-7.698500000000001,24.295598581583775,35.17932162559123,llm_1,0.5704135545861304,0.5704135545861304,0.5704135545861304,0.5704135545861304,0.5647658956298329,0,highway_0,1,128.46176748331987,452.4617674833199,,9.640044982772665
5.8,ego_0,454.8969373660566,-7.698500000000001,24.351698827367052,36.137716099290174,llm_1,0.5666124824111086,0.5666124824111086,0.5666124824111086,0.5666124824111086,0.561002457832771,0,highway_0,1,130.8969373660566,454.8969373660566,,9.583944736989388
5.9,ego_0,457.3376794747849,-7.698500000000001,24.407421087283534,37.090538346997505,llm_1,0.562794825156494,0.562794825156494,0.562794825156494,0.562794825156494,0.5572225991648239,0,highway_0,1,133.33767947478492,457.3376794747849,,9.528222477072905
6.0,ego_0,459.78395586910943,-7.698500000000001,24.462763943244433,38.03782630910871,llm_1,0.5589628452050738,0.5589628452050738,0.5589628452050738,0.5589628452050738,0.5534285596089816,0,highway_0,1,135.78395586910938,459.7839558691094,,9.472879621112007
6.1,ego_0,462.2357284868107,-7.698500000000001,24.517726177013074,38.979618047843076,llm_1,0.5551185610632818,0.5551185610632818,0.5551185610632818,0.5551185610632818,0.5496223376864151,0,highway_0,1,138.23572848681067,462.2357284868107,,9.417917387343365
6.2,ego_0,464.69295916179124,-7.698500000000001,24.572306749805797,39.91595172929817,llm_1,0.5512637852065101,0.5512637852065101,0.5512637852065101,0.5512637852065101,0.545805727927231,0,highway_0,1,140.69295916179124,464.69295916179124,,9.363336814550642
6.3,ego_0,467.1556096402877,-7.698500000000001,24.626504784964865,40.846865607237305,llm_1,0.5474001551066145,0.5474001551066145,0.5474001551066145,0.5474001551066145,0.5419803515906807,0,highway_0,1,143.1556096402877,467.1556096402877,,9.309138779391574
6.4,ego_0,469.6236415956041,-7.708500000000001,24.68031955316366,41.77239800835656,llm_1,0.5435291588078215,0.5435291588078215,0.5435291588078215,0.5435291588078215,0.5381476819879438,0,highway_0,1,145.62364159560406,469.62364159560406,,9.25532401119278
6.5,ego_0,472.0970166415751,-7.7285,24.733750459709857,42.692587318821154,llm_1,0.5396521561165862,0.5396521561165862,0.5396521561165862,0.5396521561165862,0.5343090654619687,0,highway_0,1,148.09701664157507,472.09701664157507,,9.201893104646583
6.6,ego_0,474.5756963449346,-7.758500000000001,24.786797033595214,43.60747197189721,llm_1,0.5357703962421299,0.5357703962421299,0.5357703962421299,0.5357703962421299,0.5304657388535716,0,highway_0,1,150.5756963449346,474.5756963449346,,9.148846530761226
6.7,ego_0,477.0596422367352,-7.798500000000001,24.839458918005995,44.517090436532214,llm_1,0.5318850325489132,0.5318850325489132,0.5318850325489132,0.5318850325489132,0.5266188441078157,0,highway_0,1,153.05964223673521,477.0596422367352,,9.096184646350444
6.8,ego_0,479.5488158229412,-7.8485000000000005,24.89173586206014,45.421481206761825,llm_1,0.5279971349468437,0.5279971349468437,0.5279971349468437,0.5279971349468437,0.5227694405414596,0,highway_0,1,155.5488158229412,479.5488158229412,,9.043907702296298
6.9,ego_0,482.04317859429915,-7.8985,24.943627713578927,46.320682791839545,llm_1,0.524107700339717,0.524107700339717,0.524107700339717,0.524107700339717,0.5189185151878561,0,highway_0,1,158.0431785942991,482.0431785942991,,8.992015850777513
7.0,ego_0,484.54269203557254,-7.9385,24.995134412734377,47.2147337070017,llm_1,0.5202176614700494,0.5202176614700494,0.5202176614700494,0.5202176614700494,0.5150669915544981,0,highway_0,1,160.54269203557254,484.54269203557254,,8.940509151622063
7.1,ego_0,487.0473176342166,-7.968500000000001,25.046255986440677,48.10367246479325,llm_1,0.5163278944336507,0.5163278944336507,0.5163278944336507,0.5163278944336507,0.5112157370630044,0,highway_0,1,163.0473176342166,487.0473176342166,,8.889387577915763
7.2,ego_0,489.5570168885546,-7.988500000000001,25.09699254337989,48.987537566890865,llm_1,0.5124392250860302,0.5124392250860302,0.5124392250860302,0.5124392250860302,0.5073655693921353,0,highway_0,1,165.55701688855459,489.5570168885546,,8.838651020976549
7.3,ego_0,492.0717513155116,-7.998500000000001,25.14734426957018,49.866367496369435,llm_1,0.5085524345219218,0.5085524345219218,0.5085524345219218,0.5085524345219218,0.5035172619028927,0,highway_0,1,168.07175131551162,492.0717513155116,,8.78829929478626
7.4,ego_0,494.59148245795166,-7.998500000000001,25.197311424399544,50.74020071036506,llm_1,0.5046682637765961,0.5046682637765961,0.5046682637765961,0.5046682637765961,0.4996715482936409,0,highway_0,1,170.5914824579516,494.5914824579516,,8.738332139956896
7.5,ego_0,497.11617189165764,-8.0,25.246894337060077,51.609075633094676,llm_1,0.500787417871403,0.500787417871403,0.500787417871403,0.500787417871403,0.4958291266053294,0,highway_0,1,173.1161718916576,497.1161718916576,,8.688749227296363
7.6,ego_0,499.6457812319904,-8.0,25.29609340332788,52.47303064919748,llm_1,0.49691056930480965,0.49691056930480965,0.49691056930480965,0.49691056930480965,0.4919906626780346,0,highway_0,1,175.64578123199038,499.6457812319904,,8.63955016102856
7.7,ego_0,502.18027214025466,-8.0,25.34490908264204,53.33210409736887,llm_1,0.49303836107302673,0.49303836107302673,0.49303836107302673,0.49303836107302673,0.48815679314159865,0,highway_0,1,178.1802721402546,502.1802721402546,,8.5907344817144
7.8,ego_0,504.7196063297989,-8.0,25.39334189544306,54.186334264260154,llm_1,0.4891714092903142,0.4891714092903142,0.4891714092903142,0.4891714092903142,0.48432812801021186,0,highway_0,1,180.71960632979892,504.7196063297989,,8.542301668913378
7.9,ego_0,507.26374557187256,-8.0,25.441392420736882,55.03575937862206,llm_1,0.4853103054676004,0.4853103054676004,0.4853103054676004,0.4853103054676004,0.4805052529382081,0,highway_0,1,183.26374557187262,507.2637455718726,,8.494251143619557
8.0,ego_0,509.81265170125823,-8.0,25.48906129385556,55.88041760567211,llm_1,0.4814556184986531,0.4814556184986531,0.4814556184986531,0.4814556184986531,0.47668873118677624,0,highway_0,1,185.81265170125818,509.8126517012582,,8.44658227050088
8.1,ego_0,512.3662866216971,-8.0,25.536349204389744,56.72034704166879,llm_1,0.47760789639526924,0.47760789639526924,0.47760789639526924,0.47760789639526924,0.4728791053418391,0,highway_0,1,188.3662866216971,512.3662866216971,,8.399294359966696
8.2,ego_0,514.9246123111243,-8.0,25.58325689427158,57.5555857086772,llm_1,0.47376766780653484,0.47376766780653484,0.47376766780653484,0.47376766780653484,0.4690768988183791,0,highway_0,1,190.9246123111243,514.9246123111243,,8.352386670084858
8.3,ego_0,517.4875908267232,-8.0,25.629785155989588,58.38617154951385,llm_1,0.4699354433518695,0.4699354433518695,0.4699354433518695,0.4699354433518695,0.46528261718005837,0,highway_0,1,193.48759082672325,517.4875908267232,,8.305858408366852
8.4,ego_0,520.0551843098152,-8.0,25.6759348309196,59.21214242285748,llm_1,0.466111716793123,0.466111716793123,0.466111716793123,0.466111716793123,0.46149674930013873,0,highway_0,1,196.05518430981522,520.0551843098152,,8.259708733436838
8.5,ego_0,522.627354990591,-8.0,25.721706807757943,60.03353609851729,llm_1,0.46229696606726584,0.46229696606726584,0.46229696606726584,0.46229696606726584,0.45771976838342,0,highway_0,1,198.62735499059102,522.627354990591,,8.213936756598496
8.6,ego_0,525.2040651926955,-8.0,25.767102021044884,60.850390252848456,llm_1,0.45849165419810983,0.45849165419810983,0.45849165419810983,0.45849165419810983,0.4539521328694107,0,highway_0,1,201.20406519269545,525.2040651926955,,8.168541543311555
8.7,ego_0,527.7852773376723,-8.0,25.81212144976794,61.66274246430726,llm_1,0.4546962301028444,0.4546962301028444,0.4546962301028444,0.4546962301028444,0.450194287230552,0,highway_0,1,203.78527733767226,527.7852773376723,,8.1235221145885
8.8,ego_0,530.3709539492759,-8.0,25.85676611603596,62.470630209139244,llm_1,0.45091112930697896,0.45091112930697896,0.45091112930697896,0.45091112930697896,0.44644666268020217,0,highway_0,1,206.37095394927587,530.3709539492759,,8.07887744832048
8.9,ego_0,532.9610576576575,-8.0,25.901037083816096,63.27409085719319,llm_1,0.44713677457938933,0.44713677457938933,0.44713677457938933,0.44713677457938933,0.4427096778013606,0,highway_0,1,208.96105765765753,532.9610576576575,,8.034606480540344
9.0,ego_0,535.5555512034302,-8.0,25.94493545772675,64.07316166785608,llm_1,0.4433735764975771,0.4433735764975771,0.4433735764975771,0.4433735764975771,0.43898373910653987,0,highway_0,1,211.55555120343024,535.5555512034302,,7.99070810662969
9.1,ego_0,538.1543974416182,-8.0,25.988462381880403,64.86787978610369,llm_1,0.43962193395189025,0.43962193395189025,0.43962193395189025,0.43962193395189025,0.4352692415365311,0,highway_0,1,214.15439744161824,538.1543974416182,,7.9471811824760366
9.2,ego_0,540.7575593454953,-8.0,26.031619038771126,65.6582822386622,llm_1,0.43588223459630415,0.43588223459630415,0.43588223459630415,0.43588223459630415,0.431566568907229,0,highway_0,1,216.75755934549534,540.7575593454953,,7.904024525585314
9.3,ego_0,543.3650000103155,-8.0,26.07440664820205,66.44440593027764,llm_1,0.4321548552523505,0.4321548552523505,0.4321548552523505,0.4321548552523505,0.4278760943092408,0,highway_0,1,219.3650000103155,543.3650000103155,,7.86123691615439
9.4,ego_0,545.9766826569404,-8.0,26.116826466248778,67.22628764008834,llm_1,0.42844016227195486,0.42844016227195486,0.42844016227195486,0.42844016227195486,0.424198180467279,0,highway_0,1,221.9766826569404,545.9766826569404,,7.818817098107662
9.5,ego_0,548.5925706353659,-8.0,26.158879784255134,68.00396401809849,llm_1,0.42473851186419337,0.42473851186419337,0.42473851186419337,0.42473851186419337,0.42053318006356477,0,highway_0,1,224.59257063536586,548.5925706353659,,7.776763780101305
9.6,ego_0,551.2126274281517,-8.0,26.20056792785814,68.77747158174827,llm_1,0.421050250390355,0.421050250390355,0.421050250390355,0.421050250390355,0.4168814360300388,0,highway_0,1,227.21262742815168,551.2126274281517,,7.735075636498301
9.7,ego_0,553.8368166537556,-8.0,26.241892256039442,69.54684671257996,llm_1,0.4173757146311522,0.4173757146311522,0.4173757146311522,0.4173757146311522,0.41324328181303827,0,highway_0,1,229.8368166537556,553.8368166537556,,7.6937513083169975
9.8,ego_0,556.4651020697756,-8.0,26.282854160200774,70.31212565299552,llm_1,0.41371523202944743,0.41371523202944743,0.41371523202944743,0.41371523202944743,0.4096190416133183,0,highway_0,1,232.46510206977564,556.4651020697756,,7.652789404155666
9.9,ego_0,559.0974475761018,-8.0,26.323455063261314,71.07334450310498,llm_1,0.41006912091145686,0.41006912091145686,0.41006912091145686,0.41006912091145686,0.4060090306053965,0,highway_0,1,235.09744757610179,559.0974475761018,,7.612188501095126
10.0,ego_0,561.7338172179793,-8.0,26.36369641877508,71.83053921766304,llm_1,0.40643769068902963,0.40643769068902963,0.40643769068902963,0.40643769068902963,0.4024135551376773,0,highway_0,1,237.73381721797932,561.7338172179793,,7.571947145581358
10.1,ego_0,564.374175188986,-8.0,26.403579710066694,72.58374560309198,llm_1,0.402821242045301,0.402821242045301,0.402821242045301,0.402821242045301,0.3988329129161272,0,highway_0,1,240.374175188986,564.374175188986,,7.532063854289746
10.2,ego_0,567.0184858339244,-8.0,26.443106449384093,73.33299931458919,llm_1,0.3992200671057363,0.3992200671057363,0.3992200671057363,0.3992200671057363,0.39526739317398807,0,highway_0,1,243.0184858339244,567.0184858339244,,7.492537114972347
10.3,ego_0,569.6667136516311,-8.0,26.482278177066902,74.0783358533181,llm_1,0.3956344495963513,0.3956344495963513,0.3956344495963513,0.3956344495963513,0.3917172768280963,0,highway_0,1,245.66671365163108,569.6667136516311,,7.453365387289537
10.4,ego_0,572.3188232977041,-8.0,26.521096460729346,74.81979056368073,llm_1,0.3920646649906877,0.3920646649906877,0.3920646649906877,0.3920646649906877,0.38818283662443775,0,highway_0,1,248.31882329770406,572.3188232977041,,7.414547103627093
10.5,ego_0,574.9747795871498,-8.0,26.559562894456764,75.5573986306706,llm_1,0.388510980646936,0.388510980646936,0.388510980646936,0.388510980646936,0.3846643372741809,0,highway_0,1,250.97477958714978,574.9747795871498,,7.376080669899675
10.6,ego_0,577.6345474969513,-8.0,26.597679098014826,76.29119507730468,llm_1,0.3849736559364374,0.3849736559364374,0.3849736559364374,0.3849736559364374,0.38116203558061557,0,highway_0,1,253.6345474969513,577.6345474969513,,7.337964466341614
10.7,ego_0,580.2980921685584,-8.0,26.63544671607073,77.02121476213324,llm_1,0.3814529423646608,0.3814529423646608,0.3814529423646608,0.3814529423646608,0.3776761805590567,0,highway_0,1,256.29809216855836,580.2980921685584,,7.300196848285708
10.8,ego_0,582.965378910301,-8.0,26.672867417425742,77.74749237682624,llm_1,0.37794908368562097,0.37794908368562097,0.37794908368562097,0.37794908368562097,0.3742070135501052,0,highway_0,1,258.96537891030096,582.965378910301,,7.2627761469306975
10.9,ego_0,585.6363731997268,-8.0,26.709942894258475,78.47006244383601,llm_1,0.37446231601059415,0.37446231601059415,0.37446231601059415,0.37446231601059415,0.37075476832733045,0,highway_0,1,261.6363731997268,585.6363731997268,,7.2257006700979645
11.0,ego_0,588.3110406858647,-8.0,26.746674861378466,79.18895931413374,llm_1,0.3709928679118913,0.3709928679118913,0.3709928679118913,0.3709928679118913,0.36731967119990827,0,highway_0,1,264.31104068586467,588.3110406858647,,7.188968702977974
11.1,ego_0,590.9893471914136,-8.0,26.78306505548959,79.90421716502044,llm_1,0.36754096052236385,0.36754096052236385,0.36754096052236385,0.36754096052236385,0.3639019411112443,0,highway_0,1,266.9893471914136,590.9893471914136,,7.152578508866849
11.2,ego_0,593.6712587148598,-8.0,26.81911523446298,80.61586999800977,llm_1,0.3641068076312354,0.3641068076312354,0.3641068076312354,0.3641068076312354,0.36050178973390246,0,highway_0,1,269.67125871485985,593.6712587148598,,7.116528329893459
11.3,ego_0,596.3567414325217,-8.0,26.854827176619096,81.32395163678348,llm_1,0.3606906157767875,0.3606906157767875,0.3606906157767875,0.3606906157767875,0.3571194215611584,0,highway_0,1,272.35674143252174,596.3567414325217,,7.080816387737343
11.4,ego_0,599.0457617005236,-8.0,26.89020268001874,82.02849572521723,llm_1,0.3572925843363712,0.3572925843363712,0.3572925843363712,0.3572925843363712,0.3537550339964213,0,highway_0,1,275.0457617005236,599.0457617005236,,7.045440884337701
11.5,ego_0,601.7382860566998,-8.0,26.925243561762713,82.72953572547658,llm_1,0.35391290561415173,0.35391290561415173,0.35391290561415173,0.35391290561415173,0.3504088174397424,0,highway_0,1,277.73828605669985,601.7382860566998,,7.010400002593727
11.6,ego_0,604.4342812224298,-8.0,26.959951657300035,83.4271049161822,llm_1,0.3505517649269553,0.3505517649269553,0.3505517649269553,0.3505517649269553,0.34708095537322237,0,highway_0,1,280.43428122242983,604.4342812224298,,6.9756919070564045
11.7,ego_0,607.1337141044042,-8.0,26.994328819744446,84.12123639064339,llm_1,0.3472093406885369,0.3472093406885369,0.3472093406885369,0.3472093406885369,0.34377162444410914,0,highway_0,1,283.13371410440425,607.1337141044042,,6.941314744611994
11.8,ego_0,609.8365517963242,-8.0,27.028376919199154,84.81196305515903,llm_1,0.34388580449255385,0.34388580449255385,0.34388580449255385,0.34388580449255385,0.3404809945470788,0,highway_0,1,285.8365517963242,609.8365517963242,,6.907266645157286
11.9,ego_0,612.5427615805332,-8.0,27.0620978420897,85.49931762738561,llm_1,0.3405813211944954,0.3405813211944954,0.3405813211944954,0.3405813211944954,0.3372092289054507,0,highway_0,1,288.54276158053324,612.5427615805332,,6.873545722266741
12.0,ego_0,615.2523109295837,-8.0,27.095493490504825,86.18333263477075,llm_1,0.33729604899277965,0.33729604899277965,0.33729604899277965,0.33729604899277965,0.33395648415126544,0,highway_0,1,291.2523109295837,615.2523109295837,,6.840150073851614
12.1,ego_0,617.9651675077382,-8.0,27.12856578154534,86.86404041305184,llm_1,0.3340301395092175,0.3340301395092175,0.3340301395092175,0.3340301395092175,0.3307229104051501,0,highway_0,1,293.9651675077382,617.9651675077382,,6.807077782811099
12.2,ego_0,620.6812991724063,-8.0,27.161316646680884,87.54147310481937,llm_1,0.3307837378690004,0.3307837378690004,0.3307837378690004,0.3307837378690004,0.32750865135543705,0,highway_0,1,296.6812991724063,620.6812991724063,,6.774326917675555
12.3,ego_0,623.4006739755177,-8.0,27.19374803111458,88.21566265814351,llm_1,0.32755698278035966,0.32755698278035966,0.32755698278035966,0.32755698278035966,0.3243138443369631,0,highway_0,1,299.40067397551775,623.4006739755177,,6.741895533241859
12.4,ego_0,626.1232601648333,-8.0,27.22586189315557,88.88664082526361,llm_1,0.324350006614019,0.324350006614019,0.324350006614019,0.324350006614019,0.32113862040990426,0,highway_0,1,302.12326016483325,626.1232601648333,,6.709781671200869
12.5,ego_0,628.8490261851932,-8.0,27.257660203599386,89.55443916133925,llm_1,0.32116293548254377,0.32116293548254377,0.32116293548254377,0.32116293548254377,0.3179831044381487,0,highway_0,1,304.8490261851932,628.8490261851932,,6.677983360757054
12.6,ego_0,631.5779406797049,-8.0,27.289144945116185,90.21908902326322,llm_1,0.31799588931968154,0.31799588931968154,0.31799588931968154,0.31799588931968154,0.3148474151679892,0,highway_0,1,307.57794067970485,631.5779406797049,,6.646498619240255
12.7,ego_0,634.3099724908695,-8.0,27.320318111646856,90.88062156853414,llm_1,0.3148489819597599,0.3148489819597599,0.3148489819597599,0.3148489819597599,0.31173166530670926,0,highway_0,1,310.30997249086954,634.3099724908695,,6.615325452709584
12.8,ego_0,637.0450906616502,-8.0,27.351181707806976,91.53906775418909,llm_1,0.31172232121721183,0.31172232121721183,0.31172232121721183,0.31172232121721183,0.30863596160120466,0,highway_0,1,313.0450906616502,637.0450906616502,,6.5844618565494635
12.9,ego_0,639.7832644364801,-8.0,27.381737748298686,92.19445833579482,llm_1,0.30861600896627295,0.30861600896627295,0.30861600896627295,0.30861600896627295,0.30556040491710235,0,highway_0,1,315.78326443648007,639.7832644364801,,6.553905816057753
13.0,ego_0,642.5244632622131,-8.0,27.411988257330457,92.8468238664974,llm_1,0.30553014122089145,0.30553014122089145,0.30553014122089145,0.30553014122089145,0.3025050903177018,0,highway_0,1,318.5244632622131,642.5244632622131,,6.523655307025983
13.1,ego_0,645.2686567890175,-8.0,27.4419352680448,93.49619469612855,llm_1,0.30246480821488314,0.30246480821488314,0.30246480821488314,0.30246480821488314,0.2994701071434491,0,highway_0,1,321.26865678901754,645.2686567890175,,6.493708296311638
13.2,ego_0,648.0158148712129,-8.0,27.471580821953943,94.14260097036879,llm_1,0.2994200944823487,0.2994200944823487,0.2994200944823487,0.2994200944823487,0.2964555390914114,0,highway_0,1,324.0158148712129,648.0158148712129,,6.464062742402497
13.3,ego_0,650.7659075680513,-8.0,27.500926968383485,94.78607262996604,llm_1,0.2963960789383761,0.2963960789383761,0.2963960789383761,0.2963960789383761,0.29346146429542586,0,highway_0,1,326.76590756805126,650.7659075680513,,6.434716595972954
13.4,ego_0,653.5189051444437,-8.0,27.52997576392408,95.42663941000922,llm_1,0.29339283496002205,0.29339283496002205,0.29339283496002205,0.29339283496002205,0.2904879554059647,0,highway_0,1,329.5189051444437,653.5189051444437,,6.405667800432358
13.5,ego_0,656.2747780716328,-8.0,27.55872927189117,96.06433083925572,llm_1,0.29041043046759074,0.29041043046759074,0.29041043046759074,0.29041043046759074,0.28753507967088865,0,highway_0,1,332.2747780716328,656.2747780716328,,6.376914292465269
13.6,ego_0,659.033497027812,-8.0,27.587189561792776,96.6991762395121,llm_1,0.28744892800619254,0.28744892800619254,0.28744892800619254,0.28744892800619254,0.2846028990160576,0,highway_0,1,335.033497027812,659.033497027812,,6.348454002563663
13.7,ego_0,661.7950328986925,-8.0,27.61535870880541,97.33120472506721,llm_1,0.28450838482757995,0.28450838482757995,0.28450838482757995,0.28450838482757995,0.2816914701263329,0,highway_0,1,337.7950328986925,661.7950328986925,,6.32028485555103
13.8,ego_0,664.5593567780184,-8.0,27.643238793258107,97.96044520217697,llm_1,0.28158885297225084,0.28158885297225084,0.28158885297225084,0.28158885297225084,0.2788008445269696,0,highway_0,1,340.55935677801835,664.5593567780184,,6.292404771098333
13.9,ego_0,667.3264399680309,-8.0,27.67083190012462,98.58692636860007,llm_1,0.27869037935179714,0.27869037935179714,0.27869037935179714,0.27869037935179714,0.2759310686651517,0,highway_0,1,343.32643996803085,667.3264399680309,,6.264811664231818
14.0,ego_0,670.0962539798833,-8.0,27.698140118523778,99.21067671318326,llm_1,0.2758130058314832,0.2758130058314832,0.2758130058314832,0.2758130058314832,0.27308218399156203,0,highway_0,1,346.0962539798833,670.0962539798833,,6.237503445832662
14.1,ego_0,672.8687705340061,-8.0,27.725165541228037,99.83172451549603,llm_1,0.2729567693130314,0.2729567693130314,0.2729567693130314,0.2729567693130314,0.2702542270425923,0,highway_0,1,348.8687705340061,672.8687705340061,,6.2104780231284025
14.2,ego_0,675.6439615604241,-8.0,27.751910264180275,100.4500978455136,llm_1,0.2701217018175895,0.2701217018175895,0.2701217018175895,0.2701217018175895,0.2674472295223751,0,highway_0,1,351.64396156042415,675.6439615604241,,6.183733300176165
14.3,ego_0,678.421799199026,-8.0,27.778376386018774,101.06582456334729,llm_1,0.26730783056885105,0.26730783056885105,0.26730783056885105,0.26730783056885105,0.2646612183849939,0,highway_0,1,354.42179919902605,678.421799199026,,6.157267178337666
14.4,ego_0,681.202255799787,-8.0,27.804566007610486,101.6789323190219,llm_1,0.26451517807630864,0.26451517807630864,0.26451517807630864,0.26451517807630864,0.261896215917119,0,highway_0,1,357.20225579978705,681.202255799787,,6.131077556745954
14.5,ego_0,683.9853039229463,-8.0,27.830481231592525,102.28944855229827,llm_1,0.26174376221859397,0.26174376221859397,0.26174376221859397,0.26174376221859397,0.2591522398203949,0,highway_0,1,359.9853039229463,683.9853039229463,,6.105162332763914
14.6,ego_0,686.7709163391385,-8.0,27.85612416192192,102.89740049254169,llm_1,0.2589935963268927,0.2589935963268927,0.2589935963268927,0.2589935963268927,0.25642930329393465,0,highway_0,1,362.77091633913847,686.7709163391385,,6.079519402434521
14.7,ego_0,689.5590660294819,-8.0,27.88149690343364,103.5028151586339,llm_1,0.2562646892683864,0.2562646892683864,0.2562646892683864,0.2562646892683864,0.2537274151172042,0,highway_0,1,365.55906602948187,689.5590660294819,,6.0541466609228
14.8,ego_0,692.3497261856226,-8.0,27.906601561406877,104.10571935892881,llm_1,0.2535570455296971,0.2535570455296971,0.2535570455296971,0.2535570455296971,0.25104657973237465,0,highway_0,1,368.34972618562256,692.3497261856226,,6.029042002949563
14.9,ego_0,695.1428702097365,-8.0,27.93144024113958,104.70613969125043,llm_1,0.2508706653002955,0.2508706653002955,0.2508706653002955,0.2508706653002955,0.24838679732702929,0,highway_0,1,371.14287020973654,695.1428702097365,,6.00420332321686
15.0,ego_0,697.9384717144897,-8.0,27.956015047531245,105.30410254293292,llm_1,0.248205544555842,0.248205544555842,0.248205544555842,0.248205544555842,0.2457480639166576,0,highway_0,1,373.93847171448965,697.9384717144897,,5.979628516825194
15.1,ego_0,700.736504522957,-8.0,27.98032808467396,105.89963409090115,llm_1,0.24556167514142843,0.24556167514142843,0.24556167514142843,0.24556167514142843,0.24313037142714933,0,highway_0,1,376.73650452295703,700.736504522957,,5.955315479682479
15.2,ego_0,703.5369426685022,-8.0,28.00438145545165,106.49276030179158,llm_1,0.24293904485467396,0.24293904485467396,0.24293904485467396,0.24293904485467396,0.24053370777689764,0,highway_0,1,379.5369426685022,703.5369426685022,,5.931262108904789
15.3,ego_0,706.339760394617,-8.0,28.028177261147555,107.08350693211241,llm_1,0.2403376375286587,0.2403376375286587,0.2403376375286587,0.2403376375286587,0.23795805695904448,0,highway_0,1,382.339760394617,706.339760394617,,5.907466303208885
15.4,ego_0,709.1449321547229,-8.0,28.051717601059895,107.67189952844205,llm_1,0.23775743311464348,0.23775743311464348,0.23775743311464348,0.23775743311464348,0.23540339912340613,0,highway_0,1,385.14493215472294,709.1449321547229,,5.883925963296544
15.5,ego_0,711.9524326119355,-8.0,28.075004572125692,108.25796342766512,llm_1,0.23519840776455322,0.23519840776455322,0.23519840776455322,0.23519840776455322,0.23286971065797246,0,highway_0,1,387.9524326119355,711.9524326119355,,5.860638992230747
15.6,ego_0,714.7622366387908,-8.0,28.09804026855274,108.8417237572454,llm_1,0.23266053391318428,0.23266053391318428,0.23266053391318428,0.23266053391318428,0.23035696427047725,0,highway_0,1,390.7622366387908,714.7622366387908,,5.837603295803699
15.7,ego_0,717.5743193169368,-8.0,28.12082678145968,109.42320543553501,llm_1,0.2301437803601029,0.2301437803601029,0.2301437803601029,0.2301437803601029,0.22786512906940004,0,highway_0,1,393.5743193169368,717.5743193169368,,5.814816782896759
15.8,ego_0,720.3886559367892,-8.0,28.143366198524156,110.00243317211823,llm_1,0.22764811235120216,0.22764811235120216,0.22764811235120216,0.22764811235120216,0.22539417064475487,0,highway_0,1,396.3886559367892,720.3886559367892,,5.792277365832284
15.9,ego_0,723.2052219971531,-8.0,28.165660603638994,110.57943146818991,llm_1,0.22517349165988756,0.22517349165988756,0.22517349165988756,0.22517349165988756,0.22294405114838156,0,highway_0,1,399.2052219971531,723.2052219971531,,5.769982960717446
16.0,ego_0,726.0239932048107,-8.0,28.187712076576403,111.1542246169679,llm_1,0.2227198766678555,0.2227198766678555,0.2227198766678555,0.2227198766678555,0.220514729374095,0,highway_0,1,402.0239932048107,726.0239932048107,,5.747931487780036
16.1,ego_0,728.8449454740768,-8.0,28.20952269266011,111.72683670413744,llm_1,0.22028722244543344,0.22028722244543344,0.22028722244543344,0.22028722244543344,0.2181061608370527,0,highway_0,1,404.8449454740768,728.8449454740768,,5.726120871696331
16.2,ego_0,731.6680549263214,-8.0,28.231094522445403,112.29729160832846,llm_1,0.21787548083145666,0.21787548083145666,0.21787548083145666,0.21787548083145666,0.21571829785294483,0,highway_0,1,407.66805492632136,731.6680549263214,,5.7045490419110365
16.3,ego_0,734.493297889462,-8.0,28.25242963140705,112.86561300162339,llm_1,0.21548460051264573,0.21548460051264573,0.21548460051264573,0.21548460051264573,0.21335108961647364,0,highway_0,1,410.49329788946204,734.493297889462,,5.683213932949389
16.4,ego_0,737.3206508974256,-8.0,28.273530079635016,113.43182435009544,llm_1,0.21311452710245976,0.21311452710245976,0.21311452710245976,0.21311452710245976,0.2110044822796553,0,highway_0,1,413.3206508974256,737.3206508974256,,5.662113484721424
16.5,ego_0,740.1500906895794,-8.0,28.29439792153793,113.99594891437721,llm_1,0.21076520321939532,0.21076520321939532,0.21076520321939532,0.21076520321939532,0.20867841902912687,0,highway_0,1,416.15009068957943,740.1500906895794,,5.641245642818511
16.6,ego_0,742.9815942101349,-8.0,28.315035205554235,114.55800975025738,llm_1,0.20843656856470588,0.20843656856470588,0.20843656856470588,0.20843656856470588,0.20637284016306268,0,highway_0,1,418.98159421013486,742.9815942101349,,5.620608358802205
16.7,ego_0,745.8151386075219,-8.0,28.335443973871016,115.11802970930592,llm_1,0.20612855999951535,0.20612855999951535,0.20612855999951535,0.20612855999951535,0.20408768316780623,0,highway_0,1,421.81513860752193,745.8151386075219,,5.600199590485424
16.8,ego_0,748.650701233737,-8.0,28.355626262150352,115.67603143952647,llm_1,0.20384111162129795,0.20384111162129795,0.20384111162129795,0.20384111162129795,0.20182288279336547,0,highway_0,1,424.650701233737,748.650701233737,,5.5800173022060875
16.9,ego_0,751.4882596436634,-8.0,28.375584099263197,116.2320373860357,llm_1,0.20157415483970317,0.20157415483970317,0.20157415483970317,0.20157415483970317,0.199578371128446,0,highway_0,1,427.48825964366335,751.4882596436634,,5.560059465093243
17.0,ego_0,754.3277915943664,-8.0,28.395319507030692,116.78606979176823,llm_1,0.19932761845170427,0.19932761845170427,0.19932761845170427,0.19932761845170427,0.1973540776749516,0,highway_0,1,430.32779159436643,754.3277915943664,,5.540324057325748
17.1,ego_0,757.1692750443638,-8.0,28.414834499972873,117.3381506982065,llm_1,0.19710142871604047,0.19710142871604047,0.19710142871604047,0.19710142871604047,0.19514992942180953,0,highway_0,1,433.16927504436376,757.1692750443638,,5.520809064383567
17.2,ego_0,760.0126881528702,-8.0,28.43413108506465,117.8883019461357,llm_1,0.19489550942694084,0.19489550942694084,0.19489550942694084,0.19489550942694084,0.19296585091776564,0,highway_0,1,436.01268815287017,760.0126881528702,,5.50151247929179
17.3,ego_0,762.85800927902,-8.0,28.453211261499014,118.43654517642142,llm_1,0.19270978198710015,0.19270978198710015,0.19270978198710015,0.19270978198710015,0.1908017643436466,0,highway_0,1,438.85800927902005,762.85800927902,,5.4824323028574256
17.4,ego_0,765.7052169810657,-8.0,28.472077020457423,118.98290183081133,llm_1,0.1905441654798992,0.1905441654798992,0.1905441654798992,0.1905441654798992,0.18865758958408918,0,highway_0,1,441.70521698106575,765.7052169810657,,5.463566543899017
17.5,ego_0,768.5542900155544,-8.0,28.490730344887208,119.52739315275824,llm_1,0.18839857674083782,0.18839857674083782,0.18839857674083782,0.18839857674083782,0.18653324429784846,0,highway_0,1,444.55429001555444,768.5542900155544,,5.444913219469232
17.6,ego_0,771.405207336483,-8.0,28.50917320928604,120.07004018826524,llm_1,0.1862729304281743,0.1862729304281743,0.1862729304281743,0.1862729304281743,0.18442864398831915,0,highway_0,1,447.40520733648304,771.405207336483,,5.4264703550704
17.7,ego_0,774.2579480944323,-8.0,28.527407579493243,120.61086378675157,llm_1,0.184167139092746,0.184167139092746,0.184167139092746,0.184167139092746,0.182343702072032,0,highway_0,1,450.2579480944323,774.2579480944323,,5.408235984863197
17.8,ego_0,777.1124916356811,-8.0,28.545435412487993,121.14988460193842,llm_1,0.18208111324696552,0.18208111324696552,0.18208111324696552,0.18208111324696552,0.18027832994750526,0,highway_0,1,453.11249163568107,777.1124916356811,,5.390208151868446
17.9,ego_0,779.9688175013005,-8.0,28.56325865619423,121.68712309275463,llm_1,0.18001476143296627,0.18001476143296627,0.18001476143296627,0.18001476143296627,0.1782324370623556,0,highway_0,1,455.96881750130046,779.9688175013005,,5.372384908162211
18.0,ego_0,782.8269054262297,-8.0,28.580879249292238,122.222599524261,llm_1,0.17796799028989677,0.17796799028989677,0.17796799028989677,0.17796799028989677,0.17620593098008897,0,highway_0,1,458.8269054262297,782.8269054262297,,5.354764315064202
18.1,ego_0,785.6867353383334,-8.0,28.598299121036828,122.75633396859291,llm_1,0.17594070462033704,0.17594070462033704,0.17594070462033704,0.17594070462033704,0.174198717445897,0,highway_0,1,461.6867353383334,785.6867353383334,,5.337344443319612
18.2,ego_0,788.5482873574416,-8.0,28.61552019108196,123.2883463059203,llm_1,0.17393280745583897,0.17393280745583897,0.17393280745583897,0.17393280745583897,0.17221070045131626,0,highway_0,1,464.5482873574416,788.5482873574416,,5.32012337327448
18.3,ego_0,791.4115417943727,-8.0,28.632544369311816,123.81865622542477,llm_1,0.171944200121572,0.171944200121572,0.171944200121572,0.171944200121572,0.170241782298568,0,highway_0,1,467.41154179437274,791.4115417943727,,5.303099195044624
18.4,ego_0,794.2764791499405,-8.0,28.64937355567816,124.34728322629257,llm_1,0.16997478230006366,0.16997478230006366,0.16997478230006366,0.16997478230006366,0.16829186366344118,0,highway_0,1,470.27647914994054,794.2764791499405,,5.2862700086782795
18.5,ego_0,797.143080113945,-8.0,28.666009640043907,124.87424661872376,llm_1,0.16802445209403125,0.16802445209403125,0.16802445209403125,0.16802445209403125,0.16636084365746484,0,highway_0,1,473.14308011394496,797.143080113945,,5.269633924312533
18.6,ego_0,800.0113255641483,-8.0,28.682454502032847,125.39956552495607,llm_1,0.16609310608829383,0.16609310608829383,0.16609310608829383,0.16609310608829383,0.16444861988940573,0,highway_0,1,476.01132556414825,800.0113255641483,,5.253189062323592
18.7,ego_0,802.8811965652368,-8.0,28.698710010885396,125.92325888030314,llm_1,0.1641806394107555,0.1641806394107555,0.1641806394107555,0.1641806394107555,0.16255508852548672,0,highway_0,1,478.8811965652368,802.8811965652368,,5.236933553471044
18.8,ego_0,805.7526743677688,-8.0,28.714778025320296,126.44534543420673,llm_1,0.16228694579245614,0.16228694579245614,0.16228694579245614,0.16228694579245614,0.16068014434900135,0,highway_0,1,481.7526743677688,805.7526743677688,,5.220865539036144
18.9,ego_0,808.625740407109,-8.0,28.730660393402147,126.96584375130215,llm_1,0.16041191762668172,0.16041191762668172,0.16041191762668172,0.16041191762668172,0.15882368081850728,0,highway_0,1,484.625740407109,808.625740407109,,5.204983170954293
19.0,ego_0,811.5003763023504,-8.0,28.746358952414734,127.4847722124963,llm_1,0.15855544602713528,0.15855544602713528,0.15855544602713528,0.15855544602713528,0.15698559012587765,0,highway_0,1,487.50037630235045,811.5003763023504,,5.189284611941705
19.1,ego_0,814.3765638552244,-8.0,28.761875528739996,128.00214901605796,llm_1,0.15671742088515497,0.15671742088515497,0.15671742088515497,0.15671742088515497,0.15516576325261155,0,highway_0,1,490.3765638552244,814.3765638552244,,5.173768035616444
19.2,ego_0,817.2542850489987,-8.0,28.777211937742567,128.51799217871928,llm_1,0.1548977309259827,0.1548977309259827,0.1548977309259827,0.1548977309259827,0.15336409002571827,0,highway_0,1,493.25428504899867,817.2542850489987,,5.158431626613872
19.3,ego_0,820.1335220473646,-8.0,28.792369983659803,129.03231953678892,llm_1,0.15309626376407973,0.15309626376407973,0.15309626376407973,0.15309626376407973,0.15158045917235796,0,highway_0,1,496.13352204736464,820.1335220473646,,5.143273580696636
19.4,ego_0,823.0142571933144,-8.0,28.80735145949718,129.54514874727477,llm_1,0.1513129059574881,0.1513129059574881,0.1513129059574881,0.1513129059574881,0.1498147583737719,0,highway_0,1,499.0142571933144,823.0142571933144,,5.128292104859259
19.5,ego_0,825.8964730080073,-8.0,28.822158146928988,130.05649728901744,llm_1,0.14954754306123097,0.14954754306123097,0.14954754306123097,0.14954754306123097,0.14806687431807575,0,highway_0,1,501.8964730080073,825.8964730080073,,5.1134854174274516
19.6,ego_0,828.7801521896278,-8.0,28.83679181620421,130.5663824638326,llm_1,0.14780005967976145,0.14780005967976145,0.14780005967976145,0.14780005967976145,0.14633669275223582,0,highway_0,1,504.78015218962776,828.7801521896278,,5.098851748152228
19.7,ego_0,831.6652776122335,-8.0,28.851254226057524,131.0748213976625,llm_1,0.1460703395184509,0.1460703395184509,0.1460703395184509,0.1460703395184509,0.14462409853312153,0,highway_0,1,507.66527761223347,831.6652776122335,,5.084389338298916
19.8,ego_0,834.551832324596,-8.0,28.86554712362526,131.58183104173554,llm_1,0.14435826543411992,0.14435826543411992,0.14435826543411992,0.14435826543411992,0.14292897567734997,0,highway_0,1,510.55183232459603,834.551832324596,,5.070096440731181
19.9,ego_0,837.4397995490326,-8.0,28.87967224436631,132.08742817373457,llm_1,0.14266371948461826,0.14266371948461826,0.14266371948461826,0.14266371948461826,0.14125120741052655,0,highway_0,1,513.4397995490326,837.4397995490326,,5.055971319990128
20.0,ego_0,840.3291626802314,-8.0,28.89363131198784,132.59162939897135,llm_1,0.1409865829774517,0.1409865829774517,0.1409865829774517,0.1409865829774517,0.13959067621527765,0,highway_0,1,516.3291626802314,840.3291626802314,,5.0420122523686
20.1,ego_0,843.219905284069,-8.0,28.907426038375704,133.0944511515694,llm_1,0.13932673651745398,0.13932673651745398,0.13932673651745398,0.13932673651745398,0.13794726387864387,0,highway_0,1,519.219905284069,843.219905284069,,5.028217525980736
20.2,ego_0,846.112011096422,-8.0,28.921058123529516,133.59590969565204,llm_1,0.13768406005351705,0.13768406005351705,0.13768406005351705,0.13768406005351705,0.13632085153812312,0,highway_0,1,522.112011096422,846.112011096422,,5.014585440826924
20.3,ego_0,849.0054640219722,-8.0,28.934529255502227,134.09602112653738,llm_1,0.13605843292437464,0.13605843292437464,0.13605843292437464,0.13605843292437464,0.13471131972710992,0,highway_0,1,525.0054640219722,849.0054640219722,,5.001114308854213
20.4,ego_0,851.9002481330066,-8.0,28.947841110344154,134.59480137193862,llm_1,0.13444973390344817,0.13444973390344817,0.13444973390344817,0.13444973390344817,0.13311854841926873,0,highway_0,1,527.9002481330066,851.9002481330066,,4.987802454012286
20.5,ego_0,854.7963476682118,-8.01,28.960995352051356,135.09226619316905,llm_1,0.1328578412427572,0.1328578412427572,0.1328578412427572,0.1328578412427572,0.1315424170720192,0,highway_0,1,530.7963476682118,854.7963476682118,,4.974648212305084
20.6,ego_0,857.6937470314635,-8.03,28.973993632518276,135.58843118635286,llm_1,0.1312826327158992,0.1312826327158992,0.1312826327158992,0.1312826327158992,0.1299828046692042,0,highway_0,1,533.6937470314635,857.6937470314635,,4.9616499318381635
20.7,ego_0,860.592430790613,-8.06,28.986837591494524,136.08331178363903,llm_1,0.12972398566010535,0.12972398566010535,0.12972398566010535,0.12972398566010535,0.12843958976247905,0,highway_0,1,536.592430790613,860.592430790613,,4.948805972861916
20.8,ego_0,863.4923836762675,-8.1,28.99952885654575,136.57692325442008,llm_1,0.12818177701737954,0.12818177701737954,0.12818177701737954,0.12818177701737954,0.12691265051227418,0,highway_0,1,539.4923836762675,863.4923836762675,,4.936114707810688
20.9,ego_0,866.3935905805694,-8.15,29.012069043018496,137.06928070655385,llm_1,0.12665588337472464,0.12665588337472464,0.12665588337472464,0.12665588337472464,0.12540186472744352,0,highway_0,1,542.3935905805694,866.3935905805694,,4.923574521337944
21.0,ego_0,869.2960365559702,-8.21,29.024459754008937,137.56039908758862,llm_1,0.12514618100346167,0.12514618100346167,0.12514618100346167,0.12514618100346167,0.12390710990441534,0,highway_0,1,545.2960365559702,869.2960365559702,,4.911183810347502
21.1,ego_0,872.1997068140038,-8.28,29.03670258033544,138.05029318599065,llm_1,0.12365254589765247,0.12365254589765247,0.12365254589765247,0.12365254589765247,0.12242826326502865,0,highway_0,1,548.1997068140038,872.1997068140038,,4.898940984020999
21.2,ego_0,875.1045867240553,-8.36,29.04879910051481,138.53897763237478,llm_1,0.12217485381163147,0.12217485381163147,0.12217485381163147,0.12217485381163147,0.12096520179369463,0,highway_0,1,551.1045867240553,875.1045867240553,,4.88684446384163
21.3,ego_0,878.0106618121295,-8.45,29.060750880742198,139.02646690073618,llm_1,0.12071298029665363,0.12071298029665363,0.12071298029665363,0.12071298029665363,0.11951780227388298,0,highway_0,1,554.0106618121295,878.0106618121295,,4.874892683614242
21.4,ego_0,880.9179177596169,-8.55,29.07255947487454,139.51277530968434,llm_1,0.1192668007366679,0.1192668007366679,0.1192668007366679,0.1192668007366679,0.11808594132343586,0,highway_0,1,556.9179177596169,880.9179177596169,,4.863084089481898
21.5,ego_0,883.8263404020587,-8.65,29.084226424417434,139.99791702367827,llm_1,0.11783619038322103,0.11783619038322103,0.11783619038322103,0.11783619038322103,0.11666949542892269,0,highway_0,1,559.8263404020587,883.8263404020587,,4.851417139939006
21.6,ego_0,886.7359157279102,-8.75,29.095753258515405,140.48190605426248,llm_1,0.11642102438950942,0.11642102438950942,0.11642102438950942,0.11642102438950942,0.11526834097971062,0,highway_0,1,562.7359157279102,886.7359157279102,,4.839890305841035
21.7,ego_0,889.6466298773047,-8.85,29.10714149394546,140.9647562613037,llm_1,0.11502117784357473,0.11502117784357473,0.11502117784357473,0.11502117784357473,0.11388235430054294,0,highway_0,1,565.6466298773047,889.6466298773047,,4.8285020704109805
21.8,ego_0,892.5584691408161,-8.95,29.118392635113842,141.446481354228,llm_1,0.11363652580066504,0.11363652580066504,0.11363652580066504,0.11363652580066504,0.11251141168383327,0,highway_0,1,568.5584691408161,892.5584691408161,,4.817250929242597
21.9,ego_0,895.4714199582216,-9.05,29.1295081740559,141.9270948932582,llm_1,0.11226694331475842,0.11226694331475842,0.11226694331475842,0.11226694331475842,0.11115538942057412,0,highway_0,1,571.4714199582216,895.4714199582216,,4.80613539030054
22.0,ego_0,898.3854689172656,-9.15,29.140489590438996,142.40661029064995,llm_1,0.11091230546927325,0.11091230546927325,0.11091230546927325,0.11091230546927325,0.10981416383096132,0,highway_0,1,574.3854689172656,898.3854689172656,,4.795153973917444
22.1,ego_0,901.3006027524225,-9.25,29.1513383515684,142.88504081192877,llm_1,0.10957248740696177,0.10957248740696177,0.10957248740696177,0.10957248740696177,0.10848761129402362,0,highway_0,1,577.3006027524225,901.3006027524225,,4.784305212788041
22.2,ego_0,904.216808343662,-9.35,29.16205591239602,143.36239957712485,llm_1,0.10824736435899932,0.10824736435899932,0.10824736435899932,0.10824736435899932,0.10717560827622208,0,highway_0,1,580.2168083436621,904.2168083436621,,4.773587651960419
22.3,ego_0,907.1340727152154,-9.450000000000001,29.17264371553199,143.83869956200738,llm_1,0.1069368116732909,0.1069368116732909,0.1069368116732909,0.1069368116732909,0.10587803135969409,0,highway_0,1,583.1340727152153,907.1340727152153,,4.76299984882445
22.4,ego_0,910.0523830343411,-9.55,29.183103191258922,144.3139535993172,llm_1,0.10564070484198668,0.10564070484198668,0.10564070484198668,0.10564070484198668,0.1045947572693251,0,highway_0,1,586.0523830343412,910.0523830343412,,4.752540373097517
22.5,ego_0,912.9717266100961,-9.650000000000002,29.193435757548848,1000.0,,0.10435891952823133,0.10435891952823133,0.10435891952823133,0.10435891952823133,0.10332566289925182,0,highway_0,0,588.9717266100961,912.9717266100961,,-1030.1934357575487
22.6,ego_0,915.8920927812804,-9.750000000000002,29.203661711843313,1000.0,,0.10328213837409483,0.10328213837409483,0.10328213837409483,0.10328213837409483,0.10225954294465822,0,highway_0,0,591.8920927812804,915.8920927812804,,-1030.2036617118433
22.7,ego_0,918.8134691015657,-9.850000000000001,29.213763202853265,1000.0,,0.10202505920052407,0.10202505920052407,0.10202505920052407,0.10202505920052407,0.10101491009951502,0,highway_0,0,594.8134691015657,918.8134691015657,,-1030.2137632028532
22.8,ego_0,921.7358432632681,-9.950000000000001,29.2237416170243,1000.0,,0.10078198312742315,0.10078198312742315,0.10078198312742315,0.10078198312742315,0.09978414171033734,0,highway_0,0,597.7358432632682,921.7358432632682,,-1030.2237416170242
22.9,ego_0,924.6592030961197,-10.050000000000002,29.233598328515143,1000.0,,0.09955278605751572,0.09955278605751572,0.09955278605751572,0.09955278605751572,0.09856711490844106,0,highway_0,0,600.6592030961197,924.6592030961197,,-1030.2335983285152
23.0,ego_0,927.5835365660424,-10.150000000000002,29.243334699227514,1000.0,,0.09833734419496076,0.09833734419496076,0.09833734419496076,0.09833734419496076,0.09736370712371212,0,highway_0,0,603.5835365660424,927.5835365660424,,-1030.2433346992275
23.1,ego_0,930.5088317739262,-10.250000000000002,29.252952078838167,1000.0,,0.097135534067599,0.097135534067599,0.097135534067599,0.097135534067599,0.09617379610652677,0,highway_0,0,606.5088317739262,930.5088317739262,,-1030.2529520788382
23.2,ego_0,933.4350769544095,-10.350000000000001,29.262451804833066,1000.0,,0.09594723254851312,0.09594723254851312,0.09594723254851312,0.09594723254851312,0.09499725994899677,0,highway_0,0,609.4350769544095,933.4350769544095,,-1030.262451804833
23.3,ego_0,936.3622604746638,-10.450000000000001,29.27183520254365,1000.0,,0.09477231687690257,0.09477231687690257,0.09477231687690257,0.09477231687690257,0.09383397710582386,0,highway_0,0,612.3622604746639,936.3622604746639,,-1030.2718352025436
23.4,ego_0,939.2903708331826,-10.550000000000002,29.281103585185065,1000.0,,0.09361066467828849,0.09361066467828849,0.09361066467828849,0.09361066467828849,0.0926838264141594,0,highway_0,0,615.2903708331825,939.2903708331825,,-1030.281103585185
23.5,ego_0,942.2193966585722,-10.650000000000002,29.290258253896358,1000.0,,0.0924621539840581,0.0924621539840581,0.0924621539840581,0.0924621539840581,0.09154668711293112,0,highway_0,0,618.2193966585721,942.2193966585721,,-1030.2902582538964
23.6,ego_0,945.1493267083504,-10.750000000000002,29.299300497782532,1000.0,,0.09132666325036354,0.09132666325036354,0.09132666325036354,0.09132666325036354,0.09042243886174361,0,highway_0,0,621.1493267083504,945.1493267083504,,-1030.2993004977825
23.7,ego_0,948.0801498677463,-10.840000000000002,29.30823159395841,1000.0,,0.0902040713763761,0.0902040713763761,0.0902040713763761,0.0902040713763761,0.08931096175878395,0,highway_0,0,624.0801498677462,948.0801498677462,,-1030.3082315939585
23.8,ego_0,951.0118551485057,-10.920000000000002,29.317052807594244,1000.0,,0.08909425772192003,0.08909425772192003,0.08909425772192003,0.08909425772192003,0.08821213635833658,0,highway_0,0,627.0118551485056,951.0118551485056,,-1030.3170528075943
23.9,ego_0,953.9444316877019,-10.990000000000002,29.325765391963007,1000.0,,0.08799710212448675,0.08799710212448675,0.08799710212448675,0.08799710212448675,0.08712584368762322,0,highway_0,0,629.9444316877018,953.9444316877018,,-1030.325765391963
24.0,ego_0,956.8778687465506,-11.050000000000002,29.33437058848931,1000.0,,0.08691248491564318,0.08691248491564318,0.08691248491564318,0.08691248491564318,0.08605196526303871,0,highway_0,0,632.8778687465507,956.8778687465507,,-1030.3343705884893
24.1,ego_0,959.8121557092306,-11.100000000000001,29.342869626799892,1000.0,,0.08584028693684997,0.08584028693684997,0.08584028693684997,0.08584028693684997,0.08499038310581852,0,highway_0,0,635.8121557092306,959.8121557092306,,-1030.3428696268
24.2,ego_0,962.7472820817081,-11.140000000000002,29.351263724775606,1000.0,,0.0847803895546908,0.0847803895546908,0.0847803895546908,0.0847803895546908,0.08394097975713777,0,highway_0,0,638.7472820817082,962.7472820817082,,-1030.3512637247757
24.3,ego_0,965.6832374905689,-11.170000000000002,29.359554088604867,1000.0,,0.08373267467553547,0.08373267467553547,0.08373267467553547,0.08373267467553547,0.08290363829260627,0,highway_0,0,641.6832374905688,965.6832374905688,,-1030.359554088605
24.4,ego_0,968.6200116818526,-11.190000000000001,29.367741912838493,1000.0,,0.08269702475963481,0.08269702475963481,0.08269702475963481,0.08269702475963481,0.08187824233626628,0,highway_0,0,644.6200116818526,968.6200116818526,,-1030.3677419128385
24.5,ego_0,971.5575945198973,-11.200000000000003,29.375828380445885,1000.0,,0.08167332283466966,0.08167332283466966,0.08167332283466966,0.08167332283466966,0.08086467607391512,0,highway_0,0,647.5575945198972,971.5575945198972,,-1030.375828380446
24.6,ego_0,974.4959759861845,-11.200000000000003,29.383814662872496,1000.0,,0.08066145250875956,0.08066145250875956,0.08066145250875956,0.08066145250875956,0.07986282426610813,0,highway_0,0,650.4959759861845,974.4959759861845,,-1030.3838146628725
24.7,ego_0,977.4351461781945,-11.200000000000003,29.39170192009853,1000.0,,0.07966129798293775,0.07966129798293775,0.07966129798293775,0.07966129798293775,0.0788725722603445,0,highway_0,0,653.4351461781944,977.4351461781944,,-1030.3917019200985
24.8,ego_0,980.3750953082642,-11.200000000000003,29.399491300698838,1000.0,,0.07867274406311431,0.07867274406311431,0.07867274406311431,0.07867274406311431,0.07789380600307538,0,highway_0,0,656.3750953082642,980.3750953082642,,-1030.3994913006989
24.9,ego_0,983.3158137024546,-11.200000000000003,29.40718394190394,1000.0,,0.07769567617152395,0.07769567617152395,0.07769567617152395,0.07769567617152395,0.07692641205103712,0,highway_0,0,659.3158137024546,983.3158137024546,,-1030.407183941904
25.0,ego_0,986.2572917994207,-11.200000000000003,29.41478096966213,1000.0,,0.07672998035768097,0.07672998035768097,0.07672998035768097,0.07672998035768097,0.0759702775818738,0,highway_0,0,662.2572917994208,986.2572917994208,,-1030.4147809696622
25.1,ego_0,989.1995201492911,-11.200000000000003,29.42228349870261,1000.0,,0.0757755433088464,0.0757755433088464,0.0757755433088464,0.0757755433088464,0.07502529040479544,0,highway_0,0,665.1995201492911,989.1995201492911,,-1030.4222834987027
25.2,ego_0,992.142489412551,-11.200000000000003,29.42969263259964,165.47731256764212,llm_1,0.07483225236001512,0.07483225236001512,0.07483225236001512,0.07483225236001512,0.07409133897031239,0,highway_0,0,668.1424894125511,992.1424894125511,,10.387139050568734
25.3,ego_0,995.0861889126238,-11.200000000000003,29.43699500072727,166.53707841410414,llm_1,0.07375391808906656,0.07375391808906656,0.07375391808906656,0.07375391808906656,0.07302368127628966,0,highway_0,0,671.0861889126238,995.0861889126238,,10.597658464619325
25.4,ego_0,998.0306095637764,-11.200000000000003,29.44420651152706,167.61790528770405,llm_1,0.07283625907788017,0.07283625907788017,0.07283625907788017,0.07283625907788017,0.07211510799791654,0,highway_0,0,674.0306095637765,998.0306095637765,,10.808268735997753
25.5,ego_0,1000.9757423869064,-11.200000000000003,29.451328231299616,168.71980216754446,llm_1,0.07192936970280607,0.07192936970280607,0.07192936970280607,0.07192936970280607,0.07121719772555934,0,highway_0,0,676.9757423869064,1000.9757423869064,,11.018968798403417
25.6,ego_0,1003.9215785084443,-11.200000000000003,29.45836121537934,169.84277792719467,llm_1,0.07103313920520726,0.07103313920520726,0.07103313920520726,0.07103313920520726,0.07032984079724969,0,highway_0,0,679.9215785084443,1003.9215785084443,,11.229757596501912
25.7,ego_0,1006.8681091592651,-11.200000000000003,29.465306508207885,170.9868413357798,llm_1,0.07014745756829789,0.07014745756829789,0.07014745756829789,0.07014745756829789,0.06945292828543614,0,highway_0,0,682.8681091592651,1006.8681091592651,,11.440634085851588
25.8,ego_0,1009.815325673606,-11.200000000000003,29.47216514340831,172.15200105906263,llm_1,0.06927221552430919,0.06927221552430919,0.06927221552430919,0.06927221552430919,0.06858635200426733,0,highway_0,0,685.815325673606,1009.815325673606,,11.651597232829381
25.9,ego_0,1012.7632194879922,-11.200000000000003,29.478938143859907,173.33826566051812,llm_1,0.06840730456113572,0.06840730456113572,0.06840730456113572,0.06840730456113572,0.06773000451595124,0,highway_0,0,688.763219487992,1012.763219487992,,11.862646014556006
26.0,ego_0,1015.7117821401692,-11.200000000000003,29.485626521773618,174.5456436024001,llm_1,0.06755261692847732,0.06755261692847732,0.06755261692847732,0.06755261692847732,0.06688377913711463,0,highway_0,0,691.7117821401694,1015.7117821401694,,12.073779418820514
26.1,ego_0,1018.6610052680462,-11.200000000000003,29.49223127876802,175.77414324680058,llm_1,0.0667080456434897,0.0667080456434897,0.0667080456434897,0.0667080456434897,0.0660475699440255,0,highway_0,0,694.6610052680462,1018.6610052680462,,12.284996444004332
26.2,ego_0,1021.6108806086407,-11.200000000000003,29.498753405945838,176.9939349451846,llm_1,0.06587348449596174,0.06587348449596174,0.06587348449596174,0.06587348449596174,0.06522127177817083,0,highway_0,0,697.6108806086407,1021.6108806086407,,12.197916983840638
26.3,ego_0,1024.5613999966117,-11.200000000000003,29.505193879709495,178.2051649636942,llm_1,0.06504878501291426,0.06504878501291426,0.06504878501291426,0.06504878501291426,0.06440473763657195,0,highway_0,0,700.5613999966117,1024.5613999966117,,12.112300185097077
26.4,ego_0,1027.5125553632556,-11.200000000000003,29.511553666437894,179.40797632662634,llm_1,0.06423384595683188,0.06423384595683188,0.06423384595683188,0.06423384595683188,0.06359786728399541,0,highway_0,0,703.5125553632556,1027.5125553632556,,12.0281136293228
26.5,ego_0,1030.4643387355102,-11.200000000000003,29.517833722546097,180.60250891378018,llm_1,0.06342856669283273,0.06342856669283273,0.06342856669283273,0.06342856669283273,0.06280056108202814,0,highway_0,0,706.4643387355102,1030.4643387355102,,11.945325871537431
26.6,ego_0,1033.4167422349649,-11.200000000000003,29.524034994546184,181.78889955399882,llm_1,0.0626328472008806,0.0626328472008806,0.0626328472008806,0.0626328472008806,0.062012720000872434,0,highway_0,0,709.4167422349649,1033.4167422349649,,11.863906402186096
26.7,ego_0,1036.3697580768758,-11.200000000000003,29.530158419109263,182.9672821150914,llm_1,0.06184658808711184,0.06184658808711184,0.06184658808711184,0.06184658808711184,0.06123424563078572,0,highway_0,0,712.3697580768758,1036.3697580768758,,11.783825610924538
26.8,ego_0,1039.3233785691887,-11.200000000000003,29.536204923128505,184.13778759030447,llm_1,0.06106969059432707,0.06106969059432707,0.06106969059432707,0.06106969059432707,0.06046504019241894,0,highway_0,0,715.3233785691887,1039.3233785691887,,11.705054752130291
26.9,ego_0,1042.277596111567,-11.200000000000003,29.542175423783128,185.3005441815087,llm_1,0.06030205661170251,0.06030205661170251,0.06030205661170251,0.06030205661170251,0.05970500654623123,0,highway_0,0,718.2775961115669,1042.277596111567,,11.627565912042826
27.0,ego_0,1045.2324031944272,-11.200000000000003,29.5480708286033,186.45567737925285,llm_1,0.0595435886837636,0.0595435886837636,0.0595435886837636,0.0595435886837636,0.058954048201727005,0,highway_0,0,721.2324031944272,1045.2324031944272,,11.55133197744172
27.1,ego_0,1048.1877923979807,-11.200000000000003,29.55389203553584,187.6033100398306,llm_1,0.05879419001865846,0.05879419001865846,0.05879419001865846,0.05879419001865846,0.05821206932537848,0,highway_0,0,724.1877923979807,1048.1877923979807,,11.476326605777885
27.2,ego_0,1051.1437563912818,-11.200000000000003,29.55963993301067,188.74356245949843,llm_1,0.05805376449577927,0.05805376449577927,0.05805376449577927,0.05805376449577927,0.05747897474829955,0,highway_0,0,727.1437563912818,1051.1437563912818,,11.402524196678154
27.3,ego_0,1054.1002879312825,-11.200000000000003,29.56531540000797,189.8765524459734,llm_1,0.0573222166727545,0.0573222166727545,0.0573222166727545,0.0573222166727545,0.05675466997303147,0,highway_0,0,730.1002879312825,1054.1002879312825,,11.329899864748601
27.4,ego_0,1057.0573798618952,-11.200000000000003,29.570919306125976,191.002395387334,llm_1,0.056599451791862515,0.056599451791862515,0.056599451791862515,0.056599451791862515,0.056039061180044314,0,highway_0,0,733.0573798618952,1057.0573798618952,,11.258429413606645
27.5,ego_0,1060.0150251130601,-11.200000000000003,29.576452511649332,192.12120431844164,llm_1,0.05588537578588061,0.05588537578588061,0.05588537578588061,0.05588537578588061,0.05533205523356344,0,highway_0,0,736.0150251130601,1060.0150251130601,,11.188089311076293
27.6,ego_0,1062.973216699822,-11.200000000000003,29.581915867617987,193.2330899849901,llm_1,0.05517989528340466,0.05517989528340466,0.05517989528340466,0.05517989528340466,0.054633559686543265,0,highway_0,0,738.9732166998219,1062.973216699822,,11.118856665484934
27.7,ego_0,1065.9319477214117,-11.200000000000003,29.58731021589657,194.33816090529035,llm_1,0.054482917613675345,0.054482917613675345,0.054482917613675345,0.054482917613675345,0.05394348278581873,0,highway_0,0,741.9319477214117,1065.9319477214117,,11.050709203003802
27.8,ego_0,1068.891211360336,-11.200000000000003,29.592636389244184,195.4365234298882,llm_1,0.05379435081092082,0.05379435081092082,0.05379435081092082,0.05379435081092082,0.05326173347615537,0,highway_0,0,744.891211360336,1068.891211360336,,10.983625245977805
27.9,ego_0,1071.8510008814744,-11.200000000000003,29.597895211384603,196.52828179910762,llm_1,0.05311410361824876,0.05311410361824876,0.05311410361824876,0.05311410361824876,0.052588221404192836,0,highway_0,0,747.8510008814744,1071.8510008814744,,10.91758369219351
28.0,ego_0,1074.8113096311822,-11.200000000000003,29.603087497076793,197.6135381986112,llm_1,0.05244208549110997,0.05244208549110997,0.05244208549110997,0.05244208549110997,0.051922856921891025,0,highway_0,0,750.8113096311822,1074.8113096311822,,10.852563995037372
28.1,ego_0,1077.7721310364009,-11.200000000000003,29.608214052185737,198.6923928130609,llm_1,0.05177820660035123,0.05177820660035123,0.05177820660035123,0.05177820660035123,0.051265551089443306,0,highway_0,0,753.7721310364009,1077.7721310364009,,10.788546144498838
28.2,ego_0,1080.7334586037762,-11.200000000000003,29.61327567375355,199.76494387795856,llm_1,0.0511223778348789,0.0511223778348789,0.0511223778348789,0.0511223778348789,0.05061621567811869,0,highway_0,0,756.7334586037762,1080.7334586037762,,10.725510648975764
28.3,ego_0,1083.6952859187832,-11.200000000000003,29.61827315007077,200.83128772974283,llm_1,0.050474510803950344,0.050474510803950344,0.050474510803950344,0.050474510803950344,0.04997476317221583,0,highway_0,0,759.6952859187832,1083.6952859187832,,10.663438517842131
28.4,ego_0,1086.6576066448579,-11.200000000000003,29.62320726074791,201.89151885421688,llm_1,0.04983451783911289,0.04983451783911289,0.04983451783911289,0.04983451783911289,0.049341106771407794,0,highway_0,0,762.6576066448579,1086.6576066448579,,10.602311244740072
28.5,ego_0,1089.6204145225365,-11.200000000000003,29.6280787767871,202.94572993337306,llm_1,0.04920231199580331,0.04920231199580331,0.04920231199580331,0.04920231199580331,0.04871516039187895,0,highway_0,0,765.6204145225365,1089.6204145225365,,10.542110791560695
28.6,ego_0,1092.5837033686018,-11.200000000000003,29.632888460653895,203.99401189068112,llm_1,0.04857780705462866,0.04857780705462866,0.04857780705462866,0.04857780705462866,0.04809683866795922,0,highway_0,0,768.5837033686018,1092.5837033686018,,10.482819573080008
28.7,ego_0,1095.5474670752367,-11.200000000000003,29.637637066349175,205.03645393490297,llm_1,0.04796091752233451,0.04796091752233451,0.04796091752233451,0.04796091752233451,0.04748605695279906,0,highway_0,0,771.5474670752367,1095.5474670752367,,10.424420442218217
28.8,ego_0,1098.5116996091847,-11.200000000000003,29.642325339481104,206.07314360249234,llm_1,0.04735155863248814,0.04735155863248814,0.04735155863248814,0.04735155863248814,0.046882731319293214,0,highway_0,0,774.5116996091847,1098.5116996091847,,10.36689667589242
28.9,ego_0,1101.4763950109184,-11.200000000000003,29.646954017337134,207.1041667986358,llm_1,0.04674964634587349,0.04674964634587349,0.04674964634587349,0.04674964634587349,0.04628677856029384,0,highway_0,0,777.4763950109184,1101.4763950109184,,10.31023196143438
29.0,ego_0,1104.441547393814,-11.200000000000003,29.65152382895601,208.12960783699032,llm_1,0.04615509735062464,0.04615509735062464,0.04615509735062464,0.04615509735062464,0.045698116188752635,0,highway_0,0,780.4415473938141,1104.441547393814,,10.254410383546627
29.1,ego_0,1107.407150943334,-11.200000000000003,29.65603549519978,209.1495494781675,llm_1,0.04556782906210202,0.04556782906210202,0.04556782906210202,0.04556782906210202,0.045116662437720834,0,highway_0,0,783.407150943334,1107.407150943334,,10.199416411771573
29.2,ego_0,1110.3731999162167,-11.200000000000003,29.660489728825773,210.16407296701254,llm_1,0.04498775962252429,0.04498775962252429,0.04498775962252429,0.04498775962252429,0.04454233625992288,0,highway_0,0,786.3731999162167,1110.3731999162167,,10.145234888449707
29.3,ego_0,1113.3396886396724,-11.200000000000003,29.66488723455848,211.17325806872714,llm_1,0.04441480790036637,0.04441480790036637,0.04441480790036637,0.04441480790036637,0.0439750573270814,0,highway_0,0,789.3396886396724,1113.3396886396724,,10.091851017144304
29.4,ego_0,1116.3066115105885,-11.200000000000003,29.66922870916141,212.1771831038784,llm_1,0.04384889348953881,0.04384889348953881,0.04384889348953881,0.04384889348953881,0.04341474602927775,0,highway_0,0,792.3066115105885,1116.3066115105885,,10.039250351511036
29.5,ego_0,1119.2739629947393,-11.200000000000003,29.67351484150877,213.17592498233762,llm_1,0.04328993670834983,0.04328993670834983,0.04328993670834983,0.04328993670834983,0.04286132347360194,0,highway_0,0,795.2739629947393,1119.2739629947393,,9.987418784592393
29.6,ego_0,1122.241737626005,-11.200000000000003,29.677746312657113,214.16955923618934,llm_1,0.04273785859826817,0.04273785859826817,0.04273785859826817,0.04273785859826817,0.042314711483442125,0,highway_0,0,798.241737626005,1122.241737626005,,9.936342538517493
29.7,ego_0,1125.2099300055968,-11.200000000000003,29.681923795916767,215.1581600516481,llm_1,0.04219258092248621,0.04219258092248621,0.04219258092248621,0.04219258092248621,0.04177483259653059,0,highway_0,0,801.2099300055968,1125.2099300055968,,9.886008154589192
29.8,ego_0,1128.178534801289,-11.200000000000003,29.686047956923133,216.14180030002217,llm_1,0.041654026164304594,0.041654026164304594,0.041654026164304594,0.041654026164304594,0.04124161006366478,0,highway_0,0,804.1785348012891,1128.178534801289,,9.836402483741104
29.9,ego_0,1131.1475467466598,-11.200000000000003,29.690119453707823,217.12055156775705,llm_1,0.04112211752533512,0.04112211752533512,0.04112211752533512,0.04112211752533512,0.04071496784689543,0,highway_0,0,807.1475467466598,1131.1475467466598,,9.78751267734821
30.0,ego_0,1134.1169606403369,-11.200000000000003,29.69413893676956,218.0944841855944,llm_1,0.04059677892353335,0.04059677892353335,0.04059677892353335,0.04059677892353335,0.0401948306173594,0,highway_0,0,810.1169606403369,1134.1169606403369,,9.739326178375425
30.1,ego_0,1137.0867713452512,-11.200000000000003,29.698107049144912,219.0636672568794,llm_1,0.040077934991074114,0.040077934991074114,0.040077934991074114,0.040077934991074114,0.03968112375353883,0,highway_0,0,813.0867713452512,1137.0867713452512,,9.691830712849406
30.2,ego_0,1140.056973787899,-11.200000000000003,29.702024426478783,220.02816868504328,llm_1,0.03956551107206905,0.03956551107206905,0.03956551107206905,0.03956551107206905,0.0391737733387032,0,highway_0,0,816.0569737878991,1140.056973787899,,9.645014281639565
30.3,ego_0,1143.0275629576086,-11.200000000000003,29.70589169709464,220.98805520029669,llm_1,0.03905943322013623,0.03905943322013623,0.03905943322013623,0.03905943322013623,0.03867270615856455,0,highway_0,0,819.0275629576086,1143.0275629576086,,9.598865152534959
30.4,ego_0,1145.998533905815,-11.200000000000003,29.709709482064522,221.943392385557,llm_1,0.03855962819583426,0.03855962819583426,0.03855962819583426,0.03855962819583426,0.038177849698826094,0,highway_0,0,821.9985339058151,1145.998533905815,,9.553371852604347
30.5,ego_0,1148.969881745343,-11.200000000000003,29.713478395278774,222.89424470163976,llm_1,0.03806602346395669,0.03806602346395669,0.03806602346395669,0.03806602346395669,0.03768913214251768,0,highway_0,0,824.969881745343,1148.969881745343,,9.508523160827448
30.6,ego_0,1151.9416016496946,-11.200000000000003,29.717199043515475,223.84067551173825,llm_1,0.037578547190699724,0.037578547190699724,0.037578547190699724,0.037578547190699724,0.03720648236701152,0,highway_0,0,827.9416016496946,1151.9416016496946,,9.46430810098595
30.7,ego_0,1154.9136888523456,-11.200000000000003,29.720872026509607,224.7827471052185,llm_1,0.03709712824071224,0.03709712824071224,0.03709712824071224,0.03709712824071224,0.03672982994132212,0,highway_0,0,830.9136888523456,1154.9136888523456,,9.420715934803287
30.8,ego_0,1157.8861386460478,-11.200000000000003,29.724497937021887,225.72052072075076,llm_1,0.03662169617402379,0.03662169617402379,0.03662169617402379,0.03662169617402379,0.03625910512280228,0,highway_0,0,833.8861386460478,1157.8861386460478,,9.377736155322964
30.9,ego_0,1160.8589463821386,-11.200000000000003,29.72807736090732,226.65405656880216,llm_1,0.03615218124286741,0.03615218124286741,0.03615218124286741,0.03615218124286741,0.03579423885433641,0,highway_0,0,836.8589463821386,1160.8589463821386,,9.335358480515417
31.0,ego_0,1163.832107469857,-11.200000000000003,29.7316108771834,227.58341385351264,llm_1,0.035688514388393905,0.035688514388393905,0.035688514388393905,0.035688514388393905,0.03533516276078785,0,highway_0,0,839.832107469857,1163.832107469857,,9.293572847104123
31.1,ego_0,1166.8056173756668,-11.200000000000003,29.735099058097983,228.50865079397272,llm_1,0.03523062723728578,0.03523062723728578,0.03523062723728578,0.03523062723728578,0.03488180914583694,0,highway_0,0,842.8056173756668,1166.8056173756668,,9.25236940460196
31.2,ego_0,1169.7794716225865,-11.200000000000003,29.738542469196823,229.42982464492752,llm_1,0.03477845209828064,0.03477845209828064,0.03477845209828064,0.03477845209828064,0.034434110988392774,0,highway_0,0,845.7794716225865,1169.7794716225865,,9.211738509549313
31.3,ego_0,1172.7536657895255,-11.200000000000003,29.741941669390744,230.34699171692205,llm_1,0.0343319219585986,0.0343319219585986,0.0343319219585986,0.0343319219585986,0.03399200193921814,0,highway_0,0,848.7536657895255,1172.7536657895255,,9.17167071994577
31.4,ego_0,1175.7281955106278,-11.200000000000003,29.745297211022457,231.26020739590876,llm_1,0.033890970480287275,0.033890970480287275,0.033890970480287275,0.033890970480287275,0.033555416317128106,0,highway_0,0,851.7281955106278,1175.7281955106278,,9.13215678986769
31.5,ego_0,1178.703056474621,-11.200000000000003,29.748609639932997,232.16952616233516,llm_1,0.03345553199648834,0.03345553199648834,0.03345553199648834,0.03345553199648834,0.03312428910540177,0,highway_0,0,854.703056474621,1178.703056474621,,9.093187664264232
31.6,ego_0,1181.6782444241737,-11.200000000000003,29.75187949552781,233.07500160972768,llm_1,0.03302554150762043,0.03302554150762043,0.03302554150762043,0.03302554150762043,0.03269855594812299,0,highway_0,0,857.6782444241737,1181.6782444241737,,9.054754473924781
31.7,ego_0,1184.653755155258,-11.200000000000003,29.755107310842412,233.97668646278862,llm_1,0.03260093467749384,0.03260093467749384,0.03260093467749384,0.03260093467749384,0.03227815314602367,0,highway_0,0,860.6537551552581,1184.653755155258,,9.016848530611078
31.8,ego_0,1187.629584516519,-11.200000000000003,29.758293612607694,234.8746325950233,llm_1,0.03218164782935827,0.03218164782935827,0.03218164782935827,0.03218164782935827,0.03186301765282451,0,highway_0,0,863.6295845165189,1187.629584516519,,8.97946132234761
31.9,ego_0,1190.6057284086503,-11.200000000000003,29.76143892131481,235.76889104590987,llm_1,0.03176761794188178,0.03176761794188178,0.03176761794188178,0.03176761794188178,0.031453087071149355,0,highway_0,0,866.6057284086503,1190.6057284086503,,8.942584508864126
32.0,ego_0,1193.5821827837783,-11.200000000000003,29.76454375127967,236.65951203762825,llm_1,0.0313587826450705,0.0313587826450705,0.0313587826450705,0.0313587826450705,0.031048299648617217,0,highway_0,0,869.5821827837783,1193.5821827837783,,8.906209917184345
32.1,ego_0,1196.558943644849,-11.200000000000003,29.76760861070701,237.54654499136382,llm_1,0.030955080216131314,0.030955080216131314,0.030955080216131314,0.030955080216131314,0.030648594273401386,0,highway_0,0,872.558943644849,1196.558943644849,,8.87032953735547
32.2,ego_0,1199.5360070450245,-11.200000000000003,29.77063400175407,238.430038543195,llm_1,0.030556449575281537,0.030556449575281537,0.030556449575281537,0.030556449575281537,0.030253910470570133,0,highway_0,0,875.5360070450245,1199.5360070450245,,8.83493551831286
32.3,ego_0,1202.513369087084,-11.200000000000003,29.77362042059382,239.31004055958238,llm_1,0.030162830281503343,0.030162830281503343,0.030162830281503343,0.030162830281503343,0.02986418839750371,0,highway_0,0,878.5133690870839,1202.513369087084,,8.80002016387498
32.4,ego_0,1205.4910259228318,-11.200000000000003,29.776568357477803,240.1865981524686,llm_1,0.029774162528258076,0.029774162528258076,0.029774162528258076,0.029774162528258076,0.029479368839844255,0,highway_0,0,881.4910259228318,1205.4910259228318,,8.765575928863644
32.5,ego_0,1208.4689737525116,-11.200000000000003,29.779478296798512,241.0597576940031,llm_1,0.0293903871391494,0.0293903871391494,0.0293903871391494,0.0293903871391494,0.02909939320709043,0,highway_0,0,884.4689737525116,1208.4689737525116,,8.731595415344874
32.6,ego_0,1211.4472088242267,-11.200000000000003,29.78235071715134,241.92956483090188,llm_1,0.029011445563550384,0.029011445563550384,0.029011445563550384,0.029011445563550384,0.028724203528263104,0,highway_0,0,887.4472088242267,1211.4472088242267,,8.698071368985886
32.7,ego_0,1214.4257274333663,-11.200000000000003,29.78518609139611,242.79606449845414,llm_1,0.02863727987219068,0.02863727987219068,0.02863727987219068,0.02863727987219068,0.02835374244771316,0,highway_0,0,890.4257274333663,1214.4257274333663,,8.664996675523948
32.8,ego_0,1217.4045259220381,-11.200000000000003,29.78798488671816,243.65930093418842,llm_1,0.02826783275270689,0.02826783275270689,0.02826783275270689,0.02826783275270689,0.02798795322050296,0,highway_0,0,893.4045259220381,1217.4045259220381,,8.63236435734299
32.9,ego_0,1220.383600678507,-11.200000000000003,29.790747564688967,244.51931769120392,llm_1,0.027903047505162235,0.027903047505162235,0.027903047505162235,0.027903047505162235,0.027626779708072036,0,highway_0,0,896.383600678507,1220.383600678507,,8.600167570154031
33.0,ego_0,1223.3629481366397,-11.200000000000003,29.793474581326347,245.37615765118153,llm_1,0.0275428680375354,0.0275428680375354,0.0275428680375354,0.0275428680375354,0.0272701663737962,0,highway_0,0,899.3629481366397,1223.3629481366397,,8.568399599775713
33.1,ego_0,1226.3425647753552,-11.200000000000003,29.796166387154187,246.22986303708262,llm_1,0.027187238861181812,0.027187238861181812,0.027187238861181812,0.027187238861181812,0.026918058278404544,0,highway_0,0,902.3425647753552,1226.3425647753552,,8.537053859011209
33.2,ego_0,1229.3224471180813,-11.200000000000003,29.798823427261738,247.0804754255446,llm_1,0.02683610508626981,0.02683610508626981,0.02683610508626981,0.02683610508626981,0.026570401075503014,0,highway_0,0,905.3224471180813,1229.3224471180813,,8.50612388461822
33.3,ego_0,1232.3025917322175,-11.200000000000003,29.80144614136245,247.92803575898142,llm_1,0.02648941241719546,0.02648941241719546,0.02648941241719546,0.02648941241719546,0.026227141007133525,0,highway_0,0,908.3025917322175,1232.3025917322175,,8.475603334368582
33.4,ego_0,1235.2829952286027,-11.200000000000003,29.80403496385235,248.772584357401,llm_1,0.02614710714797471,0.02614710714797471,0.02614710714797471,0.02614710714797471,0.025888224898977796,0,highway_0,0,911.2829952286027,1235.2829952286027,,8.445485984194494
33.5,ego_0,1238.2636542609894,-11.200000000000003,29.806590323867955,249.61416092994295,llm_1,0.02580913615762035,0.02580913615762035,0.02580913615762035,0.02580913615762035,0.025553600156058565,0,highway_0,0,914.2636542609894,1238.2636542609894,,8.415765725418101
33.6,ego_0,1241.2445655255237,-11.200000000000003,29.809112645343745,250.4528045861491,llm_1,0.02547544690549864,0.02547544690549864,0.02547544690549864,0.02547544690549864,0.025223214757907897,0,highway_0,0,917.2445655255237,1241.2445655255237,,8.38643656206171
33.7,ego_0,1244.2257257602307,-11.200000000000003,29.811602347069158,251.28855384697272,llm_1,0.02514598742667754,0.02514598742667754,0.02514598742667754,0.02514598742667754,0.024897017254126297,0,highway_0,0,920.2257257602307,1244.2257257602307,,8.357492608235727
33.8,ego_0,1247.2071317445052,-11.200000000000003,29.814059842745124,252.12144665553296,llm_1,0.024820706327258114,0.024820706327258114,0.024820706327258114,0.024820706327258114,0.024574956759657596,0,highway_0,0,923.2071317445052,1247.2071317445052,,8.328928085601632
33.9,ego_0,1250.1887802986091,-11.200000000000003,29.816485541040144,252.95152038762376,llm_1,0.024499552779698924,0.024499552779698924,0.024499552779698924,0.024499552779698924,0.024256982950205952,0,highway_0,0,926.1887802986091,1250.1887802986091,,8.300737320907487
34.0,ego_0,1253.1706682831737,-11.200000000000003,29.818879845645903,253.77881186198306,llm_1,0.02418247651813092,0.02418247651813092,0.02418247651813092,0.02418247651813092,0.023943046057581796,0,highway_0,0,929.1706682831737,1253.1706682831737,,8.27291474359339
34.1,ego_0,1256.1527925987068,-11.200000000000003,29.821243155332404,254.6033573503296,llm_1,0.02386942783366567,0.02386942783366567,0.02386942783366567,0.02386942783366567,0.02363309686501225,0,highway_0,0,932.1527925987068,1256.1527925987068,,8.24545488346456
34.2,ego_0,1259.135150185107,-11.200000000000003,29.823575864002674,255.42519258717266,llm_1,0.02356035756970151,0.02356035756970151,0.02356035756970151,0.02356035756970151,0.023327086702700228,0,highway_0,0,935.135150185107,1259.135150185107,,8.218352368429773
34.3,ego_0,1262.1177380211818,-11.200000000000003,29.82587836074695,256.2443527794028,llm_1,0.02325521711722128,0.02325521711722128,0.02325521711722128,0.02325521711722128,0.023024967442779598,0,highway_0,0,938.1177380211818,1262.1177380211818,,8.191601922302905
34.4,ego_0,1265.1005531241715,-11.200000000000003,29.828151029896468,257.06087261566927,llm_1,0.022953958410094087,0.022953958410094087,0.022953958410094087,0.022953958410094087,0.02272669149515849,0,highway_0,0,941.1005531241715,1265.1005531241715,,8.165198362665521
34.5,ego_0,1268.083592549279,-11.200000000000003,29.8303942510767,257.87478627554833,llm_1,0.022656533920375053,0.022656533920375053,0.022656533920375053,0.022656533920375053,0.022432211802332347,0,highway_0,0,944.083592549279,1268.083592549279,,8.139136598788465
34.6,ego_0,1271.066853389205,-11.200000000000003,29.832608399260227,258.6861274385094,llm_1,0.02236289665360678,0.02236289665360678,0.02236289665360678,0.02236289665360678,0.022141481835262766,0,highway_0,0,947.0668533892051,1271.066853389205,,8.113411629610436
34.7,ego_0,1274.050332773687,-11.200000000000003,29.83479384481905,259.4949292926867,llm_1,0.02207300014412149,0.02207300014412149,0.02207300014412149,0.02207300014412149,0.021854455588226074,0,highway_0,0,950.0503327736869,1274.050332773687,,8.088018541771827
34.8,ego_0,1277.0340278690446,-11.200000000000003,29.83695095357651,260.3012245434568,llm_1,0.021786798450353355,0.021786798450353355,0.021786798450353355,0.021786798450353355,0.02157108757458559,0,highway_0,0,953.0340278690446,1277.0340278690446,,8.06295250770182
34.9,ego_0,1280.0179358777305,-11.200000000000003,29.8390800868587,261.10504542183253,llm_1,0.021504246150150053,0.021504246150150053,0.021504246150150053,0.021504246150150053,0.021291332821924414,0,highway_0,0,956.0179358777305,1280.0179358777305,,8.038208783757185
35.0,ego_0,1283.002054037885,-11.200000000000003,29.841181601545443,261.90642369267357,llm_1,0.0212252983360961,0.0212252983360961,0.0212252983360961,0.0212252983360961,0.021015146867426893,0,highway_0,0,959.002054037885,1283.002054037885,,8.013782708411007
35.1,ego_0,1285.9863796228972,-11.200000000000003,29.843255850120777,262.7053906627225,llm_1,0.020949910610840897,0.020949910610840897,0.020949910610840897,0.020949910610840897,0.020742485753331152,0,highway_0,0,961.9863796228972,1285.9863796228972,,7.989669700489749
35.2,ego_0,1288.9709099409695,-11.200000000000003,29.845303180722997,263.5019771884681,llm_1,0.020678039082439596,0.020678039082439596,0.020678039082439596,0.020678039082439596,0.020473306022203985,0,highway_0,0,964.9709099409695,1288.9709099409695,,7.965865257457143
35.3,ego_0,1291.955642334689,-11.200000000000003,29.847323937194254,264.2962136838423,llm_1,0.020409640359702663,0.020409640359702663,0.020409640359702663,0.020409640359702663,0.020207564712571013,0,highway_0,0,967.955642334689,1291.955642334689,,7.942364953743358
35.4,ego_0,1294.940574180602,-11.200000000000003,29.849318459129655,265.0881301277541,llm_1,0.020144671547554848,0.020144671547554848,0.020144671547554848,0.020144671547554848,0.019945219354013943,0,highway_0,0,970.940574180602,1294.940574180602,,7.91916443911807
35.5,ego_0,1297.9257028887946,-11.200000000000003,29.851287081925935,265.87775607146455,llm_1,0.019883090242412044,0.019883090242412044,0.019883090242412044,0.019883090242412044,0.01968622796280073,0,highway_0,0,973.9257028887946,1297.9257028887946,,7.896259437105993
35.6,ego_0,1300.9110259024776,-11.200000000000003,29.853230136829655,266.6651206458089,llm_1,0.01962485452756678,0.01962485452756678,0.01962485452756678,0.01962485452756678,0.019430549037195988,0,highway_0,0,976.9110259024776,1300.9110259024776,,7.873645743443614
35.7,ego_0,1303.896540697576,-11.200000000000003,29.85514795098496,267.4502525682665,llm_1,0.01936992296859155,0.01936992296859155,0.01936992296859155,0.01936992296859155,0.01917814155305564,0,highway_0,0,979.896540697576,1303.896540697576,,7.851319224575779
35.8,ego_0,1306.882244782324,-11.200000000000003,29.857040847480878,268.2331801498856,llm_1,0.019118254608757088,0.019118254608757088,0.019118254608757088,0.019118254608757088,0.018928964959172845,0,highway_0,0,982.882244782324,1306.882244782324,,7.829275816190904
35.9,ego_0,1309.8681356968639,-11.200000000000003,29.85890914539815,269.013931302065,llm_1,0.018869808964464115,0.018869808964464115,0.018869808964464115,0.018869808964464115,0.01868297917273054,0,highway_0,0,985.8681356968639,1309.8681356968639,,7.807511521793671
36.0,ego_0,1312.8542110128494,-11.200000000000003,29.860753159855644,269.79253354319644,llm_1,0.018624546020698143,0.018624546020698143,0.018624546020698143,0.018624546020698143,0.018440144574931594,0,highway_0,0,988.8542110128494,1312.8542110128494,,7.786022411314004
36.1,ego_0,1315.840468333055,-11.200000000000003,29.86257320205629,270.56901400517154,llm_1,0.018382426226496874,0.018382426226496874,0.018382426226496874,0.018382426226496874,0.018200422006451333,0,highway_0,0,991.840468333055,1315.840468333055,,7.76480461975121
36.2,ego_0,1318.8269052909882,-11.200000000000003,29.86436957933257,271.3433994397569,llm_1,0.018143410490438876,0.018143410490438876,0.018143410490438876,0.018143410490438876,0.01796377276281902,0,highway_0,0,994.8269052909882,1318.8269052909882,,7.743854345852309
36.3,ego_0,1321.8135195505074,-11.200000000000003,29.866142595191597,272.11571622483916,llm_1,0.017907460176152332,0.017907460176152332,0.017907460176152332,0.017907460176152332,0.01773015859026117,0,highway_0,0,997.8135195505074,1321.8135195505074,,7.723167850823387
36.4,ego_0,1324.8003088054434,-11.200000000000003,29.867892549359702,272.88599037054655,llm_1,0.017674537097843893,0.017674537097843893,0.017674537097843893,0.017674537097843893,0.017499541681047504,0,highway_0,0,1000.8003088054434,1324.8003088054434,,7.702741457073081
36.5,ego_0,1327.787270779226,-11.200000000000003,29.869619737826618,273.6542475252454,llm_1,0.01744460351584506,0.01744460351584506,0.01744460351584506,0.01744460351584506,0.017271884669156634,0,highway_0,0,1003.787270779226,1327.787270779226,,7.682571546987198
36.6,ego_0,1330.774403224515,-11.200000000000003,29.871324452889212,274.4205129814186,llm_1,0.01721762213218768,0.01721762213218768,0.01721762213218768,0.01721762213218768,0.017047150625941754,0,highway_0,0,1006.774403224515,1330.774403224515,,7.662654561733504
36.7,ego_0,1333.7617039228346,-11.200000000000003,29.873006983194774,275.1848116814281,llm_1,0.01699355608619276,0.01699355608619276,0.01699355608619276,0.01699355608619276,0.01682530305561869,0,highway_0,0,1009.7617039228346,1333.7617039228346,,7.642987000095918
36.8,ego_0,1336.749170684213,-11.200000000000003,29.874667613783892,275.94716822316195,llm_1,0.016772368950090433,0.016772368950090433,0.016772368950090433,0.016772368950090433,0.016606305891180284,0,highway_0,0,1012.7491706842129,1336.749170684213,,7.623565417337019
36.9,ego_0,1339.7368013468263,-11.200000000000003,29.876306626132866,276.7076068655708,llm_1,0.01655402472465496,0.01655402472465496,0.01655402472465496,0.01655402472465496,0.016390123489742336,0,highway_0,0,1015.7368013468263,1339.7368013468263,,7.604386424088318
37.0,ego_0,1342.7245937766459,-11.200000000000003,29.877924298195726,277.46615153409743,llm_1,0.016338487834873575,0.016338487834873575,0.016338487834873575,0.016338487834873575,0.016176720628600094,0,highway_0,0,1018.7245937766459,1342.7245937766459,,7.585446685267232
37.1,ego_0,1345.7125458670905,-11.200000000000003,29.879520904445787,278.2228258259993,llm_1,0.016125723125627944,0.016125723125627944,0.016125723125627944,0.016125723125627944,0.015966062500609723,0,highway_0,0,1021.7125458670905,1345.7125458670905,,7.566742919020147
37.2,ego_0,1348.7006555386822,-11.200000000000003,29.88109671591682,278.9776530155684,llm_1,0.01591569585741295,0.01591569585741295,0.01591569585741295,0.01591569585741295,0.01575811471031585,0,highway_0,0,1024.7006555386822,1348.7006555386822,,7.548271895690711
37.3,ego_0,1351.6889207387067,-11.200000000000003,29.882652000243755,279.73065605924967,llm_1,0.015708371702070664,0.015708371702070664,0.015708371702070664,0.015708371702070664,0.015552843269368566,0,highway_0,0,1027.6889207387067,1351.6889207387067,,7.530030436812762
37.4,ego_0,1354.677339440877,-11.200000000000003,29.884187021703017,280.48185760066235,llm_1,0.015503716738555506,0.015503716738555506,0.015503716738555506,0.015503716738555506,0.01535021459261543,0,highway_0,0,1030.677339440877,1354.677339440877,,7.512015414127017
37.5,ego_0,1357.665909645002,-11.200000000000003,29.885702041252394,281.23127997552456,llm_1,0.015301697448723554,0.015301697448723554,0.015301697448723554,0.015301697448723554,0.015150195493767171,0,highway_0,0,1033.665909645002,1357.665909645002,,7.494223748620996
37.6,ego_0,1360.6546293766592,-11.200000000000003,29.88719731657053,281.9789452164837,llm_1,0.015102280713150137,0.015102280713150137,0.015102280713150137,0.015102280713150137,0.014952753181347589,0,highway_0,0,1036.6546293766592,1360.6546293766592,,7.476652409591431
37.7,ego_0,1363.6434966868687,-11.200000000000003,29.88867310209597,282.7248750578565,llm_1,0.014905433806971971,0.014905433806971971,0.014905433806971971,0.014905433806971971,0.014757855254430297,0,highway_0,0,1039.6434966868687,1363.6434966868687,,7.459298413728568
37.8,ego_0,1366.6325096517753,-11.200000000000003,29.890129649065848,283.46909094027865,llm_1,0.014711124395758786,0.014711124395758786,0.014711124395758786,0.014711124395758786,0.014565469698766265,0,highway_0,0,1042.6325096517753,1366.6325096517753,,7.4421588242217425
37.9,ego_0,1369.6216663723308,-11.200000000000003,29.891567205554104,284.21161401526706,llm_1,0.014519320531411547,0.014519320531411547,0.014519320531411547,0.014519320531411547,0.014375564882556091,0,highway_0,0,1045.6216663723308,1369.6216663723308,,7.425230749885607
38.0,ego_0,1372.6109649739817,-11.200000000000003,29.892986016509358,284.9524651496977,llm_1,0.0143299906480878,0.0143299906480878,0.0143299906480878,0.0143299906480878,0.014188109552542016,0,highway_0,0,1048.6109649739817,1372.6109649739817,,7.408511344306486
38.1,ego_0,1375.600403606361,-11.200000000000003,29.894386323792343,285.6916649301984,llm_1,0.014143103558155791,0.014143103558155791,0.014143103558155791,0.014143103558155791,0.014003072829851249,0,highway_0,0,1051.600403606361,1375.600403606361,,7.391997805008248
38.2,ego_0,1378.5899804429823,-11.200000000000003,29.895768366212952,286.4292336674621,llm_1,0.013958628448176991,0.013958628448176991,0.013958628448176991,0.013958628448176991,0.013820424206087978,0,highway_0,0,1054.5899804429823,1378.5899804429823,,7.375687372637206
38.3,ego_0,1381.579693680939,-11.200000000000003,29.897132379566905,287.16519140047853,llm_1,0.01377653487492056,0.01377653487492056,0.01377653487492056,0.01377653487492056,0.013640133539531973,0,highway_0,0,1057.579693680939,1381.579693680939,,7.359577330165479
38.4,ego_0,1384.5695415406062,-11.200000000000003,29.898478596671993,287.89955790068984,llm_1,0.013596792761396503,0.013596792761396503,0.013596792761396503,0.013596792761396503,0.013462171050875327,0,highway_0,0,1060.5695415406062,1384.5695415406062,,7.343665002112367
38.5,ego_0,1387.5595222653467,-11.200000000000003,29.899807247403967,288.6323526760682,llm_1,0.013419372392933492,0.013419372392933492,0.013419372392933492,0.013419372392933492,0.013286507319740792,0,highway_0,0,1063.5595222653467,1387.5595222653467,,7.327947753783189
38.6,ego_0,1390.54963412122,-11.200000000000003,29.901118558732016,289.3635949751206,llm_1,0.01324424441326887,0.01324424441326887,0.01324424441326887,0.01324424441326887,0.013113113280489586,0,highway_0,0,1066.54963412122,1390.54963412122,,7.312422990525157
38.7,ego_0,1393.5398753966954,-11.200000000000003,29.902412754753865,290.0933037908205,llm_1,0.013071379820682261,0.013071379820682261,0.013071379820682261,0.013071379820682261,0.012941960218491033,0,highway_0,0,1069.5398753966954,1393.5398753966954,,7.297088156999802
38.8,ego_0,1396.5302444023685,-11.200000000000003,29.903690056730515,290.8214978644676,llm_1,0.012900749964151519,0.012900749964151519,0.012900749964151519,0.012900749964151519,0.012773019766498805,0,highway_0,0,1072.5302444023685,1396.5302444023685,,7.281940736471515
38.9,ego_0,1399.5207394706806,-11.200000000000003,29.904950683120568,291.5481956894787,llm_1,0.012732326539536903,0.012732326539536903,0.012732326539536903,0.012732326539536903,0.012606263900529768,0,highway_0,0,1075.5207394706806,1399.5207394706806,,7.2669782501118405
39.0,ego_0,1402.511358955642,-11.200000000000003,29.906194849614213,292.2734155151106,llm_1,0.012566081585802505,0.012566081585802505,0.012566081585802505,0.012566081585802505,0.012441664936453378,0,highway_0,0,1078.511358955642,1402.511358955642,,7.2521982563189376
39.1,ego_0,1405.5021012325587,-11.200000000000003,29.90742276916681,292.99717535011564,llm_1,0.012401987481258956,0.012401987481258956,0.012401987481258956,0.012401987481258956,0.012279195525977116,0,highway_0,0,1081.5021012325587,1405.5021012325587,,7.237598350052007
39.2,ego_0,1408.4929646977619,-11.200000000000003,29.90863465203214,293.71949296633375,llm_1,0.012240016939844306,0.012240016939844306,0.012240016939844306,0.012240016939844306,0.012118828653306934,0,highway_0,0,1084.4929646977619,1408.4929646977619,,7.223176162180131
39.3,ego_0,1411.4839477683413,-11.200000000000003,29.909830705795255,294.4403859022184,llm_1,0.012080143007426688,0.012080143007426688,0.012080143007426688,0.012080143007426688,0.011960537631132695,0,highway_0,0,1087.4839477683413,1411.4839477683413,,7.208929358845278
39.4,ego_0,1414.4750488818818,-11.200000000000003,29.911011135404973,295.1598714663023,llm_1,0.011922339058144072,0.011922339058144072,0.011922339058144072,0.011922339058144072,0.011804296097182032,0,highway_0,0,1090.4750488818818,1414.4750488818818,,7.194855640838984
39.5,ego_0,1417.4662664962025,-11.200000000000003,29.91217614320604,295.87796674060155,llm_1,0.01176657879077271,0.01176657879077271,0.01176657879077271,0.01176657879077271,0.011650078010667642,0,highway_0,0,1093.4662664962025,1417.4662664962025,,7.180952742992446
39.6,ego_0,1420.4575990890996,-11.200000000000003,29.913325928970902,296.5946885839594,llm_1,0.011612836225121624,0.011612836225121624,0.011612836225121624,0.011612836225121624,0.011497857648627985,0,highway_0,0,1096.4575990890996,1420.4575990890996,,7.1672184335796665
39.7,ego_0,1423.4490451580928,-11.200000000000003,29.914460689931143,297.3100536353327,llm_1,0.01146108569846459,0.01146108569846459,0.01146108569846459,0.01146108569846459,0.011347609602410103,0,highway_0,0,1099.4490451580928,1423.4490451580928,,7.153650513733222
39.8,ego_0,1426.4406032201737,-11.200000000000003,29.91558062080857,298.02407831702,llm_1,0.011311301861994739,0.011311301861994739,0.011311301861994739,0.011311301861994739,0.01119930877425901,0,highway_0,0,1102.4406032201737,1426.4406032201737,,7.140246816872498
39.9,ego_0,1429.4322718115582,-11.200000000000003,29.916685913845928,298.73677883783444,llm_1,0.011163459677315475,0.011163459677315475,0.011163459677315475,0.011163459677315475,0.011052930373587344,0,highway_0,0,1105.4322718115582,1429.4322718115582,,7.127005208143938
40.0,ego_0,1432.4240494874418,-11.200000000000003,29.917776758837313,299.4481711962219,llm_1,0.011017534412960273,0.011017534412960273,0.011017534412960273,0.011017534412960273,0.010908449913848983,0,highway_0,0,1108.4240494874418,1432.4240494874418,,7.1139235838730315
40.1,ego_0,1435.4159348217577,-11.200000000000003,29.9188533431582,300.1582711833246,llm_1,0.010873501640940683,0.010873501640940683,0.010873501640940683,0.010873501640940683,0.010765843208879744,0,highway_0,0,1111.4159348217577,1435.4159348217577,,7.100999871027792
40.2,ego_0,1438.4079264069371,-11.200000000000003,29.919915851795167,300.86709438599405,llm_1,0.010731337233328158,0.010731337233328158,0.010731337233328158,0.010731337233328158,0.010625086369664416,0,highway_0,0,1114.4079264069371,1438.4079264069371,,7.088232026693397
40.3,ego_0,1441.4000228536747,-11.200000000000003,29.920964467375253,301.5746561897497,llm_1,0.010591017358862548,0.010591017358862548,0.010591017358862548,0.010591017358862548,0.010486155800855101,0,highway_0,0,1117.4000228536747,1441.4000228536747,,7.0756180375577
40.4,ego_0,1444.3922227906942,-11.200000000000003,29.921999370195014,302.2809717816906,llm_1,0.010452518479594119,0.010452518479594119,0.010452518479594119,0.010452518479594119,0.0103490281976093,0,highway_0,0,1120.3922227906942,1444.3922227906942,,7.063155919407368
40.5,ego_0,1447.384524864519,-11.200000000000003,29.923020738249225,302.98605615335396,llm_1,0.010315817347553137,0.010315817347553137,0.010315817347553137,0.010315817347553137,0.01021368054210825,0,highway_0,0,1123.384524864519,1447.384524864519,,7.050843716634407
40.6,ego_0,1450.376927739245,-11.200000000000003,29.92402874725927,303.68992410352917,llm_1,0.010180891001452343,0.010180891001452343,0.010180891001452343,0.010180891001452343,0.010080090100466066,0,highway_0,0,1126.376927739245,1450.376927739245,,7.038679501752718
40.7,ego_0,1453.3694300963152,-11.200000000000003,29.925023570701196,304.3925902410215,llm_1,0.010047716763416144,0.010047716763416144,0.010047716763416144,0.010047716763416144,0.009948234419248081,0,highway_0,0,1129.3694300963152,1453.3694300963152,,7.02666137492459
40.8,ego_0,1456.3620306342987,-11.200000000000003,29.926005379833448,305.094068987371,llm_1,0.009916272235746013,0.009916272235746013,0.009916272235746013,0.009916272235746013,0.009818091322522093,0,highway_0,0,1132.3620306342987,1456.3620306342987,,7.014787463496745
40.9,ego_0,1459.3547280686712,-11.200000000000003,29.92697434372431,305.79437457952554,llm_1,0.009786535297708218,0.009786535297708218,0.009786535297708218,0.009786535297708218,0.009689638908625398,0,highway_0,0,1135.3547280686712,1459.3547280686712,,7.003055921545773
41.0,ego_0,1462.347521131599,-11.200000000000003,29.927930629279,306.49352107246887,llm_1,0.009658484102355768,0.009658484102355768,0.009658484102355768,0.009658484102355768,0.009562855546896287,0,highway_0,0,1138.347521131599,1462.347521131599,,6.99146492943272
41.1,ego_0,1465.3404085717257,-11.200000000000003,29.928874401266462,307.19152234180547,llm_1,0.009532097073381367,0.009532097073381367,0.009532097073381367,0.009532097073381367,0.009437719874618722,0,highway_0,0,1141.3404085717257,1465.3404085717257,,6.980012693366625
41.2,ego_0,1468.3333891539603,-11.200000000000003,29.92980582234587,307.88839208630316,llm_1,0.009407352901997283,0.009407352901997283,0.009407352901997283,0.009407352901997283,0.009314210794073574,0,highway_0,0,1144.3333891539603,1468.3333891539603,,6.968697444976705
41.3,ego_0,1471.3264616592696,-11.200000000000003,29.930725053092786,308.58414383039235,llm_1,0.009284230543844576,0.009284230543844576,0.009284230543844576,0.009284230543844576,0.009192307469163552,0,highway_0,0,1147.3264616592696,1471.3264616592696,,6.957517440893142
41.4,ego_0,1474.3196248844722,-11.200000000000003,29.931632252025057,309.2787909266258,llm_1,0.009162709215936692,0.009162709215936692,0.009162709215936692,0.009162709215936692,0.009071989322713137,0,highway_0,0,1150.3196248844722,1474.3196248844722,,6.946470962336075
41.5,ego_0,1477.3128776420351,-11.200000000000003,29.932527575628388,309.9723465580969,llm_1,0.009042768393626669,0.009042768393626669,0.009042768393626669,0.009042768393626669,0.008953236033306666,0,highway_0,0,1153.3128776420351,1477.3128776420351,,6.935556314712773
41.6,ego_0,1480.3062187598732,-11.200000000000003,29.933411178381615,310.6648237408192,llm_1,0.008924387807607055,0.008924387807607055,0.008924387807607055,0.008924387807607055,0.008836027532268531,0,highway_0,0,1156.3062187598732,1480.3062187598732,,6.924771827222674
41.7,ego_0,1483.2996470811513,-11.200000000000003,29.934283212781708,311.3562353260663,llm_1,0.008807547440938005,0.008807547440938005,0.008807547440938005,0.008807547440938005,0.008720344000927582,0,highway_0,0,1159.2996470811513,1483.2996470811513,,6.914115852470154
41.8,ego_0,1486.2931614640881,-11.200000000000003,29.93514382936845,11.671302015266292,llm_0,0.008692227526103675,0.008692227526103675,0.008692227526103675,0.008692227526103675,0.00860616586741969,0,highway_0,0,1162.2931614640881,1486.2931614640881,,-0.4301957088013957
41.9,ego_0,1489.1862181517567,-11.200000000000003,28.930566876685056,11.72884929435736,llm_0,-10.146227222102286,-10.146227222102286,-10.146227222102286,-10.146227222102286,-10.045769526833936,0,highway_0,0,1165.1862181517567,1489.1862181517567,,0.5754727909111033
42.0,ego_0,1492.0386933197547,-11.200000000000003,28.524751679979207,11.823130273919105,llm_0,-4.098733486729067,-4.098733486729067,-4.098733486729067,-4.098733486729067,-4.058151967058485,0,highway_0,0,1168.0386933197547,1492.0386933197547,,0.9428097956166432
42.1,ego_0,1494.865918119542,-11.200000000000003,28.27224799787179,11.937178830525454,llm_0,-2.5502871892849037,-2.5502871892849037,-2.5502871892849037,-2.5502871892849037,-2.525036821074167,0,highway_0,0,1170.865918119542,1494.865918119542,,1.1404855660637416
42.2,ego_0,1497.6748962627387,-11.200000000000003,28.08978143196792,12.063055768719778,llm_0,-1.842912315629106,-1.842912315629106,-1.842912315629106,-1.842912315629106,-1.8246656590386934,0,highway_0,0,1173.6748962627387,1497.6748962627387,,1.2587693819420416
42.3,ego_0,1500.4694908062563,-11.200000000000003,27.945945435176473,12.196311633098503,llm_0,-1.4527435675936096,-1.4527435675936096,-1.4527435675936096,-1.4527435675936096,-1.4383599679144865,0,highway_0,0,1176.4694908062563,1500.4694908062563,,1.3325586437865837
42.4,ego_0,1503.2520636034646,-11.200000000000003,27.825727972082717,12.334202060754706,llm_0,-1.214196377246917,-1.214196377246917,-1.214196377246917,-1.214196377246917,-1.2021746309375558,0,highway_0,0,1179.2520636034646,1503.2520636034646,,1.378904276563084
42.5,ego_0,1506.0241572848506,-11.200000000000003,27.72093681386059,12.474931335783594,llm_0,-1.0583906980435054,-1.0583906980435054,-1.0583906980435054,-1.0583906980435054,-1.0479115822212748,0,highway_0,0,1182.0241572848506,1506.0241572848506,,1.4072927502874002
42.6,ego_0,1508.7868273178563,-11.200000000000003,27.626700330056163,12.617277404528977,llm_0,-0.9517884864246978,-0.9517884864246978,-0.9517884864246978,-0.9517884864246978,-0.9423648380442629,0,highway_0,0,1184.7868273178563,1508.7868273178563,,1.4234606874531721
42.7,ego_0,1511.5408215929574,-11.200000000000003,27.539942751011072,12.760385631638655,llm_0,-0.8762515483554159,-0.8762515483554159,-0.8762515483554159,-0.8762515483554159,-0.867575790450914,0,highway_0,0,1187.5408215929574,1511.5408215929574,,1.4310822710965212
42.8,ego_0,1514.2866851698564,-11.200000000000003,27.45863576899053,12.903646629777086,llm_0,-0.821200518407471,-0.821200518407471,-0.821200518407471,-0.821200518407471,-0.8130698202054276,0,highway_0,0,1190.2866851698564,1514.2866851698564,,1.4326099813836564
42.9,ego_0,1517.0248249323513,-11.200000000000003,27.38139762494985,13.04661979071966,llm_0,-0.7801052548108317,-0.7801052548108317,-0.7801052548108317,-0.7801052548108317,-0.7723814404067753,0,highway_0,0,1193.0248249323513,1517.0248249323513,,1.429731609424966
43.0,ego_0,1519.7555512698416,-11.200000000000003,27.30726337490355,13.188983373637257,llm_0,-0.7487559254676356,-0.7487559254676356,-0.7487559254676356,-0.7487559254676356,-0.741342500463027,0,highway_0,0,1195.7555512698416,1519.7555512698416,,1.4236358291753106
43.1,ego_0,1522.4791058731648,-11.200000000000003,27.23554603323261,13.3305008569655,llm_0,-0.7243451508765179,-0.7243451508765179,-0.7243451508765179,-0.7243451508765179,-0.7171734167094002,0,highway_0,0,1198.4791058731648,1522.4791058731648,,1.4151748332832064
43.2,ego_0,1525.1956807699785,-11.200000000000003,27.16574896813639,13.47099767510872,llm_0,-0.7049503574718,-0.7049503574718,-0.7049503574718,-0.7049503574718,-0.6979706509621764,0,highway_0,0,1201.1956807699785,1525.1956807699785,,1.4049681814331656
43.3,ego_0,1527.9054316381082,-11.200000000000003,27.097508681297203,13.610344812190306,llm_0,-0.6892268970757995,-0.6892268970757995,-0.6892268970757995,-0.6892268970757995,-0.6824028683918826,0,highway_0,0,1203.9054316381082,1527.9054316381082,,1.3934713708158988
43.4,ego_0,1530.6084872747701,-11.200000000000003,27.03055636661952,13.748447047230911,llm_0,-0.6762183782445678,-0.6762183782445678,-0.6762183782445678,-0.6762183782445678,-0.6695231467768181,0,highway_0,0,1206.6084872747701,1530.6084872747701,,1.3810223504050185
43.5,ego_0,1533.3049564235105,-11.200000000000003,26.96469148740372,13.885234424002192,llm_0,-0.6652352800795748,-0.6652352800795748,-0.6652352800795748,-0.6652352800795748,-0.6586487921580186,0,highway_0,0,1209.3049564235105,1533.3049564235105,,1.36787376771251
43.6,ego_0,1535.994932750803,-11.200000000000003,26.899763272925714,14.02065599619118,llm_0,-0.6557749662278499,-0.6557749662278499,-0.6557749662278499,-0.6557749662278499,-0.6492821447800523,0,highway_0,0,1211.994932750803,1535.994932750803,,1.3542157218884299
43.7,ego_0,1538.6784985070012,-11.200000000000003,26.83565756198343,14.154675201221153,llm_0,-0.6474676805170586,-0.6474676805170586,-0.6474676805170586,-0.6474676805170586,-0.6410571094228246,0,highway_0,0,1214.6784985070012,1538.6784985070012,,1.340192050300132
43.8,ego_0,1541.3557272400435,-11.200000000000003,26.772287330423104,14.28726641367939,llm_0,-0.6400393387592967,-0.6400393387592967,-0.6400393387592967,-0.6400393387592967,-0.6337023156032728,0,highway_0,0,1217.3557272400435,1541.3557272400435,,1.3259121245828602
43.9,ego_0,1544.026685820039,-11.200000000000003,26.709585799953484,14.41841236149412,llm_0,-0.633285457743194,-0.633285457743194,-0.633285457743194,-0.633285457743194,-0.6270153046962079,0,highway_0,0,1220.026685820039,1544.026685820039,,1.3114594781468085
44.0,ego_0,1546.6914359581508,-11.200000000000003,26.647501381118765,14.548102178309136,llm_0,-0.6270526302306505,-0.6270526302306505,-0.6270526302306505,-0.6270526302306505,-0.6208441883471849,0,highway_0,0,1222.6914359581508,1546.6914359581508,,1.2968981681501717
44.1,ego_0,1549.3500353516386,-11.200000000000003,26.58599393487651,14.676329928272253,llm_0,-0.6212252070468058,-0.6212252070468058,-0.6212252070468058,-0.6212252070468058,-0.6150744624225624,0,highway_0,0,1225.3500353516386,1549.3500353516386,,1.2822774996320447
44.2,ego_0,1552.0025385507881,-11.200000000000003,26.525031991495005,14.803093483729526,llm_0,-0.6157156281531692,-0.6157156281531692,-0.6157156281531692,-0.6157156281531692,-0.609619433815034,0,highway_0,0,1228.0025385507881,1552.0025385507881,,1.267635554573424
44.3,ego_0,1554.6489976178157,-11.200000000000003,26.46459067027646,14.92839366793828,llm_0,-0.6104573443073302,-0.6104573443073302,-0.6104573443073302,-0.6104573443073302,-0.6044132121854418,0,highway_0,0,1230.6489976178157,1554.6489976178157,,1.2530018420859363
44.4,ego_0,1557.2894626294153,-11.200000000000003,26.404650115995505,15.052233597728446,llm_0,-0.6053995982376784,-0.6053995982376784,-0.6053995982376784,-0.6053995982376784,-0.5994055428095635,0,highway_0,0,1233.2894626294153,1557.2894626294153,,1.2383992979014593
44.5,ego_0,1559.9239820612813,-11.200000000000003,26.34519431865955,15.17461817765593,llm_0,-0.6005035530931478,-0.6005035530931478,-0.6005035530931478,-0.6005035530931478,-0.5945579733595352,0,highway_0,0,1235.9239820612813,1559.9239820612813,,1.2238457992751925
44.6,ego_0,1562.5526030831982,-11.200000000000003,26.286210219168648,15.295553709371006,llm_0,-0.5957394048581119,-0.5957394048581119,-0.5957394048581119,-0.5957394048581119,-0.5898409949090322,0,highway_0,0,1238.5526030831982,1562.5526030831982,,1.2093553171511324
44.7,ego_0,1565.1753717861213,-11.200000000000003,26.22768702923208,15.415047588926654,llm_0,-0.5910842183593319,-0.5910842183593319,-0.5910842183593319,-0.5910842183593319,-0.585231899365688,0,highway_0,0,1241.1753717861213,1565.1753717861213,,1.1949387955556894
44.8,ego_0,1567.7923333573754,-11.200000000000003,26.169615712539827,15.53310807142907,llm_0,-0.5865202985917491,-0.5865202985917491,-0.5865202985917491,-0.5865202985917491,-0.5807131669225285,0,highway_0,0,1243.7923333573754,1567.7923333573754,,1.1806048250246626
44.9,ego_0,1570.4035322161524,-11.200000000000003,26.11198858777,15.64974408742114,llm_0,-0.5820339601752396,-0.5820339601752396,-0.5820339601752396,-0.5820339601752396,-0.5762712476982657,0,highway_0,0,1246.4035322161524,1570.4035322161524,,1.166360159921343
45.0,ego_0,1573.0090121185501,-11.200000000000003,26.054799023977083,15.764965099123401,llm_0,-0.5776145943084483,-0.5776145943084483,-0.5776145943084483,-0.5776145943084483,-0.571895637929174,0,highway_0,0,1249.0090121185501,1573.0090121185501,,1.1522101170235963
45.1,ego_0,1575.608816239176,-11.200000000000003,25.99804120625756,15.878780987475011,llm_0,-0.5732539589671845,-0.5732539589671845,-0.5732539589671845,-0.5732539589671845,-0.567578177195216,0,highway_0,0,1251.608816239176,1575.608816239176,,1.138158883516354
45.2,ego_0,1578.2029872346802,-11.200000000000003,25.941709955042253,15.991201963039657,llm_0,-0.5689456372746209,-0.5689456372746209,-0.5689456372746209,-0.5689456372746209,-0.5633125121530824,0,highway_0,0,1254.2029872346802,1578.2029872346802,,1.1242097556483195
45.3,ego_0,1580.791567293323,-11.200000000000003,25.885800586427678,16.10223849545673,llm_0,-0.5646846230071985,-0.5646846230071985,-0.5646846230071985,-0.5646846230071985,-0.5590936861457507,0,highway_0,0,1256.791567293323,1580.791567293323,,1.1103653241707754
45.4,ego_0,1583.374598173723,-11.200000000000003,25.830308803998978,16.211901257338468,llm_0,-0.5604670025298726,-0.5604670025298726,-0.5604670025298726,-0.5604670025298726,-0.5549178242869957,0,highway_0,0,1259.374598173723,1583.374598173723,,1.0966276188178234
45.5,ego_0,1585.952121235211,-11.200000000000003,25.775230614880492,16.32020107945641,llm_0,-0.5562897100967237,-0.5562897100967237,-0.5562897100967237,-0.5562897100967237,-0.5507818911848616,0,highway_0,0,1261.952121235211,1585.952121235211,,1.082998221180759
45.6,ego_0,1588.5241774616582,-11.200000000000003,25.72056226447152,16.42714891476976,llm_0,-0.5521503391306165,-0.5521503391306165,-0.5521503391306165,-0.5521503391306165,-0.5466835040897067,0,highway_0,0,1264.5241774616582,1588.5241774616582,,1.0694783531319807
45.7,ego_0,1591.0908074802207,-11.200000000000003,25.666300185626568,16.532755809398623,llm_0,-0.548046996334049,-0.548046996334049,-0.548046996334049,-0.548046996334049,-0.5426207884495327,0,highway_0,0,1267.0908074802207,1591.0908074802207,,1.0560689462877626
45.8,ego_0,1593.6520515761235,-11.200000000000003,25.612440959026863,16.63703287907174,llm_0,-0.5439781886570362,-0.5439781886570362,-0.5439781886570362,-0.5439781886570362,-0.5385922659970532,0,highway_0,0,1269.6520515761235,1593.6520515761235,,1.0427706967318358
45.9,ego_0,1596.2079497043476,-11.200000000000003,25.558981282241387,16.73999128989726,llm_0,-0.5399427355333087,-0.5399427355333087,-0.5399427355333087,-0.5399427355333087,-0.5345967678547581,0,highway_0,0,1272.2079497043476,1596.2079497043476,,1.0295841082550545
46.0,ego_0,1598.7585414989026,-11.200000000000003,25.505917945548692,16.84164224255983,llm_0,-0.5359397005962179,-0.5359397005962179,-0.5359397005962179,-0.5359397005962179,-0.5306333669269492,0,highway_0,0,1274.7585414989026,1598.7585414989026,,1.0165095266272246
46.1,ego_0,1601.3038662802055,-11.200000000000003,25.453247813029265,16.94199695924476,llm_0,-0.5319683384462207,-0.5319683384462207,-0.5319683384462207,-0.5319683384462207,-0.5267013251942743,0,highway_0,0,1277.3038662802055,1601.3038662802055,,1.003547166849998
46.2,ego_0,1603.843963060983,-11.200000000000003,25.40096780777438,17.04106667273504,llm_0,-0.5280280530743685,-0.5280280530743685,-0.5280280530743685,-0.5280280530743685,-0.5228000525488596,0,highway_0,0,1279.843963060983,1603.843963060983,,0.9906971349042379
46.3,ego_0,1606.3788705510146,-11.200000000000003,25.349074900315756,17.138862617252016,llm_0,-0.5241183653321027,-0.5241183653321027,-0.5241183653321027,-0.5241183653321027,-0.5189290745862252,0,highway_0,0,1282.3788705510146,1606.3788705510146,,0.9779594451692049
46.4,ego_0,1608.9086271609726,-11.200000000000003,25.297566099579498,17.235396020695134,llm_0,-0.5202388874361863,-0.5202388874361863,-0.5202388874361863,-0.5202388874361863,-0.5150880073625785,0,highway_0,0,1284.9086271609726,1608.9086271609726,,0.9653340344316916
46.5,ego_0,1611.4332710055548,-11.200000000000003,25.246438445821436,17.33067809801537,llm_0,-0.5163893029564107,-0.5163893029564107,-0.5163893029564107,-0.5163893029564107,-0.5112765375806205,0,highway_0,0,1287.4332710055548,1611.4332710055548,,0.9528207732025038
46.6,ego_0,1613.9528399060669,-11.200000000000003,25.195689005120055,17.424720045505637,llm_0,-0.5125693510839376,-0.5125693510839376,-0.5125693510839376,-0.5125693510839376,-0.5074944070138088,0,highway_0,0,1289.9528399060669,1613.9528399060669,,0.9404194749018799
46.7,ego_0,1616.4673713925763,-11.200000000000003,25.14531486509542,17.517533035841097,llm_0,-0.5087788142488558,-0.5087788142488558,-0.5087788142488558,-0.5087788142488558,-0.5037414002463692,0,highway_0,0,1292.4673713925763,1616.4673713925763,,0.9281299033544883
46.8,ego_0,1618.9769027057357,-11.200000000000003,25.09531313159418,17.609128213735175,llm_0,-0.505017508362502,-0.505017508362502,-0.505017508362502,-0.505017508362502,-0.500017335012366,0,highway_0,0,1294.9769027057357,1618.9769027057357,,0.9159517789402685
46.9,ego_0,1621.4814707983494,-11.200000000000003,25.04568092613669,17.699516692102634,llm_0,-0.5012852751206656,-0.5012852751206656,-0.5012852751206656,-0.5012852751206656,-0.49632205457491807,0,highway_0,0,1297.4814707983494,1621.4814707983494,,0.9038847836738348
47.0,ego_0,1623.981112336746,-11.200000000000003,24.99641538396561,17.78870954864533,llm_0,-0.497581975927919,-0.497581975927919,-0.497581975927919,-0.497581975927919,-0.4926554217108148,0,highway_0,0,1299.981112336746,1623.981112336746,,0.8919285654276266
47.1,ego_0,1626.475863702003,-11.200000000000003,24.94751365256967,17.876717822792216,llm_0,-0.49390748709900345,-0.49390748709900345,-0.49390748709900345,-0.49390748709900345,-0.4890173139594012,0,highway_0,0,1302.475863702003,1626.475863702003,,0.8800827414688719
47.2,ego_0,1628.9657609910612,-11.200000000000003,24.89897289058274,17.963552512936758,llm_0,-0.49026169606796455,-0.49026169606796455,-0.49026169606796455,-0.49026169606796455,-0.48540761986927805,0,highway_0,0,1304.9657609910612,1628.9657609910612,,0.8683469014450118
47.3,ego_0,1631.4508400177592,-11.200000000000003,24.850790266979374,18.049224573929223,llm_0,-0.4866444983939969,-0.4866444983939969,-0.4866444983939969,-0.4866444983939969,-0.4818262360336689,0,highway_0,0,1307.4508400177592,1631.4508400177592,,0.8567206099245048
47.4,ego_0,1633.9311363138097,-11.200000000000003,24.80296296050436,18.13374491478703,llm_0,-0.4830557953976484,-0.4830557953976484,-0.4830557953976484,-0.4830557953976484,-0.478273064750141,0,highway_0,0,1309.9311363138097,1633.9311363138097,,0.8452034085778664
47.5,ego_0,1636.4066851297384,-11.200000000000003,24.755488159286852,18.21712439659359,llm_0,-0.47949549229682686,-0.47949549229682686,-0.47949549229682686,-0.47949549229682686,-0.4747480121750769,0,highway_0,0,1312.4066851297384,1636.4066851297384,,0.8337948180666181
47.6,ego_0,1638.8775214357984,-11.200000000000003,24.70836306059977,18.299373830563127,llm_0,-0.4759634967395099,-0.4759634967395099,-0.4759634967395099,-0.4759634967395099,-0.4712509868708281,0,highway_0,0,1314.8775214357984,1638.8775214357984,,0.8224943396940709
47.7,ego_0,1641.3436799228716,-11.200000000000003,24.66158487073327,18.3805039762492,llm_0,-0.4724597176516043,-0.4724597176516043,-0.4724597176516043,-0.4724597176516043,-0.467781898664974,0,highway_0,0,1317.3436799228716,1641.3436799228716,,0.8113014568610524
47.8,ego_0,1643.8051950033673,-11.200000000000003,24.615150804957445,18.46052553988534,llm_0,-0.4689840643358333,-0.4689840643358333,-0.4689840643358333,-0.4689840643358333,-0.46434065775827094,0,highway_0,0,1319.8051950033673,1643.8051950033673,,0.8002156363611732
47.9,ego_0,1646.2621008121228,-11.200000000000003,24.56905808755447,18.539449172839568,llm_0,-0.4655364457700444,-0.4655364457700444,-0.4655364457700444,-0.4655364457700444,-0.4609271740297416,0,highway_0,0,1322.2621008121228,1646.2621008121228,,0.7892363295432396
48.0,ego_0,1648.7144312073133,-11.200000000000003,24.523303951904463,18.61728547017583,llm_0,-0.46211677006505836,-0.46211677006505836,-0.46211677006505836,-0.46211677006505836,-0.457541356500073,0,highway_0,0,1324.7144312073133,1648.7144312073133,,0.7783629733631905
48.1,ego_0,1651.1622197713746,-11.200000000000003,24.477885640612453,18.694044969310198,llm_0,-0.4587249440493053,-0.4587249440493053,-0.4587249440493053,-0.4587249440493053,-0.4541831129201057,0,highway_0,0,1327.1622197713746,1651.1622197713746,,0.767594991343433
48.2,ego_0,1653.6054998119412,-11.200000000000003,24.43280040566641,18.76973814875555,llm_0,-0.45536087295501493,-0.45536087295501493,-0.45536087295501493,-0.45536087295501493,-0.4508523494604333,0,highway_0,0,1329.6054998119412,1653.6054998119412,,0.7569317944541467
48.3,ego_0,1656.044304362803,-11.200000000000003,24.38804550861836,18.844375426948545,llm_0,-0.452024460185271,-0.452024460185271,-0.452024460185271,-0.452024460185271,-0.4475489704804758,0,highway_0,0,1332.044304362803,1656.044304362803,,0.746372781928244
48.4,ego_0,1658.4786661848811,-11.200000000000003,24.343618220782158,18.9179671611505,llm_0,-0.44871560714563374,-0.44871560714563374,-0.44871560714563374,-0.44871560714563374,-0.44427287836203533,0,highway_0,0,1334.4786661848811,1658.4786661848811,,0.7359173420195511
48.5,ego_0,1660.9086177672255,-11.200000000000003,24.299515823442796,18.990523646421707,llm_0,-0.44543421312755194,-0.44543421312755194,-0.44543421312755194,-0.44543421312755194,-0.44102397339361943,0,highway_0,0,1336.9086177672255,1660.9086177672255,,0.7255648527119547
48.6,ego_0,1663.3341913280328,-11.200000000000003,24.255735608073223,19.062055114660325,llm_0,-0.4421801752326553,-0.4421801752326553,-0.4421801752326553,-0.4421801752326553,-0.4378021536957277,0,highway_0,0,1339.3341913280328,1663.3341913280328,,0.7153146823858698
48.7,ego_0,1665.7554188156885,-11.200000000000003,24.212274876555398,19.132571733704935,llm_0,-0.4389533883300467,-0.4389533883300467,-0.4389533883300467,-0.4389533883300467,-0.4346073151782548,0,highway_0,0,1341.7554188156885,1665.7554188156885,,0.7051661904471587
48.8,ego_0,1668.1723319098287,-11.200000000000003,24.16913094140296,19.202083606497354,llm_0,-0.43575374503964204,-0.43575374503964204,-0.43575374503964204,-0.43575374503964204,-0.4314393515243964,0,highway_0,0,1344.1723319098287,1668.1723319098287,,0.695118727922889
48.9,ego_0,1670.5849620224271,-11.200000000000003,24.12630112598355,19.270600770300007,llm_0,-0.4325811357360543,-0.4325811357360543,-0.4325811357360543,-0.4325811357360543,-0.42829815419409556,0,highway_0,0,1346.5849620224271,1670.5849620224271,,0.6851716380273167
49.0,ego_0,1672.993340298901,-11.200000000000003,24.08378276473908,19.33813319597016,llm_0,-0.42943544856912974,-0.42943544856912974,-0.42943544856912974,-0.42943544856912974,-0.42518361244468394,0,highway_0,0,1348.993340298901,1672.993340298901,,0.6753242567011419
49.1,ego_0,1675.3974976192414,-11.200000000000003,24.041573203402745,19.40469078728279,llm_0,-0.4263165694969928,-0.4263165694969928,-0.4263165694969928,-0.4263165694969928,-0.42209561336335355,0,highway_0,0,1351.3974976192414,1675.3974976192414,,0.6655759131263927
49.2,ego_0,1677.7974645991626,-11.200000000000003,23.99966979921171,19.470283380304636,llm_0,-0.4232243823294841,-0.4232243823294841,-0.4232243823294841,-0.4232243823294841,-0.41903404191035776,0,highway_0,0,1353.7974645991626,1677.7974645991626,,0.6559259302190199
49.3,ego_0,1680.193271591274,-11.200000000000003,23.95806992111476,19.534920742814847,llm_0,-0.4201587687791992,-0.4201587687791992,-0.4201587687791992,-0.4201587687791992,-0.4159987809694954,0,highway_0,0,1356.193271591274,1680.193271591274,,0.6463736251009387
49.4,ego_0,1682.5849486862714,-11.200000000000003,23.91677094997431,19.598612573770197,llm_0,-0.4171196085185359,-0.4171196085185359,-0.4171196085185359,-0.4171196085185359,-0.41298971140449225,0,highway_0,0,1358.5849486862714,1682.5849486862714,,0.6369183095529216
49.5,ego_0,1684.9725257141477,-11.200000000000003,23.875770278762293,19.661368502815094,llm_0,-0.41410677924137085,-0.41410677924137085,-0.41410677924137085,-0.41410677924137085,-0.4100067121201789,0,highway_0,0,1360.9725257141477,1684.9725257141477,,0.6275592904496712
49.6,ego_0,1687.3560322454225,-11.200000000000003,23.83506531274963,19.723198089832977,llm_0,-0.41112015672786484,-0.41112015672786484,-0.41112015672786484,-0.41112015672786484,-0.40704966012661714,0,highway_0,0,1363.3560322454225,1687.3560322454225,,0.6182958701780841
49.7,ego_0,1689.7354975923913,-11.200000000000003,23.794653469689067,19.784110824537038,llm_0,-0.4081596149117017,-0.4081596149117017,-0.4081596149117017,-0.4081596149117017,-0.40411843060564223,0,highway_0,0,1365.7354975923913,1689.7354975923913,,0.6091273470396743
49.8,ego_0,1692.1109508103905,-11.200000000000003,23.754532179991145,19.844116126100744,llm_0,-0.40522502594899035,-0.40522502594899035,-0.40522502594899035,-0.40522502594899035,-0.40121289697921725,0,highway_0,0,1368.1109508103905,1692.1109508103905,,0.6000530156379753
49.9,ego_0,1694.4824206990797,-11.200000000000003,23.714698886893324,19.903223342825868,llm_0,-0.4023162602879966,-0.4023162602879966,-0.4023162602879966,-0.4023162602879966,-0.39833293097821354,0,highway_0,0,1370.4824206990797,1694.4824206990797,,0.5910721672516104
50.0,ego_0,1696.849935803742,-11.200000000000003,23.6751510466221,19.961441751845086,llm_0,-0.39943318673933703,-0.39943318673933703,-0.39943318673933703,-0.39943318673933703,-0.39547840271222157,0,highway_0,0,1372.849935803742,1696.849935803742,,0.5821840901937207
50.1,ego_0,1699.2135244165968,-11.200000000000003,23.635886128548208,20.018780558860954,llm_0,-0.396575672546321,-0.396575672546321,-0.396575672546321,-0.396575672546321,-0.3926491807389354,0,highway_0,0,1375.2135244165968,1699.2135244165968,,0.5733880701582663
50.2,ego_0,1701.5732145781303,-11.200000000000003,23.596901615334854,20.075248897916254,llm_0,-0.3937435834548775,-0.3937435834548775,-0.3937435834548775,-0.3937435834548775,-0.3898451321335372,0,highway_0,0,1377.5732145781303,1701.5732145781303,,0.5646833905537818
50.3,ego_0,1703.9290340784382,-11.200000000000003,23.5581950030791,20.130855831198687,llm_0,-0.39093678378311436,-0.39093678378311436,-0.39093678378311436,-0.39093678378311436,-0.3870661225575489,0,highway_0,0,1379.9290340784382,1703.9290340784382,,0.5560693328250252
50.4,ego_0,1706.2810104585828,-11.200000000000003,23.519763801446434,20.185610348875116,llm_0,-0.38815513648991684,-0.38815513648991684,-0.38815513648991684,-0.38815513648991684,-0.38431201632665335,0,highway_0,0,1382.2810104585828,1706.2810104585828,,0.5475451767629629
50.5,ego_0,1708.6291710119626,-11.200000000000003,23.481605533798636,20.239521368955593,llm_0,-0.3853985032427847,-0.3853985032427847,-0.3853985032427847,-0.3853985032427847,-0.38158267647798283,0,highway_0,0,1384.6291710119626,1708.6291710119626,,0.5391102008034814
50.6,ego_0,1710.9735427856942,-11.200000000000003,23.443717737315005,20.292597737186952,llm_0,-0.38266674448465143,-0.38266674448465143,-0.38266674448465143,-0.38266674448465143,-0.3788779648363061,0,highway_0,0,1386.9735427856942,1710.9735427856942,,0.5307636823152606
50.7,ego_0,1713.314152582005,-11.200000000000003,23.40609796310714,20.34484822697459,llm_0,-0.3799597194994384,-0.3799597194994384,-0.3799597194994384,-0.3799597194994384,-0.3761977420786522,0,highway_0,0,1389.314152582005,1713.314152582005,,0.5225048978770559
50.8,ego_0,1715.6510269596376,-11.200000000000003,23.368743776327296,20.39628153932904,llm_0,-0.37727728647640457,-0.37727728647640457,-0.37727728647640457,-0.37727728647640457,-0.373541867798437,0,highway_0,0,1391.6510269596376,1715.6510269596376,,0.5143331235448336
50.9,ego_0,1717.9841922352648,-11.200000000000003,23.33165275627053,20.446906302839807,llm_0,-0.37461930257336296,-0.37461930257336296,-0.37461930257336296,-0.37461930257336296,-0.3709102005676712,0,highway_0,0,1393.9841922352648,1717.9841922352648,,0.5062476351089984
51.0,ego_0,1720.3136744849119,-11.200000000000003,23.294822496470683,20.496731073674027,llm_0,-0.3719856239784397,-0.3719856239784397,-0.3719856239784397,-0.3719856239784397,-0.36830259799845777,0,highway_0,0,1396.3136744849119,1720.3136744849119,,0.4982477083420491
51.1,ego_0,1722.639499545391,-11.200000000000003,23.25825060479044,20.545764335597823,llm_0,-0.3693761059704741,-0.3693761059704741,-0.3693761059704741,-0.3693761059704741,-0.36571891680242885,0,highway_0,0,1398.639499545391,1722.639499545391,,0.4903326192369235
51.2,ego_0,1724.9616930157415,-11.200000000000003,23.22193470350547,20.59401450002133,llm_0,-0.36679060297816457,-0.36679060297816457,-0.36679060297816457,-0.36679060297816457,-0.3631590128496853,0,highway_0,0,1400.9616930157415,1724.9616930157415,,0.4825016442363541
51.3,ego_0,1727.2802802586798,-11.200000000000003,23.185872429382925,20.64148990606668,llm_0,-0.36422896863773313,-0.36422896863773313,-0.36422896863773313,-0.36422896863773313,-0.36062274122546256,0,highway_0,0,1403.2802802586798,1727.2802802586798,,0.4747540604534173
51.4,ego_0,1729.5952864020553,-11.200000000000003,23.1500614337543,20.68819882065486,llm_0,-0.3616910558491572,-0.3616910558491572,-0.3616910558491572,-0.3616910558491572,-0.3581099562862633,0,highway_0,0,1405.5952864020553,1729.5952864020553,,0.4670891458836337
51.5,ego_0,1731.9067363403135,-11.200000000000003,23.114499382582895,20.73414943861576,llm_0,-0.3591767168311871,-0.3591767168311871,-0.3591767168311871,-0.3591767168311871,-0.3556205117140365,0,highway_0,0,1407.9067363403135,1731.9067363403135,,0.4595061796087663
51.6,ego_0,1734.2146547359662,-11.200000000000003,23.079183956525988,20.77934988281504,llm_0,-0.35668580317475274,-0.35668580317475274,-0.35668580317475274,-0.35668580317475274,-0.3531542605690774,0,highway_0,0,1410.2146547359662,1734.2146547359662,,0.45200444199261725
51.7,ego_0,1736.5190660210653,-11.200000000000003,23.044112850991805,20.82380820430194,llm_0,-0.35421816589524835,-0.35421816589524835,-0.35421816589524835,-0.35421816589524835,-0.3507110553418258,0,highway_0,0,1412.5190660210653,1736.5190660210653,,0.44458321486903074
51.8,ego_0,1738.8199943986845,-11.200000000000003,23.009283776191484,20.86753238247411,llm_0,-0.35177365548324957,-0.35177365548324957,-0.35177365548324957,-0.35177365548324957,-0.34829074800320825,0,highway_0,0,1414.8199943986845,1738.8199943986845,,0.43724178172235995
51.9,ego_0,1741.1174638444031,-11.200000000000003,22.974694457186143,20.910530325260197,llm_0,-0.3493521219539556,-0.3493521219539556,-0.3493521219539556,-0.3493521219539556,-0.3458931900534168,0,highway_0,0,1417.1174638444031,1741.1174638444031,,0.42997942786052334
52.0,ego_0,1743.411498107796,-11.200000000000003,22.94034263392918,20.952809869318344,llm_0,-0.34695341489531684,-0.34695341489531684,-0.34695341489531684,-0.34695341489531684,-0.3435182325696218,0,highway_0,0,1419.411498107796,1743.411498107796,,0.42279544058098395
52.1,ego_0,1745.7021207139264,-11.200000000000003,22.906226061303947,20.99437878025128,llm_0,-0.3445773835148622,-0.3445773835148622,-0.3445773835148622,-0.3445773835148622,-0.3411657262523349,0,highway_0,0,1421.7021207139264,1745.7021207139264,,0.41568910932976877
52.2,ego_0,1747.989354964842,-11.200000000000003,22.8723425091569,21.03524475283666,llm_0,-0.34222387668519216,-0.34222387668519216,-0.34222387668519216,-0.34222387668519216,-0.3388355214704575,0,highway_0,0,1423.989354964842,1747.989354964842,,0.4086597258537559
52.3,ego_0,1750.2732239410748,-11.200000000000003,22.83868976232639,21.07541541127125,llm_0,-0.33989274298819694,-0.33989274298819694,-0.33989274298819694,-0.33989274298819694,-0.33652746830512115,0,highway_0,0,1426.2732239410748,1750.2732239410748,,0.40170658434643514
52.4,ego_0,1752.5537505031416,-11.200000000000003,22.80526562066717,21.11489830942992,llm_0,-0.3375838307580913,-0.3375838307580913,-0.3375838307580913,-0.3375838307580913,-0.3342414165921781,0,highway_0,0,1428.5537505031416,1752.5537505031416,,0.3948289815873274
52.5,ego_0,1754.8309572930486,-11.200000000000003,22.772067899070823,21.153700931137564,llm_0,-0.33529698812312325,-0.33529698812312325,-0.33529698812312325,-0.33529698812312325,-0.33197721596348373,0,highway_0,0,1430.8309572930486,1754.8309572930486,,0.3880262170752182
52.6,ego_0,1757.1048667357968,-11.200000000000003,22.739094427482094,21.191830690453116,llm_0,-0.33303206304614963,-0.33303206304614963,-0.33303206304614963,-0.33303206304614963,-0.329734715887291,0,highway_0,0,1433.1048667357968,1757.1048667357968,,0.38129759315543765
52.7,ego_0,1759.375501040888,-11.200000000000003,22.706343050911396,21.229294931967388,llm_0,-0.3307889033640503,-0.3307889033640503,-0.3307889033640503,-0.3307889033640503,-0.3275137657069749,0,highway_0,0,1435.375501040888,1759.375501040888,,0.37464241514133434
52.8,ego_0,1761.6428822038322,-11.200000000000003,22.67381162944349,21.266100931110486,llm_0,-0.32856735682583493,-0.32856735682583493,-0.32856735682583493,-0.32856735682583493,-0.32531421467904664,0,highway_0,0,1437.6428822038322,1761.6428822038322,,0.36805999143010126
52.9,ego_0,1763.9070320076564,-11.200000000000003,22.64149803824252,21.302255894471728,llm_0,-0.3263672711298049,-0.3263672711298049,-0.3263672711298049,-0.3263672711298049,-0.32313591200971103,0,highway_0,0,1439.9070320076564,1763.9070320076564,,0.3615496336131514
53.0,ego_0,1766.1679720244117,-11.200000000000003,22.609400167553467,21.33776696013001,llm_0,-0.32418849395945926,-0.32418849395945926,-0.32418849395945926,-0.32418849395945926,-0.32097870689053565,0,highway_0,0,1442.1679720244117,1766.1679720244117,,0.3551106565811999
53.1,ego_0,1768.4257236166818,-11.200000000000003,22.57751592270017,21.37264119799238,llm_0,-0.32203087301829947,-0.32203087301829947,-0.32203087301829947,-0.32203087301829947,-0.31884244853298327,0,highway_0,0,1444.4257236166818,1768.4257236166818,,0.3487423786241841
53.2,ego_0,1770.6803079390897,-11.200000000000003,22.545843224079995,21.406885610145082,llm_0,-0.3198942560637529,-0.3198942560637529,-0.3198942560637529,-0.3198942560637529,-0.31672698620173634,0,highway_0,0,1446.6803079390897,1770.6803079390897,,0.34244412152621706
53.3,ego_0,1772.9317459398053,-11.200000000000003,22.514380007155268,21.440507131210552,llm_0,-0.3177784909397541,-0.3177784909397541,-0.3177784909397541,-0.3177784909397541,-0.31463216924727533,0,highway_0,0,1448.9317459398053,1772.9317459398053,,0.33621521065570903
53.4,ego_0,1775.1800583620495,-11.200000000000003,22.483124222441546,1000.0,,-0.31568342560858476,-0.31568342560858476,-0.31568342560858476,-0.31568342560858476,-0.3125578471372137,0,highway_0,0,1451.1800583620495,1775.1800583620495,,-1023.4831242224416
53.5,ego_0,1777.435148427314,-11.200000000000003,22.55090065264472,1000.0,,0.6845419450520666,0.6845419450520666,0.6845419450520666,0.6845419450520666,0.677764302031747,0,highway_0,0,1453.435148427314,1777.435148427314,,-1023.5509006526447
53.6,ego_0,1779.6969783030522,-11.200000000000003,22.61829875738143,1000.0,,0.6807208578407649,0.6807208578407649,0.6807208578407649,0.6807208578407649,0.6739810473671071,0,highway_0,0,1455.6969783030522,1779.6969783030522,,-1023.6182987573815
53.7,ego_0,1781.965510028107,-11.200000000000003,22.685317250546905,1000.0,,0.6768867809712561,0.6768867809712561,0.6768867809712561,0.6768867809712561,0.6701849316547381,0,highway_0,0,1457.965510028107,1781.965510028107,,-1023.6853172505469
53.8,ego_0,1784.2407055171395,-11.200000000000003,22.751954890324008,1000.0,,0.673040161748717,0.673040161748717,0.673040161748717,0.673040161748717,0.6663763977710246,0,highway_0,0,1460.2407055171395,1784.2407055171395,,-1023.751954890324
53.9,ego_0,1786.5225265650881,-11.200000000000003,22.818210479486037,1000.0,,0.6691814505364924,0.6691814505364924,0.6691814505364924,0.6691814505364924,0.6625558916202934,0,highway_0,0,1462.5225265650881,1786.5225265650881,,-1023.8182104794861
54.0,ego_0,1788.8109348516562,-11.200000000000003,22.884082865680437,1000.0,,0.6653111005634382,0.6653111005634382,0.6653111005634382,0.6653111005634382,0.6587238619439972,0,highway_0,0,1464.8109348516562,1788.8109348516562,,-1023.8840828656804
54.1,ego_0,1791.1058919458255,-11.200000000000003,22.949570941693306,1000.0,,0.6614295677299485,0.6614295677299485,0.6614295677299485,0.6614295677299485,0.654880760128691,0,highway_0,0,1467.1058919458255,1791.1058919458255,,-1023.9495709416933
54.2,ego_0,1793.407359310395,-11.200000000000003,23.014673645694575,1000.0,,0.6575373104128264,0.6575373104128264,0.6575373104128264,0.6575373104128264,0.6510270400126927,0,highway_0,0,1469.407359310395,1793.407359310395,,-1024.0146736456945
54.3,ego_0,1795.7152983065412,-11.200000000000003,23.0793899614638,1000.0,,0.6536347892691632,0.6536347892691632,0.6536347892691632,0.6536347892691632,0.6471631576922476,0,highway_0,0,1471.7152983065412,1795.7152983065412,,-1024.079389961464
54.4,ego_0,1798.0296701984007,-11.200000000000003,23.143718918596413,1000.0,,0.6497224670393907,0.6497224670393907,0.6497224670393907,0.6497224670393907,0.6432895713261289,0,highway_0,0,1474.0296701984007,1798.0296701984007,,-1024.1437189185965
0,llm_0,338.0,-4.8,21.3,1000.0,,,,,,0,0,highway_0,2,0.0,338.0,,-1022.3
0.1,llm_0,340.1230212898983,-4.8,21.230212898983055,1000.0,,-0.7048497202711449,-0.7048497202711449,-0.7048497202711449,-0.7048497202711449,-0.6978710101694574,0,highway_0,2,2.123021289898304,340.1230212898983,,-1022.230212898983
0.2,llm_0,342.2400112412858,-4.8,21.169899513874725,1000.0,,-0.6091651895941408,-0.6091651895941408,-0.6091651895941408,-0.6091651895941408,-0.6031338510832995,0,highway_0,2,4.240011241285799,342.2400112412858,,-1022.1698995138747
0.3,llm_0,344.351830971736,-4.8,21.118197304501585,1000.0,,-0.5221923146687198,-0.5221923146687198,-0.5221923146687198,-0.5221923146687198,-0.5170220937313985,0,highway_0,2,6.351830971735978,344.351830971736,,-1022.1181973045016
0.4,llm_0,346.45926543256076,-4.8,21.07434460824783,1000.0,,-0.44291223216291786,-0.44291223216291786,-0.44291223216291786,-0.44291223216291786,-0.4385269625375443,0,highway_0,2,8.459265432560755,346.45926543256076,,-1022.0743446082479
0.5,llm_0,348.56303201254724,-4.8,21.037665799865042,1000.0,,-0.37045596466615427,-0.37045596466615427,-0.37045596466615427,-0.37045596466615427,-0.36678808382788475,0,highway_0,2,10.56303201254724,348.56303201254724,,-1022.0376657998651
0.6,llm_0,350.6637879185621,-4.8,21.007559060148353,1000.0,,-0.3040780711385687,-0.3040780711385687,-0.3040780711385687,-0.3040780711385687,-0.30106739716689646,0,highway_0,2,12.663787918562093,350.6637879185621,,-1022.0075590601483
0.7,llm_0,352.7621365410358,-4.8,20.983486224736552,1000.0,,-0.24313563765918217,-0.24313563765918217,-0.24313563765918217,-0.24313563765918217,-0.24072835411800497,0,highway_0,2,14.762136541035773,352.7621365410358,,-1021.9834862247366
0.8,llm_0,354.8586329715146,-4.8,20.964964304788772,1000.0,,-0.1870713914725625,-0.1870713914725625,-0.1870713914725625,-0.1870713914725625,-0.18521919947779963,0,highway_0,2,16.858632971514623,354.8586329715146,,-1021.9649643047887
0.9,llm_0,356.9537888076613,-4.8,20.95155836146661,1000.0,,-0.13540002755382696,-0.13540002755382696,-0.13540002755382696,-0.13540002755382696,-0.13405943322162273,0,highway_0,2,18.953788807661283,356.9537888076613,,-1021.9515583614666
1.0,llm_0,359.0480763560928,-4.8,20.94287548431497,1000.0,,-0.08769705923152188,-0.08769705923152188,-0.08769705923152188,-0.08769705923152188,-0.08682877151638735,0,highway_0,2,21.048076356092793,359.0480763560928,,-1021.942875484315
1.1,llm_0,361.1419323236571,-4.8,20.938559675643056,1000.0,,-0.043589667586333605,-0.043589667586333605,-0.043589667586333605,-0.043589667586333605,-0.04315808671915278,0,highway_0,2,23.1419323236571,361.1419323236571,,-1021.9385596756431
1.2,llm_0,363.2357610719606,-4.8,20.938287483035182,1000.0,,-0.002749145339551018,-0.002749145339551018,-0.002749145339551018,-0.002749145339551018,-0.002721926078734782,0,highway_0,2,25.23576107196061,363.2357610719606,,-1021.9382874830352
1.3,llm_0,365.32993749727876,-4.8,20.941764253181574,1000.0,,0.035115378478550334,0.035115378478550334,0.035115378478550334,0.035115378478550334,0.034767701463920275,0,highway_0,2,27.329937497278763,365.32993749727876,,-1021.9417642531815
1.4,llm_0,367.4248095877294,-4.8,20.948720904506118,1000.0,,0.07026217837788873,0.07026217837788873,0.07026217837788873,0.07026217837788873,0.06956651324543373,0,highway_0,2,29.424809587729385,367.4248095877294,,-1021.9487209045061
1.5,llm_0,369.520700701249,-4.8,20.958911135195805,1000.0,,0.10292132996587153,0.10292132996587153,0.10292132996587153,0.10292132996587153,0.10190230689687496,0,highway_0,2,31.520700701248984,369.520700701249,,-1021.9589111351958
1.6,llm_0,371.61791160108936,-4.8,20.97210899840386,1000.0,,0.13329841840135603,0.13329841840135603,0.13329841840135603,0.13329841840135603,0.1319786320805605,0,highway_0,2,33.61791160108936,371.61791160108936,,-1021.9721089984039
1.7,llm_0,373.7167222799396,-4.8,20.988106788502396,1000.0,,0.16157767999519693,0.16157767999519693,0.16157767999519693,0.16157767999519693,0.15997790098534637,0,highway_0,2,35.716722279939574,373.7167222799396,,-1021.9881067885024
1.8,llm_0,375.81739359913746,-4.8,21.006713191978648,1000.0,,0.18792467511013683,0.18792467511013683,0.18792467511013683,0.18792467511013683,0.18606403476251643,0,highway_0,2,37.81739359913746,375.81739359913746,,-1022.0067131919786
1.9,llm_0,377.9201687655791,-4.8,21.02775166441614,1000.0,,0.212488571618669,0.212488571618669,0.212488571618669,0.212488571618669,0.21038472437492572,0,highway_0,2,39.92016876557909,377.9201687655791,,-1022.0277516644161
2.0,llm_0,380.02527466571644,-4.8,21.051059001373552,1000.0,,0.2354041032698763,0.2354041032698763,0.2354041032698763,0.2354041032698763,0.2330733695741216,0,highway_0,2,42.02527466571644,380.02527466571644,,-1022.0510590013736
2.1,llm_0,382.1329230733338,-4.8,21.07648407617386,1000.0,,0.25679325548309195,0.25679325548309195,0.25679325548309195,0.25679325548309195,0.25425074800306646,0,highway_0,2,44.132923073333814,382.1329230733338,,-1022.0764840761739
2.2,llm_0,384.2433117455219,-4.8,21.103886721880812,1000.0,,0.2767667216402482,0.2767667216402482,0.2767667216402482,0.2767667216402482,0.27402645706953166,0,highway_0,2,46.24331174552191,384.2433117455219,,-1022.1038867218808
2.3,llm_0,386.35662541934727,-4.8,21.133136738253835,1000.0,,0.2954251653675237,0.2954251653675237,0.2954251653675237,0.2954251653675237,0.2925001637302316,0,highway_0,2,48.35662541934727,386.35662541934727,,-1022.1331367382538
2.4,llm_0,388.4730367200853,-4.8,21.16411300738064,1000.0,,0.31286031818072824,0.31286031818072824,0.31286031818072824,0.31286031818072824,0.309762691268034,0,highway_0,2,50.473036720085304,388.4730367200853,,-1022.1641130073806
2.5,llm_0,390.59270699049574,-4.8,21.19670270410446,1000.0,,0.3291559369105909,0.3291559369105909,0.3291559369105909,0.3291559369105909,0.32589696723821504,0,highway_0,2,52.59270699049574,390.59270699049574,,-1022.1967027041045
2.6,llm_0,392.71578704943374,-4.8,21.23080058938024,1000.0,,0.344388641285404,0.344388641285404,0.344388641285404,0.344388641285404,0.34097885275780726,0,highway_0,2,54.71578704943374,392.71578704943374,,-1022.2308005893802
2.7,llm_0,394.8424178870722,-4.8,21.26630837638463,1000.0,,0.3586286487443105,0.3586286487443105,0.3586286487443105,0.3586286487443105,0.35507787004387836,0,highway_0,2,56.8424178870722,394.8424178870722,,-1022.2663083763846
2.8,llm_0,396.9727313031348,-4.8,21.30313416062615,1000.0,,0.3719404208393435,0.3719404208393435,0.3719404208393435,0.3719404208393435,0.3682578424152183,0,highway_0,2,58.97273130313482,396.9727313031348,,-1022.3031341606262
2.9,llm_0,399.10685049378503,-4.8,21.341191906501827,1000.0,,0.38438323334432556,0.38438323334432556,0.38438323334432556,0.38438323334432556,0.3805774587567612,0,highway_0,2,61.10685049378503,399.10685049378503,,-1022.3411919065019
3.0,llm_0,401.2448905921613,-4.8,21.380400983762538,1000.0,,0.39601168033319323,0.39601168033319323,0.39601168033319323,0.39601168033319323,0.3920907726071121,0,highway_0,2,63.24489059216131,401.2448905921613,,-1022.3804009837626
3.1,llm_0,403.38693148911557,-4.8,21.420408969542763,1000.0,,0.404080656380245,0.404080656380245,0.404080656380245,0.404080656380245,0.40007985780224686,0,highway_0,2,65.38693148911557,403.38693148911557,,-1022.4204089695428
3.2,llm_0,405.53305298540323,-4.8,21.46121496287685,1000.0,,0.4121405326742768,0.4121405326742768,0.4121405326742768,0.4121405326742768,0.40805993334085855,0,highway_0,2,67.53305298540323,405.53305298540323,,-1022.4612149628769
3.3,llm_0,407.68333341543394,-4.8,21.502804300306842,1000.0,,0.42005230804292515,0.42005230804292515,0.42005230804292515,0.42005230804292515,0.4158933742999338,0,highway_0,2,69.68333341543394,407.68333341543394,,-1022.5028043003068
3.4,llm_0,409.8378487757479,-4.8,21.545153603139532,1000.0,,0.42772795861016144,0.42772795861016144,0.42772795861016144,0.42772795861016144,0.4234930283269023,0,highway_0,2,71.83784877574789,409.8378487757479,,-1022.5451536031395
3.5,llm_0,411.99667217757417,-4.8,21.58823401826307,1000.0,,0.4351121927477244,0.4351121927477244,0.4351121927477244,0.4351121927477244,0.4308041512353711,0,highway_0,2,73.99667217757417,411.99667217757417,,-1022.588234018263
3.6,llm_0,414.1599695960288,-4.8,21.63297418454645,1000.0,,0.4518756794621101,0.4518756794621101,0.4518756794621101,0.4518756794621101,0.4474016628337907,0,highway_0,2,76.15996959602882,414.1599695960288,,-1022.6329741845465
3.7,llm_0,416.3281302542085,-4.8,21.681606581796732,1000.0,,0.49118721222787665,0.49118721222787665,0.49118721222787665,0.49118721222787665,0.4863239725028379,0,highway_0,2,78.32813025420847,416.3281302542085,,-1022.6816065817967
3.8,llm_0,418.5015208016846,-4.8,21.73390547476097,1000.0,,0.5282188189388094,0.5282188189388094,0.5282188189388094,0.5282188189388094,0.5229889296423806,0,highway_0,2,80.50152080168459,418.5015208016846,,-1022.733905474761
3.9,llm_0,420.6804861563519,-4.8,21.78965354667299,1000.0,,0.5630555263114149,0.5630555263114149,0.5630555263114149,0.5630555263114149,0.5574807191202069,0,highway_0,2,82.68048615635189,420.6804861563519,,-1022.789653546673
4.0,llm_0,422.8653503602656,-4.8,21.848642039137133,1000.0,,0.5957837738878239,0.5957837738878239,0.5957837738878239,0.5957837738878239,0.5898849246414173,0,highway_0,2,84.86535036026561,422.8653503602656,,-1022.8486420391371
4.1,llm_0,425.06803634635753,-4.8,22.02685986091931,1000.0,,1.8,1.8,1.8,1.8,1.782178217821766,0,highway_0,2,87.06803634635753,425.06803634635753,,-1023.0268598609193
4.2,llm_0,427.28854411462765,-4.8,22.205077682701486,1000.0,,1.8,1.8,1.8,1.8,1.782178217821766,0,highway_0,2,89.28854411462765,427.28854411462765,,-1023.2050776827015
4.3,llm_0,429.52687366507604,-4.8,22.383295504483662,1000.0,,1.8,1.8,1.8,1.8,1.782178217821766,0,highway_0,2,91.52687366507604,429.52687366507604,,-1023.3832955044836
4.4,llm_0,431.7830249977026,-4.8,22.56151332626584,1000.0,,1.8,1.8,1.8,1.8,1.782178217821766,0,highway_0,2,93.78302499770263,431.7830249977026,,-1023.5615133262659
4.5,llm_0,434.0569981125074,-4.8,22.739731148048016,1000.0,,1.8,1.8,1.8,1.8,1.782178217821766,0,highway_0,2,96.05699811250742,434.0569981125074,,-1023.739731148048
4.6,llm_0,436.3487930094904,-4.8,22.917948969830192,1000.0,,1.8,1.8,1.8,1.8,1.782178217821766,0,highway_0,2,98.34879300949041,436.3487930094904,,-1023.9179489698301
4.7,llm_0,438.65840968865166,-4.8,23.09616679161237,1000.0,,1.8,1.8,1.8,1.8,1.782178217821766,0,highway_0,2,100.65840968865166,438.65840968865166,,-1024.0961667916124
4.8,llm_0,440.9858481499911,-4.8,23.274384613394545,1000.0,,1.8,1.8,1.8,1.8,1.782178217821766,0,highway_0,2,102.98584814999111,440.9858481499911,,-1024.2743846133944
4.9,llm_0,443.33110839350877,-4.8,23.452602435176722,1000.0,,1.8,1.8,1.8,1.8,1.782178217821766,0,highway_0,2,105.33110839350877,443.33110839350877,,-1024.4526024351767
5.0,llm_0,445.6941904192047,-4.8,23.6308202569589,1000.0,,1.8,1.8,1.8,1.8,1.782178217821766,0,highway_0,2,107.69419041920469,445.6941904192047,,-1024.630820256959
5.1,llm_0,448.0750942270788,-4.8,23.809038078741075,1000.0,,1.8,1.8,1.8,1.8,1.782178217821766,0,highway_0,2,110.07509422707881,448.0750942270788,,-1024.809038078741
5.2,llm_0,450.4738198171311,-4.8,23.98725590052325,1000.0,,1.8,1.8,1.8,1.8,1.782178217821766,0,highway_0,2,112.47381981713113,450.47381981713113,,-1024.9872559005232
5.3,llm_0,452.89036718936165,-4.8,24.16547372230543,1000.0,,1.8,1.8,1.8,1.8,1.782178217821766,0,highway_0,2,114.89036718936165,452.89036718936165,,-1025.1654737223055
5.4,llm_0,455.32473634377044,-4.8,24.343691544087605,1000.0,,1.8,1.8,1.8,1.8,1.782178217821766,0,highway_0,2,117.32473634377044,455.32473634377044,,-1025.3436915440875
5.5,llm_0,457.77692728035737,-4.8,24.52190936586978,1000.0,,1.8,1.8,1.8,1.8,1.782178217821766,0,highway_0,2,119.77692728035743,457.7769272803574,,-1025.5219093658698
5.6,llm_0,460.2469399991226,-4.8,24.700127187651958,1000.0,,1.8,1.8,1.8,1.8,1.782178217821766,0,highway_0,2,122.24693999912262,460.2469399991226,,-1025.700127187652
5.7,llm_0,462.73477450006595,-4.8,24.878345009434135,1000.0,,1.8,1.8,1.8,1.8,1.782178217821766,0,highway_0,2,124.73477450006601,462.734774500066,,-1025.878345009434
5.8,llm_0,465.24043078318766,-4.8,25.05656283121631,1000.0,,1.8,1.8,1.8,1.8,1.782178217821766,0,highway_0,2,127.24043078318766,465.24043078318766,,-1026.0565628312163
5.9,llm_0,467.7639088484875,-4.8,25.234780652998488,1000.0,,1.8,1.8,1.8,1.8,1.782178217821766,0,highway_0,2,129.76390884848752,467.7639088484875,,-1026.2347806529986
6.0,llm_0,470.3052086959655,-4.8,25.412998474780665,1000.0,,1.8,1.8,1.8,1.8,1.782178217821766,0,highway_0,2,132.30520869596558,470.3052086959656,,-1026.4129984747806
6.1,llm_0,472.86433032562184,-4.8,25.59121629656284,1000.0,,1.8,1.8,1.8,1.8,1.782178217821766,0,highway_0,2,134.86433032562184,472.86433032562184,,-1026.5912162965628
6.2,llm_0,475.4412737374564,-4.8,25.769434118345018,1000.0,,1.8,1.8,1.8,1.8,1.782178217821766,0,highway_0,2,137.44127373745636,475.44127373745636,,-1026.769434118345
6.3,llm_0,478.0360389314691,-4.8,25.947651940127194,1000.0,,1.8,1.8,1.8,1.8,1.782178217821766,0,highway_0,2,140.03603893146908,478.0360389314691,,-1026.9476519401271
6.4,llm_0,480.64862590766006,-4.8,26.12586976190937,1000.0,,1.8,1.8,1.8,1.8,1.782178217821766,0,highway_0,2,142.64862590766,480.64862590766,,-1027.1258697619094
6.5,llm_0,483.2542961224519,-4.8,26.056702147919232,1000.0,,-0.6985929013003929,-0.6985929013003929,-0.6985929013003929,-0.6985929013003929,-0.6916761399013893,0,highway_0,2,145.25429612245193,483.25429612245193,,-1027.0567021479192
6.6,llm_0,485.85326404438894,-4.8,25.989679219369798,1000.0,,-0.676931578349265,-0.676931578349265,-0.676931578349265,-0.676931578349265,-0.6702292854943437,0,highway_0,2,147.85326404438894,485.85326404438894,,-1026.9896792193697
6.7,llm_0,488.4457694020764,-4.8,25.925053576874294,1000.0,,-0.6527189892045876,-0.6527189892045876,-0.6527189892045876,-0.6527189892045876,-0.646256424955034,0,highway_0,2,150.4457694020764,488.4457694020764,,-1026.9250535768742
6.8,llm_0,491.03207444668595,-4.8,25.863050446095006,1000.0,,-0.6262316208708231,-0.6262316208708231,-0.6262316208708231,-0.6262316208708231,-0.6200313077928854,0,highway_0,2,153.0320744466859,491.0320744466859,,-1026.863050446095
6.9,llm_0,493.6124612607641,-4.8,25.80386814078202,1000.0,,-0.5977412836611733,-0.5977412836611733,-0.5977412836611733,-0.5977412836611733,-0.5918230531298718,0,highway_0,2,155.61246126076412,493.6124612607641,,-1026.803868140782
7.0,llm_0,496.18722913903486,-4.8,25.74767878270787,1000.0,,-0.567512516548904,-0.567512516548904,-0.567512516548904,-0.567512516548904,-0.5618935807414971,0,highway_0,2,158.1872291390349,496.1872291390349,,-1026.747678782708
7.1,llm_0,498.7566920627146,-4.8,25.694629236796725,37.99429803629537,llm_1,-0.5358004137025666,-0.5358004137025666,-0.5358004137025666,-0.5358004137025666,-0.5304954591114353,0,highway_0,2,160.7566920627146,498.7566920627146,,8.241014327559714
7.2,llm_0,501.3212929602581,-4.8,25.646008975435066,38.82326149518722,llm_1,-0.49106463975273085,-0.49106463975273085,-0.49106463975273085,-0.49106463975273085,-0.4862026136165909,0,highway_0,2,163.32129296025812,501.3212929602581,,8.289634588921373
7.3,llm_0,503.8815275659356,-4.8,25.602346056774472,39.65659124594536,llm_1,-0.44099547847200654,-0.44099547847200654,-0.44099547847200654,-0.44099547847200654,-0.4366291866059413,0,highway_0,2,165.88152756593558,503.8815275659356,,8.333297507581968
7.4,llm_0,506.437858124723,-4.8,25.563305587874492,40.49382504359355,llm_1,-0.3943087358898135,-0.3943087358898135,-0.3943087358898135,-0.3943087358898135,-0.3904046889998014,0,highway_0,2,168.43785812472305,506.43785812472305,,8.372337976481948
7.5,llm_0,508.99071613966964,-4.8,25.528580149465505,41.33453138508285,llm_1,-0.3507269279307455,-0.3507269279307455,-0.3507269279307455,-0.3507269279307455,-0.3472543840898723,0,highway_0,2,170.9907161396696,508.9907161396696,,8.407063414890935
7.6,llm_0,511.54050483482115,-4.8,25.497886951514868,42.17830704636672,llm_1,-0.31000129930140846,-0.31000129930140846,-0.31000129930140846,-0.31000129930140846,-0.3069319795063663,0,highway_0,2,173.5405048348211,511.5405048348211,,8.437756612841572
7.7,llm_0,514.0876013692854,-4.8,25.470965344643194,43.024774868337865,llm_1,-0.2719082294039046,-0.2719082294039046,-0.2719082294039046,-0.2719082294039046,-0.2692160687167444,0,highway_0,2,176.08760136928538,514.0876013692854,,8.464678219713246
7.8,llm_0,516.6323588328453,-4.8,25.447574635598617,43.87358176121379,llm_1,-0.2362461613502506,-0.2362461613502506,-0.2362461613502506,-0.2362461613502506,-0.23390709044576852,0,highway_0,2,178.63235883284528,516.6323588328453,,8.488068928757823
7.9,llm_0,519.1751080491996,-4.8,25.42749216354343,44.724396901295314,llm_1,-0.20283296775736245,-0.20283296775736245,-0.20283296775736245,-0.20283296775736245,-0.2008247205518643,0,highway_0,2,181.1751080491996,519.1751080491996,,8.50815140081301
8.0,llm_0,521.7161592092881,-4.8,25.410511600884465,45.576910097642305,llm_1,-0.17150368285556916,-0.17150368285556916,-0.17150368285556916,-0.17150368285556916,-0.1698056265896497,0,highway_0,2,183.7161592092881,521.7161592092881,,8.525131963471974
8.1,llm_0,524.2558033540982,-4.8,25.39644144810208,46.43083030926764,llm_1,-0.14210854310207985,-0.14210854310207985,-0.14210854310207985,-0.14210854310207985,-0.14070152782384326,0,highway_0,2,186.25580335409825,524.2558033540982,,8.539202116254359
8.2,llm_0,526.7943137237733,-4.8,25.3851036967503,47.285884296028236,llm_1,-0.11451128865299263,-0.11451128865299263,-0.11451128865299263,-0.11451128865299263,-0.11337751351781833,0,highway_0,2,188.79431372377326,526.7943137237733,,8.55053986760614
8.3,llm_0,529.3319469876438,-4.8,25.376332638705954,48.14181538859348,llm_1,-0.0885876862478992,-0.0885876862478992,-0.0885876862478992,-0.0885876862478992,-0.08771058044345637,0,highway_0,2,191.33194698764385,529.3319469876438,,8.559310925650486
8.4,llm_0,531.8689443679431,-4.8,25.369973802992018,48.998382364729515,llm_1,-0.0642242407107453,-0.0642242407107453,-0.0642242407107453,-0.0642242407107453,-0.06358835713935918,0,highway_0,2,193.86894436794307,531.8689443679431,,8.565669761364422
8.5,llm_0,534.4055326683641,-4.8,25.365883004210993,49.85535842074396,llm_1,-0.04131706768835905,-0.04131706768835905,-0.04131706768835905,-0.04131706768835905,-0.04090798781025029,0,highway_0,2,196.40553266836412,534.4055326683641,,8.569760560145447
8.6,llm_0,536.9419252172537,-4.8,25.36392548889597,50.7125302282901,llm_1,-0.019770904681732638,-0.019770904681732638,-0.019770904681732638,-0.019770904681732638,-0.01957515315023528,0,highway_0,2,198.9419252172537,536.9419252172537,,8.57171807546047
8.7,llm_0,539.4783227340534,-4.8,25.36397516799804,51.569697067926064,llm_1,0.0005017589309075543,0.0005017589309075543,0.0005017589309075543,0.0005017589309075543,0.0004967910206943316,0,highway_0,2,201.47832273405345,539.4783227340534,,8.571668396358401
8.8,llm_0,542.0149141265877,-4.8,25.365913925341882,52.42667003182746,llm_1,0.01958144917283462,0.01958144917283462,0.01958144917283462,0.01958144917283462,0.019387573438436334,0,highway_0,2,204.01491412658766,542.0149141265877,,8.569729639014557
8.9,llm_0,544.5519335648551,-4.8,25.370194382674203,53.283214949995546,llm_1,0.04323261905642401,0.04323261905642401,0.04323261905642401,0.04323261905642401,0.04280457332320964,0,highway_0,2,206.55193356485506,544.5519335648551,,8.565449181682236
9.0,llm_0,547.0896757861585,-4.8,25.377422213034396,54.1390370851278,llm_1,0.07300108663794545,0.07300108663794545,0.07300108663794545,0.07300108663794545,0.07227830360193366,0,highway_0,2,209.08967578615852,547.0896757861585,,8.558221351322043
9.1,llm_0,549.6284266974894,-4.8,25.38750911330955,54.99385053023261,llm_1,0.10187769277906443,0.10187769277906443,0.10187769277906443,0.10187769277906443,0.1008690027515513,0,highway_0,2,211.62842669748943,549.6284266974894,,8.548134451046888
9.2,llm_0,552.1684631356255,-4.8,25.400364381361534,55.84737844853189,llm_1,0.1298382073250157,0.1298382073250157,0.1298382073250157,0.1298382073250157,0.1285526805198245,0,highway_0,2,214.16846313562553,552.1684631356255,,8.535279182994906
9.3,llm_0,554.7100526819318,-4.8,25.41589546306261,56.69935325866127,llm_1,0.1568639251808706,0.1568639251808706,0.1568639251808706,0.1568639251808706,0.15531081701077198,0,highway_0,2,216.71005268193176,554.7100526819318,,8.519748101293828
9.4,llm_0,557.2534535261667,-4.8,25.434008442349814,57.54951677086215,llm_1,0.18294109080073384,0.18294109080073384,0.18294109080073384,0.18294109080073384,0.1811297928720279,0,highway_0,2,219.2534535261667,557.2534535261667,,8.501635122006626
9.5,llm_0,559.7989143739899,-4.8,25.454608478231947,58.39762027947459,llm_1,0.2080603624095539,0.2080603624095539,0.2080603624095539,0.2080603624095539,0.20600035882132772,0,highway_0,2,221.79891437398987,559.7989143739899,,8.481035086124493
9.6,llm_0,562.346674393259,-4.8,25.47760019269173,59.243424616640915,llm_1,0.23221631604381263,0.23221631604381263,0.23221631604381263,0.23221631604381263,0.22991714459784873,0,highway_0,2,224.34667439325904,562.346674393259,,8.458043371664708
9.7,llm_0,564.896963194596,-4.8,25.502888013369866,60.08670017173936,llm_1,0.25540698884914464,0.25540698884914464,0.25540698884914464,0.25540698884914464,0.25287820678133954,0,highway_0,2,226.89696319459597,564.896963194596,,8.432755550986574
9.8,llm_0,567.4500008420772,-4.8,25.530376474812357,60.927226880693844,llm_1,0.27763346056913496,0.27763346056913496,0.27763346056913496,0.27763346056913496,0.27488461442491285,0,highway_0,2,229.4500008420772,567.4500008420772,,8.405267089544083
9.9,llm_0,570.0208602717366,-4.8,25.708594296594534,61.84993180747024,llm_1,1.8,1.8,1.8,1.8,1.782178217821766,0,highway_0,2,232.02086027173664,570.0208602717366,,8.227049267761906
10.0,llm_0,572.6095414835743,-4.8,25.88681211837671,62.654814952068094,llm_1,1.8,1.8,1.8,1.8,1.782178217821766,0,highway_0,2,234.60954148357428,572.6095414835743,,8.04883144597973
10.1,llm_0,575.2160444775901,-4.8,26.065029940158887,63.44187631448786,llm_1,1.8,1.8,1.8,1.8,1.782178217821766,0,highway_0,2,237.21604447759012,575.2160444775901,,7.870613624197553
10.2,llm_0,577.8403692537843,-4.8,26.243247761941063,64.2111158947293,llm_1,1.8,1.8,1.8,1.8,1.782178217821766,0,highway_0,2,239.84036925378427,577.8403692537843,,7.692395802415376
10.3,llm_0,580.4825158121566,-4.8,26.42146558372324,64.96253369279266,llm_1,1.8,1.8,1.8,1.8,1.782178217821766,0,highway_0,2,242.48251581215663,580.4825158121566,,7.5141779806332
10.4,llm_0,583.1424841527072,-4.8,26.599683405505417,65.69612970867747,llm_1,1.8,1.8,1.8,1.8,1.782178217821766,0,highway_0,2,245.1424841527072,583.1424841527072,,7.335960158851023
10.5,llm_0,585.820274275436,-4.8,26.777901227287593,66.4119039423842,llm_1,1.8,1.8,1.8,1.8,1.782178217821766,0,highway_0,2,247.82027427543596,585.820274275436,,7.157742337068846
10.6,llm_0,588.5158861803429,-4.8,26.95611904906977,67.10985639391306,llm_1,1.8,1.8,1.8,1.8,1.782178217821766,0,highway_0,2,250.51588618034293,588.5158861803429,,6.97952451528667
10.7,llm_0,591.2293198674281,-4.8,27.134336870851946,67.78998706326361,llm_1,1.8,1.8,1.8,1.8,1.782178217821766,0,highway_0,2,253.2293198674281,591.2293198674281,,6.801306693504493
10.8,llm_0,593.9605753366915,-4.8,27.312554692634123,68.45229595043584,llm_1,1.8,1.8,1.8,1.8,1.782178217821766,0,highway_0,2,255.96057533669148,593.9605753366915,,6.623088871722317
10.9,llm_0,596.709652588133,-4.8,27.4907725144163,69.09678305542975,llm_1,1.8,1.8,1.8,1.8,1.782178217821766,0,highway_0,2,258.70965258813305,596.709652588133,,6.44487104994014
11.0,llm_0,599.4552612222179,-4.8,27.456086340848238,69.64473877778059,llm_1,-0.35033035303744203,-0.35033035303744203,-0.35033035303744203,-0.35033035303744203,-0.3468617356806192,0,highway_0,2,261.4552612222179,599.4552612222179,,6.479557223508202
11.1,llm_0,602.1975271221387,-4.8,27.42265899920793,70.29603723429554,llm_1,-0.3376161505671316,-0.3376161505671316,-0.3376161505671316,-0.3376161505671316,-0.33427341640308583,0,highway_0,2,264.1975271221387,602.1975271221387,,6.5129845651485105
11.2,llm_0,604.9365876306379,-4.8,27.39060508499116,70.95054108223175,llm_1,-0.3237445335893256,-0.3237445335893256,-0.3237445335893256,-0.3237445335893256,-0.3205391421676751,0,highway_0,2,266.93658763063786,604.9365876306379,,6.545038479365278
11.3,llm_0,607.6725904093734,-4.8,27.36002778735514,71.60810265993186,llm_1,-0.3088307061238426,-0.3088307061238426,-0.3088307061238426,-0.3088307061238426,-0.30577297636021683,0,highway_0,2,269.67259040937336,607.6725904093734,,6.5756157770013
11.4,llm_0,610.4056923330828,-4.8,27.331019237094857,72.26856509265812,llm_1,-0.2929863576288575,-0.2929863576288575,-0.2929863576288575,-0.2929863576288575,-0.29008550260282817,0,highway_0,2,272.4056923330828,610.4056923330828,,6.6046243272615826
11.5,llm_0,613.1360584110445,-4.8,27.303660779616187,72.93176337113218,llm_1,-0.2763204205345545,-0.2763204205345545,-0.2763204205345545,-0.2763204205345545,-0.27358457478669607,0,highway_0,2,275.1360584110445,613.1360584110445,,6.631982784740252
11.6,llm_0,615.8638607412091,-4.8,27.278023301646126,73.59752539740302,llm_1,-0.25893852749760543,-0.25893852749760543,-0.25893852749760543,-0.25893852749760543,-0.2563747797006144,0,highway_0,2,277.8638607412091,615.8638607412091,,6.657620262710314
11.7,llm_0,618.5892775015135,-4.8,27.254167603043268,74.26567299353391,llm_1,-0.24094255588889588,-0.24094255588889588,-0.24094255588889588,-0.24094255588889588,-0.2385569860285841,0,highway_0,2,280.5892775015135,618.5892775015135,,6.681475961313172
11.8,llm_0,621.3124919820566,-4.8,27.23214480543151,74.93602286942664,llm_1,-0.2224302558787492,-0.2224302558787492,-0.2224302558787492,-0.2224302558787492,-0.22022797611757738,0,highway_0,2,283.3124919820566,621.3124919820566,,6.70349875892493
11.9,llm_0,624.033691661041,-4.8,27.211996789843365,75.6083875468781,llm_1,-0.2034949574402466,-0.2034949574402466,-0.2034949574402466,-0.2034949574402466,-0.2014801558814483,0,highway_0,2,286.03369166104096,624.033691661041,,6.723646774513075
12.0,llm_0,626.7530673266509,-4.8,27.19375665610012,76.28257623770341,llm_1,-0.18422535080679298,-0.18422535080679298,-0.18422535080679298,-0.18422535080679298,-0.18240133743244513,0,highway_0,2,288.7530673266509,626.7530673266509,,6.741886908256319
12.1,llm_0,629.4708122463761,-4.8,27.177449197251384,76.95839567441371,llm_1,-0.16470533437224114,-0.16470533437224114,-0.16470533437224114,-0.16470533437224114,-0.1630745884873619,0,highway_0,2,291.4708122463761,629.4708122463761,,6.758194367105055
12.2,llm_0,632.1871213846786,-4.8,27.163091383024632,77.6356508925472,llm_1,-0.14501392369019528,-0.14501392369019528,-0.14501392369019528,-0.14501392369019528,-0.14357814226752197,0,highway_0,2,294.18712138467856,632.1871213846786,,6.7725521813318075
12.3,llm_0,634.9021906693664,-4.8,27.150692846877924,78.31414596429485,llm_1,-0.1252252150817318,-0.1252252150817318,-0.1252252150817318,-0.1252252150817318,-0.12398536146708494,0,highway_0,2,296.9021906693664,634.9021906693664,,6.784950717478516
12.4,llm_0,637.6162163065554,-4.8,27.1402563718903,78.99368468354132,llm_1,-0.1054083973750097,-0.1054083973750097,-0.1054083973750097,-0.1054083973750097,-0.10436474987624678,0,highway_0,2,299.61621630655543,637.6162163065554,,6.795387192466141
12.5,llm_0,640.3293941436906,-4.8,27.131778371351324,79.67407120284187,llm_1,-0.08562780544366144,-0.08562780544366144,-0.08562780544366144,-0.08562780544366144,-0.08478000538975294,0,highway_0,2,302.3293941436906,640.3293941436906,,6.803865193005116
12.6,llm_0,643.041919079742,-4.8,27.12524936051358,80.35511062322607,llm_1,-0.06594300946122139,-0.06594300946122139,-0.06594300946122139,-0.06594300946122139,-0.06529010837745375,0,highway_0,2,305.041919079742,643.041919079742,,6.810394203842861
12.7,llm_0,645.7539845213961,-4.8,27.120654416541463,81.03660953800781,llm_1,-0.04640893411834742,-0.04640893411834742,-0.04640893411834742,-0.04640893411834742,-0.04594943972115573,0,highway_0,2,307.7539845213961,645.7539845213961,,6.814989147814977
12.8,llm_0,648.4657818838182,-4.8,27.117973624220916,81.7183765320211,llm_1,-0.027076002437531985,-0.027076002437531985,-0.027076002437531985,-0.027076002437531985,-0.026807923205467432,0,highway_0,2,310.4657818838182,648.4657818838182,,6.817669940135524
12.9,llm_0,651.1775001343665,-4.8,27.117182505483555,82.40022263790829,llm_1,-0.007990299247358564,-0.007990299247358564,-0.007990299247358564,-0.007990299247358564,-0.007911187373608186,0,highway_0,2,313.1775001343665,651.1775001343665,,6.8184610588728845
13.0,llm_0,653.8893253774909,-4.8,27.118252431243373,83.08196175121961,llm_1,0.010806250174139066,0.010806250174139066,0.010806250174139066,0.010806250174139066,0.010699257598183465,0,highway_0,2,315.8893253774909,653.8893253774909,,6.817391133113066
13.1,llm_0,656.6014404789352,-4.8,27.12115101444337,83.76341100621093,llm_1,0.0292756903199641,0.0292756903199641,0.0292756903199641,0.0292756903199641,0.02898583199996807,0,highway_0,2,318.60144047893516,656.6014404789352,,6.814492549913069
13.2,llm_0,659.3140247272916,-4.8,27.12584248356424,84.44439111429014,llm_1,0.04738383812077096,0.04738383812077096,0.04738383812077096,0.04738383812077096,0.04691469120871261,0,highway_0,2,321.31402472729155,659.3140247272916,,6.809801080792198
13.3,llm_0,662.0272535309074,-4.8,27.13228803615819,85.12472666710991,llm_1,0.0651000811988781,0.0651000811988781,0.0651000811988781,0.0651000811988781,0.06445552593948634,0,highway_0,2,324.0272535309074,662.0272535309074,,6.803355528198249
13.4,llm_0,664.7412981481315,-4.8,27.140446172240708,85.80424640632131,llm_1,0.08239717443342763,0.08239717443342763,0.08239717443342763,0.08239717443342763,0.08158136082517586,0,highway_0,2,326.7412981481315,664.7412981481315,,6.795197392115732
13.5,llm_0,667.4563254488918,-4.8,27.150273007603566,86.48278346199695,llm_1,0.09925103716485269,0.09925103716485269,0.09925103716485269,0.09925103716485269,0.09826835362858333,0,highway_0,2,329.4563254488918,667.4563254488918,,6.7853705567528735
13.6,llm_0,670.1724977056225,-4.8,27.161722567306718,87.16017556170172,llm_1,0.11564055300184481,0.11564055300184481,0.11564055300184481,0.11564055300184481,0.1144955970315209,0,highway_0,2,332.1724977056225,670.1724977056225,,6.773920997049721
13.7,llm_0,672.8899724115993,-4.8,27.17474705976795,87.83626521216033,llm_1,0.13154737385841886,0.13154737385841886,0.13154737385841886,0.13154737385841886,0.13024492461230608,0,highway_0,2,334.8899724115993,672.8899724115993,,6.760896504588491
13.8,llm_0,675.6089021247993,-4.8,27.18929713200013,88.51089985539588,llm_1,0.14695572954504285,0.14695572954504285,0.14695572954504285,0.14695572954504285,0.14550072232182742,0,highway_0,2,337.60890212479933,675.6089021247993,,6.746346432356308
13.9,llm_0,678.3294343354644,-4.8,27.20532210665009,89.18393200116665,llm_1,0.16185224396459608,0.16185224396459608,0.16185224396459608,0.16185224396459608,0.1602497464995878,0,highway_0,2,340.3294343354644,678.3294343354644,,6.730321457706349
14.0,llm_0,681.0517113556217,-4.8,27.222770201573137,89.85521933744494,llm_1,0.17622575872278773,0.17622575872278773,0.17622575872278773,0.17622575872278773,0.17448094923047108,0,highway_0,2,343.0517113556217,681.0517113556217,,6.712873362783302
14.1,llm_0,683.7918101579572,-4.8,27.400988023355314,90.60868489154491,llm_1,1.8,1.8,1.8,1.8,1.782178217821766,0,highway_0,2,345.79181015795723,683.7918101579572,,6.534655541001126
14.2,llm_0,686.549730742471,-4.8,27.57920584513749,91.24432866346679,llm_1,1.8,1.8,1.8,1.8,1.782178217821766,0,highway_0,2,348.54973074247096,686.549730742471,,6.356437719218949
14.3,llm_0,689.3254731091629,-4.8,27.757423666919667,91.86215065321046,llm_1,1.8,1.8,1.8,1.8,1.782178217821766,0,highway_0,2,351.3254731091629,689.3254731091629,,6.178219897436772
14.4,llm_0,692.119037258033,-4.8,27.935641488701844,92.46215086077582,llm_1,1.8,1.8,1.8,1.8,1.782178217821766,0,highway_0,2,354.119037258033,692.119037258033,,6.000002075654596
14.5,llm_0,694.9304231890815,-4.8,28.11385931048402,93.04432928616309,llm_1,1.8,1.8,1.8,1.8,1.782178217821766,0,highway_0,2,356.93042318908147,694.9304231890815,,5.821784253872419
14.6,llm_0,697.7596309023081,-4.8,28.292077132266197,93.60868592937204,llm_1,1.8,1.8,1.8,1.8,1.782178217821766,0,highway_0,2,359.7596309023081,697.7596309023081,,5.643566432090243
14.7,llm_0,700.606660397713,-4.8,28.470294954048374,94.15522079040291,llm_1,1.8,1.8,1.8,1.8,1.782178217821766,0,highway_0,2,362.606660397713,700.606660397713,,5.465348610308066
14.8,llm_0,703.4512373839715,-4.8,28.44576986258523,94.60420816057976,llm_1,-0.24770342377773705,-0.24770342377773705,-0.24770342377773705,-0.24770342377773705,-0.2452509146314341,0,highway_0,2,365.4512373839715,703.4512373839715,,5.489873701771209
14.9,llm_0,706.2934320289517,-4.8,28.421946449802153,95.15557787203531,llm_1,-0.2406164691091021,-0.2406164691091021,-0.2406164691091021,-0.2406164691091021,-0.23823412783077202,0,highway_0,2,368.29343202895166,706.2934320289517,,5.513697114554287
15.0,llm_0,709.1333226196307,-4.8,28.398905906790407,95.70925163779188,llm_1,-0.2327094844186126,-0.2327094844186126,-0.2327094844186126,-0.2327094844186126,-0.2304054301174574,0,highway_0,2,371.1333226196307,709.1333226196307,,5.536737657566032
15.1,llm_0,711.9709949054004,-4.8,28.376722857696933,96.26514370845777,llm_1,-0.22404879584409312,-0.22404879584409312,-0.22404879584409312,-0.22404879584409312,-0.22183049093474239,0,highway_0,2,373.9709949054004,711.9709949054004,,5.5589207066595065
15.2,llm_0,714.8065414521308,-4.8,28.35546546730387,96.82316151816312,llm_1,-0.21469964296992494,-0.21469964296992494,-0.21469964296992494,-0.21469964296992494,-0.21257390393063957,0,highway_0,2,376.8065414521308,714.8065414521308,,5.5801780970525705
15.3,llm_0,717.6400610048328,-4.8,28.335195527019685,97.38320632189672,llm_1,-0.2047263968702344,-0.2047263968702344,-0.2047263968702344,-0.2047263968702344,-0.20269940284183718,0,highway_0,2,379.6400610048328,717.6400610048328,,5.600448037336754
15.4,llm_0,720.47165786185,-4.8,28.315968570171623,97.94517382131502,llm_1,-0.19419226416542767,-0.19419226416542767,-0.19419226416542767,-0.19419226416542767,-0.1922695684806186,0,highway_0,2,382.47165786184996,720.47165786185,,5.619674994184816
15.5,llm_0,723.3014412631787,-4.8,28.297834013287645,98.50895477642186,llm_1,-0.18315902452818866,-0.18315902452818866,-0.18315902452818866,-0.18315902452818866,-0.18134556883978803,0,highway_0,2,385.30144126317873,723.3014412631787,,5.637809551068795
15.6,llm_0,726.1295247951879,-4.8,28.28083532009131,99.0744356008482,llm_1,-0.17168680128299227,-0.17168680128299227,-0.17168680128299227,-0.17168680128299227,-0.16998693196335068,0,highway_0,2,388.1295247951879,726.1295247951879,,5.65480824426513
15.7,llm_0,728.9560258136889,-4.8,28.26501018501115,99.64149893878286,llm_1,-0.15983386430962007,-0.15983386430962007,-0.15983386430962007,-0.15983386430962007,-0.15825135080159924,0,highway_0,2,390.95602581368894,728.9560258136889,,5.67063337934529
15.8,llm_0,731.781064887001,-4.8,28.250390733120522,100.21002422190654,llm_1,-0.14765646409532523,-0.14765646409532523,-0.14765646409532523,-0.14765646409532523,-0.14619451890627744,0,highway_0,2,393.781064887001,731.781064887001,,5.685252831235918
15.9,llm_0,734.6047652603578,-4.8,28.237003733568002,100.7798882049851,llm_1,-0.13520869548044998,-0.13520869548044998,-0.13520869548044998,-0.13520869548044998,-0.1338699955251954,0,highway_0,2,396.6047652603578,734.6047652603578,,5.698639830788437
16.0,llm_0,737.4272523427304,-4.8,28.224870823725844,101.35096547904831,llm_1,-0.1225423894058102,-0.1225423894058102,-0.1225423894058102,-0.1225423894058102,-0.12132909842158313,0,highway_0,2,399.4272523427304,737.4272523427304,,5.7107727406305955
16.1,llm_0,740.2486532168773,-4.8,28.21400874146906,101.92312896133691,llm_1,-0.10970703079355079,-0.10970703079355079,-0.10970703079355079,-0.10970703079355079,-0.10862082256785754,0,highway_0,2,402.2486532168773,740.2486532168773,,5.721634822887381
16.2,llm_0,743.0690961731967,-4.8,28.20442956319479,102.4962503614532,llm_1,-0.09674970057012583,-0.09674970057012583,-0.09674970057012583,-0.09674970057012583,-0.09579178274268685,0,highway_0,2,405.0690961731967,743.0690961731967,,5.73121400116165
16.3,llm_0,745.8887102677363,-4.8,28.19614094539599,103.07020062334911,llm_1,-0.08371503976790279,-0.08371503976790279,-0.08371503976790279,-0.08371503976790279,-0.08288617798800857,0,highway_0,2,407.8887102677363,745.8887102677363,,5.739502618960451
16.4,llm_0,748.7076249045174,-4.8,28.189146367810714,103.64485034300364,llm_1,-0.07064523361124955,-0.07064523361124955,-0.07064523361124955,-0.07064523361124955,-0.06994577585274442,0,highway_0,2,410.7076249045174,748.7076249045174,,5.746497196545725
16.5,llm_0,751.5259694421549,-4.8,28.183445376374923,104.22007016180189,llm_1,-0.057580013501495816,-0.057580013501495816,-0.057580013501495816,-0.057580013501495816,-0.057009914357912805,0,highway_0,2,413.52596944215486,751.5259694421549,,5.7521981879815165
16.6,llm_0,754.3438728245958,-4.8,28.179033824409085,104.79573113579644,llm_1,-0.04455667485494456,-0.04455667485494456,-0.04455667485494456,-0.04455667485494456,-0.044115519658376456,0,highway_0,2,416.3438728245958,754.3438728245958,,5.756609739947354
16.7,llm_0,757.1614632356623,-4.8,28.175904110665208,105.37170508116557,llm_1,-0.031610108813186724,-0.031610108813186724,-0.031610108813186724,-0.031610108813186724,-0.031297137438777156,0,highway_0,2,419.16146323566227,757.1614632356623,,5.759739453691232
16.8,llm_0,759.978867776967,-4.8,28.174045413048145,105.94786489629641,llm_1,-0.018772845932330515,-0.018772845932330515,-0.018772845932330515,-0.018772845932330515,-0.01858697617063143,0,highway_0,2,421.97886777696704,759.978867776967,,5.761598151308295
16.9,llm_0,762.7962121686672,-4.8,28.173443917002558,106.5240848610317,llm_1,-0.006075110060419614,-0.006075110060419614,-0.006075110060419614,-0.006075110060419614,-0.006014960455864582,0,highway_0,2,424.79621216866724,762.7962121686672,,5.7621996473538815
17.0,llm_0,765.6136204724395,-4.8,28.17408303772271,107.10024091369527,llm_1,0.006455119273523456,0.006455119273523456,0.006455119273523456,0.006455119273523456,0.006391207201517091,0,highway_0,2,427.6136204724395,765.6136204724395,,5.76156052663373
17.1,llm_0,768.4312148359891,-4.8,28.175943635496267,107.67621090658119,llm_1,0.018792037512925845,0.018792037512925845,0.018792037512925845,0.018792037512925845,0.018605977735575152,0,highway_0,2,430.43121483598907,768.4312148359891,,5.759699928860172
17.2,llm_0,771.2491152583525,-4.8,28.179004223634603,108.25187484065336,llm_1,0.030911940197214098,0.030911940197214098,0.030911940197214098,0.030911940197214098,0.030605881383358735,0,highway_0,2,433.2491152583525,771.2491152583525,,5.756639340721836
17.3,llm_0,774.0674393752096,-4.8,28.183241168570692,108.82711508023178,llm_1,0.04279314385449129,0.04279314385449129,0.04279314385449129,0.04279314385449129,0.0423694493608906,0,highway_0,2,436.0674393752096,774.0674393752096,,5.752402395785747
17.4,llm_0,776.8863022633917,-4.8,28.188628881821778,109.40181654848536,llm_1,0.05441590383598479,0.05441590383598479,0.05441590383598479,0.05441590383598479,0.053877132510855574,0,highway_0,2,438.8863022633917,776.8863022633917,,5.747014682534662
17.5,llm_0,779.7058162637535,-4.8,28.195140003617755,109.97586690455918,llm_1,0.06576233013937505,0.06576233013937505,0.06576233013937505,0.06576233013937505,0.06511121795977459,0,highway_0,2,441.7058162637535,779.7058162637535,,5.740503560738684
17.6,llm_0,782.5260908215623,-4.8,28.20274557808796,110.54915670318596,llm_1,0.07681630214906375,0.07681630214906375,0.07681630214906375,0.07681630214906375,0.07605574470204601,0,highway_0,2,444.5260908215623,782.5260908215623,,5.73289798626848
17.7,llm_0,785.3472323435603,-4.8,28.211415219979706,111.12157953762355,llm_1,0.08756338310663604,0.08756338310663604,0.08756338310663604,0.08756338310663604,0.08669641891746238,0,highway_0,2,447.34723234356034,785.3472323435603,,5.7242283443767334
17.8,llm_0,788.1693440708555,-4.8,28.221117272951684,111.69303216676403,llm_1,0.09799073501694697,0.09799073501694697,0.09799073501694697,0.09799073501694697,0.09702052971977793,0,highway_0,2,450.16934407085546,788.1693440708555,,5.714526291404756
17.9,llm_0,790.99252596681,-4.8,28.231818959545226,112.26341462724506,llm_1,0.10808703459479456,0.10808703459479456,0.10808703459479456,0.10808703459479456,0.10701686593542092,0,highway_0,2,452.99252596681004,790.99252596681,,5.703824604811214
18.0,llm_0,793.8168746191087,-4.8,28.243486522987155,112.83263033138198,llm_1,0.11784239076350124,0.11784239076350124,0.11784239076350124,0.11784239076350124,0.11667563441928763,0,highway_0,2,455.8168746191087,793.8168746191087,,5.692157041369285
18.1,llm_0,796.6590450535856,-4.8,28.42170434476933,113.4840242533407,llm_1,1.8,1.8,1.8,1.8,1.782178217821766,0,highway_0,2,458.6590450535856,796.6590450535856,,5.513939219587108
18.2,llm_0,799.5190372702408,-4.8,28.599922166551508,114.01759639312111,llm_1,1.8,1.8,1.8,1.8,1.782178217821766,0,highway_0,2,461.5190372702408,799.5190372702408,,5.335721397804932
18.3,llm_0,802.3968512690742,-4.8,28.778139988333685,114.53334675072331,llm_1,1.8,1.8,1.8,1.8,1.782178217821766,0,highway_0,2,464.3968512690742,802.3968512690742,,5.157503576022755
18.4,llm_0,805.2924870500858,-4.8,28.95635781011586,115.03127532614731,llm_1,1.8,1.8,1.8,1.8,1.782178217821766,0,highway_0,2,467.2924870500858,805.2924870500858,,4.979285754240578
18.5,llm_0,808.1869194197684,-4.8,28.944323696825553,115.43040731290031,llm_1,-0.12154454423211024,-0.12154454423211024,-0.12154454423211024,-0.12154454423211024,-0.12034113290308568,0,highway_0,2,470.1869194197684,808.1869194197684,,4.991319867530887
18.6,llm_0,811.0801945536815,-4.8,28.93275133913105,115.93069653542281,llm_1,-0.11688081271446366,-0.11688081271446366,-0.11688081271446366,-0.11688081271446366,-0.11572357694504376,0,highway_0,2,473.0801945536815,811.0801945536815,,5.002892225225391
18.7,llm_0,813.9723625884965,-4.8,28.921680348149813,116.43209285704344,llm_1,-0.11181700891045973,-0.11181700891045973,-0.11181700891045973,-0.11181700891045973,-0.11070990981234985,0,highway_0,2,475.9723625884965,813.9723625884965,,5.013963216206626
18.8,llm_0,816.8634772887848,-4.8,28.911147002883634,116.93454251319073,llm_1,-0.10638678718840097,-0.10638678718840097,-0.10638678718840097,-0.10638678718840097,-0.10533345266178884,0,highway_0,2,478.8634772887848,816.8634772887848,,5.024496561472805
18.9,llm_0,819.7535957213412,-4.8,28.901184325563424,117.43798843706995,llm_1,-0.10062304093412731,-0.10062304093412731,-0.10062304093412731,-0.10062304093412731,-0.09962677320210389,0,highway_0,2,481.7535957213412,819.7535957213412,,5.034459238793016
19.0,llm_0,822.6427779351459,-4.8,28.891822138047267,117.94237057970085,llm_1,-0.09455809391317979,-0.09455809391317979,-0.09455809391317979,-0.09455809391317979,-0.09362187516156695,0,highway_0,2,484.6427779351459,822.6427779351459,,5.043821426309172
19.1,llm_0,825.5310866479299,-4.8,28.883087127840305,118.44762622335244,llm_1,-0.08822360309031052,-0.08822360309031052,-0.08822360309031052,-0.08822360309031052,-0.08735010206962102,0,highway_0,2,487.5310866479299,825.5310866479299,,5.052556436516134
19.2,llm_0,828.4185869401985,-4.8,28.875002922685326,118.95369028751949,llm_1,-0.0816504720652733,-0.0816504720652733,-0.0816504720652733,-0.0816504720652733,-0.08084205154979429,0,highway_0,2,490.41858694019845,828.4185869401985,,5.060640641671114
19.3,llm_0,831.305345957468,-4.8,28.867590172695525,119.46049562668551,llm_1,-0.07486877489695869,-0.07486877489695869,-0.07486877489695869,-0.07486877489695869,-0.0741274998980046,0,highway_0,2,493.30534595746803,831.305345957468,,5.068053391660914
19.4,llm_0,834.1914326213712,-4.8,28.860866639031734,119.96797331921798,llm_1,-0.06790769000429435,-0.06790769000429435,-0.06790769000429435,-0.06790769000429435,-0.06723533663791414,0,highway_0,2,496.1914326213712,834.1914326213712,,5.074776925324706
19.5,llm_0,837.0769173501876,-4.8,28.854847288164457,120.47605294683714,llm_1,-0.06079544375949593,-0.06079544375949593,-0.06079544375949593,-0.06079544375949593,-0.06019350867276785,0,highway_0,2,499.0769173501876,837.0769173501876,,5.0807962761919825
19.6,llm_0,839.9618717892681,-4.8,28.849544390804937,120.98466286419225,llm_1,-0.05355926333118241,-0.05355926333118241,-0.05355926333118241,-0.05355926333118241,-0.053028973595203865,0,highway_0,2,501.9618717892681,839.9618717892681,,5.086099173551503
19.7,llm_0,842.8463685517319,-4.8,28.84496762463789,121.4937304581641,llm_1,-0.04622533828719229,-0.04622533828719229,-0.04622533828719229,-0.04622533828719229,-0.04576766167048163,0,highway_0,2,504.84636855173187,842.8463685517319,,5.090675939718551
19.8,llm_0,845.7304809697359,-4.8,28.841124180040637,122.00318239659563,llm_1,-0.038818790432248736,-0.038818790432248736,-0.038818790432248736,-0.038818790432248736,-0.038434445972512776,0,highway_0,2,507.73048096973594,845.7304809697359,,5.094519384315802
19.9,llm_0,848.6142828565387,-4.8,28.838018868027728,122.51294486622848,llm_1,-0.03136365133037917,-0.03136365133037917,-0.03136365133037917,-0.03136365133037917,-0.031053120129094225,0,highway_0,2,510.6142828565387,848.6142828565387,,5.097624696328712
20.0,llm_0,851.4978482795103,-4.8,28.835654229716177,123.02294379969246,llm_1,-0.023882846946676653,-0.023882846946676653,-0.023882846946676653,-0.023882846946676653,-0.023646383115512037,0,highway_0,2,513.4978482795103,851.4978482795103,,5.099989334640263
20.1,llm_0,854.3812513441766,-4.8,28.834030646663088,123.5331050914618,llm_1,-0.016398188836217905,-0.016398188836217905,-0.016398188836217905,-0.016398188836217905,-0.016235830530888506,0,highway_0,2,516.3812513441766,854.3812513441766,,5.101612917693352
20.2,llm_0,857.264565989325,-4.8,28.833146451483962,124.04335480274901,llm_1,-0.008930371309179997,-0.008930371309179997,-0.008930371309179997,-0.008930371309179997,-0.008841951791254132,0,highway_0,2,519.264565989325,857.264565989325,,5.102497112872477
20.3,llm_0,860.1478657931466,-4.8,28.832998038215834,124.553619355363,llm_1,-0.0014989740080885135,-0.0014989740080885135,-0.0014989740080885135,-0.0014989740080885135,-0.0014841326812842226,0,highway_0,2,522.1478657931466,860.1478657931466,,5.102645526140606
20.4,llm_0,863.031223790341,-4.8,28.833579971943895,125.06382571460423,llm_1,0.00587753065341265,0.00587753065341265,0.00587753065341265,0.00587753065341265,0.005819337280605907,0,highway_0,2,525.031223790341,863.031223790341,,5.102063592412545
20.5,llm_0,865.9147123000672,-4.8,28.834885097263008,125.57390156131359,llm_1,0.013181765723061853,0.013181765723061853,0.013181765723061853,0.013181765723061853,0.013051253191136425,0,highway_0,2,527.9147123000672,865.9147123000672,,5.100758467093431
20.6,llm_0,868.7984027645869,-4.8,28.836904645196206,126.08377545322955,llm_1,0.020397434125298115,0.020397434125298115,0.020397434125298115,0.020397434125298115,0.020195479331981403,0,highway_0,2,530.7984027645869,868.7984027645869,,5.098738919160233
20.7,llm_0,871.6823655984109,-4.8,28.839628338240335,126.5933769758411,llm_1,0.02750929974572652,0.02750929974572652,0.02750929974572652,0.02750929974572652,0.02723693044128339,0,highway_0,2,533.6823655984109,871.6823655984109,,5.096015226116105
20.8,llm_0,874.5666700477364,-4.8,28.843044493254688,127.10263688295126,llm_1,0.03450316564495588,0.03450316564495588,0.03450316564495588,0.03450316564495588,0.03416155014352995,0,highway_0,2,536.5666700477364,874.5666700477364,,5.092599071101752
20.9,llm_0,877.4513840599315,-4.8,28.84714012195096,127.61148722719176,llm_1,0.04136584983236264,0.04136584983236264,0.04136584983236264,0.04136584983236264,0.040956286962732236,0,highway_0,2,539.4513840599315,877.4513840599315,,5.088503442405479
21.0,llm_0,880.3365741628097,-4.8,28.851901028782823,128.1198614807491,llm_1,0.04808515900178462,0.04808515900178462,0.04808515900178462,0.04808515900178462,0.04760906831862144,0,highway_0,2,542.3365741628097,880.3365741628097,,5.0837425355736165
21.1,llm_0,883.2223053534167,-4.8,28.857311906070002,128.62769464657774,llm_1,0.054649860600513946,0.054649860600513946,0.054649860600513946,0.054649860600513946,0.05410877287179261,0,highway_0,2,545.2223053534167,883.2223053534167,,5.078331658286437
21.2,llm_0,886.1086409960393,-4.8,28.863356426225717,129.13492336039073,llm_1,0.06104965357275032,0.06104965357275032,0.06104965357275032,0.06104965357275032,0.06044520155715105,0,highway_0,2,548.1086409960393,886.1086409960393,,5.072287138130722
21.3,llm_0,888.995642729138,-4.8,28.870017330987,129.64148598372762,llm_1,0.06727513808895833,0.06727513808895833,0.06727513808895833,0.06727513808895833,0.06660904761282893,0,highway_0,2,550.995642729138,888.995642729138,,5.065626233369439
21.4,llm_0,891.9004662444149,-4.8,29.048235152769177,130.2302268248863,llm_1,1.8,1.8,1.8,1.8,1.782178217821766,0,highway_0,2,553.9004662444149,891.9004662444149,,4.887408411587263
21.5,llm_0,894.82311154187,-4.8,29.226452974551353,130.7011458838669,llm_1,1.8,1.8,1.8,1.8,1.782178217821766,0,highway_0,2,556.82311154187,894.82311154187,,4.709190589805086
21.6,llm_0,897.7635786215034,-4.8,29.40467079633353,131.1542431606693,llm_1,1.8,1.8,1.8,1.8,1.782178217821766,0,highway_0,2,559.7635786215034,897.7635786215034,,4.5309727680229095
21.7,llm_0,900.7028271990115,-4.8,29.392485775081138,131.5085589395969,llm_1,-0.12306871464915306,-0.12306871464915306,-0.12306871464915306,-0.12306871464915306,-0.12185021252392403,0,highway_0,2,562.7028271990115,900.7028271990115,,4.543157789275302
21.8,llm_0,903.6408815675277,-4.8,29.380543685162042,131.96406892751642,llm_1,-0.12061510818289072,-0.12061510818289072,-0.12061510818289072,-0.12061510818289072,-0.11942089919095622,0,highway_0,2,565.6408815675277,903.6408815675277,,4.5550998791943975
21.9,llm_0,906.5777699092481,-4.8,29.368883417202657,132.42074494223183,llm_1,-0.11776870638980247,-0.11776870638980247,-0.11776870638980247,-0.11776870638980247,-0.11660267959385351,0,highway_0,2,568.577769909248,906.577769909248,,4.566760147153783
22.0,llm_0,909.5135240448891,-4.8,29.357541356409513,132.87855516302656,llm_1,-0.11455481401074212,-0.11455481401074212,-0.11455481401074212,-0.11455481401074212,-0.11342060793143816,0,highway_0,2,571.513524044889,909.513524044889,,4.578102207946927
22.1,llm_0,912.4481791852388,-4.8,29.34655140349888,133.33746437911245,llm_1,-0.11099852439741638,-0.11099852439741638,-0.11099852439741638,-0.11099852439741638,-0.10989952910634315,0,highway_0,2,574.4481791852388,912.4481791852388,,4.589092160857561
22.2,llm_0,915.3817736837385,-4.8,29.33594498499685,133.79743423704846,llm_1,-0.10712482687047639,-0.10712482687047639,-0.10712482687047639,-0.10712482687047639,-0.10606418502028703,0,highway_0,2,577.3817736837385,915.3817736837385,,4.59969857935959
22.3,llm_0,918.3143487909662,-4.8,29.325751072276574,134.25842348625653,llm_1,-0.1029585184747826,-0.1029585184747826,-0.1029585184747826,-0.1029585184747826,-0.10193912720275478,0,highway_0,2,580.3143487909662,918.3143487909662,,4.609892492079865
22.4,llm_0,921.2459484118366,-4.8,29.315996208703353,134.72038822182193,llm_1,-0.09852412208953552,-0.09852412208953552,-0.09852412208953552,-0.09852412208953552,-0.09754863573220973,0,highway_0,2,583.2459484118365,921.2459484118365,,4.619647355653086
22.5,llm_0,924.1766188662614,-4.8,29.306704544247594,135.18328212383287,llm_1,-0.09384581100315438,-0.09384581100315438,-0.09384581100315438,-0.09384581100315438,-0.09291664455759019,0,highway_0,2,586.1766188662613,924.1766188662613,,4.628939020108845
22.6,llm_0,927.1251111028644,-4.81,29.48492236602977,135.75013642188338,llm_1,1.8,1.8,1.8,1.8,1.782178217821766,0,highway_0,2,589.1251111028643,927.1251111028643,,4.668542980504888
22.7,llm_0,930.0914251216453,-4.83,29.663140187811948,136.2209511159735,llm_1,1.8,1.8,1.8,1.8,1.782178217821766,0,highway_0,2,592.0914251216454,930.0914251216454,,4.7081469409009316
22.8,llm_0,933.0755609226048,-4.859999999999999,29.841358009594124,136.6957262061032,llm_1,1.8,1.8,1.8,1.8,1.782178217821766,0,highway_0,2,595.0755609226048,933.0755609226048,,4.747750901296975
22.9,llm_0,936.0775185057424,-4.8999999999999995,30.0195758313763,137.17446169227247,llm_1,1.8,1.8,1.8,1.8,1.782178217821766,0,highway_0,2,598.0775185057424,936.0775185057424,,4.787354861693018
23.0,llm_0,939.0972978710581,-4.95,30.197793653158477,137.65715757448135,llm_1,1.8,1.8,1.8,1.8,1.782178217821766,0,highway_0,2,601.0972978710582,939.0972978710582,,4.826958822089061
23.1,llm_0,942.1348990185522,-5.01,30.376011474940654,138.14381385272992,llm_1,1.8,1.8,1.8,1.8,1.782178217821766,0,highway_0,2,604.1348990185523,942.1348990185523,,4.866562782485104
23.2,llm_0,945.1903219482246,-5.08,30.55422929672283,138.63443052701808,llm_1,1.8,1.8,1.8,1.8,1.782178217821766,0,highway_0,2,607.1903219482247,945.1903219482247,,4.9061667428811475
23.3,llm_0,948.2635666600751,-5.16,30.732447118505007,139.12900759734583,llm_1,1.8,1.8,1.8,1.8,1.782178217821766,0,highway_0,2,610.2635666600752,948.2635666600752,,4.945770703277191
23.4,llm_0,951.3546331541038,-5.25,30.910664940287184,139.62754506371317,llm_1,1.8,1.8,1.8,1.8,1.782178217821766,0,highway_0,2,613.3546331541039,951.3546331541039,,4.985374663673234
23.5,llm_0,954.4635214303108,-5.35,31.08888276206936,140.1300429261201,llm_1,1.8,1.8,1.8,1.8,1.782178217821766,0,highway_0,2,616.4635214303108,954.4635214303108,,5.024978624069277
23.6,llm_0,957.590231488696,-5.45,31.267100583851537,140.6365011845666,llm_1,1.8,1.8,1.8,1.8,1.782178217821766,0,highway_0,2,619.590231488696,957.590231488696,,5.06458258446532
23.7,llm_0,960.7347633292592,-5.55,31.445318405633714,141.1469198390527,llm_1,1.8,1.8,1.8,1.8,1.782178217821766,0,highway_0,2,622.7347633292593,960.7347633292593,,5.1041865448613635
23.8,llm_0,963.8971169520008,-5.6499999999999995,31.62353622741589,1000.0,,1.8,1.8,1.8,1.8,1.782178217821766,0,highway_0,2,625.8971169520008,963.8971169520008,,-1032.6235362274158
23.9,llm_0,967.0772923569207,-5.75,31.801754049198067,1000.0,,1.8,1.8,1.8,1.8,1.782178217821766,0,highway_0,2,629.0772923569207,967.0772923569207,,-1032.801754049198
24.0,llm_0,970.2752895440187,-5.85,31.979971870980243,1000.0,,1.8,1.8,1.8,1.8,1.782178217821766,0,highway_0,2,632.2752895440187,970.2752895440187,,-1032.9799718709803
24.1,llm_0,973.491108513295,-5.95,32.15818969276242,1000.0,,1.8,1.8,1.8,1.8,1.782178217821766,0,highway_0,2,635.491108513295,973.491108513295,,-1033.1581896927623
24.2,llm_0,976.7247492647494,-6.05,32.3364075145446,1000.0,,1.8,1.8,1.8,1.8,1.782178217821766,0,highway_0,2,638.7247492647494,976.7247492647494,,-1033.3364075145446
24.3,llm_0,979.9762117983822,-6.15,32.51462533632677,1000.0,,1.8,1.8,1.8,1.8,1.782178217821766,0,highway_0,2,641.9762117983821,979.9762117983821,,-1033.5146253363268
24.4,llm_0,983.245496114193,-6.25,32.69284315810895,1000.0,,1.8,1.8,1.8,1.8,1.782178217821766,0,highway_0,2,645.245496114193,983.245496114193,,-1033.6928431581089
24.5,llm_0,986.532602212182,-6.3500000000000005,32.871060979891126,1000.0,,1.8,1.8,1.8,1.8,1.782178217821766,0,highway_0,2,648.532602212182,986.532602212182,,-1033.8710609798911
24.6,llm_0,989.8375300923494,-6.45,33.0492788016733,145.91890555121012,llm_1,1.8,1.8,1.8,1.8,1.782178217821766,0,highway_0,1,651.8375300923494,989.8375300923494,,5.460622188425752
24.7,llm_0,993.1239969420259,-6.550000000000001,32.86466849676476,146.40521097876146,llm_1,-1.8645640795762506,-1.8645640795762506,-1.8645640795762506,-1.8645640795762506,-1.8461030490854569,0,highway_0,1,655.1239969420259,993.1239969420259,,5.863054275512518
24.8,llm_0,996.3930521776651,-6.65,32.69055235639211,147.0307101985678,llm_1,-1.7585730177637517,-1.7585730177637517,-1.7585730177637517,-1.7585730177637517,-1.7411614037264656,0,highway_0,1,658.3930521776651,996.3930521776651,,6.254992198063384
24.9,llm_0,999.6456702918949,-6.750000000000001,32.52618114229836,147.69442871800138,llm_1,-1.6601492623468772,-1.6601492623468772,-1.6601492623468772,-1.6601492623468772,-1.643712140937481,0,highway_0,1,661.6456702918949,999.6456702918949,,6.637185194335352
25.0,llm_0,1002.8827578556961,-6.8500000000000005,32.37087563801153,148.39545996608135,llm_1,-1.568585593296963,-1.568585593296963,-1.568585593296963,-1.568585593296963,-1.5530550428682943,0,highway_0,1,664.8827578556961,1002.8827578556961,,7.010312480800401
25.1,llm_0,1006.1051596940692,-6.950000000000001,32.224018383731355,149.1329591178072,llm_1,-1.4832582682298303,-1.4832582682298303,-1.4832582682298303,-1.4832582682298303,-1.4685725428017804,0,highway_0,1,668.1051596940692,1006.1051596940692,,7.374991517258799
25.2,llm_0,1009.3136643515503,-7.050000000000001,32.085046574809866,149.906137628643,llm_1,-1.403615270107024,-1.403615270107024,-1.403615270107024,-1.403615270107024,-1.3897180892148953,0,highway_0,1,671.3136643515502,1009.3136643515502,,7.731785108358508
25.3,llm_0,1012.5090089459562,-7.15,31.95344594406091,150.71425838077172,llm_1,-1.3291663705644639,-1.3291663705644639,-1.3291663705644639,-1.3291663705644639,-1.316006307489559,0,highway_0,1,674.5090089459562,1012.5090089459562,,8.081207521285684
25.4,llm_0,1015.6918834148204,-7.250000000000001,31.82874468864146,151.55663143666013,llm_1,-1.2594826797364378,-1.2594826797364378,-1.2594826797364378,-1.2594826797364378,-1.247012554194491,0,highway_0,1,677.6918834148204,1015.6918834148204,,8.423730558883353
25.5,llm_0,1018.862934466778,-7.3500000000000005,31.710510519578154,152.4326100876727,llm_1,-1.194165107539387,-1.194165107539387,-1.194165107539387,-1.194165107539387,-1.1823416906330664,0,highway_0,1,680.8629344667781,1018.8629344667781,,8.75978651012488
25.6,llm_0,1022.0227690450137,-7.450000000000001,31.59834578235581,153.34158739062522,llm_1,-1.1328638459456561,-1.1328638459456561,-1.1328638459456561,-1.1328638459456561,-1.1216473722234355,0,highway_0,1,684.0227690450138,1022.0227690450138,,9.089773029525443
25.7,llm_0,1025.171957440377,-7.550000000000001,31.491883953631834,154.28299305466803,llm_1,-1.0752644701121892,-1.0752644701121892,-1.0752644701121892,-1.0752644701121892,-1.0646182872397603,0,highway_0,1,687.1719574403769,1025.171957440377,,9.414056640427638
25.8,llm_0,1028.3110360970152,-7.65,31.390786566381642,155.25629063565347,llm_1,-1.0210836112269706,-1.0210836112269706,-1.0210836112269706,-1.0210836112269706,-1.0109738725019213,0,highway_0,1,690.3110360970152,1028.3110360970152,,9.73297580985605
25.9,llm_0,1031.4405101472614,-7.750000000000001,31.294740502462187,156.26097500124874,llm_1,-0.9700652455865282,-0.9700652455865282,-0.9700652455865282,-0.9700652455865282,-0.960460639194558,0,highway_0,1,693.4405101472614,1031.4405101472614,,10.046843655953726
26.0,llm_0,1034.5608557074052,-7.8500000000000005,31.20345560143828,157.2965700351643,llm_1,-0.921977500341457,-0.921977500341457,-0.921977500341457,-0.921977500341457,-0.9128490102390785,0,highway_0,1,696.5608557074052,1034.5608557074052,,10.355950339155854
26.1,llm_0,1037.6725219616653,-7.950000000000001,31.116662542600697,158.36262655318146,llm_1,-0.8766098942596102,-0.8766098942596102,-0.8766098942596102,-0.8766098942596102,-0.8679305883758204,0,highway_0,1,699.6725219616653,1037.6725219616653,,10.660565180171655
26.2,llm_0,1040.775933058042,-8.05,31.034110963765894,159.4288824957833,llm_1,-0.8337709462315142,-0.8337709462315142,-0.8337709462315142,-0.8337709462315142,-0.825515788348028,0,highway_0,1,702.775933058042,1040.775933058042,,10.662559426020582
26.3,llm_0,1043.8714898363191,-8.15,30.955567782772274,160.49507512398677,llm_1,-0.7932861280355579,-0.7932861280355579,-0.7932861280355579,-0.7932861280355579,-0.785431809936199,0,highway_0,1,705.8714898363191,1043.8714898363191,,10.661926282034297
26.4,llm_0,1046.9595714068262,-8.25,30.880815705071143,161.56096028305578,llm_1,-0.7549959847814072,-0.7549959847814072,-0.7549959847814072,-0.7549959847814072,-0.7475207770113101,0,highway_0,1,708.9595714068262,1046.9595714068262,,10.658851590689551
26.5,llm_0,1050.0405365953327,-8.350000000000001,30.80965188506497,162.62631105395766,llm_1,-0.7187545820623423,-0.7187545820623423,-0.7187545820623423,-0.7187545820623423,-0.711638200061735,0,highway_0,1,712.0405365953327,1050.0405365953327,,10.653507709018559
26.6,llm_0,1053.1147252678563,-8.450000000000001,30.741886725235275,163.69091652110737,llm_1,-0.6844281142799179,-0.6844281142799179,-0.6844281142799179,-0.6844281142799179,-0.67765159829694,0,highway_0,1,715.1147252678563,1053.1147252678563,,10.646054671497005
26.7,llm_0,1056.1824595475032,-8.540000000000001,30.67734279646862,164.75458064446397,llm_1,-0.6518936805432359,-0.6518936805432359,-0.6518936805432359,-0.6518936805432359,-0.6454392876665693,0,highway_0,1,718.1824595475032,1056.1824595475032,,10.636641233565182
26.8,llm_0,1059.2440449340295,-8.620000000000001,30.615853865263354,165.81712122546364,llm_1,-0.6210382051731845,-0.6210382051731845,-0.6210382051731845,-0.6210382051731845,-0.6148893120526466,0,highway_0,1,721.2440449340295,1059.2440449340295,,10.625405809995442
26.9,llm_0,1062.2997713355721,-8.690000000000001,30.55726401542587,166.8783689575035,llm_1,-0.5917574833586123,-0.5917574833586123,-0.5917574833586123,-0.5917574833586123,-0.5858984983748527,0,highway_0,1,724.2997713355721,1062.2997713355721,,10.612477320400085
27.0,llm_0,1065.3499140209224,-8.75,30.50142685350161,1000.0,,-0.5639553354350274,-0.5639553354350274,-0.5639553354350274,-0.5639553354350274,-0.5583716192425925,0,highway_0,1,727.3499140209224,1065.3499140209224,,-1031.5014268535017
27.1,llm_0,1068.394735267546,-8.8,30.448212466236207,1000.0,,-0.5374653113805714,-0.5374653113805714,-0.5374653113805714,-0.5374653113805714,-0.5321438726540251,0,highway_0,1,730.3947352675459,1068.394735267546,,-1031.448212466236
27.2,llm_0,1071.4344835992438,-8.840000000000002,30.397483316978775,1000.0,,-0.5123644075000691,-0.5123644075000691,-0.5123644075000691,-0.5123644075000691,-0.5072914925743177,0,highway_0,1,733.4344835992438,1071.4344835992438,,-1031.3974833169789
27.3,llm_0,1074.4693953532403,-8.870000000000001,30.349117539966237,1000.0,,-0.4884943478266433,-0.4884943478266433,-0.4884943478266433,-0.4884943478266433,-0.483657770125383,0,highway_0,1,736.4693953532403,1074.4693953532403,,-1031.3491175399663
27.4,llm_0,1077.499695381182,-8.89,30.303000279416995,1000.0,,-0.4657843315473439,-0.4657843315473439,-0.4657843315473439,-0.4657843315473439,-0.4611726054924148,0,highway_0,1,739.4996953811819,1077.499695381182,,-1031.303000279417
27.5,llm_0,1080.5255977006648,-8.9,30.25902319482918,1000.0,,-0.44416855433693836,-0.44416855433693836,-0.44416855433693836,-0.44416855433693836,-0.43977084587815796,0,highway_0,1,742.5255977006648,1080.5255977006648,,-1031.259023194829
27.6,llm_0,1083.5473061015357,-8.9,30.217084008708262,1000.0,,-0.4235857798212562,-0.4235857798212562,-0.4235857798212562,-0.4235857798212562,-0.4193918612091707,0,highway_0,1,745.5473061015357,1083.5473061015357,,-1031.2170840087083
27.7,llm_0,1086.56501471078,-8.9,30.177086092443115,1000.0,,-0.40397895427797254,-0.40397895427797254,-0.40397895427797254,-0.40397895427797254,-0.39997916265146927,0,highway_0,1,748.5650147107799,1086.56501471078,,-1031.177086092443
27.8,llm_0,1089.5789085194342,-8.9,30.13893808654311,1000.0,,-0.3852948595900737,-0.3852948595900737,-0.3852948595900737,-0.3852948595900737,-0.38148005900005444,0,highway_0,1,751.5789085194342,1089.5789085194342,,-1031.138938086543
27.9,llm_0,1092.589163874622,-8.9,30.10255355187866,1000.0,,-0.3674838001109539,-0.3674838001109539,-0.3674838001109539,-0.3674838001109539,-0.36384534664449575,0,highway_0,1,754.589163874622,1092.589163874622,,-1031.1025535518786
28.0,llm_0,1095.5959489395163,-8.9,30.06785064894284,1000.0,,-0.3504993196517837,-0.3504993196517837,-0.3504993196517837,-0.3504993196517837,-0.3470290293581968,0,highway_0,1,757.5959489395163,1095.5959489395163,,-1031.0678506489428
28.1,llm_0,1098.5994241237643,-8.9,30.034751842479842,1000.0,,-0.33429794527628864,-0.33429794527628864,-0.33429794527628864,-0.33429794527628864,-0.33098806462998454,0,highway_0,1,760.5994241237643,1098.5994241237643,,-1031.0347518424799
28.2,llm_0,1101.5997424866757,-8.9,30.00318362911383,1000.0,,-0.31883895499672055,-0.31883895499672055,-0.31883895499672055,-0.31883895499672055,-0.3156821336601112,0,highway_0,1,763.5997424866757,1101.5997424866757,,-1031.003183629114
28.3,llm_0,1104.5970501152622,-8.9,29.973076285864515,1000.0,,-0.30408416681810185,-0.30408416681810185,-0.30408416681810185,-0.30408416681810185,-0.3010734324931619,0,highway_0,1,766.5970501152622,1104.5970501152622,,-1030.9730762858644
28.4,llm_0,1107.591486479028,-8.9,29.944363637658242,1000.0,,-0.2899977468833897,-0.2899977468833897,-0.2899977468833897,-0.2899977468833897,-0.2871264820627317,0,highway_0,1,769.5914864790279,1107.591486479028,,-1030.9443636376582
28.5,llm_0,1110.583184763242,-8.9,29.91698284213967,1000.0,,-0.2765460347375676,-0.2765460347375676,-0.2765460347375676,-0.2765460347375676,-0.2738079551857098,0,highway_0,1,772.5831847632419,1110.583184763242,,-1030.9169828421398
28.6,llm_0,1113.572272182268,-8.9,29.89087419026251,1000.0,,-0.26369738395932707,-0.26369738395932707,-0.26369738395932707,-0.26369738395932707,-0.2610865187715916,0,highway_0,1,775.5722721822681,1113.572272182268,,-1030.8908741902626
28.7,llm_0,1116.5588702743971,-8.9,29.86598092129123,1000.0,,-0.25142201660995905,-0.25142201660995905,-0.25142201660995905,-0.25142201660995905,-0.24893268971283078,0,highway_0,1,778.5588702743971,1116.5588702743971,,-1030.8659809212913
28.8,llm_0,1119.5430951794954,-8.9,29.842249050981856,1000.0,,-0.2396918901246589,-0.2396918901246589,-0.2396918901246589,-0.2396918901246589,-0.23731870309372738,0,highway_0,1,781.5430951794954,1119.5430951794954,,-1030.8422490509818
28.9,llm_0,1122.5250579006783,-8.9,29.81962721183088,1000.0,,-0.228480575424876,-0.228480575424876,-0.228480575424876,-0.228480575424876,-0.22621839150975376,0,highway_0,1,784.5250579006783,1122.5250579006783,,-1030.819627211831
29.0,llm_0,1125.5048645511172,-8.9,29.798066504388796,1000.0,,-0.21776314516504056,-0.21776314516504056,-0.21776314516504056,-0.21776314516504056,-0.21560707442084492,0,highway_0,1,787.5048645511172,1125.5048645511172,,-1030.7980665043888
29.1,llm_0,1128.4826165869902,-8.9,29.777520358730868,1000.0,,-0.207516071145074,-0.207516071145074,-0.207516071145074,-0.207516071145074,-0.20546145657927894,0,highway_0,1,790.4826165869902,1128.4826165869902,,-1030.777520358731
29.2,llm_0,1131.4584110275164,-8.9,29.757944405263128,1000.0,,-0.19771713002415198,-0.19771713002415198,-0.19771713002415198,-0.19771713002415198,-0.19575953467739993,0,highway_0,1,793.4584110275164,1131.4584110275164,,-1030.757944405263
29.3,llm_0,1134.4323406629283,-8.9,29.73929635411831,1000.0,,-0.18834531656268336,-0.18834531656268336,-0.18834531656268336,-0.18834531656268336,-0.18648051144818822,0,highway_0,1,796.4323406629283,1134.4323406629283,,-1030.7392963541183
29.4,llm_0,1137.4044942511748,-8.9,29.72153588246479,1000.0,,-0.1793807637005585,-0.1793807637005585,-0.1793807637005585,-0.1793807637005585,-0.17760471653520682,0,highway_0,1,799.4044942511748,1137.4044942511748,,-1030.7215358824649
29.5,llm_0,1140.3749567040861,-8.9,29.70462452911321,1000.0,,-0.1708046688509561,-0.1708046688509561,-0.1708046688509561,-0.1708046688509561,-0.16911353351577674,0,highway_0,1,802.3749567040861,1140.3749567040861,,-1030.7046245291133
29.6,llm_0,1143.3438092636723,-8.9,29.688525595860472,1000.0,,-0.16259922585264985,-0.16259922585264985,-0.16259922585264985,-0.16259922585264985,-0.1609893325273859,0,highway_0,1,805.3438092636723,1143.3438092636723,,-1030.6885255958605
29.7,llm_0,1146.3111296691784,-8.9,29.673204055060506,1000.0,,-0.15474756207966042,-0.15474756207966042,-0.15474756207966042,-0.15474756207966042,-0.15321540799966726,0,highway_0,1,808.3111296691784,1146.3111296691784,,-1030.6732040550605
29.8,llm_0,1149.276992315474,-8.9,29.65862646295583,1000.0,,-0.14723368025725167,-0.14723368025725167,-0.14723368025725167,-0.14723368025725167,-0.14577592104675574,0,highway_0,1,811.276992315474,1149.276992315474,,-1030.658626462956
29.9,llm_0,1152.2414684033083,-8.9,29.644760878344197,1000.0,,-0.14004240457747372,-0.14004240457747372,-0.14004240457747372,-0.14004240457747372,-0.13865584611632897,0,highway_0,1,814.2414684033083,1152.2414684033083,,-1030.6447608783442
30.0,llm_0,1155.2046260819275,-8.9,29.631576786191008,1000.0,,-0.13315933074720368,-0.13315933074720368,-0.13315933074720368,-0.13315933074720368,-0.13184092153188942,0,highway_0,1,817.2046260819275,1155.2046260819275,,-1030.631576786191
30.1,llm_0,1158.1665305845106,-8.9,29.61904502583092,1000.0,,-0.12657077963686492,-0.12657077963686492,-0.12657077963686492,-0.12657077963686492,-0.12531760360086963,0,highway_0,1,820.1665305845106,1158.1665305845106,,-1030.619045025831
30.2,llm_0,1161.127244356854,-8.9,29.60713772343196,1000.0,,-0.12026375422949237,-0.12026375422949237,-0.12026375422949237,-0.12026375422949237,-0.11907302398959985,0,highway_0,1,823.1272443568539,1161.127244356854,,-1030.607137723432
30.3,llm_0,1164.0868271796962,-8.9,29.59582822842224,1000.0,,-0.11422589959819386,-0.11422589959819386,-0.11422589959819386,-0.11422589959819386,-0.11309495009722781,0,highway_0,1,826.0868271796962,1164.0868271796962,,-1030.5958282284223
30.4,llm_0,1167.0453362850567,-8.9,29.5850910536039,1000.0,,-0.10844546566520462,-0.10844546566520462,-0.10844546566520462,-0.10844546566520462,-0.10737174818338246,0,highway_0,1,829.0453362850567,1167.0453362850567,,-1030.585091053604
30.5,llm_0,1170.0028264669268,-8.9,29.574901818701083,1000.0,,-0.10291127251848092,-0.10291127251848092,-0.10291127251848092,-0.10291127251848092,-0.10189234902817645,0,highway_0,1,832.0028264669268,1170.0028264669268,,-1030.5749018187012
30.6,llm_0,1172.9593501866377,-8.9,29.565237197108786,1000.0,,-0.0976126780821752,-0.0976126780821752,-0.0976126780821752,-0.0976126780821752,-0.0966462159229664,0,highway_0,1,834.9593501866377,1172.9593501866377,,-1030.5652371971087
30.7,llm_0,1175.9149576732004,-8.9,29.556074865628037,1000.0,,-0.09253954795556406,-0.09253954795556406,-0.09253954795556406,-0.09253954795556406,-0.0916233148074852,0,highway_0,1,837.9149576732004,1175.9149576732004,,-1030.556074865628
30.8,llm_0,1178.8696970188994,-8.9,29.547393456989262,1000.0,,-0.0876822272516406,-0.0876822272516406,-0.0876822272516406,-0.0876822272516406,-0.08681408638775423,0,highway_0,1,840.8696970188994,1178.8696970188994,,-1030.5473934569893
30.9,llm_0,1181.8236142703975,-8.9,29.539172514981214,1000.0,,-0.08303151428128974,-0.08303151428128974,-0.08303151428128974,-0.08303151428128974,-0.08220942008048127,0,highway_0,1,843.8236142703975,1181.8236142703975,,-1030.5391725149811
31.0,llm_0,1184.776753515599,-8.9,29.53139245201661,1000.0,,-0.07857863594250745,-0.07857863594250745,-0.07857863594250745,-0.07857863594250745,-0.07780062964602763,0,highway_0,1,846.776753515599,1184.776753515599,,-1030.5313924520167
31.1,llm_0,1187.729156966497,-8.9,29.524034508978374,1000.0,,-0.0743152246861931,-0.0743152246861931,-0.0743152246861931,-0.0743152246861931,-0.0735794303823667,0,highway_0,1,849.7291569664969,1187.729156966497,,-1030.5240345089783
31.2,llm_0,1190.6808650382172,-8.9,29.517080717202038,1000.0,,-0.07023329694100147,-0.07023329694100147,-0.07023329694100147,-0.07023329694100147,-0.0695379177633626,0,highway_0,1,852.6808650382172,1190.6808650382172,,-1030.5170807172021
31.3,llm_0,1193.6319164244633,-8.9,29.51051386246048,1000.0,,-0.06632523288970259,-0.06632523288970259,-0.06632523288970259,-0.06632523288970259,-0.06566854741556938,0,highway_0,1,855.6319164244633,1193.6319164244633,,-1030.5105138624606
31.4,llm_0,1196.5823481695459,-8.9,29.504317450826974,1000.0,,-0.06258375749841572,-0.06258375749841572,-0.06258375749841572,-0.06258375749841572,-0.061964116335069264,0,highway_0,1,858.5823481695459,1196.5823481695459,,-1030.5043174508269
31.5,llm_0,1199.532195737176,-8.9,29.498475676301393,1000.0,,-0.059001922708373546,-0.059001922708373546,-0.059001922708373546,-0.059001922708373546,-0.058417745255816556,0,highway_0,1,861.5321957371759,1199.532195737176,,-1030.4984756763015
31.6,llm_0,1202.4814930761852,-8.9,29.492973390092764,1000.0,,-0.055573090707122776,-0.055573090707122776,-0.055573090707122776,-0.055573090707122776,-0.05502286208628249,0,highway_0,1,864.4814930761852,1202.4814930761852,,-1030.4929733900929
31.7,llm_0,1205.4302726833312,-8.9,29.48779607145881,1000.0,,-0.052290918202932926,-0.052290918202932926,-0.052290918202932926,-0.052290918202932926,-0.05177318633954542,0,highway_0,1,867.4302726833312,1205.4302726833312,,-1030.487796071459
31.8,llm_0,1208.3785656633322,-8.9,29.48292980001007,1000.0,,-0.04914934163226932,-0.04914934163226932,-0.04914934163226932,-0.04914934163226932,-0.04866271448740633,0,highway_0,1,870.3785656633322,1208.3785656633322,,-1030.48292980001
31.9,llm_0,1211.3264017862714,-8.9,29.47836122939267,1000.0,,-0.046142563235718796,-0.046142563235718796,-0.046142563235718796,-0.046142563235718796,-0.045685706173976826,0,highway_0,1,873.3264017862714,1211.3264017862714,,-1030.4783612293927
32.0,llm_0,1214.2738095424984,-8.9,29.47407756226961,1000.0,,-0.043265037942940655,-0.043265037942940655,-0.043265037942940655,-0.043265037942940655,-0.042836671230617185,0,highway_0,1,876.2738095424984,1214.2738095424984,,-1030.4740775622697
32.1,llm_0,1217.220816195151,-8.9,29.470066526525873,1000.0,,-0.040511461011760376,-0.040511461011760376,-0.040511461011760376,-0.040511461011760376,-0.04011035743737068,0,highway_0,1,879.220816195151,1217.220816195151,,-1030.470066526526
32.2,llm_0,1220.1674478304137,-8.9,29.466316352627768,1000.0,,-0.03787675637085988,-0.03787675637085988,-0.03787675637085988,-0.03787675637085988,-0.03750173898104947,0,highway_0,1,882.1674478304137,1220.1674478304137,,-1030.4663163526277
32.3,llm_0,1223.113729405621,-8.9,29.462815752071407,1000.0,,-0.03535606561926044,-0.03535606561926044,-0.03535606561926044,-0.03535606561926044,-0.03500600556360922,0,highway_0,1,885.1137294056209,1223.113729405621,,-1030.4628157520715
32.4,llm_0,1226.0596847953068,-8.9,29.459553896859575,1000.0,,-0.032944737639514866,-0.032944737639514866,-0.032944737639514866,-0.032944737639514866,-0.032618552118321986,0,highway_0,1,888.0596847953068,1226.0596847953068,,-1030.4595538968597
32.5,llm_0,1229.0053368353017,-8.9,29.456520399950207,1000.0,,-0.030638318784588604,-0.030638318784588604,-0.030638318784588604,-0.030638318784588604,-0.030334969093672726,0,highway_0,1,891.0053368353017,1229.0053368353017,,-1030.4565203999503
32.6,llm_0,1231.950707364964,-8.9,29.453705296623326,1000.0,,-0.028432543601502828,-0.028432543601502828,-0.028432543601502828,-0.028432543601502828,-0.028151033268812853,0,highway_0,1,893.950707364964,1231.950707364964,,-1030.4537052966234
32.7,llm_0,1234.8958172676357,-8.9,29.45109902671664,1000.0,,-0.026323326057514175,-0.026323326057514175,-0.026323326057514175,-0.026323326057514175,-0.026062699066855544,0,highway_0,1,896.8958172676357,1234.8958172676357,,-1030.4510990267167
32.8,llm_0,1237.8406865094041,-8.9,29.44869241768327,1000.0,,-0.02430675123705053,-0.02430675123705053,-0.02430675123705053,-0.02430675123705053,-0.024066090333718648,0,highway_0,1,899.8406865094041,1237.8406865094041,,-1030.4486924176833
32.9,llm_0,1240.7853341762468,-8.9,29.446476668427824,1000.0,,-0.022379067480004712,-0.022379067480004712,-0.022379067480004712,-0.022379067480004712,-0.022157492554448766,0,highway_0,1,902.7853341762468,1240.7853341762468,,-1030.4464766684277
33.0,llm_0,1243.7297785096348,-8.9,29.4444433338799,1000.0,,-0.020536678934039633,-0.020536678934039633,-0.020536678934039633,-0.020536678934039633,-0.020333345479244258,0,highway_0,1,905.7297785096348,1243.7297785096348,,-1030.44444333388
33.1,llm_0,1246.6740369406614,-8.9,29.442584310266483,1000.0,,-0.018776138495508566,-0.018776138495508566,-0.018776138495508566,-0.018776138495508566,-0.018590236134166105,0,highway_0,1,908.6740369406614,1246.6740369406614,,-1030.4425843102665
33.2,llm_0,1249.6181261227662,-8.9,29.440891821047135,1000.0,,-0.01709414111541623,-0.01709414111541623,-0.01709414111541623,-0.01709414111541623,-0.01692489219347948,0,highway_0,1,911.6181261227662,1249.6181261227662,,-1030.4408918210472
33.3,llm_0,1252.562061963114,-8.9,29.439358403477982,1000.0,,-0.015487517448448231,-0.015487517448448231,-0.015487517448448231,-0.015487517448448231,-0.015334175691528174,0,highway_0,1,914.562061963114,1252.562061963114,,-1030.439358403478
33.4,llm_0,1255.5058596526912,-8.9,29.43797689577257,1000.0,,-0.013953227824639636,-0.013953227824639636,-0.013953227824639636,-0.013953227824639636,-0.013815077054104563,0,highway_0,1,917.5058596526912,1255.5058596526912,,-1030.4379768957726
33.5,llm_0,1258.4495336951743,-8.9,29.436740424829537,1000.0,,-0.012488356524657475,-0.012488356524657475,-0.012488356524657475,-0.012488356524657475,-0.012364709430343623,0,highway_0,1,920.4495336951743,1258.4495336951743,,-1030.4367404248296
33.6,llm_0,1261.3930979346242,-8.9,29.435642394498753,1000.0,,-0.011090106340937567,-0.011090106340937567,-0.011090106340937567,-0.011090106340937567,-0.010980303307839279,0,highway_0,1,923.3930979346242,1261.3930979346242,,-1030.4356423944987
33.7,llm_0,1264.33656558206,-8.9,29.43467647435933,1000.0,,-0.009755793408165526,-0.009755793408165526,-0.009755793408165526,-0.009755793408165526,-0.009659201394249806,0,highway_0,1,926.3365655820601,1264.33656558206,,-1030.4346764743593
33.8,llm_0,1267.2799492409586,-8.9,29.43383658898432,1000.0,,-0.008482842287583892,-0.008482842287583892,-0.008482842287583892,-0.008482842287583892,-0.008398853750080093,0,highway_0,1,929.2799492409586,1267.2799492409586,,-1030.4338365889844
33.9,llm_0,1270.2232609317255,-8.9,29.433116907668396,1000.0,,-0.007268781290819693,-0.007268781290819693,-0.007268781290819693,-0.007268781290819693,-0.007196813159247029,0,highway_0,1,932.2232609317255,1270.2232609317255,,-1030.4331169076684
34.0,llm_0,1273.166512115185,-8.9,29.432511834596156,1000.0,,-0.006111238029613686,-0.006111238029613686,-0.006111238029613686,-0.006111238029613686,-0.006050730722400033,0,highway_0,1,935.166512115185,1273.166512115185,,-1030.4325118345962
34.1,llm_0,1276.109713715128,-8.9,29.43201599942992,1000.0,,-0.005007935178981283,-0.005007935178981283,-0.005007935178981283,-0.005007935178981283,-0.0049583516623386,0,highway_0,1,938.109713715128,1276.109713715128,,-1030.43201599943
34.2,llm_0,1279.0528761399578,-8.9,29.43162424829706,1000.0,,-0.0039566864419052555,-0.0039566864419052555,-0.0039566864419052555,-0.0039566864419052555,-0.003917511328630496,0,highway_0,1,941.0528761399578,1279.0528761399578,,-1030.431624248297
34.3,llm_0,1281.9960093034736,-8.9,29.43133163515799,1000.0,,-0.0029553927046052086,-0.0029553927046052086,-0.0029553927046052086,-0.0029553927046052086,-0.002926131390701414,0,highway_0,1,943.9960093034736,1281.9960093034736,,-1030.431331635158
34.4,llm_0,1284.9391226448272,-8.9,29.431133413537005,1000.0,,-0.0020020383719725255,-0.0020020383719725255,-0.0020020383719725255,-0.0020020383719725255,-0.0019822162098392937,0,highway_0,1,946.9391226448272,1284.9391226448272,,-1030.431133413537
34.5,llm_0,1287.882225147687,-8.9,29.43102502859903,1000.0,,-0.001094687873536504,-0.001094687873536504,-0.001094687873536504,-0.001094687873536504,-0.0010838493797393767,0,highway_0,1,949.882225147687,1287.882225147687,,-1030.431025028599
34.6,llm_0,1290.8253253586427,-8.9,29.431002109556378,1000.0,,-0.0002314823308130043,-0.0002314823308130043,-0.0002314823308130043,-0.0002314823308130043,-0.00022919042653057886,0,highway_0,1,952.8253253586427,1290.8253253586427,,-1030.4310021095564
34.7,llm_0,1293.7684314048818,-8.9,29.43106046239028,1000.0,,0.0005893636224362231,0.0005893636224362231,0.0005893636224362231,0.0005893636224362231,0.0005835283390354107,0,highway_0,1,955.7684314048818,1293.7684314048818,,-1030.4310604623902
34.8,llm_0,1296.7115510111691,-8.9,29.431196062872964,1000.0,,0.0013695648751060664,0.0013695648751060664,0.0013695648751060664,0.0013695648751060664,0.0013560048268246305,0,highway_0,1,958.7115510111691,1296.7115510111691,,-1030.431196062873
34.9,llm_0,1299.6546915161568,-8.9,29.431405049876556,1000.0,,0.00211076873628876,0.00211076873628876,0.00211076873628876,0.00211076873628876,0.0020898700359239797,0,highway_0,1,961.6546915161568,1299.6546915161568,,-1030.4314050498765
35.0,llm_0,1302.5978598880524,-8.9,29.431683718956016,1000.0,,0.002814557702563381,0.002814557702563381,0.002814557702563381,0.002814557702563381,0.002786690794600588,0,highway_0,1,964.5978598880524,1302.5978598880524,,-1030.431683718956
35.1,llm_0,1305.5410627396718,-8.9,29.432028516193803,1000.0,,0.0034824521016651347,0.0034824521016651347,0.0034824521016651347,0.0034824521016651347,0.003447972377870201,0,highway_0,1,967.5410627396718,1305.5410627396718,,-1030.432028516194
35.2,llm_0,1308.4843063429014,-8.9,29.432436032294678,1000.0,,0.004115912618819495,0.004115912618819495,0.004115912618819495,0.004115912618819495,0.004075161008749717,0,highway_0,1,970.4843063429014,1308.4843063429014,,-1030.4324360322946
35.3,llm_0,1311.4275966425932,-8.9,29.43290299691959,1000.0,,0.004716342711609912,0.004716342711609912,0.004716342711609912,0.004716342711609912,0.004669646249126913,0,highway_0,1,973.4275966425932,1311.4275966425932,,-1030.4329029969197
35.4,llm_0,1314.3709392699182,-8.9,29.4334262732482,1000.0,,0.005285090918976498,0.005285090918976498,0.005285090918976498,0.005285090918976498,0.005232763286109332,0,highway_0,1,976.3709392699182,1314.3709392699182,,-1030.4334262732482
35.5,llm_0,1317.3143395551942,-8.9,29.434002852760035,1000.0,,0.005823453069531271,0.005823453069531271,0.005823453069531271,0.005823453069531271,0.005765795118328754,0,highway_0,1,979.3143395551942,1317.3143395551942,,-1030.43400285276
35.6,llm_0,1320.2578025402167,-8.9,29.434629850224805,1000.0,,0.006332674394174321,0.006332674394174321,0.006332674394174321,0.006332674394174321,0.006269974647707954,0,highway_0,1,982.2578025402167,1320.2578025402167,,-1030.4346298502248
35.7,llm_0,1323.201332990106,-8.9,29.43530449889289,1000.0,,0.006813951547633258,0.006813951547633258,0.006813951547633258,0.006813951547633258,0.006746486680846431,0,highway_0,1,985.201332990106,1323.201332990106,,-1030.435304498893
35.8,llm_0,1326.1449354046938,-8.9,29.436024145877383,1000.0,,0.007268434543371339,0.007268434543371339,0.007268434543371339,0.007268434543371339,0.007196469844927833,0,highway_0,1,988.1449354046938,1326.1449354046938,,-1030.4360241458774
35.9,llm_0,1329.0886140294658,-8.9,29.436786247719557,1000.0,,0.007697228605965623,0.007697228605965623,0.007697228605965623,0.007697228605965623,0.007621018421737347,0,highway_0,1,991.0886140294658,1329.0886140294658,,-1030.4367862477195
36.0,llm_0,1332.0323728660787,-8.9,29.437588366129944,1000.0,,0.008101395944918266,0.008101395944918266,0.008101395944918266,0.008101395944918266,0.008021184103874646,0,highway_0,1,994.0323728660787,1332.0323728660787,,-1030.43758836613
36.1,llm_0,1334.9762156824686,-8.9,29.438428163897626,1000.0,,0.008481957453605105,0.008481957453605105,0.008481957453605105,0.008481957453605105,0.00839797767682171,0,highway_0,1,996.9762156824686,1334.9762156824686,,-1030.4384281638977
36.2,llm_0,1337.9201460225647,-8.9,29.439303400960686,1000.0,,0.008839894336871114,0.008839894336871114,0.008839894336871114,0.008839894336871114,0.008752370630595863,0,highway_0,1,999.9201460225647,1337.9201460225647,,-1030.4393034009606
36.3,llm_0,1340.8641672156277,-8.9,29.44021193063104,1000.0,,0.009176149670591084,0.009176149670591084,0.009176149670591084,0.009176149670591084,0.009085296703545964,0,highway_0,1,1002.8641672156277,1340.8641672156277,,-1030.440211930631
36.4,llm_0,1343.8082823852244,-8.9,29.441151695967314,1000.0,,0.0094916298963598,0.0094916298963598,0.0094916298963598,0.0094916298963598,0.009397653362732683,0,highway_0,1,1005.8082823852244,1343.8082823852244,,-1030.4411516959674
36.5,llm_0,1346.7524944578533,-8.9,29.442120726289517,1000.0,,0.009787206254264037,0.009787206254264037,0.009787206254264037,0.009787206254264037,0.009690303222029684,0,highway_0,1,1008.7524944578533,1346.7524944578533,,-1030.4421207262894
36.6,llm_0,1349.6968061712364,-8.9,29.443117133829773,1000.0,,0.010063716156590408,0.010063716156590408,0.010063716156590408,0.010063716156590408,0.009964075402564276,0,highway_0,1,1011.6968061712364,1349.6968061712364,,-1030.4431171338297
36.7,llm_0,1352.6412200822876,-8.9,29.44413911051345,1000.0,,0.010321964505123139,0.010321964505123139,0.010321964505123139,0.010321964505123139,0.0102197668367765,0,highway_0,1,1014.6412200822876,1352.6412200822876,,-1030.4441391105136
36.8,llm_0,1355.5857385747743,-8.9,29.445184924865387,1000.0,,0.010562724954591707,0.010562724954591707,0.010562724954591707,0.010562724954591707,0.010458143519365137,0,highway_0,1,1017.5857385747743,1355.5857385747743,,-1030.4451849248653
36.9,llm_0,1358.5303638666778,-8.9,29.446252919036148,1000.0,,0.010786741124669753,0.010786741124669753,0.010786741124669753,0.010786741124669753,0.010679941707607554,0,highway_0,1,1020.5303638666778,1358.5303638666778,,-1030.4462529190362
37.0,llm_0,1361.475098017272,-8.9,29.447341505943353,1000.0,,0.010994727762790514,0.010994727762790514,0.010994727762790514,0.010994727762790514,0.010885869072048138,0,highway_0,1,1023.4750980172721,1361.475098017272,,-1030.4473415059433
37.1,llm_0,1364.4199429339244,-8.9,29.448449166523552,1000.0,,0.011187371860009033,0.011187371860009033,0.011187371860009033,0.011187371860009033,0.011076605801996209,0,highway_0,1,1026.4199429339244,1364.4199429339244,,-1030.4484491665235
37.2,llm_0,1367.3649003786334,-8.9,29.449574447090075,1000.0,,0.011365333721909322,0.011365333721909322,0.011365333721909322,0.011365333721909322,0.01125280566522946,0,highway_0,1,1029.3649003786334,1367.3649003786334,,-1030.44957444709
37.3,llm_0,1370.3099719743127,-8.9,29.450715956792706,1000.0,,0.011529247996574466,0.011529247996574466,0.011529247996574466,0.011529247996574466,0.011415097026308274,0,highway_0,1,1032.3099719743127,1370.3099719743127,,-1030.4507159567927
37.4,llm_0,1373.2551592108302,-8.9,29.451872365175024,1000.0,,0.011679724661436831,0.011679724661436831,0.011679724661436831,0.011679724661436831,0.011564083823181193,0,highway_0,1,1035.2551592108302,1373.2551592108302,,-1030.451872365175
37.5,llm_0,1376.2004634508128,-8.9,29.453042399825602,1000.0,,0.011817349970830893,0.011817349970830893,0.011817349970830893,0.011817349970830893,0.011700346505776338,0,highway_0,1,1038.2004634508128,1376.2004634508128,,-1030.4530423998256
37.6,llm_0,1379.1458859352247,-8.9,29.454224844119256,1000.0,,0.011942687365901594,0.011942687365901594,0.011942687365901594,0.011942687365901594,0.011824442936543278,0,highway_0,1,1041.1458859352247,1379.1458859352247,,-1030.4542248441192
37.7,llm_0,1382.091427788729,-8.9,29.45541853504485,1000.0,,0.012056278348488103,0.012056278348488103,0.012056278348488103,0.012056278348488103,0.011936909255929606,0,highway_0,1,1044.091427788729,1382.091427788729,,-1030.4554185350448
37.8,llm_0,1385.0370900248408,-8.9,29.45662236111619,1000.0,,0.012158643320522867,0.012158643320522867,0.012158643320522867,0.012158643320522867,0.012038260713396198,0,highway_0,1,1047.0370900248408,1385.0370900248408,,-1030.4566223611162
37.9,llm_0,1387.982873550877,-8.9,29.45783526036276,1000.0,,0.012250282390380597,0.012250282390380597,0.012250282390380597,0.012250282390380597,0.012128992465711974,0,highway_0,1,1049.982873550877,1387.982873550877,,-1030.4578352603628
38.0,llm_0,1390.9287791727168,-8.9,29.459056218397176,1000.0,,0.012331676147607652,0.012331676147607652,0.012331676147607652,0.012331676147607652,0.012209580344162418,0,highway_0,1,1052.9287791727168,1390.9287791727168,,-1030.459056218397
38.1,llm_0,1393.8748075993724,-8.9,29.460284266556314,1000.0,,0.012403286407306091,0.012403286407306091,0.012403286407306091,0.012403286407306091,0.012280481591382397,0,highway_0,1,1055.8748075993724,1393.8748075993724,,-1030.4602842665563
38.2,llm_0,1396.8209594473838,-8.9,29.46151848011329,1000.0,,0.012465556925475164,0.012465556925475164,0.012465556925475164,0.012465556925475164,0.012342135569767265,0,highway_0,1,1058.8209594473838,1396.8209594473838,,-1030.4615184801132
38.3,llm_0,1399.7672352450395,-8.9,29.462757976557498,1000.0,,0.012518914086498767,0.012518914086498767,0.012518914086498767,0.012518914086498767,0.012394964442066225,0,highway_0,1,1061.7672352450395,1399.7672352450395,,-1030.4627579765574
38.4,llm_0,1402.7136354364336,-8.9,29.464001913940066,1000.0,,0.012563767563937478,0.012563767563937478,0.012563767563937478,0.012563767563937478,0.012439373825685607,0,highway_0,1,1064.7136354364336,1402.7136354364336,,-1030.4640019139401
38.5,llm_0,1405.660160385362,-8.9,29.465249489282215,1000.0,,0.01260051095570306,0.01260051095570306,0.01260051095570306,0.01260051095570306,0.01247575342148366,0,highway_0,1,1067.660160385362,1405.660160385362,,-1030.4652494892823
38.6,llm_0,1408.6068103790662,-8.9,29.466499937044066,1000.0,,0.012629522394696103,0.012629522394696103,0.012629522394696103,0.012629522394696103,0.012504477618513477,0,highway_0,1,1070.6068103790662,1408.6068103790662,,-1030.466499937044
38.7,llm_0,1411.5535856318313,-8.9,29.467752527651577,1000.0,,0.012651165135872923,0.012651165135872923,0.012651165135872923,0.012651165135872923,0.012525906075104842,0,highway_0,1,1073.5535856318313,1411.5535856318313,,-1030.4677525276516
38.8,llm_0,1414.5004862884393,-8.9,29.46900656607937,1000.0,,0.012665788120730315,0.012665788120730315,0.012665788120730315,0.012665788120730315,0.012540384277919259,0,highway_0,1,1076.5004862884393,1414.5004862884393,,-1030.4690065660793
38.9,llm_0,1417.4475124274882,-8.9,29.4702613904873,1000.0,,0.012673726520090378,0.012673726520090378,0.012673726520090378,0.012673726520090378,0.012548244079297888,0,highway_0,1,1079.4475124274882,1417.4475124274882,,-1030.4702613904874
39.0,llm_0,1420.394664064579,-8.9,29.47151637090869,1000.0,,0.012675302256089161,0.012675302256089161,0.012675302256089161,0.012675302256089161,0.012549804213932703,0,highway_0,1,1082.394664064579,1420.394664064579,,-1030.4715163709086
39.1,llm_0,1423.341941155378,-8.9,29.472770907988313,1000.0,,0.012670824504182998,0.012670824504182998,0.012670824504182998,0.012670824504182998,0.012545370796210875,0,highway_0,1,1085.341941155378,1423.341941155378,,-1030.4727709079882
39.2,llm_0,1426.2893435985548,-8.9,29.474024431768115,1000.0,,0.01266059017598249,0.01266059017598249,0.01266059017598249,0.01266059017598249,0.012535237798019239,0,highway_0,1,1088.2893435985548,1426.2893435985548,,-1030.4740244317682
39.3,llm_0,1429.2368712386067,-8.9,29.475276400518972,1000.0,,0.012644884383667699,0.012644884383667699,0.012644884383667699,0.012644884383667699,0.01251968750857202,0,highway_0,1,1091.2368712386067,1429.2368712386067,,-1030.475276400519
39.4,llm_0,1432.1845238685682,-8.9,29.47652629961667,1000.0,,0.012623980886739395,0.012623980886739395,0.012623980886739395,0.012623980886739395,0.01249899097697238,0,highway_0,1,1094.1845238685682,1432.1845238685682,,-1030.4765262996166
39.5,llm_0,1435.1323012326143,-8.9,29.47777364046041,1000.0,,0.012598142521765788,0.012598142521765788,0.012598142521765788,0.012598142521765788,0.01247340843740119,0,highway_0,1,1097.1323012326143,1435.1323012326143,,-1030.4777736404603
39.6,llm_0,1438.0802030285574,-8.9,29.479017959432277,1000.0,,0.012567621615839998,0.012567621615839998,0.012567621615839998,0.012567621615839998,0.012443189718673864,0,highway_0,1,1100.0802030285574,1438.0802030285574,,-1030.4790179594322
39.7,llm_0,1441.028228910247,-8.9,29.480258816896075,1000.0,,0.012532660384361561,0.012532660384361561,0.012532660384361561,0.012532660384361561,0.012408574637987613,0,highway_0,1,1103.028228910247,1441.028228910247,,-1030.4802588168961
39.8,llm_0,1443.9763784898703,-8.9,29.48149579623407,1000.0,,0.012493491313762185,0.012493491313762185,0.012493491313762185,0.012493491313762185,0.01236979337996047,0,highway_0,1,1105.9763784898703,1443.9763784898703,,-1030.481495796234
39.9,llm_0,1446.9246513401622,-8.9,29.482728502920185,1000.0,,0.012450337529769562,0.012450337529769562,0.012450337529769562,0.012450337529769562,0.012327066861139713,0,highway_0,1,1108.9246513401622,1446.9246513401622,,-1030.4827285029203
40.0,llm_0,1449.873046996525,-8.9,29.483956563628283,1000.0,,0.012403413151767418,0.012403413151767418,0.012403413151767418,0.012403413151767418,0.012280607080974448,0,highway_0,1,1111.873046996525,1449.873046996525,,-1030.4839565636282
40.1,llm_0,1452.8215649590625,-8.9,29.485179625374204,1000.0,,0.012352923633793134,0.012352923633793134,0.012352923633793134,0.012352923633793134,0.01223061745921683,0,highway_0,1,1114.8215649590625,1452.8215649590625,,-1030.4851796253743
40.2,llm_0,1455.7702046945315,-8.9,29.486397354690315,1000.0,,0.012299066092703249,0.012299066092703249,0.012299066092703249,0.012299066092703249,0.012177293161101943,0,highway_0,1,1117.7702046945315,1455.7702046945315,,-1030.4863973546903
40.3,llm_0,1458.7189656382145,-8.9,29.487609436831303,1000.0,,0.012242029623987627,0.012242029623987627,0.012242029623987627,0.012242029623987627,0.012120821409880023,0,highway_0,1,1120.7189656382145,1458.7189656382145,,-1030.4876094368312
40.4,llm_0,1461.6678471957155,-8.9,29.488815575010086,1000.0,,0.012181995605707442,0.012181995605707442,0.012181995605707442,0.012181995605707442,0.012061381787837888,0,highway_0,1,1123.6678471957155,1461.6678471957155,,-1030.48881557501
40.5,llm_0,1464.6168487446816,-8.9,29.490015489662664,1000.0,,0.012119137991035957,0.012119137991035957,0.012119137991035957,0.012119137991035957,0.011999146525774051,0,highway_0,1,1126.6168487446816,1464.6168487446816,,-1030.4900154896627
40.6,llm_0,1467.5659696364557,-8.9,29.491208917740863,1000.0,,0.012053623589820907,0.012053623589820907,0.012053623589820907,0.012053623589820907,0.011934280781993323,0,highway_0,1,1129.5659696364557,1467.5659696364557,,-1030.4912089177408
40.7,llm_0,1470.515209197659,-8.9,29.492395612031913,1000.0,,0.011985612339586615,0.011985612339586615,0.011985612339586615,0.011985612339586615,0.011866942910501166,0,highway_0,1,1132.515209197659,1470.515209197659,,-1030.492395612032
40.8,llm_0,1473.4645667317095,-8.9,29.49357534050383,1000.0,,0.01191525756639733,0.01191525756639733,0.01191525756639733,0.01191525756639733,0.011797284719179402,0,highway_0,1,1135.4645667317095,1473.4645667317095,,-1030.4935753405039
40.9,llm_0,1476.4140415202771,-8.9,29.49474788567571,1000.0,,0.011842706235959455,0.011842706235959455,0.011842706235959455,0.011842706235959455,0.01172545171879591,0,highway_0,1,1138.4140415202771,1476.4140415202771,,-1030.4947478856757
41.0,llm_0,1479.3636328246782,-8.9,29.495913044011882,1000.0,,0.011768099195318816,0.011768099195318816,0.011768099195318816,0.011768099195318816,0.01165158336171146,0,highway_0,1,1141.3636328246782,1479.3636328246782,,-1030.4959130440118
41.1,llm_0,1482.3133398872121,-8.9,29.497070625339166,1000.0,,0.011691571405557922,0.011691571405557922,0.011691571405557922,0.011691571405557922,0.011575813272841629,0,highway_0,1,1144.3133398872121,1482.3133398872121,,-1030.4970706253391
41.2,llm_0,1485.2631619324407,-8.9,29.49822045228627,1000.0,,0.011613252165761812,0.011613252165761812,0.011613252165761812,0.011613252165761812,0.01149826947102639,0,highway_0,1,1147.2631619324407,1485.2631619324407,,-1030.4982204522862
41.3,llm_0,1488.2130981684152,-8.9,29.499362359744552,1000.0,,0.011533265328662258,0.011533265328662258,0.011533265328662258,0.011533265328662258,0.011419074582832422,0,highway_0,1,1150.2130981684152,1488.2130981684152,,-1030.4993623597445
41.4,llm_0,1491.16314778785,-8.9,29.500496194349324,1000.0,,0.011451729508206122,0.011451729508206122,0.011451729508206122,0.011451729508206122,0.011338346047722325,0,highway_0,1,1153.16314778785,1491.16314778785,,-1030.5004961943494
41.5,llm_0,1494.1133099692481,-8.9,29.50162181398095,1000.0,,0.011368758279410297,0.011368758279410297,0.011368758279410297,0.011368758279410297,0.011256196316260514,0,highway_0,1,1156.1133099692481,1494.1133099692481,,-1030.501621813981
41.6,llm_0,1497.0635838779767,-8.9,29.502739087284986,1000.0,,0.011284460370751105,0.011284460370751105,0.011284460370751105,0.011284460370751105,0.011172733040361038,0,highway_0,1,1159.0635838779767,1497.0635838779767,,-1030.502739087285
41.7,llm_0,1500.0139686672978,-8.9,29.50384789321067,1000.0,,0.011198939849387336,0.011198939849387336,0.011198939849387336,0.011198939849387336,0.01108805925682077,0,highway_0,1,1162.0139686672978,1500.0139686672978,,-1030.5038478932106
41.8,llm_0,1502.9644634793544,-8.9,29.504948120567054,1000.0,,0.011112296299499592,0.011112296299499592,0.011112296299499592,0.011112296299499592,0.011002273563853748,0,highway_0,1,1164.9644634793544,1502.9644634793544,,-1030.504948120567
41.9,llm_0,1505.915067446114,-8.9,29.50603966759616,1000.0,,0.011024624993961464,0.011024624993961464,0.011024624993961464,0.011024624993961464,0.010915470291052998,0,highway_0,1,1167.915067446114,1505.915067446114,,-1030.5060396675963
42.0,llm_0,1508.8618235936738,-8.9,29.46756147559585,1000.0,,-0.3886297392031198,-0.3886297392031198,-0.3886297392031198,-0.3886297392031198,-0.38478192000308553,0,highway_0,1,1170.8618235936738,1508.8618235936738,,-1030.4675614755959
42.1,llm_0,1511.8030969500674,-8.9,29.412733563935532,1000.0,,-0.5537619077692132,-0.5537619077692132,-0.5537619077692132,-0.5537619077692132,-0.5482791166031831,0,highway_0,1,1173.8030969500674,1511.8030969500674,,-1030.4127335639355
42.2,llm_0,1514.7379520314585,-8.9,29.348550813909963,1000.0,,-0.6482457752582547,-0.6482457752582547,-0.6482457752582547,-0.6482457752582547,-0.6418275002556939,0,highway_0,1,1176.7379520314585,1514.7379520314585,,-1030.34855081391
42.3,llm_0,1517.6658024393548,-8.9,29.278504078963056,1000.0,,-0.7074720229637279,-0.7074720229637279,-0.7074720229637279,-0.7074720229637279,-0.700467349469065,0,highway_0,1,1179.6658024393548,1517.6658024393548,,-1030.2785040789631
42.4,llm_0,1520.5862656642194,-8.9,29.2046322486458,1000.0,,-0.7461054862042783,-0.7461054862042783,-0.7461054862042783,-0.7461054862042783,-0.7387183031725542,0,highway_0,1,1182.5862656642194,1520.5862656642194,,-1030.2046322486458
42.5,llm_0,1523.4990886206342,-8.9,29.12822956414799,1000.0,,-0.7716671134279167,-0.7716671134279167,-0.7716671134279167,-0.7716671134279167,-0.7640268449781118,0,highway_0,1,1185.4990886206342,1523.4990886206342,,-1030.128229564148
42.6,llm_0,1526.4041047223852,-8.9,29.050161017509335,1000.0,,-0.788492321050399,-0.788492321050399,-0.788492321050399,-0.788492321050399,-0.7806854663865437,0,highway_0,1,1188.4041047223852,1526.4041047223852,,-1030.0501610175093
42.7,llm_0,1529.301207224596,-8.9,28.971025022107593,1000.0,,-0.7992735535576165,-0.7992735535576165,-0.7992735535576165,-0.7992735535576165,-0.7913599540174232,0,highway_0,1,1191.301207224596,1529.301207224596,,-1029.9710250221076
42.8,llm_0,1532.1903317996334,-8.9,28.891245750374186,1000.0,,-0.8057706445074436,-0.8057706445074436,-0.8057706445074436,-0.8057706445074436,-0.797792717334076,0,highway_0,1,1194.1903317996334,1532.1903317996334,,-1029.891245750374
42.9,llm_0,1535.071444723071,-8.9,28.811129234374818,1000.0,,-0.8091768115936183,-0.8091768115936183,-0.8091768115936183,-0.8091768115936183,-0.8011651599936798,0,highway_0,1,1197.071444723071,1535.071444723071,,-1029.811129234375
43.0,llm_0,1537.9445346434788,-8.9,28.73089920407886,1000.0,,-0.8103233059891612,-0.8103233059891612,-0.8103233059891612,-0.8103233059891612,-0.8023003029595799,0,highway_0,1,1199.9445346434788,1537.9445346434788,,-1029.730899204079
43.1,llm_0,1540.8096067301303,-8.9,28.650720866515815,1000.0,,-0.8098012093867734,-0.8098012093867734,-0.8098012093867734,-0.8098012093867734,-0.8017833756304427,0,highway_0,1,1202.8096067301303,1540.8096067301303,,-1029.6507208665157
43.2,llm_0,1543.6666784450872,-8.9,28.570717149569557,1000.0,,-0.8080375411572029,-0.8080375411572029,-0.8080375411572029,-0.8080375411572029,-0.8000371694625841,0,highway_0,1,1205.6666784450872,1543.6666784450872,,-1029.5707171495696
43.3,llm_0,1546.5157764502985,-8.9,28.490980052113102,1000.0,,-0.8053446843101834,-0.8053446843101834,-0.8053446843101834,-0.8053446843101834,-0.7973709745645507,0,highway_0,1,1208.5157764502985,1546.5157764502985,,-1029.4909800521132
43.4,llm_0,1549.356934322001,-8.9,28.41157871702454,1000.0,,-0.8019534843944701,-0.8019534843944701,-0.8019534843944701,-0.8019534843944701,-0.7940133508856206,0,highway_0,1,1211.356934322001,1549.356934322001,,-1029.4115787170244
43.5,llm_0,1552.1901908475127,-8.9,28.33256525511623,1000.0,,-0.7980359652739333,-0.7980359652739333,-0.7980359652739333,-0.7980359652739333,-0.7901346190831049,0,highway_0,1,1214.1901908475127,1552.1901908475127,,-1029.3325652551162
43.6,llm_0,1555.0155887469941,-8.9,28.253978994814144,1000.0,,-0.7937212290510534,-0.7937212290510534,-0.7937212290510534,-0.7937212290510534,-0.7858626030208526,0,highway_0,1,1217.0155887469941,1555.0155887469941,,-1029.2539789948141
43.7,llm_0,1557.8331737082224,-8.9,28.175849612283564,1000.0,,-0.7891067635588389,-0.7891067635588389,-0.7891067635588389,-0.7891067635588389,-0.7812938253058022,0,highway_0,1,1219.8331737082224,1557.8331737082224,,-1029.1758496122836
43.8,llm_0,1560.642993653723,-8.9,28.098199455005965,1000.0,,-0.7842665885037465,-0.7842665885037465,-0.7842665885037465,-0.7842665885037465,-0.7765015727759916,0,highway_0,1,1222.642993653723,1560.642993653723,,-1029.098199455006
43.9,llm_0,1563.445098181533,-8.9,28.021045278100292,1000.0,,-0.7792571867473238,-0.7792571867473238,-0.7792571867473238,-0.7792571867473238,-0.771541769056725,0,highway_0,1,1225.445098181533,1563.445098181533,,-1029.0210452781002
44.0,llm_0,1566.23953813646,-8.9,27.944399549268937,1000.0,,-0.7741218611966865,-0.7741218611966865,-0.7741218611966865,-0.7741218611966865,-0.7664572883135534,0,highway_0,1,1228.23953813646,1566.23953813646,,-1028.9443995492688
44.1,llm_0,1569.0263652799108,-8.9,27.868271434508554,1000.0,,-0.7688939590798851,-0.7688939590798851,-0.7688939590798851,-0.7688939590798851,-0.7612811476038317,0,highway_0,1,1231.0263652799108,1569.0263652799108,,-1028.8682714345086
44.2,llm_0,1571.8056320345177,-8.9,27.79266754606843,1000.0,,-0.7635992732452404,-0.7635992732452404,-0.7635992732452404,-0.7635992732452404,-0.7560388844012422,0,highway_0,1,1233.8056320345177,1571.8056320345177,,-1028.7926675460685
44.3,llm_0,1574.577391285754,-8.9,27.717592512362398,1000.0,,-0.7582578404309429,-0.7582578404309429,-0.7582578404309429,-0.7582578404309429,-0.7507503370603175,0,highway_0,1,1236.577391285754,1574.577391285754,,-1028.7175925123624
44.4,llm_0,1577.3416962271438,-8.9,27.643049413896964,1000.0,,-0.752885294500862,-0.752885294500862,-0.752885294500862,-0.752885294500862,-0.7454309846543339,0,highway_0,1,1239.3416962271438,1577.3416962271438,,-1028.643049413897
44.5,llm_0,1580.0986002389373,-8.9,27.569040117934744,1000.0,,-0.7474938892184082,-0.7474938892184082,-0.7474938892184082,-0.7474938892184082,-0.7400929596222028,0,highway_0,1,1242.0986002389373,1580.0986002389373,,-1028.5690401179347
44.6,llm_0,1582.8481567925692,-8.9,27.49556553631978,1000.0,,-0.7420932743111457,-0.7420932743111457,-0.7420932743111457,-0.7420932743111457,-0.7347458161496334,0,highway_0,1,1244.8481567925692,1582.8481567925692,,-1028.4955655363199
44.7,llm_0,1585.590419375048,-8.9,27.42262582478777,1000.0,,-0.7366910864733334,-0.7366910864733334,-0.7366910864733334,-0.7366910864733334,-0.7293971153201184,0,highway_0,1,1247.590419375048,1585.590419375048,,-1028.4226258247877
44.8,llm_0,1588.3254414288044,-8.9,27.35022053756449,1000.0,,-0.7312934009551094,-0.7312934009551094,-0.7312934009551094,-0.7312934009551094,-0.7240528722327966,0,highway_0,1,1250.3254414288044,1588.3254414288044,,-1028.3502205375644
44.9,llm_0,1591.0532763035735,-8.9,27.278348747691343,1000.0,,-0.7259050777187867,-0.7259050777187867,-0.7259050777187867,-0.7259050777187867,-0.7187178987314624,0,highway_0,1,1253.0532763035735,1591.0532763035735,,-1028.2783487476913
45.0,llm_0,1593.7739772176735,-8.9,27.20700914100068,1000.0,,-0.7205300275757041,-0.7205300275757041,-0.7205300275757041,-0.7205300275757041,-0.7133960669066397,0,highway_0,1,1255.7739772176735,1593.7739772176735,,-1028.2070091410008
45.1,llm_0,1596.487597226651,-8.9,27.136200089773915,1000.0,,-0.7151714173903223,-0.7151714173903223,-0.7151714173903223,-0.7151714173903223,-0.7080905122676384,0,highway_0,1,1258.487597226651,1596.487597226651,,-1028.1362000897739
45.2,llm_0,1599.1941891977199,-8.9,27.065919710690572,1000.0,,-0.709831828741747,-0.709831828741747,-0.709831828741747,-0.709831828741747,-0.7028037908334284,0,highway_0,1,1261.1941891977199,1599.1941891977199,,-1028.0659197106907
45.3,llm_0,1601.8938057887797,-8.9,26.996165910598453,1000.0,,-0.704513380930388,-0.704513380930388,-0.704513380930388,-0.704513380930388,-0.6975380009211918,0,highway_0,1,1263.8938057887797,1601.8938057887797,,-1027.9961659105984
45.4,llm_0,1604.5864994310614,-8.9,26.9269364228168,1000.0,,-0.6992178265946803,-0.6992178265946803,-0.6992178265946803,-0.6992178265946803,-0.692294877816515,0,highway_0,1,1266.5864994310614,1604.5864994310614,,-1027.9269364228169
45.5,llm_0,1607.2723223146675,-8.9,26.85822883606125,1000.0,,-0.6939466262310825,-0.6939466262310825,-0.6939466262310825,-0.6939466262310825,-0.6870758675555066,0,highway_0,1,1269.2723223146675,1607.2723223146675,,-1027.8582288360612
45.6,llm_0,1609.951326376428,-8.9,26.790040617603502,1000.0,,-0.6887010064232558,-0.6887010064232558,-0.6887010064232558,-0.6887010064232558,-0.6818821845774892,0,highway_0,1,1271.951326376428,1609.951326376428,,-1027.7900406176036
45.7,llm_0,1612.6235632896194,-8.9,26.72236913191433,1000.0,,-0.6834820054606184,-0.6834820054606184,-0.6834820054606184,-0.6834820054606184,-0.6767148568917136,0,highway_0,1,1274.6235632896194,1612.6235632896194,,-1027.7223691319143
45.8,llm_0,1615.2890844551953,-8.9,26.6552116557587,1000.0,,-0.6782905091719175,-0.6782905091719175,-0.6782905091719175,-0.6782905091719175,-0.6715747615563217,0,highway_0,1,1277.2890844551953,1615.2890844551953,,-1027.6552116557586
45.9,llm_0,1617.9479409942448,-8.9,26.58856539049644,1000.0,,-0.6731272791487627,-0.6731272791487627,-0.6731272791487627,-0.6731272791487627,-0.6664626526225703,0,highway_0,1,1279.9479409942448,1617.9479409942448,,-1027.5885653904963
46.0,llm_0,1620.6001837414624,-8.9,26.522427472175917,1000.0,,-0.6679929750373238,-0.6679929750373238,-0.6679929750373238,-0.6679929750373238,-0.6613791832052485,0,highway_0,1,1282.6001837414624,1620.6001837414624,,-1027.5224274721759
46.1,llm_0,1623.2458632394503,-8.9,26.456794979879263,1000.0,,-0.6628881721962029,-0.6628881721962029,-0.6628881721962029,-0.6628881721962029,-0.6563249229665402,0,highway_0,1,1285.2458632394503,1623.2458632394503,,-1027.4567949798793
46.2,llm_0,1625.885029733718,-8.9,26.391664942678617,1000.0,,-0.6578133757265157,-0.6578133757265157,-0.6578133757265157,-0.6578133757265157,-0.6513003720064603,0,highway_0,1,1287.885029733718,1625.885029733718,,-1027.3916649426785
46.3,llm_0,1628.5177331682667,-8.9,26.32703434548496,1000.0,,-0.6527690316559259,-0.6527690316559259,-0.6527690316559259,-0.6527690316559259,-0.646305971936556,0,highway_0,1,1290.5177331682667,1628.5177331682667,,-1027.327034345485
46.4,llm_0,1631.1440231816678,-8.9,26.26290013401119,1000.0,,-0.6477555358850757,-0.6477555358850757,-0.6477555358850757,-0.6477555358850757,-0.6413421147377107,0,highway_0,1,1293.1440231816678,1631.1440231816678,,-1027.2629001340113
46.5,llm_0,1633.7639491035702,-8.9,26.19925921902394,1000.0,,-0.6427732413712279,-0.6427732413712279,-0.6427732413712279,-0.6427732413712279,-0.6364091498724989,0,highway_0,1,1295.7639491035702,1633.7639491035702,,-1027.199259219024
46.6,llm_0,1636.3775599515725,-8.9,26.136108480021935,1000.0,,-0.6378224639202259,-0.6378224639202259,-0.6378224639202259,-0.6378224639202259,-0.6315073900200474,0,highway_0,1,1298.3775599515725,1636.3775599515725,,-1027.136108480022
46.7,llm_0,1638.9849044284174,-8.9,26.073444768449907,1000.0,,-0.6329034868774738,-0.6329034868774738,-0.6329034868774738,-0.6329034868774738,-0.6266371157202855,0,highway_0,1,1300.9849044284174,1638.9849044284174,,-1027.07344476845
46.8,llm_0,1641.5860309194709,-8.9,26.01126491053445,1000.0,,-0.6280165649460915,-0.6280165649460915,-0.6280165649460915,-0.6280165649460915,-0.6217985791545644,0,highway_0,1,1303.5860309194709,1641.5860309194709,,-1027.0112649105345
46.9,llm_0,1644.180987490452,-8.9,25.949565709810525,1000.0,,-0.6231619273116292,-0.6231619273116292,-0.6231619273116292,-0.6231619273116292,-0.6169920072392543,0,highway_0,1,1306.180987490452,1644.180987490452,,-1026.9495657098105
47.0,llm_0,1646.7698218853914,-8.9,25.888343949393235,1000.0,,-0.6183397802145999,-0.6183397802145999,-0.6183397802145999,-0.6183397802145999,-0.6122176041728977,0,highway_0,1,1308.7698218853914,1646.7698218853914,,-1026.8883439493932
47.1,llm_0,1649.3525815247951,-8.9,25.82759639403854,1000.0,,-0.6135503090824354,-0.6135503090824354,-0.6135503090824354,-0.6135503090824354,-0.6074755535469478,0,highway_0,1,1311.3525815247951,1649.3525815247951,,-1026.8275963940384
47.2,llm_0,1651.929313503998,-8.9,25.767319792027752,1000.0,,-0.6087936803089463,-0.6087936803089463,-0.6087936803089463,-0.6087936803089463,-0.6027660201078788,0,highway_0,1,1313.929313503998,1651.929313503998,,-1026.7673197920278
47.3,llm_0,1654.5000645916884,-8.9,25.70751087690388,1000.0,,-0.6040700427511199,-0.6040700427511199,-0.6040700427511199,-0.6040700427511199,-0.5980891512387387,0,highway_0,1,1316.5000645916884,1654.5000645916884,,-1026.7075108769038
47.4,llm_0,1657.0648812285967,-8.9,25.648166369082226,1000.0,,-0.5993795289986935,-0.5993795289986935,-0.5993795289986935,-0.5993795289986935,-0.5934450782165257,0,highway_0,1,1319.0648812285967,1657.0648812285967,,-1026.6481663690822
47.5,llm_0,1659.623809526332,-8.9,25.58928297735347,1000.0,,-0.5947222564604414,-0.5947222564604414,-0.5947222564604414,-0.5947222564604414,-0.588833917287559,0,highway_0,1,1321.623809526332,1659.623809526332,,-1026.5892829773534
47.6,llm_0,1662.1768952663615,-8.9,25.53085740029384,1000.0,,-0.5900983283022846,-0.5900983283022846,-0.5900983283022846,-0.5900983283022846,-0.5842557705963003,0,highway_0,1,1324.1768952663615,1662.1768952663615,,-1026.5308574002938
47.7,llm_0,1664.7241838991208,-8.9,25.472886327594324,1000.0,,-0.5855078342651117,-0.5855078342651117,-0.5855078342651117,-0.5855078342651117,-0.5797107269951596,0,highway_0,1,1326.7241838991208,1664.7241838991208,,-1026.4728863275943
47.8,llm_0,1667.2657205432527,-8.9,25.415366441318618,1000.0,,-0.5809508513846372,-0.5809508513846372,-0.5809508513846372,-0.5809508513846372,-0.5751988627570626,0,highway_0,1,1329.2657205432527,1667.2657205432527,,-1026.4153664413186
47.9,llm_0,1669.8015499849623,-8.9,25.35829441709771,1000.0,,-0.5764274446311698,-0.5764274446311698,-0.5764274446311698,-0.5764274446311698,-0.5707202422090774,0,highway_0,1,1331.8015499849623,1669.8015499849623,,-1026.3582944170978
48.0,llm_0,1672.331716677489,-8.9,25.301666925267654,1000.0,,-0.5719376674835599,-0.5719376674835599,-0.5719376674835599,-0.5719376674835599,-0.5662749183005644,0,highway_0,1,1334.331716677489,1672.331716677489,,-1026.3016669252677
48.1,llm_0,1674.8562647406848,-8.9,25.245480631955886,1000.0,,-0.5674815624488512,-0.5674815624488512,-0.5674815624488512,-0.5674815624488512,-0.5618629331176805,0,highway_0,1,1336.8562647406848,1674.8562647406848,,-1026.2454806319558
48.2,llm_0,1677.3752379606967,-8.9,25.189732200120556,1000.0,,-0.5630591615368232,-0.5630591615368232,-0.5630591615368232,-0.5630591615368232,-0.5574843183532963,0,highway_0,1,1339.3752379606967,1677.3752379606967,,-1026.1897322001205
48.3,llm_0,1679.8886797897514,-8.9,25.134418290546606,1000.0,,-0.5586704866969089,-0.5586704866969089,-0.5586704866969089,-0.5586704866969089,-0.5531390957395033,0,highway_0,1,1341.8886797897514,1679.8886797897514,,-1026.1344182905466
48.4,llm_0,1682.3966333460316,-8.9,25.07953556280171,1000.0,,-0.5543155502234611,-0.5543155502234611,-0.5543155502234611,-0.5543155502234611,-0.5488272774489644,0,highway_0,1,1344.3966333460316,1682.3966333460316,,-1026.0795355628018
48.5,llm_0,1684.8991414136472,-8.9,25.02508067615475,1000.0,,-0.5499943551342621,-0.5499943551342621,-0.5499943551342621,-0.5499943551342621,-0.544548866469583,0,highway_0,1,1346.8991414136472,1684.8991414136472,,-1026.0250806761549
48.6,llm_0,1687.3962464426932,-8.9,24.971050290459093,1000.0,,-0.5457068955261444,-0.5457068955261444,-0.5457068955261444,-0.5457068955261444,-0.5403038569565766,0,highway_0,1,1349.3962464426932,1687.3962464426932,,-1025.971050290459
48.7,llm_0,1689.8879905493934,-8.9,24.917441067002557,1000.0,,-0.5414531569110153,-0.5414531569110153,-0.5414531569110153,-0.5414531569110153,-0.5360922345653663,0,highway_0,1,1351.8879905493934,1689.8879905493934,,-1025.9174410670025
48.8,llm_0,1692.374415516326,-8.9,24.864249669325847,1000.0,,-0.5372331165347648,-0.5372331165347648,-0.5372331165347648,-0.5372331165347648,-0.5319139767670933,0,highway_0,1,1354.374415516326,1692.374415516326,,-1025.8642496693258
48.9,llm_0,1694.8555627927271,-8.9,24.811472764010865,1000.0,,-0.5330467436813312,-0.5330467436813312,-0.5330467436813312,-0.5330467436813312,-0.527769053149818,0,highway_0,1,1356.8555627927271,1694.8555627927271,,-1025.811472764011
49.0,llm_0,1697.3314734948713,-8.9,24.759107021440222,1000.0,,-0.5288939999634907,-0.5288939999634907,-0.5288939999634907,-0.5288939999634907,-0.5236574257064319,0,highway_0,1,1359.3314734948713,1697.3314734948713,,-1025.7591070214403
49.1,llm_0,1699.8021884065242,-8.9,24.707149116529138,1000.0,,-0.524774839601972,-0.524774839601972,-0.524774839601972,-0.524774839601972,-0.5195790491108454,0,highway_0,1,1361.8021884065242,1699.8021884065242,,-1025.707149116529
49.2,llm_0,1702.2677479794672,-8.9,24.65559572943073,1000.0,,-0.520689209693925,-0.520689209693925,-0.520689209693925,-0.520689209693925,-0.5155338709840862,0,highway_0,1,1364.2677479794672,1702.2677479794672,,-1025.6555957294308
49.3,llm_0,1704.7281923340888,-8.9,24.6044435462157,1000.0,,-0.5166370504718115,-0.5166370504718115,-0.5166370504718115,-0.5166370504718115,-0.5115218321503079,0,highway_0,1,1366.7281923340888,1704.7281923340888,,-1025.6044435462156
49.4,llm_0,1707.1835612600416,-8.9,24.553689259527232,1000.0,,-0.5126182955535015,-0.5126182955535015,-0.5126182955535015,-0.5126182955535015,-0.5075428668846627,0,highway_0,1,1369.1835612600416,1707.1835612600416,,-1025.5536892595273
49.5,llm_0,1709.6338942169627,-8.9,24.503329569211964,1000.0,,-0.5086328721842077,-0.5086328721842077,-0.5086328721842077,-0.5086328721842077,-0.5035969031526832,0,highway_0,1,1371.6338942169627,1709.6338942169627,,-1025.503329569212
49.6,llm_0,1712.0792303352555,-8.9,24.453361182927715,1000.0,,-0.5046807014709093,-0.5046807014709093,-0.5046807014709093,-0.5046807014709093,-0.4996838628424882,0,highway_0,1,1374.0792303352555,1712.0792303352555,,-1025.4533611829277
49.7,llm_0,1714.5196084169283,-8.9,24.40378081672874,1000.0,,-0.5007616986096436,-0.5007616986096436,-0.5007616986096436,-0.5007616986096436,-0.4958036619897399,0,highway_0,1,1376.5196084169283,1714.5196084169283,,-1025.4037808167288
49.8,llm_0,1716.9550669364912,-8.9,24.35458519562912,1000.0,,-0.49687577310616926,-0.49687577310616926,-0.49687577310616926,-0.49687577310616926,-0.49195621099620723,0,highway_0,1,1378.9550669364912,1716.9550669364912,,-1025.3545851956292
49.9,llm_0,1719.3856440419056,-8.9,24.305771054144934,1000.0,,-0.49302282899026795,-0.49302282899026795,-0.49302282899026795,-0.49302282899026795,-0.4881414148418628,0,highway_0,1,1381.3856440419056,1719.3856440419056,,-1025.305771054145
50.0,llm_0,1721.8113775555871,-8.9,24.257335136815822,1000.0,,-0.4892027650240386,-0.4892027650240386,-0.4892027650240386,-0.4892027650240386,-0.4843591732911179,0,highway_0,1,1383.8113775555871,1721.8113775555871,,-1025.2573351368158
50.1,llm_0,1724.2323049754577,-8.9,24.209274198706474,1000.0,,-0.48541547490441783,-0.48541547490441783,-0.48541547490441783,-0.48541547490441783,-0.4806093810934797,0,highway_0,1,1386.2323049754577,1724.2323049754577,,-1025.2092741987065
50.2,llm_0,1726.6484634760466,-8.9,24.161585005888636,1000.0,,-0.48166084746017346,-0.48166084746017346,-0.48166084746017346,-0.48166084746017346,-0.47689192817838233,0,highway_0,1,1388.6484634760466,1726.6484634760466,,-1025.1615850058886
50.3,llm_0,1729.059889909637,-8.9,24.114264335904124,1000.0,,-0.4779387668435441,-0.4779387668435441,-0.4779387668435441,-0.4779387668435441,-0.47320669984511454,0,highway_0,1,1391.059889909637,1729.059889909637,,-1025.1142643359042
50.4,llm_0,1731.466620807458,-8.9,24.067308978209397,1000.0,,-0.4742491127167506,-0.4742491127167506,-0.4742491127167506,-0.4742491127167506,-0.46955357694727695,0,highway_0,1,1393.466620807458,1731.466620807458,,-1025.0673089782094
50.5,llm_0,1733.8686923809182,-8.9,24.020715734602117,1000.0,,-0.470591760433508,-0.470591760433508,-0.470591760433508,-0.470591760433508,-0.4659324360727979,0,highway_0,1,1395.8686923809182,1733.8686923809182,,-1025.0207157346022
50.6,llm_0,1736.2661405228812,-8.9,23.974481419630266,1000.0,,-0.46696658121568585,-0.46696658121568585,-0.46696658121568585,-0.46696658121568585,-0.46234314971851376,0,highway_0,1,1398.2661405228812,1736.2661405228812,,-1024.9744814196304
50.7,llm_0,1738.6590008089795,-8.9,23.928602860984196,1000.0,,-0.4633734423252917,-0.4633734423252917,-0.4633734423252917,-0.4633734423252917,-0.45878558646069934,0,highway_0,1,1400.6590008089795,1738.6590008089795,,-1024.9286028609843
50.8,llm_0,1741.0473084989667,-8.9,23.88307689987213,1000.0,,-0.45981220723183647,-0.45981220723183647,-0.45981220723183647,-0.45981220723183647,-0.4552596111206597,0,highway_0,1,1403.0473084989667,1741.0473084989667,,-1024.883076899872
50.9,llm_0,1743.4310985381046,-8.9,23.837900391379527,1000.0,,-0.4562827357752887,-0.4562827357752887,-0.4562827357752887,-0.4562827357752887,-0.4517650849260235,0,highway_0,1,1405.4310985381046,1743.4310985381046,,-1024.8379003913794
51.0,llm_0,1745.810405558586,-8.9,23.793070204812732,1000.0,,-0.4527848843246312,-0.4527848843246312,-0.4527848843246312,-0.4527848843246312,-0.4483018656679505,0,highway_0,1,1407.810405558586,1745.810405558586,,-1024.7930702048127
51.1,llm_0,1748.1852638809887,-8.9,23.748583224027364,1000.0,,-0.4493185059322139,-0.4493185059322139,-0.4493185059322139,-0.4493185059322139,-0.444869807853685,0,highway_0,1,1410.1852638809887,1748.1852638809887,,-1024.7485832240275
51.2,llm_0,1750.5557075157628,-8.9,23.704436347741826,1000.0,,-0.4458834504839242,-0.4458834504839242,-0.4458834504839242,-0.4458834504839242,-0.4414687628553793,0,highway_0,1,1412.5557075157628,1750.5557075157628,,-1024.7044363477419
51.3,llm_0,1752.9217701647465,-8.9,23.660626489836343,1000.0,,-0.442479564845352,-0.442479564845352,-0.442479564845352,-0.442479564845352,-0.43809857905483085,0,highway_0,1,1414.9217701647465,1752.9217701647465,,-1024.6606264898364
51.4,llm_0,1755.2834852227102,-8.9,23.617150579637933,1000.0,,-0.43910669300394545,-0.43910669300394545,-0.43910669300394545,-0.43910669300394545,-0.43475910198409906,0,highway_0,1,1417.2834852227102,1755.2834852227102,,-1024.6171505796378
51.5,llm_0,1757.6408857789293,-8.9,23.57400556219166,1000.0,,-0.4357646762073406,-0.4357646762073406,-0.4357646762073406,-0.4357646762073406,-0.43145017446271083,0,highway_0,1,1419.6408857789293,1757.6408857789293,,-1024.5740055621916
51.6,llm_0,1759.9940046187812,-8.9,23.531188398518605,1000.0,,-0.4324533530978803,-0.4324533530978803,-0.4324533530978803,-0.4324533530978803,-0.4281716367305677,0,highway_0,1,1421.9940046187812,1759.9940046187812,,-1024.5311883985187
51.7,llm_0,1762.3428742253673,-8.9,23.488696065860836,1000.0,,-0.4291725598434425,-0.4291725598434425,-0.4291725598434425,-0.4291725598434425,-0.42492332657769083,0,highway_0,1,1424.3428742253673,1762.3428742253673,,-1024.488696065861
51.8,llm_0,1764.6875267811586,-8.9,23.446525557913844,1000.0,,-0.42592213026463926,-0.42592213026463926,-0.42592213026463926,-0.42592213026463926,-0.4217050794699162,0,highway_0,1,1426.6875267811586,1764.6875267811586,,-1024.446525557914
51.9,llm_0,1767.0279941696633,-8.9,23.404673885046666,1000.0,,-0.42270189595850044,-0.42270189595850044,-0.42270189595850044,-0.42270189595850044,-0.4185167286717828,0,highway_0,1,1429.0279941696633,1767.0279941696633,,-1024.4046738850466
52.0,llm_0,1769.3643079771143,-8.9,23.363138074510164,1000.0,,-0.4195116864186492,-0.4195116864186492,-0.4195116864186492,-0.4195116864186492,-0.4153581053650157,0,highway_0,1,1431.3643079771143,1769.3643079771143,,-1024.36313807451
52.1,llm_0,1771.6964994941777,-8.9,23.321915170633716,1000.0,,-0.4163513291521356,-0.4163513291521356,-0.4163513291521356,-0.4163513291521356,-0.4122290387644867,0,highway_0,1,1433.6964994941777,1771.6964994941777,,-1024.3219151706337
52.2,llm_0,1774.0245997176787,-8.9,23.281002235010657,1000.0,,-0.41322064979291195,-0.41322064979291195,-0.41322064979291195,-0.41322064979291195,-0.40912935623058644,0,highway_0,1,1436.0245997176787,1774.0245997176787,,-1024.2810022350106
52.3,llm_0,1776.348639352346,-8.9,23.240396346672824,1000.0,,-0.4101194722121024,-0.4101194722121024,-0.4101194722121024,-0.4101194722121024,-0.4060588833783285,0,highway_0,1,1438.348639352346,1776.348639352346,,-1024.240396346673
52.4,llm_0,1778.6686488125715,-8.9,23.2000946022545,1000.0,,-0.40704761862507216,-0.40704761862507216,-0.40704761862507216,-0.40704761862507216,-0.4030174441832557,0,highway_0,1,1440.6686488125715,1778.6686488125715,,-1024.2000946022545
52.5,llm_0,1780.9846582241862,-8.9,23.16009411614604,1000.0,,-0.40400490969542524,-0.40400490969542524,-0.40400490969542524,-0.40400490969542524,-0.4000048610845752,0,highway_0,1,1442.9846582241862,1780.9846582241862,,-1024.160094116146
52.6,llm_0,1783.29669742625,-8.9,23.12039202063753,1000.0,,-0.4009911646359254,-0.4009911646359254,-0.4009911646359254,-0.4009911646359254,-0.3970209550850967,0,highway_0,1,1445.29669742625,1783.29669742625,,-1024.1203920206376
52.7,llm_0,1785.6047959728553,-8.9,23.08098546605273,1000.0,,-0.398006201306497,-0.398006201306497,-0.398006201306497,-0.398006201306497,-0.394065545848008,0,highway_0,1,1447.6047959728553,1785.6047959728553,,-1024.0809854660527
52.8,llm_0,1787.9089831349427,-8.9,23.041871620873593,1000.0,,-0.39504983630930596,-0.39504983630930596,-0.39504983630930596,-0.39504983630930596,-0.3911384517913774,0,highway_0,1,1449.9089831349427,1787.9089831349427,,-1024.0418716208735
52.9,llm_0,1790.2092879021282,-8.9,23.003047671855672,1000.0,,-0.39212188508099466,-0.39212188508099466,-0.39212188508099466,-0.39212188508099466,-0.38823949017920967,0,highway_0,1,1452.2092879021282,1790.2092879021282,,-1024.0030476718557
53.0,llm_0,1792.5057389845417,-8.9,22.964510824134667,1000.0,,-0.3892221619821718,-0.3892221619821718,-0.3892221619821718,-0.3892221619821718,-0.38536847721005074,0,highway_0,1,1454.5057389845417,1792.5057389845417,,-1023.9645108241347
53.1,llm_0,1794.7983648146742,-8.9,22.926258301324353,1000.0,,-0.38635048038417996,-0.38635048038417996,-0.38635048038417996,-0.38635048038417996,-0.38252522810314105,0,highway_0,1,1456.7983648146742,1794.7983648146742,,-1023.9262583013243
53.2,llm_0,1797.0871935492348,-8.9,22.888287345606212,1000.0,,-0.3835066527532157,-0.3835066527532157,-0.3835066527532157,-0.3835066527532157,-0.37970955718140686,0,highway_0,1,1459.0871935492348,1797.0871935492348,,-1023.8882873456062
53.3,llm_0,1799.3722530710158,-8.9,22.850595217810977,1000.0,,-0.38069049073186495,-0.38069049073186495,-0.38069049073186495,-0.38069049073186495,-0.37692127795235564,0,highway_0,1,1461.3722530710158,1799.3722530710158,,-1023.850595217811
0,llm_1,319.0,-11.200000000000001,23.5,1000.0,,,,,,0,0,highway_0,0,0.0,319.0,,-1024.5
0.1,llm_1,321.3757425742574,-11.200000000000001,23.75742574257426,1000.0,,2.6,2.6,2.6,2.6,2.5742574257425943,0,highway_0,0,2.3757425742574014,321.3757425742574,,-1024.7574257425742
0.2,llm_1,323.77722772277224,-11.200000000000001,24.01485148514852,1000.0,,2.6,2.6,2.6,2.6,2.5742574257425943,0,highway_0,0,4.777227722772238,323.77722772277224,,-1025.0148514851485
0.3,llm_1,326.2044554455445,-11.200000000000001,24.27227722772278,1000.0,,2.6,2.6,2.6,2.6,2.5742574257425943,0,highway_0,0,7.204455445544511,326.2044554455445,,-1025.2722772277227
0.4,llm_1,328.6633663366336,-11.190000000000001,24.589108910891095,1000.0,,3.2,3.2,3.2,3.2,3.168316831683171,0,highway_0,0,9.663366336633601,328.6633663366336,,-1025.5891089108911
0.5,llm_1,331.15396039603957,-11.170000000000002,24.905940594059413,1000.0,,3.2,3.2,3.2,3.2,3.168316831683171,0,highway_0,0,12.153960396039565,331.15396039603957,,-1025.9059405940593
0.6,llm_1,333.67623762376235,-11.14,25.22277227722773,1000.0,,3.2,3.2,3.2,3.2,3.168316831683171,0,highway_0,0,14.676237623762347,333.67623762376235,,-1026.2227722772277
0.7,llm_1,336.23019801980195,-11.100000000000001,25.539603960396047,1000.0,,3.2,3.2,3.2,3.2,3.168316831683171,0,highway_0,0,17.230198019801946,336.23019801980195,,-1026.539603960396
0.8,llm_1,338.81584158415836,-11.05,25.856435643564364,1000.0,,3.2,3.2,3.2,3.2,3.168316831683171,0,highway_0,0,19.815841584158363,338.81584158415836,,-1026.8564356435643
0.9,llm_1,341.43316831683165,-10.99,26.17326732673268,1000.0,,3.2,3.2,3.2,3.2,3.168316831683171,0,highway_0,0,22.433168316831654,341.43316831683165,,-1027.1732673267327
1.0,llm_1,344.08217821782176,-10.920000000000002,26.490099009900998,1000.0,,3.2,3.2,3.2,3.2,3.168316831683171,0,highway_0,0,25.082178217821763,344.08217821782176,,-1027.490099009901
1.1,llm_1,346.7628712871287,-10.840000000000002,26.806930693069315,1000.0,,3.2,3.2,3.2,3.2,3.168316831683171,0,highway_0,0,27.76287128712869,346.7628712871287,,-1027.8069306930693
1.2,llm_1,349.47524752475243,-10.770000000000001,27.123762376237632,1000.0,,3.2,3.2,3.2,3.2,3.168316831683171,0,highway_0,0,30.475247524752433,349.47524752475243,,-1028.1237623762377
1.3,llm_1,352.21930693069305,-10.71,27.44059405940595,1000.0,,3.2,3.2,3.2,3.2,3.168316831683171,0,highway_0,0,33.21930693069305,352.21930693069305,,-1028.4405940594058
1.4,llm_1,354.9950495049505,-10.66,27.757425742574267,1000.0,,3.2,3.2,3.2,3.2,3.168316831683171,0,highway_0,0,35.99504950495049,354.9950495049505,,-1028.7574257425742
1.5,llm_1,357.7925742574257,-10.620000000000001,27.975247524752483,1000.0,,2.2,2.2,2.2,2.2,2.1782178217821624,0,highway_0,0,38.79257425742571,357.7925742574257,,-1028.9752475247524
1.6,llm_1,360.6118811881188,-10.58,28.1930693069307,1000.0,,2.2,2.2,2.2,2.2,2.1782178217821624,0,highway_0,0,41.61188118811879,360.6118811881188,,-1029.1930693069307
1.7,llm_1,363.45297029702965,-10.55,28.410891089108915,1000.0,,2.2,2.2,2.2,2.2,2.1782178217821624,0,highway_0,0,44.45297029702965,363.45297029702965,,-1029.4108910891089
1.8,llm_1,366.31584158415836,-10.530000000000001,28.62871287128713,1000.0,,2.2,2.2,2.2,2.2,2.1782178217821624,0,highway_0,0,47.31584158415836,366.31584158415836,,-1029.6287128712872
1.9,llm_1,369.2004950495049,-10.520000000000001,28.846534653465348,1000.0,,2.2,2.2,2.2,2.2,2.1782178217821624,0,highway_0,0,50.20049504950492,369.2004950495049,,-1029.8465346534654
2.0,llm_1,372.11089108910886,-10.510000000000002,29.103960396039607,1000.0,,2.6,2.6,2.6,2.6,2.5742574257425943,0,highway_0,0,53.11089108910886,372.11089108910886,,-1030.1039603960396
2.1,llm_1,375.04702970297024,-10.510000000000002,29.361386138613867,1000.0,,2.6,2.6,2.6,2.6,2.5742574257425943,0,highway_0,0,56.047029702970235,375.04702970297024,,-1030.3613861386139
2.2,llm_1,378.00495049504946,-10.501500000000002,29.579207920792083,1000.0,,2.2,2.2,2.2,2.2,2.1782178217821624,0,highway_0,0,59.00495049504946,378.00495049504946,,-1030.579207920792
2.3,llm_1,380.98465346534647,-10.501500000000002,29.7970297029703,1000.0,,2.2,2.2,2.2,2.2,2.1782178217821624,0,highway_0,0,61.98465346534647,380.98465346534647,,-1030.7970297029703
2.4,llm_1,383.9861386138613,-10.501500000000002,30.014851485148515,1000.0,,2.2,2.2,2.2,2.2,2.1782178217821624,0,highway_0,0,64.98613861386133,383.9861386138613,,-1031.0148514851485
2.5,llm_1,387.009405940594,-10.501500000000002,30.23267326732673,1000.0,,2.2,2.2,2.2,2.2,2.1782178217821624,0,highway_0,0,68.00940594059398,387.009405940594,,-1031.2326732673268
2.6,llm_1,390.0544554455445,-10.501500000000002,30.450495049504948,1000.0,,2.2,2.2,2.2,2.2,2.1782178217821624,0,highway_0,0,71.05445544554448,390.0544554455445,,-1031.450495049505
2.7,llm_1,393.12128712871277,-10.501500000000002,30.668316831683164,1000.0,,2.2,2.2,2.2,2.2,2.1782178217821624,0,highway_0,0,74.12128712871277,393.12128712871277,,-1031.6683168316831
2.8,llm_1,396.2099009900989,-10.501500000000002,30.88613861386138,1000.0,,2.2,2.2,2.2,2.2,2.1782178217821624,0,highway_0,0,77.2099009900989,396.2099009900989,,-1031.8861386138615
2.9,llm_1,399.3202970297029,-10.4915,31.103960396039597,1000.0,,2.2,2.2,2.2,2.2,2.1782178217821624,0,highway_0,0,80.32029702970289,399.3202970297029,,-1032.1039603960396
3.0,llm_1,402.45247524752466,-10.4715,31.321782178217813,1000.0,,2.2,2.2,2.2,2.2,2.1782178217821624,0,highway_0,0,83.45247524752466,402.45247524752466,,-1032.3217821782177
3.1,llm_1,405.6064356435643,-10.441500000000001,31.53960396039603,1000.0,,2.2,2.2,2.2,2.2,2.1782178217821624,0,highway_0,0,86.60643564356428,405.6064356435643,,-1032.539603960396
3.2,llm_1,408.7821782178217,-10.4015,31.757425742574245,1000.0,,2.2,2.2,2.2,2.2,2.1782178217821624,0,highway_0,0,89.7821782178217,408.7821782178217,,-1032.7574257425742
3.3,llm_1,411.97970297029696,-10.351500000000001,31.97524752475246,1000.0,,2.2,2.2,2.2,2.2,2.1782178217821624,0,highway_0,0,92.97970297029696,411.97970297029696,,-1032.9752475247524
3.4,llm_1,415.19900990099,-10.291500000000001,32.19306930693068,1000.0,,2.2,2.2,2.2,2.2,2.178217821782198,0,highway_0,0,96.19900990099,415.19900990099,,-1033.1930693069307
3.5,llm_1,418.4400990099009,-10.2215,32.4108910891089,1000.0,,2.2,2.2,2.2,2.2,2.178217821782198,0,highway_0,0,99.4400990099009,418.4400990099009,,-1033.4108910891089
3.6,llm_1,421.7029702970296,-10.1415,32.62871287128712,1000.0,,2.2,2.2,2.2,2.2,2.178217821782198,0,highway_0,0,102.7029702970296,421.7029702970296,,-1033.628712871287
3.7,llm_1,424.98762376237613,-10.0515,32.84653465346534,1000.0,,2.2,2.2,2.2,2.2,2.178217821782198,0,highway_0,0,105.98762376237613,424.98762376237613,,-1033.8465346534654
3.8,llm_1,428.2940594059405,-9.951500000000001,33.06435643564356,1000.0,,2.2,2.2,2.2,2.2,2.178217821782198,0,highway_0,0,109.29405940594052,428.2940594059405,,-1034.0643564356435
3.9,llm_1,431.6222772277227,-9.851500000000001,33.28217821782178,1000.0,,2.2,2.2,2.2,2.2,2.178217821782198,0,highway_0,0,112.62227722772269,431.6222772277227,,-1034.2821782178219
4.0,llm_1,434.9722772277227,-9.7515,33.5,1000.0,,2.2,2.2,2.2,2.2,2.178217821782198,0,highway_0,0,115.97227722772271,434.9722772277227,,-1034.5
4.1,llm_1,438.3440594059405,-9.6515,33.71782178217822,1000.0,,2.2,2.2,2.2,2.2,2.178217821782198,0,highway_0,0,119.34405940594053,438.3440594059405,,-1034.7178217821781
4.2,llm_1,441.7376237623762,-9.551499999999999,33.93564356435644,1000.0,,2.2,2.2,2.2,2.2,2.178217821782198,0,highway_0,1,122.73762376237619,441.7376237623762,,-1034.9356435643565
4.3,llm_1,445.13118811881185,-9.551499999999999,33.93564356435644,1000.0,,0.0,0.0,0.0,0.0,0.0,0,highway_0,1,126.13118811881185,445.13118811881185,,-1034.9356435643565
4.4,llm_1,448.5247524752475,-9.5415,33.93564356435644,1000.0,,0.0,0.0,0.0,0.0,0.0,0,highway_0,1,129.5247524752475,448.5247524752475,,-1034.9356435643565
4.5,llm_1,451.91831683168317,-9.5215,33.93564356435644,1000.0,,0.0,0.0,0.0,0.0,0.0,0,highway_0,1,132.91831683168317,451.91831683168317,,-1034.9356435643565
4.6,llm_1,455.3118811881188,-9.491499999999998,33.93564356435644,1000.0,,0.0,0.0,0.0,0.0,0.0,0,highway_0,1,136.31188118811883,455.31188118811883,,-1034.9356435643565
4.7,llm_1,458.70544554455455,-9.4515,33.93564356435644,1000.0,,0.0,0.0,0.0,0.0,0.0,0,highway_0,1,139.7054455445545,458.7054455445545,,-1034.9356435643565
4.8,llm_1,462.09900990099015,-9.401499999999999,33.93564356435644,1000.0,,0.0,0.0,0.0,0.0,0.0,0,highway_0,1,143.09900990099015,462.09900990099015,,-1034.9356435643565
4.9,llm_1,465.49257425742576,-9.3415,33.93564356435644,1000.0,,0.0,0.0,0.0,0.0,0.0,0,highway_0,1,146.49257425742582,465.4925742574258,,-1034.9356435643565
5.0,llm_1,468.88613861386153,-9.2715,33.93564356435644,1000.0,,0.0,0.0,0.0,0.0,0.0,0,highway_0,1,149.88613861386148,468.8861386138615,,-1034.9356435643565
5.1,llm_1,472.27970297029714,-9.1915,33.93564356435644,1000.0,,0.0,0.0,0.0,0.0,0.0,0,highway_0,1,153.27970297029714,472.27970297029714,,-1034.9356435643565
5.2,llm_1,475.6732673267328,-9.1015,33.93564356435644,1000.0,,0.0,0.0,0.0,0.0,0.0,0,highway_0,1,156.6732673267328,475.6732673267328,,-1034.9356435643565
5.3,llm_1,479.0668316831685,-9.001499999999998,33.93564356435644,1000.0,,0.0,0.0,0.0,0.0,0.0,0,highway_0,1,160.06683168316846,479.06683168316846,,-1034.9356435643565
5.4,llm_1,482.4603960396041,-8.901499999999999,33.93564356435644,1000.0,,0.0,0.0,0.0,0.0,0.0,0,highway_0,1,163.46039603960412,482.4603960396041,,-1034.9356435643565
5.5,llm_1,485.8539603960398,-8.801499999999999,33.93564356435644,1000.0,,0.0,0.0,0.0,0.0,0.0,0,highway_0,1,166.85396039603978,485.8539603960398,,-1034.9356435643565
5.6,llm_1,489.2475247524754,-8.7015,33.93564356435644,1000.0,,0.0,0.0,0.0,0.0,0.0,0,highway_0,1,170.24752475247544,489.24752475247544,,-1034.9356435643565
5.7,llm_1,492.6410891089111,-8.6015,33.93564356435644,1000.0,,0.0,0.0,0.0,0.0,0.0,0,highway_0,1,173.6410891089111,492.6410891089111,,-1034.9356435643565
5.8,llm_1,496.03465346534676,-8.501499999999998,33.93564356435644,1000.0,,0.0,0.0,0.0,0.0,0.0,0,highway_0,1,177.03465346534676,496.03465346534676,,-1034.9356435643565
5.9,llm_1,499.42821782178237,-8.401499999999999,33.93564356435644,1000.0,,0.0,0.0,0.0,0.0,0.0,0,highway_0,1,180.42821782178243,499.4282178217824,,-1034.9356435643565
6.0,llm_1,502.8217821782181,-8.301499999999999,33.93564356435644,1000.0,,0.0,0.0,0.0,0.0,0.0,0,highway_0,1,183.8217821782181,502.8217821782181,,-1034.9356435643565
6.1,llm_1,506.21534653465375,-8.2015,33.93564356435644,1000.0,,0.0,0.0,0.0,0.0,0.0,0,highway_0,1,187.21534653465375,506.21534653465375,,-1034.9356435643565
6.2,llm_1,509.60891089108935,-8.1015,33.93564356435644,1000.0,,0.0,0.0,0.0,0.0,0.0,0,highway_0,1,190.6089108910894,509.6089108910894,,-1034.9356435643565
6.3,llm_1,513.002475247525,-8.001499999999998,33.93564356435644,1000.0,,0.0,0.0,0.0,0.0,0.0,0,highway_0,1,194.002475247525,513.002475247525,,-1034.9356435643565
6.4,llm_1,516.3960396039606,-7.901499999999999,33.93564356435644,1000.0,,0.0,0.0,0.0,0.0,0.0,0,highway_0,1,197.39603960396062,516.3960396039606,,-1034.9356435643565
6.5,llm_1,519.7896039603962,-7.801499999999999,33.93564356435644,1000.0,,0.0,0.0,0.0,0.0,0.0,0,highway_0,1,200.78960396039622,519.7896039603962,,-1034.9356435643565
6.6,llm_1,523.1831683168318,-7.701499999999999,33.93564356435644,1000.0,,0.0,0.0,0.0,0.0,0.0,0,highway_0,1,204.18316831683182,523.1831683168318,,-1034.9356435643565
6.7,llm_1,526.5767326732674,-7.601499999999999,33.93564356435644,1000.0,,0.0,0.0,0.0,0.0,0.0,0,highway_0,1,207.57673267326743,526.5767326732674,,-1034.9356435643565
6.8,llm_1,529.970297029703,-7.501499999999999,33.93564356435644,1000.0,,0.0,0.0,0.0,0.0,0.0,0,highway_0,1,210.97029702970303,529.970297029703,,-1034.9356435643565
6.9,llm_1,533.3638613861386,-7.401499999999999,33.93564356435644,1000.0,,0.0,0.0,0.0,0.0,0.0,0,highway_0,1,214.36386138613864,533.3638613861386,,-1034.9356435643565
7.0,llm_1,536.7574257425742,-7.301499999999999,33.93564356435644,1000.0,,0.0,0.0,0.0,0.0,0.0,0,highway_0,1,217.75742574257424,536.7574257425742,,-1034.9356435643565
7.1,llm_1,540.1509900990098,-7.201499999999999,33.93564356435644,1000.0,,0.0,0.0,0.0,0.0,0.0,0,highway_0,1,221.15099009900985,540.1509900990098,,-1034.9356435643565
7.2,llm_1,543.5445544554455,-7.101499999999999,33.93564356435644,1000.0,,0.0,0.0,0.0,0.0,0.0,0,highway_0,1,224.54455445544545,543.5445544554455,,-1034.9356435643565
7.3,llm_1,546.938118811881,-7.001499999999999,33.93564356435644,1000.0,,0.0,0.0,0.0,0.0,0.0,0,highway_0,1,227.93811881188105,546.938118811881,,-1034.9356435643565
7.4,llm_1,550.3316831683167,-6.901499999999999,33.93564356435644,1000.0,,0.0,0.0,0.0,0.0,0.0,0,highway_0,1,231.33168316831666,550.3316831683167,,-1034.9356435643565
7.5,llm_1,553.7252475247523,-6.811499999999999,33.93564356435644,1000.0,,0.0,0.0,0.0,0.0,0.0,0,highway_0,1,234.72524752475226,553.7252475247523,,-1034.9356435643565
7.6,llm_1,557.1188118811879,-6.731499999999999,33.93564356435644,1000.0,,0.0,0.0,0.0,0.0,0.0,0,highway_0,1,238.11881188118787,557.1188118811879,,-1034.9356435643565
7.7,llm_1,560.5123762376235,-6.661499999999998,33.93564356435644,1000.0,,0.0,0.0,0.0,0.0,0.0,0,highway_0,1,241.51237623762347,560.5123762376235,,-1034.9356435643565
7.8,llm_1,563.9059405940591,-6.601499999999999,33.93564356435644,1000.0,,0.0,0.0,0.0,0.0,0.0,0,highway_0,1,244.90594059405908,563.9059405940591,,-1034.9356435643565
7.9,llm_1,567.2995049504947,-6.551499999999999,33.93564356435644,1000.0,,0.0,0.0,0.0,0.0,0.0,0,highway_0,1,248.29950495049468,567.2995049504947,,-1034.9356435643565
8.0,llm_1,570.6930693069303,-6.511499999999999,33.93564356435644,1000.0,,0.0,0.0,0.0,0.0,0.0,0,highway_0,1,251.69306930693028,570.6930693069303,,-1034.9356435643565
8.1,llm_1,574.0866336633659,-6.481499999999999,33.93564356435644,1000.0,,0.0,0.0,0.0,0.0,0.0,0,highway_0,1,255.0866336633659,574.0866336633659,,-1034.9356435643565
8.2,llm_1,577.4801980198015,-6.461499999999999,33.93564356435644,1000.0,,0.0,0.0,0.0,0.0,0.0,0,highway_0,1,258.4801980198015,577.4801980198015,,-1034.9356435643565
8.3,llm_1,580.8737623762371,-6.4514999999999985,33.93564356435644,1000.0,,0.0,0.0,0.0,0.0,0.0,0,highway_0,1,261.8737623762371,580.8737623762371,,-1034.9356435643565
8.4,llm_1,584.2673267326727,-6.4514999999999985,33.93564356435644,1000.0,,0.0,0.0,0.0,0.0,0.0,0,highway_0,1,265.2673267326727,584.2673267326727,,-1034.9356435643565
8.5,llm_1,587.6608910891083,-6.4514999999999985,33.93564356435644,1000.0,,0.0,0.0,0.0,0.0,0.0,0,highway_0,1,268.6608910891083,587.6608910891083,,-1034.9356435643565
8.6,llm_1,591.0544554455439,-6.4514999999999985,33.93564356435644,1000.0,,0.0,0.0,0.0,0.0,0.0,0,highway_0,1,272.0544554455439,591.0544554455439,,-1034.9356435643565
8.7,llm_1,594.4480198019795,-6.4514999999999985,33.93564356435644,1000.0,,0.0,0.0,0.0,0.0,0.0,0,highway_0,1,275.4480198019795,594.4480198019795,,-1034.9356435643565
8.8,llm_1,597.8415841584151,-6.4514999999999985,33.93564356435644,1000.0,,0.0,0.0,0.0,0.0,0.0,0,highway_0,1,278.8415841584151,597.8415841584151,,-1034.9356435643565
8.9,llm_1,601.2351485148507,-6.4514999999999985,33.93564356435644,1000.0,,0.0,0.0,0.0,0.0,0.0,0,highway_0,1,282.2351485148507,601.2351485148507,,-1034.9356435643565
9.0,llm_1,604.6287128712863,-6.4514999999999985,33.93564356435644,1000.0,,0.0,0.0,0.0,0.0,0.0,0,highway_0,1,285.6287128712863,604.6287128712863,,-1034.9356435643565
9.1,llm_1,608.0222772277219,-6.4514999999999985,33.93564356435644,1000.0,,0.0,0.0,0.0,0.0,0.0,0,highway_0,1,289.02227722772193,608.0222772277219,,-1034.9356435643565
9.2,llm_1,611.4158415841575,-6.4514999999999985,33.93564356435644,1000.0,,0.0,0.0,0.0,0.0,0.0,0,highway_0,1,292.41584158415753,611.4158415841575,,-1034.9356435643565
9.3,llm_1,614.8094059405931,-6.4514999999999985,33.93564356435644,1000.0,,0.0,0.0,0.0,0.0,0.0,0,highway_0,1,295.80940594059314,614.8094059405931,,-1034.9356435643565
9.4,llm_1,618.2029702970287,-6.4514999999999985,33.93564356435644,1000.0,,0.0,0.0,0.0,0.0,0.0,0,highway_0,1,299.20297029702874,618.2029702970287,,-1034.9356435643565
9.5,llm_1,621.5965346534643,-6.4514999999999985,33.93564356435644,1000.0,,0.0,0.0,0.0,0.0,0.0,0,highway_0,1,302.59653465346435,621.5965346534643,,-1034.9356435643565
9.6,llm_1,624.9900990099,-6.4514999999999985,33.93564356435644,1000.0,,0.0,0.0,0.0,0.0,0.0,0,highway_0,1,305.99009900989995,624.9900990099,,-1034.9356435643565
9.7,llm_1,628.3836633663356,-6.4514999999999985,33.93564356435644,1000.0,,0.0,0.0,0.0,0.0,0.0,0,highway_0,1,309.38366336633555,628.3836633663356,,-1034.9356435643565
9.8,llm_1,631.7772277227712,-6.4514999999999985,33.93564356435644,1000.0,,0.0,0.0,0.0,0.0,0.0,0,highway_0,1,312.77722772277116,631.7772277227712,,-1034.9356435643565
9.9,llm_1,635.1707920792068,-6.4514999999999985,33.93564356435644,1000.0,,0.0,0.0,0.0,0.0,0.0,0,highway_0,1,316.17079207920676,635.1707920792068,,-1034.9356435643565
10.0,llm_1,638.5643564356424,-6.4514999999999985,33.93564356435644,1000.0,,0.0,0.0,0.0,0.0,0.0,0,highway_0,1,319.56435643564237,638.5643564356424,,-1034.9356435643565
10.1,llm_1,641.957920792078,-6.4514999999999985,33.93564356435644,1000.0,,0.0,0.0,0.0,0.0,0.0,0,highway_0,1,322.95792079207797,641.957920792078,,-1034.9356435643565
10.2,llm_1,645.3514851485136,-6.4514999999999985,33.93564356435644,1000.0,,0.0,0.0,0.0,0.0,0.0,0,highway_0,1,326.3514851485136,645.3514851485136,,-1034.9356435643565
10.3,llm_1,648.7450495049492,-6.4514999999999985,33.93564356435644,1000.0,,0.0,0.0,0.0,0.0,0.0,0,highway_0,1,329.7450495049492,648.7450495049492,,-1034.9356435643565
10.4,llm_1,652.1386138613848,-6.4514999999999985,33.93564356435644,1000.0,,0.0,0.0,0.0,0.0,0.0,0,highway_0,1,333.1386138613848,652.1386138613848,,-1034.9356435643565
10.5,llm_1,655.5321782178204,-6.4514999999999985,33.93564356435644,1000.0,,0.0,0.0,0.0,0.0,0.0,0,highway_0,1,336.5321782178204,655.5321782178204,,-1034.9356435643565
10.6,llm_1,658.925742574256,-6.4514999999999985,33.93564356435644,1000.0,,0.0,0.0,0.0,0.0,0.0,0,highway_0,1,339.925742574256,658.925742574256,,-1034.9356435643565
10.7,llm_1,662.3193069306916,-6.4514999999999985,33.93564356435644,1000.0,,0.0,0.0,0.0,0.0,0.0,0,highway_0,1,343.3193069306916,662.3193069306916,,-1034.9356435643565
10.8,llm_1,665.7128712871272,-6.4514999999999985,33.93564356435644,1000.0,,0.0,0.0,0.0,0.0,0.0,0,highway_0,1,346.7128712871272,665.7128712871272,,-1034.9356435643565
10.9,llm_1,669.1064356435628,-6.4514999999999985,33.93564356435644,1000.0,,0.0,0.0,0.0,0.0,0.0,0,highway_0,1,350.1064356435628,669.1064356435628,,-1034.9356435643565
11.0,llm_1,672.4999999999984,-6.4514999999999985,33.93564356435644,1000.0,,0.0,0.0,0.0,0.0,0.0,0,highway_0,1,353.4999999999984,672.4999999999984,,-1034.9356435643565
11.1,llm_1,675.893564356434,-6.4514999999999985,33.93564356435644,1000.0,,0.0,0.0,0.0,0.0,0.0,0,highway_0,1,356.893564356434,675.893564356434,,-1034.9356435643565
11.2,llm_1,679.2871287128696,-6.4514999999999985,33.93564356435644,1000.0,,0.0,0.0,0.0,0.0,0.0,0,highway_0,1,360.2871287128696,679.2871287128696,,-1034.9356435643565
11.3,llm_1,682.6806930693052,-6.4514999999999985,33.93564356435644,1000.0,,0.0,0.0,0.0,0.0,0.0,0,highway_0,1,363.6806930693052,682.6806930693052,,-1034.9356435643565
11.4,llm_1,686.0742574257408,-6.4514999999999985,33.93564356435644,1000.0,,0.0,0.0,0.0,0.0,0.0,0,highway_0,1,367.0742574257408,686.0742574257408,,-1034.9356435643565
11.5,llm_1,689.4678217821764,-6.4514999999999985,33.93564356435644,1000.0,,0.0,0.0,0.0,0.0,0.0,0,highway_0,1,370.46782178217643,689.4678217821764,,-1034.9356435643565
11.6,llm_1,692.861386138612,-6.4514999999999985,33.93564356435644,1000.0,,0.0,0.0,0.0,0.0,0.0,0,highway_0,1,373.86138613861203,692.861386138612,,-1034.9356435643565
11.7,llm_1,696.2549504950476,-6.4514999999999985,33.93564356435644,1000.0,,0.0,0.0,0.0,0.0,0.0,0,highway_0,1,377.25495049504764,696.2549504950476,,-1034.9356435643565
11.8,llm_1,699.6485148514832,-6.4514999999999985,33.93564356435644,1000.0,,0.0,0.0,0.0,0.0,0.0,0,highway_0,1,380.64851485148324,699.6485148514832,,-1034.9356435643565
11.9,llm_1,703.0420792079188,-6.4514999999999985,33.93564356435644,1000.0,,0.0,0.0,0.0,0.0,0.0,0,highway_0,1,384.04207920791885,703.0420792079188,,-1034.9356435643565
12.0,llm_1,706.4356435643545,-6.4514999999999985,33.93564356435644,1000.0,,0.0,0.0,0.0,0.0,0.0,0,highway_0,1,387.43564356435445,706.4356435643545,,-1034.9356435643565
12.1,llm_1,709.82920792079,-6.4514999999999985,33.93564356435644,1000.0,,0.0,0.0,0.0,0.0,0.0,0,highway_0,1,390.82920792079005,709.82920792079,,-1034.9356435643565
12.2,llm_1,713.2227722772257,-6.4514999999999985,33.93564356435644,1000.0,,0.0,0.0,0.0,0.0,0.0,0,highway_0,1,394.22277227722566,713.2227722772257,,-1034.9356435643565
12.3,llm_1,716.6163366336613,-6.4514999999999985,33.93564356435644,1000.0,,0.0,0.0,0.0,0.0,0.0,0,highway_0,1,397.61633663366126,716.6163366336613,,-1034.9356435643565
12.4,llm_1,720.0099009900969,-6.4514999999999985,33.93564356435644,1000.0,,0.0,0.0,0.0,0.0,0.0,0,highway_0,1,401.00990099009687,720.0099009900969,,-1034.9356435643565
12.5,llm_1,723.4034653465325,-6.4514999999999985,33.93564356435644,1000.0,,0.0,0.0,0.0,0.0,0.0,0,highway_0,1,404.40346534653247,723.4034653465325,,-1034.9356435643565
12.6,llm_1,726.7970297029681,-6.4514999999999985,33.93564356435644,1000.0,,0.0,0.0,0.0,0.0,0.0,0,highway_0,1,407.7970297029681,726.7970297029681,,-1034.9356435643565
12.7,llm_1,730.1905940594037,-6.4514999999999985,33.93564356435644,1000.0,,0.0,0.0,0.0,0.0,0.0,0,highway_0,1,411.1905940594037,730.1905940594037,,-1034.9356435643565
12.8,llm_1,733.5841584158393,-6.4514999999999985,33.93564356435644,1000.0,,0.0,0.0,0.0,0.0,0.0,0,highway_0,1,414.5841584158393,733.5841584158393,,-1034.9356435643565
12.9,llm_1,736.9777227722749,-6.4514999999999985,33.93564356435644,1000.0,,0.0,0.0,0.0,0.0,0.0,0,highway_0,1,417.9777227722749,736.9777227722749,,-1034.9356435643565
13.0,llm_1,740.3712871287105,-6.4514999999999985,33.93564356435644,1000.0,,0.0,0.0,0.0,0.0,0.0,0,highway_0,1,421.3712871287105,740.3712871287105,,-1034.9356435643565
13.1,llm_1,743.7648514851461,-6.4514999999999985,33.93564356435644,1000.0,,0.0,0.0,0.0,0.0,0.0,0,highway_0,1,424.7648514851461,743.7648514851461,,-1034.9356435643565
13.2,llm_1,747.1584158415817,-6.4514999999999985,33.93564356435644,1000.0,,0.0,0.0,0.0,0.0,0.0,0,highway_0,1,428.1584158415817,747.1584158415817,,-1034.9356435643565
13.3,llm_1,750.5519801980173,-6.4514999999999985,33.93564356435644,1000.0,,0.0,0.0,0.0,0.0,0.0,0,highway_0,1,431.5519801980173,750.5519801980173,,-1034.9356435643565
13.4,llm_1,753.9455445544529,-6.4514999999999985,33.93564356435644,1000.0,,0.0,0.0,0.0,0.0,0.0,0,highway_0,1,434.9455445544529,753.9455445544529,,-1034.9356435643565
13.5,llm_1,757.3391089108885,-6.4514999999999985,33.93564356435644,1000.0,,0.0,0.0,0.0,0.0,0.0,0,highway_0,1,438.3391089108885,757.3391089108885,,-1034.9356435643565
13.6,llm_1,760.7326732673241,-6.4514999999999985,33.93564356435644,1000.0,,0.0,0.0,0.0,0.0,0.0,0,highway_0,1,441.7326732673241,760.7326732673241,,-1034.9356435643565
13.7,llm_1,764.1262376237597,-6.4514999999999985,33.93564356435644,1000.0,,0.0,0.0,0.0,0.0,0.0,0,highway_0,1,445.1262376237597,764.1262376237597,,-1034.9356435643565
13.8,llm_1,767.5198019801953,-6.4514999999999985,33.93564356435644,1000.0,,0.0,0.0,0.0,0.0,0.0,0,highway_0,1,448.5198019801953,767.5198019801953,,-1034.9356435643565
13.9,llm_1,770.9133663366309,-6.4514999999999985,33.93564356435644,1000.0,,0.0,0.0,0.0,0.0,0.0,0,highway_0,1,451.91336633663093,770.9133663366309,,-1034.9356435643565
14.0,llm_1,774.3069306930665,-6.4514999999999985,33.93564356435644,1000.0,,0.0,0.0,0.0,0.0,0.0,0,highway_0,1,455.30693069306653,774.3069306930665,,-1034.9356435643565
14.1,llm_1,777.7004950495021,-6.4514999999999985,33.93564356435644,1000.0,,0.0,0.0,0.0,0.0,0.0,0,highway_0,1,458.70049504950214,777.7004950495021,,-1034.9356435643565
14.2,llm_1,781.0940594059377,-6.4514999999999985,33.93564356435644,1000.0,,0.0,0.0,0.0,0.0,0.0,0,highway_0,1,462.09405940593774,781.0940594059377,,-1034.9356435643565
14.3,llm_1,784.4876237623733,-6.4514999999999985,33.93564356435644,1000.0,,0.0,0.0,0.0,0.0,0.0,0,highway_0,1,465.48762376237335,784.4876237623733,,-1034.9356435643565
14.4,llm_1,787.881188118809,-6.4514999999999985,33.93564356435644,1000.0,,0.0,0.0,0.0,0.0,0.0,0,highway_0,1,468.88118811880895,787.881188118809,,-1034.9356435643565
14.5,llm_1,791.2747524752446,-6.4514999999999985,33.93564356435644,1000.0,,0.0,0.0,0.0,0.0,0.0,0,highway_0,1,472.27475247524455,791.2747524752446,,-1034.9356435643565
14.6,llm_1,794.6683168316802,-6.4514999999999985,33.93564356435644,1000.0,,0.0,0.0,0.0,0.0,0.0,0,highway_0,1,475.66831683168016,794.6683168316802,,-1034.9356435643565
14.7,llm_1,798.0618811881158,-6.4514999999999985,33.93564356435644,1000.0,,0.0,0.0,0.0,0.0,0.0,0,highway_0,1,479.06188118811576,798.0618811881158,,-1034.9356435643565
14.8,llm_1,801.4554455445514,-6.4514999999999985,33.93564356435644,1000.0,,0.0,0.0,0.0,0.0,0.0,0,highway_0,1,482.45544554455137,801.4554455445514,,-1034.9356435643565
14.9,llm_1,804.849009900987,-6.4514999999999985,33.93564356435644,1000.0,,0.0,0.0,0.0,0.0,0.0,0,highway_0,1,485.84900990098697,804.849009900987,,-1034.9356435643565
15.0,llm_1,808.2425742574226,-6.4514999999999985,33.93564356435644,1000.0,,0.0,0.0,0.0,0.0,0.0,0,highway_0,1,489.2425742574226,808.2425742574226,,-1034.9356435643565
15.1,llm_1,811.6361386138582,-6.4514999999999985,33.93564356435644,1000.0,,0.0,0.0,0.0,0.0,0.0,0,highway_0,1,492.6361386138582,811.6361386138582,,-1034.9356435643565
15.2,llm_1,815.0297029702938,-6.4514999999999985,33.93564356435644,1000.0,,0.0,0.0,0.0,0.0,0.0,0,highway_0,1,496.0297029702938,815.0297029702938,,-1034.9356435643565
15.3,llm_1,818.4232673267294,-6.4514999999999985,33.93564356435644,1000.0,,0.0,0.0,0.0,0.0,0.0,0,highway_0,1,499.4232673267294,818.4232673267294,,-1034.9356435643565
15.4,llm_1,821.816831683165,-6.4514999999999985,33.93564356435644,1000.0,,0.0,0.0,0.0,0.0,0.0,0,highway_0,1,502.816831683165,821.816831683165,,-1034.9356435643565
15.5,llm_1,825.2103960396006,-6.4514999999999985,33.93564356435644,1000.0,,0.0,0.0,0.0,0.0,0.0,0,highway_0,1,506.2103960396006,825.2103960396006,,-1034.9356435643565
15.6,llm_1,828.6039603960362,-6.4514999999999985,33.93564356435644,1000.0,,0.0,0.0,0.0,0.0,0.0,0,highway_0,1,509.6039603960362,828.6039603960362,,-1034.9356435643565
15.7,llm_1,831.9975247524718,-6.4514999999999985,33.93564356435644,1000.0,,0.0,0.0,0.0,0.0,0.0,0,highway_0,1,512.9975247524718,831.9975247524718,,-1034.9356435643565
15.8,llm_1,835.3910891089074,-6.4514999999999985,33.93564356435644,1000.0,,0.0,0.0,0.0,0.0,0.0,0,highway_0,1,516.3910891089074,835.3910891089074,,-1034.9356435643565
15.9,llm_1,838.784653465343,-6.4514999999999985,33.93564356435644,1000.0,,0.0,0.0,0.0,0.0,0.0,0,highway_0,1,519.784653465343,838.784653465343,,-1034.9356435643565
16.0,llm_1,842.1782178217786,-6.4514999999999985,33.93564356435644,1000.0,,0.0,0.0,0.0,0.0,0.0,0,highway_0,1,523.1782178217786,842.1782178217786,,-1034.9356435643565
16.1,llm_1,845.5717821782142,-6.4514999999999985,33.93564356435644,1000.0,,0.0,0.0,0.0,0.0,0.0,0,highway_0,1,526.5717821782142,845.5717821782142,,-1034.9356435643565
16.2,llm_1,848.9653465346498,-6.4514999999999985,33.93564356435644,1000.0,,0.0,0.0,0.0,0.0,0.0,0,highway_0,1,529.9653465346498,848.9653465346498,,-1034.9356435643565
16.3,llm_1,852.3589108910854,-6.4514999999999985,33.93564356435644,1000.0,,0.0,0.0,0.0,0.0,0.0,0,highway_0,1,533.3589108910854,852.3589108910854,,-1034.9356435643565
16.4,llm_1,855.752475247521,-6.4514999999999985,33.93564356435644,1000.0,,0.0,0.0,0.0,0.0,0.0,0,highway_0,1,536.752475247521,855.752475247521,,-1034.9356435643565
16.5,llm_1,859.1460396039566,-6.4514999999999985,33.93564356435644,1000.0,,0.0,0.0,0.0,0.0,0.0,0,highway_0,1,540.1460396039566,859.1460396039566,,-1034.9356435643565
16.6,llm_1,862.5396039603922,-6.4514999999999985,33.93564356435644,1000.0,,0.0,0.0,0.0,0.0,0.0,0,highway_0,1,543.5396039603922,862.5396039603922,,-1034.9356435643565
16.7,llm_1,865.9331683168278,-6.4514999999999985,33.93564356435644,1000.0,,0.0,0.0,0.0,0.0,0.0,0,highway_0,1,546.9331683168278,865.9331683168278,,-1034.9356435643565
16.8,llm_1,869.3267326732635,-6.4514999999999985,33.93564356435644,1000.0,,0.0,0.0,0.0,0.0,0.0,0,highway_0,1,550.3267326732635,869.3267326732635,,-1034.9356435643565
16.9,llm_1,872.720297029699,-6.4514999999999985,33.93564356435644,1000.0,,0.0,0.0,0.0,0.0,0.0,0,highway_0,1,553.720297029699,872.720297029699,,-1034.9356435643565
17.0,llm_1,876.1138613861347,-6.4514999999999985,33.93564356435644,1000.0,,0.0,0.0,0.0,0.0,0.0,0,highway_0,1,557.1138613861347,876.1138613861347,,-1034.9356435643565
17.1,llm_1,879.5074257425703,-6.4514999999999985,33.93564356435644,1000.0,,0.0,0.0,0.0,0.0,0.0,0,highway_0,1,560.5074257425703,879.5074257425703,,-1034.9356435643565
17.2,llm_1,882.9009900990059,-6.4514999999999985,33.93564356435644,1000.0,,0.0,0.0,0.0,0.0,0.0,0,highway_0,1,563.9009900990059,882.9009900990059,,-1034.9356435643565
17.3,llm_1,886.2945544554415,-6.4514999999999985,33.93564356435644,1000.0,,0.0,0.0,0.0,0.0,0.0,0,highway_0,1,567.2945544554415,886.2945544554415,,-1034.9356435643565
17.4,llm_1,889.6881188118771,-6.4514999999999985,33.93564356435644,1000.0,,0.0,0.0,0.0,0.0,0.0,0,highway_0,1,570.6881188118771,889.6881188118771,,-1034.9356435643565
17.5,llm_1,893.0816831683127,-6.4514999999999985,33.93564356435644,1000.0,,0.0,0.0,0.0,0.0,0.0,0,highway_0,1,574.0816831683127,893.0816831683127,,-1034.9356435643565
17.6,llm_1,896.4752475247483,-6.4514999999999985,33.93564356435644,1000.0,,0.0,0.0,0.0,0.0,0.0,0,highway_0,1,577.4752475247483,896.4752475247483,,-1034.9356435643565
17.7,llm_1,899.8688118811839,-6.4514999999999985,33.93564356435644,1000.0,,0.0,0.0,0.0,0.0,0.0,0,highway_0,1,580.8688118811839,899.8688118811839,,-1034.9356435643565
17.8,llm_1,903.2623762376195,-6.4514999999999985,33.93564356435644,1000.0,,0.0,0.0,0.0,0.0,0.0,0,highway_0,1,584.2623762376195,903.2623762376195,,-1034.9356435643565
17.9,llm_1,906.6559405940551,-6.4514999999999985,33.93564356435644,1000.0,,0.0,0.0,0.0,0.0,0.0,0,highway_0,1,587.6559405940551,906.6559405940551,,-1034.9356435643565
18.0,llm_1,910.0495049504907,-6.4514999999999985,33.93564356435644,1000.0,,0.0,0.0,0.0,0.0,0.0,0,highway_0,1,591.0495049504907,910.0495049504907,,-1034.9356435643565
18.1,llm_1,913.4430693069263,-6.4514999999999985,33.93564356435644,1000.0,,0.0,0.0,0.0,0.0,0.0,0,highway_0,1,594.4430693069263,913.4430693069263,,-1034.9356435643565
18.2,llm_1,916.836633663362,-6.4514999999999985,33.93564356435644,1000.0,,0.0,0.0,0.0,0.0,0.0,0,highway_0,1,597.8366336633619,916.8366336633619,,-1034.9356435643565
18.3,llm_1,920.2301980197976,-6.4514999999999985,33.93564356435644,1000.0,,0.0,0.0,0.0,0.0,0.0,0,highway_0,1,601.2301980197975,920.2301980197975,,-1034.9356435643565
18.4,llm_1,923.623762376233,-6.4514999999999985,33.93564356435644,1000.0,,0.0,0.0,0.0,0.0,0.0,0,highway_0,1,604.6237623762331,923.6237623762331,,-1034.9356435643565
18.5,llm_1,927.0173267326686,-6.4514999999999985,33.93564356435644,1000.0,,0.0,0.0,0.0,0.0,0.0,0,highway_0,1,608.0173267326687,927.0173267326687,,-1034.9356435643565
18.6,llm_1,930.4108910891043,-6.4514999999999985,33.93564356435644,1000.0,,0.0,0.0,0.0,0.0,0.0,0,highway_0,1,611.4108910891043,930.4108910891043,,-1034.9356435643565
18.7,llm_1,933.8044554455399,-6.4514999999999985,33.93564356435644,1000.0,,0.0,0.0,0.0,0.0,0.0,0,highway_0,1,614.8044554455399,933.8044554455399,,-1034.9356435643565
18.8,llm_1,937.1980198019755,-6.4514999999999985,33.93564356435644,1000.0,,0.0,0.0,0.0,0.0,0.0,0,highway_0,1,618.1980198019755,937.1980198019755,,-1034.9356435643565
18.9,llm_1,940.5915841584111,-6.4514999999999985,33.93564356435644,1000.0,,0.0,0.0,0.0,0.0,0.0,0,highway_0,1,621.5915841584111,940.5915841584111,,-1034.9356435643565
19.0,llm_1,943.9851485148469,-6.4514999999999985,33.93564356435644,1000.0,,0.0,0.0,0.0,0.0,0.0,0,highway_0,1,624.9851485148467,943.9851485148467,,-1034.9356435643565
19.1,llm_1,947.3787128712825,-6.4514999999999985,33.93564356435644,1000.0,,0.0,0.0,0.0,0.0,0.0,0,highway_0,1,628.3787128712823,947.3787128712823,,-1034.9356435643565
19.2,llm_1,950.7722772277178,-6.4514999999999985,33.93564356435644,1000.0,,0.0,0.0,0.0,0.0,0.0,0,highway_0,1,631.772277227718,950.772277227718,,-1034.9356435643565
19.3,llm_1,954.1658415841534,-6.4514999999999985,33.93564356435644,1000.0,,0.0,0.0,0.0,0.0,0.0,0,highway_0,1,635.1658415841536,954.1658415841536,,-1034.9356435643565
19.4,llm_1,957.5594059405892,-6.4514999999999985,33.93564356435644,1000.0,,0.0,0.0,0.0,0.0,0.0,0,highway_0,1,638.5594059405892,957.5594059405892,,-1034.9356435643565
19.5,llm_1,960.9529702970248,-6.4514999999999985,33.93564356435644,1000.0,,0.0,0.0,0.0,0.0,0.0,0,highway_0,1,641.9529702970248,960.9529702970248,,-1034.9356435643565
19.6,llm_1,964.3465346534604,-6.4514999999999985,33.93564356435644,1000.0,,0.0,0.0,0.0,0.0,0.0,0,highway_0,1,645.3465346534604,964.3465346534604,,-1034.9356435643565
19.7,llm_1,967.740099009896,-6.4514999999999985,33.93564356435644,1000.0,,0.0,0.0,0.0,0.0,0.0,0,highway_0,1,648.740099009896,967.740099009896,,-1034.9356435643565
19.8,llm_1,971.1336633663317,-6.4514999999999985,33.93564356435644,1000.0,,0.0,0.0,0.0,0.0,0.0,0,highway_0,1,652.1336633663316,971.1336633663316,,-1034.9356435643565
19.9,llm_1,974.5272277227673,-6.4514999999999985,33.93564356435644,1000.0,,0.0,0.0,0.0,0.0,0.0,0,highway_0,1,655.5272277227672,974.5272277227672,,-1034.9356435643565
20.0,llm_1,977.9207920792027,-6.4514999999999985,33.93564356435644,1000.0,,0.0,0.0,0.0,0.0,0.0,0,highway_0,1,658.9207920792028,977.9207920792028,,-1034.9356435643565
20.1,llm_1,981.3143564356384,-6.4514999999999985,33.93564356435644,1000.0,,0.0,0.0,0.0,0.0,0.0,0,highway_0,1,662.3143564356384,981.3143564356384,,-1034.9356435643565
20.2,llm_1,984.707920792074,-6.4514999999999985,33.93564356435644,1000.0,,0.0,0.0,0.0,0.0,0.0,0,highway_0,1,665.707920792074,984.707920792074,,-1034.9356435643565
20.3,llm_1,988.1014851485096,-6.4514999999999985,33.93564356435644,1000.0,,0.0,0.0,0.0,0.0,0.0,0,highway_0,1,669.1014851485096,988.1014851485096,,-1034.9356435643565
20.4,llm_1,991.4950495049452,-6.4514999999999985,33.93564356435644,1000.0,,0.0,0.0,0.0,0.0,0.0,0,highway_0,1,672.4950495049452,991.4950495049452,,-1034.9356435643565
20.5,llm_1,994.8886138613808,-6.4514999999999985,33.93564356435644,1000.0,,0.0,0.0,0.0,0.0,0.0,0,highway_0,1,675.8886138613808,994.8886138613808,,-1034.9356435643565
20.6,llm_1,998.2821782178165,-6.4514999999999985,33.93564356435644,1000.0,,0.0,0.0,0.0,0.0,0.0,0,highway_0,1,679.2821782178164,998.2821782178164,,-1034.9356435643565
20.7,llm_1,1001.6757425742519,-6.4514999999999985,33.93564356435644,1000.0,,0.0,0.0,0.0,0.0,0.0,0,highway_0,1,682.675742574252,1001.675742574252,,-1034.9356435643565
20.8,llm_1,1005.0693069306875,-6.4514999999999985,33.93564356435644,1000.0,,0.0,0.0,0.0,0.0,0.0,0,highway_0,1,686.0693069306876,1005.0693069306876,,-1034.9356435643565
20.9,llm_1,1008.4628712871232,-6.4514999999999985,33.93564356435644,1000.0,,0.0,0.0,0.0,0.0,0.0,0,highway_0,1,689.4628712871232,1008.4628712871232,,-1034.9356435643565
21.0,llm_1,1011.8564356435588,-6.4514999999999985,33.93564356435644,1000.0,,0.0,0.0,0.0,0.0,0.0,0,highway_0,1,692.8564356435588,1011.8564356435588,,-1034.9356435643565
21.1,llm_1,1015.2499999999944,-6.4514999999999985,33.93564356435644,1000.0,,0.0,0.0,0.0,0.0,0.0,0,highway_0,1,696.2499999999944,1015.2499999999944,,-1034.9356435643565
21.2,llm_1,1018.64356435643,-6.4514999999999985,33.93564356435644,1000.0,,0.0,0.0,0.0,0.0,0.0,0,highway_0,1,699.64356435643,1018.64356435643,,-1034.9356435643565
21.3,llm_1,1022.0371287128658,-6.4514999999999985,33.93564356435644,1000.0,,0.0,0.0,0.0,0.0,0.0,0,highway_0,1,703.0371287128656,1022.0371287128656,,-1034.9356435643565
21.4,llm_1,1025.4306930693012,-6.4514999999999985,33.93564356435644,1000.0,,0.0,0.0,0.0,0.0,0.0,0,highway_0,1,706.4306930693012,1025.4306930693012,,-1034.9356435643565
21.5,llm_1,1028.824257425737,-6.4514999999999985,33.93564356435644,1000.0,,0.0,0.0,0.0,0.0,0.0,0,highway_0,1,709.824257425737,1028.824257425737,,-1034.9356435643565
21.6,llm_1,1032.2178217821727,-6.4514999999999985,33.93564356435644,1000.0,,0.0,0.0,0.0,0.0,0.0,0,highway_0,1,713.2178217821727,1032.2178217821727,,-1034.9356435643565
21.7,llm_1,1035.6113861386084,-6.4514999999999985,33.93564356435644,1000.0,,0.0,0.0,0.0,0.0,0.0,0,highway_0,1,716.6113861386084,1035.6113861386084,,-1034.9356435643565
21.8,llm_1,1039.004950495044,-6.4514999999999985,33.93564356435644,1000.0,,0.0,0.0,0.0,0.0,0.0,0,highway_0,1,720.0049504950441,1039.004950495044,,-1034.9356435643565
21.9,llm_1,1042.3985148514798,-6.4514999999999985,33.93564356435644,1000.0,,0.0,0.0,0.0,0.0,0.0,0,highway_0,1,723.3985148514798,1042.3985148514798,,-1034.9356435643565
22.0,llm_1,1045.7920792079155,-6.4514999999999985,33.93564356435644,1000.0,,0.0,0.0,0.0,0.0,0.0,0,highway_0,1,726.7920792079155,1045.7920792079155,,-1034.9356435643565
22.1,llm_1,1049.1856435643513,-6.4514999999999985,33.93564356435644,1000.0,,0.0,0.0,0.0,0.0,0.0,0,highway_0,1,730.1856435643513,1049.1856435643513,,-1034.9356435643565
22.2,llm_1,1052.579207920787,-6.4514999999999985,33.93564356435644,1000.0,,0.0,0.0,0.0,0.0,0.0,0,highway_0,1,733.579207920787,1052.579207920787,,-1034.9356435643565
22.3,llm_1,1055.9727722772227,-6.4514999999999985,33.93564356435644,1000.0,,0.0,0.0,0.0,0.0,0.0,0,highway_0,1,736.9727722772227,1055.9727722772227,,-1034.9356435643565
22.4,llm_1,1059.3663366336584,-6.4514999999999985,33.93564356435644,1000.0,,0.0,0.0,0.0,0.0,0.0,0,highway_0,1,740.3663366336584,1059.3663366336584,,-1034.9356435643565
22.5,llm_1,1062.7599009900941,-6.4514999999999985,33.93564356435644,1000.0,,0.0,0.0,0.0,0.0,0.0,0,highway_0,1,743.7599009900941,1062.7599009900941,,-1034.9356435643565
22.6,llm_1,1066.1752475247476,-6.461499999999999,34.15346534653466,1000.0,,2.2,2.2,2.2,2.2,2.178217821782198,0,highway_0,1,747.1752475247476,1066.1752475247476,,-1035.1534653465346
22.7,llm_1,1069.612376237619,-6.481499999999999,34.37128712871288,1000.0,,2.2,2.2,2.2,2.2,2.178217821782198,0,highway_0,1,750.612376237619,1069.612376237619,,-1035.371287128713
22.8,llm_1,1073.071287128708,-6.511499999999999,34.5891089108911,1000.0,,2.2,2.2,2.2,2.2,2.178217821782198,0,highway_0,1,754.071287128708,1073.071287128708,,-1035.5891089108911
22.9,llm_1,1076.551980198015,-6.551499999999999,34.80693069306932,1000.0,,2.2,2.2,2.2,2.2,2.178217821782198,0,highway_0,1,757.5519801980149,1076.551980198015,,-1035.8069306930693
23.0,llm_1,1080.0544554455396,-6.601499999999999,35.02475247524754,1000.0,,2.2,2.2,2.2,2.2,2.178217821782198,0,highway_0,1,761.0544554455396,1080.0544554455396,,-1036.0247524752476
23.1,llm_1,1083.5787128712823,-6.661499999999998,35.24257425742576,1000.0,,2.2,2.2,2.2,2.2,2.178217821782198,0,highway_0,1,764.5787128712823,1083.5787128712823,,-1036.2425742574258
23.2,llm_1,1087.1247524752428,-6.731499999999999,35.46039603960398,1000.0,,2.2,2.2,2.2,2.2,2.178217821782198,0,highway_0,1,768.1247524752428,1087.1247524752428,,-1036.460396039604
23.3,llm_1,1090.692574257421,-6.811499999999999,35.6782178217822,1000.0,,2.2,2.2,2.2,2.2,2.178217821782198,0,highway_0,1,771.692574257421,1090.692574257421,,-1036.6782178217823
23.4,llm_1,1094.282178217817,-6.901499999999999,35.89603960396042,1000.0,,2.2,2.2,2.2,2.2,2.178217821782198,0,highway_0,1,775.2821782178171,1094.282178217817,,-1036.8960396039604
23.5,llm_1,1097.893564356431,-7.001499999999999,36.11386138613864,1000.0,,2.2,2.2,2.2,2.2,2.178217821782198,0,highway_0,1,778.8935643564309,1097.893564356431,,-1037.1138613861385
23.6,llm_1,1101.5267326732626,-7.101499999999999,36.33168316831686,1000.0,,2.2,2.2,2.2,2.2,2.178217821782198,0,highway_0,1,782.5267326732626,1101.5267326732626,,-1037.3316831683169
23.7,llm_1,1105.181683168312,-7.201499999999999,36.54950495049508,1000.0,,2.2,2.2,2.2,2.2,2.178217821782198,0,highway_0,1,786.181683168312,1105.181683168312,,-1037.549504950495
23.8,llm_1,1108.8584158415792,-7.301499999999999,36.7673267326733,1000.0,,2.2,2.2,2.2,2.2,2.178217821782198,0,highway_0,1,789.8584158415792,1108.8584158415792,,-1037.7673267326734
23.9,llm_1,1112.5569306930645,-7.401499999999999,36.98514851485152,1000.0,,2.2,2.2,2.2,2.2,2.178217821782198,0,highway_0,1,793.5569306930645,1112.5569306930645,,-1037.9851485148515
24.0,llm_1,1116.2772277227675,-7.501499999999999,37.20297029702974,1000.0,,2.2,2.2,2.2,2.2,2.178217821782198,0,highway_0,1,797.2772277227675,1116.2772277227675,,-1038.2029702970297
24.1,llm_1,1120.0193069306883,-7.601499999999999,37.420792079207956,1000.0,,2.2,2.2,2.2,2.2,2.178217821782198,0,highway_0,1,801.0193069306883,1120.0193069306883,,-1038.420792079208
24.2,llm_1,1123.783168316827,-7.701499999999999,37.638613861386176,1000.0,,2.2,2.2,2.2,2.2,2.178217821782198,0,highway_0,1,804.783168316827,1123.783168316827,,-1038.6386138613861
24.3,llm_1,1127.5688118811834,-7.801499999999999,37.856435643564396,1000.0,,2.2,2.2,2.2,2.2,2.178217821782198,0,highway_0,1,808.5688118811834,1127.5688118811834,,-1038.8564356435645
24.4,llm_1,1131.3762376237576,-7.901499999999999,38.074257425742616,1000.0,,2.2,2.2,2.2,2.2,2.178217821782198,0,highway_0,1,812.3762376237576,1131.3762376237576,,-1039.0742574257426
24.5,llm_1,1135.2054455445495,-8.001499999999998,38.292079207920835,1000.0,,2.2,2.2,2.2,2.2,2.178217821782198,0,highway_0,1,816.2054455445495,1135.2054455445495,,-1039.2920792079208
24.6,llm_1,1139.0564356435596,-8.1015,38.509900990099055,1000.0,,2.2,2.2,2.2,2.2,2.178217821782198,0,highway_0,1,820.0564356435596,1139.0564356435596,,-1039.5099009900991
24.7,llm_1,1142.9292079207873,-8.2015,38.727722772277275,1000.0,,2.2,2.2,2.2,2.2,2.178217821782198,0,highway_0,1,823.9292079207873,1142.9292079207873,,-1039.7277227722773
24.8,llm_1,1146.823762376233,-8.301499999999999,38.945544554455495,1000.0,,2.2,2.2,2.2,2.2,2.178217821782198,0,highway_0,1,827.8237623762329,1146.823762376233,,-1039.9455445544554
24.9,llm_1,1150.7400990098963,-8.401499999999999,39.163366336633715,1000.0,,2.2,2.2,2.2,2.2,2.178217821782198,0,highway_0,1,831.7400990098963,1150.7400990098963,,-1040.1633663366338
25.0,llm_1,1154.6782178217775,-8.501499999999998,39.381188118811934,1000.0,,2.2,2.2,2.2,2.2,2.178217821782198,0,highway_0,1,835.6782178217775,1154.6782178217775,,-1040.381188118812
25.1,llm_1,1158.6381188118764,-8.6015,39.599009900990154,1000.0,,2.2,2.2,2.2,2.2,2.178217821782198,0,highway_0,1,839.6381188118764,1158.6381188118764,,-1040.59900990099
25.2,llm_1,1162.6198019801932,-8.7015,39.816831683168374,1000.0,,2.2,2.2,2.2,2.2,2.178217821782198,0,highway_0,1,843.6198019801932,1162.6198019801932,,-1040.8168316831684
25.3,llm_1,1166.623267326728,-8.801499999999999,40.034653465346594,1000.0,,2.2,2.2,2.2,2.2,2.178217821782198,0,highway_0,1,847.623267326728,1166.623267326728,,-1041.0346534653465
25.4,llm_1,1170.6485148514805,-8.901499999999999,40.25247524752481,1000.0,,2.2,2.2,2.2,2.2,2.178217821782198,0,highway_0,1,851.6485148514805,1170.6485148514805,,-1041.252475247525
25.5,llm_1,1174.6955445544509,-9.001499999999998,40.47029702970303,1000.0,,2.2,2.2,2.2,2.2,2.178217821782198,0,highway_0,1,855.6955445544509,1174.6955445544509,,-1041.470297029703
25.6,llm_1,1178.764356435639,-9.1015,40.68811881188125,1000.0,,2.2,2.2,2.2,2.2,2.178217821782198,0,highway_0,1,859.764356435639,1178.764356435639,,-1041.6881188118812
25.7,llm_1,1182.854950495045,-9.2015,40.90594059405947,1000.0,,2.2,2.2,2.2,2.2,2.178217821782198,0,highway_0,1,863.8549504950449,1182.854950495045,,-1041.9059405940595
25.8,llm_1,1186.9673267326687,-9.301499999999999,41.12376237623769,1000.0,,2.2,2.2,2.2,2.2,2.178217821782198,0,highway_0,1,867.9673267326687,1186.9673267326687,,-1042.1237623762377
25.9,llm_1,1191.1014851485102,-9.401499999999999,41.34158415841591,1000.0,,2.2,2.2,2.2,2.2,2.178217821782198,0,highway_0,1,872.1014851485102,1191.1014851485102,,-1042.341584158416
26.0,llm_1,1195.2574257425695,-9.5015,41.55940594059413,1000.0,,2.2,2.2,2.2,2.2,2.178217821782198,0,highway_0,1,876.2574257425695,1195.2574257425695,,-1042.5594059405942
26.1,llm_1,1199.4351485148468,-9.6015,41.77722772277235,1000.0,,2.2,2.2,2.2,2.2,2.178217821782198,0,highway_0,0,880.4351485148468,1199.4351485148468,,-1042.7772277227723
26.2,llm_1,1203.6048155538253,-9.701500000000001,41.696670389786476,1000.0,,-0.8136290631573297,-0.8136290631573297,-0.8136290631573297,-0.8136290631573297,-0.8055733298587597,0,highway_0,0,884.6048155538253,1203.6048155538253,,-1042.6966703897865
26.3,llm_1,1207.766564960306,-9.8015,41.61749406480657,1000.0,,-0.7996808822970276,-0.7996808822970276,-0.7996808822970276,-0.7996808822970276,-0.7917632497990468,0,highway_0,0,888.7665649603059,1207.766564960306,,-1042.6174940648066
26.4,llm_1,1211.920531689882,-9.9015,41.539667295760694,1000.0,,-0.7860503673633328,-0.7860503673633328,-0.7860503673633328,-0.7860503673633328,-0.778267690458776,0,highway_0,0,892.920531689882,1211.920531689882,,-1042.5396672957606
26.5,llm_1,1216.0668476492904,-10.0015,41.46315959408353,1000.0,,-0.7727277869394147,-0.7727277869394147,-0.7727277869394147,-0.7727277869394147,-0.7650770167716558,0,highway_0,0,897.0668476492904,1216.0668476492904,,-1042.4631595940834
26.6,llm_1,1220.2056417889637,-10.101500000000001,41.38794139673228,1000.0,,-0.7597037932475947,-0.7597037932475947,-0.7597037932475947,-0.7597037932475947,-0.752181973512478,0,highway_0,0,901.2056417889637,1220.2056417889637,,-1042.3879413967322
26.7,llm_1,1224.3370401919672,-10.201500000000001,41.3139840300338,1000.0,,-0.7469694036546088,-0.7469694036546088,-0.7469694036546088,-0.7469694036546088,-0.7395736669847963,0,highway_0,0,905.3370401919672,1224.3370401919672,,-1042.313984030034
26.8,llm_1,1228.4611661594931,-10.3015,41.241259675258796,1000.0,,-0.734515983227521,-0.734515983227521,-0.734515983227521,-0.734515983227521,-0.7272435477500494,0,highway_0,0,909.4611661594931,1228.4611661594931,,-1042.2412596752588
26.9,llm_1,1232.5781402930756,-10.4015,41.169741335825954,1000.0,,-0.7223352282717077,-0.7223352282717077,-0.7223352282717077,-0.7223352282717077,-0.7151833943284203,0,highway_0,0,913.5781402930756,1232.5781402930756,,-1042.1697413358258
27.0,llm_1,1236.68808057368,-10.5015,41.09940280604502,1000.0,,-0.7104191507874258,-0.7104191507874258,-0.7104191507874258,-0.7104191507874258,-0.7033852978093336,0,highway_0,0,917.68808057368,1236.68808057368,,-1042.099402806045
27.1,llm_1,1240.7911024378113,-10.601500000000001,41.03021864131372,1000.0,,-0.6987600637860663,-0.6987600637860663,-0.6987600637860663,-0.6987600637860663,-0.6918416473129696,0,highway_0,0,921.7911024378113,1240.7911024378113,,-1042.0302186413137
27.2,llm_1,1244.8873188507803,-10.701500000000001,40.96216412968882,1000.0,,-0.6873505674114895,-0.6873505674114895,-0.6873505674114895,-0.6873505674114895,-0.6805451162490073,0,highway_0,0,925.8873188507803,1244.8873188507803,,-1041.9621641296887
27.3,llm_1,1248.976840377256,-10.8015,40.89521526475657,1000.0,,-0.6761835358157247,-0.6761835358157247,-0.6761835358157247,-0.6761835358157247,-0.6694886493225027,0,highway_0,0,929.9768403772559,1248.976840377256,,-1041.8952152647566
27.4,llm_1,1253.0597752492292,-10.9015,40.82934871973262,1000.0,,-0.6652521047419051,-0.6652521047419051,-0.6652521047419051,-0.6652521047419051,-0.6586654502395106,0,highway_0,0,934.0597752492292,1253.0597752492292,,-1041.8293487197327
27.5,llm_1,1257.1362294315018,-11.0015,40.764541822725626,1000.0,,-0.6545496597706779,-0.6545496597706779,-0.6545496597706779,-0.6545496597706779,-0.6480689700699571,0,highway_0,0,938.1362294315018,1257.1362294315018,,-1041.7645418227257
27.6,llm_1,1261.206306684812,-11.101500000000001,40.70077253310292,1000.0,,-0.6440698251893255,-0.6440698251893255,-0.6440698251893255,-0.6440698251893255,-0.6376928962270512,0,highway_0,0,942.206306684812,1261.206306684812,,-1041.700772533103
27.7,llm_1,1265.270108626702,-11.201500000000001,40.63801941890037,1000.0,,-0.6338064534457042,-0.6338064534457042,-0.6338064534457042,-0.6338064534457042,-0.6275311420255036,0,highway_0,0,946.270108626702,1265.270108626702,,-1041.6380194189003
27.8,llm_1,1269.3277347902242,-11.3015,40.57626163522199,1000.0,,-0.6237536151516712,-0.6237536151516712,-0.6237536151516712,-0.6237536151516712,-0.6175778367838092,0,highway_0,0,950.3277347902242,1269.3277347902242,,-1041.576261635222
27.9,llm_1,1273.379282680582,-11.4015,40.51547890357811,1000.0,,-0.6139055896031107,-0.6139055896031107,-0.6139055896031107,-0.6139055896031107,-0.6078273164387582,0,highway_0,0,954.379282680582,1273.379282680582,,-1041.515478903578
28.0,llm_1,1277.4248478297934,-11.4915,40.455651492114164,1000.0,,-0.6042568557858556,-0.6042568557858556,-0.6042568557858556,-0.6042568557858556,-0.5982741146394943,0,highway_0,0,958.4248478297934,1277.4248478297934,,-1041.4556514921142
28.1,llm_1,1281.4645238494618,-11.5715,40.396760196684575,1000.0,,-0.5948020838388925,-0.5948020838388925,-0.5948020838388925,-0.5948020838388925,-0.5889129542958926,0,highway_0,0,962.4645238494618,1281.4645238494618,,-1041.3967601966847
28.2,llm_1,1285.4984024817347,-11.6415,40.33878632272931,1000.0,,-0.585536126948127,-0.585536126948127,-0.585536126948127,-0.585536126948127,-0.5797387395526243,0,highway_0,0,966.4984024817347,1285.4984024817347,,-1041.3387863227292
28.3,llm_1,1289.526573648526,-11.701500000000001,40.2817116679129,1000.0,,-0.5764540136457124,-0.5764540136457124,-0.5764540136457124,-0.5764540136457124,-0.5707465481641094,0,highway_0,0,970.526573648526,1289.526573648526,,-1041.281711667913
28.4,llm_1,1293.5491254990748,-11.7515,40.22551850548798,1000.0,,-0.5675509404916643,-0.5675509404916643,-0.5675509404916643,-0.5675509404916643,-0.5619316242491834,0,highway_0,0,974.5491254990748,1293.5491254990748,,-1041.225518505488
28.5,llm_1,1297.5661444559096,-11.791500000000001,40.170189568347794,1000.0,,-0.5588222651159014,-0.5588222651159014,-0.5588222651159014,-0.5588222651159014,-0.5532893714018883,0,highway_0,0,978.5661444559096,1297.5661444559096,,-1041.1701895683477
28.6,llm_1,1301.577715259283,-11.8315,40.1157080337339,1000.0,,-0.5502634996003111,-0.5502634996003111,-0.5502634996003111,-0.5502634996003111,-0.5448153461389182,0,highway_0,0,982.577715259283,1301.577715259283,,-1041.1157080337339
28.7,llm_1,1305.5839210101396,-11.861500000000001,40.06205750856739,1000.0,,-0.5418703041817485,-0.5418703041817485,-0.5418703041817485,-0.5418703041817485,-0.5365052516651048,0,highway_0,0,986.5839210101396,1305.5839210101396,,-1041.0620575085675
28.8,llm_1,1309.584843211677,-11.8815,40.009222015373524,1000.0,,-0.533638481258049,-0.533638481258049,-0.533638481258049,-0.533638481258049,-0.5283549319386793,0,highway_0,0,990.584843211677,1309.584843211677,,-1041.0092220153736
28.9,llm_1,1313.5805618095542,-11.8915,39.95718597877151,1000.0,,-0.5255639696803103,-0.5255639696803103,-0.5255639696803103,-0.5255639696803103,-0.5203603660201139,0,highway_0,0,994.5805618095542,1313.5805618095542,,-1040.9571859787716
29.0,llm_1,1317.5711552308044,-11.8915,39.905934212502636,1000.0,,-0.5176428393156922,-0.5176428393156922,-0.5176428393156922,-0.5176428393156922,-0.5125176626887651,0,highway_0,0,998.5711552308044,1317.5711552308044,,-1040.9059342125026
29.1,llm_1,1321.5567004215015,-11.8995,39.85545190697135,1000.0,,-0.5098712858660164,-0.5098712858660164,-0.5098712858660164,-0.5098712858660164,-0.5048230553128263,0,highway_0,0,1002.5567004215015,1321.5567004215015,,-1040.8554519069714
29.2,llm_1,1325.5372728832292,-11.8995,39.80572461727548,1000.0,,-0.5022456259282959,-0.5022456259282959,-0.5022456259282959,-0.5022456259282959,-0.49727289695873367,0,highway_0,0,1006.5372728832292,1325.5372728832292,,-1040.8057246172755
29.3,llm_1,1329.5129467083996,-11.8995,39.756738251702785,1000.0,,-0.4947622922842334,-0.4947622922842334,-0.4947622922842334,-0.4947622922842334,-0.4898636557269498,0,highway_0,0,1010.5129467083996,1329.5129467083996,,-1040.7567382517027
29.4,llm_1,1333.483794614467,-11.8995,39.708479060672445,1000.0,,-0.48741782940644507,-0.48741782940644507,-0.48741782940644507,-0.48741782940644507,-0.4825919103033982,0,highway_0,0,1014.4837946144669,1333.483794614467,,-1040.7084790606725
29.5,llm_1,1337.449887977077,-11.8995,39.66093362610116,1000.0,,-0.48020888916996163,-0.48020888916996163,-0.48020888916996163,-0.48020888916996163,-0.4754543457128335,0,highway_0,0,1018.449887977077,1337.449887977077,,-1040.6609336261013
29.6,llm_1,1341.4112968621944,-11.8995,39.61408885117461,1000.0,,-0.4731322267582152,-0.4731322267582152,-0.4731322267582152,-0.4731322267582152,-0.46844774926555033,0,highway_0,0,1022.4112968621944,1341.4112968621944,,-1040.6140888511745
29.7,llm_1,1345.368090057245,-11.8995,39.56793195050596,1000.0,,-0.46618469675335295,-0.46618469675335295,-0.46618469675335295,-0.46618469675335295,-0.4615690066864886,0,highway_0,0,1026.368090057245,1345.368090057245,,-1040.567931950506
29.8,llm_1,1349.3203351013112,-11.8995,39.52245044066424,1000.0,,-0.45936324940134576,-0.45936324940134576,-0.45936324940134576,-0.45936324940134576,-0.4548150984172139,0,highway_0,0,1030.3203351013112,1349.3203351013112,,-1040.5224504406642
29.9,llm_1,1353.2680983144169,-11.8995,39.47763213105603,1000.0,,-0.4526649270428862,-0.4526649270428862,-0.4526649270428862,-0.4526649270428862,-0.4481830960820332,0,highway_0,0,1034.2680983144169,1353.2680983144169,,-1040.477632131056
30.0,llm_1,1357.2114448259313,-11.8995,39.43346511514498,1000.0,,-0.44608686070162107,-0.44608686070162107,-0.44608686070162107,-0.44608686070162107,-0.441670159110501,0,highway_0,0,1038.2114448259313,1357.2114448259313,,-1040.433465115145
30.1,llm_1,1361.1504386021306,-11.8995,39.38993776199432,1000.0,,-0.43962626682171657,-0.43962626682171657,-0.43962626682171657,-0.43962626682171657,-0.4352735315066525,0,highway_0,0,1042.1504386021306,1361.1504386021306,,-1040.3899377619944
30.2,llm_1,1365.0851424729424,-11.8995,39.34703870811835,1000.0,,-0.4332804441472575,-0.4332804441472575,-0.4332804441472575,-0.4332804441472575,-0.42899053875970594,0,highway_0,0,1046.0851424729424,1365.0851424729424,,-1040.3470387081184
30.3,llm_1,1369.0156181579052,-11.8995,39.3047568496296,1000.0,,-0.4270467707363763,-0.4270467707363763,-0.4270467707363763,-0.4270467707363763,-0.42281858488749435,0,highway_0,0,1050.0156181579052,1369.0156181579052,,-1040.3047568496295
30.4,llm_1,1372.941926291372,-11.8995,39.26308133466887,1000.0,,-0.42092270110340313,-0.42092270110340313,-0.42092270110340313,-0.42092270110340313,-0.4167551496072974,0,highway_0,0,1053.941926291372,1372.941926291372,,-1040.2630813346689
30.5,llm_1,1376.8641264469827,-11.8995,39.22200155610622,1000.0,,-0.41490576348274266,-0.41490576348274266,-0.41490576348274266,-0.41490576348274266,-0.41079778562647107,0,highway_0,0,1057.8641264469827,1376.8641264469827,,-1040.2220015561063
30.6,llm_1,1380.7822771614328,-11.8995,39.181507144501424,1000.0,,-0.40899355720849195,-0.40899355720849195,-0.40899355720849195,-0.40899355720849195,-0.40494411604797165,0,highway_0,0,1061.7822771614328,1380.7822771614328,,-1040.1815071445014
30.7,llm_1,1384.696435957564,-11.8995,39.141587961312894,1000.0,,-0.4031837502041702,-0.4031837502041702,-0.4031837502041702,-0.4031837502041702,-0.3991918318853038,0,highway_0,0,1065.696435957564,1384.696435957564,,-1040.1415879613128
30.8,llm_1,1388.6066593667986,-11.8995,39.10223409234485,1000.0,,-0.39747407657724,-0.39747407657724,-0.39747407657724,-0.39747407657724,-0.39353868968042605,0,highway_0,0,1069.6066593667986,1388.6066593667986,,-1040.1022340923448
30.9,llm_1,1392.5130029509407,-11.8995,39.06343584142274,1000.0,,-0.39186233431337225,-0.39186233431337225,-0.39186233431337225,-0.39186233431337225,-0.387982509221132,0,highway_0,0,1073.5130029509407,1392.5130029509407,,-1040.0634358414227
31.0,llm_1,1396.4155213233696,-11.8995,39.02518372428752,1000.0,,-0.3863463830657001,-0.3863463830657001,-0.3863463830657001,-0.3863463830657001,-0.3825211713521526,0,highway_0,0,1077.4155213233696,1396.4155213233696,,-1040.0251837242874
31.1,llm_1,1400.3142681696395,-11.8995,38.987468462699944,1000.0,,-0.3809241420345604,-0.3809241420345604,-0.3809241420345604,-0.3809241420345604,-0.3771526158757865,0,highway_0,0,1081.3142681696395,1400.3142681696395,,-1039.9874684627
31.2,llm_1,1404.209296267514,-11.8995,38.950280978746136,1000.0,,-0.37559358793344955,-0.37559358793344955,-0.37559358793344955,-0.37559358793344955,-0.37187483953808,0,highway_0,0,1085.209296267514,1404.209296267514,,-1039.9502809787462
31.3,llm_1,1408.1006575064475,-11.8995,38.913612389336514,1000.0,,-0.3703527530371622,-0.3703527530371622,-0.3703527530371622,-0.3703527530371622,-0.36668589409622143,0,highway_0,0,1089.1006575064475,1408.1006575064475,,-1039.9136123893365
31.4,llm_1,1411.9884029065365,-11.8995,38.87745400089015,1000.0,,-0.3651997233082913,-0.3651997233082913,-0.3651997233082913,-0.3651997233082913,-0.36158388446366985,0,highway_0,0,1092.9884029065365,1411.9884029065365,,-1039.87745400089
31.5,llm_1,1415.8725826369562,-11.8995,38.84179730419723,1000.0,,-0.3601326365984656,-0.3601326365984656,-0.3601326365984656,-0.3601326365984656,-0.35656696692917933,0,highway_0,0,1096.8725826369562,1415.8725826369562,,-1039.8417973041971
31.6,llm_1,1419.7532460339014,-11.8995,38.80663396945259,1000.0,,-0.3551496809208865,-0.3551496809208865,-0.3551496809208865,-0.3551496809208865,-0.35163334744638064,0,highway_0,0,1100.7532460339014,1419.7532460339014,,-1039.8066339694526
31.7,llm_1,1423.6304416180467,-11.8995,38.77195584145349,1000.0,,-0.350249092790915,-0.350249092790915,-0.350249092790915,-0.350249092790915,-0.3467812799910064,0,highway_0,0,1104.6304416180467,1423.6304416180467,,-1039.7719558414535
31.8,llm_1,1427.5042171115422,-11.8995,38.737754934955305,1000.0,,-0.34542915563162113,-0.34542915563162113,-0.34542915563162113,-0.34542915563162113,-0.3420090649818519,0,highway_0,0,1108.5042171115422,1427.5042171115422,,-1039.7377549349553
31.9,llm_1,1431.3746194545602,-11.8995,38.704023430178935,1000.0,,-0.3406881982413641,-0.3406881982413641,-0.3406881982413641,-0.3406881982413641,-0.3373150477636955,0,highway_0,0,1112.3746194545602,1431.3746194545602,,-1039.704023430179
32.0,llm_1,1435.2416948214066,-11.8995,38.670753668464016,1000.0,,-0.33602459332063295,-0.33602459332063295,-0.33602459332063295,-0.33602459332063295,-0.33269761714919355,0,highway_0,0,1116.2416948214066,1435.2416948214066,,-1039.670753668464
32.1,llm_1,1439.1054886362128,-11.8995,38.63793814806248,1000.0,,-0.33143675605548295,-0.33143675605548295,-0.33143675605548295,-0.33143675605548295,-0.3281552040153457,0,highway_0,0,1120.1054886362128,1439.1054886362128,,-1039.6379381480624
32.2,llm_1,1442.9660455882195,-11.8995,38.60556952006693,1000.0,,-0.3269231427551025,-0.3269231427551025,-0.3269231427551025,-0.3269231427551025,-0.323686279955524,0,highway_0,0,1123.9660455882195,1442.9660455882195,,-1039.6055695200669
32.3,llm_1,1446.8234096466663,-11.8995,38.5736405844688,1000.0,,-0.32248224954108773,-0.32248224954108773,-0.32248224954108773,-0.32248224954108773,-0.3192893559813115,0,highway_0,0,1127.8234096466663,1446.8234096466663,,-1039.5736405844689
32.4,llm_1,1450.6776240753004,-11.8995,38.54214428634145,1000.0,,-0.3181126110861936,-0.3181126110861936,-0.3181126110861936,-0.3181126110861936,-0.31496298127350997,0,highway_0,0,1131.6776240753004,1450.6776240753004,,-1039.5421442863415
32.5,llm_1,1454.5287314465147,-11.8995,38.511073712143386,1000.0,,-0.3138127994003972,-0.3138127994003972,-0.3138127994003972,-0.3138127994003972,-0.3107057419806125,0,highway_0,0,1135.5287314465147,1454.5287314465147,,-1039.5110737121433
32.6,llm_1,1458.3767736551285,-11.8995,38.480422086137224,1000.0,,-0.3095814226622249,-0.3095814226622249,-0.3095814226622249,-0.3095814226622249,-0.30651626006161337,0,highway_0,0,1139.3767736551285,1458.3767736551285,,-1039.4804220861372
32.7,llm_1,1462.2217919318205,-11.8995,38.45018276692006,1000.0,,-0.30541712409340604,-0.30541712409340604,-0.30541712409340604,-0.30541712409340604,-0.3023931921716638,0,highway_0,0,1143.2217919318205,1462.2217919318205,,-1039.45018276692
32.8,llm_1,1466.0638268562266,-11.8995,38.42034924406115,1000.0,,-0.3013185808750085,-0.3013185808750085,-0.3013185808750085,-0.3013185808750085,-0.2983352285890817,0,highway_0,0,1147.0638268562266,1466.0638268562266,,-1039.420349244061
32.9,llm_1,1469.902918369711,-11.8995,38.390915134843,1000.0,,-0.2972845031032698,-0.2972845031032698,-0.2972845031032698,-0.2972845031032698,-0.2943410921815115,0,highway_0,0,1150.902918369711,1469.902918369711,,-1039.390915134843
33.0,llm_1,1473.7391057878212,-11.8995,38.36187418110206,1000.0,,-0.29331363278348,-0.29331363278348,-0.29331363278348,-0.29331363278348,-0.29040953740938846,0,highway_0,0,1154.7391057878212,1473.7391057878212,,-1039.3618741811022
33.1,llm_1,1477.5724278124378,-11.8995,38.333220246165396,1000.0,,-0.28940474286030105,-0.28940474286030105,-0.28940474286030105,-0.28940474286030105,-0.2865393493666346,0,highway_0,0,1158.5724278124378,1477.5724278124378,,-1039.3332202461654
33.2,llm_1,1481.402922543626,-11.8995,38.30494731187996,1000.0,,-0.28555663628299155,-0.28555663628299155,-0.28555663628299155,-0.28555663628299155,-0.2827293428543953,0,highway_0,0,1162.402922543626,1481.402922543626,,-1039.30494731188
33.3,llm_1,1485.230627491199,-11.8995,38.27704947573103,1000.0,,-0.28176814510411785,-0.28176814510411785,-0.28176814510411785,-0.28176814510411785,-0.27897836148923716,0,highway_0,0,1166.230627491199,1485.230627491199,,-1039.277049475731
33.4,llm_1,1489.0555795860037,-11.8995,38.24952094804684,1000.0,,-0.2780381296103367,-0.2780381296103367,-0.2780381296103367,-0.2780381296103367,-0.27528527684189896,0,highway_0,0,1170.0555795860037,1489.0555795860037,,-1039.249520948047
33.5,llm_1,1492.8778151909323,-11.8995,38.222356049286056,1000.0,,-0.27436547748396833,-0.27436547748396833,-0.27436547748396833,-0.27436547748396833,-0.27164898760787537,0,highway_0,0,1173.8778151909323,1492.8778151909323,,-1039.222356049286
33.6,llm_1,1496.6973701116729,-11.8995,38.195549207405456,1000.0,,-0.2707491029940632,-0.2707491029940632,-0.2707491029940632,-0.2707491029940632,-0.26806841880599563,0,highway_0,0,1177.6973701116729,1496.6973701116729,,-1039.1955492074055
33.7,llm_1,1500.5142796072034,-11.8995,38.169094955304885,1000.0,,-0.267187946215806,-0.267187946215806,-0.267187946215806,-0.267187946215806,-0.2645425210057084,0,highway_0,0,1181.5142796072034,1500.5142796072034,,-1039.169094955305
33.8,llm_1,1504.3285784000382,-11.8995,38.142987928346756,1000.0,,-0.2636809722770803,-0.2636809722770803,-0.2636809722770803,-0.2636809722770803,-0.2610702695812961,0,highway_0,0,1185.3285784000382,1504.3285784000382,,-1039.1429879283467
33.9,llm_1,1508.1403006862329,-11.8995,38.11722286194763,1000.0,,-0.2602271706311243,-0.2602271706311243,-0.2602271706311243,-0.2602271706311243,-0.25765066399124237,0,highway_0,0,1189.1403006862329,1508.1403006862329,,-1039.1172228619475
34.0,llm_1,1511.9494801451567,-11.8995,38.09179458923929,1000.0,,-0.25682555435423216,-0.25682555435423216,-0.25682555435423216,-0.25682555435423216,-0.2542827270833925,0,highway_0,0,1192.9494801451567,1511.9494801451567,,-1039.0917945892393
34.1,llm_1,1515.7561499490364,-11.8995,38.066698038796964,1000.0,,-0.25347515946749755,-0.25347515946749755,-0.25347515946749755,-0.25347515946749755,-0.25096550442327725,0,highway_0,0,1196.7561499490364,1515.7561499490364,,-1039.0666980387969
34.2,llm_1,1519.5603427722797,-11.8995,38.04192823243245,1000.0,,-0.2501750442816604,-0.2501750442816604,-0.2501750442816604,-0.2501750442816604,-0.24769806364517422,0,highway_0,0,1200.5603427722797,1519.5603427722797,,-1039.0419282324324
34.3,llm_1,1523.3620908005846,-11.8995,38.017480283049856,1000.0,,-0.24692428876414607,-0.24692428876414607,-0.24692428876414607,-0.24692428876414607,-0.2444794938259065,0,highway_0,0,1204.3620908005846,1523.3620908005846,,-1039.01748028305
34.4,llm_1,1527.1614257398408,-11.8995,37.99334939256199,1000.0,,-0.24372199392743088,-0.24372199392743088,-0.24372199392743088,-0.24372199392743088,-0.24130890487867873,0,highway_0,0,1208.1614257398408,1527.1614257398408,,-1038.993349392562
34.5,llm_1,1530.9583788248274,-11.8995,37.969530849865166,1000.0,,-0.24056728123789872,-0.24056728123789872,-0.24056728123789872,-0.24056728123789872,-0.2381854269682293,0,highway_0,0,1211.9583788248274,1530.9583788248274,,-1038.9695308498651
34.6,llm_1,1534.7529808277145,-11.8995,37.94602002887066,1000.0,,-0.23745929204441385,-0.23745929204441385,-0.23745929204441385,-0.23745929204441385,-0.23510820994502524,0,highway_0,0,1215.7529808277145,1534.7529808277145,,-1038.9460200288706
34.7,llm_1,1538.5452620663737,-11.8995,37.92281238659088,1000.0,,-0.23439718702582635,-0.23439718702582635,-0.23439718702582635,-0.23439718702582635,-0.23207642279786,0,highway_0,0,1219.5452620663737,1538.5452620663737,,-1038.922812386591
34.8,llm_1,1542.3352524125014,-11.8995,37.89990346127833,1000.0,,-0.23138014565671328,-0.23138014565671328,-0.23138014565671328,-0.23138014565671328,-0.229089253125494,0,highway_0,0,1223.3352524125014,1542.3352524125014,,-1038.8999034612784
34.9,llm_1,1546.122981299563,-11.8995,37.877288870615885,1000.0,,-0.22840736569063758,-0.22840736569063758,-0.22840736569063758,-0.22840736569063758,-0.22614590662442424,0,highway_0,0,1227.122981299563,1546.122981299563,,-1038.877288870616
35.0,llm_1,1549.9084777305586,-11.8995,37.85496430995645,1000.0,,-0.22547806266028347,-0.22547806266028347,-0.22547806266028347,-0.22547806266028347,-0.22324560659434667,0,highway_0,0,1230.9084777305586,1549.9084777305586,,-1038.8549643099564
35.1,llm_1,1553.6917702856197,-11.8995,37.832925550610526,1000.0,,-0.2225914693938138,-0.2225914693938138,-0.2225914693938138,-0.2225914693938138,-0.2203875934592503,0,highway_0,0,1234.6917702856197,1553.6917702856197,,-1038.8329255506105
35.2,llm_1,1557.4728871294376,-11.8995,37.81116843818014,1000.0,,-0.2197468355468548,-0.2197468355468548,-0.2197468355468548,-0.2197468355468548,-0.21757112430385916,0,highway_0,0,1238.4728871294376,1557.4728871294376,,-1038.8111684381802
35.3,llm_1,1561.2518560185313,-11.8995,37.78968889093761,1000.0,,-0.2169434271495192,-0.2169434271495192,-0.2169434271495192,-0.2169434271495192,-0.21479547242527985,0,highway_0,0,1242.2518560185313,1561.2518560185313,,-1038.7896888909377
35.4,llm_1,1565.028704308356,-11.8995,37.768482898247726,1000.0,,-0.21418052616791328,-0.21418052616791328,-0.21418052616791328,-0.21418052616791328,-0.21205992689885989,0,highway_0,0,1246.028704308356,1565.028704308356,,-1038.7684828982478
35.5,llm_1,1568.8034589602591,-11.8995,37.74754651903193,1000.0,,-0.21145743007959394,-0.21145743007959394,-0.21145743007959394,-0.21145743007959394,-0.20936379215797274,0,highway_0,0,1249.8034589602591,1568.8034589602591,,-1038.7475465190319
35.6,llm_1,1572.5761465482865,-11.8995,37.72687588027327,1000.0,,-0.20877345146245352,-0.20877345146245352,-0.20877345146245352,-0.20877345146245352,-0.20670638758659265,0,highway_0,0,1253.5761465482865,1572.5761465482865,,-1038.7268758802734
35.7,llm_1,1576.3467932658425,-11.8995,37.70646717556074,1000.0,,-0.20612791759656002,-0.20612791759656002,-0.20612791759656002,-0.20612791759656002,-0.20408704712529868,0,highway_0,0,1257.3467932658425,1576.3467932658425,,-1038.7064671755606
35.8,llm_1,1580.1154249322096,-11.8995,37.68631666367178,1000.0,,-0.20352017007847478,-0.20352017007847478,-0.20352017007847478,-0.20352017007847478,-0.20150511888957112,0,highway_0,0,1261.1154249322096,1580.1154249322096,,-1038.6863166636717
35.9,llm_1,1583.8820669989288,-11.8995,37.66642066719182,1000.0,,-0.20094956444757583,-0.20094956444757583,-0.20094956444757583,-0.20094956444757583,-0.19895996479959877,0,highway_0,0,1264.8820669989288,1583.8820669989288,,-1038.666420667192
36.0,llm_1,1587.6467445560459,-11.8995,37.64677557116965,1000.0,,-0.1984154698239955,-0.1984154698239955,-0.1984154698239955,-0.1984154698239955,-0.19645096022173902,0,highway_0,0,1268.6467445560459,1587.6467445560459,,-1038.6467755711697
36.1,llm_1,1591.4094823382266,-11.8995,37.6273778218075,1000.0,,-0.19591726855771752,-0.19591726855771752,-0.19591726855771752,-0.19591726855771752,-0.19397749362148886,0,highway_0,0,1272.4094823382266,1591.4094823382266,,-1038.6273778218074
36.2,llm_1,1595.170304730745,-11.8995,37.60822392518488,1000.0,,-0.19345435588845783,-0.19345435588845783,-0.19345435588845783,-0.19345435588845783,-0.19153896622619015,0,highway_0,0,1276.170304730745,1595.170304730745,,-1038.6082239251848
36.3,llm_1,1598.9292357753466,-11.8995,37.589310446014984,1000.0,,-0.19102613961594228,-0.19102613961594228,-0.19102613961594228,-0.19102613961594228,-0.18913479169896164,0,highway_0,0,1279.9292357753466,1598.9292357753466,,-1038.589310446015
36.4,llm_1,1602.68629917599,-11.8995,37.57063400643278,1000.0,,-0.18863203978021126,-0.18863203978021126,-0.18863203978021126,-0.18863203978021126,-0.18676439582201,0,highway_0,0,1283.68629917599,1602.68629917599,,-1038.5706340064328
36.5,llm_1,1606.4415183044714,-11.8995,37.552191284813816,1000.0,,-0.186271488351601,-0.186271488351601,-0.186271488351601,-0.186271488351601,-0.1844272161896754,0,highway_0,0,1287.4415183044714,1606.4415183044714,,-1038.5521912848137
36.6,llm_1,1610.1949162059336,-11.8995,37.533979014622716,1000.0,,-0.18394392893006328,-0.18394392893006328,-0.18394392893006328,-0.18394392893006328,-0.18212270191099833,0,highway_0,0,1291.1949162059336,1610.1949162059336,,-1038.5339790146227
36.7,llm_1,1613.9465156042627,-11.8995,37.51599398329069,1000.0,,-0.18164881645349795,-0.18164881645349795,-0.18164881645349795,-0.18164881645349795,-0.17985031332024448,0,highway_0,0,1294.9465156042627,1613.9465156042627,,-1038.5159939832906
36.8,llm_1,1617.6963389073749,-11.8995,37.49823303112091,1000.0,,-0.1793856169147865,-0.1793856169147865,-0.1793856169147865,-0.1793856169147865,-0.17760952169780353,0,highway_0,0,1298.6963389073749,1617.6963389073749,,-1038.498233031121
36.9,llm_1,1621.444408212397,-11.8995,37.480693050221184,1000.0,,-0.17715380708722983,-0.17715380708722983,-0.17715380708722983,-0.17715380708722983,-0.1753998089972697,0,highway_0,0,1302.444408212397,1621.444408212397,,-1038.4806930502211
37.0,llm_1,1625.1907453107433,-11.8995,37.46337098346296,1000.0,,-0.17495287425809547,-0.17495287425809547,-0.17495287425809547,-0.17495287425809547,-0.17322066758225674,0,highway_0,0,1306.1907453107433,1625.1907453107433,,-1038.463370983463
37.1,llm_1,1628.9353716930898,-11.8995,37.446263823465934,1000.0,,-0.17278231597000215,-0.17278231597000215,-0.17278231597000215,-0.17278231597000215,-0.17107159997024723,0,highway_0,0,1309.9353716930898,1628.9353716930898,,-1038.4462638234659
37.2,llm_1,1632.6783085542506,-11.8995,37.42936861160753,1000.0,,-0.17064163976987823,-0.17064163976987823,-0.17064163976987823,-0.17064163976987823,-0.1689521185840448,0,highway_0,0,1313.6783085542506,1632.6783085542506,,-1038.4293686116075
37.3,llm_1,1636.4195767979563,-11.8995,37.41268243705652,1000.0,,-0.16853036296522728,-0.16853036296522728,-0.16853036296522728,-0.16853036296522728,-0.16686174551011845,0,highway_0,0,1317.4195767979563,1636.4195767979563,,-1038.4126824370564
37.4,llm_1,1640.1591970415393,-11.8995,37.396202435830034,1000.0,,-0.16644801238746698,-0.16644801238746698,-0.16644801238746698,-0.16644801238746698,-0.1648000122648341,0,highway_0,0,1321.1591970415393,1640.1591970415393,,-1038.39620243583
37.5,llm_1,1643.8971896205267,-11.8995,37.37992578987339,1000.0,,-0.16439412416209676,-0.16439412416209676,-0.16439412416209676,-0.16439412416209676,-0.1627664595664413,0,highway_0,0,1324.8971896205267,1643.8971896205267,,-1038.3799257898734
37.6,llm_1,1647.6335745931428,-11.8995,37.36384972616196,1000.0,,-0.1623682434854663,-0.1623682434854663,-0.1623682434854663,-0.1623682434854663,-0.16076063711430777,0,highway_0,0,1328.6335745931428,1647.6335745931428,,-1038.363849726162
37.7,llm_1,1651.3683717447252,-11.8995,37.34797151582454,1000.0,,-0.16036992440793574,-0.16036992440793574,-0.16036992440793574,-0.16036992440793574,-0.15878210337419318,0,highway_0,0,1332.3683717447252,1651.3683717447252,,-1038.3479715158246
37.8,llm_1,1655.101600592054,-11.8995,37.33228847328759,1000.0,,-0.15839872962319368,-0.15839872962319368,-0.15839872962319368,-0.15839872962319368,-0.15683042536949188,0,highway_0,0,1336.101600592054,1655.101600592054,,-1038.3322884732877
37.9,llm_1,1658.8332803875978,-11.8995,37.31679795543971,1000.0,,-0.15645423026356253,-0.15645423026356253,-0.15645423026356253,-0.15645423026356253,-0.15490517847879914,0,highway_0,0,1339.8332803875978,1658.8332803875978,,-1038.3167979554396
38.0,llm_1,1662.5634301236794,-11.8995,37.301497360815844,1000.0,,-0.1545360057010634,-0.1545360057010634,-0.1545360057010634,-0.1545360057010634,-0.1530059462386646,0,highway_0,0,1343.5634301236794,1662.5634301236794,,-1038.3014973608158
38.1,llm_1,1666.2920685365593,-11.8995,37.28638412880059,1000.0,,-0.1526436433540752,-0.1526436433540752,-0.1526436433540752,-0.1526436433540752,-0.1511323201525272,0,highway_0,0,1347.2920685365593,1666.2920685365593,,-1038.2863841288006
38.2,llm_1,1670.0192141104444,-11.8995,37.27145573885016,1000.0,,-0.15077673849939277,-0.15077673849939277,-0.15077673849939277,-0.15077673849939277,-0.14928389950433996,0,highway_0,0,1351.0192141104444,1670.0192141104444,,-1038.2714557388501
38.3,llm_1,1673.7448850814176,-11.8995,37.256709709732384,1000.0,,-0.14893489408951854,-0.14893489408951854,-0.14893489408951854,-0.14893489408951854,-0.14746029117773674,0,highway_0,0,1354.7448850814176,1673.7448850814176,,-1038.2567097097324
38.4,llm_1,1677.469099441296,-11.8995,37.24214359878436,1000.0,,-0.14711772057501138,-0.14711772057501138,-0.14711772057501138,-0.14711772057501138,-0.14566110948024402,0,highway_0,0,1358.469099441296,1677.469099441296,,-1038.2421435987844
38.5,llm_1,1681.1918749414149,-11.8995,37.227755001187155,1000.0,,-0.14532483573173893,-0.14532483573173893,-0.14532483573173893,-0.14532483573173893,-0.14388597597204011,0,highway_0,0,1362.1918749414149,1681.1918749414149,,-1038.2277550011872
38.6,llm_1,1684.9132290963405,-11.8995,37.21354154925717,1000.0,,-0.14355586449287072,-0.14355586449287072,-0.14355586449287072,-0.14355586449287072,-0.14213451929983023,0,highway_0,0,1365.9132290963405,1684.9132290963405,,-1038.2135415492571
38.7,llm_1,1688.633179187516,-11.8995,37.19950091175367,1000.0,,-0.14181043878546018,-0.14181043878546018,-0.14181043878546018,-0.14181043878546018,-0.14040637503505593,0,highway_0,0,1369.633179187516,1688.633179187516,,-1038.1995009117536
38.8,llm_1,1692.351742266836,-11.8995,37.18563079320203,1000.0,,-0.14008819737147737,-0.14008819737147737,-0.14008819737147737,-0.14008819737147737,-0.1387011855163678,0,highway_0,0,1373.351742266836,1692.351742266836,,-1038.185630793202
38.9,llm_1,1696.0689351601593,-11.8995,37.17192893323241,1000.0,,-0.13838878569314939,-0.13838878569314939,-0.13838878569314939,-0.13838878569314939,-0.1370185996962192,0,highway_0,0,1377.0689351601593,1696.0689351601593,,-1038.1719289332325
39.0,llm_1,1699.7847744707526,-11.8995,37.15839310593315,1000.0,,-0.13671185572246713,-0.13671185572246713,-0.13671185572246713,-0.13671185572246713,-0.1353582729925762,0,highway_0,0,1380.7847744707526,1699.7847744707526,,-1038.158393105933
39.1,llm_1,1703.4992765826744,-11.8995,37.14502111921882,1000.0,,-0.13505706581474275,-0.13505706581474275,-0.13505706581474275,-0.13505706581474275,-0.13371986714332706,0,highway_0,0,1384.4992765826744,1703.4992765826744,,-1038.1450211192189
39.2,llm_1,1707.2124576640956,-11.8995,37.13181081421227,1000.0,,-0.1334240805660698,-0.1334240805660698,-0.1334240805660698,-0.1334240805660698,-0.13210305006545298,0,highway_0,0,1388.2124576640956,1707.2124576640956,,-1038.1318108142123
39.3,llm_1,1710.9243336705597,-11.8995,37.11876006464053,1000.0,,-0.1318125706745903,-0.1318125706745903,-0.1318125706745903,-0.1318125706745903,-0.13050749571739573,0,highway_0,0,1391.9243336705597,1710.9243336705597,,-1038.1187600646406
39.4,llm_1,1714.634920348184,-11.8995,37.10586677624396,1000.0,,-0.1302222128054331,-0.1302222128054331,-0.1302222128054331,-0.1302222128054331,-0.12893288396575997,0,highway_0,0,1395.634920348184,1714.634920348184,,-1038.105866776244
39.5,llm_1,1718.344233236804,-11.8995,37.093128886198485,1000.0,,-0.12865268945921882,-0.12865268945921882,-0.12865268945921882,-0.12865268945921882,-0.12737890045471545,0,highway_0,0,1399.344233236804,1718.344233236804,,-1038.0931288861984
39.6,llm_1,1722.052287673059,-11.8995,37.08054436255057,1000.0,,-0.12710368884401668,-0.12710368884401668,-0.12710368884401668,-0.12710368884401668,-0.12584523647916512,0,highway_0,0,1403.052287673059,1722.052287673059,,-1038.0805443625507
39.7,llm_1,1725.7590987934254,-11.8995,37.068111203664365,1000.0,,-0.1255749047506629,-0.1255749047506629,-0.1255749047506629,-0.1255749047506629,-0.12433158886203444,0,highway_0,0,1406.7590987934254,1725.7590987934254,,-1038.0681112036643
39.8,llm_1,1729.4646815371937,-11.8995,37.05582743768107,1000.0,,-0.12406603643131398,-0.12406603643131398,-0.12406603643131398,-0.12406603643131398,-0.12283765983298167,0,highway_0,0,1410.4646815371937,1729.4646815371937,,-1038.055827437681
39.9,llm_1,1733.1690506493926,-11.8995,37.043691121989866,1000.0,,-0.12257678848115727,-0.12257678848115727,-0.12257678848115727,-0.12257678848115727,-0.12136315691201105,0,highway_0,0,1414.1690506493926,1733.1690506493926,,-1038.04369112199
40.0,llm_1,1736.8722206836637,-11.8995,37.031700342710344,1000.0,,-0.12110687072318438,-0.12110687072318438,-0.12110687072318438,-0.12110687072318438,-0.11990779279521746,0,highway_0,0,1417.8722206836637,1736.8722206836637,,-1038.0317003427103
40.1,llm_1,1740.5742060050823,-11.8995,37.01985321418599,1000.0,,-0.11965599809591376,-0.11965599809591376,-0.11965599809591376,-0.11965599809591376,-0.11847128524351547,0,highway_0,0,1421.5742060050823,1740.5742060050823,,-1038.019853214186
40.2,llm_1,1744.2750207929312,-11.8995,37.008147878488565,1000.0,,-0.11822389054400628,-0.11822389054400628,-0.11822389054400628,-0.11822389054400628,-0.11705335697428154,0,highway_0,0,1425.2750207929312,1744.2750207929312,,-1038.0081478784887
40.3,llm_1,1747.9746790434244,-11.8995,36.99658250493295,1000.0,,-0.11681027291166135,-0.11681027291166135,-0.11681027291166135,-0.11681027291166135,-0.11565373555612268,0,highway_0,0,1428.9746790434244,1747.9746790434244,,-1037.996582504933
40.4,llm_1,1751.6731945723848,-11.8995,36.98515528960238,1000.0,,-0.11541487483872115,-0.11541487483872115,-0.11541487483872115,-0.11541487483872115,-0.11427215330570561,0,highway_0,0,1432.6731945723848,1751.6731945723848,,-1037.9851552896023
40.5,llm_1,1755.370581017873,-11.8995,36.97386445488363,1000.0,,-0.11403743065940963,-0.11403743065940963,-0.11403743065940963,-0.11403743065940963,-0.1129083471874992,0,highway_0,0,1436.370581017873,1755.370581017873,,-1037.9738644548836
40.6,llm_1,1759.0668518427742,-11.8995,36.96270824901199,1000.0,,-0.11267767930362127,-0.11267767930362127,-0.11267767930362127,-0.11267767930362127,-0.1115620587164301,0,highway_0,0,1440.0668518427742,1759.0668518427742,,-1037.962708249012
40.7,llm_1,1762.7620203373367,-11.8995,36.951684945625786,1000.0,,-0.1113353642006778,-0.1113353642006778,-0.1113353642006778,-0.1113353642006778,-0.11023303386203054,0,highway_0,0,1443.7620203373367,1762.7620203373367,,-1037.9516849456259
40.8,llm_1,1766.4560996216696,-11.8995,36.94079284333019,1000.0,,-0.1100102331855044,-0.1100102331855044,-0.1100102331855044,-0.1100102331855044,-0.10892102295592565,0,highway_0,0,1447.4560996216696,1766.4560996216696,,-1037.9407928433302
40.9,llm_1,1770.1491026481967,-11.8995,36.930030265270084,1000.0,,-0.10870203840712689,-0.10870203840712689,-0.10870203840712689,-0.10870203840712689,-0.10762578060109718,0,highway_0,0,1451.1491026481967,1770.1491026481967,,-1037.93003026527
41.0,llm_1,1773.841042204068,-11.8995,36.91939555871172,1000.0,,-0.10741053623945063,-0.10741053623945063,-0.10741053623945063,-0.10741053623945063,-0.10634706558363405,0,highway_0,0,1454.841042204068,1773.841042204068,,-1037.9193955587118
41.1,llm_1,1777.5319309135311,-11.8995,36.90888709463309,1000.0,,-0.10613548719422705,-0.10613548719422705,-0.10613548719422705,-0.10613548719422705,-0.1050846407863304,0,highway_0,0,1458.5319309135311,1777.5319309135311,,-1037.908887094633
41.2,llm_1,1781.2217812402635,-11.8995,36.898503267322575,1000.0,,-0.10487665583617134,-0.10487665583617134,-0.10487665583617134,-0.10487665583617134,-0.10383827310512572,0,highway_0,0,1462.2217812402635,1781.2217812402635,,-1037.8985032673227
41.3,llm_1,1784.910605489662,-11.8995,36.88824249398593,1000.0,,-0.10363381070015198,-0.10363381070015198,-0.10363381070015198,-0.10363381070015198,-0.10260773336646878,0,highway_0,0,1465.910605489662,1784.910605489662,,-1037.888242493986
41.4,llm_1,1788.598415811098,-11.8995,36.87810321436113,1000.0,,-0.10240672421040276,-0.10240672421040276,-0.10240672421040276,-0.10240672421040276,-0.10139279624794995,0,highway_0,0,1469.598415811098,1788.598415811098,,-1037.878103214361
41.5,llm_1,1792.285224200132,-11.8995,36.86808389034116,1000.0,,-0.10119517260169286,-0.10119517260169286,-0.10119517260169286,-0.10119517260169286,-0.1001932401997152,0,highway_0,0,1473.285224200132,1792.285224200132,,-1037.8680838903413
41.6,llm_1,1795.9710425006924,-11.8995,36.85818300560429,1000.0,,-0.09999893584241115,-0.09999893584241115,-0.09999893584241115,-0.09999893584241115,-0.09900884736872229,0,highway_0,0,1476.9710425006924,1795.9710425006924,,-1037.8581830056044
41.7,llm_1,1799.6558824072176,-11.8995,36.84839906525186,1000.0,,-0.09881779755949327,-0.09881779755949327,-0.09881779755949327,-0.09881779755949327,-0.09783940352427578,0,highway_0,0,1480.6558824072176,1799.6558824072176,,-1037.848399065252
