time,id,x,y,speed,headway,leader_id,target_accel_with_noise_with_failsafe,target_accel_no_noise_no_failsafe,target_accel_with_noise_no_failsafe,target_accel_no_noise_with_failsafe,realized_accel,road_grade,edge_id,lane_number,distance,relative_position,follower_id,leader_rel_speed
0,ego_0,324.0,-8.0,20.5,1000.0,,,,,,0,0,highway_0,1,0.0,324.0,,-1021.5
0.1,ego_0,326.0577422067901,-8.0,20.577422067901235,1000.0,,0.7819628858024691,0.7819628858024691,0.7819628858024691,0.7819628858024691,0.7742206790123518,0,highway_0,1,2.057742206790124,326.0577422067901,,-1021.5774220679012
0.2,ego_0,328.1231938229669,-8.0,20.654516161767777,1000.0,,0.7786503480520746,0.7786503480520746,0.7786503480520746,0.7786503480520746,0.7709409386654187,0,highway_0,1,4.123193822966925,328.1231938229669,,-1021.6545161617678
0.3,ego_0,330.19632182013385,-8.0,20.731279971668997,1000.0,,0.7753144800023382,0.7753144800023382,0.7753144800023382,0.7753144800023382,0.7676380990121956,0,highway_0,1,6.196321820133846,330.19632182013385,,-1021.731279971669
0.4,ego_0,332.27709294186525,-8.0,20.807711217314278,1000.0,,0.7719555810173349,0.7719555810173349,0.7719555810173349,0.7719555810173349,0.7643124564528136,0,highway_0,1,8.277092941865249,332.27709294186525,,-1021.8077112173142
0.5,ego_0,334.36547370674225,-8.0,20.883807648770293,1000.0,,0.7685739577057377,0.7685739577057377,0.7685739577057377,0.7685739577057377,0.7609643145601552,0,highway_0,1,10.36547370674225,334.36547370674225,,-1021.8838076487702
0.6,ego_0,336.46143041145905,-8.0,20.959567047168086,1000.0,,0.7651699238177089,0.7651699238177089,0.7651699238177089,0.7651699238177089,0.7575939839779267,0,highway_0,1,12.461430411459048,336.46143041145905,,-1021.9595670471681
0.7,ego_0,338.564929133999,-8.0,21.034987225399483,1000.0,,0.7617438001371016,0.7617438001371016,0.7617438001371016,0.7617438001371016,0.7542017823139702,0,highway_0,1,14.564929133998987,338.564929133999,,-1022.0349872253995
0.8,ego_0,340.67593573687924,-8.0,21.110066028802358,1000.0,,0.7582959143690431,0.7582959143690431,0.7582959143690431,0.7582959143690431,0.7507880340287443,0,highway_0,1,16.67593573687924,340.67593573687924,,-1022.1100660288024
0.9,ego_0,342.7944158704627,-8.0,21.184801335834333,1000.0,,0.7548266010229694,0.7548266010229694,0.7548266010229694,0.7548266010229694,0.747353070319754,0,highway_0,1,18.79441587046267,342.7944158704627,,-1022.1848013358343
1.0,ego_0,344.9203349763361,-8.0,21.25919105873445,1000.0,,0.7513362012911924,0.7513362012911924,0.7513362012911924,0.7513362012911924,0.7438972290011847,0,highway_0,1,20.920334976336108,344.9203349763361,,-1022.2591910587345
1.1,ego_0,347.05365829075333,-8.0,21.333233144172382,1000.0,,0.7478250629230792,0.7478250629230792,0.7478250629230792,0.7478250629230792,0.7404208543793089,0,highway_0,1,23.053658290753333,347.05365829075333,,-1022.3332331441724
1.2,ego_0,349.1943508481418,-8.0,21.406925573884752,1000.0,,0.7442935400949351,0.7442935400949351,0.7442935400949351,0.7442935400949351,0.7369242971237,0,highway_0,1,25.194350848141823,349.1943508481418,,-1022.4069255738848
1.3,ego_0,351.34237748467166,-8.0,21.48026636529819,1000.0,,0.740741993275682,0.740741993275682,0.740741993275682,0.740741993275682,0.7334079141343608,0,highway_0,1,27.34237748467166,351.34237748467166,,-1022.4802663652982
1.4,ego_0,353.49770284188554,-8.01,21.553253572138626,1000.0,,0.7371707890884289,0.7371707890884289,0.7371707890884289,0.7371707890884289,0.7298720684043758,0,highway_0,1,29.49770284188554,353.49770284188554,,-1022.5532535721386
1.5,ego_0,355.6602913703882,-8.03,21.625885285026552,1000.0,,0.733580300168041,0.733580300168041,0.733580300168041,0.733580300168041,0.7263171288792591,0,highway_0,1,31.660291370388222,355.6602913703882,,-1022.6258852850266
1.6,ego_0,357.830107333594,-8.06,21.69815963205772,1000.0,,0.7299709050148108,0.7299709050148108,0.7299709050148108,0.7299709050148108,0.7227434703116842,0,highway_0,1,33.830107333594015,357.830107333594,,-1022.6981596320577
1.7,ego_0,360.0071148115309,-8.08,21.770074779369043,1000.0,,0.7263429878443475,0.7263429878443475,0.7263429878443475,0.7263429878443475,0.7191514731132287,0,highway_0,1,36.007114811530926,360.0071148115309,,-1022.770074779369
1.8,ego_0,362.19127770469987,-8.09,21.841628931689222,1000.0,,0.7226969384337967,0.7226969384337967,0.7226969384337967,0.7226969384337967,0.7155415232017859,0,highway_0,1,38.19127770469987,362.19127770469987,,-1022.8416289316892
1.9,ego_0,364.38255973798726,-8.09,21.912820332873828,1000.0,,0.7190331519645153,0.7190331519645153,0.7190331519645153,0.7190331519645153,0.7119140118460621,0,highway_0,1,40.382559737987265,364.38255973798726,,-1022.9128203328738
2.0,ego_0,366.58092446462973,-8.08,21.983647266424455,1000.0,,0.7153520288613222,0.7153520288613222,0.7153520288613222,0.7153520288613222,0.708269335506273,0,highway_0,1,42.58092446462973,366.58092446462973,,-1022.9836472664244
2.1,ego_0,368.7863352702289,-8.06,22.05410805599163,1000.0,,0.7116539746284574,0.7116539746284574,0.7116539746284574,0.7116539746284574,0.7046078956717494,0,highway_0,1,44.7863352702289,368.7863352702289,,-1023.0541080559916
2.2,ego_0,370.99875537681504,-8.06,22.124201065861172,1000.0,,0.7079393996823782,0.7079393996823782,0.7079393996823782,0.7079393996823782,0.7009300986954159,0,highway_0,1,46.99875537681504,370.99875537681504,,-1023.1242010658611
2.3,ego_0,373.21814784695744,-8.05,22.1939247014237,1000.0,,0.7042087191815318,0.7042087191815318,0.7042087191815318,0.7042087191815318,0.6972363556252859,0,highway_0,1,49.218147846957436,373.21814784695744,,-1023.1939247014237
2.4,ego_0,375.4444755879201,-8.03,22.263277409626994,1000.0,,0.7004623528532399,0.7004623528532399,0.7004623528532399,0.7004623528532399,0.6935270820329364,0,highway_0,1,51.444475587920124,375.4444755879201,,-1023.263277409627
2.5,ego_0,377.67770135586125,-8.01,22.33225767941094,1000.0,,0.6967007248178414,0.6967007248178414,0.6967007248178414,0.6967007248178414,0.6898026978394611,0,highway_0,1,53.677701355861245,377.67770135586125,,-1023.332257679411
2.6,ego_0,379.91778776007374,-8.0,22.400864042124823,1000.0,,0.692924263410236,0.692924263410236,0.692924263410236,0.692924263410236,0.6860636271388287,0,highway_0,1,55.917787760073736,379.91778776007374,,-1023.4008640421248
2.7,ego_0,382.16469726726643,-8.0,22.469095071926702,1000.0,,0.6891334009989791,0.6891334009989791,0.6891334009989791,0.6891334009989791,0.6823102980187912,0,highway_0,1,58.16469726726643,382.16469726726643,,-1023.4690950719267
2.8,ego_0,384.4183922058829,-8.0,22.536949386164633,1000.0,,0.6853285738030745,0.6853285738030745,0.6853285738030745,0.6853285738030745,0.6785431423793042,0,highway_0,1,60.418392205882924,384.4183922058829,,-1023.5369493861647
2.9,ego_0,386.6788347704569,-8.0,22.604425645739546,7.641462259246055,llm_1,0.6815102217066251,0.6815102217066251,0.6815102217066251,0.6815102217066251,0.6747625957491366,0,highway_0,1,62.67883477045689,386.6788347704569,,8.49953475030005
3.0,ego_0,388.94530878245155,-8.0,22.66474011994682,8.507166465073169,llm_1,0.6091761894934801,0.6091761894934801,0.6091761894934801,0.6091761894934801,0.6031447420727432,0,highway_0,1,64.94530878245155,388.94530878245155,,8.657042058270992
3.1,ego_0,391.2179110594321,-8.0,22.726022769805603,9.388524584132256,llm_1,0.618954763573726,0.618954763573726,0.618954763573726,0.618954763573726,0.6128264985878218,0,highway_0,1,67.21791105943208,391.2179110594321,,8.813581190590426
3.2,ego_0,393.4967044950799,-8.0,22.787934356478075,10.285473722741699,llm_1,0.6253070253919899,0.6253070253919899,0.6253070253919899,0.6253070253919899,0.6191158667247265,0,highway_0,1,69.49670449507988,393.4967044950799,,8.96949138609617
3.3,ego_0,395.78172836115107,-8.0,22.850238660712066,11.197974609145831,llm_1,0.6292734727632889,0.6292734727632889,0.6292734727632889,0.6292734727632889,0.6230430423399014,0,highway_0,1,71.78172836115107,395.78172836115107,,9.125008864040396
3.4,ego_0,398.07300498702546,-8.0,22.912766258743993,12.126004913964607,llm_1,0.6315287401224547,0.6315287401224547,0.6315287401224547,0.6315287401224547,0.6252759803192731,0,highway_0,1,74.07300498702546,398.07300498702546,,9.280303048186688
3.5,ego_0,400.370544240675,-8.0,22.975392536495374,13.069554769225988,llm_1,0.632525405288923,0.632525405288923,0.632525405288923,0.632525405288923,0.6262627775138085,0,highway_0,1,76.37054424067497,400.370544240675,,9.435498552613527
3.6,ego_0,402.67434662344334,-8.0,23.03802382768392,14.028623673586253,llm_1,0.6325760410043187,0.6325760410043187,0.6325760410043187,0.6325760410043187,0.6263129118854494,0,highway_0,1,78.67434662344334,402.67434662344334,,9.590689043603202
3.7,ego_0,404.98440546188425,-8.0,23.100588384409154,15.00321830049188,llm_1,0.6319020229248544,0.6319020229248544,0.6319020229248544,0.6319020229248544,0.6256455672523487,0,highway_0,1,80.98440546188425,404.98440546188425,,9.745946269056187
3.8,ego_0,407.3007084945962,-8.0,23.163030327119742,15.99335091134435,llm_1,0.6306636213769355,0.6306636213769355,0.6306636213769355,0.6306636213769355,0.6244194271058845,0,highway_0,1,83.30070849459622,407.3007084945962,,9.901326108523818
3.9,ego_0,409.62323904354906,-8.0,23.225305489528527,16.999038184173514,llm_1,0.6289791403287307,0.6289791403287307,0.6289791403287307,0.6289791403287307,0.6227516240878472,0,highway_0,1,85.62323904354906,409.62323904354906,,10.056872728293254
4.0,ego_0,411.9519768937598,-8.0,23.287378502107845,18.02030033396295,llm_1,0.6269374270510936,0.6269374270510936,0.6269374270510936,0.6269374270510936,0.6207301257931874,0,highway_0,1,87.95197689375982,411.9519768937598,,10.212621497892155
4.1,ego_0,414.2868989642534,-8.0,23.349220704935522,19.057160441687074,llm_1,0.6246062485595373,0.6246062485595373,0.6246062485595373,0.6246062485595373,0.6184220282767683,0,highway_0,1,90.2868989642534,414.2868989642534,,10.368601077242698
4.2,ego_0,416.62797982704836,-8.0,23.410808627949745,20.109643935327824,llm_1,0.6220380224436427,0.6220380224436427,0.6220380224436427,0.6220380224436427,0.6158792301422267,0,highway_0,1,92.62797982704836,416.62797982704836,,10.524834936406695
4.3,ego_0,418.9751921137448,-8.0,23.472122866964714,21.15599600506704,llm_1,0.6192738140511942,0.6192738140511942,0.6192738140511942,0.6192738140511942,0.6131423901496902,0,highway_0,1,94.97519211374481,418.9751921137448,,10.463520697391726
4.4,ego_0,421.3285066558739,-8.0,23.533145421291156,22.196245819373587,llm_1,0.6163277986970606,0.6163277986970606,0.6163277986970606,0.6163277986970606,0.6102255432644199,0,highway_0,1,97.32850665587392,421.3285066558739,,10.402498143065284
4.5,ego_0,423.68789281882596,-8.0,23.59386162952014,23.230424012857213,llm_1,0.6132337031127573,0.6132337031127573,0.6132337031127573,0.6132337031127573,0.6071620822898538,0,highway_0,1,99.68789281882596,423.68789281882596,,10.341781934836298
4.6,ego_0,426.0533187606225,-8.0,23.65425941796542,24.258562427496315,llm_1,0.6100176632973078,0.6100176632973078,0.6100176632973078,0.6100176632973078,0.6039778844527888,0,highway_0,1,102.05331876062252,426.0533187606225,,10.28138414639102
4.7,ego_0,428.4247516352688,-8.0,23.71432874646282,25.280693909285674,llm_1,0.606700217823711,0.606700217823711,0.606700217823711,0.606700217823711,0.6006932849739854,0,highway_0,1,104.42475163526882,428.4247516352688,,10.22131481789362
4.8,ego_0,430.80215775462057,-8.0,23.77406119351763,26.296852146369588,llm_1,0.6032977152535643,0.6032977152535643,0.6032977152535643,0.6032977152535643,0.5973244705480951,0,highway_0,1,106.80215775462057,430.80215775462057,,10.161582370838811
4.9,ego_0,433.1855027187709,-8.0,23.833449641503577,27.307071538654895,llm_1,0.5998233246580831,0.5998233246580831,0.5998233246580831,0.5998233246580831,0.59388447985949,0,highway_0,1,109.18550271877092,433.1855027187709,,10.102193922852862
5.0,ego_0,435.57475152225084,-8.0,23.892488034799324,28.31138709161064,llm_1,0.5962877722870727,0.5962877722870727,0.5962877722870727,0.5962877722870727,0.5903839329574723,0,highway_0,1,111.57475152225084,435.57475152225084,,10.043155529557115
5.1,ego_0,437.9698686414347,-8.0,23.951171191838636,29.30983432886245,llm_1,0.5926998860970312,0.5926998860970312,0.5926998860970312,0.5926998860970312,0.586831570393116,0,highway_0,1,113.96986864143469,437.9698686414347,,9.984472372517804
5.2,ego_0,440.37081810718684,-8.0,24.00949465752121,30.302449219545963,llm_1,0.5890670033939869,0.5890670033939869,0.5890670033939869,0.5890670033939869,0.5832346568257307,0,highway_0,1,116.37081810718684,440.37081810718684,,9.92614890683523
5.3,ego_0,442.7775635658061,-8.0,24.06745458619257,31.289268117362383,llm_1,0.5853952795807578,0.5853952795807578,0.5853952795807578,0.5853952795807578,0.5795992867136235,0,highway_0,1,118.77756356580608,442.7775635658061,,9.868188978163868
5.4,ego_0,445.19006833060877,-8.0,24.12504764802702,32.27032770899535,llm_1,0.5816899245279208,0.5816899245279208,0.5816899245279208,0.5816899245279208,0.5759306183444934,0,highway_0,1,121.19006833060877,445.19006833060877,,9.810595916329419
5.5,ego_0,447.6082954259594,-8.0,24.182270953506436,33.245664970080384,llm_1,0.5779553853420708,0.5779553853420708,0.5779553853420708,0.5779553853420708,0.5722330547941468,0,highway_0,1,123.6082954259594,447.6082954259594,,9.753372610850004
5.6,ego_0,450.03220762516145,-8.0,24.23912199202079,34.21531712731394,llm_1,0.5741954889949972,0.5741954889949972,0.5741954889949972,0.5741954889949972,0.5685103851435613,0,highway_0,1,126.0322076251615,450.0322076251615,,9.696521572335648
5.7,ego_0,452.4617674833198,-8.0,24.295598581583775,35.17932162559123,llm_1,0.5704135545861304,0.5704135545861304,0.5704135545861304,0.5704135545861304,0.5647658956298329,0,highway_0,1,128.46176748331987,452.4617674833199,,9.640044982772665
5.8,ego_0,454.8969373660566,-8.0,24.351698827367052,36.137716099290174,llm_1,0.5666124824111086,0.5666124824111086,0.5666124824111086,0.5666124824111086,0.561002457832771,0,highway_0,1,130.8969373660566,454.8969373660566,,9.583944736989388
5.9,ego_0,457.3376794747849,-8.0,24.407421087283534,37.090538346997505,llm_1,0.562794825156494,0.562794825156494,0.562794825156494,0.562794825156494,0.5572225991648239,0,highway_0,1,133.33767947478492,457.3376794747849,,9.528222477072905
6.0,ego_0,459.78395586910943,-8.0,24.462763943244433,38.03782630910871,llm_1,0.5589628452050738,0.5589628452050738,0.5589628452050738,0.5589628452050738,0.5534285596089816,0,highway_0,1,135.78395586910938,459.7839558691094,,9.472879621112007
6.1,ego_0,462.2357284868107,-8.0,24.517726177013074,38.979618047843076,llm_1,0.5551185610632818,0.5551185610632818,0.5551185610632818,0.5551185610632818,0.5496223376864151,0,highway_0,1,138.23572848681067,462.2357284868107,,9.417917387343365
6.2,ego_0,464.69295916179124,-8.0,24.572306749805797,39.91595172929817,llm_1,0.5512637852065101,0.5512637852065101,0.5512637852065101,0.5512637852065101,0.545805727927231,0,highway_0,1,140.69295916179124,464.69295916179124,,9.363336814550642
6.3,ego_0,467.1556096402877,-8.0,24.626504784964865,40.846865607237305,llm_1,0.5474001551066145,0.5474001551066145,0.5474001551066145,0.5474001551066145,0.5419803515906807,0,highway_0,1,143.1556096402877,467.1556096402877,,9.309138779391574
6.4,ego_0,469.6236415956041,-8.0,24.68031955316366,41.77239800835656,llm_1,0.5435291588078215,0.5435291588078215,0.5435291588078215,0.5435291588078215,0.5381476819879438,0,highway_0,1,145.62364159560406,469.62364159560406,,9.25532401119278
6.5,ego_0,472.0970166415751,-8.0,24.733750459709857,42.692587318821154,llm_1,0.5396521561165862,0.5396521561165862,0.5396521561165862,0.5396521561165862,0.5343090654619687,0,highway_0,1,148.09701664157507,472.09701664157507,,9.201893104646583
6.6,ego_0,474.5756963449346,-8.0,24.786797033595214,43.60747197189721,llm_1,0.5357703962421299,0.5357703962421299,0.5357703962421299,0.5357703962421299,0.5304657388535716,0,highway_0,1,150.5756963449346,474.5756963449346,,9.148846530761226
6.7,ego_0,477.0596422367352,-8.0,24.839458918005995,44.517090436532214,llm_1,0.5318850325489132,0.5318850325489132,0.5318850325489132,0.5318850325489132,0.5266188441078157,0,highway_0,1,153.05964223673521,477.0596422367352,,9.096184646350444
6.8,ego_0,479.5488158229412,-8.0,24.89173586206014,45.421481206761825,llm_1,0.5279971349468437,0.5279971349468437,0.5279971349468437,0.5279971349468437,0.5227694405414596,0,highway_0,1,155.5488158229412,479.5488158229412,,9.043907702296298
6.9,ego_0,482.04317859429915,-8.0,24.943627713578927,46.320682791839545,llm_1,0.524107700339717,0.524107700339717,0.524107700339717,0.524107700339717,0.5189185151878561,0,highway_0,1,158.0431785942991,482.0431785942991,,8.992015850777513
7.0,ego_0,484.54269203557254,-8.0,24.995134412734377,47.2147337070017,llm_1,0.5202176614700494,0.5202176614700494,0.5202176614700494,0.5202176614700494,0.5150669915544981,0,highway_0,1,160.54269203557254,484.54269203557254,,8.940509151622063
7.1,ego_0,487.0473176342166,-8.0,25.046255986440677,48.10367246479325,llm_1,0.5163278944336507,0.5163278944336507,0.5163278944336507,0.5163278944336507,0.5112157370630044,0,highway_0,1,163.0473176342166,487.0473176342166,,8.889387577915763
7.2,ego_0,489.5570168885546,-8.0,25.09699254337989,48.987537566890865,llm_1,0.5124392250860302,0.5124392250860302,0.5124392250860302,0.5124392250860302,0.5073655693921353,0,highway_0,1,165.55701688855459,489.5570168885546,,8.838651020976549
7.3,ego_0,492.0717513155116,-8.0,25.14734426957018,49.866367496369435,llm_1,0.5085524345219218,0.5085524345219218,0.5085524345219218,0.5085524345219218,0.5035172619028927,0,highway_0,1,168.07175131551162,492.0717513155116,,8.78829929478626
7.4,ego_0,494.59148245795166,-8.0,25.197311424399544,50.74020071036506,llm_1,0.5046682637765961,0.5046682637765961,0.5046682637765961,0.5046682637765961,0.4996715482936409,0,highway_0,1,170.5914824579516,494.5914824579516,,8.738332139956896
7.5,ego_0,497.11617189165764,-8.0,25.246894337060077,51.609075633094676,llm_1,0.500787417871403,0.500787417871403,0.500787417871403,0.500787417871403,0.4958291266053294,0,highway_0,1,173.1161718916576,497.1161718916576,,8.688749227296363
7.6,ego_0,499.6457812319904,-8.0,25.29609340332788,52.47303064919748,llm_1,0.49691056930480965,0.49691056930480965,0.49691056930480965,0.49691056930480965,0.4919906626780346,0,highway_0,1,175.64578123199038,499.6457812319904,,8.63955016102856
7.7,ego_0,502.18027214025466,-8.0,25.34490908264204,53.33210409736887,llm_1,0.49303836107302673,0.49303836107302673,0.49303836107302673,0.49303836107302673,0.48815679314159865,0,highway_0,1,178.1802721402546,502.1802721402546,,8.5907344817144
7.8,ego_0,504.7196063297989,-8.0,25.39334189544306,54.186334264260154,llm_1,0.4891714092903142,0.4891714092903142,0.4891714092903142,0.4891714092903142,0.48432812801021186,0,highway_0,1,180.71960632979892,504.7196063297989,,8.542301668913378
7.9,ego_0,507.26374557187256,-8.0,25.441392420736882,55.03575937862206,llm_1,0.4853103054676004,0.4853103054676004,0.4853103054676004,0.4853103054676004,0.4805052529382081,0,highway_0,1,183.26374557187262,507.2637455718726,,8.494251143619557
8.0,ego_0,509.81265170125823,-8.0,25.48906129385556,55.88041760567211,llm_1,0.4814556184986531,0.4814556184986531,0.4814556184986531,0.4814556184986531,0.47668873118677624,0,highway_0,1,185.81265170125818,509.8126517012582,,8.44658227050088
8.1,ego_0,512.3662866216971,-8.0,25.536349204389744,56.72034704166879,llm_1,0.47760789639526924,0.47760789639526924,0.47760789639526924,0.47760789639526924,0.4728791053418391,0,highway_0,1,188.3662866216971,512.3662866216971,,8.399294359966696
8.2,ego_0,514.9246123111243,-8.0,25.58325689427158,57.5555857086772,llm_1,0.47376766780653484,0.47376766780653484,0.47376766780653484,0.47376766780653484,0.4690768988183791,0,highway_0,1,190.9246123111243,514.9246123111243,,8.352386670084858
8.3,ego_0,517.4875908267232,-8.0,25.629785155989588,58.38617154951385,llm_1,0.4699354433518695,0.4699354433518695,0.4699354433518695,0.4699354433518695,0.46528261718005837,0,highway_0,1,193.48759082672325,517.4875908267232,,8.305858408366852
8.4,ego_0,520.0551843098152,-8.0,25.6759348309196,59.21214242285748,llm_1,0.466111716793123,0.466111716793123,0.466111716793123,0.466111716793123,0.46149674930013873,0,highway_0,1,196.05518430981522,520.0551843098152,,8.259708733436838
8.5,ego_0,522.627354990591,-8.0,25.721706807757943,60.03353609851729,llm_1,0.46229696606726584,0.46229696606726584,0.46229696606726584,0.46229696606726584,0.45771976838342,0,highway_0,1,198.62735499059102,522.627354990591,,8.213936756598496
8.6,ego_0,525.2040651926955,-8.0,25.767102021044884,60.850390252848456,llm_1,0.45849165419810983,0.45849165419810983,0.45849165419810983,0.45849165419810983,0.4539521328694107,0,highway_0,1,201.20406519269545,525.2040651926955,,8.168541543311555
8.7,ego_0,527.7852773376723,-8.0,25.81212144976794,61.66274246430726,llm_1,0.4546962301028444,0.4546962301028444,0.4546962301028444,0.4546962301028444,0.450194287230552,0,highway_0,1,203.78527733767226,527.7852773376723,,8.1235221145885
8.8,ego_0,530.3709539492759,-8.0,25.85676611603596,62.470630209139244,llm_1,0.45091112930697896,0.45091112930697896,0.45091112930697896,0.45091112930697896,0.44644666268020217,0,highway_0,1,206.37095394927587,530.3709539492759,,8.07887744832048
8.9,ego_0,532.9610576576575,-8.0,25.901037083816096,63.27409085719319,llm_1,0.44713677457938933,0.44713677457938933,0.44713677457938933,0.44713677457938933,0.4427096778013606,0,highway_0,1,208.96105765765753,532.9610576576575,,8.034606480540344
9.0,ego_0,535.5555512034302,-8.0,25.94493545772675,64.07316166785608,llm_1,0.4433735764975771,0.4433735764975771,0.4433735764975771,0.4433735764975771,0.43898373910653987,0,highway_0,1,211.55555120343024,535.5555512034302,,7.99070810662969
9.1,ego_0,538.1543974416182,-8.0,25.988462381880403,64.86787978610369,llm_1,0.43962193395189025,0.43962193395189025,0.43962193395189025,0.43962193395189025,0.4352692415365311,0,highway_0,1,214.15439744161824,538.1543974416182,,7.9471811824760366
9.2,ego_0,540.7575593454953,-8.0,26.031619038771126,65.6582822386622,llm_1,0.43588223459630415,0.43588223459630415,0.43588223459630415,0.43588223459630415,0.431566568907229,0,highway_0,1,216.75755934549534,540.7575593454953,,7.904024525585314
9.3,ego_0,543.3650000103155,-8.0,26.07440664820205,66.44440593027764,llm_1,0.4321548552523505,0.4321548552523505,0.4321548552523505,0.4321548552523505,0.4278760943092408,0,highway_0,1,219.3650000103155,543.3650000103155,,7.86123691615439
9.4,ego_0,545.9766826569404,-8.0,26.116826466248778,67.22628764008834,llm_1,0.42844016227195486,0.42844016227195486,0.42844016227195486,0.42844016227195486,0.424198180467279,0,highway_0,1,221.9766826569404,545.9766826569404,,7.818817098107662
9.5,ego_0,548.5925706353659,-8.0,26.158879784255134,68.00396401809849,llm_1,0.42473851186419337,0.42473851186419337,0.42473851186419337,0.42473851186419337,0.42053318006356477,0,highway_0,1,224.59257063536586,548.5925706353659,,7.776763780101305
9.6,ego_0,551.2126274281517,-8.0,26.20056792785814,68.77747158174827,llm_1,0.421050250390355,0.421050250390355,0.421050250390355,0.421050250390355,0.4168814360300388,0,highway_0,1,227.21262742815168,551.2126274281517,,7.735075636498301
9.7,ego_0,553.8368166537556,-8.0,26.241892256039442,69.54684671257996,llm_1,0.4173757146311522,0.4173757146311522,0.4173757146311522,0.4173757146311522,0.41324328181303827,0,highway_0,1,229.8368166537556,553.8368166537556,,7.6937513083169975
9.8,ego_0,556.4651020697756,-8.0,26.282854160200774,70.31212565299552,llm_1,0.41371523202944743,0.41371523202944743,0.41371523202944743,0.41371523202944743,0.4096190416133183,0,highway_0,1,232.46510206977564,556.4651020697756,,7.652789404155666
9.9,ego_0,559.0974475761018,-8.0,26.323455063261314,71.07334450310498,llm_1,0.41006912091145686,0.41006912091145686,0.41006912091145686,0.41006912091145686,0.4060090306053965,0,highway_0,1,235.09744757610179,559.0974475761018,,7.612188501095126
10.0,ego_0,561.7338172179793,-8.0,26.36369641877508,71.83053921766304,llm_1,0.40643769068902963,0.40643769068902963,0.40643769068902963,0.40643769068902963,0.4024135551376773,0,highway_0,1,237.73381721797932,561.7338172179793,,7.571947145581358
10.1,ego_0,564.374175188986,-8.0,26.403579710066694,72.58374560309198,llm_1,0.402821242045301,0.402821242045301,0.402821242045301,0.402821242045301,0.3988329129161272,0,highway_0,1,240.374175188986,564.374175188986,,7.532063854289746
10.2,ego_0,567.0184858339244,-8.0,26.443106449384093,73.33299931458919,llm_1,0.3992200671057363,0.3992200671057363,0.3992200671057363,0.3992200671057363,0.39526739317398807,0,highway_0,1,243.0184858339244,567.0184858339244,,7.492537114972347
10.3,ego_0,569.6667136516311,-8.0,26.482278177066902,74.0783358533181,llm_1,0.3956344495963513,0.3956344495963513,0.3956344495963513,0.3956344495963513,0.3917172768280963,0,highway_0,1,245.66671365163108,569.6667136516311,,7.453365387289537
10.4,ego_0,572.3188232977041,-8.0,26.521096460729346,74.81979056368073,llm_1,0.3920646649906877,0.3920646649906877,0.3920646649906877,0.3920646649906877,0.38818283662443775,0,highway_0,1,248.31882329770406,572.3188232977041,,7.414547103627093
10.5,ego_0,574.9747795871498,-8.0,26.559562894456764,75.5573986306706,llm_1,0.388510980646936,0.388510980646936,0.388510980646936,0.388510980646936,0.3846643372741809,0,highway_0,1,250.97477958714978,574.9747795871498,,7.376080669899675
10.6,ego_0,577.6345474969513,-8.0,26.597679098014826,76.29119507730468,llm_1,0.3849736559364374,0.3849736559364374,0.3849736559364374,0.3849736559364374,0.38116203558061557,0,highway_0,1,253.6345474969513,577.6345474969513,,7.337964466341614
10.7,ego_0,580.2980921685584,-8.0,26.63544671607073,77.02121476213324,llm_1,0.3814529423646608,0.3814529423646608,0.3814529423646608,0.3814529423646608,0.3776761805590567,0,highway_0,1,256.29809216855836,580.2980921685584,,7.300196848285708
10.8,ego_0,582.965378910301,-8.0,26.672867417425742,77.74749237682624,llm_1,0.37794908368562097,0.37794908368562097,0.37794908368562097,0.37794908368562097,0.3742070135501052,0,highway_0,1,258.96537891030096,582.965378910301,,7.2627761469306975
10.9,ego_0,585.6363731997268,-8.0,26.709942894258475,78.47006244383601,llm_1,0.37446231601059415,0.37446231601059415,0.37446231601059415,0.37446231601059415,0.37075476832733045,0,highway_0,1,261.6363731997268,585.6363731997268,,7.2257006700979645
11.0,ego_0,588.3110406858647,-8.0,26.746674861378466,79.18895931413374,llm_1,0.3709928679118913,0.3709928679118913,0.3709928679118913,0.3709928679118913,0.36731967119990827,0,highway_0,1,264.31104068586467,588.3110406858647,,7.188968702977974
11.1,ego_0,590.9893471914136,-8.0,26.78306505548959,79.90421716502044,llm_1,0.36754096052236385,0.36754096052236385,0.36754096052236385,0.36754096052236385,0.3639019411112443,0,highway_0,1,266.9893471914136,590.9893471914136,,7.152578508866849
11.2,ego_0,593.6712587148598,-8.0,26.81911523446298,80.61586999800977,llm_1,0.3641068076312354,0.3641068076312354,0.3641068076312354,0.3641068076312354,0.36050178973390246,0,highway_0,1,269.67125871485985,593.6712587148598,,7.116528329893459
11.3,ego_0,596.3567414325217,-8.0,26.854827176619096,81.32395163678348,llm_1,0.3606906157767875,0.3606906157767875,0.3606906157767875,0.3606906157767875,0.3571194215611584,0,highway_0,1,272.35674143252174,596.3567414325217,,7.080816387737343
11.4,ego_0,599.0457617005236,-8.0,26.89020268001874,82.02849572521723,llm_1,0.3572925843363712,0.3572925843363712,0.3572925843363712,0.3572925843363712,0.3537550339964213,0,highway_0,1,275.0457617005236,599.0457617005236,,7.045440884337701
11.5,ego_0,601.7382860566998,-8.0,26.925243561762713,82.72953572547658,llm_1,0.35391290561415173,0.35391290561415173,0.35391290561415173,0.35391290561415173,0.3504088174397424,0,highway_0,1,277.73828605669985,601.7382860566998,,7.010400002593727
11.6,ego_0,604.4342812224298,-8.0,26.959951657300035,83.4271049161822,llm_1,0.3505517649269553,0.3505517649269553,0.3505517649269553,0.3505517649269553,0.34708095537322237,0,highway_0,1,280.43428122242983,604.4342812224298,,6.9756919070564045
11.7,ego_0,607.1337141044042,-8.0,26.994328819744446,84.12123639064339,llm_1,0.3472093406885369,0.3472093406885369,0.3472093406885369,0.3472093406885369,0.34377162444410914,0,highway_0,1,283.13371410440425,607.1337141044042,,6.941314744611994
11.8,ego_0,609.8365517963242,-8.0,27.028376919199154,84.81196305515903,llm_1,0.34388580449255385,0.34388580449255385,0.34388580449255385,0.34388580449255385,0.3404809945470788,0,highway_0,1,285.8365517963242,609.8365517963242,,6.907266645157286
11.9,ego_0,612.5427615805332,-8.0,27.0620978420897,85.49931762738561,llm_1,0.3405813211944954,0.3405813211944954,0.3405813211944954,0.3405813211944954,0.3372092289054507,0,highway_0,1,288.54276158053324,612.5427615805332,,6.873545722266741
12.0,ego_0,615.2523109295837,-8.0,27.095493490504825,86.18333263477075,llm_1,0.33729604899277965,0.33729604899277965,0.33729604899277965,0.33729604899277965,0.33395648415126544,0,highway_0,1,291.2523109295837,615.2523109295837,,6.840150073851614
12.1,ego_0,617.9651675077382,-8.0,27.12856578154534,86.86404041305184,llm_1,0.3340301395092175,0.3340301395092175,0.3340301395092175,0.3340301395092175,0.3307229104051501,0,highway_0,1,293.9651675077382,617.9651675077382,,6.807077782811099
12.2,ego_0,620.6812991724063,-8.0,27.161316646680884,87.54147310481937,llm_1,0.3307837378690004,0.3307837378690004,0.3307837378690004,0.3307837378690004,0.32750865135543705,0,highway_0,1,296.6812991724063,620.6812991724063,,6.774326917675555
12.3,ego_0,623.4006693433466,-8.0,27.193701709403502,88.21566729031463,llm_1,0.32755698278035966,0.32755698278035966,0.32755698278035966,0.32755698278035966,0.32385062722617874,0,highway_0,1,299.40066934334664,623.4006693433466,,6.7419418549529375
12.4,ego_0,626.1231697294734,-8.0,27.225003861267034,88.88673126062349,llm_1,0.32435460675095706,0.32435460675095706,0.32435460675095706,0.32435460675095706,0.3130215186353169,0,highway_0,1,302.1231697294734,626.1231697294734,,6.710639703089406
12.5,ego_0,628.8486952932376,-8.0,27.25525563764198,89.55477005329487,llm_1,0.32124844373178374,0.32124844373178374,0.32124844373178374,0.32124844373178374,0.3025177637494636,0,highway_0,1,304.8486952932376,628.8486952932376,,6.6803879267144595
12.6,ego_0,631.5771441778627,-8.0,27.284488846250646,90.21988552510538,llm_1,0.3182363403129389,0.3182363403129389,0.3182363403129389,0.3182363403129389,0.2923320860866596,0,highway_0,1,307.5771441778627,631.5771441778627,,6.6511547181057935
12.7,ego_0,634.30841763447,-8.0,27.312734566073082,90.88217642493373,llm_1,0.31531614004061115,0.31531614004061115,0.31531614004061115,0.31531614004061115,0.282457198224364,0,highway_0,1,310.30841763446995,634.30841763447,,6.622908998283357
12.8,ego_0,637.0424199492429,-8.0,27.340023147729944,91.54173846659637,llm_1,0.31248568776815805,0.31248568776815805,0.31248568776815805,0.31248568776815805,0.27288581656861766,0,highway_0,1,313.0424199492429,637.0424199492429,,6.595620416626495
12.9,ego_0,639.7790583707664,-8.0,27.366384215235144,92.1986644015085,llm_1,0.3097428336916308,0.3097428336916308,0.3097428336916308,0.3097428336916308,0.26361067505199287,0,highway_0,1,315.7790583707664,639.7790583707664,,6.569259349121296
13.0,ego_0,642.5182430376678,-8.0,27.391846669014775,92.85304409104265,llm_1,0.30708543708047653,0.30708543708047653,0.30708543708047653,0.30708543708047653,0.25462453779631744,0,highway_0,1,318.51824303766784,642.5182430376678,,6.543796895341664
13.1,ego_0,645.2598869066771,-8.0,27.416438690092722,93.50496457846896,llm_1,0.3045113697146546,0.3045113697146546,0.3045113697146546,0.3045113697146546,0.24592021077946669,0,highway_0,1,321.25988690667714,645.2598869066771,,6.519204874263718
13.2,ego_0,648.0039056812119,-8.0,27.44018774534717,94.1545101603698,llm_1,0.30201851903975635,0.30201851903975635,0.30201851903975635,0.30201851903975635,0.23749055254448592,0,highway_0,1,324.0039056812119,648.0039056812119,,6.495455819009269
13.3,ego_0,650.7502177405865,-8.0,27.463120593746453,94.80176245743075,llm_1,0.29960479105200577,0.29960479105200577,0.29960479105200577,0.29960479105200577,0.22932848399282335,0,highway_0,1,326.75021774058655,650.7502177405865,,6.472522970609987
13.4,ego_0,653.4987440699342,-8.0,27.485263293476585,95.44680048451869,llm_1,0.29726811292516125,0.29726811292516125,0.29726811292516125,0.29726811292516125,0.22142699730132165,0,highway_0,1,329.4987440699342,653.4987440699342,,6.4503802708798545
13.5,ego_0,656.2494081909219,-8.0,27.506641209877092,96.08970071996657,llm_1,0.295006435391428,0.295006435391428,0.295006435391428,0.295006435391428,0.2137791640050679,0,highway_0,1,332.24940819092194,656.2494081909219,,6.429002354479348
13.6,ego_0,659.0021360933325,-8.0,27.527279024105756,96.73053717399159,llm_1,0.2928177348884933,0.2928177348884933,0.2928177348884933,0.2928177348884933,0.20637814228663842,0,highway_0,1,335.0021360933325,659.0021360933325,,6.408364540250684
13.7,ego_0,661.7568561675782,-8.0,27.547200742457047,97.36938145618149,llm_1,0.2907000154847139,0.2907000154847139,0.2907000154847139,0.2907000154847139,0.19921718351291418,0,highway_0,1,337.75685616757823,661.7568561675782,,6.3884428218993925
13.8,ego_0,664.5134991382046,-8.0,27.56642970626306,98.00630284199076,llm_1,0.28865131059436444,0.28865131059436444,0.28865131059436444,0.28865131059436444,0.19228963806014576,0,highway_0,1,340.51349913820457,664.5134991382046,,6.369213858093378
13.9,ego_0,667.2719979984355,-8.0,27.58498860230967,98.64136833819543,llm_1,0.2866696844946605,0.2866696844946605,0.2866696844946605,0.2866696844946605,0.18558896046609874,0,highway_0,1,343.2719979984355,667.2719979984355,,6.350654962046768
14.0,ego_0,670.0322879458059,-8.0,27.60289947370465,99.2746427472606,llm_1,0.2847532336560493,0.2847532336560493,0.2847532336560493,0.2847532336560493,0.17910871394978045,0,highway_0,1,346.03228794580593,670.0322879458059,,6.33274409065179
14.1,ego_0,672.7943063189198,-8.0,27.620183731138155,99.90618873058236,llm_1,0.282900087896979,0.282900087896979,0.282900087896979,0.282900087896979,0.172842574335057,0,highway_0,1,348.7943063189198,672.7943063189198,,6.315459833218284
14.2,ego_0,675.5579925353678,-8.0,27.63686216447984,100.53606687056993,llm_1,0.2811084113740624,0.2811084113740624,0.2811084113740624,0.2811084113740624,0.1667843334168495,0,highway_0,1,351.5579925353678,675.5579925353678,,6.298781399876599
14.3,ego_0,678.3232880308339,-8.0,27.6529549546603,101.1643357315395,llm_1,0.2793764034182168,0.2793764034182168,0.2793764034182168,0.2793764034182168,0.16092790180458394,0,highway_0,1,354.32328803083385,678.3232880308339,,6.282688609696141
14.4,ego_0,681.0901361994127,-8.0,27.668481685788127,101.7910519193963,llm_1,0.27770229922700934,0.27770229922700934,0.27770229922700934,0.27770229922700934,0.15526731127827986,0,highway_0,1,357.09013619941265,681.0901361994127,,6.267161878568313
14.5,ego_0,683.8584823351583,-8.0,27.683461357457162,102.41627014008623,llm_1,0.27608437042307066,0.27608437042307066,0.27608437042307066,0.27608437042307066,0.14979671669035355,0,highway_0,1,359.8584823351583,683.8584823351583,,6.252182206899278
14.6,ego_0,686.6282735748784,-8.0,27.69791239720172,103.04004325680171,llm_1,0.2745209254880569,0.2745209254880569,0.2745209254880569,0.2745209254880569,0.14451039744557193,0,highway_0,1,362.62827357487845,686.6282735748784,,6.23773116715472
14.7,ego_0,689.3994588421846,-8.0,27.711852673060704,103.66242234593119,llm_1,0.2730103100812455,0.2730103100812455,0.2730103100812455,0.2730103100812455,0.13940275858985274,0,highway_0,1,365.3994588421846,689.3994588421846,,6.223790891295735
14.8,ego_0,692.171988792806,-8.0,27.72529950621442,104.28345675174535,llm_1,0.2715509072514595,0.2715509072514595,0.2715509072514595,0.2715509072514595,0.13446833153714977,0,highway_0,1,368.171988792806,692.171988792806,,6.21034405814202
14.9,ego_0,694.9458157611721,-8.0,27.73826968366072,104.9031941398149,llm_1,0.27014113755062075,0.27014113755062075,0.27014113755062075,0.27014113755062075,0.12970177446302245,0,highway_0,1,370.94581576117207,694.9458157611721,,6.197373880695718
15.0,ego_0,697.7208937082621,-8.0,27.750779470899868,105.52168054916046,llm_1,0.2687794590568235,0.2687794590568235,0.2687794590568235,0.2687794590568235,0.1250978723914642,0,highway_0,1,373.7208937082621,697.7208937082621,,6.1848640934565715
15.1,ego_0,700.4971781707221,-8.0,27.762844624599857,106.13896044313606,llm_1,0.26746436731443124,0.26746436731443124,0.26746436731443124,0.26746436731443124,0.12065153699989395,0,highway_0,1,376.4971781707221,700.4971781707221,,6.172798939756582
15.2,ego_0,703.2746262112438,-8.0,27.77448040521663,106.75507675904998,llm_1,0.2661943951983194,0.2661943951983194,0.2661943951983194,0.2661943951983194,0.11635780616771285,0,highway_0,1,379.2746262112438,703.2746262112438,,6.161163159139811
15.3,ego_0,706.0531963701984,-8.0,27.78570158954559,107.37007095653098,llm_1,0.2649681127089849,0.2649681127089849,0.2649681127089849,0.2649681127089849,0.11221184328960021,0,highway_0,1,382.0531963701984,706.0531963701984,,6.149941974810851
15.4,ego_0,708.8328486185168,-8.0,27.79652248318324,107.98398306464821,llm_1,0.26378412670488577,0.26378412670488577,0.26378412670488577,0.26378412670488577,0.10820893637649931,0,highway_0,1,384.8328486185168,708.8328486185168,,6.139121081173201
15.5,ego_0,711.6135443118047,-8.0,27.806956932879633,108.59685172779587,llm_1,0.2626410805779959,0.2626410805779959,0.2626410805779959,0.2626410805779959,0.10434449696393955,0,highway_0,1,387.61354431180473,711.6135443118047,,6.128686631476807
15.6,ego_0,714.3952461456812,-8.01,27.81701833876429,109.208714250355,llm_1,0.2615376538782171,0.2615376538782171,0.2615376538782171,0.2615376538782171,0.10061405884655983,0,highway_0,1,390.3952461456812,714.3952461456812,,6.118625225592151
15.7,ego_0,717.1779181123242,-8.03,27.826719666430048,109.81960664014764,llm_1,0.26047256189193374,0.26047256189193374,0.26047256189193374,0.26047256189193374,0.09701327665759152,0,highway_0,1,393.17791811232416,717.1779181123242,,6.108923897926392
15.8,ego_0,719.9615254582103,-8.06,27.83607345886097,110.4295636506971,llm_1,0.25944455517967574,0.25944455517967574,0.25944455517967574,0.25944455517967574,0.09353792430921715,0,highway_0,1,395.9615254582103,719.9615254582103,,6.09957010549547
15.9,ego_0,722.7460346430295,-8.1,27.845091848191974,111.03861882231354,llm_1,0.25845241907752625,0.25845241907752625,0.25845241907752625,0.25845241907752625,0.09018389331004073,0,highway_0,1,398.7460346430295,722.7460346430295,,6.090551716164466
16.0,ego_0,725.5314132997585,-8.15,27.853786567289426,111.64680452202015,llm_1,0.25749497316660963,0.25749497316660963,0.25749497316660963,0.25749497316660963,0.08694719097452008,0,highway_0,1,401.53141329975847,725.5314132997585,,6.081856997067014
16.1,ego_0,728.3176301958728,-8.21,27.86216896114315,112.25415198234145,llm_1,0.25657107071469837,0.25657107071469837,0.25657107071469837,0.25657107071469837,0.08382393853725745,0,highway_0,1,404.31763019587277,728.3176301958728,,6.073474603213288
16.2,ego_0,731.1046551956789,-8.28,27.870249998061734,112.86069133897092,llm_1,0.2556795980936988,0.2556795980936988,0.2556795980936988,0.2556795980936988,0.0808103691858264,0,highway_0,1,407.1046551956789,731.1046551956789,,6.065393566294706
16.3,ego_0,733.8924592237453,-8.36,27.878040280664084,113.46645166734015,llm_1,0.2548194741765048,0.2548194741765048,0.2548194741765048,0.2548194741765048,0.07790282602350374,0,highway_0,1,409.8924592237453,733.8924592237453,,6.057603283692355
16.4,ego_0,736.6810142294114,-8.45,27.885550056661344,114.07146101810963,llm_1,0.253989649716453,0.253989649716453,0.253989649716453,0.253989649716453,0.07509775997259993,0,highway_0,1,412.6810142294114,736.6810142294114,,6.050093507695095
16.5,ego_0,739.4702931523539,-8.55,27.892789229424267,114.67574645160278,llm_1,0.25318910671237876,0.25318910671237876,0.25318910671237876,0.25318910671237876,0.07239172762922408,0,highway_0,1,415.47029315235386,739.4702931523539,,6.042854334932173
16.6,ego_0,742.2620712521058,-8.65,27.917780997519515,115.27753270828646,llm_1,0.25241685776202943,0.25241685776202943,0.25241685776202943,0.25241685776202943,0.24991768095247835,0,highway_0,1,418.2620712521058,742.2620712521058,,6.017862566836925
16.7,ego_0,745.0563220072443,-8.75,27.942507551384697,115.87684630958358,llm_1,0.24973819403831202,0.24973819403831202,0.24973819403831202,0.24973819403831202,0.2472655386518241,0,highway_0,1,421.05632200724426,745.0563220072443,,5.993136012971743
16.8,ego_0,747.8530191072406,-8.85,27.96697099996341,116.47371356602287,llm_1,0.24708083064502687,0.24708083064502687,0.24708083064502687,0.24708083064502687,0.2446344857871452,0,highway_0,1,423.8530191072406,747.8530191072406,,5.968672564393028
16.9,ego_0,750.6521364523494,-8.95,27.991173451087782,117.06816057734966,llm_1,0.24444475635617,0.24444475635617,0.24444475635617,0.24444475635617,0.24202451124370583,0,highway_0,1,426.6521364523494,750.6521364523494,,5.9444701132686575
17.0,ego_0,753.453648153458,-9.05,28.015117011086048,117.66021323267671,llm_1,0.2418299559824943,0.2418299559824943,0.2418299559824943,0.2418299559824943,0.23943559998265584,0,highway_0,1,429.45364815345795,753.453648153458,,5.920526553270392
17.1,ego_0,756.2575285318977,-9.15,28.03880378439813,118.24989721067254,llm_1,0.23923641045205724,0.23923641045205724,0.23923641045205724,0.23923641045205724,0.23686773312082465,0,highway_0,1,432.2575285318977,756.2575285318977,,5.896839779958309
17.2,ego_0,759.0637521192176,-9.25,28.062235873199185,118.83723797978826,llm_1,0.23666409689068246,0.23666409689068246,0.23666409689068246,0.23666409689068246,0.23432088801055073,0,highway_0,1,435.0637521192176,759.0637521192176,,5.873407691157254
17.3,ego_0,761.8722936569208,-9.35,28.085415377031094,119.42226079852071,llm_1,0.2341129887022792,0.2341129887022792,0.2341129887022792,0.2341129887022792,0.23179503831908477,0,highway_0,1,437.87229365692076,761.8722936569208,,5.850228187325346
17.4,ego_0,764.6809667843365,-9.450000000000001,28.086731274157994,120.00715202754054,llm_1,0.23158305564899714,0.23158305564899714,0.23158305564899714,0.23158305564899714,0.013158971269007225,0,highway_0,1,440.68096678433653,764.6809667843365,,5.848912290198445
17.5,ego_0,767.4896399117523,-9.55,28.086731274157994,120.59204325656037,llm_1,0.23144181358538746,0.23144181358538746,0.23144181358538746,0.23144181358538746,0.0,0,highway_0,1,443.4896399117523,767.4896399117523,,5.848912290198445
17.6,ego_0,770.2983130391681,-9.650000000000002,28.086731274157994,1000.0,,0.23144450126628416,0.23144450126628416,0.23144450126628416,0.23144450126628416,0.0,0,highway_0,0,446.2983130391681,770.2983130391681,,-1029.086731274158
17.7,ego_0,773.1069861665839,-9.750000000000002,28.086731274157994,1000.0,,0.23171955825488655,0.23171955825488655,0.23171955825488655,0.23171955825488655,0.0,0,highway_0,0,449.10698616658385,773.1069861665839,,-1029.086731274158
17.8,ego_0,775.9156592939996,-9.850000000000001,28.086731274157994,1000.0,,0.23171955825488655,0.23171955825488655,0.23171955825488655,0.23171955825488655,0.0,0,highway_0,0,451.9156592939996,775.9156592939996,,-1029.086731274158
17.9,ego_0,778.7243324214154,-9.950000000000001,28.086731274157994,1000.0,,0.23171955825488655,0.23171955825488655,0.23171955825488655,0.23171955825488655,0.0,0,highway_0,0,454.7243324214154,778.7243324214154,,-1029.086731274158
18.0,ego_0,781.5330055488312,-10.050000000000002,28.086731274157994,1000.0,,0.23171955825488655,0.23171955825488655,0.23171955825488655,0.23171955825488655,0.0,0,highway_0,0,457.53300554883117,781.5330055488312,,-1029.086731274158
18.1,ego_0,784.3416786762469,-10.150000000000002,28.086731274157994,1000.0,,0.23171955825488655,0.23171955825488655,0.23171955825488655,0.23171955825488655,0.0,0,highway_0,0,460.34167867624694,784.3416786762469,,-1029.086731274158
18.2,ego_0,787.1503518036627,-10.250000000000002,28.086731274157994,1000.0,,0.23171955825488655,0.23171955825488655,0.23171955825488655,0.23171955825488655,0.0,0,highway_0,0,463.1503518036627,787.1503518036627,,-1029.086731274158
18.3,ego_0,789.9590249310785,-10.350000000000001,28.086731274157994,1000.0,,0.23171955825488655,0.23171955825488655,0.23171955825488655,0.23171955825488655,0.0,0,highway_0,0,465.9590249310785,789.9590249310785,,-1029.086731274158
18.4,ego_0,792.7676980584943,-10.450000000000001,28.086731274157994,1000.0,,0.23171955825488655,0.23171955825488655,0.23171955825488655,0.23171955825488655,0.0,0,highway_0,0,468.76769805849426,792.7676980584943,,-1029.086731274158
18.5,ego_0,795.57637118591,-10.550000000000002,28.086731274157994,1000.0,,0.23171955825488655,0.23171955825488655,0.23171955825488655,0.23171955825488655,0.0,0,highway_0,0,471.57637118591003,795.57637118591,,-1029.086731274158
18.6,ego_0,798.3850443133258,-10.650000000000002,28.086731274157994,1000.0,,0.23171955825488655,0.23171955825488655,0.23171955825488655,0.23171955825488655,0.0,0,highway_0,0,474.3850443133258,798.3850443133258,,-1029.086731274158
18.7,ego_0,801.1937174407416,-10.750000000000002,28.086731274157994,1000.0,,0.23171955825488655,0.23171955825488655,0.23171955825488655,0.23171955825488655,0.0,0,highway_0,0,477.1937174407416,801.1937174407416,,-1029.086731274158
18.8,ego_0,804.0023905681574,-10.840000000000002,28.086731274157994,1000.0,,0.23171955825488655,0.23171955825488655,0.23171955825488655,0.23171955825488655,0.0,0,highway_0,0,480.00239056815735,804.0023905681574,,-1029.086731274158
18.9,ego_0,806.8110636955731,-10.920000000000002,28.086731274157994,1000.0,,0.23171955825488655,0.23171955825488655,0.23171955825488655,0.23171955825488655,0.0,0,highway_0,0,482.8110636955731,806.8110636955731,,-1029.086731274158
19.0,ego_0,809.6197368229889,-10.990000000000002,28.086731274157994,1000.0,,0.23171955825488655,0.23171955825488655,0.23171955825488655,0.23171955825488655,0.0,0,highway_0,0,485.6197368229889,809.6197368229889,,-1029.086731274158
19.1,ego_0,812.4284099504047,-11.050000000000002,28.086731274157994,1000.0,,0.23171955825488655,0.23171955825488655,0.23171955825488655,0.23171955825488655,0.0,0,highway_0,0,488.42840995040467,812.4284099504047,,-1029.086731274158
19.2,ego_0,815.2370830778204,-11.100000000000001,28.086731274157994,1000.0,,0.23171955825488655,0.23171955825488655,0.23171955825488655,0.23171955825488655,0.0,0,highway_0,0,491.23708307782044,815.2370830778204,,-1029.086731274158
19.3,ego_0,818.0457562052362,-11.140000000000002,28.086731274157994,1000.0,,0.23171955825488655,0.23171955825488655,0.23171955825488655,0.23171955825488655,0.0,0,highway_0,0,494.0457562052362,818.0457562052362,,-1029.086731274158
19.4,ego_0,820.854429332652,-11.170000000000002,28.086731274157994,1000.0,,0.23171955825488655,0.23171955825488655,0.23171955825488655,0.23171955825488655,0.0,0,highway_0,0,496.854429332652,820.854429332652,,-1029.086731274158
19.5,ego_0,823.6631024600678,-11.190000000000001,28.086731274157994,1000.0,,0.23171955825488655,0.23171955825488655,0.23171955825488655,0.23171955825488655,0.0,0,highway_0,0,499.66310246006776,823.6631024600678,,-1029.086731274158
19.6,ego_0,826.4717755874835,-11.200000000000003,28.086731274157994,1000.0,,0.23171955825488655,0.23171955825488655,0.23171955825488655,0.23171955825488655,0.0,0,highway_0,0,502.47177558748353,826.4717755874835,,-1029.086731274158
19.7,ego_0,829.2804487148993,-11.200000000000003,28.086731274157994,1000.0,,0.23171955825488655,0.23171955825488655,0.23171955825488655,0.23171955825488655,0.0,0,highway_0,0,505.2804487148993,829.2804487148993,,-1029.086731274158
19.8,ego_0,832.0891218423151,-11.200000000000003,28.086731274157994,1000.0,,0.23171955825488655,0.23171955825488655,0.23171955825488655,0.23171955825488655,0.0,0,highway_0,0,508.0891218423151,832.0891218423151,,-1029.086731274158
19.9,ego_0,834.8977949697309,-11.200000000000003,28.086731274157994,1000.0,,0.23171955825488655,0.23171955825488655,0.23171955825488655,0.23171955825488655,0.0,0,highway_0,0,510.89779496973085,834.8977949697309,,-1029.086731274158
20.0,ego_0,837.7064680971466,-11.200000000000003,28.086731274157994,1000.0,,0.23171955825488655,0.23171955825488655,0.23171955825488655,0.23171955825488655,0.0,0,highway_0,0,513.7064680971466,837.7064680971466,,-1029.086731274158
20.1,ego_0,840.5151412245624,-11.200000000000003,28.086731274157994,1000.0,,0.23171955825488655,0.23171955825488655,0.23171955825488655,0.23171955825488655,0.0,0,highway_0,0,516.5151412245624,840.5151412245624,,-1029.086731274158
20.2,ego_0,843.3238143519782,-11.200000000000003,28.086731274157994,1000.0,,0.23171955825488655,0.23171955825488655,0.23171955825488655,0.23171955825488655,0.0,0,highway_0,0,519.3238143519782,843.3238143519782,,-1029.086731274158
20.3,ego_0,846.132487479394,-11.200000000000003,28.086731274157994,145.2026610354535,llm_1,0.23171955825488655,0.23171955825488655,0.23171955825488655,0.23171955825488655,0.0,0,highway_0,0,522.132487479394,846.132487479394,,11.73010040901038
20.4,ego_0,848.9411606068097,-11.200000000000003,28.086731274157994,146.39745325457238,llm_1,0.23152983924896964,0.23152983924896964,0.23152983924896964,0.23152983924896964,0.0,0,highway_0,0,524.9411606068097,848.9411606068097,,11.9479221911886
20.5,ego_0,851.7498337342255,-11.200000000000003,28.086731274157994,147.61402765190905,llm_1,0.23153292331645303,0.23153292331645303,0.23153292331645303,0.23153292331645303,0.0,0,highway_0,0,527.7498337342255,851.7498337342255,,12.16574397336682
20.6,ego_0,854.5584991448887,-11.200000000000003,28.086654106632693,148.85239194421615,llm_1,0.23153598697704098,0.23153598697704098,0.23153598697704098,0.23153598697704098,-0.0007716752530129156,0,highway_0,0,530.5584991448887,854.5584991448887,,12.38364292307034
20.7,ego_0,857.367157254574,-11.200000000000003,28.086581096851905,150.11254571571908,llm_1,0.23154747196470363,0.23154747196470363,0.23154747196470363,0.23154747196470363,-0.0007300978078816911,0,highway_0,0,533.367157254574,857.367157254574,,12.601537715029348
20.8,ego_0,860.1758084626007,-11.200000000000003,28.086512080267713,151.39448856709828,llm_1,0.23155847853486125,0.23155847853486125,0.23155847853486125,0.23155847853486125,-0.0006901658419167234,0,highway_0,0,536.1758084626007,860.1758084626007,,12.81942851379176
20.9,ego_0,862.9844531523852,-11.200000000000003,28.086446897844883,152.6982201149375,llm_1,0.231569023315006,0.231569023315006,0.231569023315006,0.231569023315006,-0.0006518242282993469,0,highway_0,0,538.9844531523852,862.9844531523852,,13.03731547839281
21.0,ego_0,865.7930916919747,-11.200000000000003,28.086385395895505,154.0237399911896,llm_1,0.23157912241767464,0.23157912241767464,0.23157912241767464,0.23157912241767464,-0.000615019493785951,0,highway_0,0,541.7930916919747,865.7930916919747,,13.255198762520408
21.1,ego_0,868.6017244345666,-11.200000000000003,28.086327425918892,155.37104784265705,llm_1,0.23158879145674924,0.23158879145674924,0.23158879145674924,0.23158879145674924,-0.0005796997661278169,0,highway_0,0,544.6017244345666,868.6017244345666,,13.47307851467524
21.2,ego_0,871.4103517190113,-11.200000000000003,28.08627284444651,156.74014333048967,llm_1,0.23159804556303953,0.23159804556303953,0.23159804556303953,0.23159804556303953,-0.0005458147238357469,0,highway_0,0,547.4103517190113,871.4103517190113,,13.690954878325844
21.3,ego_0,874.2189738703004,-11.200000000000003,28.086221512891665,158.10118821817912,llm_1,0.23160689939919238,0.23160689939919238,0.23160689939919238,0.23160689939919238,-0.0005133155484315921,0,highway_0,0,550.2189738703004,874.2189738703004,,13.61044887689481
21.4,ego_0,877.0275911974675,-11.200000000000003,28.086173271670905,159.4543202974926,llm_1,0.23161530678882808,0.23161530678882808,0.23161530678882808,0.23161530678882808,-0.0004824122076030335,0,highway_0,0,553.0275911974675,877.0275911974675,,13.531320793135666
21.5,ego_0,879.8362039943561,-11.200000000000003,28.08612796888628,160.79967423018002,llm_1,0.23162328925943879,0.23162328925943879,0.23162328925943879,0.23162328925943879,-0.00045302784624112746,0,highway_0,0,555.8362039943561,879.8362039943561,,13.453539326874413
21.6,ego_0,882.6448125403499,-11.200000000000003,28.086085459938356,162.1373816435946,llm_1,0.231630867265559,0.231630867265559,0.231630867265559,0.231630867265559,-0.00042508947924346785,0,highway_0,0,558.6448125403499,882.6448125403499,,13.377074134145172
21.7,ego_0,885.453417101066,-11.200000000000003,28.086045607160642,163.4675712225519,llm_1,0.2316380602470753,0.2316380602470753,0.2316380602470753,0.2316380602470753,-0.00039852777714344256,0,highway_0,0,561.453417101066,885.453417101066,,13.301895789571638
21.8,ego_0,888.2620179290134,-11.200000000000003,28.08600827947412,164.79036879760793,llm_1,0.2316448866839122,0.2316448866839122,0.2316448866839122,0.2316448866839122,-0.00037327686520427505,0,highway_0,0,564.2620179290134,888.2620179290134,,13.22797575055968
21.9,ego_0,891.0706152642194,-11.200000000000003,28.085973352060574,166.10589742992784,llm_1,0.23165136414735743,0.23165136414735743,0.23165136414735743,0.23165136414735743,-0.0003492741354804707,0,highway_0,0,567.0706152642194,891.0706152642194,,13.155286323198222
22.0,ego_0,893.8792093348248,-11.200000000000003,28.085940706053552,167.41427749290494,llm_1,0.23165750934827198,0.23165750934827198,0.23165750934827198,0.23165750934827198,-0.00032646007021241985,0,highway_0,0,569.8792093348248,893.8792093348248,,13.083800629772401
22.1,ego_0,896.6878003576494,-11.200000000000003,28.085910228245908,168.7156267506848,llm_1,0.2316633381824037,0.2316633381824037,0.2316633381824037,0.2316633381824037,-0.00030477807644757604,0,highway_0,0,572.6878003576494,896.6878003576494,,13.013492577799113
22.2,ego_0,899.4963885387307,-11.200000000000003,28.08588181081286,170.0100604337348,llm_1,0.23166886577301316,0.23166886577301316,0.23166886577301316,0.23166886577301316,-0.00028417433046712404,0,highway_0,0,575.4963885387307,899.4963885387307,,12.944336830500863
22.3,ego_0,902.3049740738358,-11.200000000000003,28.085855351049688,171.29769131159878,llm_1,0.23167410651099285,0.23167410651099285,0.23167410651099285,0.23167410651099285,-0.0002645976317339205,0,highway_0,0,578.3049740738356,902.3049740738356,,12.876308778639135
22.4,ego_0,905.1135571489478,-11.200000000000003,28.085830751123144,172.57862976296212,llm_1,0.2316790740926559,0.2316790740926559,0.2316790740926559,0.2316790740926559,-0.00024599926543800166,0,highway_0,0,581.113557148948,905.113557148948,,12.809384513633429
22.5,ego_0,907.9221379407315,-11.200000000000003,28.085807917835826,173.85298384315183,llm_1,0.23168378155534872,0.23168378155534872,0.23168378155534872,0.23168378155534872,-0.0002283328731778056,0,highway_0,0,583.9221379407315,907.9221379407315,,12.743540801896796
22.6,ego_0,910.7307166169717,-11.200000000000003,28.085786762402694,175.12085934918412,llm_1,0.23168824131103502,0.23168824131103502,0.23168824131103502,0.23168824131103502,-0.0002115543313152557,0,highway_0,0,586.7307166169718,910.7307166169718,,12.678755060322931
22.7,ego_0,913.5392933369957,-11.200000000000003,28.085767200239108,176.3823598824705,llm_1,0.23169246517798298,0.23169246517798298,0.23169246517798298,0.23169246517798298,-0.00019562163586783754,0,highway_0,0,589.5392933369957,913.5392933369957,,12.615005332863813
22.8,ego_0,916.3478682520716,-11.200000000000003,28.08574915075964,177.63758690928455,llm_1,0.23169646441067684,0.23169646441067684,0.23169646441067684,0.23169646441067684,-0.00018049479468373875,0,highway_0,0,592.3478682520716,916.3478682520716,,12.552270268140731
22.9,ego_0,919.1564415057903,-11.200000000000003,28.085732537187123,178.88663981908803,llm_1,0.23170024972807488,0.23170024972807488,0.23170024972807488,0.23170024972807488,-0.00016613572515922215,0,highway_0,0,595.1564415057903,919.1564415057903,,12.490529098034866
23.0,ego_0,921.9650132344276,-11.200000000000003,28.085717286371334,180.1296159808087,llm_1,0.23170383134030664,0.23170383134030664,0.23170383134030664,0.23170383134030664,-0.00015250815788903083,0,highway_0,0,597.9650132344275,921.9650132344275,,12.429761617206779
23.1,ego_0,924.7735835672892,-11.200000000000003,28.085703328616756,181.3666107971584,llm_1,0.23170721897392121,0.23170721897392121,0.23170721897392121,0.23170721897392121,-0.0001395775457879722,0,highway_0,0,600.7735835672892,924.7735835672892,,12.369948163497408
23.2,ego_0,927.5821526270411,-11.200000000000003,28.085690597518955,182.59771775707486,llm_1,0.23171042189576257,0.23171042189576257,0.23171042189576257,0.23171042189576257,-0.00012731097800866564,0,highway_0,0,603.5821526270411,927.5821526270411,,12.31106959916562
23.3,ego_0,930.3907205300221,-11.200000000000003,28.08567902980909,183.82302848636687,llm_1,0.23171344893556803,0.23171344893556803,0.23171344893556803,0.23171344893556803,-0.00011567709865545339,0,highway_0,0,606.390720530022,930.390720530022,,12.253107292920223
23.4,ego_0,933.1992873865427,-11.200000000000003,28.085668565206078,185.04263279663746,llm_1,0.23171630850735928,0.23171630850735928,0.23171630850735928,0.23171630850735928,-0.00010464603011683948,0,highway_0,0,609.1992873865427,933.1992873865427,,12.196043102706824
23.5,ego_0,936.0078533011701,-11.200000000000003,28.085659146276072,186.25661873255865,llm_1,0.23171900862970285,0.23171900862970285,0.23171900862970285,0.23171900862970285,-9.418930005722359e-05,0,highway_0,0,612.0078533011703,936.0078533011703,,12.139859359211911
23.6,ego_0,938.8164183730001,-11.200000000000003,28.085650718298798,187.46507261756358,llm_1,0.23172155694490598,0.23172155694490598,0.23172155694490598,0.23172155694490598,-8.427977274294562e-05,0,highway_0,0,614.8164183730001,938.8164183730001,,12.084538850048997
23.7,ego_0,941.6249826959141,-11.200000000000003,28.085643229140405,188.66807909802287,llm_1,0.23172396073720883,0.23172396073720883,0.23172396073720883,0.23172396073720883,-7.4891583921044e-05,0,highway_0,0,617.6249826959142,941.6249826959142,,12.030064804593497
23.8,ego_0,944.4335463588275,-11.200000000000003,28.085636629132523,189.86572118596632,llm_1,0.23172622695003733,0.23172622695003733,0.23172622695003733,0.23172622695003733,-6.600007882440195e-05,0,highway_0,0,620.4335463588275,944.4335463588275,,11.976420879434869
23.9,ego_0,947.2421094459232,-11.200000000000003,28.085630870957125,191.05808030040794,llm_1,0.23172836220236065,0.23172836220236065,0.23172836220236065,0.23172836220236065,-5.7581753978297456e-05,0,highway_0,0,623.2421094459232,947.2421094459232,,11.923591144416399
24.0,ego_0,950.0506720368769,-11.200000000000003,28.08562590953699,192.24523630733142,llm_1,0.23173037280421735,0.23173037280421735,0.23173037280421735,0.23173037280421735,-4.9614201351744214e-05,0,highway_0,0,626.0506720368769,950.0506720368769,,11.871560069234523
24.1,ego_0,952.8592342070701,-11.200000000000003,28.085621701931377,193.4272675583885,llm_1,0.23173226477144637,0.23173226477144637,0.23173226477144637,0.23173226477144637,-4.207605613260057e-05,0,highway_0,0,628.85923420707,952.85923420707,,11.82031251057126
24.2,ego_0,955.6677960277937,-11.200000000000003,28.085618207236735,194.60425092836203,llm_1,0.23173404383967497,0.23173404383967497,0.23173404383967497,0.23173404383967497,-3.494694642114382e-05,0,highway_0,0,631.6677960277937,955.6677960277937,,11.769833699734619
24.3,ego_0,958.4763575664429,-11.200000000000003,28.08561538649211,195.7762618514405,llm_1,0.23173571547759889,0.23173571547759889,0.23173571547759889,0.23173571547759889,-2.820744626319538e-05,0,highway_0,0,634.4763575664429,958.4763575664429,,11.720109230783372
24.4,ego_0,961.2849188867017,-11.200000000000003,28.085613202589077,196.9433743563519,llm_1,0.23173728489960066,0.23173728489960066,0.23173728489960066,0.23173728489960066,-2.1839030317494235e-05,0,highway_0,0,637.2849188867018,961.2849188867018,,11.671125049113709
24.5,ego_0,964.0934800487204,-11.200000000000003,28.08561162018593,198.10566110040065,llm_1,0.23173875707773756,0.23173875707773756,0.23173875707773756,0.23173875707773756,-1.5824031471822764e-05,0,highway_0,0,640.0934800487204,964.0934800487204,,11.622867440486516
24.6,ego_0,966.902041109283,-11.200000000000003,28.08561060562592,199.2631934024481,llm_1,0.23174013675313487,0.23174013675313487,0.23174013675313487,0.23174013675313487,-1.0145600093380835e-05,0,highway_0,0,642.902041109283,966.902041109283,,11.575323020475242
24.7,ego_0,969.7106021219689,-11.200000000000003,28.085610126859365,200.4160412748796,llm_1,0.23174142844681578,0.23174142844681578,0.23174142844681578,0.23174142844681578,-4.787665552896669e-06,0,highway_0,0,645.7106021219689,969.7106021219689,,11.528478724315242
24.8,ego_0,972.5191631373059,-11.200000000000003,28.085610153369394,201.56427345459315,llm_1,0.23174263647000065,0.23174263647000065,0.23174263647000065,0.23174263647000065,2.6510029726978246e-07,0,highway_0,0,648.5191631373059,972.5191631373059,,11.482321797136564
24.9,ego_0,975.3277242029159,-11.200000000000003,28.0856106561012,202.7079574330494,llm_1,0.23174376493390347,0.23174376493390347,0.23174376493390347,0.23174376493390347,5.027318046302298e-06,0,highway_0,0,651.327724202916,975.327724202916,,11.436839784563038
25.0,ego_0,978.1362853636554,-11.200000000000003,28.085611607394565,203.84715948541555,llm_1,0.23174481775904585,0.23174481775904585,0.23174481775904585,0.23174481775904585,9.512933658584188e-06,0,highway_0,0,654.1362853636555,978.1362853636555,,11.392020523661468
25.1,ego_0,980.9448466617474,-11.200000000000003,28.08561298091958,204.981944698838,llm_1,0.23174579868412742,0.23174579868412742,0.23174579868412742,0.23174579868412742,1.3735250163904311e-05,0,highway_0,0,656.9448466617474,980.9448466617474,,11.347852134225402
25.2,ego_0,983.753408136909,-11.200000000000003,28.08561475161531,206.11237699987578,llm_1,0.23174671127445798,0.23174671127445798,0.23174671127445798,0.23174671127445798,1.7706957287089153e-05,0,highway_0,0,659.753408136909,983.753408136909,,11.304323010379008
25.3,ego_0,986.561969826472,-11.200000000000003,28.085616895631333,207.2385191811244,llm_1,0.23174755892999266,0.23174755892999266,0.23174755892999266,0.23174755892999266,2.144016022498363e-05,0,highway_0,0,662.5619698264721,986.5619698264721,,11.261421812487015
25.4,ego_0,989.3705317654994,-11.200000000000003,28.08561939027199,208.36043292706006,llm_1,0.23174834489297552,0.23174834489297552,0.23174834489297552,0.23174834489297552,2.4946406576020763e-05,0,highway_0,0,665.3705317654993,989.3705317654993,,11.219137459357608
25.5,ego_0,992.1790939868937,-11.200000000000003,28.085622213943193,209.4781788391325,llm_1,0.23174907225521926,0.23174907225521926,0.23174907225521926,0.23174907225521926,2.8236712026341593e-05,0,highway_0,0,668.1790939868937,992.1790939868937,,11.177459120725675
25.6,ego_0,994.9876565215037,-11.200000000000003,28.085625346101715,210.59181646013303,llm_1,0.23174974396504094,0.23174974396504094,0.23174974396504094,0.23174974396504094,3.1321585218790915e-05,0,highway_0,0,670.9876565215038,994.9876565215038,,11.136376210004507
25.7,ego_0,997.7962193982244,-11.200000000000003,28.085628767206792,211.7014042978625,llm_1,0.23175036283386458,0.23175036283386458,0.23175036283386458,0.23175036283386458,3.421105077450193e-05,0,highway_0,0,673.7962193982245,997.7962193982245,,11.095878377294632
25.8,ego_0,1000.604782644092,-11.200000000000003,28.08563245867397,212.80699984812634,llm_1,0.23175093154251405,0.23175093154251405,0.23175093154251405,0.23175093154251405,3.6914671781573816e-05,0,highway_0,0,676.6047826440919,1000.6047826440919,,11.055955502638923
25.9,ego_0,1003.413346284375,-11.200000000000003,28.08563640283107,213.90865961707777,llm_1,0.231751452647207,0.231751452647207,0.231751452647207,0.231751452647207,3.944157100477241e-05,0,highway_0,0,679.4133462843749,1003.4133462843749,,11.01659768951378
26.0,ego_0,1006.2219103426625,-11.200000000000003,28.08564058287616,215.00643914293232,llm_1,0.23175192858526805,0.23175192858526805,0.23175192858526805,0.23175192858526805,4.1800450887308216e-05,0,highway_0,0,682.2219103426626,1006.2219103426626,,10.977795258546578
26.1,ego_0,1009.0304748409465,-11.200000000000003,28.085644982837458,216.1003930170774,llm_1,0.23175236168057423,0.23175236168057423,0.23175236168057423,0.23175236168057423,4.39996129841802e-05,0,highway_0,0,685.0304748409463,1009.0304748409463,,10.939538741450065
26.2,ego_0,1011.8390397996998,-11.200000000000003,28.08564958753508,217.19057490459375,llm_1,0.23175275414874438,0.23175275414874438,0.23175275414874438,0.23175275414874438,4.604697622312415e-05,0,highway_0,0,687.8390397996999,1011.8390397996999,,10.901818875164864
26.3,ego_0,1014.6476052379544,-11.200000000000003,28.085654382544526,218.27703756421374,llm_1,0.23175310810208755,0.23175310810208755,0.23175310810208755,0.23175310810208755,4.795009445501819e-05,0,highway_0,0,690.6476052379544,1014.6476052379544,,10.86462659620161
26.4,ego_0,1017.4561711733705,-11.200000000000003,28.085659354161823,219.35983286773114,llm_1,0.2317534255543203,0.2317534255543203,0.2317534255543203,0.2317534255543203,4.971617297400144e-05,0,highway_0,0,693.4561711733705,1017.4561711733705,,10.82795303517469
26.5,ego_0,1020.2647376223075,-11.200000000000003,28.085664489370274,220.43901181888316,llm_1,0.23175370842506554,0.23175370842506554,0.23175370842506554,0.23175370842506554,5.1352084504685536e-05,0,highway_0,0,696.2647376223075,1020.2647376223075,,10.791789511519873
26.6,ego_0,1023.0733045998884,-11.200000000000003,28.085669775808707,221.51462457172192,llm_1,0.23175395854414282,0.23175395854414282,0.23175395854414282,0.23175395854414282,5.286438433671492e-05,0,highway_0,0,699.0733045998884,1023.0733045998884,,10.756127528388522
26.7,ego_0,1025.8818721200626,-11.200000000000003,28.085675201741186,222.586720448493,llm_1,0.23175417765565923,0.23175417765565923,0.23175417765565923,0.23175417765565923,5.42593247843115e-05,0,highway_0,0,701.8818721200626,1025.8818721200626,,10.720958767711405
26.8,ego_0,1028.6904401956654,-11.200000000000003,28.08568075602807,223.65534795703547,llm_1,0.2317543674219131,0.2317543674219131,0.2317543674219131,0.2317543674219131,5.554286882869519e-05,0,highway_0,0,704.6904401956654,1028.6904401956654,,10.686275085425422
26.9,ego_0,1031.4990088384752,-11.200000000000003,28.085686428098413,224.7205548077211,llm_1,0.2317545294271183,0.2317545294271183,0.2317545294271183,0.2317545294271183,5.672070344076019e-05,0,highway_0,0,707.4990088384752,1031.4990088384752,,10.652068506856892
27.0,ego_0,1034.3075780592676,-11.200000000000003,28.085692207923607,225.7823879299467,llm_1,0.23175466518095528,0.23175466518095528,0.23175466518095528,0.23175466518095528,5.77982519445186e-05,0,highway_0,0,710.3075780592676,1034.3075780592676,,10.618331222255328
27.1,ego_0,1037.1161478678669,-11.200000000000003,28.08569808599221,226.84089348819384,llm_1,0.23175477612196035,0.23175477612196035,0.23175477612196035,0.23175477612196035,5.8780686025272644e-05,0,highway_0,0,713.1161478678669,1037.1161478678669,,10.585055582471806
27.2,ego_0,1039.9247182731954,-11.200000000000003,28.085704053285934,227.89611689767162,llm_1,0.23175486362076197,0.23175486362076197,0.23175486362076197,0.23175486362076197,5.967293724040701e-05,0,highway_0,0,715.9247182731954,1039.9247182731954,,10.552234094776548
27.3,ego_0,1042.733289283321,-11.200000000000003,28.0857101012567,228.94810283955258,llm_1,0.23175492898316466,0.23175492898316466,0.23175492898316466,0.23175492898316466,6.047970767752986e-05,0,highway_0,0,718.733289283321,1042.733289283321,,10.519859418810228
27.4,ego_0,1045.5418609055016,-11.200000000000003,28.085716221804756,229.99689527581882,llm_1,0.23175497345309612,0.23175497345309612,0.23175497345309612,0.23175497345309612,6.120548054155961e-05,0,highway_0,0,721.5418609055016,1045.5418609055016,,10.487924362664042
27.5,ego_0,1048.3504331462275,-11.200000000000003,28.085722407257748,231.04253746372706,llm_1,0.23175499821541867,0.23175499821541867,0.23175499821541867,0.23175499821541867,6.185452992468754e-05,0,highway_0,0,724.3504331462275,1048.3504331462275,,10.456421879083699
27.6,ego_0,1051.1590060112626,-11.200000000000003,28.085728650350784,232.08507196990627,llm_1,0.23175500439861307,0.23175500439861307,0.23175500439861307,0.23175500439861307,6.24309303631776e-05,0,highway_0,0,727.1590060112626,1051.1590060112626,,10.425345061792601
27.7,ego_0,1053.9675795056833,-11.200000000000003,28.085734944207367,233.12454068409943,llm_1,0.2317549930773395,0.2317549930773395,0.2317549930773395,0.2317549930773395,6.293856582573198e-05,0,highway_0,0,729.9675795056833,1053.9675795056833,,10.394687141929857
27.8,ego_0,1056.7761536339153,-11.200000000000003,28.085741282321194,234.16098483255928,llm_1,0.2317549652748829,0.2317549652748829,0.2317549652748829,0.2317549652748829,6.338113827553116e-05,0,highway_0,0,732.7761536339153,1056.7761536339153,,10.364441484598863
27.9,ego_0,1059.5847283997691,-11.200000000000003,28.085747658538786,235.1944449911116,llm_1,0.2317549219654887,0.2317549219654887,0.2317549219654887,0.2317549219654887,6.376217591252953e-05,0,highway_0,0,735.5847283997691,1059.5847283997691,,10.334601585522364
28.0,ego_0,1062.3933038064733,-11.200000000000003,28.085754067042902,236.22496109789176,llm_1,0.231754864076592,0.231754864076592,0.231754864076592,0.231754864076592,6.408504116706126e-05,0,highway_0,0,738.3933038064733,1062.3933038064733,,10.305161067800096
28.1,ego_0,1065.201879856707,-11.200000000000003,28.085760502336697,237.25257246576848,llm_1,0.23175479249094424,0.23175479249094424,0.23175479249094424,0.23175479249094424,6.435293794737618e-05,0,highway_0,0,741.2018798567069,1065.201879856707,,10.276113678765363
28.2,ego_0,1068.0104565526299,-11.200000000000003,28.0857669592286,238.27731779446208,llm_1,0.23175470804864767,0.23175470804864767,0.23175470804864767,0.23175470804864767,6.456891902928419e-05,0,highway_0,0,744.0104565526299,1068.0104565526299,,10.247453286936796
28.3,ego_0,1070.8190338959116,-11.200000000000003,28.085773432817874,239.29923518236842,llm_1,0.2317546115490939,0.2317546115490939,0.2317546115490939,0.2317546115490939,6.473589273525704e-05,0,highway_0,0,746.8190338959116,1070.8190338959116,,10.219173879062083
28.4,ego_0,1073.6276118877597,-11.200000000000003,28.085779918480824,240.31836213809333,llm_1,0.2317545037528194,0.2317545037528194,0.2317545037528194,0.2317545037528194,6.485662950694859e-05,0,highway_0,0,749.6276118877597,1073.6276118877597,,10.191269557250209
28.5,ego_0,1076.4361905289454,-11.200000000000003,28.08578641185765,241.3347355917124,llm_1,0.23175438538327245,0.23175438538327245,0.23175438538327245,0.23175438538327245,6.493376826455233e-05,0,highway_0,0,752.4361905289454,1076.4361905289454,,10.163734536189192
28.6,ego_0,1079.2447698198293,-11.200000000000003,28.08579290883986,242.34839190575713,llm_1,0.23175425712850545,0.23175425712850545,0.23175425712850545,0.23175425712850545,6.496982209114321e-05,0,highway_0,0,755.2447698198293,1079.2447698198293,,10.136563140446196
28.7,ego_0,1082.0533497603851,-11.200000000000003,28.085799405558276,243.35936688594188,llm_1,0.23175411964278814,0.23175411964278814,0.23175411964278814,0.23175411964278814,6.496718416570957e-05,0,highway_0,0,758.0533497603851,1082.0533497603851,,10.10974980184718
28.8,ego_0,1084.8619303502223,-11.200000000000003,28.085805898371582,244.36769579163524,llm_1,0.2317539735481492,0.2317539735481492,0.2317539735481492,0.2317539735481492,6.492813305669642e-05,0,highway_0,0,760.8619303502223,1084.8619303502223,,10.083289056933303
28.9,ego_0,1087.670511588608,-11.200000000000003,28.08581238385538,245.37341334608436,llm_1,0.23175381943584952,0.23175381943584952,0.23175381943584952,0.23175381943584952,6.485483798002178e-05,0,highway_0,0,763.670511588608,1087.670511588608,,10.057175544491376
29.0,ego_0,1090.4790934744872,-11.200000000000003,28.08581885879175,246.37655374639985,llm_1,0.23175365786778676,0.23175365786778676,0.23175365786778676,0.23175365786778676,6.47493637018215e-05,0,highway_0,0,766.4790934744872,1090.4790934744872,,10.031404003155881
29.1,ego_0,1093.287676006503,-11.200000000000003,28.085825320159277,247.37715067330782,llm_1,0.23175348937784132,0.23175348937784132,0.23175348937784132,0.23175348937784132,6.461367526355843e-05,0,highway_0,0,769.287676006503,1093.287676006503,,10.005969269080015
29.2,ego_0,1096.0962591830155,-11.200000000000003,28.085831765123533,248.37523730067505,llm_1,0.2317533144731578,0.2317533144731578,0.2317533144731578,0.2317533144731578,6.444964256502317e-05,0,highway_0,0,772.0962591830155,1096.0962591830155,,9.980866273673431
29.3,ego_0,1098.9048430021182,-11.200000000000003,28.085838191028,249.3708463048156,llm_1,0.23175313363537015,0.23175313363537015,0.23175313363537015,0.23175313363537015,6.425904466311749e-05,0,highway_0,0,774.9048430021182,1098.9048430021182,,9.956090041404448
29.4,ego_0,1101.7134274616567,-11.200000000000003,28.08584459538538,250.36400987358206,llm_1,0.2317529473217748,0.2317529473217748,0.2317529473217748,0.2317529473217748,6.404357382194803e-05,0,highway_0,0,777.7134274616567,1101.7134274616567,,9.931635687664475
29.5,ego_0,1104.5220125592436,-11.200000000000003,28.085850975869338,251.35475971525125,llm_1,0.23175275596644634,0.23175275596644634,0.23175275596644634,0.23175275596644634,6.380483956291982e-05,0,highway_0,0,780.5220125592436,1104.5220125592436,,9.90749841669265
29.6,ego_0,1107.3305982922743,-11.200000000000003,28.085857330306577,252.3431270672072,llm_1,0.23175255998130706,0.23175255998130706,0.23175255998130706,0.23175255998130706,6.35443723950857e-05,0,highway_0,0,783.3305982922743,1107.3305982922743,,9.883673519558588
29.7,ego_0,1110.1391846579413,-11.200000000000003,28.08586365666931,253.32914270442734,llm_1,0.23175235975714792,0.23175235975714792,0.23175235975714792,0.23175235975714792,6.326362733233282e-05,0,highway_0,0,786.1391846579413,1110.1391846579413,,9.860156372201352
29.8,ego_0,1112.947771653248,-11.200000000000003,28.085869953068052,254.31283694777972,llm_1,0.2317521556646025,0.2317521556646025,0.2317521556646025,0.2317521556646025,6.296398741056919e-05,0,highway_0,0,788.9477716532481,1112.947771653248,,9.836942433522825
29.9,ego_0,1115.7563592750225,-11.200000000000003,28.085876217744747,255.29423967213302,llm_1,0.23175194805507965,0.23175194805507965,0.23175194805507965,0.23175194805507965,6.264676695622029e-05,0,highway_0,0,791.7563592750225,1115.7563592750225,,9.81402724353358
30.0,ego_0,1118.564947519929,-11.200000000000003,28.085882449066226,256.27338031428803,llm_1,0.23175173726165116,0.23175173726165116,0.23175173726165116,0.23175173726165116,6.231321478367136e-05,0,highway_0,0,794.5649475199291,1118.564947519929,,9.79140642154966
30.1,ego_0,1121.373536384481,-11.200000000000003,28.085888645517933,257.2502878807318,llm_1,0.2317515235999033,0.2317515235999033,0.2317515235999033,0.2317515235999033,6.196451707296546e-05,0,highway_0,0,797.373536384481,1121.373536384481,,9.769075664438517
30.2,ego_0,1124.1821258650507,-11.200000000000003,28.085894805697954,258.2249909552231,llm_1,0.23175130736874788,0.23175130736874788,0.23175130736874788,0.23175130736874788,6.160180021197448e-05,0,highway_0,0,800.1821258650507,1124.1821258650507,,9.747030744912571
30.3,ego_0,1126.9907159578818,-11.200000000000003,28.085900928311336,259.19751770620996,llm_1,0.2317510888511976,0.2317510888511976,0.2317510888511976,0.2317510888511976,6.122613381620567e-05,0,highway_0,0,802.9907159578818,1126.9907159578818,,9.725267509868804
30.4,ego_0,1129.7993066590982,-11.200000000000003,28.085907012164625,260.1678958940872,llm_1,0.23175086831510777,0.23175086831510777,0.23175086831510777,0.23175086831510777,6.083853289595709e-05,0,highway_0,0,805.7993066590982,1129.7993066590982,,9.703781878772986
30.5,ego_0,1132.6078979647143,-11.200000000000003,28.085913056160706,261.1361528782959,llm_1,0.23175064601388276,0.23175064601388276,0.23175064601388276,0.23175064601388276,6.043996080506986e-05,0,highway_0,0,808.6078979647143,1132.6078979647143,,9.68256984208702
30.6,ego_0,1135.4164898706438,-11.200000000000003,28.085919059293833,262.1023156242695,llm_1,0.2317504221871532,0.2317504221871532,0.2317504221871532,0.2317504221871532,6.003133126597504e-05,0,highway_0,0,811.4164898706438,1135.4164898706438,,9.661627459738096
30.7,ego_0,1138.2250823727084,-11.200000000000003,28.085925020644922,263.0664107102323,llm_1,0.23175019706142103,0.23175019706142103,0.23175019706142103,0.23175019706142103,5.96135108921203e-05,0,highway_0,0,814.2250823727084,1138.2250823727084,,9.640950859628347
30.8,ego_0,1141.0336754666462,-11.200000000000003,28.085930939377047,264.0284643338505,llm_1,0.23174997085067633,0.23174997085067633,0.23174997085067633,0.23174997085067633,5.918732124854387e-05,0,highway_0,0,817.0336754666462,1141.0336754666462,,9.620536236183693
30.9,ego_0,1143.8422691481194,-11.200000000000003,28.08593681473114,264.9885023187444,llm_1,0.2317497437569868,0.2317497437569868,0.2317497437569868,0.2317497437569868,5.875354094797558e-05,0,highway_0,0,819.8422691481194,1143.8422691481194,,9.60037984894064
31.0,ego_0,1146.6508634127215,-11.200000000000003,28.08594264602191,265.9465501208615,llm_1,0.23174951597106064,0.23174951597106064,0.23174951597106064,0.23174951597106064,5.831290767588371e-05,0,highway_0,0,822.6508634127215,1146.6508634127215,,9.580478021169913
31.1,ego_0,1149.4594582559848,-11.200000000000003,28.085948432633916,266.9026328347152,llm_1,0.2317492876727832,0.2317492876727832,0.2317492876727832,0.2317492876727832,5.7866120073413185e-05,0,highway_0,0,825.4594582559848,1149.4594582559848,,9.560827138535732
31.2,ego_0,1152.2680536733867,-11.200000000000003,28.085954174017864,267.856775199494,llm_1,0.2317490590317311,0.2317490590317311,0.2317490590317311,0.2317490590317311,5.741383947821532e-05,0,highway_0,0,828.2680536733867,1152.2680536733867,,9.541423647789635
31.3,ego_0,1155.0766496603553,-11.200000000000003,28.08595986968705,268.80900160504393,llm_1,0.23174883020766426,0.23174883020766426,0.23174883020766426,0.23174883020766426,5.695669184291319e-05,0,highway_0,0,831.0766496603553,1155.0766496603553,,9.522264055497832
31.4,ego_0,1157.8852462122768,-11.200000000000003,28.085965519213964,269.7593360977239,llm_1,0.23174860135099123,0.23174860135099123,0.23174860135099123,0.23174860135099123,5.649526915618708e-05,0,highway_0,0,833.8852462122768,1157.8852462122768,,9.50334492680102
31.5,ego_0,1160.6938433244995,-11.200000000000003,28.08597112222709,270.7078023861445,llm_1,0.23174837260321812,0.23174837260321812,0.23174837260321812,0.23174837260321812,5.60301312546585e-05,0,highway_0,0,836.6938433244995,1160.6938433244995,,9.484662884205694
31.6,ego_0,1163.5024409923403,-11.200000000000003,28.085976678407807,271.6544238467852,llm_1,0.23174814409737618,0.23174814409737618,0.23174814409737618,0.23174814409737618,5.556180717292136e-05,0,highway_0,0,839.5024409923403,1163.5024409923403,,9.466214606406009
31.7,ego_0,1166.311039211089,-11.200000000000003,28.085982187487474,272.59922352949866,llm_1,0.23174791595842814,0.23174791595842814,0.23174791595842814,0.23174791595842814,5.5090796671208864e-05,0,highway_0,0,842.3110392110891,1166.311039211089,,9.447996827135242
31.8,ego_0,1169.1196379760136,-11.200000000000003,28.085987649244625,273.54222416290327,llm_1,0.23174768830366016,0.23174768830366016,0.23174768830366016,0.23174768830366016,5.461757151437041e-05,0,highway_0,0,845.1196379760136,1169.1196379760136,,9.430006334046066
31.9,ego_0,1171.9282372823639,-11.200000000000003,28.085993063502325,274.48344815966516,llm_1,0.23174746124305187,0.23174746124305187,0.23174746124305187,0.23174746124305187,5.4142576999538505e-05,0,highway_0,0,847.9282372823639,1171.9282372823639,,9.412239967618586
32.0,ego_0,1174.7368371253765,-11.200000000000003,28.085998430125624,275.42291762167474,llm_1,0.23174723487963256,0.23174723487963256,0.23174723487963256,0.23174723487963256,5.366623298641571e-05,0,highway_0,0,850.7368371253765,1174.7368371253765,,9.39469462009556
32.1,ego_0,1177.5454375002785,-11.200000000000003,28.08600374901914,276.360654345119,llm_1,0.23174700930981934,0.23174700930981934,0.23174700930981934,0.23174700930981934,5.318893517625156e-05,0,highway_0,0,853.5454375002785,1177.5454375002785,,9.377367234443817
32.2,ego_0,1180.354038402291,-11.200000000000003,28.086009020124777,277.2966798254529,llm_1,0.23174678462374296,0.23174678462374296,0.23174678462374296,0.23174678462374296,5.2711056355292385e-05,0,highway_0,0,856.354038402291,1180.354038402291,,9.360254803341157
32.3,ego_0,1183.162639826633,-11.200000000000003,28.086014243419516,278.23101526227174,llm_1,0.23174656090555532,0.23174656090555532,0.23174656090555532,0.23174656090555532,5.2232947389541096e-05,0,highway_0,0,859.162639826633,1183.162639826633,,9.343354368188013
32.4,ego_0,1185.9712417685244,-11.200000000000003,28.08601941891335,279.1636815640861,llm_1,0.2317463382337251,0.2317463382337251,0.2317463382337251,0.2317463382337251,5.1754938326098454e-05,0,highway_0,0,861.9712417685244,1185.9712417685244,,9.326663018143169
32.5,ego_0,1188.779844223189,-11.200000000000003,28.086024546647277,280.09469935300444,llm_1,0.23174611668131823,0.23174611668131823,0.23174611668131823,0.23174611668131823,5.127733928134148e-05,0,highway_0,0,864.779844223189,1188.779844223189,,9.310177889182757
32.6,ego_0,1191.588447185858,-11.200000000000003,28.086029626691435,281.02408896932275,llm_1,0.23174589631627027,0.23174589631627027,0.23174589631627027,0.23174589631627027,5.0800441577791844e-05,0,highway_0,0,867.5884471858581,1191.588447185858,,9.293896163181955
32.7,ego_0,1194.3970506517724,-11.200000000000003,28.086034659143287,281.9518704760246,llm_1,0.23174567720163988,0.23174567720163988,0.23174567720163988,0.23174567720163988,5.032451852571285e-05,0,highway_0,0,870.3970506517724,1194.3970506517724,,9.277815067018672
32.8,ego_0,1197.205654616185,-11.200000000000003,28.08603964412593,282.8780636631943,llm_1,0.23174545939585547,0.23174545939585547,0.23174545939585547,0.23174545939585547,4.984982641786928e-05,0,highway_0,0,873.205654616185,1197.205654616185,,9.26193187169861
32.9,ego_0,1200.0142590743637,-11.200000000000003,28.086044581786442,283.80268805234437,llm_1,0.23174524295294743,0.23174524295294743,0.23174524295294743,0.23174524295294743,4.937660513348874e-05,0,highway_0,0,876.0142590743637,1200.0142590743637,,9.246243891501148
33.0,ego_0,1202.8228640215932,-11.200000000000003,28.086049472294366,284.72576290065876,llm_1,0.23174502792277393,0.23174502792277393,0.23174502792277393,0.23174502792277393,4.8905079239602856e-05,0,highway_0,0,878.8228640215932,1202.8228640215932,,9.230748483145344
33.1,ego_0,1205.6314694531773,-11.200000000000003,28.08605431584021,285.64730720515627,llm_1,0.23174481435123134,0.23174481435123134,0.23174481435123134,0.23174481435123134,4.843545845290009e-05,0,highway_0,0,881.6314694531773,1205.6314694531773,,9.215443044975633
33.2,ego_0,1208.4400753644406,-11.200000000000003,28.086059112634075,286.5673397067728,llm_1,0.23174460228045832,0.23174460228045832,0.23174460228045832,0.23174460228045832,4.796793863448556e-05,0,highway_0,0,884.4400753644406,1208.4400753644406,,9.200325016166516
33.3,ego_0,1211.248681750731,-11.200000000000003,28.0860638629043,287.4858788943675,llm_1,0.2317443917490304,0.2317443917490304,0.2317443917490304,0.2317443917490304,4.750270225173381e-05,0,highway_0,0,887.2486817507311,1211.248681750731,,9.185391875945857
33.4,ego_0,1214.0572886074208,-11.200000000000003,28.086068566896216,288.40294300865094,llm_1,0.23174418279214384,0.23174418279214384,0.23174418279214384,0.23174418279214384,4.703991915988581e-05,0,highway_0,0,890.0572886074208,1214.0572886074208,,9.170641142836168
33.5,ego_0,1216.865895929908,-11.200000000000003,28.086073224870944,289.3185500460422,llm_1,0.23174397544179243,0.23174397544179243,0.23174397544179243,0.23174397544179243,4.65797472770646e-05,0,highway_0,0,892.865895929908,1216.865895929908,,9.156070373913415
33.6,ego_0,1219.6745037136184,-11.200000000000003,28.086077837104252,290.23271776245065,llm_1,0.23174376972693553,0.23174376972693553,0.23174376972693553,0.23174376972693553,4.612233308165514e-05,0,highway_0,0,895.6745037136184,1219.6745037136184,,9.141677164082903
33.7,ego_0,1222.483111954007,-11.200000000000003,28.08608240388547,291.1454636769877,llm_1,0.2317435656736593,0.2317435656736593,0.2317435656736593,0.2317435656736593,4.5667812180738565e-05,0,highway_0,0,898.483111954007,1222.483111954007,,9.127459145371702
33.8,ego_0,1225.2917206465586,-11.200000000000003,28.086086925516465,292.05680507561146,llm_1,0.23174336330532908,0.23174336330532908,0.23174336330532908,0.23174336330532908,4.521630994958059e-05,0,highway_0,0,901.2917206465586,1225.2917206465586,,9.113413986237202
33.9,ego_0,1228.1003297867896,-11.200000000000003,28.08609140231067,292.96675901470053,llm_1,0.23174316264273487,0.23174316264273487,0.23174316264273487,0.23174316264273487,4.47679420645386e-05,0,highway_0,0,904.1003297867896,1228.1003297867896,,9.099539390891358
34.0,ego_0,1230.9089393702488,-11.200000000000003,28.086095834592157,293.8753423245646,llm_1,0.23174296370423153,0.23174296370423153,0.23174296370423153,0.23174296370423153,4.4322814858333004e-05,0,highway_0,0,906.9089393702488,1230.9089393702488,,9.08583309864025
34.1,ego_0,1233.7175493925183,-11.200000000000003,28.08610022269475,294.78257161288843,llm_1,0.23174276650587028,0.23174276650587028,0.23174276650587028,0.23174276650587028,4.3881025924008554e-05,0,highway_0,0,909.7175493925183,1233.7175493925183,,9.0722928832384
34.2,ego_0,1236.5261598492145,-11.200000000000003,28.086104566961204,295.688463268114,llm_1,0.23174257106152601,0.23174257106152601,0.23174257106152601,0.23174257106152601,4.344266454126e-05,0,highway_0,0,912.5261598492145,1236.5261598492145,,9.058916552257614
34.3,ego_0,1239.3347707359887,-11.200000000000003,28.08610886774241,296.593033462761,llm_1,0.23174237738301764,0.23174237738301764,0.23174237738301764,0.23174237738301764,4.300781206723059e-05,0,highway_0,0,915.3347707359887,1239.3347707359887,,9.045701946469862
34.4,ego_0,1242.1433820485283,-11.200000000000003,28.086113125396658,297.4962981566855,llm_1,0.23174218548022252,0.23174218548022252,0.23174218548022252,0.23174218548022252,4.257654246941911e-05,0,highway_0,0,918.1433820485283,1242.1433820485283,,9.032646939243875
34.5,ego_0,1244.9519937825573,-11.200000000000003,28.08611734028891,298.3982731002809,llm_1,0.23174199536118575,0.23174199536118575,0.23174199536118575,0.23174199536118575,4.2148922538842726e-05,0,highway_0,0,920.9519937825573,1244.9519937825573,,9.019749435955045
34.6,ego_0,1247.7606059338364,-11.200000000000003,28.086121512790154,299.2989738376218,llm_1,0.23174180703222458,0.23174180703222458,0.23174180703222458,0.23174180703222458,4.172501242294402e-05,0,highway_0,0,923.7606059338364,1247.7606059338364,,9.007007373408332
34.7,ego_0,1250.569218498164,-11.200000000000003,28.08612564327674,300.1984157095492,llm_1,0.23174162049802835,0.23174162049802835,0.23174162049802835,0.23174162049802835,4.130486587428095e-05,0,highway_0,0,926.569218498164,1250.569218498164,,8.994418719273828
34.8,ego_0,1253.377831471377,-11.200000000000003,28.08612973212981,301.09661385670256,llm_1,0.23174143576175224,0.23174143576175224,0.23174143576175224,0.23174143576175224,4.08885306768525e-05,0,highway_0,0,929.377831471377,1253.377831471377,,8.981981471534557
34.9,ego_0,1256.1864448493504,-11.200000000000003,28.086133779734705,301.99358322249736,llm_1,0.231741252825107,0.231741252825107,0.231741252825107,0.231741252825107,4.047604896584289e-05,0,highway_0,0,932.1864448493504,1256.1864448493504,,8.969693657946362
35.0,ego_0,1258.9950586279986,-11.200000000000003,28.086137786480453,302.8893385560482,llm_1,0.2317410716884464,0.2317410716884464,0.2317410716884464,0.2317410716884464,4.0067457476311574e-05,0,highway_0,0,934.9950586279986,1258.9950586279986,,8.957553335509413
35.1,ego_0,1261.8036728032746,-11.200000000000003,28.086141752759236,303.7838944150433,llm_1,0.23174089235084602,0.23174089235084602,0.23174089235084602,0.23174089235084602,3.9662787827410284e-05,0,highway_0,0,937.8036728032746,1261.8036728032746,,8.945558589951109
35.2,ego_0,1264.612287371171,-11.200000000000003,28.08614567896593,304.6772651685653,llm_1,0.2317407148101844,0.2317407148101844,0.2317407148101844,0.2317407148101844,3.926206694870871e-05,0,highway_0,0,940.6122873711711,1264.612287371171,,8.933707535220062
35.3,ego_0,1267.4209023277208,-11.200000000000003,28.08614956549765,305.5694649998645,llm_1,0.23174053906321368,0.23174053906321368,0.23174053906321368,0.23174053906321368,3.886531718677588e-05,0,highway_0,0,943.4209023277208,1267.4209023277208,,8.921998312990915
35.4,ego_0,1270.229517668996,-11.200000000000003,28.086153412753312,306.4605079090825,llm_1,0.23174036510563284,0.23174036510563284,0.23174036510563284,0.23174036510563284,3.847255662492444e-05,0,highway_0,0,946.2295176689961,1270.229517668996,,8.91042909217964
35.5,ego_0,1273.0381333911093,-11.200000000000003,28.086157221133252,307.3504077159296,llm_1,0.2317401929321517,0.2317401929321517,0.2317401929321517,0.2317401929321517,3.808379940295481e-05,0,highway_0,0,949.0381333911093,1273.0381333911093,,8.89899806846913
35.6,ego_0,1275.8467494902131,-11.200000000000003,28.086160991038827,308.23917806231407,llm_1,0.2317400225365569,0.2317400225365569,0.2317400225365569,0.2317400225365569,3.76990557526824e-05,0,highway_0,0,951.8467494902131,1275.8467494902131,,8.887703463844804
35.7,ego_0,1278.6553659625004,-11.200000000000003,28.086164722872073,309.126832414928,llm_1,0.231739853911772,0.231739853911772,0.231739853911772,0.231739853911772,3.7318332459790327e-05,0,highway_0,0,954.6553659625004,1278.6553659625004,,8.876543526139915
35.8,ego_0,1281.4639828042039,-11.200000000000003,28.08616841703536,310.013384067787,llm_1,0.2317396870499135,0.2317396870499135,0.2317396870499135,0.2317396870499135,3.6941632863829454e-05,0,highway_0,0,957.4639828042039,1281.4639828042039,,8.865516528590426
35.9,ego_0,1284.272600011597,-11.200000000000003,28.086172073931085,310.8988461447268,llm_1,0.23173952194234762,0.23173952194234762,0.23173952194234762,0.23173952194234762,3.6568957249016876e-05,0,highway_0,0,960.272600011597,1284.272600011597,,8.854620769399109
36.0,ego_0,1287.081217580993,-11.200000000000003,28.086175693961373,311.7832316018578,llm_1,0.23173935857974023,0.23173935857974023,0.23173935857974023,0.23173935857974023,3.620030287976306e-05,0,highway_0,0,963.0812175809931,1287.081217580993,,8.84385457130871
36.1,ego_0,1289.8898355087458,-11.200000000000003,28.086179277527794,312.6665532299762,llm_1,0.231739196952108,0.231739196952108,0.231739196952108,0.231739196952108,3.583566421383466e-05,0,highway_0,0,965.8898355087458,1289.8898355087458,,8.833216281183926
36.2,ego_0,1292.698453791249,-11.200000000000003,28.08618282503111,313.5488236569363,llm_1,0.23173903704886462,0.23173903704886462,0.23173903704886462,0.23173903704886462,3.54750331510445e-05,0,highway_0,0,968.698453791249,1292.698453791249,,8.822704269601978
36.3,ego_0,1295.507072424936,-11.200000000000003,28.086186336871023,314.43005534998156,llm_1,0.23173887885886474,0.23173887885886474,0.23173887885886474,0.23173887885886474,3.5118399139832945e-05,0,highway_0,0,971.507072424936,1295.507072424936,,8.812316930451551
36.4,ego_0,1298.3156914062806,-11.200000000000003,28.08618981344596,315.3102606180355,llm_1,0.231738722370447,0.231738722370447,0.231738722370447,0.231738722370447,3.476574935490362e-05,0,highway_0,0,974.3156914062806,1298.3156914062806,,8.802052680539969
36.5,ego_0,1301.124310731796,-11.200000000000003,28.086193255152843,316.1894516139562,llm_1,0.23173856757147404,0.23173856757147404,0.23173856757147404,0.23173856757147404,3.441706883933193e-05,0,highway_0,0,977.124310731796,1301.124310731796,,8.79190995920829
36.6,ego_0,1303.9329303980346,-11.200000000000003,28.0861966623869,317.06764033675154,llm_1,0.23173841444936988,0.23173841444936988,0.23173841444936988,0.23173841444936988,3.4072340575619364e-05,0,highway_0,0,979.9329303980346,1303.9329303980346,,8.781887227954261
36.7,ego_0,1306.7415504015887,-11.200000000000003,28.086200035541477,317.94483863375785,llm_1,0.23173826299115666,0.23173826299115666,0.23173826299115666,0.23173826299115666,3.3731545769910554e-05,0,highway_0,0,982.7415504015887,1306.7415504015887,,8.771982970062812
36.8,ego_0,1309.5501707390895,-11.200000000000003,28.086203375007862,318.8210582027823,llm_1,0.2317381131834889,0.2317381131834889,0.2317381131834889,0.2317381131834889,3.33946638519933e-05,0,highway_0,0,985.5501707390895,1309.5501707390895,,8.762195690243999
36.9,ego_0,1312.358791407207,-11.200000000000003,28.08620668117513,319.69631059421,llm_1,0.2317379650126862,0.2317379650126862,0.2317379650126862,0.2317379650126862,3.3061672688461385e-05,0,highway_0,0,988.358791407207,1312.358791407207,,8.752523914278203
37.0,ego_0,1315.1674124026501,-11.200000000000003,28.086209954429986,320.57060721307676,llm_1,0.23173781846476207,0.23173781846476207,0.23173781846476207,0.23173781846476207,3.2732548547187434e-05,0,highway_0,0,991.1674124026501,1315.1674124026501,,8.742966188668358
37.1,ego_0,1317.9760337221658,-11.200000000000003,28.086213195156628,321.4439593211066,llm_1,0.23173767352545624,0.23173767352545624,0.23173767352545624,0.23173767352545624,3.240726641706715e-05,0,highway_0,0,993.9760337221658,1317.9760337221658,,8.733521080299123
37.2,ego_0,1320.7846553625395,-11.200000000000003,28.086216403736625,322.3163780387167,llm_1,0.23173753018025944,0.23173753018025944,0.23173753018025944,0.23173753018025944,3.208579997249217e-05,0,highway_0,0,996.7846553625395,1320.7846553625395,,8.72418717610277
37.3,ego_0,1323.5932773205943,-11.200000000000003,28.086219580548793,323.18787434698993,llm_1,0.23173738841444033,0.23173738841444033,0.23173738841444033,0.23173738841444033,3.176812167993148e-05,0,highway_0,0,999.5932773205943,1323.5932773205943,,8.714963082731643
37.4,ego_0,1326.4018995931913,-11.200000000000003,28.08622272596909,324.0584590896135,llm_1,0.23173724821307115,0.23173724821307115,0.23173724821307115,0.23173724821307115,3.1454202975567114e-05,0,highway_0,0,1002.4018995931913,1326.4018995931913,,8.705847426237053
37.5,ego_0,1329.2105221772283,-11.200000000000003,28.08622584037051,324.9281429747889,llm_1,0.23173710956104915,0.23173710956104915,0.23173710956104915,0.23173710956104915,3.1144014194239844e-05,0,highway_0,0,1005.2105221772283,1329.2105221772283,,8.696838851754471
37.6,ego_0,1332.0191450696407,-11.200000000000003,28.086228924123,325.7969365771082,llm_1,0.2317369724431206,0.2317369724431206,0.2317369724431206,0.2317369724431206,3.0837524889193446e-05,0,highway_0,0,1008.0191450696407,1332.0191450696407,,8.68793602319478
37.7,ego_0,1334.8277682674,-11.200000000000003,28.086231977593364,326.6648503394024,llm_1,0.23173683684389998,0.23173683684389998,0.23173683684389998,0.23173683684389998,3.0534703654439e-05,0,highway_0,0,1010.8277682674,1334.8277682674,,8.679137622941596
37.8,ego_0,1337.6363917675144,-11.200000000000003,28.0862350011452,327.531894574558,llm_1,0.23173670274789104,0.23173670274789104,0.23173670274789104,0.23173670274789104,3.0235518373444847e-05,0,highway_0,0,1013.6363917675144,1337.6363917675144,,8.670442351554382
37.9,ego_0,1340.4450155670283,-11.200000000000003,28.086237995138827,328.3980794673057,llm_1,0.23173657013950466,0.23173657013950466,0.23173657013950466,0.23173657013950466,2.9939936254663735e-05,0,highway_0,0,1016.4450155670283,1340.4450155670283,,8.661848927477276
38.0,ego_0,1343.2536396630214,-11.200000000000003,28.086240959931214,329.26341507598113,llm_1,0.2317364390030757,0.2317364390030757,0.2317364390030757,0.2317364390030757,2.9647923867059944e-05,0,highway_0,0,1019.2536396630214,1343.2536396630214,,8.65335608675355
38.1,ego_0,1346.062264052609,-11.200000000000003,28.08624389587594,330.1279113342557,llm_1,0.23173630932288086,0.23173630932288086,0.23173630932288086,0.23173630932288086,2.9359447246690706e-05,0,highway_0,0,1022.062264052609,1346.062264052609,,8.644962582745457
38.2,ego_0,1348.8708887329412,-11.200000000000003,28.086246803323128,330.99157805284176,llm_1,0.2317361810831523,0.2317361810831523,0.2317361810831523,0.2317361810831523,2.90744718967062e-05,0,highway_0,0,1024.8708887329412,1348.8708887329412,,8.636667185859437
38.3,ego_0,1351.6795137012032,-11.200000000000003,28.086249682619414,331.8544249211693,llm_1,0.23173605426809507,0.23173605426809507,0.23173605426809507,0.23173605426809507,2.8792962858403826e-05,0,highway_0,0,1027.6795137012032,1351.6795137012032,,8.628468683276562
38.4,ego_0,1354.488138954614,-11.200000000000003,28.086252534107903,332.716461509038,llm_1,0.2317359288618987,0.2317359288618987,0.2317359288618987,0.2317359288618987,2.851488488886389e-05,0,highway_0,0,1030.488138954614,1354.488138954614,,8.620365878688002
38.5,ego_0,1357.2967644904268,-11.200000000000003,28.086255358128135,333.57769726824154,llm_1,0.23173580484874998,0.23173580484874998,0.23173580484874998,0.23173580484874998,2.8240202318841057e-05,0,highway_0,0,1033.2967644904268,1357.2967644904268,,8.612357592035544
38.6,ego_0,1360.1053903059283,-11.200000000000003,28.086258155016058,334.43814153416724,llm_1,0.2317356822128465,0.2317356822128465,0.2317356822128465,0.2317356822128465,2.7968879230400034e-05,0,highway_0,0,1036.1053903059283,1360.1053903059283,,8.604442659256915
38.7,ego_0,1362.9140163984387,-11.200000000000003,28.086260925104,335.2978035273709,llm_1,0.23173556093840675,0.23173556093840675,0.23173556093840675,0.23173556093840675,2.7700879421388436e-05,0,highway_0,0,1038.9140163984387,1362.9140163984387,,8.596619932035921
38.8,ego_0,1365.7226427653106,-11.200000000000003,28.08626366872066,336.1566923551268,llm_1,0.2317354410096824,0.2317354410096824,0.2317354410096824,0.2317354410096824,2.74361666185996e-05,0,highway_0,0,1041.7226427653106,1365.7226427653106,,8.588888277557153
38.9,ego_0,1368.5312694039299,-11.200000000000003,28.08626638619108,337.01481701295324,llm_1,0.23173532241096614,0.23173532241096614,0.23173532241096614,0.23173532241096614,2.71747041935555e-05,0,highway_0,0,1044.5312694039299,1368.5312694039299,,8.581246578265333
39.0,ego_0,1371.3398963117136,-11.200000000000003,28.08626907783664,337.872186386116,llm_1,0.23173520512660287,0.23173520512660287,0.23173520512660287,0.23173520512660287,2.6916455588832378e-05,0,highway_0,0,1047.3398963117136,1371.3398963117136,,8.57369373162905
39.1,ego_0,1374.1485234861111,-11.200000000000003,28.086271743975047,338.7288092511069,llm_1,0.23173508914099736,0.23173508914099736,0.23173508914099736,0.23173508914099736,2.6661384069370797e-05,0,highway_0,0,1050.1485234861111,1374.1485234861111,,8.566228649908837
39.2,ego_0,1376.9571509246032,-11.200000000000003,28.086274384920333,339.58469427709974,llm_1,0.23173497443862293,0.23173497443862293,0.23173497443862293,0.23173497443862293,2.6409452864584182e-05,0,highway_0,0,1052.9571509246032,1376.9571509246032,,8.55885025992956
39.3,ego_0,1379.7657786247014,-11.200000000000003,28.08627700098285,340.43985002738555,llm_1,0.23173486100402887,0.23173486100402887,0.23173486100402887,0.23173486100402887,2.616062516835882e-05,0,highway_0,0,1055.7657786247014,1379.7657786247014,,8.551557502856898
39.4,ego_0,1382.5744065839483,-11.200000000000003,28.086279592469275,341.29428496078344,llm_1,0.23173474882184783,0.23173474882184783,0.23173474882184783,0.23173474882184783,2.5914864245635272e-05,0,highway_0,0,1058.5744065839483,1382.5744065839483,,8.544349333977948
39.5,ego_0,1385.3830347999165,-11.200000000000003,28.08628215968261,342.14800743303203,llm_1,0.2317346378768016,0.2317346378768016,0.2317346378768016,0.2317346378768016,2.56721333613541e-05,0,highway_0,0,1061.3830347999165,1385.3830347999165,,8.537224722485767
39.6,ego_0,1388.1916632702087,-11.200000000000003,28.086284702922196,343.00102569815886,llm_1,0.23173452815370826,0.23173452815370826,0.23173452815370826,0.23173452815370826,2.5432395851510137e-05,0,highway_0,0,1064.1916632702087,1388.1916632702087,,8.530182651267847
39.7,ego_0,1391.000291992457,-11.200000000000003,28.086287222483712,343.8533479098287,llm_1,0.2317344196374868,0.2317344196374868,0.2317344196374868,0.2317344196374868,2.519561515867963e-05,0,highway_0,0,1067.000291992457,1391.000291992457,,8.523222116698392
39.8,ego_0,1393.808920964323,-11.200000000000003,28.08628971865919,344.70498212267194,llm_1,0.23173431231316308,0.23173431231316308,0.23173431231316308,0.23173431231316308,2.4961754796493096e-05,0,highway_0,0,1069.808920964323,1393.808920964323,,8.516342128434292
39.9,ego_0,1396.6175501834969,-11.200000000000003,28.08629219173704,345.5559362935933,llm_1,0.2317342061658747,0.2317342061658747,0.2317342061658747,0.2317342061658747,2.4730778491743877e-05,0,highway_0,0,1072.6175501834969,1396.6175501834969,,8.509541709214819
40.0,ego_0,1399.4261796476972,-11.200000000000003,28.08629464200205,346.4062182830596,llm_1,0.23173410118087473,0.23173410118087473,0.23173410118087473,0.23173410118087473,2.450265007780672e-05,0,highway_0,0,1075.4261796476972,1399.4261796476972,,8.502819894664807
40.1,ego_0,1402.2348093546707,-11.200000000000003,28.0862970697354,347.2558358563697,llm_1,0.2317339973435364,0.2317339973435364,0.2317339973435364,0.2317339973435364,2.4277333530164924e-05,0,highway_0,0,1078.2348093546707,1402.2348093546707,,8.49617573310141
40.2,ego_0,1405.0434393021922,-11.200000000000003,28.086299475214712,348.10479668490416,llm_1,0.23173389463935662,0.23173389463935662,0.23173389463935662,0.23173389463935662,2.405479310851888e-05,0,highway_0,0,1081.0434393021922,1405.0434393021922,,8.489608285344207
40.3,ego_0,1407.8520694880635,-11.200000000000003,28.086301858714034,348.9531083473571,llm_1,0.23173379305395975,0.23173379305395975,0.23173379305395975,0.23173379305395975,2.3834993214677525e-05,0,highway_0,0,1083.8520694880635,1407.8520694880635,,8.483116624528737
40.4,ego_0,1410.6606999101139,-11.200000000000003,28.08630422050388,349.80077833094947,llm_1,0.2317336925730995,0.2317336925730995,0.2317336925730995,0.2317336925730995,2.361789846361262e-05,0,highway_0,0,1086.6606999101139,1410.6606999101139,,8.476699835923252
40.5,ego_0,1413.469330566199,-11.200000000000003,28.08630656085126,350.6478140326244,llm_1,0.23173359318266326,0.23173359318266326,0.23173359318266326,0.23173359318266326,2.3403473790040152e-05,0,highway_0,0,1089.469330566199,1413.469330566199,,8.470357016748697
40.6,ego_0,1416.277961454201,-11.200000000000003,28.086308880019686,351.4942227602246,llm_1,0.2317334948686737,0.2317334948686737,0.2317334948686737,0.2317334948686737,2.3191684270784663e-05,0,highway_0,0,1092.277961454201,1416.277961454201,,8.46408727600187
40.7,ego_0,1419.086592572028,-11.200000000000003,28.08631117826922,352.3400117336528,llm_1,0.23173339761729123,0.23173339761729123,0.23173339761729123,0.23173339761729123,2.2982495337942055e-05,0,highway_0,0,1095.086592572028,1419.086592572028,,8.457889734281608
40.8,ego_0,1421.8952239176135,-11.200000000000003,28.086313455856487,353.1851880860147,llm_1,0.23173330141481596,0.23173330141481596,0.23173330141481596,0.23173330141481596,2.2775872672298192e-05,0,highway_0,0,1097.8952239176135,1421.8952239176135,,8.451763523618023
40.9,ego_0,1424.703855488917,-11.200000000000003,28.086315713034704,354.0297588647452,llm_1,0.23173320624768926,0.23173320624768926,0.23173320624768926,0.23173320624768926,2.2571782167801757e-05,0,highway_0,0,1100.703855488917,1424.703855488917,,8.445707787304688
41.0,ego_0,1427.5124872839224,-11.200000000000003,28.08631795005372,354.8737310327185,llm_1,0.2317331121024965,0.2317331121024965,0.2317331121024965,0.2317331121024965,2.2370190144727076e-05,0,highway_0,0,1103.5124872839224,1427.5124872839224,,8.439721679733701
41.1,ego_0,1430.3211193006384,-11.200000000000003,28.08632016716003,355.71711146934194,llm_1,0.2317330189659654,0.2317330189659654,0.2317330189659654,0.2317330189659654,2.2171063100984156e-05,0,highway_0,0,1106.3211193006384,1430.3211193006384,,8.433804366233598
41.2,ego_0,1433.1297515370982,-11.200000000000003,28.086322364596818,356.5599069716329,llm_1,0.23173292682497165,0.23173292682497165,0.23173292682497165,0.23173292682497165,2.1974367889754376e-05,0,highway_0,0,1109.1297515370982,1433.1297515370982,,8.427955022910048
41.3,ego_0,1435.9383839913585,-11.200000000000003,28.086324542603986,357.40212425528193,llm_1,0.2317328356665358,0.2317328356665358,0.2317328356665358,0.2317328356665358,2.1780071683963342e-05,0,highway_0,0,1111.9383839913585,1435.9383839913585,,8.422172836489228
41.4,ego_0,1438.7470166615003,-11.200000000000003,28.086326701418187,9.87536926374446,llm_0,0.2317327454778263,0.2317327454778263,0.2317327454778263,0.2317327454778263,2.158814201180803e-05,0,highway_0,0,1114.7470166615003,1438.7470166615003,,-0.3994531213856014
41.5,ego_0,1441.4359347654502,-11.200000000000003,26.889181039498002,9.955136405569647,llm_0,-12.091171185393865,-12.091171185393865,-12.091171185393865,-12.091171185393865,-11.971456619201852,0,highway_0,0,1117.4359347654502,1441.4359347654502,,0.7976714182518911
41.6,ego_0,1444.0878697474973,-11.200000000000003,26.51934982047101,10.066714058929392,llm_0,-3.7352953121726027,-3.7352953121726027,-3.7352953121726027,-3.7352953121726027,-3.6983121902699168,0,highway_0,0,1120.0878697474973,1444.0878697474973,,1.1157765335987442
41.7,ego_0,1446.7172556555156,-11.200000000000003,26.293859080183502,10.194073925965995,llm_0,-2.2774564769038523,-2.2774564769038523,-2.2774564769038523,-2.2774564769038523,-2.2549074028750837,0,highway_0,0,1122.7172556555156,1446.7172556555156,,1.2735986703662654
41.8,ego_0,1449.3303281996232,-11.200000000000003,26.13072544107649,10.330136520943825,llm_0,-1.6476497549808484,-1.6476497549808484,-1.6476497549808484,-1.6476497549808484,-1.6313363910701284,0,highway_0,0,1125.3303281996232,1449.3303281996232,,1.3606259497770985
41.9,ego_0,1451.930401738929,-11.200000000000003,26.000735393058108,10.47109556871419,llm_0,-1.3128994849856395,-1.3128994849856395,-1.3128994849856395,-1.3128994849856395,-1.2999004801838154,0,highway_0,0,1127.930401738929,1451.930401738929,,1.4095904777041248
42.0,ego_0,1454.5194388828152,-11.200000000000003,25.89037143886073,10.614692773346178,llm_0,-1.11467593739351,-1.11467593739351,-1.11467593739351,-1.11467593739351,-1.1036395419737843,0,highway_0,0,1130.5194388828152,1454.5194388828152,,1.4359720463206607
42.1,ego_0,1457.0986834164225,-11.200000000000003,25.79244533607438,10.759508016893733,llm_0,-0.989053638142156,-0.989053638142156,-0.989053638142156,-0.989053638142156,-0.9792610278634939,0,highway_0,0,1133.0986834164225,1457.0986834164225,,1.4481524354748423
42.2,ego_0,1459.6689622342108,-11.200000000000003,25.702788177882613,10.904614511835916,llm_0,-0.9055372977368625,-0.9055372977368625,-0.9055372977368625,-0.9055372977368625,-0.8965715819176623,0,highway_0,0,1135.6689622342108,1459.6689622342108,,1.4510649494222214
42.3,ego_0,1462.230845948227,-11.200000000000003,25.618837140161713,11.049392376359037,llm_0,-0.8479054809810928,-0.8479054809810928,-0.8479054809810928,-0.8479054809810928,-0.8395103772090096,0,highway_0,0,1138.230845948227,1462.230845948227,,1.4477786452313524
42.4,ego_0,1464.7847410421443,-11.200000000000003,25.53895093917292,11.193420161617496,llm_0,-0.8068506299868025,-0.8068506299868025,-0.8068506299868025,-0.8068506299868025,-0.7988620098879196,0,highway_0,0,1140.7847410421443,1464.7847410421443,,1.4402778525849378
42.5,ego_0,1467.330945715136,-11.200000000000003,25.46204672991841,11.336408331677148,llm_0,-0.7767325134705944,-0.7767325134705944,-0.7767325134705944,-0.7767325134705944,-0.7690420925451136,0,highway_0,0,1143.330945715136,1467.330945715136,,1.4298817005964608
42.6,ego_0,1469.8696851118698,-11.200000000000003,25.387393967337477,11.478156872968157,llm_0,-0.7539929020674201,-0.7539929020674201,-0.7539929020674201,-0.7539929020674201,-0.7465276258093212,0,highway_0,0,1145.8696851118698,1469.8696851118698,,1.417485412910743
42.7,ego_0,1472.4011342283438,-11.200000000000003,25.314491164740147,11.618527495556918,llm_0,-0.7363183062330264,-0.7363183062330264,-0.7363183062330264,-0.7363183062330264,-0.7290280259732995,0,highway_0,0,1148.4011342283438,1472.4011342283438,,1.4037062258884738
42.8,ego_0,1474.9254331508985,-11.200000000000003,25.242989225545323,11.757425002122545,llm_0,-0.7221695858677354,-0.7221695858677354,-0.7221695858677354,-0.7221695858677354,-0.7150193919482462,0,highway_0,0,1150.9254331508985,1474.9254331508985,,1.3889750656571955
42.9,ego_0,1477.4426973768375,-11.200000000000003,25.172642259390948,11.894784588366065,llm_0,-0.7105043581592038,-0.7105043581592038,-0.7105043581592038,-0.7105043581592038,-0.7034696615437497,0,highway_0,0,1153.4426973768375,1477.4426973768375,,1.373595862434648
43.0,ego_0,1479.9530249033287,-11.200000000000003,25.10327526491305,12.030563069440404,llm_0,-0.7006066442267809,-0.7006066442267809,-0.7006066442267809,-0.7006066442267809,-0.6936699447789607,0,highway_0,0,1155.9530249033287,1479.9530249033287,,1.3577848107427926
43.1,ego_0,1482.456501152385,-11.200000000000003,25.034762490563402,12.164732751995643,llm_0,-0.6919790209314576,-0.6919790209314576,-0.6919790209314576,-0.6919790209314576,-0.6851277434964942,0,highway_0,0,1158.456501152385,1482.456501152385,,1.3416968255527735
43.2,ego_0,1484.953202424906,-11.200000000000003,24.967012725209123,12.297277114732196,llm_0,-0.684272630078191,-0.684272630078191,-0.684272630078191,-0.684272630078191,-0.6774976535427868,0,highway_0,0,1160.953202424906,1484.953202424906,,1.3254436273668162
43.3,ego_0,1487.4431983425136,-11.200000000000003,24.899959176074265,12.428187739739087,llm_0,-0.6772408462620784,-0.6772408462620784,-0.6772408462620784,-0.6772408462620784,-0.6705354913485806,0,highway_0,0,1163.4431983425136,1487.4431983425136,,1.309106250068826
43.4,ego_0,1489.926553585752,-11.200000000000003,24.833552432382557,12.55746211732935,llm_0,-0.6707081112862492,-0.6707081112862492,-0.6707081112862492,-0.6707081112862492,-0.6640674369170796,0,highway_0,0,1165.926553585752,1489.926553585752,,1.2927437759039009
43.5,ego_0,1492.4033291389455,-11.200000000000003,24.767755531937457,12.68510206594965,llm_0,-0.6645486944955228,-0.6645486944955228,-0.6645486944955228,-0.6645486944955228,-0.6579690044510045,0,highway_0,0,1168.4033291389455,1492.4033291389455,,1.2763994862022017
43.6,ego_0,1494.8735831865968,-11.200000000000003,24.702540476512098,12.811112588305605,llm_0,-0.6586720597960967,-0.6586720597960967,-0.6586720597960967,-0.6586720597960967,-0.6521505542535877,0,highway_0,0,1170.8735831865968,1494.8735831865968,,1.2601052235598331
43.7,ego_0,1497.3373717620543,-11.200000000000003,24.63788575457664,12.935501038832399,llm_0,-0.6530126915481296,-0.6530126915481296,-0.6530126915481296,-0.6530126915481296,-0.6465472193545807,0,highway_0,0,1173.3373717620543,1497.3373717620543,,1.243884505265786
43.8,ego_0,1499.7947492190494,-11.200000000000003,24.5737745699505,13.058276514653926,llm_0,-0.647522964723984,-0.647522964723984,-0.647522964723984,-0.647522964723984,-0.6411118462613885,0,highway_0,0,1175.7947492190494,1499.7947492190494,,1.2277547582167792
43.9,ego_0,1502.245768575907,-11.200000000000003,24.51019356857572,13.17944940781922,llm_0,-0.6421681138852929,-0.6421681138852929,-0.6421681138852929,-0.6421681138852929,-0.6358100137478218,0,highway_0,0,1178.245768575907,1502.245768575907,,1.2117289316532336
44.0,ego_0,1504.6904817678012,-11.200000000000003,24.44713191894132,13.299031074481036,llm_0,-0.6369226613074467,-0.6369226613074467,-0.6369226613074467,-0.6369226613074467,-0.6306164963439898,0,highway_0,0,1180.6904817678012,1504.6904817678012,,1.1958166666191232
44.1,ego_0,1507.1289398322997,-11.200000000000003,24.384580644984368,13.417033589269977,llm_0,-0.6317678669652423,-0.6317678669652423,-0.6317678669652423,-0.6317678669652423,-0.6255127395695226,0,highway_0,0,1183.1289398322997,1507.1289398322997,,1.1800251478900172
44.2,ego_0,1509.561193046315,-11.200000000000003,24.32253214015459,13.533469562000619,llm_0,-0.6266898987807572,-0.6266898987807572,-0.6266898987807572,-0.6266898987807572,-0.6204850482977875,0,highway_0,0,1185.561193046315,1509.561193046315,,1.1643597273060777
44.3,ego_0,1511.9872910275235,-11.200000000000003,24.260979812084024,13.648352000177738,llm_0,-0.6216785135126992,-0.6216785135126992,-0.6216785135126992,-0.6216785135126992,-0.6155232807056521,0,highway_0,0,1187.9872910275235,1511.9872910275235,,1.148824381770826
44.4,ego_0,1514.4072828097062,-11.200000000000003,24.199917821826862,13.761694205292315,llm_0,-0.6167261015973269,-0.6167261015973269,-0.6167261015973269,-0.6167261015973269,-0.6106199025716208,0,highway_0,0,1190.4072828097062,1514.4072828097062,,1.133422051146887
44.5,ego_0,1516.8212168988923,-11.200000000000003,24.139340891860268,13.873509694146605,llm_0,-0.6118269926626303,-0.6118269926626303,-0.6118269926626303,-0.6118269926626303,-0.605769299665937,0,highway_0,0,1192.8212168988923,1516.8212168988923,,1.1181548885446553
44.6,ego_0,1519.22914131532,-11.200000000000003,24.079244164276325,13.983812138792018,llm_0,-0.6069769485978411,-0.6069769485978411,-0.6069769485978411,-0.6069769485978411,-0.6009672758394302,0,highway_0,0,1195.22914131532,1519.22914131532,,1.1030244464551515
44.7,ego_0,1521.6311036248946,-11.200000000000003,24.019623095746677,14.092615320364303,llm_0,-0.6021727921494363,-0.6021727921494363,-0.6021727921494363,-0.6021727921494363,-0.5962106852964766,0,highway_0,0,1197.6311036248946,1521.6311036248946,,1.088031815722939
44.8,ego_0,1524.0271509628471,-11.200000000000003,23.960473379524334,14.199933093336767,llm_0,-0.5974121338456428,-0.5974121338456428,-0.5974121338456428,-0.5974121338456428,-0.5914971622234333,0,highway_0,0,1200.0271509628471,1524.0271509628471,,1.0731777297260585
44.9,ego_0,1526.4173300515863,-11.200000000000003,23.901790887391957,14.30577935761653,llm_0,-0.5926931705370171,-0.5926931705370171,-0.5926931705370171,-0.5926931705370171,-0.5868249213237675,0,highway_0,0,1202.4173300515863,1526.4173300515863,,1.0584626427962398
45.0,ego_0,1528.8016872142236,-11.200000000000003,23.843571626373134,14.410168036566574,llm_0,-0.5880145362901157,-0.5880145362901157,-0.5880145362901157,-0.5880145362901157,-0.5821926101882369,0,highway_0,0,1204.8016872142236,1528.8016872142236,,1.0438867895018618
45.1,ego_0,1531.1802683848641,-11.200000000000003,23.785811706403944,14.513113059532998,llm_0,-0.5833751916888021,-0.5833751916888021,-0.5833751916888021,-0.5833751916888021,-0.5775991996918961,0,highway_0,0,1207.1802683848641,1531.1802683848641,,1.029450229665784
45.2,ego_0,1533.5531191164807,-11.200000000000003,23.728507316165594,14.614628347804455,llm_0,-0.5787743414073534,-0.5787743414073534,-0.5787743414073534,-0.5787743414073534,-0.5730439023835032,0,highway_0,0,1209.5531191164807,1533.5531191164807,,1.0151528827148333
45.3,ego_0,1535.9202845869818,-11.200000000000003,23.67165470501073,14.71472780320687,llm_0,-0.5742113726641432,-0.5742113726641432,-0.5742113726641432,-0.5742113726641432,-0.5685261115486284,0,highway_0,0,1211.9202845869818,1535.9202845869818,,1.0009945540248566
45.4,ego_0,1538.281809603927,-11.200000000000003,23.615250169451834,14.813425298730863,llm_0,-0.569685809144846,-0.569685809144846,-0.569685809144846,-0.569685809144846,-0.5640453555889735,0,highway_0,0,1214.281809603927,1538.281809603927,,0.9869749552405871
45.5,ego_0,1540.6377386082345,-11.200000000000003,23.559290043073428,14.910734670735337,llm_0,-0.5651972764218952,-0.5651972764218952,-0.5651972764218952,-0.5651972764218952,-0.5596012637840531,0,highway_0,0,1216.6377386082345,1540.6377386082345,,0.9730937200455116
45.6,ego_0,1542.9881156771364,-11.200000000000003,23.503770689019667,15.006669712383882,llm_0,-0.5607454759430053,-0.5607454759430053,-0.5607454759430053,-0.5607454759430053,-0.5551935405376085,0,highway_0,0,1218.9881156771364,1542.9881156771364,,0.9593504164846074
45.7,ego_0,1545.3329845265787,-11.200000000000003,23.44868849442316,15.101244168050698,llm_0,-0.5563301654247225,-0.5563301654247225,-0.5563301654247225,-0.5563301654247225,-0.5508219459650832,0,highway_0,0,1221.3329845265787,1545.3329845265787,,0.9457445566666642
45.8,ego_0,1547.6723885132087,-11.200000000000003,23.39403986629966,15.19447172849732,llm_0,-0.5519511440473286,-0.5519511440473286,-0.5519511440473286,-0.5519511440473286,-0.5464862812349836,0,highway_0,0,1223.6723885132087,1547.6723885132087,,0.9322756044679359
45.9,ego_0,1550.0063706360638,-11.200000000000003,23.339821228551333,15.28636602666802,llm_0,-0.5476082412581269,-0.5476082412581269,-0.5476082412581269,-0.5476082412581269,-0.5421863774832758,0,highway_0,0,1226.0063706360638,1550.0063706360638,,0.9189429817058716
46.0,ego_0,1552.3349735380448,-11.200000000000003,23.286029019809394,15.376940633981803,llm_0,-0.543301308293616,-0.543301308293616,-0.543301308293616,-0.543301308293616,-0.5379220874193891,0,highway_0,0,1228.3349735380448,1552.3349735380448,,0.9057460731373261
46.1,ego_0,1554.658239507236,-11.200000000000003,23.232659691912737,15.46620905703685,llm_0,-0.5390302117562404,-0.5390302117562404,-0.5390302117562404,-0.5390302117562404,-0.5336932789665738,0,highway_0,0,1230.658239507236,1554.658239507236,,0.892684230549996
46.2,ego_0,1556.9762104781228,-11.200000000000003,23.179709708868582,15.554184734652154,llm_0,-0.534794828745957,-0.534794828745957,-0.534794828745957,-0.534794828745957,-0.5294998304415444,0,highway_0,0,1232.9762104781228,1556.9762104781228,,0.879756776151293
46.3,ego_0,1559.2889280327406,-11.200000000000003,23.12717554617823,15.64088103519316,llm_0,-0.5305950431725709,-0.5305950431725709,-0.5305950431725709,-0.5305950431725709,-0.5253416269035327,0,highway_0,0,1235.2889280327406,1559.2889280327406,,0.8669630054103941
46.4,ego_0,1561.5964334017845,-11.200000000000003,23.075053690439027,15.726311254140455,llm_0,-0.5264307429659401,-0.5264307429659401,-0.5264307429659401,-0.5264307429659401,-0.5212185573920181,0,highway_0,0,1237.5964334017845,1561.5964334017845,,0.8543021894724276
46.5,ego_0,1563.8987674656998,-11.200000000000003,23.023340639154842,15.81048861186423,llm_0,-0.5223018179702779,-0.5223018179702779,-0.5223018179702779,-0.5223018179702779,-0.5171305128418524,0,highway_0,0,1239.8987674656998,1563.8987674656998,,0.8417735772359372
46.6,ego_0,1566.19597075577,-11.200000000000003,22.97203290070322,15.89342625158065,llm_0,-0.5182081583613737,-0.5182081583613737,-0.5182081583613737,-0.5182081583613737,-0.5130773845162295,0,highway_0,0,1242.19597075577,1566.19597075577,,0.8293763971637311
46.7,ego_0,1568.488083455212,-11.200000000000003,22.921126994419712,15.975137237468743,llm_0,-0.5141496534634181,-0.5141496534634181,-0.5141496534634181,-0.5141496534634181,-0.5090590628350711,0,highway_0,0,1244.488083455212,1568.488083455212,,0.8171098588810253
46.8,ego_0,1570.775145400289,-11.200000000000003,22.870619450769013,16.05563455292895,llm_0,-0.510126190872048,-0.510126190872048,-0.510126190872048,-0.510126190872048,-0.505075436506992,0,highway_0,0,1246.775145400289,1570.775145400289,,0.8049731546026102
46.9,ego_0,1573.0571960814468,-11.200000000000003,22.82050681157965,16.134931098971265,llm_0,-0.506137655812525,-0.506137655812525,-0.506137655812525,-0.506137655812525,-0.5011263918936137,0,highway_0,0,1249.0571960814468,1573.0571960814468,,0.7929654604213532
47.0,ego_0,1575.3342746444794,-11.200000000000003,22.77078563032438,16.213039692719576,llm_0,-0.5021839306782719,-0.5021839306782719,-0.5021839306782719,-0.5021839306782719,-0.4972118125527203,0,highway_0,0,1251.3342746444794,1575.3342746444794,,0.7810859374831018
47.1,ego_0,1577.6064198917227,-11.200000000000003,22.72145247243246,16.289973066026278,llm_0,-0.498264894708367,-0.498264894708367,-0.498264894708367,-0.498264894708367,-0.49333157891918944,0,highway_0,0,1253.6064198917227,1577.6064198917227,,0.7693337330676862
47.2,ego_0,1579.873670283285,-11.200000000000003,22.672503915623423,16.365743864185333,llm_0,-0.494380423771275,-0.494380423771275,-0.494380423771275,-0.494380423771275,-0.48948556809037314,0,highway_0,0,1255.873670283285,1579.873670283285,,0.757707981591178
47.3,ego_0,1582.1360639383104,-11.200000000000003,22.623936550254022,16.440364644739475,llm_0,-0.49053039023095923,-0.49053039023095923,-0.49053039023095923,-0.49053039023095923,-0.4856736536940076,0,highway_0,0,1258.1360639383104,1582.1360639383104,,0.7462078055416193
47.4,ego_0,1584.3936386362775,-11.200000000000003,22.57574697967226,16.513847876375394,llm_0,-0.48671466287580367,-0.48671466287580367,-0.48671466287580367,-0.48671466287580367,-0.481895705817621,0,highway_0,0,1260.3936386362775,1584.3936386362775,,0.7348323163575969
47.5,ego_0,1586.6464318183348,-11.200000000000003,22.52793182057366,16.58620593790124,llm_0,-0.482933106895881,-0.482933106895881,-0.482933106895881,-0.482933106895881,-0.478151590986009,0,highway_0,0,1262.6464318183348,1586.6464318183348,,0.7235806152572941
47.6,ego_0,1588.8944805886704,-11.200000000000003,22.480487703356115,16.657451117303708,llm_0,-0.4791855838972041,-0.4791855838972041,-0.4791855838972041,-0.4791855838972041,-0.474441172175446,0,highway_0,0,1264.8944805886704,1588.8944805886704,,0.7124517940239272
47.7,ego_0,1591.1378217159174,-11.200000000000003,22.433411272470565,16.727595610879007,llm_0,-0.47547195194404357,-0.47547195194404357,-0.47547195194404357,-0.47547195194404357,-0.47076430885550025,0,highway_0,0,1267.1378217159174,1591.1378217159174,,0.701444935752459
47.8,ego_0,1593.376491634594,-11.200000000000003,22.38669918676535,16.796651522435013,llm_0,-0.47179206562264286,-0.47179206562264286,-0.47179206562264286,-0.47179206562264286,-0.46712085705213013,0,highway_0,0,1269.376491634594,1593.376491634594,,0.6905591155614275
47.9,ego_0,1595.6105264465762,-11.200000000000003,22.340348119822682,16.864630862562535,llm_0,-0.46814577612097763,-0.46814577612097763,-0.46814577612097763,-0.46814577612097763,-0.4635106694266966,0,highway_0,0,1271.6105264465762,1595.6105264465762,,0.6797934012730593
48.0,ego_0,1597.8399619226047,-11.200000000000003,22.294354760286023,16.93154554796888,llm_0,-0.46453293132024653,-0.46453293132024653,-0.46453293132024653,-0.46453293132024653,-0.45993359536659284,0,highway_0,0,1273.8399619226047,1597.8399619226047,,0.669146854064266
48.1,ego_0,1600.0648335038225,-11.200000000000003,22.248715812177565,16.997407400878046,llm_0,-0.46095337589542307,-0.46095337589542307,-0.46095337589542307,-0.46095337589542307,-0.4563894810845781,0,highway_0,0,1276.0648335038225,1600.0648335038225,,0.6586185290906386
48.2,ego_0,1602.285176303343,-11.200000000000003,22.20342799520515,17.06222814848661,llm_0,-0.45740695142140453,-0.45740695142140453,-0.45740695142140453,-0.45740695142140453,-0.4528781697241513,0,highway_0,0,1278.285176303343,1602.285176303343,,0.6482074760852718
48.3,ego_0,1604.5010251078488,-11.200000000000003,22.158488045058228,17.126019422479885,llm_0,-0.4538934964839205,-0.4538934964839205,-0.4538934964839205,-0.4538934964839205,-0.44939950146922314,0,highway_0,0,1280.5010251078488,1604.5010251078488,,0.6379127399338813
48.4,ego_0,1606.712414379218,-11.200000000000003,22.113892713692607,17.18879275860263,llm_0,-0.4504128467927664,-0.4504128467927664,-0.4504128467927664,-0.4504128467927664,-0.4459533136562044,0,highway_0,0,1282.712414379218,1606.712414379218,,0.6277333612275235
48.5,ego_0,1608.9193782561783,-11.200000000000003,22.06963876960383,17.250559596282073,llm_0,-0.44696483529663267,-0.44696483529663267,-0.44696483529663267,-0.44696483529663267,-0.44253944088776365,0,highway_0,0,1284.9193782561783,1608.9193782561783,,0.6176683767940503
48.6,ego_0,1611.1219505559873,-11.200000000000003,22.02572299808912,17.311331278302987,llm_0,-0.4435492922985822,-0.4435492922985822,-0.4435492922985822,-0.4435492922985822,-0.4391577151471182,0,highway_0,0,1287.1219505559873,1611.1219505559873,,0.6077168202092302
48.7,ego_0,1613.320164776137,-11.200000000000003,21.982142201497904,17.371119050531888,llm_0,-0.4401660455712695,-0.4401660455712695,-0.4401660455712695,-0.4401660455712695,-0.4358079659121472,0,highway_0,0,1289.320164776137,1613.320164776137,,0.5978777222884446
48.8,ego_0,1615.5140540960842,-11.200000000000003,21.938893199471032,17.429934061687845,llm_0,-0.4368149204714217,-0.4368149204714217,-0.4368149204714217,-0.4368149204714217,-0.4324900202687232,0,highway_0,0,1291.5140540960842,1615.5140540960842,,0.588150111559699
48.9,ego_0,1617.703651379001,-11.200000000000003,21.89597282916873,17.487787363159896,llm_0,-0.4334957400532561,-0.4334957400532561,-0.4334957400532561,-0.4334957400532561,-0.42920370302301336,0,highway_0,0,1293.703651379001,1617.703651379001,,0.5785330147186727
49.0,ego_0,1619.8889891735498,-11.200000000000003,21.85337794548752,17.54468990886653,llm_0,-0.4302083251802462,-0.4302083251802462,-0.4302083251802462,-0.4302083251802462,-0.42594883681211115,0,highway_0,0,1295.8889891735498,1619.8889891735498,,0.569025457066406
49.1,ego_0,1622.0700997156764,-11.200000000000003,21.811105421266195,17.600652555159513,llm_0,-0.42695249463538665,-0.42695249463538665,-0.42695249463538665,-0.42695249463538665,-0.4227252422132466,0,highway_0,0,1298.0700997156764,1622.0700997156764,,0.5596264629302645
49.2,ego_0,1624.2470149304245,-11.200000000000003,21.769152147481126,17.655686060766357,llm_0,-0.4237280652291877,-0.4237280652291877,-0.4237280652291877,-0.4237280652291877,-0.41953273785068745,0,highway_0,0,1300.2470149304245,1624.2470149304245,,0.5503350560686862
49.3,ego_0,1626.4197664337676,-11.200000000000003,21.72751503343104,17.70980108677236,llm_0,-0.42053485190584394,-0.42053485190584394,-0.42053485190584394,-0.42053485190584394,-0.4163711405008641,0,highway_0,0,1302.4197664337676,1626.4197664337676,,0.541150260060256
49.4,ego_0,1628.5883855344587,-11.200000000000003,21.686191006911525,17.763008196640158,llm_0,-0.41737266784710436,-0.41737266784710436,-0.41737266784710436,-0.41737266784710436,-0.41324026519514945,0,highway_0,0,1304.5883855344587,1628.5883855344587,,0.5320710986775943
49.5,ego_0,1630.7529032358966,-11.200000000000003,21.645177014379463,17.815317856264755,llm_0,-0.4142413245738459,-0.4142413245738459,-0.4142413245738459,-0.4142413245738459,-0.41013992532061394,0,highway_0,0,1306.7529032358966,1630.7529032358966,,0.5230965962465106
49.6,ego_0,1632.9133502380073,-11.200000000000003,21.60447002110764,17.866740434064013,llm_0,-0.41114063204538653,-0.41114063204538653,-0.41114063204538653,-0.41114063204538653,-0.40706993271822256,0,highway_0,0,1308.9133502380073,1632.9133502380073,,0.5142257779908661
49.7,ego_0,1635.0697569391402,-11.200000000000003,21.56406701132979,17.917286201100524,llm_0,-0.40807039875631335,-0.40807039875631335,-0.40807039875631335,-0.40807039875631335,-0.4040300977785094,0,highway_0,0,1311.0697569391402,1635.0697569391402,,0.5054576703635618
49.8,ego_0,1637.2221534379778,-11.200000000000003,21.523964988376207,17.966965331236906,llm_0,-0.4050304318311837,-0.4050304318311837,-0.4050304318311837,-0.4050304318311837,-0.40102022953583116,0,highway_0,0,1313.2221534379778,1637.2221534379778,,0.49679130136411587
49.9,ego_0,1639.370569535458,-11.200000000000003,21.48416097480031,18.01578790132112,llm_0,-0.40202053711657837,-0.40202053711657837,-0.40202053711657837,-0.40202053711657837,-0.39804013575896136,0,highway_0,0,1315.370569535458,1639.370569535458,,0.48822570084312744
50.0,ego_0,1641.5150347367075,-11.200000000000003,21.44465201249626,18.063763891400413,llm_0,-0.3990405192709129,-0.3990405192709129,-0.3990405192709129,-0.3990405192709129,-0.3950896230405121,0,highway_0,0,1317.5150347367075,1641.5150347367075,,0.4797599007941251
50.1,ego_0,1643.6555782529883,-11.200000000000003,21.405435162807954,18.110903184963718,llm_0,-0.39609018185188005,-0.39609018185188005,-0.39609018185188005,-0.39609018185188005,-0.3921684968830519,0,highway_0,0,1319.6555782529883,1643.6555782529883,,0.4713929356330375
50.2,ego_0,1645.7922290036513,-11.200000000000003,21.366507506629578,18.157215569210393,llm_0,-0.3931693274015944,-0.3931693274015944,-0.3931693274015944,-0.3931693274015944,-0.3892765617837668,0,highway_0,0,1321.7922290036513,1645.7922290036513,,0.46312384246579086
50.3,ego_0,1647.925015618101,-11.200000000000003,21.327866144497957,18.20271073534491,llm_0,-0.39027775752937566,-0.39027775752937566,-0.39027775752937566,-0.39027775752937566,-0.3864136213162084,0,highway_0,0,1323.925015618101,1647.925015618101,,0.45495166134426057
50.4,ego_0,1650.0539664377688,-11.200000000000003,21.28950819667694,18.247398278895844,llm_0,-0.38741527299227796,-0.38741527299227796,-0.38741527299227796,-0.38741527299227796,-0.3835794782101587,0,highway_0,0,1326.0539664377688,1650.0539664377688,,0.4468754355110143
50.5,ego_0,1652.1791095180922,-11.200000000000003,21.251430803234037,18.29128770005923,llm_0,-0.3845816737733272,-0.3845816737733272,-0.3845816737733272,-0.3845816737733272,-0.38077393442904395,0,highway_0,0,1328.1791095180922,1652.1791095180922,,0.43889421163309805
50.6,ego_0,1654.3004726305032,-11.200000000000003,21.213631124109533,18.334388404061656,llm_0,-0.3817767591574701,-0.3817767591574701,-0.3817767591574701,-0.3817767591574701,-0.3779967912450388,0,highway_0,0,1330.3004726305032,1654.3004726305032,,0.4310070400252215
50.7,ego_0,1656.418083264421,-11.200000000000003,21.17610633917828,18.376709701547952,llm_0,-0.37900032780565174,-0.37900032780565174,-0.37900032780565174,-0.37900032780565174,-0.37524784931253663,0,highway_0,0,1332.418083264421,1656.418083264421,,0.4232129748626967
50.8,ego_0,1658.5319686292514,-11.200000000000003,21.138853648304384,18.41826080898636,llm_0,-0.3762521778263157,-0.3762521778263157,-0.3762521778263157,-0.3762521778263157,-0.3725269087389549,0,highway_0,0,1334.5319686292514,1658.5319686292514,,0.41551107438437995
50.9,ego_0,1660.6421556563903,-11.200000000000003,21.10187027138902,18.459050849095092,llm_0,-0.3735321068451575,-0.3735321068451575,-0.3735321068451575,-0.3735321068451575,-0.3698337691536224,0,highway_0,0,1336.6421556563903,1660.6421556563903,,0.4079004010859464
51.0,ego_0,1662.7486710012315,-11.200000000000003,21.06515344841154,18.499088851285478,llm_0,-0.3708399120725585,-0.3708399120725585,-0.3708399120725585,-0.3708399120725585,-0.3671682297748191,0,highway_0,0,1338.7486710012315,1662.7486710012315,,0.40038002190378563
51.1,ego_0,1664.851541045178,-11.200000000000003,21.028700439464092,18.538383752124446,llm_0,-0.3681753903692131,-0.3681753903692131,-0.3681753903692131,-0.3681753903692131,-0.36453008947447074,0,highway_0,0,1340.851541045178,1664.851541045178,,0.3929490083898095
51.2,ego_0,1666.950791897656,-11.200000000000003,20.99250852477998,18.576944395812234,llm_0,-0.36553833830953253,-0.36553833830953253,-0.36553833830953253,-0.36553833830953253,-0.3619191468411387,0,highway_0,0,1342.950791897656,1666.950791897656,,0.3856064368774419
51.3,ego_0,1669.0464493981317,-11.200000000000003,20.95657500475589,18.614779534676018,llm_0,-0.362928552243275,-0.362928552243275,-0.362928552243275,-0.362928552243275,-0.35933520024087784,0,highway_0,0,1345.0464493981317,1669.0464493981317,,0.3783513886390679
51.4,ego_0,1671.1385391181286,-11.200000000000003,20.92089719996824,18.651897829679456,llm_0,-0.36034582835524787,-0.36034582835524787,-0.36034582835524787,-0.36034582835524787,-0.3567780478764959,0,highway_0,0,1347.1385391181286,1671.1385391181286,,0.37118295003523727
51.5,ego_0,1673.227086363247,-11.200000000000003,20.885472451183787,18.688307850944966,llm_0,-0.3577899627229917,-0.3577899627229917,-0.3577899627229917,-0.3577899627229917,-0.35424748784453897,0,highway_0,0,1349.227086363247,1673.227086363247,,0.3641002126558064
51.6,ego_0,1675.3121161751835,-11.200000000000003,20.850298119364695,18.724018078290328,llm_0,-0.3552607513728546,-0.3552607513728546,-0.3552607513728546,-0.3552607513728546,-0.35174331819092686,0,highway_0,0,1351.3121161751835,1675.3121161751835,,0.35710227345338197
51.7,ego_0,1677.3936533337503,-11.200000000000003,20.81537158566825,18.759036901777336,llm_0,-0.3527579903340924,-0.3527579903340924,-0.3527579903340924,-0.3527579903340924,-0.34926533696445716,0,highway_0,0,1353.3936533337503,1677.3936533337503,,0.3501882348692149
51.8,ego_0,1679.4717223588943,-11.200000000000003,20.780690251441385,18.793372622272727,llm_0,-0.3502814756913297,-0.3502814756913297,-0.3502814756913297,-0.3502814756913297,-0.34681334226863925,0,highway_0,0,1355.4717223588943,1679.4717223588943,,0.3433572049518254
51.9,ego_0,1681.5463475127153,-11.200000000000003,20.74625153821017,18.827033452019577,llm_0,-0.34783100363525343,-0.34783100363525343,-0.34783100363525343,-0.34783100363525343,-0.3443871323121428,0,highway_0,0,1357.5463475127153,1681.5463475127153,,0.3366082974686364
52.0,ego_0,1683.6175528014817,-11.200000000000003,20.71205288766446,18.860027515220736,llm_0,-0.34540637051168266,-0.34540637051168266,-0.34540637051168266,-0.34540637051168266,-0.34198650545711473,0,highway_0,0,1359.6175528014817,1683.6175528014817,,0.3299406320107572
52.1,ego_0,1685.6853619776455,-11.200000000000003,20.67809176163784,18.892362848629773,llm_0,-0.34300737286885186,-0.34300737286885186,-0.34300737286885186,-0.34300737286885186,-0.3396112602661816,0,highway_0,0,1361.6853619776455,1685.6853619776455,,0.3233533340912196
52.2,ego_0,1687.7497985418538,-11.200000000000003,20.644365642083052,18.92404740215352,llm_0,-0.34063380750335503,-0.34063380750335503,-0.34063380750335503,-0.34063380750335503,-0.3372611955478888,0,highway_0,0,1363.7497985418538,1687.7497985418538,,0.31684553523686176
52.3,ego_0,1689.8108857449581,-11.200000000000003,20.610872031043026,18.955089039460972,llm_0,-0.3382854715042256,-0.3382854715042256,-0.3382854715042256,-0.3382854715042256,-0.33493611040025684,0,highway_0,0,1365.8108857449581,1689.8108857449581,,0.3104163730740339
52.4,ego_0,1691.8686465900198,-11.200000000000003,20.5776084506177,18.98549553860198,llm_0,-0.3359621622957938,-0.3359621622957938,-0.3359621622957938,-0.3359621622957938,-0.33263580425327177,0,highway_0,0,1367.8686465900198,1691.8686465900198,,0.30406499140840637
52.5,ego_0,1693.9231038343125,-11.200000000000003,20.54457244292673,19.01527459263184,llm_0,-0.3336636776787939,-0.3336636776787939,-0.3336636776787939,-0.3336636776787939,-0.3303600769097059,0,highway_0,0,1369.9231038343125,1693.9231038343125,,0.29779054029902596
52.6,ego_0,1695.9742799913195,-11.200000000000003,20.51176157006829,19.044433810244527,llm_0,-0.3313898158702193,-0.3313898158702193,-0.3313898158702193,-0.3313898158702193,-0.32810872858437534,0,highway_0,0,1371.9742799913195,1695.9742799913195,,0.29159217612683364
52.7,ego_0,1698.0221973327268,-11.200000000000003,20.47917341407408,19.072980716410257,llm_0,-0.3291403755415453,-0.3291403755415453,-0.3291403755415453,-0.3291403755415453,-0.3258815599421183,0,highway_0,0,1374.0221973327268,1698.0221973327268,,0.285469061657853
52.8,ego_0,1700.0668778904128,-11.200000000000003,20.446805576860633,19.10092275302054,llm_0,-0.32691515585578856,-0.32691515585578856,-0.32691515585578856,-0.32691515585578856,-0.3236783721344594,0,highway_0,0,1376.0668778904128,1700.0668778904128,,0.2794203661012027
52.9,ego_0,1702.1083434584305,-11.200000000000003,20.414655680177162,19.128267279536885,llm_0,-0.3247139565030358,-0.3247139565030358,-0.3247139565030358,-0.3247139565030358,-0.32149896683471013,0,highway_0,0,1378.1083434584305,1702.1083434584305,,0.27344526516214174
53.0,ego_0,1704.1466155949854,-11.200000000000003,20.38272136554995,19.155021573645854,llm_0,-0.32253657773484057,-0.32253657773484057,-0.32253657773484057,-0.32253657773484057,-0.3193431462721108,0,highway_0,0,1380.1466155949854,1704.1466155949854,,0.2675429410903405
53.1,ego_0,1706.1817156244078,-11.200000000000003,20.3510002942235,19.181192831918224,llm_0,-0.3203828203971344,-0.3203828203971344,-0.3203828203971344,-0.3203828203971344,-0.3172107132645152,0,highway_0,0,1382.1817156244078,1706.1817156244078,,0.2617125827235114
53.2,ego_0,1708.2136646391177,-11.200000000000003,20.319490147098556,19.206788170470873,llm_0,-0.31825248596193134,-0.31825248596193134,-0.31825248596193134,-0.31825248596193134,-0.31510147124944154,0,highway_0,0,1384.2136646391177,1708.2136646391177,,0.2559533855265528
53.3,ego_0,1710.2424835015845,-11.200000000000003,20.28818862466707,19.231814625633433,llm_0,-0.3161453765579805,-0.3161453765579805,-0.3161453765579805,-0.3161453765579805,-0.31301522431483875,0,highway_0,0,1386.2424835015845,1710.2424835015845,,0.25026455162646855
53.4,ego_0,1712.268192846279,-11.200000000000003,20.257093446944296,19.256279154617687,llm_0,-0.31406129500001234,-0.31406129500001234,-0.31406129500001234,-0.31406129500001234,-0.310951777227757,0,highway_0,0,1388.268192846279,1712.268192846279,,0.24464528984310618
53.5,ego_0,1714.2908130816188,-11.200000000000003,20.22620235339807,19.280188636189223,llm_0,-0.3120000448169131,-0.3120000448169131,-0.3120000448169131,-0.3120000448169131,-0.3089109354622721,0,highway_0,0,1390.2908130816188,1714.2908130816188,,0.23909481571592295
53.6,ego_0,1716.3103643919064,-11.200000000000003,20.195513102875413,19.30354987134183,llm_0,-0.3099614302788063,-0.3099614302788063,-0.3099614302788063,-0.3099614302788063,-0.306892505226557,0,highway_0,0,1392.3103643919064,1716.3103643919064,,0.23361235152694704
53.7,ego_0,1718.326866739259,-11.200000000000003,20.165023473526606,19.32636958397393,llm_0,-0.307945256422965,-0.307945256422965,-0.307945256422965,-0.307945256422965,-0.30489629348807057,0,highway_0,0,1394.326866739259,1718.326866739259,,0.22819712632002975
53.8,ego_0,1720.3403398655316,-11.200000000000003,20.13473126272674,19.348654421565698,llm_0,-0.3059513290786645,-0.3059513290786645,-0.3059513290786645,-0.3059513290786645,-0.30292210799867547,0,highway_0,0,1396.3403398655316,1720.3403398655316,,0.2228483759165769
53.9,ego_0,1722.3508032942311,-11.200000000000003,20.10463428699495,19.37041095585846,llm_0,-0.30397945489107037,-0.30397945489107037,-0.30397945489107037,-0.30397945489107037,-0.3009697573178727,0,highway_0,0,1398.3508032942311,1722.3508032942311,,0.21756534292788743
54.0,ego_0,1724.3582763324223,-11.200000000000003,20.07473038191139,19.39164568353476,llm_0,-0.3020294413439877,-0.3020294413439877,-0.3020294413439877,-0.3020294413439877,-0.29903905083561,0,highway_0,0,1400.3582763324223,1724.3582763324223,,0.21234727676420206
54.1,ego_0,1726.3627780726256,-11.200000000000003,20.04501740203202,19.41236502689867,llm_0,-0.30010109678166974,-0.30010109678166974,-0.30010109678166974,-0.30010109678166974,-0.29712979879370494,0,highway_0,0,1402.3627780726256,1726.3627780726256,,0.20719343364062226
54.2,ego_0,1728.3643273947057,-11.200000000000003,20.015493220801357,19.43257533455676,llm_0,-0.29819423042969073,-0.29819423042969073,-0.29819423042969073,-0.29819423042969073,-0.29524181230662805,0,highway_0,0,1404.3643273947057,1728.3643273947057,,0.20210307658004112
54.3,ego_0,1730.3629429677521,-11.200000000000003,19.986155730463256,19.45228288209796,llm_0,-0.2963086524148254,-0.2963086524148254,-0.2963086524148254,-0.2963086524148254,-0.29337490338100736,0,highway_0,0,1406.3629429677521,1730.3629429677521,,0.1970754754131434
54.4,ego_0,1732.3586432519492,-11.200000000000003,19.957002841969775,19.471493872775454,llm_0,-0.29444417378418375,-0.29444417378418375,-0.29444417378418375,-0.29444417378418375,-0.291528884934813,0,highway_0,0,1408.3586432519492,1732.3586432519492,,0.1921099067756984
54.5,ego_0,1734.351446500438,-11.200000000000003,19.928032484888277,19.49021443818583,llm_0,-0.29260060652313546,-0.29260060652313546,-0.29260060652313546,-0.29260060652313546,-0.28970357081497866,0,highway_0,0,1410.351446500438,1734.351446500438,,0.18720565410314904
54.6,ego_0,1736.3413707611687,-11.200000000000003,19.899242607306824,19.508450638948034,llm_0,-0.2907777635726725,-0.2907777635726725,-0.2907777635726725,-0.2907777635726725,-0.2878987758145257,0,highway_0,0,1412.3413707611687,1736.3413707611687,,0.1823620076226682
54.7,ego_0,1738.3284338787425,-11.200000000000003,19.870631175737927,19.526208465382297,llm_0,-0.2889754588458623,-0.2889754588458623,-0.2889754588458623,-0.2889754588458623,-0.2861143156889767,0,highway_0,0,1414.3284338787425,1738.3284338787425,,0.17757826434281654
54.8,ego_0,1740.3126534962446,-11.200000000000003,19.842196175020764,19.54349383818635,llm_0,-0.2871935072433369,-0.2871935072433369,-0.2871935072433369,-0.2871935072433369,-0.28435000717163206,0,highway_0,0,1416.3126534962446,1740.3126534962446,,0.17285372804083465
54.9,ego_0,1742.2940470570668,-11.200000000000003,19.813935608221932,19.56031260911118,llm_0,-0.2854317246681881,-0.2854317246681881,-0.2854317246681881,-0.2854317246681881,-0.28260566798831377,0,highway_0,0,1418.2940470570668,1742.2940470570668,,0.1681877092477393
55.0,ego_0,1744.2726318067203,-11.200000000000003,19.785847496534807,19.576670561634273,llm_0,-0.28368992803995974,-0.28368992803995974,-0.28368992803995974,-0.28368992803995974,-0.2808811168712566,0,highway_0,0,1420.2726318067203,1744.2726318067203,,0.1635795252312846
55.1,ego_0,1746.248424794638,-11.200000000000003,19.757929879177578,19.592573411631975,llm_0,-0.2819679353079806,-0.2819679353079806,-0.2819679353079806,-0.2819679353079806,-0.27917617357228863,0,highway_0,0,1422.248424794638,1746.248424794638,,0.15902849997689117
55.2,ego_0,1748.2214428759669,-11.200000000000003,19.730180813290065,19.608026808048635,llm_0,-0.28026556546387216,-0.28026556546387216,-0.28026556546387216,-0.28026556546387216,-0.2774906588751236,0,highway_0,0,1424.2214428759669,1748.2214428759669,,0.15453396416663878
55.3,ego_0,1750.1917027133497,-11.200000000000003,19.702598373829325,19.623036333564414,llm_0,-0.2785826385534652,-0.2785826385534652,-0.2785826385534652,-0.2785826385534652,-0.2758243946074046,0,highway_0,0,1426.1917027133497,1750.1917027133497,,0.15009525515644384
55.4,ego_0,1752.1592207786962,-11.200000000000003,19.675180653464185,19.63760750525944,llm_0,-0.276918975687909,-0.276918975687909,-0.276918975687909,-0.276918975687909,-0.27417720365139786,0,highway_0,0,1428.1592207786962,1752.1592207786962,,0.1457117169514177
55.5,ego_0,1754.1240133549431,-11.200000000000003,19.64792576246871,19.651745775277277,llm_0,-0.2752743990542922,-0.2752743990542922,-0.2752743990542922,-0.2752743990542922,-0.27254890995475733,0,highway_0,0,1430.1240133549431,1754.1240133549431,,0.1413827001796193
55.6,ego_0,1756.0860965378047,-11.200000000000003,19.620831828614715,19.665456531483642,llm_0,-0.2736487319253531,-0.2736487319253531,-0.2736487319253531,-0.2736487319253531,-0.27093933853993946,0,highway_0,0,1432.0860965378047,1756.0860965378047,,0.1371075620641662
55.7,ego_0,1758.045486237511,-11.200000000000003,19.593896997063347,19.678745098122818,llm_0,-0.2720417986688186,-0.2720417986688186,-0.2720417986688186,-0.2720417986688186,-0.2693483155136889,0,highway_0,0,1434.045486237511,1758.045486237511,,0.13288566639386445
55.8,ego_0,1760.0021981805367,-11.200000000000003,19.56711943025582,19.691616736472042,llm_0,-0.27045342475604073,-0.27045342475604073,-0.27045342475604073,-0.27045342475604073,-0.26777566807528075,0,highway_0,0,1436.0021981805367,1760.0021981805367,,0.12871638349237458
55.9,ego_0,1761.956247911317,-11.200000000000003,19.54049730780335,19.70407664549066,llm_0,-0.26888343676994997,-0.26888343676994997,-0.26888343676994997,-0.26888343676994997,-0.266221224524692,0,highway_0,0,1437.956247911317,1761.956247911317,,0.1245990901860381
56.0,ego_0,1763.9076507939546,-11.200000000000003,19.514028826376354,19.716129962467676,llm_0,-0.2673316624126417,-0.2673316624126417,-0.2673316624126417,-0.2673316624126417,-0.2646848142699554,0,highway_0,0,1439.9076507939546,1763.9076507939546,,0.12053316977040751
56.1,ego_0,1765.856422013914,-11.200000000000003,19.487712199592966,19.727781763665234,llm_0,-0.2657979305122179,-0.2657979305122179,-0.2657979305122179,-0.2657979305122179,-0.2631662678338742,0,highway_0,0,1441.856422013914,1765.856422013914,,0.116518011975554
56.2,ego_0,1767.8025765797047,-11.200000000000003,19.46154565790691,19.73903706495821,llm_0,-0.26428207102916623,-0.26428207102916623,-0.26428207102916623,-0.26428207102916623,-0.2616654168605592,0,highway_0,0,1443.8025765797047,1767.8025765797047,,0.11255301293020636
56.3,ego_0,1769.7461293245542,-11.200000000000003,19.435527448494806,19.749900822470636,llm_0,-0.26278391506225396,-0.26278391506225396,-0.26278391506225396,-0.26278391506225396,-0.260182094121042,0,highway_0,0,1445.7461293245542,1769.7461293245542,,0.10863757512483474
56.4,ego_0,1771.6870949080685,-11.200000000000003,19.409655835142942,19.76037793320802,llm_0,-0.26130329485383863,-0.26130329485383863,-0.26130329485383863,-0.26130329485383863,-0.2587161335186394,0,highway_0,0,1447.6870949080685,1771.6870949080685,,0.10477110737366857
56.5,ego_0,1773.6254878178818,-11.200000000000003,19.383929098133564,19.770473235685586,llm_0,-0.25984004379475545,-0.25984004379475545,-0.25984004379475545,-0.25984004379475545,-0.25726737009378553,0,highway_0,0,1449.6254878178818,1773.6254878178818,,0.1009530247757695
56.6,ego_0,1775.5613223712949,-11.200000000000003,19.35834553413072,1000.0,,-0.2583939964287274,-0.2583939964287274,-0.2583939964287274,-0.2583939964287274,-0.25583564002843673,0,highway_0,0,1451.5613223712949,1775.5613223712949,,-1020.3583455341308
56.7,ego_0,1777.50534132489,-11.200000000000003,19.440189535950417,1000.0,,0.826624418378932,0.826624418378932,0.826624418378932,0.826624418378932,0.8184400181969664,0,highway_0,0,1453.50534132489,1777.50534132489,,-1020.4401895359504
56.8,ego_0,1779.4575154641718,-11.200000000000003,19.521741392819223,1000.0,,0.8236737543749538,0.8236737543749538,0.8236737543749538,0.8236737543749538,0.8155185686880628,0,highway_0,0,1455.4575154641718,1779.4575154641718,,-1020.5217413928192
56.9,ego_0,1781.417815309595,-11.200000000000003,19.60299845423223,1000.0,,0.8206963202713775,0.8206963202713775,0.8206963202713775,0.8206963202713775,0.8125706141300881,0,highway_0,0,1457.417815309595,1781.417815309595,,-1020.6029984542322
57.0,ego_0,1783.3862111184187,-11.200000000000003,19.68395808823764,1000.0,,0.8176923034546602,0.8176923034546602,0.8176923034546602,0.8176923034546602,0.8095963400540995,0,highway_0,0,1459.3862111184187,1783.3862111184187,,-1020.6839580882377
57.1,ego_0,1785.3626728866434,-11.200000000000003,19.764617682246705,1000.0,,0.8146618994915478,0.8146618994915478,0.8146618994915478,0.8146618994915478,0.8065959400906308,0,highway_0,0,1461.3626728866434,1785.3626728866434,,-1020.7646176822467
57.2,ego_0,1787.3471703510274,-11.200000000000003,19.84497464384048,1000.0,,0.8116053120971249,0.8116053120971249,0.8116053120971249,0.8116053120971249,0.8035696159377537,0,highway_0,0,1463.3471703510274,1787.3471703510274,,-1020.8449746438405
57.3,ego_0,1789.3396729911847,-11.200000000000003,19.925026401572936,1000.0,,0.8085227530978124,0.8085227530978124,0.8085227530978124,0.8085227530978124,0.8005175773245554,0,highway_0,0,1465.3396729911847,1789.3396729911847,,-1020.925026401573
57.4,ego_0,1791.3401500317616,-11.200000000000003,20.004770405769893,1000.0,,0.8054144423893009,0.8054144423893009,0.8054144423893009,0.8054144423893009,0.7974400419695726,0,highway_0,0,1467.3401500317616,1791.3401500317616,,-1021.0047704057699
57.5,ego_0,1793.348570444694,-11.200000000000003,20.0842041293233,1000.0,,0.8022806078894164,0.8022806078894164,0.8022806078894164,0.8022806078894164,0.7943372355340728,0,highway_0,0,1469.348570444694,1793.348570444694,,-1021.0842041293233
57.6,ego_0,1795.364902951542,-11.200000000000003,20.163325068480322,1000.0,,0.7991214854859158,0.7991214854859158,0.7991214854859158,0.7991214854859158,0.7912093915702201,0,highway_0,0,1471.364902951542,1795.364902951542,,-1021.1633250684803
57.7,ego_0,1797.3891160259047,-11.200000000000003,20.24213074362678,1000.0,,0.7959373189792208,0.7959373189792208,0.7959373189792208,0.7959373189792208,0.7880567514645875,0,highway_0,0,1473.3891160259047,1797.3891160259047,,-1021.2421307436268
57.8,ego_0,1799.4211778959111,-11.200000000000003,20.320618700064415,1000.0,,0.7927283600200976,0.7927283600200976,0.7927283600200976,0.7927283600200976,0.7848795643763395,0,highway_0,0,1475.4211778959111,1799.4211778959111,,-1021.3206187000644
0,llm_0,338.0,-4.8,21.3,1000.0,,,,,,0,0,highway_0,2,0.0,338.0,,-1022.3
0.1,llm_0,340.1230212898983,-4.8,21.230212898983055,1000.0,,-0.7048497202711449,-0.7048497202711449,-0.7048497202711449,-0.7048497202711449,-0.6978710101694574,0,highway_0,2,2.123021289898304,340.1230212898983,,-1022.230212898983
0.2,llm_0,342.2400112412858,-4.8,21.169899513874725,1000.0,,-0.6091651895941408,-0.6091651895941408,-0.6091651895941408,-0.6091651895941408,-0.6031338510832995,0,highway_0,2,4.240011241285799,342.2400112412858,,-1022.1698995138747
0.3,llm_0,344.351830971736,-4.8,21.118197304501585,1000.0,,-0.5221923146687198,-0.5221923146687198,-0.5221923146687198,-0.5221923146687198,-0.5170220937313985,0,highway_0,2,6.351830971735978,344.351830971736,,-1022.1181973045016
0.4,llm_0,346.45926543256076,-4.8,21.07434460824783,1000.0,,-0.44291223216291786,-0.44291223216291786,-0.44291223216291786,-0.44291223216291786,-0.4385269625375443,0,highway_0,2,8.459265432560755,346.45926543256076,,-1022.0743446082479
0.5,llm_0,348.56303201254724,-4.8,21.037665799865042,1000.0,,-0.37045596466615427,-0.37045596466615427,-0.37045596466615427,-0.37045596466615427,-0.36678808382788475,0,highway_0,2,10.56303201254724,348.56303201254724,,-1022.0376657998651
0.6,llm_0,350.6637879185621,-4.8,21.007559060148353,1000.0,,-0.3040780711385687,-0.3040780711385687,-0.3040780711385687,-0.3040780711385687,-0.30106739716689646,0,highway_0,2,12.663787918562093,350.6637879185621,,-1022.0075590601483
0.7,llm_0,352.7621365410358,-4.8,20.983486224736552,1000.0,,-0.24313563765918217,-0.24313563765918217,-0.24313563765918217,-0.24313563765918217,-0.24072835411800497,0,highway_0,2,14.762136541035773,352.7621365410358,,-1021.9834862247366
0.8,llm_0,354.8586329715146,-4.8,20.964964304788772,1000.0,,-0.1870713914725625,-0.1870713914725625,-0.1870713914725625,-0.1870713914725625,-0.18521919947779963,0,highway_0,2,16.858632971514623,354.8586329715146,,-1021.9649643047887
0.9,llm_0,356.9537888076613,-4.8,20.95155836146661,1000.0,,-0.13540002755382696,-0.13540002755382696,-0.13540002755382696,-0.13540002755382696,-0.13405943322162273,0,highway_0,2,18.953788807661283,356.9537888076613,,-1021.9515583614666
1.0,llm_0,359.0480763560928,-4.8,20.94287548431497,1000.0,,-0.08769705923152188,-0.08769705923152188,-0.08769705923152188,-0.08769705923152188,-0.08682877151638735,0,highway_0,2,21.048076356092793,359.0480763560928,,-1021.942875484315
1.1,llm_0,361.1419323236571,-4.8,20.938559675643056,1000.0,,-0.043589667586333605,-0.043589667586333605,-0.043589667586333605,-0.043589667586333605,-0.04315808671915278,0,highway_0,2,23.1419323236571,361.1419323236571,,-1021.9385596756431
1.2,llm_0,363.2357610719606,-4.8,20.938287483035182,1000.0,,-0.002749145339551018,-0.002749145339551018,-0.002749145339551018,-0.002749145339551018,-0.002721926078734782,0,highway_0,2,25.23576107196061,363.2357610719606,,-1021.9382874830352
1.3,llm_0,365.32993749727876,-4.8,20.941764253181574,1000.0,,0.035115378478550334,0.035115378478550334,0.035115378478550334,0.035115378478550334,0.034767701463920275,0,highway_0,2,27.329937497278763,365.32993749727876,,-1021.9417642531815
1.4,llm_0,367.4248095877294,-4.8,20.948720904506118,1000.0,,0.07026217837788873,0.07026217837788873,0.07026217837788873,0.07026217837788873,0.06956651324543373,0,highway_0,2,29.424809587729385,367.4248095877294,,-1021.9487209045061
1.5,llm_0,369.520700701249,-4.8,20.958911135195805,1000.0,,0.10292132996587153,0.10292132996587153,0.10292132996587153,0.10292132996587153,0.10190230689687496,0,highway_0,2,31.520700701248984,369.520700701249,,-1021.9589111351958
1.6,llm_0,371.61791160108936,-4.8,20.97210899840386,1000.0,,0.13329841840135603,0.13329841840135603,0.13329841840135603,0.13329841840135603,0.1319786320805605,0,highway_0,2,33.61791160108936,371.61791160108936,,-1021.9721089984039
1.7,llm_0,373.7167222799396,-4.8,20.988106788502396,1000.0,,0.16157767999519693,0.16157767999519693,0.16157767999519693,0.16157767999519693,0.15997790098534637,0,highway_0,2,35.716722279939574,373.7167222799396,,-1021.9881067885024
1.8,llm_0,375.81739359913746,-4.8,21.006713191978648,1000.0,,0.18792467511013683,0.18792467511013683,0.18792467511013683,0.18792467511013683,0.18606403476251643,0,highway_0,2,37.81739359913746,375.81739359913746,,-1022.0067131919786
1.9,llm_0,377.9201687655791,-4.8,21.02775166441614,1000.0,,0.212488571618669,0.212488571618669,0.212488571618669,0.212488571618669,0.21038472437492572,0,highway_0,2,39.92016876557909,377.9201687655791,,-1022.0277516644161
2.0,llm_0,380.02527466571644,-4.8,21.051059001373552,1000.0,,0.2354041032698763,0.2354041032698763,0.2354041032698763,0.2354041032698763,0.2330733695741216,0,highway_0,2,42.02527466571644,380.02527466571644,,-1022.0510590013736
2.1,llm_0,382.1329230733338,-4.8,21.07648407617386,1000.0,,0.25679325548309195,0.25679325548309195,0.25679325548309195,0.25679325548309195,0.25425074800306646,0,highway_0,2,44.132923073333814,382.1329230733338,,-1022.0764840761739
2.2,llm_0,384.2433117455219,-4.8,21.103886721880812,1000.0,,0.2767667216402482,0.2767667216402482,0.2767667216402482,0.2767667216402482,0.27402645706953166,0,highway_0,2,46.24331174552191,384.2433117455219,,-1022.1038867218808
2.3,llm_0,386.35662541934727,-4.8,21.133136738253835,1000.0,,0.2954251653675237,0.2954251653675237,0.2954251653675237,0.2954251653675237,0.2925001637302316,0,highway_0,2,48.35662541934727,386.35662541934727,,-1022.1331367382538
2.4,llm_0,388.4730367200853,-4.8,21.16411300738064,1000.0,,0.31286031818072824,0.31286031818072824,0.31286031818072824,0.31286031818072824,0.309762691268034,0,highway_0,2,50.473036720085304,388.4730367200853,,-1022.1641130073806
2.5,llm_0,390.59270699049574,-4.8,21.19670270410446,1000.0,,0.3291559369105909,0.3291559369105909,0.3291559369105909,0.3291559369105909,0.32589696723821504,0,highway_0,2,52.59270699049574,390.59270699049574,,-1022.1967027041045
2.6,llm_0,392.71578704943374,-4.8,21.23080058938024,1000.0,,0.344388641285404,0.344388641285404,0.344388641285404,0.344388641285404,0.34097885275780726,0,highway_0,2,54.71578704943374,392.71578704943374,,-1022.2308005893802
2.7,llm_0,394.8424178870722,-4.8,21.26630837638463,1000.0,,0.3586286487443105,0.3586286487443105,0.3586286487443105,0.3586286487443105,0.35507787004387836,0,highway_0,2,56.8424178870722,394.8424178870722,,-1022.2663083763846
2.8,llm_0,396.9727313031348,-4.8,21.30313416062615,1000.0,,0.3719404208393435,0.3719404208393435,0.3719404208393435,0.3719404208393435,0.3682578424152183,0,highway_0,2,58.97273130313482,396.9727313031348,,-1022.3031341606262
2.9,llm_0,399.10685049378503,-4.8,21.341191906501827,1000.0,,0.38438323334432556,0.38438323334432556,0.38438323334432556,0.38438323334432556,0.3805774587567612,0,highway_0,2,61.10685049378503,399.10685049378503,,-1022.3411919065019
3.0,llm_0,401.2448905921613,-4.8,21.380400983762538,1000.0,,0.39601168033319323,0.39601168033319323,0.39601168033319323,0.39601168033319323,0.3920907726071121,0,highway_0,2,63.24489059216131,401.2448905921613,,-1022.3804009837626
3.1,llm_0,403.38693148911557,-4.8,21.420408969542763,1000.0,,0.404080656380245,0.404080656380245,0.404080656380245,0.404080656380245,0.40007985780224686,0,highway_0,2,65.38693148911557,403.38693148911557,,-1022.4204089695428
3.2,llm_0,405.53305298540323,-4.8,21.46121496287685,1000.0,,0.4121405326742768,0.4121405326742768,0.4121405326742768,0.4121405326742768,0.40805993334085855,0,highway_0,2,67.53305298540323,405.53305298540323,,-1022.4612149628769
3.3,llm_0,407.68333341543394,-4.8,21.502804300306842,1000.0,,0.42005230804292515,0.42005230804292515,0.42005230804292515,0.42005230804292515,0.4158933742999338,0,highway_0,2,69.68333341543394,407.68333341543394,,-1022.5028043003068
3.4,llm_0,409.8378487757479,-4.8,21.545153603139532,1000.0,,0.42772795861016144,0.42772795861016144,0.42772795861016144,0.42772795861016144,0.4234930283269023,0,highway_0,2,71.83784877574789,409.8378487757479,,-1022.5451536031395
3.5,llm_0,411.99667217757417,-4.8,21.58823401826307,1000.0,,0.4351121927477244,0.4351121927477244,0.4351121927477244,0.4351121927477244,0.4308041512353711,0,highway_0,2,73.99667217757417,411.99667217757417,,-1022.588234018263
3.6,llm_0,414.1599695960288,-4.8,21.63297418454645,1000.0,,0.4518756794621101,0.4518756794621101,0.4518756794621101,0.4518756794621101,0.4474016628337907,0,highway_0,2,76.15996959602882,414.1599695960288,,-1022.6329741845465
3.7,llm_0,416.3281302542085,-4.8,21.681606581796732,1000.0,,0.49118721222787665,0.49118721222787665,0.49118721222787665,0.49118721222787665,0.4863239725028379,0,highway_0,2,78.32813025420847,416.3281302542085,,-1022.6816065817967
3.8,llm_0,418.5015208016846,-4.8,21.73390547476097,1000.0,,0.5282188189388094,0.5282188189388094,0.5282188189388094,0.5282188189388094,0.5229889296423806,0,highway_0,2,80.50152080168459,418.5015208016846,,-1022.733905474761
3.9,llm_0,420.6804861563519,-4.8,21.78965354667299,1000.0,,0.5630555263114149,0.5630555263114149,0.5630555263114149,0.5630555263114149,0.5574807191202069,0,highway_0,2,82.68048615635189,420.6804861563519,,-1022.789653546673
4.0,llm_0,422.8653503602656,-4.8,21.848642039137133,1000.0,,0.5957837738878239,0.5957837738878239,0.5957837738878239,0.5957837738878239,0.5898849246414173,0,highway_0,2,84.86535036026561,422.8653503602656,,-1022.8486420391371
4.1,llm_0,425.06803634635753,-4.8,22.02685986091931,1000.0,,1.8,1.8,1.8,1.8,1.782178217821766,0,highway_0,2,87.06803634635753,425.06803634635753,,-1023.0268598609193
4.2,llm_0,427.28854411462765,-4.8,22.205077682701486,1000.0,,1.8,1.8,1.8,1.8,1.782178217821766,0,highway_0,2,89.28854411462765,427.28854411462765,,-1023.2050776827015
4.3,llm_0,429.52687366507604,-4.8,22.383295504483662,1000.0,,1.8,1.8,1.8,1.8,1.782178217821766,0,highway_0,2,91.52687366507604,429.52687366507604,,-1023.3832955044836
4.4,llm_0,431.7830249977026,-4.8,22.56151332626584,1000.0,,1.8,1.8,1.8,1.8,1.782178217821766,0,highway_0,2,93.78302499770263,431.7830249977026,,-1023.5615133262659
4.5,llm_0,434.0569981125074,-4.8,22.739731148048016,1000.0,,1.8,1.8,1.8,1.8,1.782178217821766,0,highway_0,2,96.05699811250742,434.0569981125074,,-1023.739731148048
4.6,llm_0,436.3487930094904,-4.8,22.917948969830192,1000.0,,1.8,1.8,1.8,1.8,1.782178217821766,0,highway_0,2,98.34879300949041,436.3487930094904,,-1023.9179489698301
4.7,llm_0,438.65840968865166,-4.8,23.09616679161237,1000.0,,1.8,1.8,1.8,1.8,1.782178217821766,0,highway_0,2,100.65840968865166,438.65840968865166,,-1024.0961667916124
4.8,llm_0,440.9858481499911,-4.8,23.274384613394545,1000.0,,1.8,1.8,1.8,1.8,1.782178217821766,0,highway_0,2,102.98584814999111,440.9858481499911,,-1024.2743846133944
4.9,llm_0,443.33110839350877,-4.8,23.452602435176722,1000.0,,1.8,1.8,1.8,1.8,1.782178217821766,0,highway_0,2,105.33110839350877,443.33110839350877,,-1024.4526024351767
5.0,llm_0,445.6941904192047,-4.8,23.6308202569589,1000.0,,1.8,1.8,1.8,1.8,1.782178217821766,0,highway_0,2,107.69419041920469,445.6941904192047,,-1024.630820256959
5.1,llm_0,448.0750942270788,-4.8,23.809038078741075,1000.0,,1.8,1.8,1.8,1.8,1.782178217821766,0,highway_0,2,110.07509422707881,448.0750942270788,,-1024.809038078741
5.2,llm_0,450.4738198171311,-4.8,23.98725590052325,1000.0,,1.8,1.8,1.8,1.8,1.782178217821766,0,highway_0,2,112.47381981713113,450.47381981713113,,-1024.9872559005232
5.3,llm_0,452.89036718936165,-4.8,24.16547372230543,1000.0,,1.8,1.8,1.8,1.8,1.782178217821766,0,highway_0,2,114.89036718936165,452.89036718936165,,-1025.1654737223055
5.4,llm_0,455.32473634377044,-4.8,24.343691544087605,1000.0,,1.8,1.8,1.8,1.8,1.782178217821766,0,highway_0,2,117.32473634377044,455.32473634377044,,-1025.3436915440875
5.5,llm_0,457.77692728035737,-4.8,24.52190936586978,1000.0,,1.8,1.8,1.8,1.8,1.782178217821766,0,highway_0,2,119.77692728035743,457.7769272803574,,-1025.5219093658698
5.6,llm_0,460.2469399991226,-4.8,24.700127187651958,1000.0,,1.8,1.8,1.8,1.8,1.782178217821766,0,highway_0,2,122.24693999912262,460.2469399991226,,-1025.700127187652
5.7,llm_0,462.73477450006595,-4.8,24.878345009434135,1000.0,,1.8,1.8,1.8,1.8,1.782178217821766,0,highway_0,2,124.73477450006601,462.734774500066,,-1025.878345009434
5.8,llm_0,465.24043078318766,-4.8,25.05656283121631,1000.0,,1.8,1.8,1.8,1.8,1.782178217821766,0,highway_0,2,127.24043078318766,465.24043078318766,,-1026.0565628312163
5.9,llm_0,467.7639088484875,-4.8,25.234780652998488,1000.0,,1.8,1.8,1.8,1.8,1.782178217821766,0,highway_0,2,129.76390884848752,467.7639088484875,,-1026.2347806529986
6.0,llm_0,470.3052086959655,-4.8,25.412998474780665,1000.0,,1.8,1.8,1.8,1.8,1.782178217821766,0,highway_0,2,132.30520869596558,470.3052086959656,,-1026.4129984747806
6.1,llm_0,472.86433032562184,-4.8,25.59121629656284,1000.0,,1.8,1.8,1.8,1.8,1.782178217821766,0,highway_0,2,134.86433032562184,472.86433032562184,,-1026.5912162965628
6.2,llm_0,475.4412737374564,-4.8,25.769434118345018,1000.0,,1.8,1.8,1.8,1.8,1.782178217821766,0,highway_0,2,137.44127373745636,475.44127373745636,,-1026.769434118345
6.3,llm_0,478.0360389314691,-4.8,25.947651940127194,1000.0,,1.8,1.8,1.8,1.8,1.782178217821766,0,highway_0,2,140.03603893146908,478.0360389314691,,-1026.9476519401271
6.4,llm_0,480.64862590766006,-4.8,26.12586976190937,1000.0,,1.8,1.8,1.8,1.8,1.782178217821766,0,highway_0,2,142.64862590766,480.64862590766,,-1027.1258697619094
6.5,llm_0,483.2542961224519,-4.8,26.056702147919232,1000.0,,-0.6985929013003929,-0.6985929013003929,-0.6985929013003929,-0.6985929013003929,-0.6916761399013893,0,highway_0,2,145.25429612245193,483.25429612245193,,-1027.0567021479192
6.6,llm_0,485.85326404438894,-4.8,25.989679219369798,1000.0,,-0.676931578349265,-0.676931578349265,-0.676931578349265,-0.676931578349265,-0.6702292854943437,0,highway_0,2,147.85326404438894,485.85326404438894,,-1026.9896792193697
6.7,llm_0,488.4457694020764,-4.8,25.925053576874294,1000.0,,-0.6527189892045876,-0.6527189892045876,-0.6527189892045876,-0.6527189892045876,-0.646256424955034,0,highway_0,2,150.4457694020764,488.4457694020764,,-1026.9250535768742
6.8,llm_0,491.03207444668595,-4.8,25.863050446095006,1000.0,,-0.6262316208708231,-0.6262316208708231,-0.6262316208708231,-0.6262316208708231,-0.6200313077928854,0,highway_0,2,153.0320744466859,491.0320744466859,,-1026.863050446095
6.9,llm_0,493.6124612607641,-4.8,25.80386814078202,1000.0,,-0.5977412836611733,-0.5977412836611733,-0.5977412836611733,-0.5977412836611733,-0.5918230531298718,0,highway_0,2,155.61246126076412,493.6124612607641,,-1026.803868140782
7.0,llm_0,496.18722913903486,-4.8,25.74767878270787,1000.0,,-0.567512516548904,-0.567512516548904,-0.567512516548904,-0.567512516548904,-0.5618935807414971,0,highway_0,2,158.1872291390349,496.1872291390349,,-1026.747678782708
7.1,llm_0,498.7566920627146,-4.8,25.694629236796725,37.99429803629537,llm_1,-0.5358004137025666,-0.5358004137025666,-0.5358004137025666,-0.5358004137025666,-0.5304954591114353,0,highway_0,2,160.7566920627146,498.7566920627146,,8.241014327559714
7.2,llm_0,501.3212929602581,-4.8,25.646008975435066,38.82326149518722,llm_1,-0.49106463975273085,-0.49106463975273085,-0.49106463975273085,-0.49106463975273085,-0.4862026136165909,0,highway_0,2,163.32129296025812,501.3212929602581,,8.289634588921373
7.3,llm_0,503.8815275659356,-4.8,25.602346056774472,39.65659124594536,llm_1,-0.44099547847200654,-0.44099547847200654,-0.44099547847200654,-0.44099547847200654,-0.4366291866059413,0,highway_0,2,165.88152756593558,503.8815275659356,,8.333297507581968
7.4,llm_0,506.437858124723,-4.8,25.563305587874492,40.49382504359355,llm_1,-0.3943087358898135,-0.3943087358898135,-0.3943087358898135,-0.3943087358898135,-0.3904046889998014,0,highway_0,2,168.43785812472305,506.43785812472305,,8.372337976481948
7.5,llm_0,508.99071613966964,-4.8,25.528580149465505,41.33453138508285,llm_1,-0.3507269279307455,-0.3507269279307455,-0.3507269279307455,-0.3507269279307455,-0.3472543840898723,0,highway_0,2,170.9907161396696,508.9907161396696,,8.407063414890935
7.6,llm_0,511.54050483482115,-4.8,25.497886951514868,42.17830704636672,llm_1,-0.31000129930140846,-0.31000129930140846,-0.31000129930140846,-0.31000129930140846,-0.3069319795063663,0,highway_0,2,173.5405048348211,511.5405048348211,,8.437756612841572
7.7,llm_0,514.0876013692854,-4.8,25.470965344643194,43.024774868337865,llm_1,-0.2719082294039046,-0.2719082294039046,-0.2719082294039046,-0.2719082294039046,-0.2692160687167444,0,highway_0,2,176.08760136928538,514.0876013692854,,8.464678219713246
7.8,llm_0,516.6323588328453,-4.8,25.447574635598617,43.87358176121379,llm_1,-0.2362461613502506,-0.2362461613502506,-0.2362461613502506,-0.2362461613502506,-0.23390709044576852,0,highway_0,2,178.63235883284528,516.6323588328453,,8.488068928757823
7.9,llm_0,519.1751080491996,-4.8,25.42749216354343,44.724396901295314,llm_1,-0.20283296775736245,-0.20283296775736245,-0.20283296775736245,-0.20283296775736245,-0.2008247205518643,0,highway_0,2,181.1751080491996,519.1751080491996,,8.50815140081301
8.0,llm_0,521.7161592092881,-4.8,25.410511600884465,45.576910097642305,llm_1,-0.17150368285556916,-0.17150368285556916,-0.17150368285556916,-0.17150368285556916,-0.1698056265896497,0,highway_0,2,183.7161592092881,521.7161592092881,,8.525131963471974
8.1,llm_0,524.2558033540982,-4.8,25.39644144810208,46.43083030926764,llm_1,-0.14210854310207985,-0.14210854310207985,-0.14210854310207985,-0.14210854310207985,-0.14070152782384326,0,highway_0,2,186.25580335409825,524.2558033540982,,8.539202116254359
8.2,llm_0,526.7943137237733,-4.8,25.3851036967503,47.285884296028236,llm_1,-0.11451128865299263,-0.11451128865299263,-0.11451128865299263,-0.11451128865299263,-0.11337751351781833,0,highway_0,2,188.79431372377326,526.7943137237733,,8.55053986760614
8.3,llm_0,529.3319469876438,-4.8,25.376332638705954,48.14181538859348,llm_1,-0.0885876862478992,-0.0885876862478992,-0.0885876862478992,-0.0885876862478992,-0.08771058044345637,0,highway_0,2,191.33194698764385,529.3319469876438,,8.559310925650486
8.4,llm_0,531.8689443679431,-4.8,25.369973802992018,48.998382364729515,llm_1,-0.0642242407107453,-0.0642242407107453,-0.0642242407107453,-0.0642242407107453,-0.06358835713935918,0,highway_0,2,193.86894436794307,531.8689443679431,,8.565669761364422
8.5,llm_0,534.4055326683641,-4.8,25.365883004210993,49.85535842074396,llm_1,-0.04131706768835905,-0.04131706768835905,-0.04131706768835905,-0.04131706768835905,-0.04090798781025029,0,highway_0,2,196.40553266836412,534.4055326683641,,8.569760560145447
8.6,llm_0,536.9419252172537,-4.8,25.36392548889597,50.7125302282901,llm_1,-0.019770904681732638,-0.019770904681732638,-0.019770904681732638,-0.019770904681732638,-0.01957515315023528,0,highway_0,2,198.9419252172537,536.9419252172537,,8.57171807546047
8.7,llm_0,539.4783227340534,-4.8,25.36397516799804,51.569697067926064,llm_1,0.0005017589309075543,0.0005017589309075543,0.0005017589309075543,0.0005017589309075543,0.0004967910206943316,0,highway_0,2,201.47832273405345,539.4783227340534,,8.571668396358401
8.8,llm_0,542.0149141265877,-4.8,25.365913925341882,52.42667003182746,llm_1,0.01958144917283462,0.01958144917283462,0.01958144917283462,0.01958144917283462,0.019387573438436334,0,highway_0,2,204.01491412658766,542.0149141265877,,8.569729639014557
8.9,llm_0,544.5519335648551,-4.8,25.370194382674203,53.283214949995546,llm_1,0.04323261905642401,0.04323261905642401,0.04323261905642401,0.04323261905642401,0.04280457332320964,0,highway_0,2,206.55193356485506,544.5519335648551,,8.565449181682236
9.0,llm_0,547.0896757861585,-4.8,25.377422213034396,54.1390370851278,llm_1,0.07300108663794545,0.07300108663794545,0.07300108663794545,0.07300108663794545,0.07227830360193366,0,highway_0,2,209.08967578615852,547.0896757861585,,8.558221351322043
9.1,llm_0,549.6284266974894,-4.8,25.38750911330955,54.99385053023261,llm_1,0.10187769277906443,0.10187769277906443,0.10187769277906443,0.10187769277906443,0.1008690027515513,0,highway_0,2,211.62842669748943,549.6284266974894,,8.548134451046888
9.2,llm_0,552.1684631356255,-4.8,25.400364381361534,55.84737844853189,llm_1,0.1298382073250157,0.1298382073250157,0.1298382073250157,0.1298382073250157,0.1285526805198245,0,highway_0,2,214.16846313562553,552.1684631356255,,8.535279182994906
9.3,llm_0,554.7100526819318,-4.8,25.41589546306261,56.69935325866127,llm_1,0.1568639251808706,0.1568639251808706,0.1568639251808706,0.1568639251808706,0.15531081701077198,0,highway_0,2,216.71005268193176,554.7100526819318,,8.519748101293828
9.4,llm_0,557.2534535261667,-4.8,25.434008442349814,57.54951677086215,llm_1,0.18294109080073384,0.18294109080073384,0.18294109080073384,0.18294109080073384,0.1811297928720279,0,highway_0,2,219.2534535261667,557.2534535261667,,8.501635122006626
9.5,llm_0,559.7989143739899,-4.8,25.454608478231947,58.39762027947459,llm_1,0.2080603624095539,0.2080603624095539,0.2080603624095539,0.2080603624095539,0.20600035882132772,0,highway_0,2,221.79891437398987,559.7989143739899,,8.481035086124493
9.6,llm_0,562.346674393259,-4.8,25.47760019269173,59.243424616640915,llm_1,0.23221631604381263,0.23221631604381263,0.23221631604381263,0.23221631604381263,0.22991714459784873,0,highway_0,2,224.34667439325904,562.346674393259,,8.458043371664708
9.7,llm_0,564.896963194596,-4.8,25.502888013369866,60.08670017173936,llm_1,0.25540698884914464,0.25540698884914464,0.25540698884914464,0.25540698884914464,0.25287820678133954,0,highway_0,2,226.89696319459597,564.896963194596,,8.432755550986574
9.8,llm_0,567.4500008420772,-4.8,25.530376474812357,60.927226880693844,llm_1,0.27763346056913496,0.27763346056913496,0.27763346056913496,0.27763346056913496,0.27488461442491285,0,highway_0,2,229.4500008420772,567.4500008420772,,8.405267089544083
9.9,llm_0,570.0208602717366,-4.8,25.708594296594534,61.84993180747024,llm_1,1.8,1.8,1.8,1.8,1.782178217821766,0,highway_0,2,232.02086027173664,570.0208602717366,,8.227049267761906
10.0,llm_0,572.6095414835743,-4.8,25.88681211837671,62.654814952068094,llm_1,1.8,1.8,1.8,1.8,1.782178217821766,0,highway_0,2,234.60954148357428,572.6095414835743,,8.04883144597973
10.1,llm_0,575.2160444775901,-4.8,26.065029940158887,63.44187631448786,llm_1,1.8,1.8,1.8,1.8,1.782178217821766,0,highway_0,2,237.21604447759012,575.2160444775901,,7.870613624197553
10.2,llm_0,577.8403692537843,-4.8,26.243247761941063,64.2111158947293,llm_1,1.8,1.8,1.8,1.8,1.782178217821766,0,highway_0,2,239.84036925378427,577.8403692537843,,7.692395802415376
10.3,llm_0,580.4825158121566,-4.8,26.42146558372324,64.96253369279266,llm_1,1.8,1.8,1.8,1.8,1.782178217821766,0,highway_0,2,242.48251581215663,580.4825158121566,,7.5141779806332
10.4,llm_0,583.1424841527072,-4.8,26.599683405505417,65.69612970867747,llm_1,1.8,1.8,1.8,1.8,1.782178217821766,0,highway_0,2,245.1424841527072,583.1424841527072,,7.335960158851023
10.5,llm_0,585.820274275436,-4.8,26.777901227287593,66.4119039423842,llm_1,1.8,1.8,1.8,1.8,1.782178217821766,0,highway_0,2,247.82027427543596,585.820274275436,,7.157742337068846
10.6,llm_0,588.5158861803429,-4.8,26.95611904906977,67.10985639391306,llm_1,1.8,1.8,1.8,1.8,1.782178217821766,0,highway_0,2,250.51588618034293,588.5158861803429,,6.97952451528667
10.7,llm_0,591.2293198674281,-4.8,27.134336870851946,67.78998706326361,llm_1,1.8,1.8,1.8,1.8,1.782178217821766,0,highway_0,2,253.2293198674281,591.2293198674281,,6.801306693504493
10.8,llm_0,593.9605753366915,-4.8,27.312554692634123,68.45229595043584,llm_1,1.8,1.8,1.8,1.8,1.782178217821766,0,highway_0,2,255.96057533669148,593.9605753366915,,6.623088871722317
10.9,llm_0,596.709652588133,-4.8,27.4907725144163,69.09678305542975,llm_1,1.8,1.8,1.8,1.8,1.782178217821766,0,highway_0,2,258.70965258813305,596.709652588133,,6.44487104994014
11.0,llm_0,599.4552612222179,-4.8,27.456086340848238,69.64473877778059,llm_1,-0.35033035303744203,-0.35033035303744203,-0.35033035303744203,-0.35033035303744203,-0.3468617356806192,0,highway_0,2,261.4552612222179,599.4552612222179,,6.479557223508202
11.1,llm_0,602.1975271221387,-4.8,27.42265899920793,70.29603723429554,llm_1,-0.3376161505671316,-0.3376161505671316,-0.3376161505671316,-0.3376161505671316,-0.33427341640308583,0,highway_0,2,264.1975271221387,602.1975271221387,,6.5129845651485105
11.2,llm_0,604.9365876306379,-4.8,27.39060508499116,70.95054108223175,llm_1,-0.3237445335893256,-0.3237445335893256,-0.3237445335893256,-0.3237445335893256,-0.3205391421676751,0,highway_0,2,266.93658763063786,604.9365876306379,,6.545038479365278
11.3,llm_0,607.6725904093734,-4.8,27.36002778735514,71.60810265993186,llm_1,-0.3088307061238426,-0.3088307061238426,-0.3088307061238426,-0.3088307061238426,-0.30577297636021683,0,highway_0,2,269.67259040937336,607.6725904093734,,6.5756157770013
11.4,llm_0,610.4056923330828,-4.8,27.331019237094857,72.26856509265812,llm_1,-0.2929863576288575,-0.2929863576288575,-0.2929863576288575,-0.2929863576288575,-0.29008550260282817,0,highway_0,2,272.4056923330828,610.4056923330828,,6.6046243272615826
11.5,llm_0,613.1360584110445,-4.8,27.303660779616187,72.93176337113218,llm_1,-0.2763204205345545,-0.2763204205345545,-0.2763204205345545,-0.2763204205345545,-0.27358457478669607,0,highway_0,2,275.1360584110445,613.1360584110445,,6.631982784740252
11.6,llm_0,615.8638607412091,-4.8,27.278023301646126,73.59752539740302,llm_1,-0.25893852749760543,-0.25893852749760543,-0.25893852749760543,-0.25893852749760543,-0.2563747797006144,0,highway_0,2,277.8638607412091,615.8638607412091,,6.657620262710314
11.7,llm_0,618.5892775015135,-4.8,27.254167603043268,74.26567299353391,llm_1,-0.24094255588889588,-0.24094255588889588,-0.24094255588889588,-0.24094255588889588,-0.2385569860285841,0,highway_0,2,280.5892775015135,618.5892775015135,,6.681475961313172
11.8,llm_0,621.3124919820566,-4.8,27.23214480543151,74.93602286942664,llm_1,-0.2224302558787492,-0.2224302558787492,-0.2224302558787492,-0.2224302558787492,-0.22022797611757738,0,highway_0,2,283.3124919820566,621.3124919820566,,6.70349875892493
11.9,llm_0,624.033691661041,-4.8,27.211996789843365,75.6083875468781,llm_1,-0.2034949574402466,-0.2034949574402466,-0.2034949574402466,-0.2034949574402466,-0.2014801558814483,0,highway_0,2,286.03369166104096,624.033691661041,,6.723646774513075
12.0,llm_0,626.7530673266509,-4.8,27.19375665610012,76.28257623770341,llm_1,-0.18422535080679298,-0.18422535080679298,-0.18422535080679298,-0.18422535080679298,-0.18240133743244513,0,highway_0,2,288.7530673266509,626.7530673266509,,6.741886908256319
12.1,llm_0,629.4708122463761,-4.8,27.177449197251384,76.95839567441371,llm_1,-0.16470533437224114,-0.16470533437224114,-0.16470533437224114,-0.16470533437224114,-0.1630745884873619,0,highway_0,2,291.4708122463761,629.4708122463761,,6.758194367105055
12.2,llm_0,632.1871213846786,-4.8,27.163091383024632,77.6356508925472,llm_1,-0.14501392369019528,-0.14501392369019528,-0.14501392369019528,-0.14501392369019528,-0.14357814226752197,0,highway_0,2,294.18712138467856,632.1871213846786,,6.7725521813318075
12.3,llm_0,634.9021906693664,-4.8,27.150692846877924,78.31414596429485,llm_1,-0.1252252150817318,-0.1252252150817318,-0.1252252150817318,-0.1252252150817318,-0.12398536146708494,0,highway_0,2,296.9021906693664,634.9021906693664,,6.784950717478516
12.4,llm_0,637.616216103724,-4.8,27.140254343575734,78.99368488637273,llm_1,-0.10542888335213219,-0.10542888335213219,-0.10542888335213219,-0.10542888335213219,-0.10438503302189872,0,highway_0,2,299.616216103724,637.616216103724,,6.795389220780706
12.5,llm_0,640.3293900096219,-4.8,27.13173905897809,79.67407533691048,llm_1,-0.0860043744362025,-0.0860043744362025,-0.0860043744362025,-0.0860043744362025,-0.08515284597642392,0,highway_0,2,302.3293900096219,640.3293900096219,,6.803904505378348
12.6,llm_0,643.0419006089752,-4.8,27.125105993533296,80.35512909399299,llm_1,-0.06699396099241911,-0.06699396099241911,-0.06699396099241911,-0.06699396099241911,-0.0663306544479525,0,highway_0,2,305.0419006089752,643.0419006089752,,6.8105375708231435
12.7,llm_0,645.7539316526402,-4.8,27.120310436650275,81.03666240676361,llm_1,-0.04843512451851063,-0.04843512451851063,-0.04843512451851063,-0.04843512451851063,-0.04795556883021135,0,highway_0,2,307.7539316526402,645.7539316526402,,6.815333127706165
12.8,llm_0,648.4656620937396,-4.8,27.117304410994972,81.71849632209964,llm_1,-0.03036085911853915,-0.03036085911853915,-0.03036085911853915,-0.03036085911853915,-0.030060256553028353,0,highway_0,2,310.46566209373964,648.4656620937396,,6.8183391533614675
12.9,llm_0,651.177265802453,-4.8,27.116037087133467,82.40045696982187,llm_1,-0.012799971001217516,-0.012799971001217516,-0.012799971001217516,-0.012799971001217516,-0.012673238615050764,0,highway_0,2,313.177265802453,651.177265802453,,6.8196064772229725
13.0,llm_0,653.8889113193743,-4.8,27.11645516921335,83.08237580933618,llm_1,0.004222629006794153,0.004222629006794153,0.004222629006794153,0.004222629006794153,0.004180820798822538,0,highway_0,2,315.8889113193743,653.8889113193743,,6.81918839514309
13.1,llm_0,656.6007616446333,-4.8,27.11850325258992,83.76408984051304,llm_1,0.020685642103357618,0.020685642103357618,0.020685642103357618,0.020685642103357618,0.020480833765716966,0,highway_0,2,318.6007616446333,656.6007616446333,,6.817140311766519
13.2,llm_0,659.3129740600804,-4.8,27.122124154470555,84.44544178150144,llm_1,0.03657110899440347,0.03657110899440347,0.03657110899440347,0.03657110899440347,0.03620901880633909,0,highway_0,2,321.31297406008036,659.3129740600804,,6.813519409885885
13.3,llm_0,662.0256999819579,-4.8,27.127259218775432,85.12628021605914,llm_1,0.05186414947925668,0.05186414947925668,0.05186414947925668,0.05186414947925668,0.051350643048770905,0,highway_0,2,324.0256999819579,662.0256999819579,,6.808384345581008
13.4,llm_0,664.739084841608,-4.8,27.133848596501053,85.80645971284488,llm_1,0.0665527150288051,0.0665527150288051,0.0665527150288051,0.0665527150288051,0.06589377725621404,0,highway_0,2,326.739084841608,664.739084841608,,6.801794967855386
13.5,llm_0,667.453267991901,-4.8,27.141831502929897,86.48584091898746,llm_1,0.08062735493131915,0.08062735493131915,0.08062735493131915,0.08062735493131915,0.0798290642884325,0,highway_0,2,329.45326799190104,667.453267991901,,6.793812061426543
13.6,llm_0,670.1683826372071,-4.8,27.15114645305982,87.16429063011705,llm_1,0.09408099631222008,0.09408099631222008,0.09408099631222008,0.09408099631222008,0.09314950129923005,0,highway_0,2,332.16838263720706,670.1683826372071,,6.78449711129662
13.7,llm_0,672.8845557848706,-4.8,27.16173147663505,87.841681838889,llm_1,0.10690873810984106,0.10690873810984106,0.10690873810984106,0.10690873810984106,0.10585023575231389,0,highway_0,2,334.8845557848706,672.8845557848706,,6.7739120877213885
13.8,llm_0,675.6019082162857,-4.8,27.17352431415024,88.51789376390965,llm_1,0.1191076589033869,0.1191076589033869,0.1191076589033869,0.1191076589033869,0.11792837515187671,0,highway_0,2,337.60190821628566,675.6019082162857,,6.762119250206201
13.9,llm_0,678.3205544758031,-4.8,27.186462595173925,89.19281186082807,llm_1,0.13067663833923343,0.13067663833923343,0.13067663833923343,0.13067663833923343,0.12938281023686216,0,highway_0,2,340.3205544758031,678.3205544758031,,6.749180969182515
14.0,llm_0,681.0406028758332,-4.8,27.200484000300808,89.86632781723333,llm_1,0.14161619178148832,0.14161619178148832,0.14161619178148832,0.14161619178148832,0.1402140512688277,0,highway_0,2,343.0406028758332,681.0406028758332,,6.735159564055632
14.1,llm_0,683.7621555166328,-4.8,27.215526407995814,90.53833953286912,llm_1,0.15192831771953874,0.15192831771953874,0.15192831771953874,0.15192831771953874,0.15042407695005977,0,highway_0,2,345.7621555166328,683.7621555166328,,6.720117156360626
14.2,llm_0,686.5015299396106,-4.8,27.39374422977799,91.29252946632728,llm_1,1.8,1.8,1.8,1.8,1.782178217821766,0,highway_0,2,348.5015299396106,686.5015299396106,,6.541899334578449
14.3,llm_0,689.2587261447666,-4.8,27.571962051560167,91.92889761760678,llm_1,1.8,1.8,1.8,1.8,1.782178217821766,0,highway_0,2,351.25872614476657,689.2587261447666,,6.363681512796273
14.4,llm_0,692.0337441321008,-4.8,27.750179873342343,92.54744398670819,llm_1,1.8,1.8,1.8,1.8,1.782178217821766,0,highway_0,2,354.03374413210076,692.0337441321008,,6.185463691014096
14.5,llm_0,694.8265839016132,-4.8,27.92839769512452,93.14816857363151,llm_1,1.8,1.8,1.8,1.8,1.782178217821766,0,highway_0,2,356.82658390161316,694.8265839016132,,6.0072458692319195
14.6,llm_0,697.6372454533039,-4.8,28.106615516906697,93.73107137837628,llm_1,1.8,1.8,1.8,1.8,1.782178217821766,0,highway_0,2,359.6372454533039,697.6372454533039,,5.829028047449743
14.7,llm_0,700.4462693840911,-4.8,28.090239307872697,94.21561180402475,llm_1,-0.16539971124342506,-0.16539971124342506,-0.16539971124342506,-0.16539971124342506,-0.16376209034000055,0,highway_0,2,362.4462693840911,700.4462693840911,,5.845404256483743
14.8,llm_0,703.2536859239252,-4.8,28.074165398341414,94.80175962062603,llm_1,-0.16234648626597722,-0.16234648626597722,-0.16234648626597722,-0.16234648626597722,-0.16073909531282737,0,highway_0,2,365.2536859239252,703.2536859239252,,5.861478166015026
14.9,llm_0,706.0595293108718,-4.8,28.05843386946584,95.3894805901152,llm_1,-0.15888844164331012,-0.15888844164331012,-0.15888844164331012,-0.15888844164331012,-0.15731528875573275,0,highway_0,2,368.05952931087177,706.0595293108718,,5.877209694890599
15.0,llm_0,708.8638374797414,-4.8,28.043081688695754,95.97873677768106,llm_1,-0.15505702577788563,-0.15505702577788563,-0.15505702577788563,-0.15505702577788563,-0.15352180770086932,0,highway_0,2,370.8638374797414,708.8638374797414,,5.892561875660686
15.1,llm_0,711.6666517602273,-4.8,28.02814280485848,96.56948685363088,llm_1,-0.1508827267564927,-0.1508827267564927,-0.1508827267564927,-0.1508827267564927,-0.14938883837274375,0,highway_0,2,373.6666517602273,711.6666517602273,,5.90750075949796
15.2,llm_0,714.4680165800136,-4.8,28.013648197862445,97.1616863902801,llm_1,-0.14639553065995012,-0.14639553065995012,-0.14639553065995012,-0.14639553065995012,-0.14494606996034776,0,highway_0,2,376.46801658001357,714.4680165800136,,5.921995366493995
15.3,llm_0,717.2679791737161,-4.8,27.99962593702473,97.75528815301342,llm_1,-0.14162483446088162,-0.14162483446088162,-0.14162483446088162,-0.14162483446088162,-0.14022260837712963,0,highway_0,2,379.26797917371607,717.2679791737161,,5.936017627331708
15.4,llm_0,720.0665892984299,-4.8,27.986101247138865,98.3502423847352,llm_1,-0.136599367847222,-0.136599367847222,-0.136599367847222,-0.136599367847222,-0.1352468988586608,0,highway_0,2,382.0665892984299,720.0665892984299,,5.949542317217574
15.5,llm_0,722.8638989565712,-4.8,27.97309658141326,98.94649708302947,llm_1,-0.13134712382859437,-0.13134712382859437,-0.13134712382859437,-0.13134712382859437,-0.13004665725606657,0,highway_0,2,384.86389895657123,722.8638989565712,,5.962546982943181
15.6,llm_0,725.6599621266145,-4.8,27.960631700432074,99.54399826942162,llm_1,-0.12589529790998308,-0.12589529790998308,-0.12589529790998308,-0.12589529790998308,-0.12464880981184479,0,highway_0,2,387.65996212661446,725.6599621266145,,5.975011863924365
15.7,llm_0,728.4548345022463,-4.8,27.94872375631784,100.14269025022551,llm_1,-0.12027023555374951,-0.12027023555374951,-0.12027023555374951,-0.12027023555374951,-0.11907944114234681,0,highway_0,2,390.4548345022463,728.4548345022463,,5.9869198080386
15.8,llm_0,731.2485732403771,-4.8,27.937387381308028,100.74251586853038,llm_1,-0.11449738759910905,-0.11449738759910905,-0.11449738759910905,-0.11449738759910905,-0.11336375009811661,0,highway_0,2,393.24857324037714,731.2485732403771,,5.998256183048412
15.9,llm_0,734.0412367183766,-4.8,27.926634779994735,101.34341674696631,llm_1,-0.1086012732642391,-0.1086012732642391,-0.1086012732642391,-0.1086012732642391,-0.10752601313292587,0,highway_0,2,396.0412367183766,734.0412367183766,,6.009008784361704
16.0,llm_0,736.8328843008283,-4.8,27.91647582451717,101.94533352095036,llm_1,-0.10260545032342859,-0.10260545032342859,-0.10260545032342859,-0.10260545032342859,-0.10158955477564291,0,highway_0,2,398.83288430082825,736.8328843008283,,6.0191677398392684
16.1,llm_0,739.6235761160322,-4.8,27.90691815203939,102.54820606218206,llm_1,-0.0965324920256094,-0.0965324920256094,-0.0965324920256094,-0.0965324920256094,-0.0955767247778283,0,highway_0,2,401.62357611603215,739.6235761160322,,6.028725412317051
16.2,llm_0,742.4133728424212,-4.8,27.897967263890468,103.15197369222855,llm_1,-0.09040397030412554,-0.09040397030412554,-0.09040397030412554,-0.09040397030412554,-0.089508881489202,0,highway_0,2,404.41337284242115,742.4133728424212,,6.0376763004659715
16.3,llm_0,745.2023355050002,-4.8,27.889626625789784,103.75657538608536,llm_1,-0.08424044481687841,-0.08424044481687841,-0.08424044481687841,-0.08424044481687841,-0.08340638100683861,0,highway_0,2,407.2023355050002,745.2023355050002,,6.046016938566655
16.4,llm_0,747.9905252818628,-4.8,27.88189776862611,104.36194996565823,llm_1,-0.07806145735308148,-0.07806145735308148,-0.07806145735308148,-0.07806145735308148,-0.07728857163673553,0,highway_0,2,409.9905252818628,747.9905252818628,,6.053745795730329
16.5,llm_0,750.7780033207933,-4.8,27.874780389304902,104.9680362831634,llm_1,-0.07188553114421294,-0.07188553114421294,-0.07188553114421294,-0.07188553114421294,-0.07117379321208261,0,highway_0,2,412.77800332079335,750.7780033207933,,6.060863175051537
16.6,llm_0,753.5648305659157,-4.8,27.86827245122328,105.57477339447664,llm_1,-0.06573017462441169,-0.06573017462441169,-0.06573017462441169,-0.06573017462441169,-0.065079380816222,0,highway_0,2,415.5648305659157,753.5648305659157,,6.067371113133159
16.7,llm_0,756.3511427511577,-4.8,27.863121852419596,106.18202556567027,llm_1,-0.05202104791722054,-0.05202104791722054,-0.05202104791722054,-0.05202104791722054,-0.05150598803684403,0,highway_0,2,418.3511427511577,756.3511427511577,,6.072521711936844
16.8,llm_0,759.1370755159855,-4.8,27.859327648278658,106.7896571572779,llm_1,-0.03832146182346588,-0.03832146182346588,-0.03832146182346588,-0.03832146182346588,-0.03794204140938007,0,highway_0,2,421.13707551598554,759.1370755159855,,6.076315916077782
16.9,llm_0,761.9227640131713,-4.8,27.856884971857472,107.39753301652783,llm_1,-0.024671031853990753,-0.024671031853990753,-0.024671031853990753,-0.024671031853990753,-0.024426764211860075,0,highway_0,2,423.92276401317133,761.9227640131713,,6.078758592498968
17.0,llm_0,764.7083425426391,-4.8,27.8557852946774,108.00551884349565,llm_1,-0.011106739518707413,-0.011106739518707413,-0.011106739518707413,-0.011106739518707413,-0.010996771800719785,0,highway_0,2,426.7083425426391,764.7083425426391,,6.07985826967904
17.1,llm_0,767.4939442108544,-4.8,27.856016682152674,108.6134815317159,llm_1,0.002337013500252625,0.002337013500252625,0.002337013500252625,0.002337013500252625,0.0023138747527440273,0,highway_0,2,429.49394421085435,767.4939442108544,,6.079626882203765
17.2,llm_0,770.279700615111,-4.8,27.857564042566377,109.22128948389499,llm_1,0.015628340178382924,0.015628340178382924,0.015628340178382924,0.015628340178382924,0.015473604137028474,0,highway_0,2,432.279700615111,770.279700615111,,6.0780795217900625
17.3,llm_0,773.0657415519805,-4.8,27.860409368695493,109.82881290346106,llm_1,0.028737793904062114,0.028737793904062114,0.028737793904062114,0.028737793904062114,0.028453261291154774,0,highway_0,2,435.0657415519805,773.0657415519805,,6.075234195660947
17.4,llm_0,775.8521947491167,-4.8,27.864531971362055,110.43592406276034,llm_1,0.041638286932299894,0.041638286932299894,0.041638286932299894,0.041638286932299894,0.041226026665626136,0,highway_0,2,437.85219474911673,775.8521947491167,,6.071111592994384
17.5,llm_0,778.639099738801,-4.8,27.869049896842718,111.04258342951172,llm_1,0.04563104735468441,0.04563104735468441,0.04563104735468441,0.04563104735468441,0.045179254806626545,0,highway_0,2,440.63909973880095,778.639099738801,,6.066593667513722
17.6,llm_0,781.4264885280277,-4.8,27.87388789226781,111.6487589967206,llm_1,0.04886375379342128,0.04886375379342128,0.04886375379342128,0.04886375379342128,0.0483799542509189,0,highway_0,2,443.4264885280277,781.4264885280277,,6.06175567208863
17.7,llm_0,784.2316990994327,-4.81,28.052105714049986,112.35889495996908,llm_1,1.8,1.8,1.8,1.8,1.782178217821766,0,highway_0,2,446.2316990994327,784.2316990994327,,6.101359632484673
17.8,llm_0,787.054731453016,-4.83,28.230323535832163,112.97299131925713,llm_1,1.8,1.8,1.8,1.8,1.782178217821766,0,highway_0,2,449.05473145301596,787.054731453016,,6.140963592880716
17.9,llm_0,789.8955855887774,-4.859999999999999,28.40854135761434,113.59104807458478,llm_1,1.8,1.8,1.8,1.8,1.782178217821766,0,highway_0,2,451.8955855887774,789.8955855887774,,6.180567553276759
18.0,llm_0,792.7542615067171,-4.8999999999999995,28.586759179396516,114.21306522595201,llm_1,1.8,1.8,1.8,1.8,1.782178217821766,0,highway_0,2,454.75426150671706,792.7542615067171,,6.220171513672803
18.1,llm_0,795.6307592068349,-4.95,28.764977001178693,114.83904277335894,llm_1,1.8,1.8,1.8,1.8,1.782178217821766,0,highway_0,2,457.6307592068349,795.6307592068349,,6.259775474068846
18.2,llm_0,798.525078689131,-5.01,28.94319482296087,115.46898071680546,llm_1,1.8,1.8,1.8,1.8,1.782178217821766,0,highway_0,2,460.52507868913096,798.525078689131,,6.299379434464889
18.3,llm_0,801.4372199536052,-5.08,29.121412644743046,116.10287905629157,llm_1,1.8,1.8,1.8,1.8,1.782178217821766,0,highway_0,2,463.4372199536052,801.4372199536052,,6.338983394860932
18.4,llm_0,804.3671830002578,-5.16,29.299630466525223,116.74073779181727,llm_1,1.8,1.8,1.8,1.8,1.782178217821766,0,highway_0,2,466.3671830002578,804.3671830002578,,6.378587355256975
18.5,llm_0,807.3149678290886,-5.25,29.4778482883074,117.38255692338255,llm_1,1.8,1.8,1.8,1.8,1.782178217821766,0,highway_0,2,469.3149678290886,807.3149678290886,,6.418191315653019
18.6,llm_0,810.2805744400976,-5.35,29.656066110089576,118.02833645098742,llm_1,1.8,1.8,1.8,1.8,1.782178217821766,0,highway_0,2,472.28057444009755,810.2805744400976,,6.457795276049062
18.7,llm_0,813.2640028332847,-5.45,29.834283931871752,118.67807637463189,llm_1,1.8,1.8,1.8,1.8,1.782178217821766,0,highway_0,2,475.26400283328474,813.2640028332847,,6.497399236445105
18.8,llm_0,816.2652530086501,-5.55,30.01250175365393,119.33177669431605,llm_1,1.8,1.8,1.8,1.8,1.782178217821766,0,highway_0,2,478.2652530086501,816.2652530086501,,6.537003196841148
18.9,llm_0,819.2843249661937,-5.6499999999999995,30.190719575436106,1000.0,,1.8,1.8,1.8,1.8,1.782178217821766,0,highway_0,2,481.2843249661937,819.2843249661937,,-1031.190719575436
19.0,llm_0,822.3212187059155,-5.75,30.368937397218282,1000.0,,1.8,1.8,1.8,1.8,1.782178217821766,0,highway_0,2,484.3212187059155,822.3212187059155,,-1031.3689373972184
19.1,llm_0,825.3759342278155,-5.85,30.54715521900046,1000.0,,1.8,1.8,1.8,1.8,1.782178217821766,0,highway_0,2,487.3759342278155,825.3759342278155,,-1031.5471552190004
19.2,llm_0,828.4484715318938,-5.95,30.725373040782635,1000.0,,1.8,1.8,1.8,1.8,1.782178217821766,0,highway_0,2,490.4484715318938,828.4484715318938,,-1031.7253730407826
19.3,llm_0,831.5388306181503,-6.05,30.903590862564812,1000.0,,1.8,1.8,1.8,1.8,1.782178217821766,0,highway_0,2,493.5388306181503,831.5388306181503,,-1031.903590862565
19.4,llm_0,834.647011486585,-6.15,31.08180868434699,1000.0,,1.8,1.8,1.8,1.8,1.782178217821766,0,highway_0,2,496.64701148658503,834.647011486585,,-1032.081808684347
19.5,llm_0,837.773014137198,-6.25,31.260026506129165,1000.0,,1.8,1.8,1.8,1.8,1.782178217821766,0,highway_0,2,499.77301413719795,837.773014137198,,-1032.2600265061292
19.6,llm_0,840.9168385699891,-6.3500000000000005,31.43824432791134,1000.0,,1.8,1.8,1.8,1.8,1.782178217821766,0,highway_0,2,502.91683856998907,840.9168385699891,,-1032.4382443279114
19.7,llm_0,844.0784847849584,-6.45,31.61646214969352,125.39329739325531,llm_1,1.8,1.8,1.8,1.8,1.782178217821766,0,highway_0,1,506.0784847849584,844.0784847849584,,6.893438840405537
19.8,llm_0,847.2214044625933,-6.550000000000001,31.429196776349052,126.02314999284803,llm_1,-1.8913802707791127,-1.8913802707791127,-1.8913802707791127,-1.8913802707791127,-1.8726537334446647,0,highway_0,1,509.22140446259334,847.2214044625933,,7.298525995928223
19.9,llm_0,850.3466650788853,-6.65,31.25260616291896,126.79244383200168,llm_1,-1.7835651956439693,-1.7835651956439693,-1.7835651956439693,-1.7835651956439693,-1.7659061343009341,0,highway_0,1,512.3466650788853,850.3466650788853,,7.692938391536536
20.0,llm_0,853.4552559347135,-6.750000000000001,31.085908558281748,127.60018960983686,llm_1,-1.6836458068358333,-1.6836458068358333,-1.6836458068358333,-1.6836458068358333,-1.6669760463721062,0,highway_0,1,515.4552559347135,853.4552559347135,,8.077457778351967
20.1,llm_0,856.5480956492513,-6.8500000000000005,30.928397145377836,128.4454687071802,llm_1,-1.5908652703295165,-1.5908652703295165,-1.5908652703295165,-1.5908652703295165,-1.5751141290391146,0,highway_0,1,518.5480956492513,856.5480956492513,,8.452790973434098
20.2,llm_0,859.6260387479571,-6.950000000000001,30.77943098705807,129.3274265985735,llm_1,-1.5045581990296408,-1.5045581990296408,-1.5045581990296408,-1.5045581990296408,-1.489661583197659,0,highway_0,1,521.6260387479571,859.6260387479571,,8.819578913932084
20.3,llm_0,862.6898814750933,-7.050000000000001,30.638427271362318,130.2452670397541,llm_1,-1.4241375285270963,-1.4241375285270963,-1.4241375285270963,-1.4241375285270963,-1.4100371569575287,0,highway_0,1,524.6898814750933,862.6898814750933,,9.178404411806056
20.4,llm_0,865.7403669406997,-7.15,30.50485465606357,131.1982469206824,llm_1,-1.3490834145173203,-1.3490834145173203,-1.3490834145173203,-1.3490834145173203,-1.335726152987462,0,highway_0,1,527.7403669406997,865.7403669406997,,9.529798809283022
20.5,llm_0,868.7781896938658,-7.250000000000001,30.378227531661345,132.18567169226876,llm_1,-1.2789339564624926,-1.2789339564624926,-1.2789339564624926,-1.2789339564624926,-1.2662712440222634,0,highway_0,1,530.7781896938658,868.7781896938658,,9.874247715863468
20.6,llm_0,871.8039997994304,-7.3500000000000005,30.25810105564608,133.20689128967453,llm_1,-1.2132774077541577,-1.2132774077541577,-1.2132774077541577,-1.2132774077541577,-1.2012647601526538,0,highway_0,1,533.8039997994304,871.8039997994304,,10.212195974056954
20.7,llm_0,874.8184060580292,-7.450000000000001,30.144062585987676,134.26129691226387,llm_1,-1.151788543549881,-1.151788543549881,-1.151788543549881,-1.151788543549881,-1.1403846965840359,0,highway_0,1,536.8184060580292,874.8184060580292,,10.544056225893577
20.8,llm_0,877.821979756617,-7.550000000000001,30.03573698587893,135.34831727308196,llm_1,-1.0940885610983513,-1.0940885610983513,-1.0940885610983513,-1.0940885610983513,-1.083256001087456,0,highway_0,1,539.821979756617,877.821979756617,,10.870203608180542
20.9,llm_0,880.815257601486,-7.65,29.932778448689845,136.46741566583668,llm_1,-1.0398812256097696,-1.0398812256097696,-1.0398812256097696,-1.0398812256097696,-1.0295853718908532,0,highway_0,1,542.815257601486,880.815257601486,,11.190983927547848
21.0,llm_0,883.7987443628557,-7.750000000000001,29.8348676136967,137.6180873203086,llm_1,-0.988899433430728,-0.988899433430728,-0.988899433430728,-0.988899433430728,-0.9791083499314368,0,highway_0,1,545.7987443628557,883.7987443628557,,11.506716544719211
21.1,llm_0,886.7729152653554,-7.8500000000000005,29.741709024997665,138.79985701186817,llm_1,-0.9409017458602963,-0.9409017458602963,-0.9409017458602963,-0.9409017458602963,-0.9315858869903693,0,highway_0,1,548.7729152653554,886.7729152653554,,11.817696915596468
21.2,llm_0,889.7382181539564,-7.950000000000001,29.65302888600939,140.01227689554455,llm_1,-0.8956694037815397,-0.8956694037815397,-0.8956694037815397,-0.8956694037815397,-0.8868013898827343,0,highway_0,1,551.7382181539564,889.7382181539564,,12.124198836762961
21.3,llm_0,892.6950754609001,-8.05,29.568573069436376,141.22508662757943,llm_1,-0.8530037473874538,-0.8530037473874538,-0.8530037473874538,-0.8530037473874538,-0.844558165730156,0,highway_0,1,554.6950754609001,892.6950754609001,,12.1280973203501
21.4,llm_0,895.64388599532,-8.15,29.488105344200044,142.43802549964002,llm_1,-0.812724024886953,-0.812724024886953,-0.812724024886953,-0.812724024886953,-0.8046772523633194,0,highway_0,1,557.64388599532,895.64388599532,,12.129388720606528
21.5,llm_0,898.5850265756792,-8.25,29.411405803591908,143.6508516488569,llm_1,-0.7746653601421669,-0.7746653601421669,-0.7746653601421669,-0.7746653601421669,-0.7669954060813566,0,highway_0,1,560.5850265756792,898.5850265756792,,12.128261492168786
21.6,llm_0,901.518853521472,-8.350000000000001,29.3382694579294,144.86334066247238,llm_1,-0.7386770911913342,-0.7386770911913342,-0.7386770911913342,-0.7386770911913342,-0.7313634566250826,0,highway_0,1,563.5188535214721,901.5188535214721,,12.124890136154129
21.7,llm_0,904.4457040189093,-8.450000000000001,29.26850497437297,146.07528430470845,llm_1,-0.7046212839199566,-0.7046212839199566,-0.7046212839199566,-0.7046212839199566,-0.6976448355642972,0,highway_0,1,566.4457040189094,904.4457040189094,,12.11943642235931
21.8,llm_0,907.3658973734993,-8.540000000000001,29.201933545899088,147.28648935312205,llm_1,-0.6723714275862078,-0.6723714275862078,-0.6723714275862078,-0.6723714275862078,-0.6657142847388187,0,highway_0,1,569.3658973734993,907.3658973734993,,12.112050484134713
21.9,llm_0,910.2797361608924,-8.620000000000001,29.138387873931453,148.49677653325486,llm_1,-0.6418112868731318,-0.6418112868731318,-0.6418112868731318,-0.6418112868731318,-0.6354567196763483,0,highway_0,1,572.2797361608924,910.2797361608924,,12.102871801327343
22.0,llm_0,913.1875072860174,-8.690000000000001,29.07771125125037,149.70597954171237,llm_1,-0.6128338890789219,-0.6128338890789219,-0.6128338890789219,-0.6128338890789219,-0.6067662268108265,0,highway_0,1,575.1875072860174,913.1875072860174,,12.092030084575583
22.1,llm_0,916.0894829593769,-8.75,29.0197567335948,1000.0,,-0.5853406283212561,-0.5853406283212561,-0.5853406283212561,-0.5853406283212561,-0.5795451765557047,0,highway_0,1,578.0894829593769,916.0894829593769,,-1030.0197567335947
22.2,llm_0,918.9859225491218,-8.8,28.96439589744816,1000.0,,-0.5591444450810819,-0.5591444450810819,-0.5591444450810819,-0.5591444450810819,-0.5536083614664022,0,highway_0,1,580.9859225491217,918.9859225491217,,-1029.9643958974482
22.3,llm_0,921.8770714558019,-8.840000000000002,28.911489066802282,1000.0,,-0.534358989523374,-0.534358989523374,-0.534358989523374,-0.534358989523374,-0.5290683064587753,0,highway_0,1,583.8770714558019,921.8770714558019,,-1029.9114890668022
22.4,llm_0,924.763162895096,-8.870000000000001,28.860914392940714,1000.0,,-0.5108042060018161,-0.5108042060018161,-0.5108042060018161,-0.5108042060018161,-0.5057467386156844,0,highway_0,1,586.763162895096,924.763162895096,,-1029.8609143929407
22.5,llm_0,927.6444186129326,-8.89,28.812557178365488,1000.0,,-0.4884078672098044,-0.4884078672098044,-0.4884078672098044,-0.4884078672098044,-0.4835721457522624,0,highway_0,1,589.6444186129326,927.6444186129326,,-1029.8125571783655
22.6,llm_0,930.5210495493855,-8.9,28.766309364528972,1000.0,,-0.46710291974881907,-0.46710291974881907,-0.46710291974881907,-0.46710291974881907,-0.4624781383651566,0,highway_0,1,592.5210495493855,930.5210495493855,,-1029.766309364529
22.7,llm_0,933.3932564557905,-8.9,28.722069064051546,1000.0,,-0.4468270348220195,-0.4468270348220195,-0.4468270348220195,-0.4468270348220195,-0.4424030047742633,0,highway_0,1,595.3932564557906,933.3932564557906,,-1029.7220690640515
22.8,llm_0,936.2612304690783,-8.9,28.679740132878898,1000.0,,-0.42752220484373266,-0.42752220484373266,-0.42752220484373266,-0.42752220484373266,-0.423289311726478,0,highway_0,1,598.2612304690784,936.2612304690784,,-1029.6797401328788
22.9,llm_0,939.1251536469147,-8.9,28.639231778363957,1000.0,,-0.4091343806009163,-0.4091343806009163,-0.4091343806009163,-0.4091343806009163,-0.4050835451494095,0,highway_0,1,601.1251536469148,939.1251536469148,,-1029.6392317783639
23.0,llm_0,941.9851994668869,-8.9,28.600458199719967,1000.0,,-0.3916131443043125,-0.3916131443043125,-0.3916131443043125,-0.3916131443043125,-0.3877357864399045,0,highway_0,1,603.9851994668868,941.9851994668868,,-1029.60045819972
23.1,llm_0,944.841533292656,-8.9,28.563338257693488,1000.0,,-0.37491141446744247,-0.37491141446744247,-0.37491141446744247,-0.37491141446744247,-0.37119942026478725,0,highway_0,1,606.8415332926561,944.8415332926561,,-1029.5633382576934
23.2,llm_0,947.6943128097219,-8.9,28.527795170657193,1000.0,,-0.35898517906658367,-0.35898517906658367,-0.35898517906658367,-0.35898517906658367,-0.3554308703629516,0,highway_0,1,609.6943128097219,947.6943128097219,,-1029.527795170657
23.3,llm_0,950.5436884331848,-8.9,28.49375623462968,1000.0,,-0.3437932538778764,-0.3437932538778764,-0.3437932538778764,-0.3437932538778764,-0.34038936027513955,0,highway_0,1,612.5436884331848,950.5436884331848,,-1029.4937562346297
23.4,llm_0,953.3898036896849,-8.9,28.46115256499904,1000.0,,-0.3292970632694761,-0.3292970632694761,-0.3292970632694761,-0.3292970632694761,-0.32603669630638876,0,highway_0,1,615.3898036896848,953.3898036896848,,-1029.461152564999
23.5,llm_0,956.2327955754812,-8.9,28.429918857963724,1000.0,,-0.31546044105671944,-0.31546044105671944,-0.31546044105671944,-0.31546044105671944,-0.31233707035315916,0,highway_0,1,618.2327955754811,956.2327955754811,,-1029.4299188579637
23.6,llm_0,959.0727948924723,-8.9,28.399993169912833,1000.0,,-0.3022494493140065,-0.3022494493140065,-0.3022494493140065,-0.3022494493140065,-0.2992568805089135,0,highway_0,1,621.0727948924724,959.0727948924724,,-1029.399993169913
23.7,llm_0,961.9099265637876,-8.9,28.37131671315192,1000.0,,-0.2896322132851933,-0.2896322132851933,-0.2896322132851933,-0.2896322132851933,-0.2867645676091257,0,highway_0,1,623.9099265637876,961.9099265637876,,-1029.3713167131518
23.8,llm_0,964.7443099304418,-8.9,28.343833666543002,1000.0,,-0.2775787707500693,-0.2775787707500693,-0.2775787707500693,-0.2775787707500693,-0.2748304660891776,0,highway_0,1,626.7443099304419,964.7443099304419,,-1029.343833666543
23.9,llm_0,967.5760590304191,-8.9,28.31749099977146,1000.0,,-0.26606093439254397,-0.26606093439254397,-0.26606093439254397,-0.26606093439254397,-0.26342666771540735,0,highway_0,1,629.5760590304191,967.5760590304191,,-1029.3174909997715
24.0,llm_0,970.405282861427,-8.9,28.29223831008032,1000.0,,-0.2550521658805186,-0.2550521658805186,-0.2550521658805186,-0.2550521658805186,-0.25252689691139807,0,highway_0,1,632.405282861427,970.405282861427,,-1029.2922383100804
24.1,llm_0,973.2320856284697,-8.9,28.268027670425756,1000.0,,-0.2445274605110993,-0.2445274605110993,-0.2445274605110993,-0.2445274605110993,-0.24210639654565824,0,highway_0,1,635.2320856284696,973.2320856284696,,-1029.2680276704257
24.2,llm_0,976.0565669772803,-8.9,28.24481348810883,1000.0,,-0.23446324140097208,-0.23446324140097208,-0.23446324140097208,-0.23446324140097208,-0.2321418231692718,0,highway_0,1,638.0565669772805,976.0565669772805,,-1029.2448134881088
24.3,llm_0,978.8788222145831,-8.9,28.2225523730284,1000.0,,-0.2248372623123436,-0.2248372623123436,-0.2248372623123436,-0.2248372623123436,-0.2226111508042905,0,highway_0,1,640.8788222145832,978.8788222145832,,-1029.2225523730283
24.4,llm_0,981.6989425160613,-8.9,28.201203014780635,1000.0,,-0.21562851830241417,-0.21562851830241417,-0.21562851830241417,-0.21562851830241417,-0.21349358247764627,0,highway_0,1,643.6989425160613,981.6989425160613,,-1029.2012030147807
24.5,llm_0,984.5170151228515,-8.9,28.180726067902402,1000.0,,-0.2068171634701796,-0.2068171634701796,-0.2068171634701796,-0.2068171634701796,-0.20476946878233093,0,highway_0,1,646.5170151228515,984.5170151228515,,-1029.1807260679025
24.6,llm_0,987.3331235273135,-8.9,28.161084044620207,1000.0,,-0.19838443515018278,-0.19838443515018278,-0.19838443515018278,-0.19838443515018278,-0.19642023282194998,0,highway_0,1,649.3331235273135,987.3331235273135,,-1029.16108404462
24.7,llm_0,990.1473476487661,-8.9,28.14224121452417,1000.0,,-0.19031258396996176,-0.19031258396996176,-0.19031258396996176,-0.19031258396996176,-0.18842830096037488,0,highway_0,1,652.147347648766,990.147347648766,,-1029.1422412145241
24.8,llm_0,992.9597639998296,-8.9,28.124163510638297,1000.0,,-0.18258480924732787,-0.18258480924732787,-0.18258480924732787,-0.18258480924732787,-0.18077703885872154,0,highway_0,1,654.9597639998298,992.9597639998298,,-1029.1241635106383
24.9,llm_0,995.7704458439703,-8.9,28.106818441404997,1000.0,,-0.17518519925633502,-0.17518519925633502,-0.17518519925633502,-0.17518519925633502,-0.17345069233300592,0,highway_0,1,657.7704458439703,995.7704458439703,,-1029.106818441405
25.0,llm_0,998.5794633447847,-8.9,28.09017500814384,1000.0,,-0.16809867593766137,-0.16809867593766137,-0.16809867593766137,-0.16809867593766137,-0.16643433261155138,0,highway_0,1,660.5794633447847,998.5794633447847,,-1029.090175008144
25.1,llm_0,1001.3868837075429,-8.9,28.074203627582378,1000.0,,-0.16131094367079435,-0.16131094367079435,-0.16131094367079435,-0.16131094367079435,-0.15971380561463633,0,highway_0,1,663.3868837075429,1001.3868837075429,,-1029.0742036275824
25.2,llm_0,1004.192771313452,-8.9,28.05887605909103,1000.0,,-0.1548084417625999,-0.1548084417625999,-0.1548084417625999,-0.1548084417625999,-0.1532756849134742,0,highway_0,1,666.192771313452,1004.192771313452,,-1029.058876059091
25.3,llm_0,1006.9971878470805,-8.9,28.044165336285094,1000.0,,-0.14857830033996586,-0.14857830033996586,-0.14857830033996586,-0.14857830033996586,-0.14710722805936882,0,highway_0,1,668.9971878470805,1006.9971878470805,,-1029.044165336285
25.4,llm_0,1009.800192417349,-8.9,28.030045702684706,1000.0,,-0.1426082993638907,-0.1426082993638907,-0.1426082993638907,-0.1426082993638907,-0.1411963360038726,0,highway_0,1,671.800192417349,1009.800192417349,,-1029.0300457026847
25.5,llm_0,1012.6018416724639,-8.9,28.016492551149174,1000.0,,-0.13688683050888636,-0.13688683050888636,-0.13688683050888636,-0.13688683050888636,-0.13553151535532493,0,highway_0,1,674.6018416724639,1012.6018416724639,,-1029.0164925511492
25.6,llm_0,1015.4021899091464,-8.9,28.003482366824887,1000.0,,-0.13140286167531823,-0.13140286167531823,-0.13140286167531823,-0.13140286167531823,-0.1301018432428691,0,highway_0,1,677.4021899091464,1015.4021899091464,,-1029.003482366825
25.7,llm_0,1018.2012891764831,-8.9,27.990992673367106,1000.0,,-0.12614590392360983,-0.12614590392360983,-0.12614590392360983,-0.12614590392360983,-0.12489693457780504,0,highway_0,1,680.2012891764831,1018.2012891764831,,-1028.9909926733671
25.8,llm_0,1020.9991893747047,-8.9,27.979001982214783,1000.0,,-0.12110598063845786,-0.12110598063845786,-0.12110598063845786,-0.12110598063845786,-0.11990691152323762,0,highway_0,1,682.9991893747045,1020.9991893747045,,-1028.9790019822149
25.9,llm_0,1023.795938349176,-8.9,27.96748974471495,1000.0,,-0.11627359874831547,-0.11627359874831547,-0.11627359874831547,-0.11627359874831547,-0.11512237499832878,0,highway_0,1,685.795938349176,1023.795938349176,,-1028.9674897447148
26.0,llm_0,1026.591581979867,-8.9,27.956436306908905,1000.0,,-0.11163972184103091,-0.11163972184103091,-0.11163972184103091,-0.11163972184103091,-0.11053437806044286,0,highway_0,1,688.591581979867,1026.591581979867,,-1028.956436306909
26.1,llm_0,1029.3861642665477,-8.9,27.945822866806886,1000.0,,-0.10719574503038622,-0.10719574503038622,-0.10719574503038622,-0.10719574503038622,-0.10613440102019922,0,highway_0,1,691.3861642665477,1029.3861642665477,,-1028.9458228668068
26.2,llm_0,1032.1797274099467,-8.9,27.935631433990945,1000.0,,-0.10293347144099932,-0.10293347144099932,-0.10293347144099932,-0.10293347144099932,-0.1019143281594026,0,highway_0,1,694.1797274099467,1032.1797274099467,,-1028.935631433991
26.3,llm_0,1034.9723118890865,-8.9,27.925844791397836,1000.0,,-0.09884509019041342,-0.09884509019041342,-0.09884509019041342,-0.09884509019041342,-0.09786642593109462,0,highway_0,1,696.9723118890865,1034.9723118890865,,-1028.9258447913978
26.4,llm_0,1037.763956535001,-8.9,27.91644645914462,1000.0,,-0.09492315575746868,-0.09492315575746868,-0.09492315575746868,-0.09492315575746868,-0.09398332253216068,0,highway_0,1,699.763956535001,1037.763956535001,,-1028.9164464591447
26.5,llm_0,1040.554698601028,-8.9,27.90742066026982,1000.0,,-0.0911605686354686,-0.0911605686354686,-0.0911605686354686,-0.0911605686354686,-0.09025798874798596,0,highway_0,1,702.5546986010279,1040.554698601028,,-1028.9074206602697
26.6,llm_0,1043.344573829855,-8.9,27.898752288272096,1000.0,,-0.08755055717704652,-0.08755055717704652,-0.08755055717704652,-0.08755055717704652,-0.08668371997725188,0,highway_0,1,705.3445738298551,1043.344573829855,,-1028.8987522882721
26.7,llm_0,1046.1336165174887,-8.9,27.890426876336914,1000.0,,-0.08408666054535192,-0.08408666054535192,-0.08408666054535192,-0.08408666054535192,-0.08325411935182103,0,highway_0,1,708.1336165174887,1046.1336165174887,,-1028.890426876337
26.8,llm_0,1048.9218595743037,-8.9,27.882430568149477,1000.0,,-0.08076271269311144,-0.08076271269311144,-0.08076271269311144,-0.08076271269311144,-0.07996308187436796,0,highway_0,1,710.9218595743037,1048.9218595743037,,-1028.8824305681494
26.9,llm_0,1051.7093345833237,-8.9,27.87475009019923,1000.0,,-0.07757282729752749,-0.07757282729752749,-0.07757282729752749,-0.07757282729752749,-0.07680477950248843,0,highway_0,1,713.7093345833237,1051.7093345833237,,-1028.8747500901993
27.0,llm_0,1054.4960718558725,-8.9,27.867372725487876,1000.0,,-0.07451138358466257,-0.07451138358466257,-0.07451138358466257,-0.07451138358466257,-0.07377364711352641,0,highway_0,1,716.4960718558725,1054.4960718558725,,-1028.867372725488
27.1,llm_0,1057.2821004847285,-8.9,27.860286288558935,1000.0,,-0.07157301298226673,-0.07157301298226673,-0.07157301298226673,-0.07157301298226673,-0.07086436928940287,0,highway_0,1,719.2821004847285,1057.2821004847285,,-1028.8602862885589
27.2,llm_0,1060.0674483949058,-8.9,27.853479101772322,1000.0,,-0.06875258654477112,-0.06875258654477112,-0.06875258654477112,-0.06875258654477112,-0.06807186786613073,0,highway_0,1,722.0674483949058,1060.0674483949058,,-1028.8534791017723
27.3,llm_0,1062.8521423921811,-8.9,27.84693997275266,1000.0,,-0.0660452030985622,-0.0660452030985622,-0.0660452030985622,-0.0660452030985622,-0.06539129019660805,0,highway_0,1,724.8521423921811,1062.8521423921811,,-1028.8469399727526
27.4,llm_0,1065.6362082094756,-8.9,27.84065817294478,1000.0,,-0.06344617805959465,-0.06344617805959465,-0.06344617805959465,-0.06344617805959465,-0.06281799807879906,0,highway_0,1,727.6362082094756,1065.6362082094756,,-1028.8406581729448
27.5,llm_0,1068.419670551197,-8.9,27.83462341721417,1000.0,,-0.06095103287913884,-0.06095103287913884,-0.06095103287913884,-0.06095103287913884,-0.06034755730610186,0,highway_0,1,730.419670551197,1068.419670551197,,-1028.834623417214
27.6,llm_0,1071.2025531356405,-8.9,27.828825844434302,1000.0,,-0.05855548507666955,-0.05855548507666955,-0.05855548507666955,-0.05855548507666955,-0.05797572779869142,0,highway_0,1,733.2025531356405,1071.2025531356405,,-1028.8288258444343
27.7,llm_0,1073.984878735541,-8.9,27.823255999006374,1000.0,,-0.05625543882208531,-0.05625543882208531,-0.05625543882208531,-0.05625543882208531,-0.05569845427928044,0,highway_0,1,735.9848787355411,1073.984878735541,,-1028.8232559990063
27.8,llm_0,1076.766669216867,-8.9,27.817904813260615,1000.0,,-0.054046976032170436,-0.054046976032170436,-0.054046976032170436,-0.054046976032170436,-0.05351185745759324,0,highway_0,1,738.7666692168671,1076.766669216867,,-1028.8179048132606
27.9,llm_0,1079.5479455759362,-8.9,27.812763590691425,1000.0,,-0.05192634794879343,-0.05192634794879343,-0.05192634794879343,-0.05192634794879343,-0.05141222569189807,0,highway_0,1,741.5479455759362,1079.5479455759362,,-1028.8127635906915
28.0,llm_0,1082.3287279749343,-8.9,27.80782398998165,1000.0,,-0.0498899671687306,-0.0498899671687306,-0.0498899671687306,-0.0498899671687306,-0.049396007097755046,0,highway_0,1,744.3287279749343,1082.3287279749343,,-1028.8078239899817
28.1,llm_0,1085.1090357759117,-8.9,27.803078009774016,1000.0,,-0.04793440009708934,-0.04793440009708934,-0.04793440009708934,-0.04793440009708934,-0.047459802076339486,0,highway_0,1,747.1090357759117,1085.1090357759117,,-1028.803078009774
28.2,llm_0,1087.8888875733267,-8.9,27.798517974150414,1000.0,,-0.04605635979840764,-0.04605635979840764,-0.04605635979840764,-0.04605635979840764,-0.045600356236015216,0,highway_0,1,749.8888875733267,1087.8888875733267,,-1028.7985179741504
28.3,llm_0,1090.668301225205,-8.9,27.794136518781976,1000.0,,-0.04425269922123505,-0.04425269922123505,-0.04425269922123505,-0.04425269922123505,-0.043814553684384805,0,highway_0,1,752.6683012252049,1090.668301225205,,-1028.794136518782
28.4,llm_0,1093.4472938829765,-8.9,27.78992657771527,1000.0,,-0.04252040477372992,-0.04252040477372992,-0.04252040477372992,-0.04252040477372992,-0.04209941066704914,0,highway_0,1,755.4472938829765,1093.4472938829765,,-1028.7899265777153
28.5,llm_0,1096.2258820200527,-8.9,27.785881370761864,1000.0,,-0.04085659022940642,-0.04085659022940642,-0.04085659022940642,-0.04085659022940642,-0.040452069534069324,0,highway_0,1,758.2258820200527,1096.2258820200527,,-1028.785881370762
28.6,llm_0,1099.0040814591987,-8.9,27.78199439146053,1000.0,,-0.03925849094347347,-0.03925849094347347,-0.03925849094347347,-0.03925849094347347,-0.038869793013347476,0,highway_0,1,761.0040814591987,1099.0040814591987,,-1028.7819943914606
28.7,llm_0,1101.781907398757,-8.9,27.778259395583135,1000.0,,-0.03772345836169333,-0.03772345836169333,-0.03772345836169333,-0.03772345836169333,-0.037349958773944536,0,highway_0,1,763.7819073987571,1101.781907398757,,-1028.778259395583
28.8,llm_0,1104.5593744377727,-8.9,27.774670390156924,1000.0,,-0.036248954804754124,-0.036248954804754124,-0.036248954804754124,-0.036248954804754124,-0.03589005426210434,0,highway_0,1,766.5593744377727,1104.5593744377727,,-1028.7746703901569
28.9,llm_0,1107.3364966000704,-8.9,27.771221622977478,1000.0,,-0.03483254851239288,-0.03483254851239288,-0.03483254851239288,-0.03483254851239288,-0.03448767179445866,0,highway_0,1,769.3364966000704,1107.3364966000704,,-1028.7712216229775
29.0,llm_0,1110.1132873573292,-8.9,27.767907572588125,1000.0,,-0.03347190893247494,-0.03347190893247494,-0.03347190893247494,-0.03347190893247494,-0.033140503893527296,0,highway_0,1,772.1132873573292,1110.1132873573292,,-1028.7679075725882
29.1,llm_0,1112.8897596511995,-8.9,27.764722938702853,1000.0,,-0.03216480224125132,-0.03216480224125132,-0.03216480224125132,-0.03216480224125132,-0.03184633885272348,0,highway_0,1,774.8897596511995,1112.8897596511995,,-1028.7647229387028
29.2,llm_0,1115.6659259145047,-8.9,27.76166263305118,1000.0,,-0.030909087081873968,-0.030909087081873968,-0.030909087081873968,-0.030909087081873968,-0.03060305651672479,0,highway_0,1,777.6659259145047,1115.6659259145047,,-1028.7616626330512
29.3,llm_0,1118.441798091567,-8.9,27.758721770624536,1000.0,,-0.02970271050908431,-0.02970271050908431,-0.02970271050908431,-0.02970271050908431,-0.02940862426644486,0,highway_0,1,780.4417980915671,1118.441798091567,,-1028.7587217706246
29.4,llm_0,1121.2173876576976,-8.9,27.75589566130485,1000.0,,-0.028543704128804605,-0.028543704128804605,-0.028543704128804605,-0.028543704128804605,-0.028261093196846332,0,highway_0,1,783.2173876576976,1121.2173876576976,,-1028.7558956613047
29.5,llm_0,1123.9927056378833,-8.9,27.753179801857133,1000.0,,-0.02743018042196861,-0.02743018042196861,-0.02743018042196861,-0.02743018042196861,-0.027158594477185716,0,highway_0,1,785.9927056378833,1123.9927056378833,,-1028.7531798018572
29.6,llm_0,1126.7677626247103,-8.9,27.750569868268745,1000.0,,-0.026360329242714323,-0.026360329242714323,-0.026360329242714323,-0.026360329242714323,-0.026099335883884578,0,highway_0,1,788.7677626247103,1126.7677626247103,,-1028.7505698682687
29.7,llm_0,1129.5425687955521,-8.9,27.748061708419083,1000.0,,-0.025332414481594734,-0.025332414481594734,-0.025332414481594734,-0.025332414481594734,-0.0250815984966124,0,highway_0,1,791.5425687955521,1129.5425687955521,,-1028.748061708419
29.8,llm_0,1132.3171339290586,-8.9,27.745651335064128,1000.0,,-0.02434477088504641,-0.02434477088504641,-0.02434477088504641,-0.02434477088504641,-0.024103733549551976,0,highway_0,1,794.3171339290586,1132.3171339290586,,-1028.7456513350642
29.9,llm_0,1135.0914674209707,-8.9,27.743334919121263,1000.0,,-0.023395801022926377,-0.023395801022926377,-0.023395801022926377,-0.023395801022926377,-0.023164159428645803,0,highway_0,1,797.0914674209707,1135.0914674209707,,-1028.7433349191213
30.0,llm_0,1137.8655782992948,-8.9,27.741108783240435,1000.0,,-0.022483972396358444,-0.022483972396358444,-0.022483972396358444,-0.022483972396358444,-0.022261358808286502,0,highway_0,1,799.8655782992948,1137.8655782992948,,-1028.7411087832404
30.1,llm_0,1140.6394752388596,-8.9,27.73896939564849,1000.0,,-0.021607814678649008,-0.021607814678649008,-0.021607814678649008,-0.021607814678649008,-0.021393875919457628,0,highway_0,1,802.6394752388596,1140.6394752388596,,-1028.7389693956484
30.2,llm_0,1143.413166575285,-8.9,27.736913364254185,1000.0,,-0.020765917082444532,-0.020765917082444532,-0.020765917082444532,-0.020765917082444532,-0.02056031394303659,0,highway_0,1,805.413166575285,1143.413166575285,,-1028.7369133642542
30.3,llm_0,1146.1866603183853,-8.9,27.734937431002038,1000.0,,-0.019956925846675567,-0.019956925846675567,-0.019956925846675567,-0.019956925846675567,-0.019759332521473993,0,highway_0,1,808.1866603183853,1146.1866603183853,,-1028.734937431002
30.4,llm_0,1148.9599641650316,-8.9,27.733038466463697,1000.0,,-0.019179541837242423,-0.019179541837242423,-0.019179541837242423,-0.019179541837242423,-0.018989645383413745,0,highway_0,1,810.9599641650316,1148.9599641650316,,-1028.7330384664638
30.5,llm_0,1151.7330855114972,-8.9,27.7312134646562,1000.0,,-0.018432518255741572,-0.018432518255741572,-0.018432518255741572,-0.018432518255741572,-0.018250018074965624,0,highway_0,1,813.7330855114972,1151.7330855114972,,-1028.731213464656
30.6,llm_0,1154.5060314653049,-8.9,27.72945953807691,1000.0,,-0.0177146584508324,-0.0177146584508324,-0.0177146584508324,-0.0177146584508324,-0.017539265792905212,0,highway_0,1,816.5060314653049,1154.5060314653049,,-1028.729459538077
30.7,llm_0,1157.2788088565994,-8.9,27.72777391294551,1000.0,,-0.017024813827165076,-0.017024813827165076,-0.017024813827165076,-0.017024813827165076,-0.01685625131401025,0,highway_0,1,819.2788088565994,1157.2788088565994,,-1028.7277739129454
30.8,llm_0,1160.0514242490638,-8.9,27.726153924643814,1000.0,,-0.016361881847101013,-0.016361881847101013,-0.016361881847101013,-0.016361881847101013,-0.016199883016945194,0,highway_0,1,822.0514242490638,1160.0514242490638,,-1028.7261539246438
30.9,llm_0,1162.8238839503983,-8.9,27.724597013344738,1000.0,,-0.015724804120665348,-0.015724804120665348,-0.015724804120665348,-0.015724804120665348,-0.015569112990760914,0,highway_0,1,824.8238839503983,1162.8238839503983,,-1028.7245970133447
31.0,llm_0,1165.5961940223806,-8.9,27.723100719822018,1000.0,,-0.015112564579481447,-0.015112564579481447,-0.015112564579481447,-0.015112564579481447,-0.014962935227202934,0,highway_0,1,827.5961940223806,1165.5961940223806,,-1028.723100719822
31.1,llm_0,1168.368360290524,-8.9,27.721662681432846,1000.0,,-0.014524187730636464,-0.014524187730636464,-0.014524187730636464,-0.014524187730636464,-0.014380383891712256,0,highway_0,1,830.3683602905239,1168.368360290524,,-1028.721662681433
31.2,llm_0,1171.1403883533505,-8.9,27.720280628265854,1000.0,,-0.01395873698662904,-0.01395873698662904,-0.01395873698662904,-0.01395873698662904,-0.013820531669921365,0,highway_0,1,833.1403883533505,1171.1403883533505,,-1028.7202806282658
31.3,llm_0,1173.9122835912954,-8.9,27.718952379447256,1000.0,,-0.013415313067851799,-0.013415313067851799,-0.013415313067851799,-0.013415313067851799,-0.013282488185986097,0,highway_0,1,835.9122835912954,1173.9122835912954,,-1028.7189523794473
31.4,llm_0,1176.6840511752553,-8.9,27.717675839598336,1000.0,,-0.012893052474088807,-0.012893052474088807,-0.012893052474088807,-0.012893052474088807,-0.012765398489200663,0,highway_0,1,838.6840511752553,1176.6840511752553,,-1028.7176758395983
31.5,llm_0,1179.455696074799,-8.9,27.71644899543775,1000.0,,-0.012391126021872778,-0.012391126021872778,-0.012391126021872778,-0.012391126021872778,-0.012268441605840508,0,highway_0,1,841.4556960747991,1179.455696074799,,-1028.7164489954378
31.6,llm_0,1182.2272230660515,-8.9,27.715269912522448,1000.0,,-0.011908737444574281,-0.011908737444574281,-0.011908737444574281,-0.011908737444574281,-0.011790829153035531,0,highway_0,1,844.2272230660515,1182.2272230660515,,-1028.7152699125224
31.7,llm_0,1184.9986367392635,-8.9,27.714136732121226,1000.0,,-0.011445122052338075,-0.011445122052338075,-0.011445122052338075,-0.011445122052338075,-0.011331804012222335,0,highway_0,1,846.9986367392635,1184.9986367392635,,-1028.7141367321212
31.8,llm_0,1187.769941506085,-8.9,27.713047668215374,1000.0,,-0.010999545449094407,-0.010999545449094407,-0.010999545449094407,-0.010999545449094407,-0.010890639058516172,0,highway_0,1,849.7699415060849,1187.769941506085,,-1028.7130476682153
31.9,llm_0,1190.541141606547,-8.9,27.712001004620916,1000.0,,-0.010571302304046305,-0.010571302304046305,-0.010571302304046305,-0.010571302304046305,-0.010466635944581526,0,highway_0,1,852.541141606547,1190.541141606547,,-1028.712001004621
32.0,llm_0,1193.3122411157697,-8.9,27.710995092227343,1000.0,,-0.010159715175099948,-0.010159715175099948,-0.010159715175099948,-0.010159715175099948,-0.010059123935732828,0,highway_0,1,855.3122411157697,1193.3122411157697,,-1028.7109950922274
32.1,llm_0,1196.0832439504045,-8.9,27.710028346347944,1000.0,,-0.009764133381948504,-0.009764133381948504,-0.009764133381948504,-0.009764133381948504,-0.009667458793991557,0,highway_0,1,858.0832439504045,1196.0832439504045,,-1028.710028346348
32.2,llm_0,1198.8541538748223,-8.9,27.709099244177,1000.0,,-0.009383931926503088,-0.009383931926503088,-0.009383931926503088,-0.009383931926503088,-0.00929102170942997,0,highway_0,1,860.8541538748223,1198.8541538748223,,-1028.709099244177
32.3,llm_0,1201.6249745070572,-8.9,27.708206322349415,1000.0,,-0.009018510458594121,-0.009018510458594121,-0.009018510458594121,-0.009018510458594121,-0.00892921827585269,0,highway_0,1,863.6249745070572,1201.6249745070572,,-1028.7082063223495
32.4,llm_0,1204.3957093245172,-8.9,27.707348174598437,1000.0,,-0.00866729228487413,-0.00866729228487413,-0.00866729228487413,-0.00866729228487413,-0.008581477509785884,0,highway_0,1,866.3957093245172,1204.3957093245172,,-1028.7073481745983
32.5,llm_0,1207.166361669468,-8.9,27.706523449507444,1000.0,,-0.008329723419040681,-0.008329723419040681,-0.008329723419040681,-0.008329723419040681,-0.008247250909931836,0,highway_0,1,869.166361669468,1207.166361669468,,-1028.7065234495074
32.6,llm_0,1209.9369347543031,-8.9,27.70573084835185,1000.0,,-0.008005271671524561,-0.008005271671524561,-0.008005271671524561,-0.008005271671524561,-0.007926011555952073,0,highway_0,1,871.9369347543031,1209.9369347543031,,-1028.7057308483518
32.7,llm_0,1212.7074316666058,-8.9,27.704969123027404,1000.0,,-0.007693425776896779,-0.007693425776896779,-0.007693425776896779,-0.007693425776896779,-0.007617253244447397,0,highway_0,1,874.7074316666058,1212.7074316666058,,-1028.7049691230275
32.8,llm_0,1215.4778553740118,-8.9,27.70423707406133,1000.0,,-0.007393694557373287,-0.007393694557373287,-0.007393694557373287,-0.007393694557373287,-0.007320489660749274,0,highway_0,1,877.4778553740118,1215.4778553740118,,-1028.7042370740614
32.9,llm_0,1218.2482087288822,-8.9,27.703533548702833,1000.0,,-0.007105606120794539,-0.007105606120794539,-0.007105606120794539,-0.007105606120794539,-0.007035253584959378,0,highway_0,1,880.2482087288822,1218.2482087288822,,-1028.7035335487028
33.0,llm_0,1221.0184944727912,-8.9,27.7028574390898,1000.0,,-0.006828707091617026,-0.006828707091617026,-0.006828707091617026,-0.006828707091617026,-0.006761096130318833,0,highway_0,1,883.0184944727912,1221.0184944727912,,-1028.7028574390897
33.1,llm_0,1223.78871524084,-8.9,27.702207680488467,1000.0,,-0.006562561873470774,-0.006562561873470774,-0.006562561873470774,-0.006562561873470774,-0.006497586013338719,0,highway_0,1,885.78871524084,1223.78871524084,,-1028.7022076804885
33.2,llm_0,1226.5588735658002,-8.9,27.70158324960313,1000.0,,-0.00630675194190149,-0.00630675194190149,-0.00630675194190149,-0.00630675194190149,-0.006244308853382563,0,highway_0,1,888.5588735658002,1226.5588735658002,,-1028.7015832496031
33.3,llm_0,1229.3289718820956,-8.9,27.70098316295303,1000.0,,-0.006060875166028779,-0.006060875166028779,-0.006060875166028779,-0.006060875166028779,-0.006000866500990298,0,highway_0,1,891.3289718820956,1229.3289718820956,,-1028.700983162953
33.4,llm_0,1232.099012529627,-8.9,27.70040647531364,1000.0,,-0.0058245451578776255,-0.0058245451578776255,-0.0058245451578776255,-0.0058245451578776255,-0.005766876393913378,0,highway_0,1,894.0990125296271,1232.099012529627,,-1028.7004064753137
33.5,llm_0,1234.868997757449,-8.9,27.699852278219762,1000.0,,-0.00559739064816851,-0.00559739064816851,-0.00559739064816851,-0.00559739064816851,-0.005541970938764962,0,highway_0,1,896.868997757449,1234.868997757449,,-1028.6998522782199
33.6,llm_0,1237.638929727302,-8.9,27.699319698527933,1000.0,,-0.005379054887475632,-0.005379054887475632,-0.005379054887475632,-0.005379054887475632,-0.005325796918285164,0,highway_0,1,899.638929727302,1237.638929727302,,-1028.699319698528
33.7,llm_0,1240.4088105170056,-8.9,27.69880789703569,1000.0,,-0.005169195071674704,-0.005169195071674704,-0.005169195071674704,-0.005169195071674704,-0.005118014922445013,0,highway_0,1,902.4088105170056,1240.4088105170056,,-1028.6988078970357
33.8,llm_0,1243.1786421237211,-8.9,27.698316067155428,1000.0,,-0.004967481790622164,-0.004967481790622164,-0.004967481790622164,-0.004967481790622164,-0.004918298802607524,0,highway_0,1,905.1786421237211,1243.1786421237211,,-1028.6983160671555
33.9,llm_0,1245.9484264670853,-8.9,27.697843433640664,1000.0,,-0.004773598499122156,-0.004773598499122156,-0.004773598499122156,-0.004773598499122156,-0.004726335147644534,0,highway_0,1,907.9484264670853,1245.9484264670853,,-1028.6978434336406
34.0,llm_0,1248.7181653922214,-8.9,27.697389251362523,1000.0,,-0.004587241009234644,-0.004587241009234644,-0.004587241009234644,-0.004587241009234644,-0.004541822781405358,0,highway_0,1,910.7181653922214,1248.7181653922214,,-1028.6973892513624
34.1,llm_0,1251.487860672635,-8.9,27.6969528041345,1000.0,,-0.004408117003006185,-0.004408117003006185,-0.004408117003006185,-0.004408117003006185,-0.004364472280222742,0,highway_0,1,913.487860672635,1251.487860672635,,-1028.6969528041345
34.2,llm_0,1254.2575140129934,-8.9,27.69653340358353,1000.0,,-0.0042359455648044225,-0.0042359455648044225,-0.0042359455648044225,-0.0042359455648044225,-0.004194005509710053,0,highway_0,1,916.2575140129934,1254.2575140129934,,-1028.6965334035835
34.3,llm_0,1257.0271270517999,-8.9,27.69613038806547,1000.0,,-0.004070456732437356,-0.004070456732437356,-0.004070456732437356,-0.004070456732437356,-0.004030155180601014,0,highway_0,1,919.0271270517999,1257.0271270517999,,-1028.6961303880655
34.4,llm_0,1259.7967013639623,-8.9,27.695743121623266,1000.0,,-0.003911391066238434,-0.003911391066238434,-0.003911391066238434,-0.003911391066238434,-0.0038726644220332673,0,highway_0,1,921.7967013639623,1259.7967013639623,,-1028.6957431216233
34.5,llm_0,1262.5662384632608,-8.9,27.695370992986096,1000.0,,-0.0037584992354184445,-0.0037584992354184445,-0.0037584992354184445,-0.0037584992354184445,-0.003721286371707322,0,highway_0,1,924.5662384632608,1262.5662384632608,,-1028.695370992986
34.6,llm_0,1265.3357398047215,-8.9,27.695013414607782,1000.0,,-0.003611541620954562,-0.003611541620954562,-0.003611541620954562,-0.003611541620954562,-0.0035757837831340566,0,highway_0,1,927.3357398047215,1265.3357398047215,,-1028.6950134146077
34.7,llm_0,1268.1052067868957,-8.9,27.694669821743,1000.0,,-0.0034702879343121444,-0.0034702879343121444,-0.0034702879343121444,-0.0034702879343121444,-0.003435928647839148,0,highway_0,1,930.1052067868957,1268.1052067868957,,-1028.694669821743
34.8,llm_0,1270.8746407540516,-8.9,27.694339671559693,1000.0,,-0.003334516851391345,-0.003334516851391345,-0.003334516851391345,-0.003334516851391345,-0.00330150183305733,0,highway_0,1,932.8746407540516,1270.8746407540516,,-1028.6943396715596
34.9,llm_0,1273.6440429982802,-8.9,27.69402244228632,1000.0,,-0.0032040156610480654,-0.0032040156610480654,-0.0032040156610480654,-0.0032040156610480654,-0.0031722927337085594,0,highway_0,1,935.6440429982802,1273.6440429982802,,-1028.6940224422863
35.0,llm_0,1276.4134147615193,-8.9,27.693717632392506,1000.0,,-0.0030785799275639516,-0.0030785799275639516,-0.0030785799275639516,-0.0030785799275639516,-0.0030480989381587165,0,highway_0,1,938.4134147615193,1276.4134147615193,,-1028.6937176323925
35.1,llm_0,1279.1827572374996,-8.9,27.693424759801758,1000.0,,-0.0029580131665804203,-0.0029580131665804203,-0.0029580131665804203,-0.0029580131665804203,-0.0029287259074806116,0,highway_0,1,941.1827572374996,1279.1827572374996,,-1028.6934247598017
35.2,llm_0,1281.952071573613,-8.9,27.693143361135043,1000.0,,-0.00284212653383904,-0.00284212653383904,-0.00284212653383904,-0.00284212653383904,-0.002813986667149493,0,highway_0,1,943.952071573613,1281.952071573613,,-1028.693143361135
35.3,llm_0,1284.7213588727113,-8.9,27.692872990983926,1000.0,,-0.002730738526303811,-0.002730738526303811,-0.002730738526303811,-0.002730738526303811,-0.002703701511173051,0,highway_0,1,946.7213588727113,1284.7213588727113,,-1028.692872990984
35.4,llm_0,1287.4906201948324,-8.9,27.692613221212135,1000.0,,-0.002623674695095191,-0.002623674695095191,-0.002623674695095191,-0.002623674695095191,-0.0025976977179098526,0,highway_0,1,949.4906201948324,1287.4906201948324,,-1028.6926132212122
35.5,llm_0,1290.259856558861,-8.9,27.69236364028443,1000.0,,-0.0025207673698018243,-0.0025207673698018243,-0.0025207673698018243,-0.0025207673698018243,-0.0024958092770432927,0,highway_0,1,952.259856558861,1290.259856558861,,-1028.6923636402844
35.6,llm_0,1293.029068944123,-8.9,27.69212385262169,1000.0,,-0.0024218553936651735,-0.0024218553936651735,-0.0024218553936651735,-0.0024218553936651735,-0.0023978766273913266,0,highway_0,1,955.0290689441231,1293.029068944123,,-1028.6921238526218
35.7,llm_0,1295.7982582919212,-8.9,27.69189347798117,1000.0,,-0.002326783869246163,-0.002326783869246163,-0.002326783869246163,-0.002326783869246163,-0.002303746405196705,0,highway_0,1,957.7982582919212,1295.7982582919212,,-1028.6918934779812
35.8,llm_0,1298.5674255070073,-8.9,27.69167215086096,1000.0,,-0.0022354039141289973,-0.0022354039141289973,-0.0022354039141289973,-0.0022354039141289973,-0.0022132712021161183,0,highway_0,1,960.5674255070073,1298.5674255070073,,-1028.691672150861
35.9,llm_0,1301.3365714590002,-8.9,27.69145951992767,1000.0,,-0.0021475724262250973,-0.0021475724262250973,-0.0021475724262250973,-0.0021475724262250973,-0.0021263093329082494,0,highway_0,1,963.3365714590002,1301.3365714590002,,-1028.6914595199278
36.0,llm_0,1304.1056969837468,-8.9,27.691255247466447,1000.0,,-0.002063151858361212,-0.002063151858361212,-0.002063151858361212,-0.002063151858361212,-0.002042724612216773,0,highway_0,1,966.1056969837468,1304.1056969837468,,-1028.6912552474664
36.1,llm_0,1306.8748028846321,-8.9,27.691059008852413,1000.0,,-0.0019820100017224453,-0.0019820100017224453,-0.0019820100017224453,-0.0019820100017224453,-0.001962386140341721,0,highway_0,1,968.8748028846321,1306.8748028846321,,-1028.6910590088523
36.2,llm_0,1309.6438899338364,-8.9,27.690870492042727,1000.0,,-0.0019040197778138702,-0.0019040197778138702,-0.0019040197778138702,-0.0019040197778138702,-0.001885168096862344,0,highway_0,1,971.6438899338364,1309.6438899338364,,-1028.6908704920427
36.3,llm_0,1312.4129588735452,-8.9,27.69068939708841,1000.0,,-0.0018290590386031982,-0.0018290590386031982,-0.0018290590386031982,-0.0018290590386031982,-0.001810949543177287,0,highway_0,1,974.4129588735452,1312.4129588735452,,-1028.6906893970884
36.4,llm_0,1315.1820104171118,-8.9,27.690515435665187,1000.0,,-0.0017570103745141675,-0.0017570103745141675,-0.0017570103745141675,-0.0017570103745141675,-0.0017396142322212427,0,highway_0,1,977.1820104171118,1315.1820104171118,,-1028.6905154356652
36.5,llm_0,1317.951045250174,-8.9,27.69034833062262,1000.0,,-0.001687760929948712,-0.001687760929948712,-0.001687760929948712,-0.001687760929948712,-0.0016710504256778336,0,highway_0,1,979.951045250174,1317.951045250174,,-1028.6903483306226
36.6,llm_0,1320.7200640317292,-8.9,27.690187815550733,1000.0,,-0.001621202226058527,-0.001621202226058527,-0.001621202226058527,-0.001621202226058527,-0.001605150718866355,0,highway_0,1,982.7200640317292,1320.7200640317292,,-1028.6901878155506
36.7,llm_0,1323.4890673951656,-8.9,27.69003363436356,1000.0,,-0.001557229990465081,-0.001557229990465081,-0.001557229990465081,-0.001557229990465081,-0.0015418118717391849,0,highway_0,1,985.4890673951656,1323.4890673951656,,-1028.6900336343635
36.8,llm_0,1326.2580559492555,-8.9,27.689885540898842,1000.0,,-0.001495743993633103,-0.001495743993633103,-0.001495743993633103,-0.001495743993633103,-0.0014809346471622575,0,highway_0,1,988.2580559492555,1326.2580559492555,,-1028.6898855408988
36.9,llm_0,1329.0270302791089,-8.9,27.68974329853333,1000.0,,-0.001436647891667331,-0.001436647891667331,-0.001436647891667331,-0.001436647891667331,-0.0014224236551285685,0,highway_0,1,991.0270302791089,1329.0270302791089,,-1028.6897432985334
37.0,llm_0,1331.79599094709,-8.9,27.689606679813007,1000.0,,-0.0013798490752663373,-0.0013798490752663373,-0.0013798490752663373,-0.0013798490752663373,-0.001366187203224456,0,highway_0,1,993.7959909470901,1331.79599094709,,-1028.689606679813
37.1,llm_0,1334.5649384936999,-8.9,27.689475466097704,1000.0,,-0.0013252585245726368,-0.0013252585245726368,-0.0013252585245726368,-0.0013252585245726368,-0.0013121371530289139,0,highway_0,1,996.5649384936999,1334.5649384936999,,-1028.6894754660977
37.2,llm_0,1337.3338734384217,-8.9,27.689349447219517,1000.0,,-0.0012727906696984538,-0.0012727906696984538,-0.0012727906696984538,-0.0012727906696984538,-0.0012601887818775026,0,highway_0,1,999.3338734384217,1337.3338734384217,,-1028.6893494472195
37.3,llm_0,1340.1027962805372,-8.9,27.689228421154493,1000.0,,-0.0012223632567143206,-0.0012223632567143206,-0.0012223632567143206,-0.0012223632567143206,-0.0012102606502395474,0,highway_0,1,1002.1027962805372,1340.1027962805372,,-1028.6892284211544
37.4,llm_0,1342.8717074999079,-8.9,27.689112193707082,1000.0,,-0.001173897218852904,-0.001173897218852904,-0.001173897218852904,-0.001173897218852904,-0.0011622744741046631,0,highway_0,1,1004.8717074999079,1342.8717074999079,,-1028.6891121937072
37.5,llm_0,1345.6406075577286,-8.9,27.689000578206805,1000.0,,-0.001127316552767388,-0.001127316552767388,-0.001127316552767388,-0.001127316552767388,-0.0011161550027694034,0,highway_0,1,1007.6406075577286,1345.6406075577286,,-1028.6890005782068
37.6,llm_0,1348.4094968972502,-8.9,27.688893395216745,1000.0,,-0.0010825481995878185,-0.0010825481995878185,-0.0010825481995878185,-0.0010825481995878185,-0.0010718299006029497,0,highway_0,1,1010.4094968972502,1348.4094968972502,,-1028.6888933952168
37.7,llm_0,1351.1783759444754,-8.9,27.688790472253313,1000.0,,-0.0010395219306441163,-0.0010395219306441163,-0.0010395219306441163,-0.0010395219306441163,-0.0010292296343195062,0,highway_0,1,1013.1783759444754,1351.1783759444754,,-1028.6887904722532
37.8,llm_0,1353.947245108827,-8.9,27.688691643516915,1000.0,,-0.000998170237635132,-0.000998170237635132,-0.000998170237635132,-0.000998170237635132,-0.0009882873639810441,0,highway_0,1,1015.947245108827,1353.947245108827,,-1028.688691643517
37.9,llm_0,1356.7161047837903,-8.9,27.68859674963305,1000.0,,-0.0009584282270728828,-0.0009584282270728828,-0.0009584282270728828,-0.0009584282270728828,-0.0009489388386541009,0,highway_0,1,1018.7161047837903,1356.7161047837903,,-1028.688596749633
38.0,llm_0,1359.4849553475308,-8.9,27.68850563740346,1000.0,,-0.000920233518846092,-0.000920233518846092,-0.000920233518846092,-0.000920233518846092,-0.0009111222959035103,0,highway_0,1,1021.4849553475308,1359.4849553475308,,-1028.6885056374035
38.1,llm_0,1362.2537971634874,-8.9,27.68841815956695,1000.0,,-0.0008835261487363689,-0.0008835261487363689,-0.0008835261487363689,-0.0008835261487363689,-0.0008747783650875363,0,highway_0,1,1024.2537971634874,1362.2537971634874,,-1028.688418159567
38.2,llm_0,1365.0226305809445,-8.9,27.68833417456945,1000.0,,-0.0008482484747293518,-0.0008482484747293518,-0.0008482484747293518,-0.0008482484747293518,-0.0008398499749873167,0,highway_0,1,1027.0226305809445,1365.0226305809445,,-1028.6883341745695
38.3,llm_0,1367.7914559355788,-8.9,27.68825354634302,1000.0,,-0.0008143450869667391,-0.0008143450869667391,-0.0008143450869667391,-0.0008143450869667391,-0.0008062822643140066,0,highway_0,1,1029.7914559355788,1367.7914559355788,,-1028.688253546343
38.4,llm_0,1370.560273549988,-8.9,27.688176144093394,1000.0,,-0.0007817627212151068,-0.0007817627212151068,-0.0007817627212151068,-0.0007817627212151068,-0.0007740224962660136,0,highway_0,1,1032.560273549988,1370.560273549988,,-1028.6881761440934
38.5,llm_0,1373.3290837341976,-8.9,27.6881018420958,1000.0,,-0.0007504501756794513,-0.0007504501756794513,-0.0007504501756794513,-0.0007504501756794513,-0.0007430199759284051,0,highway_0,1,1035.3290837341976,1373.3290837341976,,-1028.6881018420959
38.6,llm_0,1376.0978867861475,-8.9,27.688030519498668,1000.0,,-0.0007203582310727264,-0.0007203582310727264,-0.0007203582310727264,-0.0007203582310727264,-0.0007132259713316103,0,highway_0,1,1038.0978867861475,1376.0978867861475,,-1028.6880305194986
38.7,llm_0,1378.866682992161,-8.9,27.687962060134925,1000.0,,-0.0006914395737902979,-0.0006914395737902979,-0.0006914395737902979,-0.0006914395737902979,-0.0006845936374233474,0,highway_0,1,1040.866682992161,1378.866682992161,,-1028.6879620601349
38.8,llm_0,1381.635472627395,-8.9,27.687896352340665,1000.0,,-0.0006636487220544219,-0.0006636487220544219,-0.0006636487220544219,-0.0006636487220544219,-0.0006570779425985052,0,highway_0,1,1043.635472627395,1381.635472627395,,-1028.6878963523407
38.9,llm_0,1384.4042559562731,-8.9,27.68783328878077,1000.0,,-0.0006369419549490107,-0.0006369419549490107,-0.0006369419549490107,-0.0006369419549490107,-0.0006306355989593726,0,highway_0,1,1046.4042559562731,1384.4042559562731,,-1028.6878332887807
39.0,llm_0,1387.1730332329012,-8.9,27.68777276628134,1000.0,,-0.0006112772442002035,-0.0006112772442002035,-0.0006112772442002035,-0.0006112772442002035,-0.0006052249942811727,0,highway_0,1,1049.1730332329012,1387.1730332329012,,-1028.6877727662813
39.1,llm_0,1389.941804701468,-8.9,27.68771468566861,1000.0,,-0.0005866141885954246,-0.0005866141885954246,-0.0005866141885954246,-0.0005866141885954246,-0.0005808061273171461,0,highway_0,1,1051.941804701468,1389.941804701468,,-1028.6877146856687
39.2,llm_0,1392.7105705966294,-8.9,27.687658951614058,1000.0,,-0.0005629139509893744,-0.0005629139509893744,-0.0005629139509893744,-0.0005629139509893744,-0.0005573405455194802,0,highway_0,1,1054.7105705966294,1392.7105705966294,,-1028.6876589516141
39.3,llm_0,1395.479331143878,-8.9,27.687605472485572,1000.0,,-0.0005401391977009062,-0.0005401391977009062,-0.0005401391977009062,-0.0005401391977009062,-0.0005347912848563396,0,highway_0,1,1057.479331143878,1395.479331143878,,-1028.6876054724855
39.4,llm_0,1398.2480865598984,-8.9,27.687554160204357,1000.0,,-0.0005182540403013913,-0.0005182540403013913,-0.0005182540403013913,-0.0005182540403013913,-0.0005131228121513232,0,highway_0,1,1060.2480865598984,1398.2480865598984,,-1028.6875541602044
39.5,llm_0,1401.016837052909,-8.9,27.687504930107362,1000.0,,-0.0004972239796560807,-0.0004972239796560807,-0.0004972239796560807,-0.0004972239796560807,-0.0004923009699453473,0,highway_0,1,1063.016837052909,1401.016837052909,,-1028.6875049301073
39.6,llm_0,1403.7855828229906,-8.9,27.68745770081507,1000.0,,-0.00047701585211834546,-0.00047701585211834546,-0.00047701585211834546,-0.00047701585211834546,-0.0004722929229217243,0,highway_0,1,1065.7855828229906,1403.7855828229906,,-1028.687457700815
39.7,llm_0,1406.554324062401,-8.9,27.687412394104392,1000.0,,-0.0004575977778300322,-0.0004575977778300322,-0.0004575977778300322,-0.0004575977778300322,-0.00045306710678261197,0,highway_0,1,1068.554324062401,1406.554324062401,,-1028.6874123941043
39.8,llm_0,1409.3230609558798,-8.9,27.68736893478647,1000.0,,-0.00043893911102241837,-0.00043893911102241837,-0.00043893911102241837,-0.00043893911102241837,-0.00043459317922156515,0,highway_0,1,1071.3230609558798,1409.3230609558798,,-1028.6873689347865
39.9,llm_0,1412.0917936809387,-8.9,27.68732725058922,1000.0,,-0.00042101039224522467,-0.00042101039224522467,-0.00042101039224522467,-0.00042101039224522467,-0.00041684197249480803,0,highway_0,1,1074.0917936809387,1412.0917936809387,,-1028.6873272505893
40.0,llm_0,1414.8605224081432,-8.9,27.687287272044426,1000.0,,-0.00040378330242896165,-0.00040378330242896165,-0.00040378330242896165,-0.00040378330242896165,-0.00039978544794649906,0,highway_0,1,1076.8605224081432,1414.8605224081432,,-1028.6872872720444
40.1,llm_0,1417.6292473013812,-8.9,27.6872489323792,1000.0,,-0.0003872306187668207,-0.0003872306187668207,-0.0003872306187668207,-0.0003872306187668207,-0.0003833966522392984,0,highway_0,1,1079.6292473013812,1417.6292473013812,,-1028.6872489323791
40.2,llm_0,1420.3979685181223,-8.9,27.68721216741165,1000.0,,-0.00037132617226502966,-0.00037132617226502966,-0.00037132617226502966,-0.00037132617226502966,-0.0003676496755034009,0,highway_0,1,1082.3979685181223,1420.3979685181223,,-1028.6872121674116
40.3,llm_0,1423.1666862096674,-8.9,27.687176915450564,1000.0,,-0.00035604480697546407,-0.00035604480697546407,-0.00035604480697546407,-0.00035604480697546407,-0.00035251961087112704,0,highway_0,1,1085.1666862096674,1423.1666862096674,,-1028.6871769154507
40.4,llm_0,1425.9354005213872,-8.9,27.687143117199003,1000.0,,-0.0003413623407732214,-0.0003413623407732214,-0.0003413623407732214,-0.0003413623407732214,-0.0003379825156102356,0,highway_0,1,1087.9354005213872,1425.9354005213872,,-1028.687143117199
40.5,llm_0,1428.7041115929535,-8.9,27.68711071566161,1000.0,,-0.0003272555276833567,-0.0003272555276833567,-0.0003272555276833567,-0.0003272555276833567,-0.0003240153739270113,0,highway_0,1,1090.7041115929535,1428.7041115929535,,-1028.6871107156617
40.6,llm_0,1431.472819558559,-8.9,27.687079656055506,1000.0,,-0.0003137020216488651,-0.0003137020216488651,-0.0003137020216488651,-0.0003137020216488651,-0.0003105960610483294,0,highway_0,1,1093.472819558559,1431.472819558559,,-1028.6870796560554
40.7,llm_0,1434.2415245471313,-8.9,27.687049885724644,1000.0,,-0.000300680341703341,-0.000300680341703341,-0.000300680341703341,-0.000300680341703341,-0.0002977033086182246,0,highway_0,1,1096.2415245471313,1434.2415245471313,,-1028.6870498857247
40.8,llm_0,1437.010226682537,-8.9,27.687021354057467,1000.0,,-0.00028816983851414073,-0.00028816983851414073,-0.00028816983851414073,-0.00028816983851414073,-0.00028531667176423525,0,highway_0,1,1099.010226682537,1437.010226682537,,-1028.6870213540574
40.9,llm_0,1439.7789260837778,-8.9,27.686994012407744,1000.0,,-0.0002761506621803411,-0.0002761506621803411,-0.0002761506621803411,-0.0002761506621803411,-0.00027341649722956163,0,highway_0,1,1101.7789260837778,1439.7789260837778,,-1028.6869940124077
41.0,llm_0,1442.5476228651796,-8.9,27.686967814018505,1000.0,,-0.0002646037313178695,-0.0002646037313178695,-0.0002646037313178695,-0.0002646037313178695,-0.0002619838923934026,0,highway_0,1,1104.5476228651796,1442.5476228651796,,-1028.6869678140185
41.1,llm_0,1445.3163171365745,-8.9,27.68694271394887,1000.0,,-0.0002535107033268869,-0.0002535107033268869,-0.0002535107033268869,-0.0002535107033268869,-0.0002510006963518663,0,highway_0,1,1107.3163171365745,1445.3163171365745,,-1028.6869427139488
41.2,llm_0,1448.0850090034749,-8.9,27.68691866900374,1000.0,,-0.00024285394579406374,-0.00024285394579406374,-0.00024285394579406374,-0.00024285394579406374,-0.00024044945128309791,0,highway_0,1,1110.0850090034749,1448.0850090034749,,-1028.6869186690037
41.3,llm_0,1450.8536985672415,-8.9,27.686895637666215,1000.0,,-0.00023261650903214637,-0.00023261650903214637,-0.00023261650903214637,-0.00023261650903214637,-0.00023031337526902007,0,highway_0,1,1112.8536985672415,1450.8536985672415,,-1028.686895637666
41.4,llm_0,1453.6223859252448,-8.9,27.686873580032586,1000.0,,-0.00022278209965729268,-0.00022278209965729268,-0.00022278209965729268,-0.00022278209965729268,-0.0002205763362894686,0,highway_0,1,1115.6223859252448,1453.6223859252448,,-1028.6868735800326
41.5,llm_0,1456.3910711710198,-8.9,27.686852457749893,1000.0,,-0.00021333505520237941,-0.00021333505520237941,-0.00021333505520237941,-0.00021333505520237941,-0.00021122282692687122,0,highway_0,1,1118.3910711710198,1456.3910711710198,,-1028.6868524577499
41.6,llm_0,1459.1545838064267,-8.9,27.635126354069754,1000.0,,-0.522433647169385,-0.522433647169385,-0.522433647169385,-0.522433647169385,-0.5172610368013864,0,highway_0,1,1121.1545838064267,1459.1545838064267,,-1028.6351263540698
41.7,llm_0,1461.9113295814816,-8.9,27.567457750549767,1000.0,,-0.6834528955518472,-0.6834528955518472,-0.6834528955518472,-0.6834528955518472,-0.6766860351998716,0,highway_0,1,1123.9113295814816,1461.9113295814816,,-1028.5674577505497
41.8,llm_0,1464.660464720567,-8.9,27.491351390853588,1000.0,,-0.7686742329314243,-0.7686742329314243,-0.7686742329314243,-0.7686742329314243,-0.7610635969617974,0,highway_0,1,1126.660464720567,1464.660464720567,,-1028.4913513908537
41.9,llm_0,1467.4014973076432,-8.9,27.410325870762232,1000.0,,-0.8183577529226963,-0.8183577529226963,-0.8183577529226963,-0.8183577529226963,-0.8102552009135522,0,highway_0,1,1129.4014973076432,1467.4014973076432,,-1028.4103258707623
42.0,llm_0,1470.1341316561613,-8.9,27.32634348518139,1000.0,,-0.8482220943665132,-0.8482220943665132,-0.8482220943665132,-0.8482220943665132,-0.8398238558084259,0,highway_0,1,1132.1341316561613,1470.1341316561613,,-1028.3263434851815
42.1,llm_0,1472.8581914333163,-8.9,27.240597771549222,1000.0,,-0.8660317076849007,-0.8660317076849007,-0.8660317076849007,-0.8660317076849007,-0.8574571363216776,0,highway_0,1,1134.8581914333163,1472.8581914333163,,-1028.2405977715491
42.2,llm_0,1475.5735767460467,-8.9,27.153853127304835,1000.0,,-0.8761209068683111,-0.8761209068683111,-0.8761209068683111,-0.8761209068683111,-0.867446442443871,0,highway_0,1,1137.5735767460467,1475.5735767460467,,-1028.1538531273047
42.3,llm_0,1478.280238324586,-8.9,27.066615785393065,1000.0,,-0.8810971533088713,-0.8810971533088713,-0.8810971533088713,-0.8810971533088713,-0.8723734191177002,0,highway_0,1,1140.280238324586,1478.280238324586,,-1028.066615785393
42.4,llm_0,1480.9781612037618,-8.9,26.97922879175786,1000.0,,-0.8826086357155782,-0.8826086357155782,-0.8826086357155782,-0.8826086357155782,-0.8738699363520652,0,highway_0,1,1142.9781612037618,1480.9781612037618,,-1027.9792287917578
42.5,llm_0,1483.6673540468132,-8.9,26.89192843051487,1000.0,,-0.8817336485541749,-0.8817336485541749,-0.8817336485541749,-0.8817336485541749,-0.8730036124298834,0,highway_0,1,1145.6673540468132,1483.6673540468132,,-1027.8919284305148
42.6,llm_0,1486.347841984838,-8.9,26.80487938024822,1000.0,,-0.8791954076931509,-0.8791954076931509,-0.8791954076931509,-0.8791954076931509,-0.8704905026664989,0,highway_0,1,1148.347841984838,1486.347841984838,,-1027.8048793802482
42.7,llm_0,1489.0196617239008,-8.9,26.71819739062862,1000.0,,-0.8754880951579479,-0.8754880951579479,-0.8754880951579479,-0.8754880951579479,-0.8668198961959916,0,highway_0,1,1151.0196617239008,1489.0196617239008,,-1027.7181973906286
42.8,llm_0,1491.682858153021,-8.9,26.631964291202518,1000.0,,-0.8709543042036435,-0.8709543042036435,-0.8709543042036435,-0.8709543042036435,-0.8623309942610291,0,highway_0,1,1153.682858153021,1491.682858153021,,-1027.6319642912026
42.9,llm_0,1494.3374819652036,-8.9,26.546238121825596,1000.0,,-0.8658343107069156,-0.8658343107069156,-0.8658343107069156,-0.8658343107069156,-0.8572616937692246,0,highway_0,1,1156.3374819652036,1494.3374819652036,,-1027.5462381218256
43.0,llm_0,1496.983587972769,-8.9,26.461060075655844,1000.0,,-0.860298266314492,-0.860298266314492,-0.860298266314492,-0.860298266314492,-0.8517804616975155,0,highway_0,1,1158.983587972769,1496.983587972769,,-1027.461060075656
43.1,llm_0,1499.6212339043807,-8.9,26.376459316116176,1000.0,,-0.8544676713506391,-0.8544676713506391,-0.8544676713506391,-0.8544676713506391,-0.846007595396685,0,highway_0,1,1161.6212339043807,1499.6212339043807,,-1027.376459316116
43.2,llm_0,1502.2504795396383,-8.9,26.29245635257594,1000.0,,-0.8484299317563841,-0.8484299317563841,-0.8484299317563841,-0.8484299317563841,-0.8400296354023595,0,highway_0,1,1164.2504795396383,1502.2504795396383,,-1027.292456352576
43.3,llm_0,1504.8713860822527,-8.9,26.20906542614309,1000.0,,-0.8422483569717937,-0.8422483569717937,-0.8422483569717937,-0.8422483569717937,-0.8339092643284829,0,highway_0,1,1166.8713860822527,1504.8713860822527,,-1027.209065426143
43.4,llm_0,1507.4840157030812,-8.9,26.12629620828646,1000.0,,-0.8359691003520126,-0.8359691003520126,-0.8359691003520126,-0.8359691003520126,-0.8276921785663305,0,highway_0,1,1169.4840157030812,1507.4840157030812,,-1027.1262962082865
43.5,llm_0,1510.0884312048952,-8.9,26.04415501813966,1000.0,,-0.8296260204827066,-0.8296260204827066,-0.8296260204827066,-0.8296260204827066,-0.8214119014679966,0,highway_0,1,1172.0884312048952,1510.0884312048952,,-1027.0441550181397
43.6,llm_0,1512.6846957749024,-8.9,25.96264570007193,1000.0,,-0.8232441124840278,-0.8232441124840278,-0.8232441124840278,-0.8232441124840278,-0.8150931806772732,0,highway_0,1,1174.6846957749024,1512.6846957749024,,-1026.962645700072
43.7,llm_0,1515.2728728008867,-8.9,25.881770259842426,1000.0,,-0.8168419463180123,-0.8168419463180123,-0.8168419463180123,-0.8168419463180123,-0.808754402295051,0,highway_0,1,1177.2728728008867,1515.2728728008867,,-1026.8817702598424
43.8,llm_0,1517.8530257337034,-8.9,25.80152932816728,1000.0,,-0.8104334099189734,-0.8104334099189734,-0.8104334099189734,-0.8104334099189734,-0.8024093167514579,0,highway_0,1,1179.8530257337034,1517.8530257337034,,-1026.8015293281674
43.9,llm_0,1520.4252179837263,-8.9,25.721922500228953,1000.0,,-0.8040289621771042,-0.8040289621771042,-0.8040289621771042,-0.8040289621771042,-0.7960682793832774,0,highway_0,1,1182.4252179837263,1520.4252179837263,,-1026.7219225002289
44.0,llm_0,1522.9895128422822,-8.9,25.642948585560443,1000.0,,-0.7976365381519499,-0.7976365381519499,-0.7976365381519499,-0.7976365381519499,-0.7897391466850934,0,highway_0,1,1184.9895128422822,1522.9895128422822,,-1026.6429485855604
44.1,llm_0,1525.5459734215697,-8.9,25.564605792874385,1000.0,,-0.7912622061292152,-0.7912622061292152,-0.7912622061292152,-0.7912622061292152,-0.7834279268605826,0,highway_0,1,1187.5459734215697,1525.5459734215697,,-1026.5646057928743
44.2,llm_0,1528.0946626083157,-8.9,25.486891867460667,1000.0,,-0.7849106466785296,-0.7849106466785296,-0.7849106466785296,-0.7849106466785296,-0.7771392541371824,0,highway_0,1,1190.0946626083157,1528.0946626083157,,-1026.4868918674606
44.3,llm_0,1530.6356430277012,-8.9,25.40980419385485,1000.0,,-0.7785855034187599,-0.7785855034187599,-0.7785855034187599,-0.7785855034187599,-0.7708767360581703,0,highway_0,1,1192.6356430277012,1530.6356430277012,,-1026.4098041938548
44.4,llm_0,1533.1689770149985,-8.9,25.33333987297375,1000.0,,-0.7722896408991233,-0.7722896408991233,-0.7722896408991233,-0.7722896408991233,-0.7646432088110089,0,highway_0,1,1195.1689770149985,1533.1689770149985,,-1026.3333398729737
44.5,llm_0,1535.694726593039,-8.9,25.257495780404923,1000.0,,-0.7660253349451415,-0.7660253349451415,-0.7660253349451415,-0.7660253349451415,-0.7584409256882552,0,highway_0,1,1197.694726593039,1535.694726593039,,-1026.257495780405
44.6,llm_0,1538.212953454112,-8.9,25.182268610731477,1000.0,,-0.7597944137017876,-0.7597944137017876,-0.7597944137017876,-0.7597944137017876,-0.7522716967344678,0,highway_0,1,1200.212953454112,1538.212953454112,,-1026.1822686107314
44.7,llm_0,1540.723718945259,-8.9,25.107654911469616,1000.0,,-0.7535983625447872,-0.7535983625447872,-0.7535983625447872,-0.7535983625447872,-0.7461369926186023,0,highway_0,1,1202.723718945259,1540.723718945259,,-1026.1076549114696
44.8,llm_0,1543.227084056184,-8.9,25.033651109250393,1000.0,,-0.7474384024141866,-0.7474384024141866,-0.7474384024141866,-0.7474384024141866,-0.7400380221922376,0,highway_0,1,1205.227084056184,1543.227084056184,,-1026.0336511092503
44.9,llm_0,1545.7231094092028,-8.9,24.960253530188197,1000.0,,-0.7413155485281652,-0.7413155485281652,-0.7413155485281652,-0.7413155485281652,-0.7339757906219546,0,highway_0,1,1207.7231094092028,1545.7231094092028,,-1025.9602535301883
45.0,llm_0,1548.2118552507902,-8.9,24.887458415874995,1000.0,,-0.7352306545633457,-0.7352306545633457,-0.7352306545633457,-0.7352306545633457,-0.7279511431320174,0,highway_0,1,1210.2118552507902,1548.2118552507902,,-1025.887458415875
45.1,llm_0,1550.6933814443971,-8.9,24.815261936069728,1000.0,,-0.7291844460332229,-0.7291844460332229,-0.7291844460332229,-0.7291844460332229,-0.7219647980526744,0,highway_0,1,1212.6933814443971,1550.6933814443971,,-1025.8152619360696
45.2,llm_0,1553.1677474642852,-8.9,24.743660198880427,1000.0,,-0.7231775456119369,-0.7231775456119369,-0.7231775456119369,-0.7231775456119369,-0.7160173718930096,0,highway_0,1,1215.1677474642852,1553.1677474642852,,-1025.7436601988804
45.3,llm_0,1555.6350123901886,-8.9,24.672649259035587,1000.0,,-0.7172104924328647,-0.7172104924328647,-0.7172104924328647,-0.7172104924328647,-0.7101093984483953,0,highway_0,1,1217.6350123901886,1555.6350123901886,,-1025.6726492590356
45.4,llm_0,1558.095234902658,-8.9,24.60222512469242,1000.0,,-0.711283756865982,-0.711283756865982,-0.711283756865982,-0.711283756865982,-0.7042413434316686,0,highway_0,1,1220.095234902658,1558.095234902658,,-1025.6022251246925
45.5,llm_0,1560.5484732789698,-8.9,24.53238376311894,1000.0,,-0.705397751892151,-0.705397751892151,-0.705397751892151,-0.705397751892151,-0.6984136157348075,0,highway_0,1,1222.5484732789698,1560.5484732789698,,-1025.532383763119
45.6,llm_0,1562.9947853895203,-8.9,24.463121105504275,1000.0,,-0.6995528419081268,-0.6995528419081268,-0.6995528419081268,-0.6995528419081268,-0.692626576146651,0,highway_0,1,1224.9947853895203,1562.9947853895203,,-1025.4631211055043
45.7,llm_0,1565.4342286946294,-8.9,24.394433051089823,1000.0,,-0.6937493495859504,-0.6937493495859504,-0.6937493495859504,-0.6937493495859504,-0.6868805441445147,0,highway_0,1,1227.4342286946294,1565.4342286946294,,-1025.39443305109
45.8,llm_0,1567.866860241706,-8.9,24.326315470767597,1000.0,,-0.6879875612544835,-0.6879875612544835,-0.6879875612544835,-0.6879875612544835,-0.681175803222267,0,highway_0,1,1229.866860241706,1567.866860241706,,-1025.3263154707677
45.9,llm_0,1570.2927366627318,-8.9,24.258764210257205,1000.0,,-0.6822677311549457,-0.6822677311549457,-0.6822677311549457,-0.6822677311549457,-0.6755126051039184,0,highway_0,1,1232.2927366627318,1570.2927366627318,,-1025.2587642102571
46.0,llm_0,1572.7119141720266,-8.9,24.19177509294672,1000.0,,-0.676590084835885,-0.676590084835885,-0.676590084835885,-0.676590084835885,-0.669891173104844,0,highway_0,1,1234.7119141720266,1572.7119141720266,,-1025.1917750929467
46.1,llm_0,1575.1244485642728,-8.9,24.125343922462733,1000.0,,-0.6709548218882646,-0.6709548218882646,-0.6709548218882646,-0.6709548218882646,-0.664311704839875,0,highway_0,1,1237.1244485642728,1575.1244485642728,,-1025.1253439224627
46.2,llm_0,1577.530395212775,-8.9,24.059466485019875,1000.0,,-0.6653621181728544,-0.6653621181728544,-0.6653621181728544,-0.6653621181728544,-0.6587743744285746,0,highway_0,1,1239.530395212775,1577.530395212775,,-1025.0594664850198
46.3,llm_0,1579.9298090679338,-8.9,23.994138551588623,1000.0,,-0.6598121276556383,-0.6598121276556383,-0.6598121276556383,-0.6598121276556383,-0.653279334312522,0,highway_0,1,1241.9298090679338,1579.9298090679338,,-1024.9941385515885
46.4,llm_0,1582.322744655925,-8.9,23.929355879911455,1000.0,,-0.6543049839393901,-0.6543049839393901,-0.6543049839393901,-0.6543049839393901,-0.6478267167716822,0,highway_0,1,1244.322744655925,1582.322744655925,,-1024.9293558799116
46.5,llm_0,1584.709256077564,-8.9,23.86511421639078,1000.0,,-0.6488408015587966,-0.6488408015587966,-0.6488408015587966,-0.6488408015587966,-0.6424166352067573,0,highway_0,1,1246.709256077564,1584.709256077564,,-1024.8651142163908
46.6,llm_0,1587.0893970073507,-8.9,23.80140929786695,1000.0,,-0.6434196770906465,-0.6434196770906465,-0.6434196770906465,-0.6434196770906465,-0.6370491852382898,0,highway_0,1,1249.0893970073507,1587.0893970073507,,-1024.801409297867
46.7,llm_0,1589.4632206926808,-8.9,23.738236853300737,1000.0,,-0.6380416901187551,-0.6380416901187551,-0.6380416901187551,-0.6380416901187551,-0.6317244456621296,0,highway_0,1,1251.4632206926808,1589.4632206926808,,-1024.7382368533008
46.8,llm_0,1591.8307799532179,-8.9,23.675592605371623,1000.0,,-0.6327069040840417,-0.6327069040840417,-0.6327069040840417,-0.6327069040840417,-0.6264424792911427,0,highway_0,1,1253.8307799532179,1591.8307799532179,,-1024.6755926053715
46.9,llm_0,1594.192127180418,-8.9,23.613472272001005,1000.0,,-0.6274153670432636,-0.6274153670432636,-0.6274153670432636,-0.6274153670432636,-0.621203333706184,0,highway_0,1,1256.192127180418,1594.192127180418,,-1024.613472272001
47.0,llm_0,1596.547314337199,-8.9,23.55187156780748,1000.0,,-0.6221671123545913,-0.6221671123545913,-0.6221671123545913,-0.6221671123545913,-0.6160070419352337,0,highway_0,1,1258.547314337199,1596.547314337199,,-1024.5518715678074
47.1,llm_0,1598.896392957749,-8.9,23.490786205500147,1000.0,,-0.6169621593040755,-0.6169621593040755,-0.6169621593040755,-0.6169621593040755,-0.6108536230733463,0,highway_0,1,1260.896392957749,1598.896392957749,,-1024.4907862055002
47.2,llm_0,1601.2394141474704,-8.9,23.4302118972146,1000.0,,-0.611800513683996,-0.611800513683996,-0.611800513683996,-0.611800513683996,-0.6057430828554544,0,highway_0,1,1263.2394141474704,1601.2394141474704,,-1024.4302118972146
47.3,llm_0,1603.5764285830498,-8.9,23.37014435579564,1000.0,,-0.6066821683315137,-0.6066821683315137,-0.6066821683315137,-0.6066821683315137,-0.6006754141895954,0,highway_0,1,1265.5764285830498,1603.5764285830498,,-1024.3701443557957
47.4,llm_0,1605.907486512653,-8.9,23.310579296029857,1000.0,,-0.6016071036343953,-0.6016071036343953,-0.6016071036343953,-0.6016071036343953,-0.5956505976578441,0,highway_0,1,1267.907486512653,1605.907486512653,,-1024.3105792960298
47.5,llm_0,1608.232637756236,-8.9,23.251512435830954,1000.0,,-0.5965752880089333,-0.5965752880089333,-0.5965752880089333,-0.5965752880089333,-0.5906686019890373,0,highway_0,1,1270.232637756236,1608.232637756236,,-1024.251512435831
47.6,llm_0,1610.551931705974,-8.9,23.192939497380042,1000.0,,-0.5915866783542028,-0.5915866783542028,-0.5915866783542028,-0.5915866783542028,-0.5857293845091149,0,highway_0,1,1272.551931705974,1610.551931705974,,-1024.19293949738
47.7,llm_0,1612.8654173267964,-8.9,23.134856208223024,1000.0,,-0.5866412204858633,-0.5866412204858633,-0.5866412204858633,-0.5866412204858633,-0.5808328915701821,0,highway_0,1,1274.8654173267964,1612.8654173267964,,-1024.134856208223
47.8,llm_0,1615.173143157029,-8.9,23.07725830232678,1000.0,,-0.5817388495520667,-0.5817388495520667,-0.5817388495520667,-0.5817388495520667,-0.5759790589624458,0,highway_0,1,1277.173143157029,1615.173143157029,,-1024.0772583023268
47.9,llm_0,1617.4751573091387,-8.9,23.02014152109574,1000.0,,-0.5768794904334823,-0.5768794904334823,-0.5768794904334823,-0.5768794904334823,-0.571167812310378,0,highway_0,1,1279.4751573091387,1617.4751573091387,,-1024.0201415210956
48.0,llm_0,1619.7715074705736,-8.9,22.96350161435029,1000.0,,-0.5720630581290985,-0.5720630581290985,-0.5720630581290985,-0.5720630581290985,-0.5663990674545261,0,highway_0,1,1281.7715074705736,1619.7715074705736,,-1023.9635016143503
48.1,llm_0,1622.0622409047005,-8.9,22.907334341268204,1000.0,,-0.567289458129059,-0.567289458129059,-0.567289458129059,-0.567289458129059,-0.5616727308208525,0,highway_0,1,1284.0622409047005,1622.0622409047005,,-1023.9073343412682
48.2,llm_0,1624.3474044518296,-8.9,22.85163547129042,1000.0,,-0.5625585867755986,-0.5625585867755986,-0.5625585867755986,-0.5625585867755986,-0.5569886997778184,0,highway_0,1,1286.3474044518296,1624.3474044518296,,-1023.8516354712904
48.3,llm_0,1626.6270445303287,-8.9,22.79640078499211,1000.0,,-0.5578703316129622,-0.5578703316129622,-0.5578703316129622,-0.5578703316129622,-0.5523468629831285,0,highway_0,1,1288.6270445303287,1626.6270445303287,,-1023.7964007849921
48.4,llm_0,1628.9012071378206,-8.9,22.74162607492013,1000.0,,-0.5532245717269481,-0.5532245717269481,-0.5532245717269481,-0.5532245717269481,-0.547747100719782,0,highway_0,1,1290.9012071378206,1628.9012071378206,,-1023.7416260749201
48.5,llm_0,1631.1699378524604,-8.9,22.68730714639788,1000.0,,-0.5486211780747138,-0.5486211780747138,-0.5486211780747138,-0.5486211780747138,-0.5431892852224962,0,highway_0,1,1293.1699378524604,1631.1699378524604,,-1023.6873071463979
48.6,llm_0,1633.4332818342903,-8.9,22.63343981829835,1000.0,,-0.5440600138052915,-0.5440600138052915,-0.5440600138052915,-0.5440600138052915,-0.5386732809953187,0,highway_0,1,1295.4332818342903,1633.4332818342903,,-1023.6334398182984
48.7,llm_0,1635.691283826669,-8.9,22.58001992378635,1000.0,,-0.5395409345712308,-0.5395409345712308,-0.5395409345712308,-0.5395409345712308,-0.5341989451200035,0,highway_0,1,1297.691283826669,1635.691283826669,,-1023.5800199237864
48.8,llm_0,1637.943988157772,-8.9,22.52704331103073,1000.0,,-0.5350637888317391,-0.5350637888317391,-0.5350637888317391,-0.5350637888317391,-0.5297661275561794,0,highway_0,1,1299.943988157772,1637.943988157772,,-1023.5270433110308
48.9,llm_0,1640.191438742161,-8.9,22.474505843887403,1000.0,,-0.5306284181475924,-0.5306284181475924,-0.5306284181475924,-0.5306284181475924,-0.5253746714332763,0,highway_0,1,1302.191438742161,1640.191438742161,,-1023.4745058438874
49.0,llm_0,1642.4336790824163,-8.9,22.422403402553925,1000.0,,-0.526234657468111,-0.526234657468111,-0.526234657468111,-0.526234657468111,-0.5210244133347786,0,highway_0,1,1304.4336790824163,1642.4336790824163,,-1023.422403402554
49.1,llm_0,1644.670752270836,-8.9,22.37073188419646,1000.0,,-0.521882335410409,-0.521882335410409,-0.521882335410409,-0.521882335410409,-0.5167151835746608,0,highway_0,1,1306.670752270836,1644.670752270836,,-1023.3707318841964
49.2,llm_0,1646.9027009911908,-8.9,22.319487203549812,1000.0,,-0.517571274531149,-0.517571274531149,-0.517571274531149,-0.517571274531149,-0.5124468064664711,0,highway_0,1,1308.9027009911908,1646.9027009911908,,-1023.3194872035498
49.3,llm_0,1649.12956752054,-8.9,22.268665293491296,1000.0,,-0.5133012915910075,-0.5133012915910075,-0.5133012915910075,-0.5133012915910075,-0.5082191005851655,0,highway_0,1,1311.12956752054,1649.12956752054,,-1023.2686652934913
49.4,llm_0,1651.3513937310988,-8.9,22.21826210558912,1000.0,,-0.5090721978119815,-0.5090721978119815,-0.5090721978119815,-0.5090721978119815,-0.5040318790217668,0,highway_0,1,1313.3513937310988,1651.3513937310988,,-1023.2182621055891
49.5,llm_0,1653.5682210921614,-8.9,22.168273610625974,1000.0,,-0.5048837991277862,-0.5048837991277862,-0.5048837991277862,-0.5048837991277862,-0.4998849496314506,0,highway_0,1,1315.5682210921614,1653.5682210921614,,-1023.168273610626
49.6,llm_0,1655.7800906720713,-8.9,22.118695799098507,1000.0,,-0.500735896427417,-0.500735896427417,-0.500735896427417,-0.500735896427417,-0.49577811527466764,0,highway_0,1,1317.7800906720713,1655.7800906720713,,-1023.1186957990985
49.7,llm_0,1657.9870431402408,-8.9,22.069524681693352,1000.0,,-0.49662828579207874,-0.49662828579207874,-0.49662828579207874,-0.49662828579207874,-0.4917111740515523,0,highway_0,1,1319.9870431402408,1657.9870431402408,,-1023.0695246816933
49.8,llm_0,1660.1891187692147,-8.9,22.020756289740323,1000.0,,-0.492560758725602,-0.492560758725602,-0.492560758725602,-0.492560758725602,-0.48768391953029067,0,highway_0,1,1322.1891187692147,1660.1891187692147,,-1023.0207562897403
49.9,llm_0,1662.386357436779,-8.9,21.97238667564344,1000.0,,-0.4885331023785153,-0.4885331023785153,-0.4885331023785153,-0.4885331023785153,-0.4836961409688456,0,highway_0,1,1324.386357436779,1662.386357436779,,-1022.9723866756434
50.0,llm_0,1664.578798628108,-8.9,21.924411913290385,1000.0,,-0.4845450997658421,-0.4845450997658421,-0.4845450997658421,-0.4845450997658421,-0.47974762353053535,0,highway_0,1,1326.578798628108,1664.578798628108,,-1022.9244119132904
50.1,llm_0,1666.766481437952,-8.9,21.876828098440992,1000.0,,-0.4805965299788608,-0.4805965299788608,-0.4805965299788608,-0.4805965299788608,-0.4758381484939278,0,highway_0,1,1328.766481437952,1666.766481437952,,-1022.876828098441
50.2,llm_0,1668.9494445728617,-8.9,21.82963134909537,1000.0,,-0.4766871683908071,-0.4766871683908071,-0.4766871683908071,-0.4766871683908071,-0.47196749345623346,0,highway_0,1,1330.9494445728617,1668.9494445728617,,-1022.8296313490954
50.3,llm_0,1671.127726353446,-8.9,21.782817805842217,1000.0,,-0.47281678685681194,-0.47281678685681194,-0.47281678685681194,-0.47281678685681194,-0.46813543253151124,0,highway_0,1,1333.127726353446,1671.127726353446,,-1022.7828178058422
50.4,llm_0,1673.3013647166647,-8.9,21.736383632187955,1000.0,,-0.4689851539080468,-0.4689851539080468,-0.4689851539080468,-0.4689851539080468,-0.4643417365426217,0,highway_0,1,1335.3013647166647,1673.3013647166647,,-1022.736383632188
50.5,llm_0,1675.4703972181514,-8.9,21.690325014867135,1000.0,,-0.4651920349403041,-0.4651920349403041,-0.4651920349403041,-0.4651920349403041,-0.46058617320820616,0,highway_0,1,1337.4703972181514,1675.4703972181514,,-1022.6903250148671
50.6,llm_0,1677.634861034565,-8.9,21.644638164134754,1000.0,,-0.4614371923970611,-0.4614371923970611,-0.4614371923970611,-0.4614371923970611,-0.45686850732380435,0,highway_0,1,1339.634861034565,1677.634861034565,,-1022.6446381641348
50.7,llm_0,1679.794792965969,-8.9,21.599319314040976,1000.0,,-0.45772038594717446,-0.45772038594717446,-0.45772038594717446,-0.45772038594717446,-0.4531885009377845,0,highway_0,1,1341.794792965969,1679.794792965969,,-1022.5993193140409
50.8,llm_0,1681.9502294382378,-8.9,21.554364722688764,1000.0,,-0.4540413726573309,-0.4540413726573309,-0.4540413726573309,-0.4540413726573309,-0.4495459135221225,0,highway_0,1,1343.9502294382378,1681.9502294382378,,-1022.5543647226888
50.9,llm_0,1684.1012065054854,-8.9,21.509770672474968,1000.0,,-0.4503999071593411,-0.4503999071593411,-0.4503999071593411,-0.4503999071593411,-0.4459405021379581,0,highway_0,1,1346.1012065054854,1684.1012065054854,,-1022.5097706724749
51.0,llm_0,1686.247759852517,-8.9,21.465533470315325,1000.0,,-0.44679574181239073,-0.44679574181239073,-0.44679574181239073,-0.44679574181239073,-0.44237202159642663,0,highway_0,1,1348.247759852517,1686.247759852517,,-1022.4655334703153
51.1,llm_0,1688.3899247973025,-8.9,21.421649447853902,1000.0,,-0.4432286268603902,-0.4432286268603902,-0.4432286268603902,-0.4432286268603902,-0.438840224614232,0,highway_0,1,1350.3899247973025,1688.3899247973025,,-1022.421649447854
51.2,llm_0,1690.5277362934683,-8.9,21.37811496165742,1000.0,,-0.43969831058448183,-0.43969831058448183,-0.43969831058448183,-0.43969831058448183,-0.4353448619648148,0,highway_0,1,1352.5277362934683,1690.5277362934683,,-1022.3781149616574
51.3,llm_0,1692.6612289328077,-8.9,21.33492639339496,1000.0,,-0.43620453945086335,-0.43620453945086335,-0.43620453945086335,-0.43620453945086335,-0.4318856826246176,0,highway_0,1,1354.6612289328077,1692.6612289328077,,-1022.334926393395
51.4,llm_0,1694.790436947808,-8.9,21.29208015000348,1000.0,,-0.4327470582539766,-0.4327470582539766,-0.4327470582539766,-0.4327470582539766,-0.42846243391480243,0,highway_0,1,1356.790436947808,1694.790436947808,,-1022.2920801500035
51.5,llm_0,1696.915394214192,-8.9,21.249572663839594,1000.0,,-0.4293256102552324,-0.4293256102552324,-0.4293256102552324,-0.4293256102552324,-0.4250748616388478,0,highway_0,1,1358.915394214192,1696.915394214192,,-1022.2495726638396
51.6,llm_0,1699.0361342534738,-8.9,21.207400392818077,1000.0,,-0.42593993731731167,-0.42593993731731167,-0.42593993731731167,-0.42593993731731167,-0.42172271021517105,0,highway_0,1,1361.0361342534738,1699.0361342534738,,-1022.207400392818
51.7,llm_0,1701.1526902355276,-8.9,21.165559820537464,1000.0,,-0.42258978003418735,-0.42258978003418735,-0.42258978003418735,-0.42258978003418735,-0.41840572280612776,0,highway_0,1,1363.1526902355276,1701.1526902355276,,-1022.1655598205375
51.8,llm_0,1703.265094981167,-8.9,21.12404745639321,1000.0,,-0.4192748778569423,-0.4192748778569423,-0.4192748778569423,-0.4192748778569423,-0.4151236414425341,0,highway_0,1,1365.265094981167,1703.265094981167,,-1022.1240474563932
51.9,llm_0,1705.373380964735,-8.9,21.082859835678807,1000.0,,-0.41599496921548534,-0.41599496921548534,-0.41599496921548534,-0.41599496921548534,-0.41187620714403295,0,highway_0,1,1367.373380964735,1705.373380964735,,-1022.0828598356788
52.0,llm_0,1707.4775803167024,-8.9,21.041993519675216,1000.0,,-0.4127497916362845,-0.4127497916362845,-0.4127497916362845,-0.4127497916362845,-0.40866316003590697,0,highway_0,1,1369.4775803167024,1707.4775803167024,,-1022.0419935196752
52.1,llm_0,1709.5777248262752,-8.9,21.00144509572906,1000.0,,-0.40953908185618315,-0.40953908185618315,-0.40953908185618315,-0.40953908185618315,-0.40548423946155765,0,highway_0,1,1371.5777248262752,1709.5777248262752,,-1022.0014450957291
52.2,llm_0,1711.6738459440073,-8.9,20.961211177319914,1000.0,,-0.40636257593239267,-0.40636257593239267,-0.40636257593239267,-0.40636257593239267,-0.40233918409146696,0,highway_0,1,1373.6738459440073,1711.6738459440073,,-1021.9612111773199
52.3,llm_0,1713.765974784419,-8.9,20.92128840411706,1000.0,,-0.40322000934880725,-0.40322000934880725,-0.40322000934880725,-0.40322000934880725,-0.39922773202853534,0,highway_0,1,1375.765974784419,1713.765974784419,,-1021.921288404117
52.4,llm_0,1715.8541421286218,-8.9,20.881673442026106,1000.0,,-0.40011111711863634,-0.40011111711863634,-0.40011111711863634,-0.40011111711863634,-0.3961496209095472,0,highway_0,1,1377.8541421286218,1715.8541421286218,,-1021.8816734420261
52.5,llm_0,1717.9383784269444,-8.9,20.842362983225755,1000.0,,-0.3970356338835498,-0.3970356338835498,-0.3970356338835498,-0.3970356338835498,-0.39310458800351,0,highway_0,1,1379.9383784269444,1717.9383784269444,,-1021.8423629832257
52.6,llm_0,1720.018713801564,-8.9,20.803353746195125,1000.0,,-0.3939932940093453,-0.3939932940093453,-0.3939932940093453,-0.3939932940093453,-0.3900923703062986,0,highway_0,1,1382.018713801564,1720.018713801564,,-1021.8033537461952
52.7,llm_0,1722.095178049137,-8.9,20.764642475731932,1000.0,,-0.3909838316782561,-0.3909838316782561,-0.3909838316782561,-0.3909838316782561,-0.3871127046319245,0,highway_0,1,1384.095178049137,1722.095178049137,,-1021.764642475732
52.8,llm_0,1724.1678006434333,-8.9,20.726225942961836,1000.0,,-0.3880069809779882,-0.3880069809779882,-0.3880069809779882,-0.3880069809779882,-0.3841653277009627,0,highway_0,1,1386.1678006434333,1724.1678006434333,,-1021.7262259429618
52.9,llm_0,1726.2366107379673,-8.9,20.688100945339304,1000.0,,-0.38506247598756144,-0.38506247598756144,-0.38506247598756144,-0.38506247598756144,-0.38124997622531964,0,highway_0,1,1388.2366107379673,1726.2366107379673,,-1021.6881009453393
53.0,llm_0,1728.3016371686313,-8.9,20.650264306640292,1000.0,,-0.38215005086001796,-0.38215005086001796,-0.38215005086001796,-0.38215005086001796,-0.37836638699012326,0,highway_0,1,1390.3016371686313,1728.3016371686313,,-1021.6502643066403
53.1,llm_0,1730.362908456326,-8.9,20.61271287694701,1000.0,,-0.3792694399021494,-0.3792694399021494,-0.3792694399021494,-0.3792694399021494,-0.37551429693280625,0,highway_0,1,1392.362908456326,1730.362908456326,,-1021.6127128769471
53.2,llm_0,1732.4204528095886,-8.9,20.57544353262511,1000.0,,-0.3764203776512197,-0.3764203776512197,-0.3764203776512197,-0.3764203776512197,-0.37269344321902764,0,highway_0,1,1394.4204528095886,1732.4204528095886,,-1021.5754435326251
53.3,llm_0,1734.474298127218,-8.9,20.53845317629354,1000.0,,-0.3736025989488215,-0.3736025989488215,-0.3736025989488215,-0.3736025989488215,-0.3699035633156811,0,highway_0,1,1396.474298127218,1734.474298127218,,-1021.5384531762935
53.4,llm_0,1736.5244720008966,-8.9,20.501738736787402,1000.0,,-0.37081583901197235,-0.37081583901197235,-0.37081583901197235,-0.37081583901197235,-0.36714439506138064,0,highway_0,1,1398.5244720008966,1736.5244720008966,,-1021.5017387367874
53.5,llm_0,1738.571001717808,-8.9,20.46529716911399,1000.0,,-0.36805983350144783,-0.36805983350144783,-0.36805983350144783,-0.36805983350144783,-0.36441567673410447,0,highway_0,1,1400.571001717808,1738.571001717808,,-1021.465297169114
53.6,llm_0,1740.6139142632483,-8.9,20.42912545440236,1000.0,,-0.3653343185874695,-0.3653343185874695,-0.3653343185874695,-0.3653343185874695,-0.3617171471163161,0,highway_0,1,1402.6139142632483,1740.6139142632483,,-1021.4291254544023
53.7,llm_0,1742.653236323233,-8.9,20.393220599846636,1000.0,,-0.36263903101283396,-0.36263903101283396,-0.36263903101283396,-0.36263903101283396,-0.3590485455572434,0,highway_0,1,1404.653236323233,1742.653236323233,,-1021.3932205998466
53.8,llm_0,1744.6889942870973,-8.9,20.357579638643315,1000.0,,-0.3599737081535104,-0.3599737081535104,-0.3599737081535104,-0.3599737081535104,-0.35640961203320387,0,highway_0,1,1406.6889942870973,1744.6889942870973,,-1021.3575796386433
53.9,llm_0,1746.7212142500896,-8.9,20.32219962992284,1000.0,,-0.3573380880768171,-0.3573380880768171,-0.3573380880768171,-0.3573380880768171,-0.3538000872047675,0,highway_0,1,1408.7212142500896,1746.7212142500896,,-1021.3221996299228
54.0,llm_0,1748.749922015957,-8.9,20.287077658675592,1000.0,,-0.35473190959721335,-0.35473190959721335,-0.35473190959721335,-0.35473190959721335,-0.35121971247246364,0,highway_0,1,1410.749922015957,1748.749922015957,,-1021.2870776586756
54.1,llm_0,1750.7751430995243,-8.9,20.252210835672642,1000.0,,-0.352154912329804,-0.352154912329804,-0.352154912329804,-0.352154912329804,-0.348668230029503,0,highway_0,1,1412.7751430995243,1750.7751430995243,,-1021.2522108356726
54.2,llm_0,1752.7969027292625,-8.9,20.217596297381398,1000.0,,-0.3496068367415706,-0.3496068367415706,-0.3496068367415706,-0.3496068367415706,-0.34614538291243946,0,highway_0,1,1414.7969027292625,1752.7969027292625,,-1021.2175962973814
54.3,llm_0,1754.81522584985,-8.9,20.1832312058764,1000.0,,-0.3470874242004636,-0.3470874242004636,-0.3470874242004636,-0.3470874242004636,-0.34365091504998446,0,highway_0,1,1416.81522584985,1754.81522584985,,-1021.1832312058764
54.4,llm_0,1756.8301371247246,-8.9,20.149112748745473,1000.0,,-0.3445964170223364,-0.3445964170223364,-0.3445964170223364,-0.3445964170223364,-0.34118457130926316,0,highway_0,1,1418.8301371247246,1756.8301371247246,,-1021.1491127487454
54.5,llm_0,1758.8416609386238,-8.9,20.115238138991426,1000.0,,-0.34213355851588534,-0.34213355851588534,-0.34213355851588534,-0.34213355851588534,-0.33874609754047214,0,highway_0,1,1420.8416609386238,1758.8416609386238,,-1021.1152381389915
54.6,llm_0,1760.8498214001168,-8.9,20.081604614929493,1000.0,,-0.3396985930255263,-0.3396985930255263,-0.3396985930255263,-0.3396985930255263,-0.3363352406193343,0,highway_0,1,1422.8498214001168,1760.8498214001168,,-1021.0816046149295
54.7,llm_0,1762.8546423441248,-8.9,20.048209440080743,1000.0,,-0.33729126597238035,-0.33729126597238035,-0.33729126597238035,-0.33729126597238035,-0.3339517484874932,0,highway_0,1,1424.8546423441248,1762.8546423441248,,-1021.0482094400808
54.8,llm_0,1764.856147334431,-8.9,20.0150499030616,1000.0,,-0.33491132389336536,-0.33491132389336536,-0.33491132389336536,-0.33491132389336536,-0.3315953701914509,0,highway_0,1,1426.856147334431,1764.856147334431,,-1021.0150499030616
54.9,llm_0,1766.854359666178,-8.9,19.98212331746967,1000.0,,-0.3325585144784515,-0.3325585144784515,-0.3325585144784515,-0.3325585144784515,-0.3292658559192674,0,highway_0,1,1428.854359666178,1766.854359666178,,-1020.9821233174697
55.0,llm_0,1768.8493023683545,-8.9,19.94942702176609,1000.0,,-0.3302325866061712,-0.3302325866061712,-0.3302325866061712,-0.3302325866061712,-0.32696295703580347,0,highway_0,1,1430.8493023683545,1768.8493023683545,,-1020.949427021766
55.1,llm_0,1770.84099820627,-8.9,19.91695837915447,1000.0,,-0.3279332903773852,-0.3279332903773852,-0.3279332903773852,-0.3279332903773852,-0.324686426116223,0,highway_0,1,1432.84099820627,1770.84099820627,,-1020.9169583791545
55.2,llm_0,1772.8294696840155,-8.9,19.884714777456704,1000.0,,-0.3256603771473985,-0.3256603771473985,-0.3256603771473985,-0.3256603771473985,-0.32243601697764745,0,highway_0,1,1434.8294696840155,1772.8294696840155,,-1020.8847147774567
55.3,llm_0,1774.8147390469142,-8.9,19.85269362898577,1000.0,,-0.32341359955645377,-0.32341359955645377,-0.32341359955645377,-0.32341359955645377,-0.320211484709354,0,highway_0,1,1436.8147390469142,1774.8147390469142,,-1020.8526936289858
55.4,llm_0,1776.7968282839556,-8.9,19.820892370415603,1000.0,,-0.3211927115586733,-0.3211927115586733,-0.3211927115586733,-0.3211927115586733,-0.31801258570165913,0,highway_0,1,1438.7968282839556,1776.7968282839556,,-1020.8208923704155
55.5,llm_0,1778.7757591302204,-8.9,19.78930846264833,1000.0,,-0.31899746844944454,-0.31899746844944454,-0.31899746844944454,-0.31899746844944454,-0.31583907767274155,0,highway_0,1,1440.7757591302204,1778.7757591302204,,-1020.7893084626484
55.6,llm_0,1780.7515530692883,-8.9,19.75793939067888,1000.0,,-0.31682762689138766,-0.31682762689138766,-0.31682762689138766,-0.31682762689138766,-0.3136907196944705,0,highway_0,1,1442.7515530692883,1780.7515530692883,,-1020.7579393906789
55.7,llm_0,1782.724231335634,-8.9,19.72678266345721,1000.0,,-0.3146829449388562,-0.3146829449388562,-0.3146829449388562,-0.3146829449388562,-0.3115672722167062,0,highway_0,1,1444.724231335634,1782.724231335634,,-1020.7267826634572
55.8,llm_0,1784.6938149170087,-8.9,19.695835813748193,1000.0,,-0.31256318206107353,-0.31256318206107353,-0.31256318206107353,-0.31256318206107353,-0.30946849709017954,0,highway_0,1,1446.6938149170087,1784.6938149170087,,-1020.6958358137482
55.9,llm_0,1786.6603245568076,-8.9,19.665096397989387,1000.0,,-0.31046809916393664,-0.31046809916393664,-0.31046809916393664,-0.31046809916393664,-0.30739415758805677,0,highway_0,1,1448.6603245568076,1786.6603245568076,,-1020.6650963979894
56.0,llm_0,1788.6237807564223,-8.9,19.63456199614676,1000.0,,-0.30839745861050316,-0.30839745861050316,-0.30839745861050316,-0.30839745861050316,-0.30534401842626124,0,highway_0,1,1450.6237807564223,1788.6237807564223,,-1020.6345619961468
56.1,llm_0,1790.5842037775792,-8.9,19.60423021156852,1000.0,,-0.3063510242402668,-0.3063510242402668,-0.3063510242402668,-0.3063510242402668,-0.3033178457824093,0,highway_0,1,1452.5842037775792,1790.5842037775792,,-1020.6042302115685
56.2,llm_0,1792.541613644663,-8.9,19.574098670837117,1000.0,,-0.30432856138718106,-0.30432856138718106,-0.30432856138718106,-0.30432856138718106,-0.3013154073140356,0,highway_0,1,1454.541613644663,1792.541613644663,,-1020.5740986708371
56.3,llm_0,1794.4960301470248,-8.9,19.54416502361964,1000.0,,-0.3023298368965193,-0.3023298368965193,-0.3023298368965193,-0.3023298368965193,-0.29933647217475823,0,highway_0,1,1456.4960301470248,1794.4960301470248,,-1020.5441650236196
56.4,llm_0,1796.4474728412765,-8.9,19.51442694251661,1000.0,,-0.3003546191406167,-0.3003546191406167,-0.3003546191406167,-0.3003546191406167,-0.2973808110303011,0,highway_0,1,1458.4474728412765,1796.4474728412765,,-1020.5144269425166
56.5,llm_0,1798.3959610535674,-8.9,19.484882122909333,1000.0,,-0.2984026780335056,-0.2984026780335056,-0.2984026780335056,-0.2984026780335056,-0.29544819607277617,0,highway_0,1,1460.3959610535674,1798.3959610535674,,-1020.4848821229093
0,llm_1,319.0,-11.200000000000001,23.5,1000.0,,,,,,0,0,highway_0,0,0.0,319.0,,-1024.5
0.1,llm_1,321.3757425742574,-11.200000000000001,23.75742574257426,1000.0,,2.6,2.6,2.6,2.6,2.5742574257425943,0,highway_0,0,2.3757425742574014,321.3757425742574,,-1024.7574257425742
0.2,llm_1,323.77722772277224,-11.200000000000001,24.01485148514852,1000.0,,2.6,2.6,2.6,2.6,2.5742574257425943,0,highway_0,0,4.777227722772238,323.77722772277224,,-1025.0148514851485
0.3,llm_1,326.2044554455445,-11.200000000000001,24.27227722772278,1000.0,,2.6,2.6,2.6,2.6,2.5742574257425943,0,highway_0,0,7.204455445544511,326.2044554455445,,-1025.2722772277227
0.4,llm_1,328.6633663366336,-11.190000000000001,24.589108910891095,1000.0,,3.2,3.2,3.2,3.2,3.168316831683171,0,highway_0,0,9.663366336633601,328.6633663366336,,-1025.5891089108911
0.5,llm_1,331.15396039603957,-11.170000000000002,24.905940594059413,1000.0,,3.2,3.2,3.2,3.2,3.168316831683171,0,highway_0,0,12.153960396039565,331.15396039603957,,-1025.9059405940593
0.6,llm_1,333.67623762376235,-11.14,25.22277227722773,1000.0,,3.2,3.2,3.2,3.2,3.168316831683171,0,highway_0,0,14.676237623762347,333.67623762376235,,-1026.2227722772277
0.7,llm_1,336.23019801980195,-11.100000000000001,25.539603960396047,1000.0,,3.2,3.2,3.2,3.2,3.168316831683171,0,highway_0,0,17.230198019801946,336.23019801980195,,-1026.539603960396
0.8,llm_1,338.81584158415836,-11.05,25.856435643564364,1000.0,,3.2,3.2,3.2,3.2,3.168316831683171,0,highway_0,0,19.815841584158363,338.81584158415836,,-1026.8564356435643
0.9,llm_1,341.43316831683165,-10.99,26.17326732673268,1000.0,,3.2,3.2,3.2,3.2,3.168316831683171,0,highway_0,0,22.433168316831654,341.43316831683165,,-1027.1732673267327
1.0,llm_1,344.08217821782176,-10.920000000000002,26.490099009900998,1000.0,,3.2,3.2,3.2,3.2,3.168316831683171,0,highway_0,0,25.082178217821763,344.08217821782176,,-1027.490099009901
1.1,llm_1,346.7628712871287,-10.840000000000002,26.806930693069315,1000.0,,3.2,3.2,3.2,3.2,3.168316831683171,0,highway_0,0,27.76287128712869,346.7628712871287,,-1027.8069306930693
1.2,llm_1,349.47524752475243,-10.770000000000001,27.123762376237632,1000.0,,3.2,3.2,3.2,3.2,3.168316831683171,0,highway_0,0,30.475247524752433,349.47524752475243,,-1028.1237623762377
1.3,llm_1,352.21930693069305,-10.71,27.44059405940595,1000.0,,3.2,3.2,3.2,3.2,3.168316831683171,0,highway_0,0,33.21930693069305,352.21930693069305,,-1028.4405940594058
1.4,llm_1,354.9950495049505,-10.66,27.757425742574267,1000.0,,3.2,3.2,3.2,3.2,3.168316831683171,0,highway_0,0,35.99504950495049,354.9950495049505,,-1028.7574257425742
1.5,llm_1,357.7925742574257,-10.620000000000001,27.975247524752483,1000.0,,2.2,2.2,2.2,2.2,2.1782178217821624,0,highway_0,0,38.79257425742571,357.7925742574257,,-1028.9752475247524
1.6,llm_1,360.6118811881188,-10.58,28.1930693069307,1000.0,,2.2,2.2,2.2,2.2,2.1782178217821624,0,highway_0,0,41.61188118811879,360.6118811881188,,-1029.1930693069307
1.7,llm_1,363.45297029702965,-10.55,28.410891089108915,1000.0,,2.2,2.2,2.2,2.2,2.1782178217821624,0,highway_0,0,44.45297029702965,363.45297029702965,,-1029.4108910891089
1.8,llm_1,366.31584158415836,-10.530000000000001,28.62871287128713,1000.0,,2.2,2.2,2.2,2.2,2.1782178217821624,0,highway_0,0,47.31584158415836,366.31584158415836,,-1029.6287128712872
1.9,llm_1,369.2004950495049,-10.520000000000001,28.846534653465348,1000.0,,2.2,2.2,2.2,2.2,2.1782178217821624,0,highway_0,0,50.20049504950492,369.2004950495049,,-1029.8465346534654
2.0,llm_1,372.11089108910886,-10.510000000000002,29.103960396039607,1000.0,,2.6,2.6,2.6,2.6,2.5742574257425943,0,highway_0,0,53.11089108910886,372.11089108910886,,-1030.1039603960396
2.1,llm_1,375.04702970297024,-10.510000000000002,29.361386138613867,1000.0,,2.6,2.6,2.6,2.6,2.5742574257425943,0,highway_0,0,56.047029702970235,375.04702970297024,,-1030.3613861386139
2.2,llm_1,378.00495049504946,-10.501500000000002,29.579207920792083,1000.0,,2.2,2.2,2.2,2.2,2.1782178217821624,0,highway_0,0,59.00495049504946,378.00495049504946,,-1030.579207920792
2.3,llm_1,380.98465346534647,-10.501500000000002,29.7970297029703,1000.0,,2.2,2.2,2.2,2.2,2.1782178217821624,0,highway_0,0,61.98465346534647,380.98465346534647,,-1030.7970297029703
2.4,llm_1,383.9861386138613,-10.501500000000002,30.014851485148515,1000.0,,2.2,2.2,2.2,2.2,2.1782178217821624,0,highway_0,0,64.98613861386133,383.9861386138613,,-1031.0148514851485
2.5,llm_1,387.009405940594,-10.501500000000002,30.23267326732673,1000.0,,2.2,2.2,2.2,2.2,2.1782178217821624,0,highway_0,0,68.00940594059398,387.009405940594,,-1031.2326732673268
2.6,llm_1,390.0544554455445,-10.501500000000002,30.450495049504948,1000.0,,2.2,2.2,2.2,2.2,2.1782178217821624,0,highway_0,0,71.05445544554448,390.0544554455445,,-1031.450495049505
2.7,llm_1,393.12128712871277,-10.501500000000002,30.668316831683164,1000.0,,2.2,2.2,2.2,2.2,2.1782178217821624,0,highway_0,0,74.12128712871277,393.12128712871277,,-1031.6683168316831
2.8,llm_1,396.2099009900989,-10.501500000000002,30.88613861386138,1000.0,,2.2,2.2,2.2,2.2,2.1782178217821624,0,highway_0,0,77.2099009900989,396.2099009900989,,-1031.8861386138615
2.9,llm_1,399.3202970297029,-10.4915,31.103960396039597,1000.0,,2.2,2.2,2.2,2.2,2.1782178217821624,0,highway_0,0,80.32029702970289,399.3202970297029,,-1032.1039603960396
3.0,llm_1,402.45247524752466,-10.4715,31.321782178217813,1000.0,,2.2,2.2,2.2,2.2,2.1782178217821624,0,highway_0,0,83.45247524752466,402.45247524752466,,-1032.3217821782177
3.1,llm_1,405.6064356435643,-10.441500000000001,31.53960396039603,1000.0,,2.2,2.2,2.2,2.2,2.1782178217821624,0,highway_0,0,86.60643564356428,405.6064356435643,,-1032.539603960396
3.2,llm_1,408.7821782178217,-10.4015,31.757425742574245,1000.0,,2.2,2.2,2.2,2.2,2.1782178217821624,0,highway_0,0,89.7821782178217,408.7821782178217,,-1032.7574257425742
3.3,llm_1,411.97970297029696,-10.351500000000001,31.97524752475246,1000.0,,2.2,2.2,2.2,2.2,2.1782178217821624,0,highway_0,0,92.97970297029696,411.97970297029696,,-1032.9752475247524
3.4,llm_1,415.19900990099,-10.291500000000001,32.19306930693068,1000.0,,2.2,2.2,2.2,2.2,2.178217821782198,0,highway_0,0,96.19900990099,415.19900990099,,-1033.1930693069307
3.5,llm_1,418.4400990099009,-10.2215,32.4108910891089,1000.0,,2.2,2.2,2.2,2.2,2.178217821782198,0,highway_0,0,99.4400990099009,418.4400990099009,,-1033.4108910891089
3.6,llm_1,421.7029702970296,-10.1415,32.62871287128712,1000.0,,2.2,2.2,2.2,2.2,2.178217821782198,0,highway_0,0,102.7029702970296,421.7029702970296,,-1033.628712871287
3.7,llm_1,424.98762376237613,-10.0515,32.84653465346534,1000.0,,2.2,2.2,2.2,2.2,2.178217821782198,0,highway_0,0,105.98762376237613,424.98762376237613,,-1033.8465346534654
3.8,llm_1,428.2940594059405,-9.951500000000001,33.06435643564356,1000.0,,2.2,2.2,2.2,2.2,2.178217821782198,0,highway_0,0,109.29405940594052,428.2940594059405,,-1034.0643564356435
3.9,llm_1,431.6222772277227,-9.851500000000001,33.28217821782178,1000.0,,2.2,2.2,2.2,2.2,2.178217821782198,0,highway_0,0,112.62227722772269,431.6222772277227,,-1034.2821782178219
4.0,llm_1,434.9722772277227,-9.7515,33.5,1000.0,,2.2,2.2,2.2,2.2,2.178217821782198,0,highway_0,0,115.97227722772271,434.9722772277227,,-1034.5
4.1,llm_1,438.3440594059405,-9.6515,33.71782178217822,1000.0,,2.2,2.2,2.2,2.2,2.178217821782198,0,highway_0,0,119.34405940594053,438.3440594059405,,-1034.7178217821781
4.2,llm_1,441.7376237623762,-9.551499999999999,33.93564356435644,1000.0,,2.2,2.2,2.2,2.2,2.178217821782198,0,highway_0,1,122.73762376237619,441.7376237623762,,-1034.9356435643565
4.3,llm_1,445.13118811881185,-9.551499999999999,33.93564356435644,1000.0,,0.0,0.0,0.0,0.0,0.0,0,highway_0,1,126.13118811881185,445.13118811881185,,-1034.9356435643565
4.4,llm_1,448.5247524752475,-9.5415,33.93564356435644,1000.0,,0.0,0.0,0.0,0.0,0.0,0,highway_0,1,129.5247524752475,448.5247524752475,,-1034.9356435643565
4.5,llm_1,451.91831683168317,-9.5215,33.93564356435644,1000.0,,0.0,0.0,0.0,0.0,0.0,0,highway_0,1,132.91831683168317,451.91831683168317,,-1034.9356435643565
4.6,llm_1,455.3118811881188,-9.491499999999998,33.93564356435644,1000.0,,0.0,0.0,0.0,0.0,0.0,0,highway_0,1,136.31188118811883,455.31188118811883,,-1034.9356435643565
4.7,llm_1,458.70544554455455,-9.4515,33.93564356435644,1000.0,,0.0,0.0,0.0,0.0,0.0,0,highway_0,1,139.7054455445545,458.7054455445545,,-1034.9356435643565
4.8,llm_1,462.09900990099015,-9.401499999999999,33.93564356435644,1000.0,,0.0,0.0,0.0,0.0,0.0,0,highway_0,1,143.09900990099015,462.09900990099015,,-1034.9356435643565
4.9,llm_1,465.49257425742576,-9.3415,33.93564356435644,1000.0,,0.0,0.0,0.0,0.0,0.0,0,highway_0,1,146.49257425742582,465.4925742574258,,-1034.9356435643565
5.0,llm_1,468.88613861386153,-9.2715,33.93564356435644,1000.0,,0.0,0.0,0.0,0.0,0.0,0,highway_0,1,149.88613861386148,468.8861386138615,,-1034.9356435643565
5.1,llm_1,472.27970297029714,-9.1915,33.93564356435644,1000.0,,0.0,0.0,0.0,0.0,0.0,0,highway_0,1,153.27970297029714,472.27970297029714,,-1034.9356435643565
5.2,llm_1,475.6732673267328,-9.1015,33.93564356435644,1000.0,,0.0,0.0,0.0,0.0,0.0,0,highway_0,1,156.6732673267328,475.6732673267328,,-1034.9356435643565
5.3,llm_1,479.0668316831685,-9.001499999999998,33.93564356435644,1000.0,,0.0,0.0,0.0,0.0,0.0,0,highway_0,1,160.06683168316846,479.06683168316846,,-1034.9356435643565
5.4,llm_1,482.4603960396041,-8.901499999999999,33.93564356435644,1000.0,,0.0,0.0,0.0,0.0,0.0,0,highway_0,1,163.46039603960412,482.4603960396041,,-1034.9356435643565
5.5,llm_1,485.8539603960398,-8.801499999999999,33.93564356435644,1000.0,,0.0,0.0,0.0,0.0,0.0,0,highway_0,1,166.85396039603978,485.8539603960398,,-1034.9356435643565
5.6,llm_1,489.2475247524754,-8.7015,33.93564356435644,1000.0,,0.0,0.0,0.0,0.0,0.0,0,highway_0,1,170.24752475247544,489.24752475247544,,-1034.9356435643565
5.7,llm_1,492.6410891089111,-8.6015,33.93564356435644,1000.0,,0.0,0.0,0.0,0.0,0.0,0,highway_0,1,173.6410891089111,492.6410891089111,,-1034.9356435643565
5.8,llm_1,496.03465346534676,-8.501499999999998,33.93564356435644,1000.0,,0.0,0.0,0.0,0.0,0.0,0,highway_0,1,177.03465346534676,496.03465346534676,,-1034.9356435643565
5.9,llm_1,499.42821782178237,-8.401499999999999,33.93564356435644,1000.0,,0.0,0.0,0.0,0.0,0.0,0,highway_0,1,180.42821782178243,499.4282178217824,,-1034.9356435643565
6.0,llm_1,502.8217821782181,-8.301499999999999,33.93564356435644,1000.0,,0.0,0.0,0.0,0.0,0.0,0,highway_0,1,183.8217821782181,502.8217821782181,,-1034.9356435643565
6.1,llm_1,506.21534653465375,-8.2015,33.93564356435644,1000.0,,0.0,0.0,0.0,0.0,0.0,0,highway_0,1,187.21534653465375,506.21534653465375,,-1034.9356435643565
6.2,llm_1,509.60891089108935,-8.1015,33.93564356435644,1000.0,,0.0,0.0,0.0,0.0,0.0,0,highway_0,1,190.6089108910894,509.6089108910894,,-1034.9356435643565
6.3,llm_1,513.002475247525,-8.001499999999998,33.93564356435644,1000.0,,0.0,0.0,0.0,0.0,0.0,0,highway_0,1,194.002475247525,513.002475247525,,-1034.9356435643565
6.4,llm_1,516.3960396039606,-7.901499999999999,33.93564356435644,1000.0,,0.0,0.0,0.0,0.0,0.0,0,highway_0,1,197.39603960396062,516.3960396039606,,-1034.9356435643565
6.5,llm_1,519.7896039603962,-7.801499999999999,33.93564356435644,1000.0,,0.0,0.0,0.0,0.0,0.0,0,highway_0,1,200.78960396039622,519.7896039603962,,-1034.9356435643565
6.6,llm_1,523.1831683168318,-7.701499999999999,33.93564356435644,1000.0,,0.0,0.0,0.0,0.0,0.0,0,highway_0,1,204.18316831683182,523.1831683168318,,-1034.9356435643565
6.7,llm_1,526.5767326732674,-7.601499999999999,33.93564356435644,1000.0,,0.0,0.0,0.0,0.0,0.0,0,highway_0,1,207.57673267326743,526.5767326732674,,-1034.9356435643565
6.8,llm_1,529.970297029703,-7.501499999999999,33.93564356435644,1000.0,,0.0,0.0,0.0,0.0,0.0,0,highway_0,1,210.97029702970303,529.970297029703,,-1034.9356435643565
6.9,llm_1,533.3638613861386,-7.401499999999999,33.93564356435644,1000.0,,0.0,0.0,0.0,0.0,0.0,0,highway_0,1,214.36386138613864,533.3638613861386,,-1034.9356435643565
7.0,llm_1,536.7574257425742,-7.301499999999999,33.93564356435644,1000.0,,0.0,0.0,0.0,0.0,0.0,0,highway_0,1,217.75742574257424,536.7574257425742,,-1034.9356435643565
7.1,llm_1,540.1509900990098,-7.201499999999999,33.93564356435644,1000.0,,0.0,0.0,0.0,0.0,0.0,0,highway_0,1,221.15099009900985,540.1509900990098,,-1034.9356435643565
7.2,llm_1,543.5445544554455,-7.101499999999999,33.93564356435644,1000.0,,0.0,0.0,0.0,0.0,0.0,0,highway_0,1,224.54455445544545,543.5445544554455,,-1034.9356435643565
7.3,llm_1,546.938118811881,-7.001499999999999,33.93564356435644,1000.0,,0.0,0.0,0.0,0.0,0.0,0,highway_0,1,227.93811881188105,546.938118811881,,-1034.9356435643565
7.4,llm_1,550.3316831683167,-6.901499999999999,33.93564356435644,1000.0,,0.0,0.0,0.0,0.0,0.0,0,highway_0,1,231.33168316831666,550.3316831683167,,-1034.9356435643565
7.5,llm_1,553.7252475247523,-6.811499999999999,33.93564356435644,1000.0,,0.0,0.0,0.0,0.0,0.0,0,highway_0,1,234.72524752475226,553.7252475247523,,-1034.9356435643565
7.6,llm_1,557.1188118811879,-6.731499999999999,33.93564356435644,1000.0,,0.0,0.0,0.0,0.0,0.0,0,highway_0,1,238.11881188118787,557.1188118811879,,-1034.9356435643565
7.7,llm_1,560.5123762376235,-6.661499999999998,33.93564356435644,1000.0,,0.0,0.0,0.0,0.0,0.0,0,highway_0,1,241.51237623762347,560.5123762376235,,-1034.9356435643565
7.8,llm_1,563.9059405940591,-6.601499999999999,33.93564356435644,1000.0,,0.0,0.0,0.0,0.0,0.0,0,highway_0,1,244.90594059405908,563.9059405940591,,-1034.9356435643565
7.9,llm_1,567.2995049504947,-6.551499999999999,33.93564356435644,1000.0,,0.0,0.0,0.0,0.0,0.0,0,highway_0,1,248.29950495049468,567.2995049504947,,-1034.9356435643565
8.0,llm_1,570.6930693069303,-6.511499999999999,33.93564356435644,1000.0,,0.0,0.0,0.0,0.0,0.0,0,highway_0,1,251.69306930693028,570.6930693069303,,-1034.9356435643565
8.1,llm_1,574.0866336633659,-6.481499999999999,33.93564356435644,1000.0,,0.0,0.0,0.0,0.0,0.0,0,highway_0,1,255.0866336633659,574.0866336633659,,-1034.9356435643565
8.2,llm_1,577.4801980198015,-6.461499999999999,33.93564356435644,1000.0,,0.0,0.0,0.0,0.0,0.0,0,highway_0,1,258.4801980198015,577.4801980198015,,-1034.9356435643565
8.3,llm_1,580.8737623762371,-6.4514999999999985,33.93564356435644,1000.0,,0.0,0.0,0.0,0.0,0.0,0,highway_0,1,261.8737623762371,580.8737623762371,,-1034.9356435643565
8.4,llm_1,584.2673267326727,-6.4514999999999985,33.93564356435644,1000.0,,0.0,0.0,0.0,0.0,0.0,0,highway_0,1,265.2673267326727,584.2673267326727,,-1034.9356435643565
8.5,llm_1,587.6608910891083,-6.4514999999999985,33.93564356435644,1000.0,,0.0,0.0,0.0,0.0,0.0,0,highway_0,1,268.6608910891083,587.6608910891083,,-1034.9356435643565
8.6,llm_1,591.0544554455439,-6.4514999999999985,33.93564356435644,1000.0,,0.0,0.0,0.0,0.0,0.0,0,highway_0,1,272.0544554455439,591.0544554455439,,-1034.9356435643565
8.7,llm_1,594.4480198019795,-6.4514999999999985,33.93564356435644,1000.0,,0.0,0.0,0.0,0.0,0.0,0,highway_0,1,275.4480198019795,594.4480198019795,,-1034.9356435643565
8.8,llm_1,597.8415841584151,-6.4514999999999985,33.93564356435644,1000.0,,0.0,0.0,0.0,0.0,0.0,0,highway_0,1,278.8415841584151,597.8415841584151,,-1034.9356435643565
8.9,llm_1,601.2351485148507,-6.4514999999999985,33.93564356435644,1000.0,,0.0,0.0,0.0,0.0,0.0,0,highway_0,1,282.2351485148507,601.2351485148507,,-1034.9356435643565
9.0,llm_1,604.6287128712863,-6.4514999999999985,33.93564356435644,1000.0,,0.0,0.0,0.0,0.0,0.0,0,highway_0,1,285.6287128712863,604.6287128712863,,-1034.9356435643565
9.1,llm_1,608.0222772277219,-6.4514999999999985,33.93564356435644,1000.0,,0.0,0.0,0.0,0.0,0.0,0,highway_0,1,289.02227722772193,608.0222772277219,,-1034.9356435643565
9.2,llm_1,611.4158415841575,-6.4514999999999985,33.93564356435644,1000.0,,0.0,0.0,0.0,0.0,0.0,0,highway_0,1,292.41584158415753,611.4158415841575,,-1034.9356435643565
9.3,llm_1,614.8094059405931,-6.4514999999999985,33.93564356435644,1000.0,,0.0,0.0,0.0,0.0,0.0,0,highway_0,1,295.80940594059314,614.8094059405931,,-1034.9356435643565
9.4,llm_1,618.2029702970287,-6.4514999999999985,33.93564356435644,1000.0,,0.0,0.0,0.0,0.0,0.0,0,highway_0,1,299.20297029702874,618.2029702970287,,-1034.9356435643565
9.5,llm_1,621.5965346534643,-6.4514999999999985,33.93564356435644,1000.0,,0.0,0.0,0.0,0.0,0.0,0,highway_0,1,302.59653465346435,621.5965346534643,,-1034.9356435643565
9.6,llm_1,624.9900990099,-6.4514999999999985,33.93564356435644,1000.0,,0.0,0.0,0.0,0.0,0.0,0,highway_0,1,305.99009900989995,624.9900990099,,-1034.9356435643565
9.7,llm_1,628.3836633663356,-6.4514999999999985,33.93564356435644,1000.0,,0.0,0.0,0.0,0.0,0.0,0,highway_0,1,309.38366336633555,628.3836633663356,,-1034.9356435643565
9.8,llm_1,631.7772277227712,-6.4514999999999985,33.93564356435644,1000.0,,0.0,0.0,0.0,0.0,0.0,0,highway_0,1,312.77722772277116,631.7772277227712,,-1034.9356435643565
9.9,llm_1,635.1707920792068,-6.4514999999999985,33.93564356435644,1000.0,,0.0,0.0,0.0,0.0,0.0,0,highway_0,1,316.17079207920676,635.1707920792068,,-1034.9356435643565
10.0,llm_1,638.5643564356424,-6.4514999999999985,33.93564356435644,1000.0,,0.0,0.0,0.0,0.0,0.0,0,highway_0,1,319.56435643564237,638.5643564356424,,-1034.9356435643565
10.1,llm_1,641.957920792078,-6.4514999999999985,33.93564356435644,1000.0,,0.0,0.0,0.0,0.0,0.0,0,highway_0,1,322.95792079207797,641.957920792078,,-1034.9356435643565
10.2,llm_1,645.3514851485136,-6.4514999999999985,33.93564356435644,1000.0,,0.0,0.0,0.0,0.0,0.0,0,highway_0,1,326.3514851485136,645.3514851485136,,-1034.9356435643565
10.3,llm_1,648.7450495049492,-6.4514999999999985,33.93564356435644,1000.0,,0.0,0.0,0.0,0.0,0.0,0,highway_0,1,329.7450495049492,648.7450495049492,,-1034.9356435643565
10.4,llm_1,652.1386138613848,-6.4514999999999985,33.93564356435644,1000.0,,0.0,0.0,0.0,0.0,0.0,0,highway_0,1,333.1386138613848,652.1386138613848,,-1034.9356435643565
10.5,llm_1,655.5321782178204,-6.4514999999999985,33.93564356435644,1000.0,,0.0,0.0,0.0,0.0,0.0,0,highway_0,1,336.5321782178204,655.5321782178204,,-1034.9356435643565
10.6,llm_1,658.925742574256,-6.4514999999999985,33.93564356435644,1000.0,,0.0,0.0,0.0,0.0,0.0,0,highway_0,1,339.925742574256,658.925742574256,,-1034.9356435643565
10.7,llm_1,662.3193069306916,-6.4514999999999985,33.93564356435644,1000.0,,0.0,0.0,0.0,0.0,0.0,0,highway_0,1,343.3193069306916,662.3193069306916,,-1034.9356435643565
10.8,llm_1,665.7128712871272,-6.4514999999999985,33.93564356435644,1000.0,,0.0,0.0,0.0,0.0,0.0,0,highway_0,1,346.7128712871272,665.7128712871272,,-1034.9356435643565
10.9,llm_1,669.1064356435628,-6.4514999999999985,33.93564356435644,1000.0,,0.0,0.0,0.0,0.0,0.0,0,highway_0,1,350.1064356435628,669.1064356435628,,-1034.9356435643565
11.0,llm_1,672.4999999999984,-6.4514999999999985,33.93564356435644,1000.0,,0.0,0.0,0.0,0.0,0.0,0,highway_0,1,353.4999999999984,672.4999999999984,,-1034.9356435643565
11.1,llm_1,675.893564356434,-6.4514999999999985,33.93564356435644,1000.0,,0.0,0.0,0.0,0.0,0.0,0,highway_0,1,356.893564356434,675.893564356434,,-1034.9356435643565
11.2,llm_1,679.2871287128696,-6.4514999999999985,33.93564356435644,1000.0,,0.0,0.0,0.0,0.0,0.0,0,highway_0,1,360.2871287128696,679.2871287128696,,-1034.9356435643565
11.3,llm_1,682.6806930693052,-6.4514999999999985,33.93564356435644,1000.0,,0.0,0.0,0.0,0.0,0.0,0,highway_0,1,363.6806930693052,682.6806930693052,,-1034.9356435643565
11.4,llm_1,686.0742574257408,-6.4514999999999985,33.93564356435644,1000.0,,0.0,0.0,0.0,0.0,0.0,0,highway_0,1,367.0742574257408,686.0742574257408,,-1034.9356435643565
11.5,llm_1,689.4678217821764,-6.4514999999999985,33.93564356435644,1000.0,,0.0,0.0,0.0,0.0,0.0,0,highway_0,1,370.46782178217643,689.4678217821764,,-1034.9356435643565
11.6,llm_1,692.861386138612,-6.4514999999999985,33.93564356435644,1000.0,,0.0,0.0,0.0,0.0,0.0,0,highway_0,1,373.86138613861203,692.861386138612,,-1034.9356435643565
11.7,llm_1,696.2549504950476,-6.4514999999999985,33.93564356435644,1000.0,,0.0,0.0,0.0,0.0,0.0,0,highway_0,1,377.25495049504764,696.2549504950476,,-1034.9356435643565
11.8,llm_1,699.6485148514832,-6.4514999999999985,33.93564356435644,1000.0,,0.0,0.0,0.0,0.0,0.0,0,highway_0,1,380.64851485148324,699.6485148514832,,-1034.9356435643565
11.9,llm_1,703.0420792079188,-6.4514999999999985,33.93564356435644,1000.0,,0.0,0.0,0.0,0.0,0.0,0,highway_0,1,384.04207920791885,703.0420792079188,,-1034.9356435643565
12.0,llm_1,706.4356435643545,-6.4514999999999985,33.93564356435644,1000.0,,0.0,0.0,0.0,0.0,0.0,0,highway_0,1,387.43564356435445,706.4356435643545,,-1034.9356435643565
12.1,llm_1,709.82920792079,-6.4514999999999985,33.93564356435644,1000.0,,0.0,0.0,0.0,0.0,0.0,0,highway_0,1,390.82920792079005,709.82920792079,,-1034.9356435643565
12.2,llm_1,713.2227722772257,-6.4514999999999985,33.93564356435644,1000.0,,0.0,0.0,0.0,0.0,0.0,0,highway_0,1,394.22277227722566,713.2227722772257,,-1034.9356435643565
12.3,llm_1,716.6163366336613,-6.4514999999999985,33.93564356435644,1000.0,,0.0,0.0,0.0,0.0,0.0,0,highway_0,1,397.61633663366126,716.6163366336613,,-1034.9356435643565
12.4,llm_1,720.0099009900969,-6.4514999999999985,33.93564356435644,1000.0,,0.0,0.0,0.0,0.0,0.0,0,highway_0,1,401.00990099009687,720.0099009900969,,-1034.9356435643565
12.5,llm_1,723.4034653465325,-6.4514999999999985,33.93564356435644,1000.0,,0.0,0.0,0.0,0.0,0.0,0,highway_0,1,404.40346534653247,723.4034653465325,,-1034.9356435643565
12.6,llm_1,726.7970297029681,-6.4514999999999985,33.93564356435644,1000.0,,0.0,0.0,0.0,0.0,0.0,0,highway_0,1,407.7970297029681,726.7970297029681,,-1034.9356435643565
12.7,llm_1,730.1905940594037,-6.4514999999999985,33.93564356435644,1000.0,,0.0,0.0,0.0,0.0,0.0,0,highway_0,1,411.1905940594037,730.1905940594037,,-1034.9356435643565
12.8,llm_1,733.5841584158393,-6.4514999999999985,33.93564356435644,1000.0,,0.0,0.0,0.0,0.0,0.0,0,highway_0,1,414.5841584158393,733.5841584158393,,-1034.9356435643565
12.9,llm_1,736.9777227722749,-6.4514999999999985,33.93564356435644,1000.0,,0.0,0.0,0.0,0.0,0.0,0,highway_0,1,417.9777227722749,736.9777227722749,,-1034.9356435643565
13.0,llm_1,740.3712871287105,-6.4514999999999985,33.93564356435644,1000.0,,0.0,0.0,0.0,0.0,0.0,0,highway_0,1,421.3712871287105,740.3712871287105,,-1034.9356435643565
13.1,llm_1,743.7648514851461,-6.4514999999999985,33.93564356435644,1000.0,,0.0,0.0,0.0,0.0,0.0,0,highway_0,1,424.7648514851461,743.7648514851461,,-1034.9356435643565
13.2,llm_1,747.1584158415817,-6.4514999999999985,33.93564356435644,1000.0,,0.0,0.0,0.0,0.0,0.0,0,highway_0,1,428.1584158415817,747.1584158415817,,-1034.9356435643565
13.3,llm_1,750.5519801980173,-6.4514999999999985,33.93564356435644,1000.0,,0.0,0.0,0.0,0.0,0.0,0,highway_0,1,431.5519801980173,750.5519801980173,,-1034.9356435643565
13.4,llm_1,753.9455445544529,-6.4514999999999985,33.93564356435644,1000.0,,0.0,0.0,0.0,0.0,0.0,0,highway_0,1,434.9455445544529,753.9455445544529,,-1034.9356435643565
13.5,llm_1,757.3391089108885,-6.4514999999999985,33.93564356435644,1000.0,,0.0,0.0,0.0,0.0,0.0,0,highway_0,1,438.3391089108885,757.3391089108885,,-1034.9356435643565
13.6,llm_1,760.7326732673241,-6.4514999999999985,33.93564356435644,1000.0,,0.0,0.0,0.0,0.0,0.0,0,highway_0,1,441.7326732673241,760.7326732673241,,-1034.9356435643565
13.7,llm_1,764.1262376237597,-6.4514999999999985,33.93564356435644,1000.0,,0.0,0.0,0.0,0.0,0.0,0,highway_0,1,445.1262376237597,764.1262376237597,,-1034.9356435643565
13.8,llm_1,767.5198019801953,-6.4514999999999985,33.93564356435644,1000.0,,0.0,0.0,0.0,0.0,0.0,0,highway_0,1,448.5198019801953,767.5198019801953,,-1034.9356435643565
13.9,llm_1,770.9133663366309,-6.4514999999999985,33.93564356435644,1000.0,,0.0,0.0,0.0,0.0,0.0,0,highway_0,1,451.91336633663093,770.9133663366309,,-1034.9356435643565
14.0,llm_1,774.3069306930665,-6.4514999999999985,33.93564356435644,1000.0,,0.0,0.0,0.0,0.0,0.0,0,highway_0,1,455.30693069306653,774.3069306930665,,-1034.9356435643565
14.1,llm_1,777.7004950495021,-6.4514999999999985,33.93564356435644,1000.0,,0.0,0.0,0.0,0.0,0.0,0,highway_0,1,458.70049504950214,777.7004950495021,,-1034.9356435643565
14.2,llm_1,781.0940594059377,-6.4514999999999985,33.93564356435644,1000.0,,0.0,0.0,0.0,0.0,0.0,0,highway_0,1,462.09405940593774,781.0940594059377,,-1034.9356435643565
14.3,llm_1,784.4876237623733,-6.4514999999999985,33.93564356435644,1000.0,,0.0,0.0,0.0,0.0,0.0,0,highway_0,1,465.48762376237335,784.4876237623733,,-1034.9356435643565
14.4,llm_1,787.881188118809,-6.4514999999999985,33.93564356435644,1000.0,,0.0,0.0,0.0,0.0,0.0,0,highway_0,1,468.88118811880895,787.881188118809,,-1034.9356435643565
14.5,llm_1,791.2747524752446,-6.4514999999999985,33.93564356435644,1000.0,,0.0,0.0,0.0,0.0,0.0,0,highway_0,1,472.27475247524455,791.2747524752446,,-1034.9356435643565
14.6,llm_1,794.6683168316802,-6.4514999999999985,33.93564356435644,1000.0,,0.0,0.0,0.0,0.0,0.0,0,highway_0,1,475.66831683168016,794.6683168316802,,-1034.9356435643565
14.7,llm_1,798.0618811881158,-6.4514999999999985,33.93564356435644,1000.0,,0.0,0.0,0.0,0.0,0.0,0,highway_0,1,479.06188118811576,798.0618811881158,,-1034.9356435643565
14.8,llm_1,801.4554455445514,-6.4514999999999985,33.93564356435644,1000.0,,0.0,0.0,0.0,0.0,0.0,0,highway_0,1,482.45544554455137,801.4554455445514,,-1034.9356435643565
14.9,llm_1,804.849009900987,-6.4514999999999985,33.93564356435644,1000.0,,0.0,0.0,0.0,0.0,0.0,0,highway_0,1,485.84900990098697,804.849009900987,,-1034.9356435643565
15.0,llm_1,808.2425742574226,-6.4514999999999985,33.93564356435644,1000.0,,0.0,0.0,0.0,0.0,0.0,0,highway_0,1,489.2425742574226,808.2425742574226,,-1034.9356435643565
15.1,llm_1,811.6361386138582,-6.4514999999999985,33.93564356435644,1000.0,,0.0,0.0,0.0,0.0,0.0,0,highway_0,1,492.6361386138582,811.6361386138582,,-1034.9356435643565
15.2,llm_1,815.0297029702938,-6.4514999999999985,33.93564356435644,1000.0,,0.0,0.0,0.0,0.0,0.0,0,highway_0,1,496.0297029702938,815.0297029702938,,-1034.9356435643565
15.3,llm_1,818.4232673267294,-6.4514999999999985,33.93564356435644,1000.0,,0.0,0.0,0.0,0.0,0.0,0,highway_0,1,499.4232673267294,818.4232673267294,,-1034.9356435643565
15.4,llm_1,821.816831683165,-6.4514999999999985,33.93564356435644,1000.0,,0.0,0.0,0.0,0.0,0.0,0,highway_0,1,502.816831683165,821.816831683165,,-1034.9356435643565
15.5,llm_1,825.2103960396006,-6.4514999999999985,33.93564356435644,1000.0,,0.0,0.0,0.0,0.0,0.0,0,highway_0,1,506.2103960396006,825.2103960396006,,-1034.9356435643565
15.6,llm_1,828.6039603960362,-6.4514999999999985,33.93564356435644,1000.0,,0.0,0.0,0.0,0.0,0.0,0,highway_0,1,509.6039603960362,828.6039603960362,,-1034.9356435643565
15.7,llm_1,831.9975247524718,-6.4514999999999985,33.93564356435644,1000.0,,0.0,0.0,0.0,0.0,0.0,0,highway_0,1,512.9975247524718,831.9975247524718,,-1034.9356435643565
15.8,llm_1,835.3910891089074,-6.4514999999999985,33.93564356435644,1000.0,,0.0,0.0,0.0,0.0,0.0,0,highway_0,1,516.3910891089074,835.3910891089074,,-1034.9356435643565
15.9,llm_1,838.784653465343,-6.4514999999999985,33.93564356435644,1000.0,,0.0,0.0,0.0,0.0,0.0,0,highway_0,1,519.784653465343,838.784653465343,,-1034.9356435643565
16.0,llm_1,842.1782178217786,-6.4514999999999985,33.93564356435644,1000.0,,0.0,0.0,0.0,0.0,0.0,0,highway_0,1,523.1782178217786,842.1782178217786,,-1034.9356435643565
16.1,llm_1,845.5717821782142,-6.4514999999999985,33.93564356435644,1000.0,,0.0,0.0,0.0,0.0,0.0,0,highway_0,1,526.5717821782142,845.5717821782142,,-1034.9356435643565
16.2,llm_1,848.9653465346498,-6.4514999999999985,33.93564356435644,1000.0,,0.0,0.0,0.0,0.0,0.0,0,highway_0,1,529.9653465346498,848.9653465346498,,-1034.9356435643565
16.3,llm_1,852.3589108910854,-6.4514999999999985,33.93564356435644,1000.0,,0.0,0.0,0.0,0.0,0.0,0,highway_0,1,533.3589108910854,852.3589108910854,,-1034.9356435643565
16.4,llm_1,855.752475247521,-6.4514999999999985,33.93564356435644,1000.0,,0.0,0.0,0.0,0.0,0.0,0,highway_0,1,536.752475247521,855.752475247521,,-1034.9356435643565
16.5,llm_1,859.1460396039566,-6.4514999999999985,33.93564356435644,1000.0,,0.0,0.0,0.0,0.0,0.0,0,highway_0,1,540.1460396039566,859.1460396039566,,-1034.9356435643565
16.6,llm_1,862.5396039603922,-6.4514999999999985,33.93564356435644,1000.0,,0.0,0.0,0.0,0.0,0.0,0,highway_0,1,543.5396039603922,862.5396039603922,,-1034.9356435643565
16.7,llm_1,865.9331683168278,-6.4514999999999985,33.93564356435644,1000.0,,0.0,0.0,0.0,0.0,0.0,0,highway_0,1,546.9331683168278,865.9331683168278,,-1034.9356435643565
16.8,llm_1,869.3267326732635,-6.4514999999999985,33.93564356435644,1000.0,,0.0,0.0,0.0,0.0,0.0,0,highway_0,1,550.3267326732635,869.3267326732635,,-1034.9356435643565
16.9,llm_1,872.720297029699,-6.4514999999999985,33.93564356435644,1000.0,,0.0,0.0,0.0,0.0,0.0,0,highway_0,1,553.720297029699,872.720297029699,,-1034.9356435643565
17.0,llm_1,876.1138613861347,-6.4514999999999985,33.93564356435644,1000.0,,0.0,0.0,0.0,0.0,0.0,0,highway_0,1,557.1138613861347,876.1138613861347,,-1034.9356435643565
17.1,llm_1,879.5074257425703,-6.4514999999999985,33.93564356435644,1000.0,,0.0,0.0,0.0,0.0,0.0,0,highway_0,1,560.5074257425703,879.5074257425703,,-1034.9356435643565
17.2,llm_1,882.9009900990059,-6.4514999999999985,33.93564356435644,1000.0,,0.0,0.0,0.0,0.0,0.0,0,highway_0,1,563.9009900990059,882.9009900990059,,-1034.9356435643565
17.3,llm_1,886.2945544554415,-6.4514999999999985,33.93564356435644,1000.0,,0.0,0.0,0.0,0.0,0.0,0,highway_0,1,567.2945544554415,886.2945544554415,,-1034.9356435643565
17.4,llm_1,889.6881188118771,-6.4514999999999985,33.93564356435644,1000.0,,0.0,0.0,0.0,0.0,0.0,0,highway_0,1,570.6881188118771,889.6881188118771,,-1034.9356435643565
17.5,llm_1,893.0816831683127,-6.4514999999999985,33.93564356435644,1000.0,,0.0,0.0,0.0,0.0,0.0,0,highway_0,1,574.0816831683127,893.0816831683127,,-1034.9356435643565
17.6,llm_1,896.4752475247483,-6.4514999999999985,33.93564356435644,1000.0,,0.0,0.0,0.0,0.0,0.0,0,highway_0,1,577.4752475247483,896.4752475247483,,-1034.9356435643565
17.7,llm_1,899.8905940594018,-6.461499999999999,34.15346534653466,1000.0,,2.2,2.2,2.2,2.2,2.178217821782198,0,highway_0,1,580.8905940594018,899.8905940594018,,-1035.1534653465346
17.8,llm_1,903.3277227722731,-6.481499999999999,34.37128712871288,1000.0,,2.2,2.2,2.2,2.2,2.178217821782198,0,highway_0,1,584.3277227722731,903.3277227722731,,-1035.371287128713
17.9,llm_1,906.7866336633623,-6.511499999999999,34.5891089108911,1000.0,,2.2,2.2,2.2,2.2,2.178217821782198,0,highway_0,1,587.7866336633622,906.7866336633622,,-1035.5891089108911
18.0,llm_1,910.2673267326691,-6.551499999999999,34.80693069306932,1000.0,,2.2,2.2,2.2,2.2,2.178217821782198,0,highway_0,1,591.2673267326691,910.2673267326691,,-1035.8069306930693
18.1,llm_1,913.769801980194,-6.601499999999999,35.02475247524754,1000.0,,2.2,2.2,2.2,2.2,2.178217821782198,0,highway_0,1,594.7698019801938,913.7698019801938,,-1036.0247524752476
18.2,llm_1,917.2940594059363,-6.661499999999998,35.24257425742576,1000.0,,2.2,2.2,2.2,2.2,2.178217821782198,0,highway_0,1,598.2940594059364,917.2940594059364,,-1036.2425742574258
18.3,llm_1,920.8400990098967,-6.731499999999999,35.46039603960398,1000.0,,2.2,2.2,2.2,2.2,2.178217821782198,0,highway_0,1,601.8400990098968,920.8400990098968,,-1036.460396039604
18.4,llm_1,924.4079207920751,-6.811499999999999,35.6782178217822,1000.0,,2.2,2.2,2.2,2.2,2.178217821782198,0,highway_0,1,605.4079207920751,924.4079207920751,,-1036.6782178217823
18.5,llm_1,927.997524752471,-6.901499999999999,35.89603960396042,1000.0,,2.2,2.2,2.2,2.2,2.178217821782198,0,highway_0,1,608.9975247524711,927.9975247524711,,-1036.8960396039604
18.6,llm_1,931.608910891085,-7.001499999999999,36.11386138613864,1000.0,,2.2,2.2,2.2,2.2,2.178217821782198,0,highway_0,1,612.608910891085,931.608910891085,,-1037.1138613861385
18.7,llm_1,935.2420792079167,-7.101499999999999,36.33168316831686,1000.0,,2.2,2.2,2.2,2.2,2.178217821782198,0,highway_0,1,616.2420792079166,935.2420792079166,,-1037.3316831683169
18.8,llm_1,938.8970297029662,-7.201499999999999,36.54950495049508,1000.0,,2.2,2.2,2.2,2.2,2.178217821782198,0,highway_0,1,619.8970297029662,938.8970297029662,,-1037.549504950495
18.9,llm_1,942.5737623762335,-7.301499999999999,36.7673267326733,1000.0,,2.2,2.2,2.2,2.2,2.178217821782198,0,highway_0,1,623.5737623762335,942.5737623762335,,-1037.7673267326734
19.0,llm_1,946.2722772277185,-7.401499999999999,36.98514851485152,1000.0,,2.2,2.2,2.2,2.2,2.178217821782198,0,highway_0,1,627.2722772277186,946.2722772277186,,-1037.9851485148515
19.1,llm_1,949.9925742574216,-7.501499999999999,37.20297029702974,1000.0,,2.2,2.2,2.2,2.2,2.178217821782198,0,highway_0,1,630.9925742574216,949.9925742574216,,-1038.2029702970297
19.2,llm_1,953.7346534653424,-7.601499999999999,37.420792079207956,1000.0,,2.2,2.2,2.2,2.2,2.178217821782198,0,highway_0,1,634.7346534653424,953.7346534653424,,-1038.420792079208
19.3,llm_1,957.498514851481,-7.701499999999999,37.638613861386176,1000.0,,2.2,2.2,2.2,2.2,2.178217821782198,0,highway_0,1,638.498514851481,957.498514851481,,-1038.6386138613861
19.4,llm_1,961.2841584158375,-7.801499999999999,37.856435643564396,1000.0,,2.2,2.2,2.2,2.2,2.178217821782198,0,highway_0,1,642.2841584158374,961.2841584158374,,-1038.8564356435645
19.5,llm_1,965.0915841584116,-7.901499999999999,38.074257425742616,1000.0,,2.2,2.2,2.2,2.2,2.178217821782198,0,highway_0,1,646.0915841584117,965.0915841584117,,-1039.0742574257426
19.6,llm_1,968.9207920792039,-8.001499999999998,38.292079207920835,1000.0,,2.2,2.2,2.2,2.2,2.178217821782198,0,highway_0,1,649.9207920792038,968.9207920792038,,-1039.2920792079208
19.7,llm_1,972.7717821782137,-8.1015,38.509900990099055,1000.0,,2.2,2.2,2.2,2.2,2.178217821782198,0,highway_0,1,653.7717821782137,972.7717821782137,,-1039.5099009900991
19.8,llm_1,976.6445544554415,-8.2015,38.727722772277275,1000.0,,2.2,2.2,2.2,2.2,2.178217821782198,0,highway_0,1,657.6445544554414,976.6445544554414,,-1039.7277227722773
19.9,llm_1,980.539108910887,-8.301499999999999,38.945544554455495,1000.0,,2.2,2.2,2.2,2.2,2.178217821782198,0,highway_0,1,661.539108910887,980.539108910887,,-1039.9455445544554
20.0,llm_1,984.4554455445503,-8.401499999999999,39.163366336633715,1000.0,,2.2,2.2,2.2,2.2,2.178217821782198,0,highway_0,1,665.4554455445503,984.4554455445503,,-1040.1633663366338
20.1,llm_1,988.3935643564315,-8.501499999999998,39.381188118811934,1000.0,,2.2,2.2,2.2,2.2,2.178217821782198,0,highway_0,1,669.3935643564315,988.3935643564315,,-1040.381188118812
20.2,llm_1,992.3534653465306,-8.6015,39.599009900990154,1000.0,,2.2,2.2,2.2,2.2,2.178217821782198,0,highway_0,1,673.3534653465306,992.3534653465306,,-1040.59900990099
20.3,llm_1,996.3351485148474,-8.7015,39.816831683168374,1000.0,,2.2,2.2,2.2,2.2,2.178217821782198,0,highway_0,1,677.3351485148474,996.3351485148474,,-1040.8168316831684
20.4,llm_1,1000.3386138613822,-8.801499999999999,40.034653465346594,1000.0,,2.2,2.2,2.2,2.2,2.178217821782198,0,highway_0,1,681.3386138613821,1000.3386138613821,,-1041.0346534653465
20.5,llm_1,1004.3638613861344,-8.901499999999999,40.25247524752481,1000.0,,2.2,2.2,2.2,2.2,2.178217821782198,0,highway_0,1,685.3638613861345,1004.3638613861345,,-1041.252475247525
20.6,llm_1,1008.4108910891049,-9.001499999999998,40.47029702970303,1000.0,,2.2,2.2,2.2,2.2,2.178217821782198,0,highway_0,1,689.4108910891049,1008.4108910891049,,-1041.470297029703
20.7,llm_1,1012.479702970293,-9.1015,40.68811881188125,1000.0,,2.2,2.2,2.2,2.2,2.178217821782198,0,highway_0,1,693.479702970293,1012.479702970293,,-1041.6881188118812
20.8,llm_1,1016.570297029699,-9.2015,40.90594059405947,1000.0,,2.2,2.2,2.2,2.2,2.178217821782198,0,highway_0,1,697.570297029699,1016.570297029699,,-1041.9059405940595
20.9,llm_1,1020.6826732673227,-9.301499999999999,41.12376237623769,1000.0,,2.2,2.2,2.2,2.2,2.178217821782198,0,highway_0,1,701.6826732673227,1020.6826732673227,,-1042.1237623762377
21.0,llm_1,1024.8168316831643,-9.401499999999999,41.34158415841591,1000.0,,2.2,2.2,2.2,2.2,2.178217821782198,0,highway_0,1,705.8168316831643,1024.8168316831643,,-1042.341584158416
21.1,llm_1,1028.9727722772236,-9.5015,41.55940594059413,1000.0,,2.2,2.2,2.2,2.2,2.178217821782198,0,highway_0,1,709.9727722772236,1028.9727722772236,,-1042.5594059405942
21.2,llm_1,1033.150495049501,-9.6015,41.77722772277235,1000.0,,2.2,2.2,2.2,2.2,2.178217821782198,0,highway_0,0,714.1504950495009,1033.150495049501,,-1042.7772277227723
21.3,llm_1,1037.3201620884795,-9.701500000000001,41.696670389786476,1000.0,,-0.8136290631573297,-0.8136290631573297,-0.8136290631573297,-0.8136290631573297,-0.8055733298587597,0,highway_0,0,718.3201620884795,1037.3201620884795,,-1042.6966703897865
21.4,llm_1,1041.48191149496,-9.8015,41.61749406480657,1000.0,,-0.7996808822970276,-0.7996808822970276,-0.7996808822970276,-0.7996808822970276,-0.7917632497990468,0,highway_0,0,722.4819114949601,1041.48191149496,,-1042.6174940648066
21.5,llm_1,1045.635878224536,-9.9015,41.539667295760694,1000.0,,-0.7860503673633328,-0.7860503673633328,-0.7860503673633328,-0.7860503673633328,-0.778267690458776,0,highway_0,0,726.6358782245361,1045.635878224536,,-1042.5396672957606
21.6,llm_1,1049.7821941839445,-10.0015,41.46315959408353,1000.0,,-0.7727277869394147,-0.7727277869394147,-0.7727277869394147,-0.7727277869394147,-0.7650770167716558,0,highway_0,0,730.7821941839445,1049.7821941839445,,-1042.4631595940834
21.7,llm_1,1053.9209883236178,-10.101500000000001,41.38794139673228,1000.0,,-0.7597037932475947,-0.7597037932475947,-0.7597037932475947,-0.7597037932475947,-0.752181973512478,0,highway_0,0,734.9209883236178,1053.9209883236178,,-1042.3879413967322
21.8,llm_1,1058.0523867266213,-10.201500000000001,41.3139840300338,1000.0,,-0.7469694036546088,-0.7469694036546088,-0.7469694036546088,-0.7469694036546088,-0.7395736669847963,0,highway_0,0,739.0523867266213,1058.0523867266213,,-1042.313984030034
21.9,llm_1,1062.1765126941473,-10.3015,41.241259675258796,1000.0,,-0.734515983227521,-0.734515983227521,-0.734515983227521,-0.734515983227521,-0.7272435477500494,0,highway_0,0,743.1765126941473,1062.1765126941473,,-1042.2412596752588
22.0,llm_1,1066.2934868277298,-10.4015,41.169741335825954,1000.0,,-0.7223352282717077,-0.7223352282717077,-0.7223352282717077,-0.7223352282717077,-0.7151833943284203,0,highway_0,0,747.2934868277298,1066.2934868277298,,-1042.1697413358258
22.1,llm_1,1070.4034271083342,-10.5015,41.09940280604502,1000.0,,-0.7104191507874258,-0.7104191507874258,-0.7104191507874258,-0.7104191507874258,-0.7033852978093336,0,highway_0,0,751.4034271083342,1070.4034271083342,,-1042.099402806045
22.2,llm_1,1074.5064489724655,-10.601500000000001,41.03021864131372,1000.0,,-0.6987600637860663,-0.6987600637860663,-0.6987600637860663,-0.6987600637860663,-0.6918416473129696,0,highway_0,0,755.5064489724655,1074.5064489724655,,-1042.0302186413137
22.3,llm_1,1078.6026653854344,-10.701500000000001,40.96216412968882,1000.0,,-0.6873505674114895,-0.6873505674114895,-0.6873505674114895,-0.6873505674114895,-0.6805451162490073,0,highway_0,0,759.6026653854344,1078.6026653854344,,-1041.9621641296887
22.4,llm_1,1082.69218691191,-10.8015,40.89521526475657,1000.0,,-0.6761835358157247,-0.6761835358157247,-0.6761835358157247,-0.6761835358157247,-0.6694886493225027,0,highway_0,0,763.6921869119101,1082.69218691191,,-1041.8952152647566
22.5,llm_1,1086.7751217838834,-10.9015,40.82934871973262,1000.0,,-0.6652521047419051,-0.6652521047419051,-0.6652521047419051,-0.6652521047419051,-0.6586654502395106,0,highway_0,0,767.7751217838834,1086.7751217838834,,-1041.8293487197327
22.6,llm_1,1090.851575966156,-11.0015,40.764541822725626,1000.0,,-0.6545496597706779,-0.6545496597706779,-0.6545496597706779,-0.6545496597706779,-0.6480689700699571,0,highway_0,0,771.8515759661559,1090.851575966156,,-1041.7645418227257
22.7,llm_1,1094.9216532194662,-11.101500000000001,40.70077253310292,1000.0,,-0.6440698251893255,-0.6440698251893255,-0.6440698251893255,-0.6440698251893255,-0.6376928962270512,0,highway_0,0,775.9216532194662,1094.9216532194662,,-1041.700772533103
22.8,llm_1,1098.9854551613562,-11.201500000000001,40.63801941890037,1000.0,,-0.6338064534457042,-0.6338064534457042,-0.6338064534457042,-0.6338064534457042,-0.6275311420255036,0,highway_0,0,779.9854551613562,1098.9854551613562,,-1041.6380194189003
22.9,llm_1,1103.0430813248784,-11.3015,40.57626163522199,1000.0,,-0.6237536151516712,-0.6237536151516712,-0.6237536151516712,-0.6237536151516712,-0.6175778367838092,0,highway_0,0,784.0430813248784,1103.0430813248784,,-1041.576261635222
23.0,llm_1,1107.0946292152362,-11.4015,40.51547890357811,1000.0,,-0.6139055896031107,-0.6139055896031107,-0.6139055896031107,-0.6139055896031107,-0.6078273164387582,0,highway_0,0,788.0946292152362,1107.0946292152362,,-1041.515478903578
23.1,llm_1,1111.1401943644476,-11.4915,40.455651492114164,1000.0,,-0.6042568557858556,-0.6042568557858556,-0.6042568557858556,-0.6042568557858556,-0.5982741146394943,0,highway_0,0,792.1401943644476,1111.1401943644476,,-1041.4556514921142
23.2,llm_1,1115.179870384116,-11.5715,40.396760196684575,1000.0,,-0.5948020838388925,-0.5948020838388925,-0.5948020838388925,-0.5948020838388925,-0.5889129542958926,0,highway_0,0,796.1798703841159,1115.179870384116,,-1041.3967601966847
23.3,llm_1,1119.2137490163889,-11.6415,40.33878632272931,1000.0,,-0.585536126948127,-0.585536126948127,-0.585536126948127,-0.585536126948127,-0.5797387395526243,0,highway_0,0,800.2137490163889,1119.2137490163889,,-1041.3387863227292
23.4,llm_1,1123.2419201831801,-11.701500000000001,40.2817116679129,1000.0,,-0.5764540136457124,-0.5764540136457124,-0.5764540136457124,-0.5764540136457124,-0.5707465481641094,0,highway_0,0,804.2419201831801,1123.2419201831801,,-1041.281711667913
23.5,llm_1,1127.264472033729,-11.7515,40.22551850548798,1000.0,,-0.5675509404916643,-0.5675509404916643,-0.5675509404916643,-0.5675509404916643,-0.5619316242491834,0,highway_0,0,808.2644720337289,1127.264472033729,,-1041.225518505488
23.6,llm_1,1131.2814909905637,-11.791500000000001,40.170189568347794,1000.0,,-0.5588222651159014,-0.5588222651159014,-0.5588222651159014,-0.5588222651159014,-0.5532893714018883,0,highway_0,0,812.2814909905637,1131.2814909905637,,-1041.1701895683477
23.7,llm_1,1135.293061793937,-11.8315,40.1157080337339,1000.0,,-0.5502634996003111,-0.5502634996003111,-0.5502634996003111,-0.5502634996003111,-0.5448153461389182,0,highway_0,0,816.2930617939371,1135.293061793937,,-1041.1157080337339
23.8,llm_1,1139.2992675447938,-11.861500000000001,40.06205750856739,1000.0,,-0.5418703041817485,-0.5418703041817485,-0.5418703041817485,-0.5418703041817485,-0.5365052516651048,0,highway_0,0,820.2992675447938,1139.2992675447938,,-1041.0620575085675
23.9,llm_1,1143.3001897463312,-11.8815,40.009222015373524,1000.0,,-0.533638481258049,-0.533638481258049,-0.533638481258049,-0.533638481258049,-0.5283549319386793,0,highway_0,0,824.3001897463312,1143.3001897463312,,-1041.0092220153736
24.0,llm_1,1147.2959083442083,-11.8915,39.95718597877151,1000.0,,-0.5255639696803103,-0.5255639696803103,-0.5255639696803103,-0.5255639696803103,-0.5203603660201139,0,highway_0,0,828.2959083442083,1147.2959083442083,,-1040.9571859787716
24.1,llm_1,1151.2865017654585,-11.8915,39.905934212502636,1000.0,,-0.5176428393156922,-0.5176428393156922,-0.5176428393156922,-0.5176428393156922,-0.5125176626887651,0,highway_0,0,832.2865017654585,1151.2865017654585,,-1040.9059342125026
24.2,llm_1,1155.2720469561557,-11.8995,39.85545190697135,1000.0,,-0.5098712858660164,-0.5098712858660164,-0.5098712858660164,-0.5098712858660164,-0.5048230553128263,0,highway_0,0,836.2720469561557,1155.2720469561557,,-1040.8554519069714
24.3,llm_1,1159.2526194178834,-11.8995,39.80572461727548,1000.0,,-0.5022456259282959,-0.5022456259282959,-0.5022456259282959,-0.5022456259282959,-0.49727289695873367,0,highway_0,0,840.2526194178834,1159.2526194178834,,-1040.8057246172755
24.4,llm_1,1163.2282932430537,-11.8995,39.756738251702785,1000.0,,-0.4947622922842334,-0.4947622922842334,-0.4947622922842334,-0.4947622922842334,-0.4898636557269498,0,highway_0,0,844.2282932430537,1163.2282932430537,,-1040.7567382517027
24.5,llm_1,1167.199141149121,-11.8995,39.708479060672445,1000.0,,-0.48741782940644507,-0.48741782940644507,-0.48741782940644507,-0.48741782940644507,-0.4825919103033982,0,highway_0,0,848.199141149121,1167.199141149121,,-1040.7084790606725
24.6,llm_1,1171.1652345117311,-11.8995,39.66093362610116,1000.0,,-0.48020888916996163,-0.48020888916996163,-0.48020888916996163,-0.48020888916996163,-0.4754543457128335,0,highway_0,0,852.1652345117311,1171.1652345117311,,-1040.6609336261013
24.7,llm_1,1175.1266433968485,-11.8995,39.61408885117461,1000.0,,-0.4731322267582152,-0.4731322267582152,-0.4731322267582152,-0.4731322267582152,-0.46844774926555033,0,highway_0,0,856.1266433968485,1175.1266433968485,,-1040.6140888511745
24.8,llm_1,1179.083436591899,-11.8995,39.56793195050596,1000.0,,-0.46618469675335295,-0.46618469675335295,-0.46618469675335295,-0.46618469675335295,-0.4615690066864886,0,highway_0,0,860.083436591899,1179.083436591899,,-1040.567931950506
24.9,llm_1,1183.0356816359654,-11.8995,39.52245044066424,1000.0,,-0.45936324940134576,-0.45936324940134576,-0.45936324940134576,-0.45936324940134576,-0.4548150984172139,0,highway_0,0,864.0356816359654,1183.0356816359654,,-1040.5224504406642
25.0,llm_1,1186.983444849071,-11.8995,39.47763213105603,1000.0,,-0.4526649270428862,-0.4526649270428862,-0.4526649270428862,-0.4526649270428862,-0.4481830960820332,0,highway_0,0,867.983444849071,1186.983444849071,,-1040.477632131056
25.1,llm_1,1190.9267913605854,-11.8995,39.43346511514498,1000.0,,-0.44608686070162107,-0.44608686070162107,-0.44608686070162107,-0.44608686070162107,-0.441670159110501,0,highway_0,0,871.9267913605854,1190.9267913605854,,-1040.433465115145
25.2,llm_1,1194.8657851367848,-11.8995,39.38993776199432,1000.0,,-0.43962626682171657,-0.43962626682171657,-0.43962626682171657,-0.43962626682171657,-0.4352735315066525,0,highway_0,0,875.8657851367848,1194.8657851367848,,-1040.3899377619944
25.3,llm_1,1198.8004890075965,-11.8995,39.34703870811835,1000.0,,-0.4332804441472575,-0.4332804441472575,-0.4332804441472575,-0.4332804441472575,-0.42899053875970594,0,highway_0,0,879.8004890075965,1198.8004890075965,,-1040.3470387081184
25.4,llm_1,1202.7309646925594,-11.8995,39.3047568496296,1000.0,,-0.4270467707363763,-0.4270467707363763,-0.4270467707363763,-0.4270467707363763,-0.42281858488749435,0,highway_0,0,883.7309646925594,1202.7309646925594,,-1040.3047568496295
25.5,llm_1,1206.6572728260262,-11.8995,39.26308133466887,1000.0,,-0.42092270110340313,-0.42092270110340313,-0.42092270110340313,-0.42092270110340313,-0.4167551496072974,0,highway_0,0,887.6572728260262,1206.6572728260262,,-1040.2630813346689
25.6,llm_1,1210.5794729816369,-11.8995,39.22200155610622,1000.0,,-0.41490576348274266,-0.41490576348274266,-0.41490576348274266,-0.41490576348274266,-0.41079778562647107,0,highway_0,0,891.5794729816369,1210.5794729816369,,-1040.2220015561063
25.7,llm_1,1214.497623696087,-11.8995,39.181507144501424,1000.0,,-0.40899355720849195,-0.40899355720849195,-0.40899355720849195,-0.40899355720849195,-0.40494411604797165,0,highway_0,0,895.497623696087,1214.497623696087,,-1040.1815071445014
25.8,llm_1,1218.4117824922182,-11.8995,39.141587961312894,1000.0,,-0.4031837502041702,-0.4031837502041702,-0.4031837502041702,-0.4031837502041702,-0.3991918318853038,0,highway_0,0,899.4117824922182,1218.4117824922182,,-1040.1415879613128
25.9,llm_1,1222.3220059014527,-11.8995,39.10223409234485,1000.0,,-0.39747407657724,-0.39747407657724,-0.39747407657724,-0.39747407657724,-0.39353868968042605,0,highway_0,0,903.3220059014527,1222.3220059014527,,-1040.1022340923448
26.0,llm_1,1226.228349485595,-11.8995,39.06343584142274,1000.0,,-0.39186233431337225,-0.39186233431337225,-0.39186233431337225,-0.39186233431337225,-0.387982509221132,0,highway_0,0,907.2283494855949,1226.228349485595,,-1040.0634358414227
26.1,llm_1,1230.1308678580237,-11.8995,39.02518372428752,1000.0,,-0.3863463830657001,-0.3863463830657001,-0.3863463830657001,-0.3863463830657001,-0.3825211713521526,0,highway_0,0,911.1308678580237,1230.1308678580237,,-1040.0251837242874
26.2,llm_1,1234.0296147042936,-11.8995,38.987468462699944,1000.0,,-0.3809241420345604,-0.3809241420345604,-0.3809241420345604,-0.3809241420345604,-0.3771526158757865,0,highway_0,0,915.0296147042936,1234.0296147042936,,-1039.9874684627
26.3,llm_1,1237.9246428021681,-11.8995,38.950280978746136,1000.0,,-0.37559358793344955,-0.37559358793344955,-0.37559358793344955,-0.37559358793344955,-0.37187483953808,0,highway_0,0,918.9246428021681,1237.9246428021681,,-1039.9502809787462
26.4,llm_1,1241.8160040411017,-11.8995,38.913612389336514,1000.0,,-0.3703527530371622,-0.3703527530371622,-0.3703527530371622,-0.3703527530371622,-0.36668589409622143,0,highway_0,0,922.8160040411017,1241.8160040411017,,-1039.9136123893365
26.5,llm_1,1245.7037494411907,-11.8995,38.87745400089015,1000.0,,-0.3651997233082913,-0.3651997233082913,-0.3651997233082913,-0.3651997233082913,-0.36158388446366985,0,highway_0,0,926.7037494411907,1245.7037494411907,,-1039.87745400089
26.6,llm_1,1249.5879291716103,-11.8995,38.84179730419723,1000.0,,-0.3601326365984656,-0.3601326365984656,-0.3601326365984656,-0.3601326365984656,-0.35656696692917933,0,highway_0,0,930.5879291716103,1249.5879291716103,,-1039.8417973041971
26.7,llm_1,1253.4685925685556,-11.8995,38.80663396945259,1000.0,,-0.3551496809208865,-0.3551496809208865,-0.3551496809208865,-0.3551496809208865,-0.35163334744638064,0,highway_0,0,934.4685925685556,1253.4685925685556,,-1039.8066339694526
26.8,llm_1,1257.3457881527008,-11.8995,38.77195584145349,1000.0,,-0.350249092790915,-0.350249092790915,-0.350249092790915,-0.350249092790915,-0.3467812799910064,0,highway_0,0,938.3457881527008,1257.3457881527008,,-1039.7719558414535
26.9,llm_1,1261.2195636461963,-11.8995,38.737754934955305,1000.0,,-0.34542915563162113,-0.34542915563162113,-0.34542915563162113,-0.34542915563162113,-0.3420090649818519,0,highway_0,0,942.2195636461963,1261.2195636461963,,-1039.7377549349553
27.0,llm_1,1265.0899659892143,-11.8995,38.704023430178935,1000.0,,-0.3406881982413641,-0.3406881982413641,-0.3406881982413641,-0.3406881982413641,-0.3373150477636955,0,highway_0,0,946.0899659892143,1265.0899659892143,,-1039.704023430179
27.1,llm_1,1268.9570413560607,-11.8995,38.670753668464016,1000.0,,-0.33602459332063295,-0.33602459332063295,-0.33602459332063295,-0.33602459332063295,-0.33269761714919355,0,highway_0,0,949.9570413560607,1268.9570413560607,,-1039.670753668464
27.2,llm_1,1272.820835170867,-11.8995,38.63793814806248,1000.0,,-0.33143675605548295,-0.33143675605548295,-0.33143675605548295,-0.33143675605548295,-0.3281552040153457,0,highway_0,0,953.820835170867,1272.820835170867,,-1039.6379381480624
27.3,llm_1,1276.6813921228736,-11.8995,38.60556952006693,1000.0,,-0.3269231427551025,-0.3269231427551025,-0.3269231427551025,-0.3269231427551025,-0.323686279955524,0,highway_0,0,957.6813921228736,1276.6813921228736,,-1039.6055695200669
27.4,llm_1,1280.5387561813204,-11.8995,38.5736405844688,1000.0,,-0.32248224954108773,-0.32248224954108773,-0.32248224954108773,-0.32248224954108773,-0.3192893559813115,0,highway_0,0,961.5387561813204,1280.5387561813204,,-1039.5736405844689
27.5,llm_1,1284.3929706099545,-11.8995,38.54214428634145,1000.0,,-0.3181126110861936,-0.3181126110861936,-0.3181126110861936,-0.3181126110861936,-0.31496298127350997,0,highway_0,0,965.3929706099545,1284.3929706099545,,-1039.5421442863415
27.6,llm_1,1288.2440779811689,-11.8995,38.511073712143386,1000.0,,-0.3138127994003972,-0.3138127994003972,-0.3138127994003972,-0.3138127994003972,-0.3107057419806125,0,highway_0,0,969.2440779811689,1288.2440779811689,,-1039.5110737121433
27.7,llm_1,1292.0921201897827,-11.8995,38.480422086137224,1000.0,,-0.3095814226622249,-0.3095814226622249,-0.3095814226622249,-0.3095814226622249,-0.30651626006161337,0,highway_0,0,973.0921201897827,1292.0921201897827,,-1039.4804220861372
27.8,llm_1,1295.9371384664746,-11.8995,38.45018276692006,1000.0,,-0.30541712409340604,-0.30541712409340604,-0.30541712409340604,-0.30541712409340604,-0.3023931921716638,0,highway_0,0,976.9371384664746,1295.9371384664746,,-1039.45018276692
27.9,llm_1,1299.7791733908807,-11.8995,38.42034924406115,1000.0,,-0.3013185808750085,-0.3013185808750085,-0.3013185808750085,-0.3013185808750085,-0.2983352285890817,0,highway_0,0,980.7791733908807,1299.7791733908807,,-1039.420349244061
28.0,llm_1,1303.618264904365,-11.8995,38.390915134843,1000.0,,-0.2972845031032698,-0.2972845031032698,-0.2972845031032698,-0.2972845031032698,-0.2943410921815115,0,highway_0,0,984.6182649043651,1303.618264904365,,-1039.390915134843
28.1,llm_1,1307.4544523224754,-11.8995,38.36187418110206,1000.0,,-0.29331363278348,-0.29331363278348,-0.29331363278348,-0.29331363278348,-0.29040953740938846,0,highway_0,0,988.4544523224754,1307.4544523224754,,-1039.3618741811022
28.2,llm_1,1311.287774347092,-11.8995,38.333220246165396,1000.0,,-0.28940474286030105,-0.28940474286030105,-0.28940474286030105,-0.28940474286030105,-0.2865393493666346,0,highway_0,0,992.287774347092,1311.287774347092,,-1039.3332202461654
28.3,llm_1,1315.11826907828,-11.8995,38.30494731187996,1000.0,,-0.28555663628299155,-0.28555663628299155,-0.28555663628299155,-0.28555663628299155,-0.2827293428543953,0,highway_0,0,996.11826907828,1315.11826907828,,-1039.30494731188
28.4,llm_1,1318.945974025853,-11.8995,38.27704947573103,1000.0,,-0.28176814510411785,-0.28176814510411785,-0.28176814510411785,-0.28176814510411785,-0.27897836148923716,0,highway_0,0,999.945974025853,1318.945974025853,,-1039.277049475731
28.5,llm_1,1322.7709261206578,-11.8995,38.24952094804684,1000.0,,-0.2780381296103367,-0.2780381296103367,-0.2780381296103367,-0.2780381296103367,-0.27528527684189896,0,highway_0,0,1003.7709261206578,1322.7709261206578,,-1039.249520948047
28.6,llm_1,1326.5931617255865,-11.8995,38.222356049286056,1000.0,,-0.27436547748396833,-0.27436547748396833,-0.27436547748396833,-0.27436547748396833,-0.27164898760787537,0,highway_0,0,1007.5931617255865,1326.5931617255865,,-1039.222356049286
28.7,llm_1,1330.412716646327,-11.8995,38.195549207405456,1000.0,,-0.2707491029940632,-0.2707491029940632,-0.2707491029940632,-0.2707491029940632,-0.26806841880599563,0,highway_0,0,1011.412716646327,1330.412716646327,,-1039.1955492074055
28.8,llm_1,1334.2296261418576,-11.8995,38.169094955304885,1000.0,,-0.267187946215806,-0.267187946215806,-0.267187946215806,-0.267187946215806,-0.2645425210057084,0,highway_0,0,1015.2296261418576,1334.2296261418576,,-1039.169094955305
28.9,llm_1,1338.0439249346923,-11.8995,38.142987928346756,1000.0,,-0.2636809722770803,-0.2636809722770803,-0.2636809722770803,-0.2636809722770803,-0.2610702695812961,0,highway_0,0,1019.0439249346923,1338.0439249346923,,-1039.1429879283467
29.0,llm_1,1341.855647220887,-11.8995,38.11722286194763,1000.0,,-0.2602271706311243,-0.2602271706311243,-0.2602271706311243,-0.2602271706311243,-0.25765066399124237,0,highway_0,0,1022.855647220887,1341.855647220887,,-1039.1172228619475
29.1,llm_1,1345.6648266798109,-11.8995,38.09179458923929,1000.0,,-0.25682555435423216,-0.25682555435423216,-0.25682555435423216,-0.25682555435423216,-0.2542827270833925,0,highway_0,0,1026.6648266798109,1345.6648266798109,,-1039.0917945892393
29.2,llm_1,1349.4714964836905,-11.8995,38.066698038796964,1000.0,,-0.25347515946749755,-0.25347515946749755,-0.25347515946749755,-0.25347515946749755,-0.25096550442327725,0,highway_0,0,1030.4714964836905,1349.4714964836905,,-1039.0666980387969
29.3,llm_1,1353.2756893069338,-11.8995,38.04192823243245,1000.0,,-0.2501750442816604,-0.2501750442816604,-0.2501750442816604,-0.2501750442816604,-0.24769806364517422,0,highway_0,0,1034.2756893069338,1353.2756893069338,,-1039.0419282324324
29.4,llm_1,1357.0774373352388,-11.8995,38.017480283049856,1000.0,,-0.24692428876414607,-0.24692428876414607,-0.24692428876414607,-0.24692428876414607,-0.2444794938259065,0,highway_0,0,1038.0774373352388,1357.0774373352388,,-1039.01748028305
29.5,llm_1,1360.876772274495,-11.8995,37.99334939256199,1000.0,,-0.24372199392743088,-0.24372199392743088,-0.24372199392743088,-0.24372199392743088,-0.24130890487867873,0,highway_0,0,1041.876772274495,1360.876772274495,,-1038.993349392562
29.6,llm_1,1364.6737253594815,-11.8995,37.969530849865166,1000.0,,-0.24056728123789872,-0.24056728123789872,-0.24056728123789872,-0.24056728123789872,-0.2381854269682293,0,highway_0,0,1045.6737253594815,1364.6737253594815,,-1038.9695308498651
29.7,llm_1,1368.4683273623687,-11.8995,37.94602002887066,1000.0,,-0.23745929204441385,-0.23745929204441385,-0.23745929204441385,-0.23745929204441385,-0.23510820994502524,0,highway_0,0,1049.4683273623687,1368.4683273623687,,-1038.9460200288706
29.8,llm_1,1372.2606086010278,-11.8995,37.92281238659088,1000.0,,-0.23439718702582635,-0.23439718702582635,-0.23439718702582635,-0.23439718702582635,-0.23207642279786,0,highway_0,0,1053.2606086010278,1372.2606086010278,,-1038.922812386591
29.9,llm_1,1376.0505989471555,-11.8995,37.89990346127833,1000.0,,-0.23138014565671328,-0.23138014565671328,-0.23138014565671328,-0.23138014565671328,-0.229089253125494,0,highway_0,0,1057.0505989471555,1376.0505989471555,,-1038.8999034612784
30.0,llm_1,1379.8383278342171,-11.8995,37.877288870615885,1000.0,,-0.22840736569063758,-0.22840736569063758,-0.22840736569063758,-0.22840736569063758,-0.22614590662442424,0,highway_0,0,1060.8383278342171,1379.8383278342171,,-1038.877288870616
30.1,llm_1,1383.6238242652128,-11.8995,37.85496430995645,1000.0,,-0.22547806266028347,-0.22547806266028347,-0.22547806266028347,-0.22547806266028347,-0.22324560659434667,0,highway_0,0,1064.6238242652128,1383.6238242652128,,-1038.8549643099564
30.2,llm_1,1387.4071168202738,-11.8995,37.832925550610526,1000.0,,-0.2225914693938138,-0.2225914693938138,-0.2225914693938138,-0.2225914693938138,-0.2203875934592503,0,highway_0,0,1068.4071168202738,1387.4071168202738,,-1038.8329255506105
30.3,llm_1,1391.1882336640917,-11.8995,37.81116843818014,1000.0,,-0.2197468355468548,-0.2197468355468548,-0.2197468355468548,-0.2197468355468548,-0.21757112430385916,0,highway_0,0,1072.1882336640917,1391.1882336640917,,-1038.8111684381802
30.4,llm_1,1394.9672025531854,-11.8995,37.78968889093761,1000.0,,-0.2169434271495192,-0.2169434271495192,-0.2169434271495192,-0.2169434271495192,-0.21479547242527985,0,highway_0,0,1075.9672025531854,1394.9672025531854,,-1038.7896888909377
30.5,llm_1,1398.7440508430102,-11.8995,37.768482898247726,1000.0,,-0.21418052616791328,-0.21418052616791328,-0.21418052616791328,-0.21418052616791328,-0.21205992689885989,0,highway_0,0,1079.7440508430102,1398.7440508430102,,-1038.7684828982478
30.6,llm_1,1402.5188054949133,-11.8995,37.74754651903193,1000.0,,-0.21145743007959394,-0.21145743007959394,-0.21145743007959394,-0.21145743007959394,-0.20936379215797274,0,highway_0,0,1083.5188054949133,1402.5188054949133,,-1038.7475465190319
30.7,llm_1,1406.2914930829406,-11.8995,37.72687588027327,1000.0,,-0.20877345146245352,-0.20877345146245352,-0.20877345146245352,-0.20877345146245352,-0.20670638758659265,0,highway_0,0,1087.2914930829406,1406.2914930829406,,-1038.7268758802734
30.8,llm_1,1410.0621398004967,-11.8995,37.70646717556074,1000.0,,-0.20612791759656002,-0.20612791759656002,-0.20612791759656002,-0.20612791759656002,-0.20408704712529868,0,highway_0,0,1091.0621398004967,1410.0621398004967,,-1038.7064671755606
30.9,llm_1,1413.8307714668638,-11.8995,37.68631666367178,1000.0,,-0.20352017007847478,-0.20352017007847478,-0.20352017007847478,-0.20352017007847478,-0.20150511888957112,0,highway_0,0,1094.8307714668638,1413.8307714668638,,-1038.6863166636717
31.0,llm_1,1417.597413533583,-11.8995,37.66642066719182,1000.0,,-0.20094956444757583,-0.20094956444757583,-0.20094956444757583,-0.20094956444757583,-0.19895996479959877,0,highway_0,0,1098.597413533583,1417.597413533583,,-1038.666420667192
31.1,llm_1,1421.3620910907,-11.8995,37.64677557116965,1000.0,,-0.1984154698239955,-0.1984154698239955,-0.1984154698239955,-0.1984154698239955,-0.19645096022173902,0,highway_0,0,1102.3620910907,1421.3620910907,,-1038.6467755711697
31.2,llm_1,1425.1248288728807,-11.8995,37.6273778218075,1000.0,,-0.19591726855771752,-0.19591726855771752,-0.19591726855771752,-0.19591726855771752,-0.19397749362148886,0,highway_0,0,1106.1248288728807,1425.1248288728807,,-1038.6273778218074
31.3,llm_1,1428.8856512653992,-11.8995,37.60822392518488,1000.0,,-0.19345435588845783,-0.19345435588845783,-0.19345435588845783,-0.19345435588845783,-0.19153896622619015,0,highway_0,0,1109.8856512653992,1428.8856512653992,,-1038.6082239251848
31.4,llm_1,1432.6445823100007,-11.8995,37.589310446014984,1000.0,,-0.19102613961594228,-0.19102613961594228,-0.19102613961594228,-0.19102613961594228,-0.18913479169896164,0,highway_0,0,1113.6445823100007,1432.6445823100007,,-1038.589310446015
31.5,llm_1,1436.401645710644,-11.8995,37.57063400643278,1000.0,,-0.18863203978021126,-0.18863203978021126,-0.18863203978021126,-0.18863203978021126,-0.18676439582201,0,highway_0,0,1117.401645710644,1436.401645710644,,-1038.5706340064328
31.6,llm_1,1440.1568648391255,-11.8995,37.552191284813816,1000.0,,-0.186271488351601,-0.186271488351601,-0.186271488351601,-0.186271488351601,-0.1844272161896754,0,highway_0,0,1121.1568648391255,1440.1568648391255,,-1038.5521912848137
31.7,llm_1,1443.9102627405878,-11.8995,37.533979014622716,1000.0,,-0.18394392893006328,-0.18394392893006328,-0.18394392893006328,-0.18394392893006328,-0.18212270191099833,0,highway_0,0,1124.9102627405878,1443.9102627405878,,-1038.5339790146227
31.8,llm_1,1447.6618621389168,-11.8995,37.51599398329069,1000.0,,-0.18164881645349795,-0.18164881645349795,-0.18164881645349795,-0.18164881645349795,-0.17985031332024448,0,highway_0,0,1128.6618621389168,1447.6618621389168,,-1038.5159939832906
31.9,llm_1,1451.411685442029,-11.8995,37.49823303112091,1000.0,,-0.1793856169147865,-0.1793856169147865,-0.1793856169147865,-0.1793856169147865,-0.17760952169780353,0,highway_0,0,1132.411685442029,1451.411685442029,,-1038.498233031121
32.0,llm_1,1455.1597547470512,-11.8995,37.480693050221184,1000.0,,-0.17715380708722983,-0.17715380708722983,-0.17715380708722983,-0.17715380708722983,-0.1753998089972697,0,highway_0,0,1136.1597547470512,1455.1597547470512,,-1038.4806930502211
32.1,llm_1,1458.9060918453974,-11.8995,37.46337098346296,1000.0,,-0.17495287425809547,-0.17495287425809547,-0.17495287425809547,-0.17495287425809547,-0.17322066758225674,0,highway_0,0,1139.9060918453974,1458.9060918453974,,-1038.463370983463
32.2,llm_1,1462.650718227744,-11.8995,37.446263823465934,1000.0,,-0.17278231597000215,-0.17278231597000215,-0.17278231597000215,-0.17278231597000215,-0.17107159997024723,0,highway_0,0,1143.650718227744,1462.650718227744,,-1038.4462638234659
32.3,llm_1,1466.3936550889048,-11.8995,37.42936861160753,1000.0,,-0.17064163976987823,-0.17064163976987823,-0.17064163976987823,-0.17064163976987823,-0.1689521185840448,0,highway_0,0,1147.3936550889048,1466.3936550889048,,-1038.4293686116075
32.4,llm_1,1470.1349233326105,-11.8995,37.41268243705652,1000.0,,-0.16853036296522728,-0.16853036296522728,-0.16853036296522728,-0.16853036296522728,-0.16686174551011845,0,highway_0,0,1151.1349233326105,1470.1349233326105,,-1038.4126824370564
32.5,llm_1,1473.8745435761934,-11.8995,37.396202435830034,1000.0,,-0.16644801238746698,-0.16644801238746698,-0.16644801238746698,-0.16644801238746698,-0.1648000122648341,0,highway_0,0,1154.8745435761934,1473.8745435761934,,-1038.39620243583
32.6,llm_1,1477.6125361551808,-11.8995,37.37992578987339,1000.0,,-0.16439412416209676,-0.16439412416209676,-0.16439412416209676,-0.16439412416209676,-0.1627664595664413,0,highway_0,0,1158.6125361551808,1477.6125361551808,,-1038.3799257898734
32.7,llm_1,1481.348921127797,-11.8995,37.36384972616196,1000.0,,-0.1623682434854663,-0.1623682434854663,-0.1623682434854663,-0.1623682434854663,-0.16076063711430777,0,highway_0,0,1162.348921127797,1481.348921127797,,-1038.363849726162
32.8,llm_1,1485.0837182793794,-11.8995,37.34797151582454,1000.0,,-0.16036992440793574,-0.16036992440793574,-0.16036992440793574,-0.16036992440793574,-0.15878210337419318,0,highway_0,0,1166.0837182793794,1485.0837182793794,,-1038.3479715158246
32.9,llm_1,1488.816947126708,-11.8995,37.33228847328759,1000.0,,-0.15839872962319368,-0.15839872962319368,-0.15839872962319368,-0.15839872962319368,-0.15683042536949188,0,highway_0,0,1169.816947126708,1488.816947126708,,-1038.3322884732877
33.0,llm_1,1492.548626922252,-11.8995,37.31679795543971,1000.0,,-0.15645423026356253,-0.15645423026356253,-0.15645423026356253,-0.15645423026356253,-0.15490517847879914,0,highway_0,0,1173.548626922252,1492.548626922252,,-1038.3167979554396
33.1,llm_1,1496.2787766583335,-11.8995,37.301497360815844,1000.0,,-0.1545360057010634,-0.1545360057010634,-0.1545360057010634,-0.1545360057010634,-0.1530059462386646,0,highway_0,0,1177.2787766583335,1496.2787766583335,,-1038.3014973608158
33.2,llm_1,1500.0074150712135,-11.8995,37.28638412880059,1000.0,,-0.1526436433540752,-0.1526436433540752,-0.1526436433540752,-0.1526436433540752,-0.1511323201525272,0,highway_0,0,1181.0074150712135,1500.0074150712135,,-1038.2863841288006
33.3,llm_1,1503.7345606450986,-11.8995,37.27145573885016,1000.0,,-0.15077673849939277,-0.15077673849939277,-0.15077673849939277,-0.15077673849939277,-0.14928389950433996,0,highway_0,0,1184.7345606450986,1503.7345606450986,,-1038.2714557388501
33.4,llm_1,1507.4602316160717,-11.8995,37.256709709732384,1000.0,,-0.14893489408951854,-0.14893489408951854,-0.14893489408951854,-0.14893489408951854,-0.14746029117773674,0,highway_0,0,1188.4602316160717,1507.4602316160717,,-1038.2567097097324
33.5,llm_1,1511.1844459759502,-11.8995,37.24214359878436,1000.0,,-0.14711772057501138,-0.14711772057501138,-0.14711772057501138,-0.14711772057501138,-0.14566110948024402,0,highway_0,0,1192.1844459759502,1511.1844459759502,,-1038.2421435987844
33.6,llm_1,1514.907221476069,-11.8995,37.227755001187155,1000.0,,-0.14532483573173893,-0.14532483573173893,-0.14532483573173893,-0.14532483573173893,-0.14388597597204011,0,highway_0,0,1195.907221476069,1514.907221476069,,-1038.2277550011872
33.7,llm_1,1518.6285756309946,-11.8995,37.21354154925717,1000.0,,-0.14355586449287072,-0.14355586449287072,-0.14355586449287072,-0.14355586449287072,-0.14213451929983023,0,highway_0,0,1199.6285756309946,1518.6285756309946,,-1038.2135415492571
33.8,llm_1,1522.34852572217,-11.8995,37.19950091175367,1000.0,,-0.14181043878546018,-0.14181043878546018,-0.14181043878546018,-0.14181043878546018,-0.14040637503505593,0,highway_0,0,1203.34852572217,1522.34852572217,,-1038.1995009117536
33.9,llm_1,1526.0670888014902,-11.8995,37.18563079320203,1000.0,,-0.14008819737147737,-0.14008819737147737,-0.14008819737147737,-0.14008819737147737,-0.1387011855163678,0,highway_0,0,1207.0670888014902,1526.0670888014902,,-1038.185630793202
34.0,llm_1,1529.7842816948134,-11.8995,37.17192893323241,1000.0,,-0.13838878569314939,-0.13838878569314939,-0.13838878569314939,-0.13838878569314939,-0.1370185996962192,0,highway_0,0,1210.7842816948134,1529.7842816948134,,-1038.1719289332325
34.1,llm_1,1533.5001210054068,-11.8995,37.15839310593315,1000.0,,-0.13671185572246713,-0.13671185572246713,-0.13671185572246713,-0.13671185572246713,-0.1353582729925762,0,highway_0,0,1214.5001210054068,1533.5001210054068,,-1038.158393105933
34.2,llm_1,1537.2146231173285,-11.8995,37.14502111921882,1000.0,,-0.13505706581474275,-0.13505706581474275,-0.13505706581474275,-0.13505706581474275,-0.13371986714332706,0,highway_0,0,1218.2146231173285,1537.2146231173285,,-1038.1450211192189
34.3,llm_1,1540.9278041987498,-11.8995,37.13181081421227,1000.0,,-0.1334240805660698,-0.1334240805660698,-0.1334240805660698,-0.1334240805660698,-0.13210305006545298,0,highway_0,0,1221.9278041987498,1540.9278041987498,,-1038.1318108142123
34.4,llm_1,1544.6396802052138,-11.8995,37.11876006464053,1000.0,,-0.1318125706745903,-0.1318125706745903,-0.1318125706745903,-0.1318125706745903,-0.13050749571739573,0,highway_0,0,1225.6396802052138,1544.6396802052138,,-1038.1187600646406
34.5,llm_1,1548.3502668828382,-11.8995,37.10586677624396,1000.0,,-0.1302222128054331,-0.1302222128054331,-0.1302222128054331,-0.1302222128054331,-0.12893288396575997,0,highway_0,0,1229.3502668828382,1548.3502668828382,,-1038.105866776244
34.6,llm_1,1552.0595797714582,-11.8995,37.093128886198485,1000.0,,-0.12865268945921882,-0.12865268945921882,-0.12865268945921882,-0.12865268945921882,-0.12737890045471545,0,highway_0,0,1233.0595797714582,1552.0595797714582,,-1038.0931288861984
34.7,llm_1,1555.7676342077132,-11.8995,37.08054436255057,1000.0,,-0.12710368884401668,-0.12710368884401668,-0.12710368884401668,-0.12710368884401668,-0.12584523647916512,0,highway_0,0,1236.7676342077132,1555.7676342077132,,-1038.0805443625507
34.8,llm_1,1559.4744453280796,-11.8995,37.068111203664365,1000.0,,-0.1255749047506629,-0.1255749047506629,-0.1255749047506629,-0.1255749047506629,-0.12433158886203444,0,highway_0,0,1240.4744453280796,1559.4744453280796,,-1038.0681112036643
34.9,llm_1,1563.1800280718478,-11.8995,37.05582743768107,1000.0,,-0.12406603643131398,-0.12406603643131398,-0.12406603643131398,-0.12406603643131398,-0.12283765983298167,0,highway_0,0,1244.1800280718478,1563.1800280718478,,-1038.055827437681
35.0,llm_1,1566.8843971840467,-11.8995,37.043691121989866,1000.0,,-0.12257678848115727,-0.12257678848115727,-0.12257678848115727,-0.12257678848115727,-0.12136315691201105,0,highway_0,0,1247.8843971840467,1566.8843971840467,,-1038.04369112199
35.1,llm_1,1570.5875672183179,-11.8995,37.031700342710344,1000.0,,-0.12110687072318438,-0.12110687072318438,-0.12110687072318438,-0.12110687072318438,-0.11990779279521746,0,highway_0,0,1251.5875672183179,1570.5875672183179,,-1038.0317003427103
35.2,llm_1,1574.2895525397364,-11.8995,37.01985321418599,1000.0,,-0.11965599809591376,-0.11965599809591376,-0.11965599809591376,-0.11965599809591376,-0.11847128524351547,0,highway_0,0,1255.2895525397364,1574.2895525397364,,-1038.019853214186
35.3,llm_1,1577.9903673275853,-11.8995,37.008147878488565,1000.0,,-0.11822389054400628,-0.11822389054400628,-0.11822389054400628,-0.11822389054400628,-0.11705335697428154,0,highway_0,0,1258.9903673275853,1577.9903673275853,,-1038.0081478784887
35.4,llm_1,1581.6900255780786,-11.8995,36.99658250493295,1000.0,,-0.11681027291166135,-0.11681027291166135,-0.11681027291166135,-0.11681027291166135,-0.11565373555612268,0,highway_0,0,1262.6900255780786,1581.6900255780786,,-1037.996582504933
35.5,llm_1,1585.388541107039,-11.8995,36.98515528960238,1000.0,,-0.11541487483872115,-0.11541487483872115,-0.11541487483872115,-0.11541487483872115,-0.11427215330570561,0,highway_0,0,1266.388541107039,1585.388541107039,,-1037.9851552896023
35.6,llm_1,1589.0859275525272,-11.8995,36.97386445488363,1000.0,,-0.11403743065940963,-0.11403743065940963,-0.11403743065940963,-0.11403743065940963,-0.1129083471874992,0,highway_0,0,1270.0859275525272,1589.0859275525272,,-1037.9738644548836
35.7,llm_1,1592.7821983774284,-11.8995,36.96270824901199,1000.0,,-0.11267767930362127,-0.11267767930362127,-0.11267767930362127,-0.11267767930362127,-0.1115620587164301,0,highway_0,0,1273.7821983774284,1592.7821983774284,,-1037.962708249012
35.8,llm_1,1596.4773668719909,-11.8995,36.951684945625786,1000.0,,-0.1113353642006778,-0.1113353642006778,-0.1113353642006778,-0.1113353642006778,-0.11023303386203054,0,highway_0,0,1277.4773668719909,1596.4773668719909,,-1037.9516849456259
35.9,llm_1,1600.1714461563238,-11.8995,36.94079284333019,1000.0,,-0.1100102331855044,-0.1100102331855044,-0.1100102331855044,-0.1100102331855044,-0.10892102295592565,0,highway_0,0,1281.1714461563238,1600.1714461563238,,-1037.9407928433302
36.0,llm_1,1603.8644491828509,-11.8995,36.930030265270084,1000.0,,-0.10870203840712689,-0.10870203840712689,-0.10870203840712689,-0.10870203840712689,-0.10762578060109718,0,highway_0,0,1284.8644491828509,1603.8644491828509,,-1037.93003026527
36.1,llm_1,1607.556388738722,-11.8995,36.91939555871172,1000.0,,-0.10741053623945063,-0.10741053623945063,-0.10741053623945063,-0.10741053623945063,-0.10634706558363405,0,highway_0,0,1288.556388738722,1607.556388738722,,-1037.9193955587118
36.2,llm_1,1611.2472774481853,-11.8995,36.90888709463309,1000.0,,-0.10613548719422705,-0.10613548719422705,-0.10613548719422705,-0.10613548719422705,-0.1050846407863304,0,highway_0,0,1292.2472774481853,1611.2472774481853,,-1037.908887094633
36.3,llm_1,1614.9371277749176,-11.8995,36.898503267322575,1000.0,,-0.10487665583617134,-0.10487665583617134,-0.10487665583617134,-0.10487665583617134,-0.10383827310512572,0,highway_0,0,1295.9371277749176,1614.9371277749176,,-1037.8985032673227
36.4,llm_1,1618.6259520243161,-11.8995,36.88824249398593,1000.0,,-0.10363381070015198,-0.10363381070015198,-0.10363381070015198,-0.10363381070015198,-0.10260773336646878,0,highway_0,0,1299.6259520243161,1618.6259520243161,,-1037.888242493986
36.5,llm_1,1622.3137623457521,-11.8995,36.87810321436113,1000.0,,-0.10240672421040276,-0.10240672421040276,-0.10240672421040276,-0.10240672421040276,-0.10139279624794995,0,highway_0,0,1303.3137623457521,1622.3137623457521,,-1037.878103214361
36.6,llm_1,1626.0005707347862,-11.8995,36.86808389034116,1000.0,,-0.10119517260169286,-0.10119517260169286,-0.10119517260169286,-0.10119517260169286,-0.1001932401997152,0,highway_0,0,1307.0005707347862,1626.0005707347862,,-1037.8680838903413
36.7,llm_1,1629.6863890353466,-11.8995,36.85818300560429,1000.0,,-0.09999893584241115,-0.09999893584241115,-0.09999893584241115,-0.09999893584241115,-0.09900884736872229,0,highway_0,0,1310.6863890353466,1629.6863890353466,,-1037.8581830056044
36.8,llm_1,1633.3712289418718,-11.8995,36.84839906525186,1000.0,,-0.09881779755949327,-0.09881779755949327,-0.09881779755949327,-0.09881779755949327,-0.09783940352427578,0,highway_0,0,1314.3712289418718,1633.3712289418718,,-1037.848399065252
36.9,llm_1,1637.055102001417,-11.8995,36.838730595453335,1000.0,,-0.09765154496516071,-0.09765154496516071,-0.09765154496516071,-0.09765154496516071,-0.09668469798526758,0,highway_0,0,1318.055102001417,1637.055102001417,,-1037.8387305954534
37.0,llm_1,1640.738019615727,-11.8995,36.829176143098344,1000.0,,-0.09649996878540401,-0.09649996878540401,-0.09649996878540401,-0.09649996878540401,-0.09554452354990417,0,highway_0,0,1321.738019615727,1640.738019615727,,-1037.8291761430983
37.1,llm_1,1644.4199930432724,-11.8995,36.81973427545575,1000.0,,-0.09536286319016729,-0.09536286319016729,-0.09536286319016729,-0.09536286319016729,-0.09441867642593138,0,highway_0,0,1325.4199930432724,1644.4199930432724,,-1037.8197342754559
37.2,llm_1,1648.1010334012562,-11.8995,36.810403579839395,1000.0,,-0.09424002572519763,-0.09424002572519763,-0.09424002572519763,-0.09424002572519763,-0.09330695616355911,0,highway_0,0,1329.1010334012562,1648.1010334012562,,-1037.8104035798394
37.3,llm_1,1651.7811516675843,-11.8995,36.801182663280436,1000.0,,-0.09313125724549254,-0.09313125724549254,-0.09313125724549254,-0.09313125724549254,-0.09220916558959402,0,highway_0,0,1332.7811516675843,1651.7811516675843,,-1037.8011826632805
37.4,llm_1,1655.4603586828048,-11.8995,36.79207015220614,1000.0,,-0.09203636185032193,-0.09203636185032193,-0.09203636185032193,-0.09203636185032193,-0.09112511074292229,0,highway_0,0,1336.4603586828048,1655.4603586828048,,-1037.7920701522062
37.5,llm_1,1659.1386651520172,-11.8995,36.78306469212498,1000.0,,-0.09095514681976757,-0.09095514681976757,-0.09095514681976757,-0.09095514681976757,-0.09005460081162653,0,highway_0,0,1340.1386651520172,1659.1386651520172,,-1037.783064692125
37.6,llm_1,1662.816081646749,-11.8995,36.77416494731778,1000.0,,-0.08988742255274706,-0.08988742255274706,-0.08988742255274706,-0.08988742255274706,-0.08899744807202126,0,highway_0,0,1343.816081646749,1662.816081646749,,-1037.7741649473178
37.7,llm_1,1666.4926186068024,-11.8995,36.76536960053496,1000.0,,-0.08883300250647341,-0.08883300250647341,-0.08883300250647341,-0.08883300250647341,-0.0879534678281857,0,highway_0,0,1347.4926186068024,1666.4926186068024,,-1037.765369600535
37.8,llm_1,1670.1682863420724,-11.8995,36.75667735269958,1000.0,,-0.08779170313732876,-0.08779170313732876,-0.08779170313732876,-0.08779170313732876,-0.08692247835377032,0,highway_0,0,1351.1682863420724,1670.1682863420724,,-1037.7566773526996
37.9,llm_1,1673.843095034334,-11.8995,36.7480869226161,1000.0,,-0.08676334384308593,-0.08676334384308593,-0.08676334384308593,-0.08676334384308593,-0.08590430083479816,0,highway_0,0,1354.843095034334,1673.843095034334,,-1037.748086922616
38.0,llm_1,1677.5170547390026,-11.8995,36.739597046684764,1000.0,,-0.08574774690647136,-0.08574774690647136,-0.08574774690647136,-0.08574774690647136,-0.08489875931338986,0,highway_0,0,1358.5170547390026,1677.5170547390026,,-1037.7395970466848
38.1,llm_1,1681.1901753868647,-11.8995,36.731206478621395,1000.0,,-0.0847447374400141,-0.0847447374400141,-0.0847447374400141,-0.0847447374400141,-0.0839056806336913,0,highway_0,0,1362.1901753868647,1681.1901753868647,,-1037.7312064786213
38.2,llm_1,1684.862466785783,-11.8995,36.722913989182565,1000.0,,-0.08375414333215625,-0.08375414333215625,-0.08375414333215625,-0.08375414333215625,-0.08292489438829875,0,highway_0,0,1365.862466785783,1684.862466785783,,-1037.7229139891826
38.3,llm_1,1688.5339386223725,-11.8995,36.714718365895976,1000.0,,-0.08277579519457912,-0.08277579519457912,-0.08277579519457912,-0.08277579519457912,-0.08195623286589182,0,highway_0,0,1369.5339386223725,1688.5339386223725,,-1037.714718365896
38.4,llm_1,1692.204600463652,-11.8995,36.706618412795905,1000.0,,-0.0818095263107328,-0.0818095263107328,-0.0818095263107328,-0.0818095263107328,-0.08099953100071389,0,highway_0,0,1373.204600463652,1692.204600463652,,-1037.706618412796
38.5,llm_1,1695.8744617586683,-11.8995,36.69861295016368,1000.0,,-0.08085517258551889,-0.08085517258551889,-0.08085517258551889,-0.08085517258551889,-0.08005462632226568,0,highway_0,0,1376.8744617586683,1695.8744617586683,,-1037.6986129501636
38.6,llm_1,1699.5435318400955,-11.8995,36.69070081427297,1000.0,,-0.07991257249610872,-0.07991257249610872,-0.07991257249610872,-0.07991257249610872,-0.0791213589070594,0,highway_0,0,1380.5435318400955,1699.5435318400955,,-1037.690700814273
38.7,llm_1,1703.2118199258096,-11.8995,36.68288085713992,1000.0,,-0.07898156704385251,-0.07898156704385251,-0.07898156704385251,-0.07898156704385251,-0.07819957133051503,0,highway_0,0,1384.2118199258096,1703.2118199258096,,-1037.68288085714
38.8,llm_1,1706.8793351204374,-11.8995,36.675151946277815,1000.0,,-0.0780619997072789,-0.0780619997072789,-0.0780619997072789,-0.0780619997072789,-0.0772891086210592,0,highway_0,0,1387.8793351204374,1706.8793351204374,,-1037.6751519462778
38.9,llm_1,1710.546086416883,-11.8995,36.667512964456414,1000.0,,-0.07715371639611202,-0.07715371639611202,-0.07715371639611202,-0.07715371639611202,-0.07638981821401103,0,highway_0,0,1391.546086416883,1710.546086416883,,-1037.6675129644564
39.0,llm_1,1714.2120826978296,-11.8995,36.65996280946569,1000.0,,-0.07625656540633119,-0.07625656540633119,-0.07625656540633119,-0.07625656540633119,-0.07550154990724423,0,highway_0,0,1395.2120826978296,1714.2120826978296,,-1037.6599628094657
39.1,llm_1,1717.877332737218,-11.8995,36.652500393883884,1000.0,,-0.07537039737620965,-0.07537039737620965,-0.07537039737620965,-0.07537039737620965,-0.07462415581805715,0,highway_0,0,1398.877332737218,1717.877332737218,,-1037.6525003938839
39.2,llm_1,1721.541845201703,-11.8995,36.64512464484989,1000.0,,-0.07449506524331317,-0.07449506524331317,-0.07449506524331317,-0.07449506524331317,-0.07375749033990076,0,highway_0,0,1402.541845201703,1721.541845201703,,-1037.6451246448498
39.3,llm_1,1725.205628652087,-11.8995,36.63783450383975,1000.0,,-0.07363042420245414,-0.07363042420245414,-0.07363042420245414,-0.07363042420245414,-0.07290141010145135,0,highway_0,0,1406.205628652087,1725.205628652087,,-1037.6378345038397
39.4,llm_1,1728.8686915447317,-11.8995,36.63062892644722,1000.0,,-0.07277633166454822,-0.07277633166454822,-0.07277633166454822,-0.07277633166454822,-0.07205577392525697,0,highway_0,0,1409.8686915447317,1728.8686915447317,,-1037.6306289264471
39.5,llm_1,1732.5310422329485,-11.8995,36.62350688216838,1000.0,,-0.07193264721637305,-0.07193264721637305,-0.07193264721637305,-0.07193264721637305,-0.07122044278844442,0,highway_0,0,1413.5310422329485,1732.5310422329485,,-1037.6235068821684
39.6,llm_1,1736.1926889683675,-11.8995,36.61646735419004,1000.0,,-0.07109923258119633,-0.07109923258119633,-0.07109923258119633,-0.07109923258119633,-0.07039527978335514,0,highway_0,0,1417.1926889683675,1736.1926889683675,,-1037.61646735419
39.7,llm_1,1739.8536399022857,-11.8995,36.609509339182104,1000.0,,-0.07027595158024624,-0.07027595158024624,-0.07027595158024624,-0.07027595158024624,-0.06958015007938911,0,highway_0,0,1420.8536399022857,1739.8536399022857,,-1037.609509339182
39.8,llm_1,1743.513903086995,-11.8995,36.602631847093484,1000.0,,-0.06946267009502183,-0.06946267009502183,-0.06946267009502183,-0.06946267009502183,-0.06877492088619874,0,highway_0,0,1424.513903086995,1743.513903086995,,-1037.6026318470936
39.9,llm_1,1747.1734864770901,-11.8995,36.59583390095186,1000.0,,-0.06865925603039558,-0.06865925603039558,-0.06865925603039558,-0.06865925603039558,-0.06797946141624323,0,highway_0,0,1428.1734864770901,1747.1734864770901,,-1037.595833900952
40.0,llm_1,1750.8323979307568,-11.8995,36.589114536666855,1000.0,,-0.06786557927851766,-0.06786557927851766,-0.06786557927851766,-0.06786557927851766,-0.06719364285004303,0,highway_0,0,1431.8323979307568,1750.8323979307568,,-1037.5891145366668
40.1,llm_1,1754.4906452110404,-11.8995,36.58247280283681,1000.0,,-0.06708151168347287,-0.06708151168347287,-0.06708151168347287,-0.06708151168347287,-0.06641733830043961,0,highway_0,0,1435.4906452110404,1754.4906452110404,,-1037.5824728028367
40.2,llm_1,1758.1482359870963,-11.8995,36.57590776055892,1000.0,,-0.06630692700669583,-0.06630692700669583,-0.06630692700669583,-0.06630692700669583,-0.06565042277891564,0,highway_0,0,1439.1482359870963,1758.1482359870963,,-1037.575907760559
40.3,llm_1,1761.8051778354206,-11.8995,36.56941848324277,1000.0,,-0.06554170089310962,-0.06554170089310962,-0.06554170089310962,-0.06554170089310962,-0.064892773161489,0,highway_0,0,1442.8051778354206,1761.8051778354206,,-1037.5694184832428
40.4,llm_1,1765.4614782410633,-11.8995,36.56300405642713,1000.0,,-0.06478571083798035,-0.06478571083798035,-0.06478571083798035,-0.06478571083798035,-0.06414426815638308,0,highway_0,0,1446.4614782410633,1765.4614782410633,,-1037.5630040564272
40.5,llm_1,1769.1171445988234,-11.8995,36.556663577599956,1000.0,,-0.06403883615446393,-0.06403883615446393,-0.06403883615446393,-0.06403883615446393,-0.0634047882717681,0,highway_0,0,1450.1171445988234,1769.1171445988234,,-1037.5566635776
40.6,llm_1,1772.7721842144256,-11.8995,36.550396156021556,1000.0,,-0.06330095794182866,-0.06330095794182866,-0.06330095794182866,-0.06330095794182866,-0.0626742157839999,0,highway_0,0,1453.7721842144256,1772.7721842144256,,-1037.5503961560216
40.7,llm_1,1776.4266043056807,-11.8995,36.54420091255083,1000.0,,-0.06257195905434232,-0.06257195905434232,-0.06257195905434232,-0.06257195905434232,-0.061952434707279735,0,highway_0,0,1457.4266043056807,1776.4266043056807,,-1037.5442009125509
40.8,llm_1,1780.0804120036282,-11.8995,36.53807697947451,1000.0,,-0.06185172407079853,-0.06185172407079853,-0.06185172407079853,-0.06185172407079853,-0.061239330763172006,0,highway_0,0,1461.0804120036282,1780.0804120036282,,-1037.5380769794745
40.9,llm_1,1783.7336143536622,-11.8995,36.53202350033939,1000.0,,-0.061140139264676874,-0.061140139264676874,-0.061140139264676874,-0.061140139264676874,-0.06053479135118778,0,highway_0,0,1464.7336143536622,1783.7336143536622,,-1037.5320235003394
41.0,llm_1,1787.386218316641,-11.8995,36.52603962978742,1000.0,,-0.06043709257491292,-0.06043709257491292,-0.06043709257491292,-0.06043709257491292,-0.05983870551972359,0,highway_0,0,1468.386218316641,1787.386218316641,,-1037.5260396297874
41.1,llm_1,1791.0382307699804,-11.8995,36.52012453339363,1000.0,,-0.059742473577272914,-0.059742473577272914,-0.059742473577272914,-0.059742473577272914,-0.05915096393792396,0,highway_0,0,1472.0382307699804,1791.0382307699804,,-1037.5201245333935
41.2,llm_1,1794.689658508731,-11.8995,36.514277387506866,1000.0,,-0.05905617345630687,-0.05905617345630687,-0.05905617345630687,-0.05905617345630687,-0.058471458867614956,0,highway_0,0,1475.689658508731,1794.689658508731,,-1037.5142773875068
41.3,llm_1,1798.3405082466404,-11.8995,36.508497379093214,1000.0,,-0.058378084977875666,-0.058378084977875666,-0.058378084977875666,-0.058378084977875666,-0.057800084136516716,0,highway_0,0,1479.3405082466404,1798.3405082466404,,-1037.5084973790931
