time,id,x,y,speed,headway,leader_id,target_accel_with_noise_with_failsafe,target_accel_no_noise_no_failsafe,target_accel_with_noise_no_failsafe,target_accel_no_noise_with_failsafe,realized_accel,road_grade,edge_id,lane_number,distance,relative_position,follower_id,leader_rel_speed
0,ego_0,324.0,-8.0,20.5,1000.0,,,,,,0,0,highway_0,1,0.0,324.0,,-1021.5
0.1,ego_0,326.0577422067901,-8.0,20.577422067901235,1000.0,,0.7819628858024691,0.7819628858024691,0.7819628858024691,0.7819628858024691,0.7742206790123518,0,highway_0,1,2.057742206790124,326.0577422067901,,-1021.5774220679012
0.2,ego_0,328.1231938229669,-8.0,20.654516161767777,1000.0,,0.7786503480520746,0.7786503480520746,0.7786503480520746,0.7786503480520746,0.7709409386654187,0,highway_0,1,4.123193822966925,328.1231938229669,,-1021.6545161617678
0.3,ego_0,330.19632182013385,-8.0,20.731279971668997,1000.0,,0.7753144800023382,0.7753144800023382,0.7753144800023382,0.7753144800023382,0.7676380990121956,0,highway_0,1,6.196321820133846,330.19632182013385,,-1021.731279971669
0.4,ego_0,332.27709294186525,-8.0,20.807711217314278,1000.0,,0.7719555810173349,0.7719555810173349,0.7719555810173349,0.7719555810173349,0.7643124564528136,0,highway_0,1,8.277092941865249,332.27709294186525,,-1021.8077112173142
0.5,ego_0,334.36547370674225,-8.0,20.883807648770293,1000.0,,0.7685739577057377,0.7685739577057377,0.7685739577057377,0.7685739577057377,0.7609643145601552,0,highway_0,1,10.36547370674225,334.36547370674225,,-1021.8838076487702
0.6,ego_0,336.46143041145905,-8.0,20.959567047168086,1000.0,,0.7651699238177089,0.7651699238177089,0.7651699238177089,0.7651699238177089,0.7575939839779267,0,highway_0,1,12.461430411459048,336.46143041145905,,-1021.9595670471681
0.7,ego_0,338.564929133999,-8.0,21.034987225399483,1000.0,,0.7617438001371016,0.7617438001371016,0.7617438001371016,0.7617438001371016,0.7542017823139702,0,highway_0,1,14.564929133998987,338.564929133999,,-1022.0349872253995
0.8,ego_0,340.67593573687924,-8.0,21.110066028802358,1000.0,,0.7582959143690431,0.7582959143690431,0.7582959143690431,0.7582959143690431,0.7507880340287443,0,highway_0,1,16.67593573687924,340.67593573687924,,-1022.1100660288024
0.9,ego_0,342.7944158704627,-8.0,21.184801335834333,1000.0,,0.7548266010229694,0.7548266010229694,0.7548266010229694,0.7548266010229694,0.747353070319754,0,highway_0,1,18.79441587046267,342.7944158704627,,-1022.1848013358343
1.0,ego_0,344.9203349763361,-8.0,21.25919105873445,1000.0,,0.7513362012911924,0.7513362012911924,0.7513362012911924,0.7513362012911924,0.7438972290011847,0,highway_0,1,20.920334976336108,344.9203349763361,,-1022.2591910587345
1.1,ego_0,347.05365829075333,-8.0,21.333233144172382,1000.0,,0.7478250629230792,0.7478250629230792,0.7478250629230792,0.7478250629230792,0.7404208543793089,0,highway_0,1,23.053658290753333,347.05365829075333,,-1022.3332331441724
1.2,ego_0,349.1943508481418,-8.0,21.406925573884752,1000.0,,0.7442935400949351,0.7442935400949351,0.7442935400949351,0.7442935400949351,0.7369242971237,0,highway_0,1,25.194350848141823,349.1943508481418,,-1022.4069255738848
1.3,ego_0,351.34237748467166,-8.0,21.48026636529819,1000.0,,0.740741993275682,0.740741993275682,0.740741993275682,0.740741993275682,0.7334079141343608,0,highway_0,1,27.34237748467166,351.34237748467166,,-1022.4802663652982
1.4,ego_0,353.49770284188554,-8.01,21.553253572138626,1000.0,,0.7371707890884289,0.7371707890884289,0.7371707890884289,0.7371707890884289,0.7298720684043758,0,highway_0,1,29.49770284188554,353.49770284188554,,-1022.5532535721386
1.5,ego_0,355.6602913703882,-8.03,21.625885285026552,1000.0,,0.733580300168041,0.733580300168041,0.733580300168041,0.733580300168041,0.7263171288792591,0,highway_0,1,31.660291370388222,355.6602913703882,,-1022.6258852850266
1.6,ego_0,357.830107333594,-8.06,21.69815963205772,1000.0,,0.7299709050148108,0.7299709050148108,0.7299709050148108,0.7299709050148108,0.7227434703116842,0,highway_0,1,33.830107333594015,357.830107333594,,-1022.6981596320577
1.7,ego_0,360.0071148115309,-8.08,21.770074779369043,1000.0,,0.7263429878443475,0.7263429878443475,0.7263429878443475,0.7263429878443475,0.7191514731132287,0,highway_0,1,36.007114811530926,360.0071148115309,,-1022.770074779369
1.8,ego_0,362.19127770469987,-8.09,21.841628931689222,1000.0,,0.7226969384337967,0.7226969384337967,0.7226969384337967,0.7226969384337967,0.7155415232017859,0,highway_0,1,38.19127770469987,362.19127770469987,,-1022.8416289316892
1.9,ego_0,364.38255973798726,-8.09,21.912820332873828,1000.0,,0.7190331519645153,0.7190331519645153,0.7190331519645153,0.7190331519645153,0.7119140118460621,0,highway_0,1,40.382559737987265,364.38255973798726,,-1022.9128203328738
2.0,ego_0,366.58092446462973,-8.08,21.983647266424455,1000.0,,0.7153520288613222,0.7153520288613222,0.7153520288613222,0.7153520288613222,0.708269335506273,0,highway_0,1,42.58092446462973,366.58092446462973,,-1022.9836472664244
2.1,ego_0,368.7863352702289,-8.06,22.05410805599163,1000.0,,0.7116539746284574,0.7116539746284574,0.7116539746284574,0.7116539746284574,0.7046078956717494,0,highway_0,1,44.7863352702289,368.7863352702289,,-1023.0541080559916
2.2,ego_0,370.99875537681504,-8.06,22.124201065861172,1000.0,,0.7079393996823782,0.7079393996823782,0.7079393996823782,0.7079393996823782,0.7009300986954159,0,highway_0,1,46.99875537681504,370.99875537681504,,-1023.1242010658611
2.3,ego_0,373.21814784695744,-8.05,22.1939247014237,1000.0,,0.7042087191815318,0.7042087191815318,0.7042087191815318,0.7042087191815318,0.6972363556252859,0,highway_0,1,49.218147846957436,373.21814784695744,,-1023.1939247014237
2.4,ego_0,375.4444755879201,-8.03,22.263277409626994,1000.0,,0.7004623528532399,0.7004623528532399,0.7004623528532399,0.7004623528532399,0.6935270820329364,0,highway_0,1,51.444475587920124,375.4444755879201,,-1023.263277409627
2.5,ego_0,377.67770135586125,-8.01,22.33225767941094,1000.0,,0.6967007248178414,0.6967007248178414,0.6967007248178414,0.6967007248178414,0.6898026978394611,0,highway_0,1,53.677701355861245,377.67770135586125,,-1023.332257679411
2.6,ego_0,379.91778776007374,-8.0,22.400864042124823,1000.0,,0.692924263410236,0.692924263410236,0.692924263410236,0.692924263410236,0.6860636271388287,0,highway_0,1,55.917787760073736,379.91778776007374,,-1023.4008640421248
2.7,ego_0,382.16469726726643,-8.0,22.469095071926702,1000.0,,0.6891334009989791,0.6891334009989791,0.6891334009989791,0.6891334009989791,0.6823102980187912,0,highway_0,1,58.16469726726643,382.16469726726643,,-1023.4690950719267
2.8,ego_0,384.4183922058829,-8.0,22.536949386164633,1000.0,,0.6853285738030745,0.6853285738030745,0.6853285738030745,0.6853285738030745,0.6785431423793042,0,highway_0,1,60.418392205882924,384.4183922058829,,-1023.5369493861647
2.9,ego_0,386.6788347704569,-8.0,22.604425645739546,7.641462259246055,llm_1,0.6815102217066251,0.6815102217066251,0.6815102217066251,0.6815102217066251,0.6747625957491366,0,highway_0,1,62.67883477045689,386.6788347704569,,8.49953475030005
3.0,ego_0,388.94109742722026,-8.0,22.622626567633947,8.51137782030446,llm_1,0.6091761894934801,0.6091761894934801,0.6091761894934801,0.6091761894934801,0.18200921894401034,0,highway_0,1,64.94109742722026,388.94109742722026,,8.699155610583865
3.1,ego_0,391.206772447294,-8.0,22.65675020073723,9.39966319627024,llm_1,0.6214240068032436,0.6214240068032436,0.6214240068032436,0.6214240068032436,0.34123633103281037,0,highway_0,1,67.20677244729399,391.206772447294,,8.8828537596588
3.2,ego_0,393.47683376810664,-8.0,22.700613208126455,10.305344449714994,llm_1,0.6294113858378076,0.6294113858378076,0.6294113858378076,0.6294113858378076,0.43863007389226993,0,highway_0,1,69.47683376810664,393.47683376810664,,9.05681253444779
3.3,ego_0,395.75188623681834,-8.0,22.750524687116684,11.227816733478676,llm_1,0.6344926973616399,0.6344926973616399,0.6344926973616399,0.6344926973616399,0.4991147899022863,0,highway_0,1,71.75188623681834,395.75188623681834,,9.224722837635777
3.4,ego_0,398.0323020432925,-8.0,22.804158064741134,12.166707857697475,llm_1,0.637534676564102,0.637534676564102,0.637534676564102,0.637534676564102,0.5363337762445042,0,highway_0,1,74.03230204329247,398.0323020432925,,9.388911242189547
3.5,ego_0,400.31830035106293,-8.0,22.85998307770441,13.12179865883786,llm_1,0.6391130289615734,0.6391130289615734,0.6391130289615734,0.6391130289615734,0.5582501296327536,0,highway_0,1,76.31830035106293,400.31830035106293,,9.550908011404491
3.6,ego_0,402.60999625819073,-8.0,22.916959071277876,14.092974038838975,llm_1,0.6396222575354386,0.6396222575354386,0.6396222575354386,0.6396222575354386,0.5697599357346661,0,highway_0,1,78.60999625819073,402.60999625819073,,9.711753800009244
3.7,ego_0,404.90743222400516,-8.0,22.974359658144206,15.080191538371082,llm_1,0.6393399762946426,0.6393399762946426,0.6393399762946426,0.6393399762946426,0.5740058686632921,0,highway_0,1,80.90743222400516,404.90743222400516,,9.872174995321135
3.8,ego_0,407.2105989825774,-8.0,23.031667585722232,16.08346042336325,llm_1,0.6384660751102266,0.6384660751102266,0.6384660751102266,0.6384660751102266,0.5730792757802661,0,highway_0,1,83.21059898257738,407.2105989825774,,10.032688849921328
3.9,ego_0,409.51944989310005,-8.0,23.08850910522637,17.10282733462259,llm_1,0.6371473790597679,0.6371473790597679,0.6371473790597679,0.6371473790597679,0.5684151950413607,0,highway_0,1,85.51944989310005,409.51944989310005,,10.193669112595412
4.0,ego_0,411.8339110487964,-8.0,23.144611556963387,18.13836617892639,llm_1,0.635493630976655,0.635493630976655,0.635493630976655,0.635493630976655,0.5610245173701855,0,highway_0,1,87.83391104879638,411.8339110487964,,10.355388443036613
4.1,ego_0,414.15388856104806,-8.0,23.19977512251677,19.190170844892464,llm_1,0.6335881176438465,0.6335881176438465,0.6335881176438465,0.6335881176438465,0.551635655533822,0,highway_0,1,90.15388856104806,414.15388856104806,,10.51804665966145
4.2,ego_0,416.4792739119352,-8.0,23.253853508871423,20.258349850440993,llm_1,0.6314948966581514,0.6314948966581514,0.6314948966581514,0.6314948966581514,0.5407838635465367,0,highway_0,1,92.4792739119352,416.4792739119352,,10.681790055485017
4.3,ego_0,418.8099479547295,-8.0,23.306740427943005,21.321240164082326,llm_1,0.6292638123344719,0.6292638123344719,0.6292638123344719,0.6292638123344719,0.5288691907158238,0,highway_0,1,94.80994795472952,418.8099479547295,,10.628903136413435
4.4,ego_0,421.1457828881066,-8.0,23.358349333770953,22.378969587140887,llm_1,0.6269160906072837,0.6269160906072837,0.6269160906072837,0.6269160906072837,0.5160890582794764,0,highway_0,1,97.14578288810662,421.1457828881066,,10.577294230585487
4.5,ego_0,423.4866451136136,-8.0,23.408622255069623,23.431671718069595,llm_1,0.6244908707657708,0.6244908707657708,0.6244908707657708,0.6244908707657708,0.5027292129867078,0,highway_0,1,99.48664511361358,423.4866451136136,,10.527021309286816
4.6,ego_0,425.83239736685204,-8.0,23.45752253238467,24.479483821266797,llm_1,0.622018176573759,0.622018176573759,0.622018176573759,0.622018176573759,0.48900277315045315,0,highway_0,1,101.83239736685204,425.83239736685204,,10.47812103197177
4.7,ego_0,428.18290032894237,-8.0,23.50502962090342,25.522545215612126,llm_1,0.6195212749279617,0.6195212749279617,0.6195212749279617,0.6195212749279617,0.4750708851875274,0,highway_0,1,104.18290032894237,428.18290032894237,,10.430613943453018
4.8,ego_0,430.53801385873453,-8.0,23.551135297921743,26.560996042255624,llm_1,0.6170183438719129,0.6170183438719129,0.6170183438719129,0.6170183438719129,0.46105677018321245,0,highway_0,1,106.53801385873453,430.53801385873453,,10.384508266434697
4.9,ego_0,432.8975979433607,-8.0,23.595840846261968,27.594976314065093,llm_1,0.6145236732057141,0.6145236732057141,0.6145236732057141,0.6145236732057141,0.4470554834022522,0,highway_0,1,108.89759794336072,432.8975979433607,,10.339802718094472
5.0,ego_0,435.2615134362711,-8.0,23.63915492910392,28.62462517759036,llm_1,0.6120485427404232,0.6120485427404232,0.6120485427404232,0.6120485427404232,0.43314082841952484,0,highway_0,1,111.26151343627112,435.2615134362711,,10.29648863525252
5.1,ego_0,437.6296226326117,-8.0,23.68109196340601,29.650080337685438,llm_1,0.6096018743724013,0.6096018743724013,0.6096018743724013,0.6096018743724013,0.41937034302090836,0,highway_0,1,113.6296226326117,437.6296226326117,,10.254551600950428
5.2,ego_0,440.00178971848726,-8.0,23.721670858755502,30.67147760824554,llm_1,0.607190722934613,0.607190722934613,0.607190722934613,0.607190722934613,0.4057889534949055,0,highway_0,1,116.00178971848726,440.00178971848726,,10.213972705600938
5.3,ego_0,442.37788112129624,-8.0,23.760914028089953,31.68895056187222,llm_1,0.6048206504431576,0.6048206504431576,0.6048206504431576,0.6048206504431576,0.39243169334451267,0,highway_0,1,118.37788112129624,442.37788112129624,,10.174729536266486
5.4,ego_0,444.7577657816471,-8.0,23.798846603508377,32.702630257957026,llm_1,0.6024960148651564,0.6024960148651564,0.6024960148651564,0.6024960148651564,0.37932575418423653,0,highway_0,1,120.7577657816471,444.7577657816471,,10.136796960848063
5.5,ego_0,447.1413153625273,-8.0,23.83549580880197,33.7126450335125,llm_1,0.6002201954340953,0.6002201954340953,0.6002201954340953,0.6002201954340953,0.366492052935925,0,highway_0,1,123.14131536252728,447.1413153625273,,10.10014775555447
5.6,ego_0,449.52840440784644,-8.0,23.87089045319159,34.719120344629005,llm_1,0.5979957703065921,0.5979957703065921,0.5979957703065921,0.5979957703065921,0.35394644389619145,0,highway_0,1,125.52840440784644,449.52840440784644,,10.064753111164851
5.7,ego_0,451.9189104598331,-8.0,23.905060519866762,35.72217864907799,llm_1,0.595824658025718,0.595824658025718,0.595824658025718,0.595824658025718,0.34170066675173416,0,highway_0,1,127.91891045983311,451.9189104598331,,10.030583044489678
5.8,ego_0,454.312714142779,-8.0,23.93803682945865,36.72193932256778,llm_1,0.5937082312096104,0.5937082312096104,0.5937082312096104,0.5937082312096104,0.329763095918878,0,highway_0,1,130.312714142779,454.312714142779,,9.99760673489779
5.9,ego_0,456.709699219112,-8.0,23.969850763330342,37.71851860267043,llm_1,0.5916474087139065,0.5916474087139065,0.5916474087139065,0.5916474087139065,0.3181393387169251,0,highway_0,1,132.709699219112,456.709699219112,,9.965792801026097
6.0,ego_0,459.10975262261803,-8.0,24.00053403506049,38.712029555600054,llm_1,0.5896427309528658,0.5896427309528658,0.5896427309528658,0.5896427309528658,0.3068327173014751,0,highway_0,1,135.10975262261803,459.10975262261803,,9.93510952929595
6.1,ego_0,461.5127644727272,-8.0,24.03011850109162,39.702582061926535,llm_1,0.5876944219253633,0.5876944219253633,0.5876944219253633,0.5876944219253633,0.2958446603113174,0,highway_0,1,137.5127644727272,461.5127644727272,,9.905525063264818
6.2,ego_0,463.9186280730735,-8.0,24.058636003462986,40.69028281801587,llm_1,0.5858024406544319,0.5858024406544319,0.5858024406544319,0.5858024406544319,0.28517502371364856,0,highway_0,1,139.91862807307353,463.91862807307353,,9.877007560893453
6.3,ego_0,466.32723989697604,-8.0,24.08611823902462,41.67523535054903,llm_1,0.5839665241272275,0.5839665241272275,0.5839665241272275,0.5839665241272275,0.27482235561635093,0,highway_0,1,142.32723989697598,466.327239896976,,9.849525325331818
6.4,ego_0,468.7384995620419,-8.0,24.112596650659206,42.65754004191871,llm_1,0.5821862233565629,0.5821862233565629,0.5821862233565629,0.5821862233565629,0.26478411634585086,0,highway_0,1,144.7384995620419,468.7384995620419,,9.823046913697233
6.5,ego_0,471.15230979573295,-8.0,24.13810233691012,43.637294164663274,llm_1,0.5804609338333601,0.5804609338333601,0.5804609338333601,0.5804609338333601,0.25505686250912873,0,highway_0,1,147.15230979573295,471.15230979573295,,9.79754122744632
6.6,ego_0,473.5685763934422,-8.0,24.16266597709262,44.61459192338964,llm_1,0.5787899213715629,0.5787899213715629,0.5787899213715629,0.5787899213715629,0.2456364018249957,0,highway_0,1,149.56857639344219,473.5685763934422,,9.77297758726382
6.7,ego_0,475.9872081703919,-8.0,24.186317769497396,45.58952450287552,llm_1,0.5771723441415819,0.5771723441415819,0.5771723441415819,0.5771723441415819,0.23651792404777439,0,highway_0,1,151.9872081703919,475.9872081703919,,9.749325794859043
6.8,ego_0,478.40811690846357,-8.0,24.209087380716603,46.562180121239464,llm_1,0.5756072715296029,0.5756072715296029,0.5756072715296029,0.5756072715296029,0.22769611219207064,0,highway_0,1,154.40811690846357,478.40811690846357,,9.726556183639836
6.9,ego_0,480.8312172989093,-8.0,24.231003904457758,47.5326440872293,llm_1,0.574093700336567,0.574093700336567,0.574093700336567,0.574093700336567,0.21916523741154492,0,highway_0,1,156.83121729890934,480.83121729890934,,9.704639659898682
7.0,ego_0,483.25642688175736,-8.0,24.252095828480087,48.50099886081688,llm_1,0.5726305687338789,0.5726305687338789,0.5726305687338789,0.5726305687338789,0.21091924022329067,0,highway_0,1,159.25642688175736,483.25642688175736,,9.683547735876353
7.1,ego_0,485.6836659826078,-8.0,24.27239100850528,49.46732411640198,llm_1,0.5712167683166132,0.5712167683166132,0.5712167683166132,0.5712167683166132,0.20295180025193815,0,highway_0,1,161.68366598260786,485.68366598260786,,9.663252555851159
7.2,ego_0,488.11285764742104,-8.0,24.291916648131817,50.43169680802441,llm_1,0.5698511545344965,0.5698511545344965,0.5698511545344965,0.5698511545344965,0.19525639626536417,0,highway_0,1,164.11285764742104,488.11285764742104,,9.643726916224622
7.3,ego_0,490.54392757581365,-8.0,24.310699283927004,51.39419123606734,llm_1,0.5685325557326026,0.5685325557326026,0.5685325557326026,0.5685325557326026,0.1878263579518702,0,highway_0,1,166.5439275758137,490.5439275758137,,9.624944280429435
7.4,ego_0,492.9768040533128,-8.0,24.328764774990685,52.35487911500388,llm_1,0.5672597809949409,0.5672597809949409,0.5672597809949409,0.5672597809949409,0.18065491063680383,0,highway_0,1,168.97680405331278,492.9768040533128,,9.606878789365755
7.5,ego_0,495.4114178829512,-8.0,24.346138296383913,53.31382964180108,llm_1,0.566031626952761,0.566031626952761,0.566031626952761,0.566031626952761,0.1737352139322823,0,highway_0,1,171.41141788295118,495.4114178829512,,9.589505267972527
7.6,ego_0,497.847702316541,-8.0,24.36284433589898,54.27110956464679,llm_1,0.5648468836939423,0.5648468836939423,0.5648468836939423,0.5648468836939423,0.16706039515067772,0,highway_0,1,173.84770231654107,497.8477023165411,,9.572799228457459
7.7,ego_0,500.2855929859128,-8.0,24.37890669371699,55.226783251710685,llm_1,0.5637043398890333,0.5637043398890333,0.5637043398890333,0.5637043398890333,0.1606235781800791,0,highway_0,1,176.28559298591279,500.2855929859128,,9.556736870639451
7.8,ego_0,502.7250278343686,-8.0,24.394348484558208,56.18091275969044,llm_1,0.5626027872324066,0.5626027872324066,0.5626027872324066,0.5626027872324066,0.15441790841219216,0,highway_0,1,178.72502783436863,502.72502783436863,,9.541295079798232
7.9,ego_0,505.16594704856664,-8.0,24.409192141980718,57.133557901927986,llm_1,0.5615410242828592,0.5615410242828592,0.5615410242828592,0.5615410242828592,0.14843657422510148,0,highway_0,1,181.1659470485667,505.1659470485667,,9.526451422375722
8.0,ego_0,507.60829299101925,-8.0,24.423459424525685,58.08477631591103,llm_1,0.560517859776253,0.560517859776253,0.560517859776253,0.560517859776253,0.1426728254496723,0,highway_0,1,183.60829299101925,507.60829299101925,,9.512184139830755
8.1,ego_0,510.0520101333637,-8.0,24.437171423444585,59.03462353000219,llm_1,0.5595321154729698,0.5595321154729698,0.5595321154729698,0.5595321154729698,0.13711998918900292,0,highway_0,1,186.0520101333637,510.0520101333637,,9.498472140911854
8.2,ego_0,512.4970449905412,-8.0,24.450348571775535,59.98315302926028,llm_1,0.5585826285947124,0.5585826285947124,0.5585826285947124,0.5585826285947124,0.13177148330949962,0,highway_0,1,188.4970449905412,512.4970449905412,,9.485294992580904
8.3,ego_0,514.9433460559976,-8.0,24.463010654563526,60.93041632023949,llm_1,0.5576682538982239,0.5576682538982239,0.5576682538982239,0.5576682538982239,0.12662082787990414,0,highway_0,1,190.9433460559976,514.9433460559976,,9.472632909792914
8.4,ego_0,517.3908637380019,-8.0,24.475176820043465,61.87646299467076,llm_1,0.556787865427574,0.556787865427574,0.556787865427574,0.556787865427574,0.1216616547993965,0,highway_0,1,193.39086373800194,517.3908637380019,,9.460466744312974
8.5,ego_0,519.8395502971646,-8.0,24.48686559162598,62.821340791943726,llm_1,0.5559403579816252,0.5559403579816252,0.5559403579816252,0.5559403579816252,0.11688771582512913,0,highway_0,1,195.83955029716458,519.8395502971646,,9.448777972730461
8.6,ego_0,522.2893597852191,-8.0,24.498094880544446,63.765095660324846,llm_1,0.5551246483289615,0.5551246483289615,0.5551246483289615,0.5551246483289615,0.11229288918467972,0,highway_0,1,198.28935978521906,522.2893597852191,,9.437548683811993
8.7,ego_0,524.7402479851229,-8.0,24.508881999038056,64.70777181685662,llm_1,0.5543396761988207,0.5543396761988207,0.5543396761988207,0.5543396761988207,0.10787118493610137,0,highway_0,1,200.7402479851229,524.7402479851229,,9.426761565318383
8.8,ego_0,527.1921723525189,-8.0,24.519243673960016,65.6494118058962,llm_1,0.5535844050733606,0.5535844050733606,0.5535844050733606,0.5535844050733606,0.10361674921959718,0,highway_0,1,203.19217235251892,527.1921723525189,,9.416399890396423
8.9,ego_0,529.6450919585902,-8.0,24.529196060712902,66.59005655626049,llm_1,0.5528578228037606,0.5528578228037606,0.5528578228037606,0.5528578228037606,0.099523867528859,0,highway_0,1,205.64509195859023,529.6450919585902,,9.406447503643538
9.0,ego_0,532.0989674343326,-8.0,24.53875475742438,67.5297454369537,llm_1,0.5521589420702188,0.5521589420702188,0.5521589420702188,0.5521589420702188,0.09558696711476244,0,highway_0,1,208.09896743433262,532.0989674343326,,9.396888806932061
9.1,ego_0,534.5537609162612,-8.0,24.54793481928669,68.46851631146069,llm_1,0.5514868007037492,0.5514868007037492,0.5514868007037492,0.5514868007037492,0.09180061862313238,0,highway_0,1,210.55376091626124,534.5537609162612,,9.387708745069748
9.2,ego_0,537.0094359935605,-8.0,24.556750772992302,69.40640559059705,llm_1,0.5508404618857881,0.5508404618857881,0.5508404618857881,0.5508404618857881,0.08815953705610724,0,highway_0,1,213.0094359935605,537.0094359935605,,9.378892791364137
9.3,ego_0,539.4659576566811,-8.0,24.565216631206074,70.34344828391204,llm_1,0.5502190142399431,0.5502190142399431,0.5502190142399431,0.5502190142399431,0.08465858213771327,0,highway_0,1,215.4659576566811,539.4659576566811,,9.370426933150366
9.4,ego_0,541.9232922473833,-8.0,24.573345907021633,71.27967804964544,llm_1,0.5496215718287423,0.5496215718287423,0.5496215718287423,0.5496215718287423,0.08129275815559112,0,highway_0,1,217.9232922473833,541.9232922473833,,9.362297657334807
9.5,ego_0,544.3814074102189,-8.0,24.58115162835597,72.21512724324543,llm_1,0.5490472740669124,0.5490472740669124,0.5490472740669124,0.5490472740669124,0.07805721334335658,0,highway_0,1,220.3814074102189,544.3814074102189,,9.354491936000471
9.6,ego_0,546.8402720454432,-8.0,24.58864635224211,73.14982696445679,llm_1,0.5484952855615488,0.5484952855615488,0.5484952855615488,0.5484952855615488,0.07494723886143362,0,highway_0,1,222.84027204544316,546.8402720454432,,9.346997212114328
9.7,ego_0,549.2998562633417,-8.0,24.595842178984938,74.08380710299389,llm_1,0.5479647958884788,0.5479647958884788,0.5479647958884788,0.5479647958884788,0.07195826742826483,0,highway_0,1,225.29985626334167,549.2998562633417,,9.339801385371501
9.8,ego_0,551.7601313399566,-8.0,24.602750766149732,75.01709638281454,llm_1,0.5474550193131884,0.5474550193131884,0.5474550193131884,0.5474550193131884,0.06908587164794255,0,highway_0,1,227.76013133995662,551.7601313399566,,9.332892798206707
9.9,ego_0,554.2210696741923,-8.0,24.60938334235743,75.94972240501443,llm_1,0.5469651944638312,0.5469651944638312,0.5469651944638312,0.5469651944638312,0.06632576207696417,0,highway_0,1,230.22106967419234,554.2210696741923,,9.32626022199901
10.0,ego_0,556.6826447462787,-8.0,24.61575072086408,76.88171168936367,llm_1,0.5464945839630767,0.5464945839630767,0.5464945839630767,0.5464945839630767,0.06367378506652699,0,highway_0,1,232.6826447462787,556.6826447462787,,9.319892843492358
10.1,ego_0,559.1448310775693,-8.0,24.621863312905592,77.81308971450869,llm_1,0.5460424740248786,0.5460424740248786,0.5460424740248786,0.5460424740248786,0.061125920415108226,0,highway_0,1,235.14483107756928,559.1448310775693,,9.313780251450847
10.2,ego_0,561.6076041916484,-8.0,24.62773114079164,78.74388095686515,llm_1,0.5456081740216134,0.5456081740216134,0.5456081740216134,0.5456081740216134,0.058678278860462285,0,highway_0,1,237.60760419164842,561.6076041916484,,9.307912423564801
10.3,ego_0,564.070940576722,-8.0,24.63336385073555,79.67410892822716,llm_1,0.5451910160264967,0.5451910160264967,0.5451910160264967,0.5451910160264967,0.05632709943910186,0,highway_0,1,240.07094057672202,564.070940576722,,9.30227971362089
10.4,ego_0,566.5348176492629,-8.0,24.638770725409234,80.60379621212189,llm_1,0.5447903543356629,0.5447903543356629,0.5447903543356629,0.5447903543356629,0.0540687467368528,0,highway_0,1,242.5348176492629,566.5348176492629,,9.296872838947206
10.5,ego_0,568.9992137188843,-8.0,24.643960696214467,81.53296449893605,llm_1,0.5444055649738543,0.5444055649738543,0.5444055649738543,0.5444055649738543,0.051899708052332016,0,highway_0,1,244.99921371888433,568.9992137188843,,9.291682868141972
10.6,ego_0,571.4641079544107,-8.0,24.64894235526381,82.46163461984531,llm_1,0.5440360451872408,0.5440360451872408,0.5440360451872408,0.5440360451872408,0.04981659049342113,0,highway_0,1,247.46410795441068,571.4641079544107,,9.28670120909263
10.7,ego_0,573.9294803511173,-8.0,24.653723967066085,83.38982657957433,llm_1,0.5436812129265166,0.5436812129265166,0.5436812129265166,0.5436812129265166,0.04781611802275876,0,highway_0,1,249.92948035111726,573.9294803511173,,9.281919597290354
10.8,ego_0,576.3953116991086,-8.0,24.658313479913,84.31755958801864,llm_1,0.5433405063230934,0.5433405063230934,0.5433405063230934,0.5433405063230934,0.045895128469162216,0,highway_0,1,252.39531169910856,576.3953116991086,,9.277330084443438
10.9,ego_0,578.8615835528051,-8.0,24.662718536964785,85.24485209075772,llm_1,0.5430133831608837,0.5430133831608837,0.5430133831608837,0.5430133831608837,0.04405057051783956,0,highway_0,1,254.8615835528051,578.8615835528051,,9.272925027391654
11.0,ego_0,581.3282782015085,-8.0,24.66694648703395,86.1717217984899,llm_1,0.5426993203459001,0.5426993203459001,0.5426993203459001,0.5426993203459001,0.042279500691648764,0,highway_0,1,257.3282782015085,581.3282782015085,,9.26869707732249
11.1,ego_0,583.7953786410153,-8.0,24.671004395067406,87.09818571541871,llm_1,0.5423978133756467,0.5423978133756467,0.5423978133756467,0.5423978133756467,0.04057908033455959,0,highway_0,1,259.7953786410153,583.7953786410153,,9.264639169289033
11.2,ego_0,586.2628685462481,-8.0,24.674899052328072,88.0242601666215,llm_1,0.5421083758100326,0.5421083758100326,0.5421083758100326,0.5421083758100326,0.03894657260666179,0,highway_0,1,262.2628685462481,586.2628685462481,,9.260744512028367
11.3,ego_0,588.7307322448759,-8.0,24.678636986277972,88.94996082442935,llm_1,0.5418305387453514,0.5418305387453514,0.5418305387453514,0.5418305387453514,0.03737933949899741,0,highway_0,1,264.73073224487587,588.7307322448759,,9.257006578078467
11.4,ego_0,591.1989546918924,-8.0,24.68222447016554,89.87530273384846,llm_1,0.5415638502926609,0.5415638502926609,0.5415638502926609,0.5415638502926609,0.035874838875677995,0,highway_0,1,267.19895469189237,591.1989546918924,,9.2534190941909
11.5,ego_0,593.6675214451244,-8.0,24.685667532320522,90.80030033705202,llm_1,0.5413078750617459,0.5413078750617459,0.5413078750617459,0.5413078750617459,0.03443062154982357,0,highway_0,1,269.6675214451244,593.6675214451244,,9.249976032035917
11.6,ego_0,596.1364186416405,-8.01,24.688971965160345,91.72496749697154,llm_1,0.5410621936516775,0.5410621936516775,0.5410621936516775,0.5410621936516775,0.03304432839822624,0,highway_0,1,272.1364186416405,596.1364186416405,,9.246671599196095
11.7,ego_0,598.6056329750318,-8.03,24.69214333391241,92.64931752001587,llm_1,0.5408264021488479,0.5408264021488479,0.5408264021488479,0.5408264021488479,0.03171368752063586,0,highway_0,1,274.60563297503177,598.6056329750318,,9.243500230444031
11.8,ego_0,601.0751516735374,-8.06,24.695186985057056,93.5733631779458,llm_1,0.5406001116332396,0.5406001116332396,0.5406001116332396,0.5406001116332396,0.030436511446474412,0,highway_0,1,277.07515167353745,601.0751516735374,,9.240456579299384
11.9,ego_0,603.5449624789871,-8.1,24.698108054496398,94.4971167289317,llm_1,0.5403829476935617,0.5403829476935617,0.5403829476935617,0.5403829476935617,0.029210694393420056,0,highway_0,1,279.54496247898715,603.5449624789871,,9.237535509860042
12.0,ego_0,606.0150536265326,-8.15,24.700911475454426,95.42058993782189,llm_1,0.5401745499517964,0.5401745499517964,0.5401745499517964,0.5401745499517964,0.02803420958027658,0,highway_0,1,282.01505362653256,606.0150536265326,,9.234732088902014
12.1,ego_0,608.485413825144,-8.21,24.70360198611406,96.3437940956461,llm_1,0.5399745715975924,0.5399745715975924,0.5399745715975924,0.5399745715975924,0.026905106596331052,0,highway_0,1,284.48541382514395,608.485413825144,,9.23204157824238
12.2,ego_0,610.9560322388437,-8.28,24.706184136997035,97.26674003838195,llm_1,0.5397826789328747,0.5397826789328747,0.5397826789328747,0.5397826789328747,0.025821508829757533,0,highway_0,1,286.9560322388437,610.9560322388437,,9.229459427359405
12.3,ego_0,613.426898468653,-8.36,24.708662298092626,98.18943816500826,llm_1,0.5395985509269471,0.5395985509269471,0.5395985509269471,0.5395985509269471,0.024781610955919575,0,highway_0,1,289.426898468653,613.426898468653,,9.226981266263813
12.4,ego_0,615.8980025352272,-8.45,24.711040665741308,99.11189845486967,llm_1,0.5394218787823166,0.5394218787823166,0.5394218787823166,0.5394218787823166,0.023783676486814898,0,highway_0,1,291.8980025352272,615.8980025352272,,9.224602898615132
12.5,ego_0,618.3693348621551,-8.55,24.71332326927962,100.03413048437733,llm_1,0.5392523655113924,0.5392523655113924,0.5392523655113924,0.5392523655113924,0.022826035383118892,0,highway_0,1,294.36933486215514,618.3693348621551,,9.22232029507682
12.6,ego_0,620.846004711118,-8.65,24.76669848962855,100.95102499185009,llm_1,0.5390897255241645,0.5390897255241645,0.5390897255241645,0.5390897255241645,0.5337522034892928,0,highway_0,1,296.846004711118,620.846004711118,,9.16894507472789
12.7,ego_0,623.322980768692,-8.75,24.76976057573958,101.86761329071169,llm_1,0.5351056495521305,0.5351056495521305,0.5351056495521305,0.5351056495521305,0.030620861110293163,0,highway_0,1,299.322980768692,623.322980768692,,9.165882988616861
12.8,ego_0,625.799956826266,-8.85,24.76976057573958,102.78420158957329,llm_1,0.5348829195557526,0.5348829195557526,0.5348829195557526,0.5348829195557526,0.0,0,highway_0,1,301.799956826266,625.799956826266,,9.165882988616861
12.9,ego_0,628.27693288384,-8.95,24.76976057573958,103.70078988843488,llm_1,0.5348897637906312,0.5348897637906312,0.5348897637906312,0.5348897637906312,0.0,0,highway_0,1,304.27693288384,628.27693288384,,9.165882988616861
13.0,ego_0,630.753908941414,-9.05,24.76976057573958,104.61737818729648,llm_1,0.53489642734473,0.53489642734473,0.53489642734473,0.53489642734473,0.0,0,highway_0,1,306.753908941414,630.753908941414,,9.165882988616861
13.1,ego_0,633.230884998988,-9.15,24.76976057573958,105.53396648615808,llm_1,0.5349029165222503,0.5349029165222503,0.5349029165222503,0.5349029165222503,0.0,0,highway_0,1,309.230884998988,633.230884998988,,9.165882988616861
13.2,ego_0,635.707861056562,-9.25,24.76976057573958,106.45055478501968,llm_1,0.5349092373548198,0.5349092373548198,0.5349092373548198,0.5349092373548198,0.0,0,highway_0,1,311.707861056562,635.707861056562,,9.165882988616861
13.3,ego_0,638.184837114136,-9.35,24.76976057573958,107.36714308388127,llm_1,0.5349153956155134,0.5349153956155134,0.5349153956155134,0.5349153956155134,0.0,0,highway_0,1,314.18483711413603,638.184837114136,,9.165882988616861
13.4,ego_0,640.66181317171,-9.450000000000001,24.76976057573958,108.28373138274287,llm_1,0.5349213968320405,0.5349213968320405,0.5349213968320405,0.5349213968320405,0.0,0,highway_0,1,316.66181317171004,640.66181317171,,9.165882988616861
13.5,ego_0,643.138789229284,-9.55,24.76976057573958,109.20031968160447,llm_1,0.5349272462991529,0.5349272462991529,0.5349272462991529,0.5349272462991529,0.0,0,highway_0,1,319.13878922928404,643.138789229284,,9.165882988616861
13.6,ego_0,645.615765286858,-9.650000000000002,24.76976057573958,1000.0,,0.5349329490903278,0.5349329490903278,0.5349329490903278,0.5349329490903278,0.0,0,highway_0,0,321.61576528685805,645.615765286858,,-1025.7697605757396
13.7,ego_0,648.092741344432,-9.750000000000002,24.76976057573958,1000.0,,0.5352683870222239,0.5352683870222239,0.5352683870222239,0.5352683870222239,0.0,0,highway_0,0,324.09274134443206,648.092741344432,,-1025.7697605757396
13.8,ego_0,650.5697174020061,-9.850000000000001,24.76976057573958,1000.0,,0.5352683870222239,0.5352683870222239,0.5352683870222239,0.5352683870222239,0.0,0,highway_0,0,326.56971740200606,650.5697174020061,,-1025.7697605757396
13.9,ego_0,653.0466934595801,-9.950000000000001,24.76976057573958,1000.0,,0.5352683870222239,0.5352683870222239,0.5352683870222239,0.5352683870222239,0.0,0,highway_0,0,329.04669345958007,653.0466934595801,,-1025.7697605757396
14.0,ego_0,655.5236695171541,-10.050000000000002,24.76976057573958,1000.0,,0.5352683870222239,0.5352683870222239,0.5352683870222239,0.5352683870222239,0.0,0,highway_0,0,331.5236695171541,655.5236695171541,,-1025.7697605757396
14.1,ego_0,658.0006455747281,-10.150000000000002,24.76976057573958,1000.0,,0.5352683870222239,0.5352683870222239,0.5352683870222239,0.5352683870222239,0.0,0,highway_0,0,334.0006455747281,658.0006455747281,,-1025.7697605757396
14.2,ego_0,660.4776216323021,-10.250000000000002,24.76976057573958,1000.0,,0.5352683870222239,0.5352683870222239,0.5352683870222239,0.5352683870222239,0.0,0,highway_0,0,336.4776216323021,660.4776216323021,,-1025.7697605757396
14.3,ego_0,662.9545976898761,-10.350000000000001,24.76976057573958,1000.0,,0.5352683870222239,0.5352683870222239,0.5352683870222239,0.5352683870222239,0.0,0,highway_0,0,338.9545976898761,662.9545976898761,,-1025.7697605757396
14.4,ego_0,665.4315737474501,-10.450000000000001,24.76976057573958,1000.0,,0.5352683870222239,0.5352683870222239,0.5352683870222239,0.5352683870222239,0.0,0,highway_0,0,341.4315737474501,665.4315737474501,,-1025.7697605757396
14.5,ego_0,667.9085498050241,-10.550000000000002,24.76976057573958,1000.0,,0.5352683870222239,0.5352683870222239,0.5352683870222239,0.5352683870222239,0.0,0,highway_0,0,343.9085498050241,667.9085498050241,,-1025.7697605757396
14.6,ego_0,670.3855258625981,-10.650000000000002,24.76976057573958,1000.0,,0.5352683870222239,0.5352683870222239,0.5352683870222239,0.5352683870222239,0.0,0,highway_0,0,346.3855258625981,670.3855258625981,,-1025.7697605757396
14.7,ego_0,672.8625019201721,-10.750000000000002,24.76976057573958,1000.0,,0.5352683870222239,0.5352683870222239,0.5352683870222239,0.5352683870222239,0.0,0,highway_0,0,348.8625019201721,672.8625019201721,,-1025.7697605757396
14.8,ego_0,675.3394779777461,-10.840000000000002,24.76976057573958,1000.0,,0.5352683870222239,0.5352683870222239,0.5352683870222239,0.5352683870222239,0.0,0,highway_0,0,351.3394779777461,675.3394779777461,,-1025.7697605757396
14.9,ego_0,677.8164540353201,-10.920000000000002,24.76976057573958,1000.0,,0.5352683870222239,0.5352683870222239,0.5352683870222239,0.5352683870222239,0.0,0,highway_0,0,353.81645403532013,677.8164540353201,,-1025.7697605757396
15.0,ego_0,680.2934300928941,-10.990000000000002,24.76976057573958,1000.0,,0.5352683870222239,0.5352683870222239,0.5352683870222239,0.5352683870222239,0.0,0,highway_0,0,356.29343009289414,680.2934300928941,,-1025.7697605757396
15.1,ego_0,682.7704061504681,-11.050000000000002,24.76976057573958,1000.0,,0.5352683870222239,0.5352683870222239,0.5352683870222239,0.5352683870222239,0.0,0,highway_0,0,358.77040615046815,682.7704061504681,,-1025.7697605757396
15.2,ego_0,685.2473822080422,-11.100000000000001,24.76976057573958,1000.0,,0.5352683870222239,0.5352683870222239,0.5352683870222239,0.5352683870222239,0.0,0,highway_0,0,361.24738220804215,685.2473822080422,,-1025.7697605757396
15.3,ego_0,687.7243582656162,-11.140000000000002,24.76976057573958,1000.0,,0.5352683870222239,0.5352683870222239,0.5352683870222239,0.5352683870222239,0.0,0,highway_0,0,363.72435826561616,687.7243582656162,,-1025.7697605757396
15.4,ego_0,690.2013343231902,-11.170000000000002,24.76976057573958,1000.0,,0.5352683870222239,0.5352683870222239,0.5352683870222239,0.5352683870222239,0.0,0,highway_0,0,366.20133432319017,690.2013343231902,,-1025.7697605757396
15.5,ego_0,692.6783103807642,-11.190000000000001,24.76976057573958,1000.0,,0.5352683870222239,0.5352683870222239,0.5352683870222239,0.5352683870222239,0.0,0,highway_0,0,368.6783103807642,692.6783103807642,,-1025.7697605757396
15.6,ego_0,695.1552864383382,-11.200000000000003,24.76976057573958,1000.0,,0.5352683870222239,0.5352683870222239,0.5352683870222239,0.5352683870222239,0.0,0,highway_0,0,371.1552864383382,695.1552864383382,,-1025.7697605757396
15.7,ego_0,697.6322624959122,-11.200000000000003,24.76976057573958,1000.0,,0.5352683870222239,0.5352683870222239,0.5352683870222239,0.5352683870222239,0.0,0,highway_0,0,373.6322624959122,697.6322624959122,,-1025.7697605757396
15.8,ego_0,700.1092385534862,-11.200000000000003,24.76976057573958,1000.0,,0.5352683870222239,0.5352683870222239,0.5352683870222239,0.5352683870222239,0.0,0,highway_0,0,376.1092385534862,700.1092385534862,,-1025.7697605757396
15.9,ego_0,702.5862146110602,-11.200000000000003,24.76976057573958,1000.0,,0.5352683870222239,0.5352683870222239,0.5352683870222239,0.5352683870222239,0.0,0,highway_0,0,378.5862146110602,702.5862146110602,,-1025.7697605757396
16.0,ego_0,705.0631906686342,-11.200000000000003,24.76976057573958,1000.0,,0.5352683870222239,0.5352683870222239,0.5352683870222239,0.5352683870222239,0.0,0,highway_0,0,381.0631906686342,705.0631906686342,,-1025.7697605757396
16.1,ego_0,707.5401667262082,-11.200000000000003,24.76976057573958,1000.0,,0.5352683870222239,0.5352683870222239,0.5352683870222239,0.5352683870222239,0.0,0,highway_0,0,383.5401667262082,707.5401667262082,,-1025.7697605757396
16.2,ego_0,710.0171427837822,-11.200000000000003,24.76976057573958,1000.0,,0.5352683870222239,0.5352683870222239,0.5352683870222239,0.5352683870222239,0.0,0,highway_0,0,386.0171427837822,710.0171427837822,,-1025.7697605757396
16.3,ego_0,712.4941188413562,-11.200000000000003,24.76976057573958,143.09845541606694,llm_1,0.5352683870222239,0.5352683870222239,0.5352683870222239,0.5352683870222239,0.0,0,highway_0,0,388.4941188413562,712.4941188413562,,15.047071107428796
16.4,ego_0,714.9710948989302,-11.200000000000003,24.76976057573958,144.6249447050277,llm_1,0.5350730475098832,0.5350730475098832,0.5350730475098832,0.5350730475098832,0.0,0,highway_0,0,390.97109489893023,714.9710948989302,,15.264892889607015
16.5,ego_0,717.4480709565042,-11.200000000000003,24.76976057573958,146.17321617220625,llm_1,0.535077149292427,0.535077149292427,0.535077149292427,0.535077149292427,0.0,0,highway_0,0,393.44807095650424,717.4480709565042,,15.482714671785235
16.6,ego_0,719.9250391417763,-11.200000000000003,24.769681852721096,147.7432776899044,llm_1,0.5350811790297723,0.5350811790297723,0.5350811790297723,0.5350811790297723,-0.0007872301848266261,0,highway_0,0,395.9250391417763,719.9250391417763,,15.700615176981938
16.7,ego_0,722.4019999545541,-11.200000000000003,24.769608127777765,149.3351287583149,llm_1,0.5350910447849575,0.5350910447849575,0.5350910447849575,0.5350910447849575,-0.0007372494333068857,0,highway_0,0,398.40199995455407,722.4019999545541,,15.918510684103488
16.8,ego_0,724.8789538704926,-11.200000000000003,24.76953915938517,150.94876890178205,llm_1,0.5351004635553944,0.5351004635553944,0.5351004635553944,0.5351004635553944,-0.0006896839259340481,0,highway_0,0,400.87895387049264,724.8789538704926,,16.1364014346743
16.9,ego_0,727.3559013421228,-11.200000000000003,24.76947471630208,152.5841976677758,llm_1,0.5351094537000595,0.5351094537000595,0.5351094537000595,0.5351094537000595,-0.0006444308309028202,0,highway_0,0,403.3559013421228,727.3559013421228,,16.35428765993561
17.0,ego_0,729.83284279984,-11.200000000000003,24.76941457717171,154.24141462590023,llm_1,0.5351180328849875,0.5351180328849875,0.5351180328849875,0.5351180328849875,-0.0006013913037250518,0,highway_0,0,405.83284279984,729.83284279984,,16.572169581244204
17.1,ego_0,732.3097786528538,-11.200000000000003,24.76935853013735,155.9204193669458,llm_1,0.535126218107721,0.535126218107721,0.535126218107721,0.535126218107721,-0.0005604703435935221,0,highway_0,0,408.30977865285377,732.3097786528538,,16.790047410456783
17.2,ego_0,734.7867092901009,-11.200000000000003,24.769306372471796,157.62121150197584,llm_1,0.5351340257208702,0.5351340257208702,0.5351340257208702,0.5351340257208702,-0.0005215766555366486,0,highway_0,0,410.78670929010093,734.7867092901009,,17.007921350300556
17.3,ego_0,737.263635081123,-11.200000000000003,24.769257910220094,159.31395274993247,llm_1,0.5351414714548313,0.5351414714548313,0.5351414714548313,0.5351414714548313,-0.0004846225170140883,0,highway_0,0,413.26363508112297,737.263635081123,,16.92741247956638
17.4,ego_0,739.7405563743945,-11.200000000000003,24.769212932714666,160.99878086314163,llm_1,0.5351485114229916,0.5351485114229916,0.5351485114229916,0.5351485114229916,-0.0004497750542853396,0,highway_0,0,415.7405563743945,739.7405563743945,,16.848281132091905
17.5,ego_0,742.2174734984917,-11.200000000000003,24.769171240972522,162.67583046862046,llm_1,0.5351551679224693,0.5351551679224693,0.5351551679224693,0.5351551679224693,-0.0004169174214396776,0,highway_0,0,418.2174734984917,742.2174734984917,,16.770496054788172
17.6,ego_0,744.6943867631938,-11.200000000000003,24.769132647021245,164.3452331633266,llm_1,0.5351614619594484,0.5351614619594484,0.5351614619594484,0.5351614619594484,-0.0003859395127747689,0,highway_0,0,420.69438676319385,744.6943867631938,,16.694026947062284
17.7,ego_0,747.1712964605206,-11.200000000000003,24.769096973267473,166.0071176056731,llm_1,0.5351674133314596,0.5351674133314596,0.5351674133314596,0.5351674133314596,-0.0003567375377144799,0,highway_0,0,423.1712964605206,747.1712964605206,,16.618844423464807
17.8,ego_0,749.648202865711,-11.200000000000003,24.769064051904834,167.661609603486,llm_1,0.5351730407036596,0.5351730407036596,0.5351730407036596,0.5351730407036596,-0.0003292136263866041,0,highway_0,0,425.648202865711,749.648202865711,,16.544919978128966
17.9,ego_0,752.1251062381468,-11.200000000000003,24.76903372435852,169.30883219857606,llm_1,0.5351783616796143,0.5351783616796143,0.5351783616796143,0.5351783616796143,-0.0003032754631604462,0,highway_0,0,428.1251062381468,752.1251062381468,,16.472225950900278
18.0,ego_0,754.6020068222232,-11.200000000000003,24.769005840763924,170.94890574808232,llm_1,0.5351833928670535,0.5351833928670535,0.5351833928670535,0.5351833928670535,-0.0002788359459415801,0,highway_0,0,430.6020068222232,754.6020068222232,,16.40073549506203
18.1,ego_0,757.0789048481709,-11.200000000000003,24.768980259477036,172.58194800273918,llm_1,0.5351881499390103,0.5351881499390103,0.5351881499390103,0.5351881499390103,-0.0002558128688789907,0,highway_0,0,433.07890484817085,757.0789048481709,,16.330422546567984
18.2,ego_0,759.5558005328323,-11.200000000000003,24.768956846614326,174.2080741822091,llm_1,0.5351926476907231,0.5351926476907231,0.5351926476907231,0.5351926476907231,-0.00023412862709903948,0,highway_0,0,435.55580053283234,759.5558005328323,,16.261261794699397
18.3,ego_0,761.9419929095897,-11.200000000000003,23.86192376757305,175.9180982184206,llm_1,0.5351969000926408,0.5351969000926408,0.5351969000926408,0.5351969000926408,-9.070330790412768,0,highway_0,0,437.94199290958966,761.9419929095897,,17.100240362115773
18.4,ego_0,764.2730953569409,-11.200000000000003,23.31102447351162,177.67651729754505,llm_1,0.5996157189815304,0.5996157189815304,0.5996157189815304,0.5996157189815304,-5.508992940614306,0,highway_0,0,440.27309535694087,764.2730953569409,,17.584190791244954
18.5,ego_0,766.5653589865562,-11.200000000000003,22.922636296153843,179.46718853990296,llm_1,0.6353205064812072,0.6353205064812072,0.6353205064812072,0.6353205064812072,-3.8838817735777553,0,highway_0,0,442.56535898655625,766.5653589865562,,17.906712423578778
18.6,ego_0,768.8278128189853,-11.200000000000003,22.624538324290384,181.28118888974643,llm_1,0.659018009638763,0.659018009638763,0.659018009638763,0.659018009638763,-2.980979718634593,0,highway_0,0,444.8278128189853,768.8278128189853,,18.14000349843524
18.7,ego_0,771.06603500131,-11.200000000000003,22.38222182324628,183.11304396073206,llm_1,0.6764083746986463,0.6764083746986463,0.6764083746986463,0.6764083746986463,-2.4231650104410463,0,highway_0,0,447.06603500130996,771.06603500131,,18.31855070985664
18.8,ego_0,773.28371938828,-11.200000000000003,22.176843869701187,184.959161515652,llm_1,0.6900476400891,0.6900476400891,0.6900476400891,0.6900476400891,-2.0537795354509214,0,highway_0,0,449.28371938828,773.28371938828,,18.461175549199183
18.9,ego_0,775.4834395758689,-11.200000000000003,21.997201875889193,186.81706749158525,llm_1,0.7012664812358453,0.7012664812358453,0.7012664812358453,0.7012664812358453,-1.7964199381199464,0,highway_0,0,451.48343957586894,775.4834395758689,,18.579059759332797
19.0,ego_0,777.6670626062303,-11.200000000000003,21.836230303612986,188.68499235158174,llm_1,0.7108275554709018,0.7108275554709018,0.7108275554709018,0.7108275554709018,-1.6097157227620684,0,highway_0,0,453.6670626062303,777.6670626062303,,18.679248599965128
19.1,ego_0,779.8359901513074,-11.200000000000003,21.68927545077161,190.56162995571594,llm_1,0.7191984838176115,0.7191984838176115,0.7191984838176115,0.7191984838176115,-1.4695485284137533,0,highway_0,0,455.83599015130744,779.8359901513074,,18.766376041342554
19.2,ego_0,781.991307007175,-11.200000000000003,21.553168558676226,192.44598911951687,llm_1,0.7266807503849011,0.7266807503849011,0.7266807503849011,0.7266807503849011,-1.3610689209538407,0,highway_0,0,457.991307007175,781.991307007175,,18.84359163800835
19.3,ego_0,784.1338763955814,-11.200000000000003,21.425693884064046,194.3372983633834,llm_1,0.7334764989451954,0.7334764989451954,0.7334764989451954,0.7334764989451954,-1.2747467461218065,0,highway_0,0,460.1338763955814,784.1338763955814,,18.913092438665267
19.4,ego_0,786.2644031322046,-11.200000000000003,21.305267366231888,196.23494279355145,llm_1,0.7397256766904577,0.7397256766904577,0.7397256766904577,0.7397256766904577,-1.2042651783215774,0,highway_0,0,462.2644031322046,786.2644031322046,,18.976444301681013
19.5,ego_0,788.3834765799229,-11.200000000000003,21.190734477182502,198.13842119638196,llm_1,0.7455278561929004,0.7455278561929004,0.7455278561929004,0.7455278561929004,-1.1453288904938574,0,highway_0,0,464.3834765799229,788.3834765799229,,19.03478402830548
19.6,ego_0,790.4916004656573,-11.200000000000003,21.081238857343163,200.04731626748242,llm_1,0.750955627302172,0.750955627302172,0.750955627302172,0.750955627302172,-1.0949561983933975,0,highway_0,0,466.49160046565726,790.4916004656573,,19.08895071100463
19.7,ego_0,792.5892139341966,-11.200000000000003,20.976134685393227,201.9612736023165,llm_1,0.7560631087121404,0.7560631087121404,0.7560631087121404,0.7560631087121404,-1.0510417194993593,0,highway_0,0,468.58921393419655,792.5892139341966,,19.139573348340676
19.8,ego_0,794.6767066302125,-11.200000000000003,20.874926960159687,203.87998665715736,llm_1,0.7608915140534148,0.7608915140534148,0.7608915140534148,0.7608915140534148,-1.012077252335395,0,highway_0,0,470.6767066302125,794.6767066302125,,19.187130548407705
19.9,ego_0,796.7544296382549,-11.200000000000003,20.7772300804246,205.8031858506523,llm_1,0.765472878218926,0.765472878218926,0.765472878218926,0.765472878218926,-0.9769687973508567,0,highway_0,0,472.7544296382549,796.7544296382549,,19.231991934948923
20.0,ego_0,798.8227035072229,-11.200000000000003,20.68273868967988,207.73063057956153,llm_1,0.7698326014313736,0.7698326014313736,0.7698326014313736,0.7698326014313736,-0.9449139074472157,0,highway_0,0,474.82270350722285,798.8227035072229,,19.274447289091633
20.1,ego_0,800.8818241968221,-11.200000000000003,20.591206895991892,209.6621033112126,llm_1,0.7739912153731997,0.7739912153731997,0.7739912153731997,0.7739912153731997,-0.9153179368798803,0,highway_0,0,476.8818241968221,800.8818241968221,,19.314727316510744
20.2,ego_0,802.9320675269073,-11.200000000000003,20.502433300852523,211.59740517182456,llm_1,0.7779656271490568,0.7779656271490568,0.7779656271490568,0.7779656271490568,-0.8877359513936867,0,highway_0,0,478.9320675269073,802.9320675269073,,19.35301860611883
20.3,ego_0,804.9736925380085,-11.200000000000003,20.41625011101279,213.53635262245086,llm_1,0.7817700068026932,0.7817700068026932,0.7817700068026932,0.7817700068026932,-0.8618318983973339,0,highway_0,0,480.97369253800855,804.9736925380085,,19.38947450626269
20.4,ego_0,807.006944053316,-11.200000000000003,20.332515153075242,215.47877493231374,llm_1,0.7854164279716225,0.7854164279716225,0.7854164279716225,0.7854164279716225,-0.837349579375477,0,highway_0,0,483.00694405331603,807.006944053316,,19.424223098627543
20.5,ego_0,809.0320546505516,-11.200000000000003,20.251105972354885,217.42451224114552,llm_1,0.7889153354100622,0.7889153354100622,0.7889153354100622,0.7889153354100622,-0.8140918072035674,0,highway_0,0,485.0320546505516,809.0320546505516,,19.45737308831756
20.6,ego_0,811.0492461946947,-11.200000000000003,20.171915441430347,219.37341405961251,llm_1,0.7922758897332577,0.7922758897332577,0.7922758897332577,0.7922758897332577,-0.7919053092453865,0,highway_0,0,487.04924619469466,811.0492461946947,,19.489018184670815
20.7,ego_0,813.0587310417682,-11.200000000000003,20.094848470734654,221.3253380976564,llm_1,0.7955062242186186,0.7955062242186186,0.7955062242186186,0.7955062242186186,-0.7706697069569302,0,highway_0,0,489.05873104176817,813.0587310417682,,19.519240380439953
20.8,ego_0,815.060712994694,-11.200000000000003,20.019819529257774,223.28014933978113,llm_1,0.7986136380380872,0.7986136380380872,0.7986136380380872,0.7986136380380872,-0.7502894147688011,0,highway_0,0,491.060712994694,815.060712994694,,19.548112421248184
20.9,ego_0,817.0553880711507,-11.200000000000003,19.94675076456653,225.23771930739076,llm_1,0.8016047431486022,0.8016047431486022,0.8016047431486022,0.8016047431486022,-0.730687646912429,0,highway_0,0,493.0553880711507,817.0553880711507,,19.575699676097706
21.0,ego_0,819.0429451280304,-11.200000000000003,19.875570568797418,227.19792546361668,llm_1,0.804485577126027,0.804485577126027,0.804485577126027,0.804485577126027,-0.7118019576911294,0,highway_0,0,495.0429451280304,819.0429451280304,,19.602061562258616
21.1,ego_0,821.0235663758622,-11.200000000000003,19.806212478317722,229.1606507272993,llm_1,0.8072616907758414,0.8072616907758414,0.8072616907758414,0.8072616907758414,-0.6935809047969599,0,highway_0,0,497.0235663758622,821.0235663758622,,19.62725263682726
21.2,ego_0,822.9974278082922,-11.200000000000003,19.7386143243001,231.12578307106867,llm_1,0.8099382169198447,0.8099382169198447,0.8099382169198447,0.8099382169198447,-0.6759815401762026,0,highway_0,0,498.9974278082922,822.9974278082922,,19.651323437694217
21.3,ego_0,824.9646995655806,-11.200000000000003,19.67271757288503,233.09321518459194,llm_1,0.8125199250274562,0.8125199250274562,0.8125199250274562,0.8125199250274562,-0.6589675141507101,0,highway_0,0,500.96469956558064,824.9646995655806,,19.674321135233317
21.4,ego_0,826.9255462465054,-11.200000000000003,19.60846680924712,235.06284418863004,llm_1,0.8150112651202894,0.8150112651202894,0.8150112651202894,0.8150112651202894,-0.6425076363791149,0,highway_0,0,502.9255462465054,826.9255462465054,,19.69629004038248
21.5,ego_0,828.8801271796422,-11.200000000000003,19.54580933136728,237.0345713889601,llm_1,0.8174164034841265,0.8174164034841265,0.8174164034841265,0.8174164034841265,-0.6265747787983855,0,highway_0,0,504.88012717964216,828.8801271796422,,19.717272003301588
21.6,ego_0,830.8285966624215,-11.210000000000003,19.4846948277935,239.00830206179137,llm_1,0.8197392520728404,0.8197392520728404,0.8197392520728404,0.8197392520728404,-0.611145035737799,0,highway_0,0,506.82859666242155,830.8285966624215,,19.73730672831272
21.7,ego_0,832.7711041744183,-11.230000000000002,19.425075119967456,240.98394526424477,llm_1,0.8219834930142628,0.8219834930142628,0.8219834930142628,0.8219834930142628,-0.5961970782604453,0,highway_0,0,508.77110417441827,832.7711041744183,,19.756432024533968
21.8,ego_0,834.7077945698571,-11.260000000000002,19.366903954388473,242.96141366493714,llm_1,0.824152599279304,0.824152599279304,0.824152599279304,0.824152599279304,-0.5817116557898316,0,highway_0,0,510.7077945698571,834.7077945698571,,19.77468400692442
21.9,ego_0,836.6388082531975,-11.300000000000002,19.310136833402876,244.94062339083132,llm_1,0.8262498523180201,0.8262498523180201,0.8262498523180201,0.8262498523180201,-0.5676712098559733,0,highway_0,0,512.6388082531975,836.6388082531975,,19.792097258941975
22.0,ego_0,838.5642813408027,-11.350000000000001,19.254730876052612,246.92149388736823,llm_1,0.8282783572749981,0.8282783572749981,0.8282783572749981,0.8282783572749981,-0.5540595735026344,0,highway_0,0,514.5642813408027,838.5642813408027,,19.808704965370126
22.1,ego_0,840.4843458110442,-11.410000000000002,19.200644702415556,248.90394778955556,llm_1,0.8302410562535965,0.8302410562535965,0.8302410562535965,0.8302410562535965,-0.5408617363705659,0,highway_0,0,516.4843458110442,840.4843458110442,,19.824539021871967
22.2,ego_0,842.3991296446828,-11.480000000000002,19.147838336385345,250.88791080218687,llm_1,0.8321407399914164,0.8321407399914164,0.8321407399914164,0.8321407399914164,-0.5280636603021094,0,highway_0,0,518.3991296446828,842.3991296446828,,19.8396301263146
22.3,ego_0,844.308756956982,-11.560000000000002,19.09627312299194,252.87331158776215,llm_1,0.8339800582285773,0.8339800582285773,0.8339800582285773,0.8339800582285773,-0.5156521339340614,0,highway_0,0,520.308756956982,844.308756956982,,19.854007855754197
22.4,ego_0,846.2133481227065,-11.630000000000003,19.045911657244787,254.86008166097122,llm_1,0.8357615289891388,0.8357615289891388,0.8357615289891388,0.8357615289891388,-0.5036146574715161,0,highway_0,0,522.2133481227065,846.2133481227065,,19.867700732091727
22.5,ego_0,848.113019894922,-11.690000000000001,18.996717722155257,256.84815528884474,llm_1,0.8374875469493738,0.8374875469493738,0.8374875469493738,0.8374875469493738,-0.4919393508953007,0,highway_0,0,524.113019894922,848.113019894922,,19.88073627873489
22.6,ego_0,850.0078855183334,-11.750000000000002,18.94865623411365,258.83746939585296,llm_1,0.8391603910309126,0.8391603910309126,0.8391603910309126,0.8391603910309126,-0.48061488041607703,0,highway_0,0,526.0078855183334,850.0078855183334,,19.89314107008358
22.7,ego_0,851.9110757182926,-11.750000000000002,19.0319019995918,260.814942592839,llm_1,0.8407822313292989,0.8407822313292989,0.8407822313292989,0.8407822313292989,0.8324576547814999,0,highway_0,0,527.9110757182926,851.9110757182926,,19.77473196986079
22.8,ego_0,853.8225626289218,-11.750000000000002,19.114869106291096,262.7806512663551,llm_1,0.8379677776628939,0.8379677776628939,0.8379677776628939,0.8379677776628939,0.8296710669929652,0,highway_0,0,529.8225626289218,853.8225626289218,,19.657086735162395
22.9,ego_0,855.7423181110657,-11.750000000000002,19.197554821439525,264.73467127770664,llm_1,0.83512572299912,0.83512572299912,0.83512572299912,0.83512572299912,0.8268571514842904,0,highway_0,0,531.7423181110657,855.7423181110657,,19.54020011351578
23.0,ego_0,857.6703137537528,-11.750000000000002,19.279956426870772,266.6770779780376,llm_1,0.8322562148555984,0.8322562148555984,0.8322562148555984,0.8322562148555984,0.824016054312473,0,highway_0,0,533.6703137537528,857.6703137537528,,19.424067003308163
23.1,ego_0,859.6065208757366,-11.750000000000002,19.36207121983768,268.6079462229002,llm_1,0.8293594089657755,0.8293594089657755,0.8293594089657755,0.8293594089657755,0.8211479296690882,0,highway_0,0,535.6065208757366,859.6065208757366,,19.308682448626335
23.2,ego_0,861.5509105271191,-11.750000000000002,19.44389651382525,270.527350386324,llm_1,0.8264354692744651,0.8264354692744651,0.8264354692744651,0.8264354692744651,0.8182529398757055,0,highway_0,0,537.5509105271191,861.5509105271191,,19.19404163423723
23.3,ego_0,863.5034534910553,-11.750000000000002,19.525429639362706,272.43536437439434,llm_1,0.8234845679282798,0.8234845679282798,0.8234845679282798,0.8234845679282798,0.8153312553745451,0,highway_0,0,539.5034534910553,863.5034534910553,,19.080139880704223
23.4,ego_0,865.4641202855387,-11.750000000000002,19.606667944834083,274.3320616383578,llm_1,0.8205068852609313,0.8205068852609313,0.8205068852609313,0.8205068852609313,0.81238305471377,0,highway_0,0,541.4641202855387,865.4641202855387,,18.966972639634715
23.5,ego_0,867.4328811652674,-11.750000000000002,19.68760879728689,276.2175151872632,llm_1,0.8175026097733779,0.8175026097733779,0.8175026097733779,0.8175026097733779,0.809408524528088,0,highway_0,0,543.4328811652674,867.4328811652674,,18.854535489054555
23.6,ego_0,869.4097061235913,-11.750000000000002,19.76824958323826,278.09179760015365,llm_1,0.8144719381088085,0.8144719381088085,0.8144719381088085,0.8144719381088085,0.8064078595136692,0,highway_0,0,545.4097061235913,869.4097061235913,,18.742824128905127
23.7,ego_0,871.394564894539,-11.750000000000002,19.848587709478107,279.9549810378197,llm_1,0.8114150750224547,0.8114150750224547,0.8114150750224547,0.8114150750224547,0.8033812623984815,0,highway_0,0,547.394564894539,871.394564894539,,18.631834376659118
23.8,ego_0,873.3874269549259,-11.750000000000002,19.928620603868822,281.80713725412477,llm_1,0.8083322333462205,0.8083322333462205,0.8083322333462205,0.8083322333462205,0.8003289439071537,0,highway_0,0,549.3874269549259,873.3874269549259,,18.521562163051236
23.9,ego_0,875.38826152654,-11.750000000000002,20.008345716140916,283.6483376069168,llm_1,0.8052236339481336,0.8052236339481336,0.8052236339481336,0.8052236339481336,0.7972511227209367,0,highway_0,0,551.38826152654,875.38826152654,,18.412003527920234
24.0,ego_0,877.3970375784083,-11.750000000000002,20.087760518684146,285.4786530685328,llm_1,0.8020895056866193,0.8020895056866193,0.8020895056866193,0.8020895056866193,0.7941480254322997,0,highway_0,0,553.3970375784083,877.3970375784083,,18.303154616158853
24.1,ego_0,879.4137238291418,-11.750000000000002,20.16686250733361,287.2981542359097,llm_1,0.7989300853596049,0.7989300853596049,0.7989300853596049,0.7989300853596049,0.7910198864946594,0,highway_0,0,555.4137238291418,879.4137238291418,,18.195011673768448
24.2,ego_0,881.4382887493568,-11.750000000000002,20.245649202150293,289.10691134031117,llm_1,0.7957456176484676,0.7957456176484676,0.7957456176484676,0.7957456176484676,0.7878669481668155,0,highway_0,0,557.4382887493568,881.4382887493568,,18.087571044015103
24.3,ego_0,883.4707005641764,-11.750000000000002,20.324118148195524,290.90499425667974,llm_1,0.7925363550568463,0.7925363550568463,0.7925363550568463,0.7925363550568463,0.7846894604523058,0,highway_0,0,559.4707005641764,883.4707005641764,,17.980829163684433
24.4,ego_0,885.5109272558062,-11.750000000000002,20.402266916298924,292.6924725126229,llm_1,0.789302557844334,0.789302557844334,0.789302557844334,0.789302557844334,0.781487681034001,0,highway_0,0,561.5109272558062,885.5109272558062,,17.87478255943211
24.5,ego_0,887.5589365661881,-11.750000000000002,20.48009310381923,294.46941529704577,llm_1,0.786044493955085,0.786044493955085,0.786044493955085,0.786044493955085,0.7782618752030501,0,highway_0,0,563.5589365661881,887.5589365661881,,17.769427844227614
24.6,ego_0,889.6146959997278,-11.750000000000002,20.55759433539758,296.2358914684347,llm_1,0.7827624389413662,0.7827624389413662,0.7827624389413662,0.7827624389413662,0.7750123157835276,0,highway_0,0,565.6146959997278,889.6146959997278,,17.664761713888474
24.7,ego_0,891.678172826098,-11.750000000000002,20.63476826370274,297.991969562805,llm_1,0.7794566758820902,0.7794566758820902,0.7794566758820902,0.7794566758820902,0.7717392830515735,0,highway_0,0,567.678172826098,891.678172826098,,17.560780943702717
24.8,ego_0,893.7493340831148,-11.750000000000002,20.711612570167727,299.7377178013188,llm_1,0.7761274952963755,0.7761274952963755,0.7761274952963755,0.7761274952963755,0.7684430646498797,0,highway_0,0,569.7493340831148,893.7493340831148,,17.45748238513716
24.9,ego_0,895.8281465796866,-11.750000000000002,20.788124965717447,301.47320409758174,llm_1,0.7727751950521795,0.7727751950521795,0.7727751950521795,0.7727751950521795,0.7651239554972022,0,highway_0,0,571.8281465796866,895.8281465796866,,17.35486296262931
25.0,ego_0,897.9145768988353,-11.750000000000002,20.86430319148676,303.19849606462776,llm_1,0.769400080270061,0.769400080270061,0.769400080270061,0.769400080270061,0.7617822576931133,0,highway_0,0,573.9145768988353,897.9145768988353,,17.252919670460873
25.1,ego_0,900.0085914007882,-11.750000000000002,20.94014501952855,304.9136610215987,llm_1,0.7660024632221266,0.7660024632221266,0.7660024632221266,0.7660024632221266,0.7584182804179207,0,highway_0,0,576.0085914007882,900.0085914007882,,17.15164956971074
25.2,ego_0,902.1101562261392,-11.750000000000002,21.015648253511344,306.61876600012727,llm_1,0.7625826632262298,0.7625826632262298,0.7625826632262298,0.7625826632262298,0.7550323398279346,0,highway_0,0,578.1101562261393,902.1101562261393,,17.05104978528562
25.3,ego_0,904.2192372990801,-11.750000000000002,21.09081072940595,308.3138777504299,llm_1,0.7591410065354872,0.7591410065354872,0.7591410065354872,0.7591410065354872,0.7516247589460434,0,highway_0,0,580.21923729908,904.21923729908,,16.9511175030265
25.4,ego_0,906.3358003306961,-11.750000000000002,21.16563031616072,309.9990627471187,llm_1,0.7556778262231902,0.7556778262231902,0.7556778262231902,0.7556778262231902,0.7481958675477074,0,highway_0,0,582.3358003306961,906.3358003306961,,16.851849966889137
25.5,ego_0,908.4598108223325,-11.750000000000002,21.240104916364995,311.6743871947384,llm_1,0.7521934620631879,0.7521934620631879,0.7521934620631879,0.7521934620631879,0.7447460020427599,0,highway_0,0,584.4598108223325,908.4598108223325,,16.753244476196993
25.6,ego_0,910.5912340690226,-11.750000000000002,21.314232466900226,313.339917033035,llm_1,0.7486882604058276,0.7486882604058276,0.7486882604058276,0.7486882604058276,0.7412755053523057,0,highway_0,0,586.5912340690226,910.5912340690226,,16.65529838296494
25.7,ego_0,912.7300351629804,-11.750000000000002,21.3880109395784,314.99571794196436,llm_1,0.7451625740495407,0.7451625740495407,0.7451625740495407,0.7451625740495407,0.7377847267817472,0,highway_0,0,588.7300351629804,912.7300351629804,,16.558009089292263
25.8,ego_0,914.876178997157,-11.750000000000002,21.461438341767327,316.64185534644673,llm_1,0.7416167621081702,0.7416167621081702,0.7416167621081702,0.7416167621081702,0.7342740218892629,0,highway_0,0,590.8761789971571,914.8761789971571,,16.46137404482355
25.9,ego_0,917.0296302688573,-11.750000000000002,21.53451271700239,318.2783944208743,llm_1,0.7380511898741355,0.7380511898741355,0.7380511898741355,0.7380511898741355,0.7307437523506266,0,highway_0,0,593.0296302688573,917.0296302688573,,16.36539074427594
26.0,ego_0,919.1903534834157,-11.750000000000002,21.607232145584323,319.90540009337747,llm_1,0.7344662286775409,0.7344662286775409,0.7344662286775409,0.7344662286775409,0.727194285819337,0,highway_0,0,595.1903534834157,919.1903534834157,,16.270056725031562
26.1,ego_0,921.358312957932,-11.750000000000002,21.679594745162674,321.52293704985686,llm_1,0.7308622557413331,0.7308622557413331,0.7308622557413331,0.7308622557413331,0.7236259957835145,0,highway_0,0,597.358312957932,921.358312957932,,16.175369564793776
26.2,ego_0,923.5334728250624,-11.750000000000002,21.751598671304517,323.13106973778747,llm_1,0.7272396540326229,0.7272396540326229,0.7272396540326229,0.7272396540326229,0.7200392614184281,0,highway_0,0,599.5334728250624,923.5334728250624,,16.08132687930601
26.3,ego_0,925.7157970368673,-11.750000000000002,21.82324211804811,324.72986236980057,llm_1,0.7235988121102866,0.7235988121102866,0.7235988121102866,0.7235988121102866,0.7164344674359313,0,highway_0,0,601.7157970368672,925.7157970368672,,15.98792632013203
26.4,ego_0,927.9052493687115,-11.750000000000002,21.894523318441077,326.31937892705014,llm_1,0.7199401239689655,0.7199401239689655,0.7199401239689655,0.7199401239689655,0.7128120039296704,0,highway_0,0,603.9052493687113,927.9052493687113,,15.895165572496534
26.5,ego_0,930.1017934232177,-11.750000000000002,21.965440545062823,327.89968316236866,llm_1,0.7162639888795945,0.7162639888795945,0.7162639888795945,0.7162639888795945,0.7091722662174504,0,highway_0,0,606.1017934232176,930.1017934232176,,15.803042353184903
26.6,ego_0,932.3053926342707,-11.750000000000002,22.035992110530803,329.4708386032187,llm_1,0.7125708112265815,0.7125708112265815,0.7125708112265815,0.7125708112265815,0.7055156546798003,0,highway_0,0,608.3053926342707,932.3053926342707,,15.711554408501126
26.7,ego_0,934.5160102710697,-11.750000000000002,22.106176367990383,331.032908554447,llm_1,0.7088610003417755,0.7088610003417755,0.7088610003417755,0.7088610003417755,0.7018425745958012,0,highway_0,0,610.5160102710697,934.5160102710697,,15.620699512282886
26.8,ego_0,936.7336094422285,-11.750000000000002,22.17599171158794,332.5859561008442,llm_1,0.7051349703353574,0.7051349703353574,0.7051349703353574,0.7051349703353574,0.698153435975577,0,highway_0,0,612.7336094422285,936.7336094422285,,15.530475463972799
26.9,ego_0,938.9581530999212,-11.750000000000002,22.245436576926927,334.1300441095186,llm_1,0.7013931399237906,0.7013931399237906,0.7013931399237906,0.7013931399237906,0.6944486533898697,0,highway_0,0,614.9581530999212,938.9581530999212,,15.440880086744855
27.0,ego_0,941.1896040440719,-11.750000000000002,22.31450944150663,335.6652352320872,llm_1,0.6976359322549791,0.6976359322549791,0.6976359322549791,0.6976359322549791,0.690728645797023,0,highway_0,0,617.1896040440719,941.1896040440719,,15.351911225685193
27.1,ego_0,943.4279249265862,-11.750000000000002,22.38320882514334,337.19159190668984,llm_1,0.693863774730774,0.693863774730774,0.693863774730774,0.693863774730774,0.6869938363670869,0,highway_0,0,619.4279249265862,943.4279249265862,,15.26356674602631
27.2,ego_0,945.6730782556236,-11.750000000000002,22.45153329037373,338.7091763598331,llm_1,0.6900770988269789,0.6900770988269789,0.6900770988269789,0.6900770988269789,0.6832446523039337,0,highway_0,0,621.6730782556236,945.6730782556236,,15.175844531433768
27.3,ego_0,947.9250263999077,-11.750000000000002,22.519481442840167,340.21805060806764,llm_1,0.6862763399110036,0.6862763399110036,0.6862763399110036,0.6862763399110036,0.6794815246643537,0,highway_0,0,623.9250263999077,947.9250263999077,,15.088742482344713
27.4,ego_0,950.1837315930734,-11.750000000000002,22.587051931657726,341.7182764595034,llm_1,0.6824619370573225,0.6824619370573225,0.6824619370573225,0.6824619370573225,0.6757048881755878,0,highway_0,0,626.1837315930734,950.1837315930734,,15.002258514357258
27.5,ego_0,952.4491559380498,-11.750000000000002,22.654243449762763,343.20991551517045,llm_1,0.6786343328608879,0.6786343328608879,0.6786343328608879,0.6786343328608879,0.6719151810503732,0,highway_0,0,628.4491559380497,952.4491559380497,,14.91639055667002
27.6,ego_0,954.7212614114741,-11.750000000000002,22.72105473424283,344.69302917022765,llm_1,0.674793973248662,0.674793973248662,0.674793973248662,0.674793973248662,0.6681128448006746,0,highway_0,0,630.721261411474,954.721261411474,,14.831136550570985
27.7,ego_0,957.0000098681386,-11.750000000000002,22.787484566647723,346.1676786150251,llm_1,0.6709413072894199,0.6709413072894199,0.6709413072894199,0.6709413072894199,0.6642983240489286,0,highway_0,0,633.0000098681387,957.0000098681387,,14.746494447974992
27.8,ego_0,959.2853630454667,-11.750000000000002,22.85353177328158,347.63392483602604,llm_1,0.6670767870019916,0.6670767870019916,0.6670767870019916,0.6670767870019916,0.6604720663385777,0,highway_0,0,635.2853630454669,959.2853630454669,,14.66246221000911
27.9,ego_0,961.5772825680145,-11.750000000000002,22.91919522547585,349.09182861659065,llm_1,0.6632008671620977,0.6632008671620977,0.6632008671620977,0.6632008671620977,0.656634521942685,0,highway_0,0,637.5772825680144,961.5772825680144,,14.579037805645061
28.0,ego_0,963.8757299519989,-11.750000000000002,22.984473839842973,350.5414505376285,llm_1,0.6593140051079464,0.6593140051079464,0.6593140051079464,0.6593140051079464,0.6527861436712357,0,highway_0,0,639.8757299519988,963.8757299519988,,14.49621921037821
28.1,ego_0,966.1806666098498,-11.750000000000002,23.04936657851077,351.9828509781237,llm_1,0.6554166605447563,0.6554166605447563,0.6554166605447563,0.6554166605447563,0.6489273866779754,0,highway_0,0,642.1806666098498,966.1806666098498,,14.414004404952188
28.2,ego_0,968.4920538547835,-11.750000000000002,23.113872449337343,353.41609011553646,llm_1,0.651509295348366,0.651509295348366,0.651509295348366,0.651509295348366,0.6450587082657222,0,highway_0,0,644.4920538547835,968.4920538547835,,14.33239137412859
28.3,ego_0,970.8097256797713,-11.750000000000002,23.176718249877503,354.84135515170954,llm_1,0.6475923733680965,0.6475923733680965,0.6475923733680965,0.6475923733680965,0.6284580054015976,0,highway_0,0,646.8097256797713,970.8097256797713,,14.252650361730026
28.4,ego_0,973.1334668116684,-11.750000000000002,23.237411318970977,356.2588822635181,llm_1,0.6437445844539154,0.6437445844539154,0.6437445844539154,0.6437445844539154,0.606930690934746,0,highway_0,0,649.1334668116684,973.1334668116684,,14.17527111808554
28.5,ego_0,975.4630676825103,-11.750000000000002,23.296008708419308,357.6689016362592,llm_1,0.639998770468534,0.639998770468534,0.639998770468534,0.639998770468534,0.5859738944833026,0,highway_0,0,651.4630676825103,975.4630676825103,,14.100193727410726
28.6,ego_0,977.7983243965926,-11.750000000000002,23.352567140822817,359.0716375011642,llm_1,0.6363543430228716,0.6363543430228716,0.6363543430228716,0.6363543430228716,0.5655843240350933,0,highway_0,0,653.7983243965926,977.7983243965926,,14.027358649050573
28.7,ego_0,980.1390386884237,-11.750000000000002,23.407142918310072,360.4673081819494,llm_1,0.6328105505868168,0.6328105505868168,0.6328105505868168,0.6328105505868168,0.5457577748725484,0,highway_0,0,656.1390386884236,980.1390386884236,,13.956706807851887
28.8,ego_0,982.48501787223,-11.750000000000002,23.4597918380622,361.8561261497256,llm_1,0.6293664906345883,0.6293664906345883,0.6293664906345883,0.6293664906345883,0.5264891975212649,0,highway_0,0,658.4850178722298,982.4850178722298,,13.888179677762341
28.9,ego_0,984.8360747836824,-11.750000000000002,23.51056911452725,363.2382980856016,llm_1,0.6260211216027806,0.6260211216027806,0.6260211216027806,0.6260211216027806,0.5077727646505181,0,highway_0,0,660.8360747836825,984.8360747836825,,13.82171935876034
29.0,ego_0,987.1920277145011,-11.750000000000002,23.559529308187553,364.6140249503268,llm_1,0.6227732746034219,0.6227732746034219,0.6227732746034219,0.6227732746034219,0.4896019366030302,0,highway_0,0,663.1920277145013,987.1920277145013,,13.757268647252157
29.1,ego_0,989.5527003405726,-11.750000000000002,23.606726260714833,365.98350206033683,llm_1,0.6196216648417319,0.6196216648417319,0.6196216648417319,0.6196216648417319,0.47196952527279734,0,highway_0,0,665.5527003405728,989.5527003405728,,13.694771100101011
29.2,ego_0,991.917921644205,-11.750000000000002,23.65221303632371,367.3469191695847,llm_1,0.6165649026953268,0.6165649026953268,0.6165649026953268,0.6165649026953268,0.45486775608878816,0,highway_0,0,667.9179216442051,991.9179216442051,,13.63417109247688
29.3,ego_0,994.2875258311165,-11.750000000000002,23.69604186911377,368.7044605565584,llm_1,0.6136015044183984,0.6136015044183984,0.6136015044183984,0.6136015044183984,0.4382883279005867,0,highway_0,0,670.2875258311165,994.2875258311165,,13.575413869736387
29.4,ego_0,996.6613522427338,-11.750000000000002,23.738264116173514,370.05630511591426,llm_1,0.6107299024407676,0.6107299024407676,0.6107299024407676,0.6107299024407676,0.4222224705974398,0,highway_0,0,672.6613522427338,996.6613522427338,,13.51844559355887
29.5,ego_0,999.0392452643543,-11.750000000000002,23.778930216206124,371.40262645417215,llm_1,0.6079484552377119,0.6079484552377119,0.6079484552377119,0.6079484552377119,0.4066610003260962,0,highway_0,0,675.0392452643543,999.0392452643543,,13.463213382578235
29.6,ego_0,1001.4210542296971,-11.750000000000002,23.818089653426465,372.7435929889483,llm_1,0.6052554567520357,0.6052554567520357,0.6052554567520357,0.6052554567520357,0.3915943722034143,0,highway_0,0,677.421054229697,1001.421054229697,,13.40966534776069
29.7,ego_0,1003.8066333223442,-11.750000000000002,23.85579092647138,374.07936805122677,llm_1,0.6026491453549827,0.6026491453549827,0.6026491453549827,0.6026491453549827,0.3770127304491311,0,highway_0,0,679.8066333223442,1003.8066333223442,,13.357750622785794
29.8,ego_0,1006.1958414745503,-11.750000000000002,23.892081522060366,375.41010999019613,llm_1,0.6001277123372736,0.6001277123372736,0.6001277123372736,0.6001277123372736,0.36290595588987173,0,highway_0,0,682.1958414745502,1006.1958414745502,,13.307419389693301
29.9,ego_0,1008.5885422638644,-11.750000000000002,23.927007893141298,376.7359722802021,llm_1,0.5976893099258144,0.5976893099258144,0.5976893099258144,0.5976893099258144,0.34926371080931773,0,highway_0,0,684.5885422638644,1008.5885422638644,,13.258622900060733
30.0,ego_0,1010.9846038079901,-11.750000000000002,23.96061544125543,378.05710362939976,llm_1,0.5953320588254147,0.5953320588254147,0.5953320588254147,0.5953320588254147,0.3360754811413358,0,highway_0,0,686.98460380799,1010.98460380799,,13.211313491976977
30.1,ego_0,1013.3838986582758,-11.750000000000002,23.992948502857477,379.37364808970733,llm_1,0.5930540552882587,0.5930540552882587,0.5930540552882587,0.5930540552882587,0.3233306160204563,0,highway_0,0,689.3838986582757,1013.3838986582757,,13.165444603075674
30.2,ego_0,1015.7863036922088,-11.750000000000002,24.024050339329794,380.68574516769615,llm_1,0.5908533777168485,0.5908533777168485,0.5908533777168485,0.5908533777168485,0.3110183647231679,0,highway_0,0,691.7863036922087,1015.7863036922087,,13.120970779889024
30.3,ego_0,1018.1917000052521,-11.750000000000002,24.053963130434262,381.99352993607397,llm_1,0.5887280928087254,0.5887280928087254,0.5887280928087254,0.5887280928087254,0.2991279110446854,0,highway_0,0,694.1917000052521,1018.1917000052521,,13.07784768377801
30.4,ego_0,1020.5999728023472,-11.750000000000002,24.08272797095146,383.2971331454429,llm_1,0.586676261253512,0.586676261253512,0.586676261253512,0.586676261253512,0.28764840517197854,0,highway_0,0,696.5999728023472,1020.5999728023472,,13.036032093689073
30.5,ego_0,1023.0110112893735,-11.750000000000002,24.110384870263566,384.596681336041,llm_1,0.584695942994685,0.584695942994685,0.584695942994685,0.584695942994685,0.2765689931210602,0,highway_0,0,699.0110112893735,1023.0110112893735,,12.995481905980391
30.6,ego_0,1025.424708564838,-11.750000000000002,24.136972754645328,385.8922969491964,llm_1,0.5827852020700551,0.5827852020700551,0.5827852020700551,0.5827852020700551,0.2658788438176174,0,highway_0,0,701.424708564838,1025.424708564838,,12.956156131553158
30.7,ego_0,1027.8409615120418,-11.750000000000002,24.162529472035903,387.1840984382477,llm_1,0.580942111046197,0.580942111046197,0.580942111046197,0.580942111046197,0.255567173905753,0,highway_0,0,703.8409615120418,1027.8409615120418,,12.918014890514666
30.8,ego_0,1030.2596706919492,-11.750000000000002,24.187091799073503,388.4722003787067,llm_1,0.5791647550630564,0.5791647550630564,0.5791647550630564,0.5791647550630564,0.24562327037600085,0,highway_0,0,706.2596706919492,1030.2596706919492,,12.881019404590862
30.9,ego_0,1032.6807402369675,-11.750000000000002,24.210695450184236,389.7567135774566,llm_1,0.5774512355057203,0.5774512355057203,0.5774512355057203,0.5774512355057203,0.23603651110732926,0,highway_0,0,708.6807402369675,1032.6807402369675,,12.845131987496831
31.0,ego_0,1035.1040777458202,-11.750000000000002,24.233375088526362,391.03774518080286,llm_1,0.5757996733208532,0.5757996733208532,0.5757996733208532,0.5757996733208532,0.2267963834212594,0,highway_0,0,711.1040777458202,1035.1040777458202,,12.810316033463504
31.1,ego_0,1037.5295941796803,-11.750000000000002,24.25516433860114,392.31539878121384,llm_1,0.5742082119956362,0.5742082119956362,0.5742082119956362,0.5742082119956362,0.2178925007477872,0,highway_0,0,713.5295941796803,1037.5295941796803,,12.776536004109204
31.2,ego_0,1039.9572037597154,-11.750000000000002,24.276095800351513,393.5897745225973,llm_1,0.5726750202171971,0.5726750202171971,0.5726750202171971,0.5726750202171971,0.20931461750372193,0,highway_0,0,715.9572037597154,1039.9572037597154,,12.74375741383448
31.3,ego_0,1042.3868238661735,-11.750000000000002,24.296201064579947,394.86096920398813,llm_1,0.5711982942305162,0.5711982942305162,0.5711982942305162,0.5711982942305162,0.2010526422843384,0,highway_0,0,718.3868238661735,1042.3868238661735,,12.711946813908618
31.4,ego_0,1044.8183749391262,-11.750000000000002,24.315510729526714,396.12907638152865,llm_1,0.5697762599126571,0.5697762599126571,0.5697762599126571,0.5697762599126571,0.19309664946767668,0,highway_0,0,720.8183749391262,1044.8183749391262,,12.681071775406238
31.5,ego_0,1047.2517803809721,-11.750000000000002,24.334054418459758,397.39418646864306,llm_1,0.5684071745809214,0.5684071745809214,0.5684071745809214,0.5684071745809214,0.18543688933043256,0,highway_0,0,723.2517803809721,1047.2517803809721,,12.651100871142624
31.6,ego_0,1049.686966460786,-11.750000000000002,24.35186079813693,398.6563868343176,llm_1,0.5670893285521743,0.5670893285521743,0.5670893285521743,0.5670893285521743,0.1780637967717169,0,highway_0,0,725.6869664607859,1049.686966460786,,12.622003656746703
31.7,ego_0,1052.123862220587,-11.750000000000002,24.368957598010805,399.9157618994177,llm_1,0.5658210464701574,0.5658210464701574,0.5658210464701574,0.5658210464701574,0.17096799873876023,0,highway_0,0,728.123862220587,1052.123862220587,,12.593750651001184
31.8,ego_0,1054.5623993835925,-11.750000000000002,24.385371630055403,401.17239323097465,llm_1,0.5646006884171029,0.5646006884171029,0.5646006884171029,0.5646006884171029,0.1641403204459735,0,highway_0,0,730.5623993835925,1054.5623993835925,,12.566313315570383
31.9,ego_0,1057.0025122645027,-11.750000000000002,24.401128809102925,402.4263596343974,llm_1,0.5634266508254067,0.5634266508254067,0.5634266508254067,0.5634266508254067,0.15757179047522385,0,highway_0,0,733.0025122645027,1057.0025122645027,,12.539664034227268
32.0,ego_0,1059.4441376818613,-11.750000000000002,24.41625417358718,403.67773724356584,llm_1,0.5622973672045277,0.5622973672045277,0.5622973672045277,0.5622973672045277,0.151253644842555,0,highway_0,0,735.4441376818613,1059.4441376818613,,12.513776091682903
32.1,ego_0,1061.887214872521,-11.750000000000002,24.430771906598416,404.9265996087772,llm_1,0.5612113086976417,0.5612113086976417,0.5612113086976417,0.5612113086976417,0.1451773301123538,0,highway_0,0,737.8872148725211,1061.887214872521,,12.488623652113304
32.2,ego_0,1064.3316854082373,-11.750000000000002,24.44470535716209,406.1730177825243,llm_1,0.560166984481928,0.560166984481928,0.560166984481928,0.560166984481928,0.13933450563673233,0,highway_0,0,740.3316854082373,1064.3316854082373,,12.464181737470998
32.3,ego_0,1066.7774931144033,-11.750000000000002,24.458077061661495,407.41706040309055,llm_1,0.559162942025706,0.559162942025706,0.559162942025706,0.559162942025706,0.13371704499405723,0,highway_0,0,742.7774931144033,1066.7774931144033,,12.44042620566108
32.4,ego_0,1069.2245839909365,-11.750000000000002,24.470908765331163,408.6587937759559,llm_1,0.5581977672149531,0.5581977672149531,0.5581977672149531,0.5581977672149531,0.1283170366966857,0,highway_0,0,745.2245839909365,1069.2245839909365,,12.417333728654764
32.5,ego_0,1071.672906135312,-11.750000000000002,24.48322144375461,409.8982819530165,llm_1,0.5572700843610744,0.5572700843610744,0.5572700843610744,0.5572700843610744,0.12312678423445078,0,highway_0,0,747.6729061353119,1071.672906135312,,12.394881770606524
32.6,ego_0,1074.1224096677424,-11.750000000000002,24.495035324306222,411.13558680962,llm_1,0.5563785561011084,0.5563785561011084,0.5563785561011084,0.5563785561011084,0.1181388055161392,0,highway_0,0,750.1224096677424,1074.1224096677424,,12.373048566034939
32.7,ego_0,1076.5730466584907,-11.750000000000002,24.506369907483066,412.3707681194321,llm_1,0.5555218832009097,0.5555218832009097,0.5555218832009097,0.5555218832009097,0.11334583176843438,0,highway_0,0,752.5730466584907,1076.5730466584907,,12.351813098121223
32.8,ego_0,1079.0247710572985,-11.750000000000002,24.517243988077773,413.60388362714957,llm_1,0.5546988042711835,0.5546988042711835,0.5546988042711835,0.5546988042711835,0.1087408059470718,0,highway_0,0,755.0247710572985,1079.0247710572985,,12.331155077174088
32.9,ego_0,1081.4775386249134,-11.750000000000002,24.52767567614903,414.83498911907986,llm_1,0.5539080954056284,0.5539080954056284,0.5539080954056284,0.5539080954056284,0.10431688071257383,0,highway_0,0,757.4775386249134,1081.4775386249134,,12.311054919304304
33.0,ego_0,1083.9313068666886,-11.750000000000002,24.537682417750823,416.0641384916146,llm_1,0.553148569749825,0.553148569749825,0.553148569749825,0.553148569749825,0.10006741601792157,0,highway_0,0,759.9313068666886,1083.9313068666886,,12.291493725347522
33.1,ego_0,1086.3860349682272,-11.750000000000002,24.547281015386275,417.2913838176214,llm_1,0.5524190770089203,0.5524190770089203,0.5524190770089203,0.5524190770089203,0.09598597635452677,0,highway_0,0,762.3860349682272,1086.3860349682272,,12.272453260069476
33.2,ego_0,1088.8416837330428,-11.750000000000002,24.55648764815598,418.5167754107897,llm_1,0.5517185029015782,0.5517185029015782,0.5517185029015782,0.5517185029015782,0.09206632769704015,0,highway_0,0,764.8416837330428,1088.8416837330428,,12.253915931683416
33.3,ego_0,1091.2982155222003,-11.750000000000002,24.56531789157464,419.74036188796026,llm_1,0.5510457685671374,0.5510457685671374,0.5510457685671374,0.5510457685671374,0.08830243418660899,0,highway_0,0,767.2982155222003,1091.2982155222003,,12.235864771705796
33.4,ego_0,1093.7555941959035,-11.750000000000002,24.573786737033465,420.9621902294775,llm_1,0.5503998299323827,0.5503998299323827,0.5503998299323827,0.5503998299323827,0.08468845458825314,0,highway_0,0,769.7555941959035,1093.7555941959035,,12.218283415172678
33.5,ego_0,1096.2137850569925,-11.750000000000002,24.581908610888988,422.182305837601,llm_1,0.5497796770438432,0.5497796770438432,0.5497796770438432,0.5497796770438432,0.0812187385552221,0,highway_0,0,772.2137850569925,1096.2137850569925,,12.201156081235993
33.6,ego_0,1098.6727547963087,-11.750000000000002,24.58969739316208,423.4007525930165,llm_1,0.5491843333710668,0.5491843333710668,0.5491843333710668,0.5491843333710668,0.0778878227309221,0,highway_0,0,774.6727547963087,1098.6727547963087,,12.184467554155699
33.7,ego_0,1101.132471439892,-11.750000000000002,24.597166435833753,424.6175729094866,llm_1,0.548612855085865,0.548612855085865,0.548612855085865,0.548612855085865,0.0746904267167281,0,highway_0,0,777.132471439892,1101.132471439892,,12.168203164701207
33.8,ego_0,1103.5929042979647,-11.750000000000002,24.604328580726822,425.83280778668404,llm_1,0.5480643303221062,0.5480643303221062,0.5480643303221062,0.5480643303221062,0.07162144893069211,0,highway_0,0,779.5929042979647,1103.5929042979647,,12.152348771972761
33.9,ego_0,1106.0540239156612,-11.750000000000002,24.611196176964903,427.0464968612491,llm_1,0.5475378784202399,0.5475378784202399,0.5475378784202399,0.5475378784202399,0.06867596238080864,0,highway_0,0,782.0540239156612,1106.0540239156612,,12.1368907456512
34.0,ego_0,1108.5158020254614,-11.750000000000002,24.61778109800234,428.2586784561174,llm_1,0.5470326491603595,0.5470326491603595,0.5470326491603595,0.5470326491603595,0.06584921037436686,0,highway_0,0,784.5158020254614,1108.5158020254614,,12.121815948682425
34.1,ego_0,1110.9782115012836,-11.750000000000002,24.624094758220583,429.4693896281574,llm_1,0.5465478219872633,0.5465478219872633,0.5465478219872633,0.5465478219872633,0.063136602182432,0,highway_0,0,786.9782115012836,1110.9782115012836,,12.107111720400813
34.2,ego_0,1113.4412263141924,-11.750000000000002,24.63014812908828,430.6786662141669,llm_1,0.5460826052306459,0.5460826052306459,0.5460826052306459,0.5460826052306459,0.06053370867697083,0,highway_0,0,789.4412263141924,1113.4412263141924,,12.092765860094286
34.3,ego_0,1115.9048214896807,-11.750000000000002,24.63595175488396,431.8865428752681,llm_1,0.5456362353232516,0.5456362353232516,0.5456362353232516,0.5456362353232516,0.05803625795678613,0,highway_0,0,791.9048214896807,1115.9048214896807,,12.078766611012018
34.4,ego_0,1118.368973066479,-11.750000000000002,24.641515767981574,433.0930531397494,llm_1,0.5452079760195289,0.5452079760195289,0.5452079760195289,0.5452079760195289,0.05564013097615117,0,highway_0,0,794.3689730664789,1118.368973066479,,12.065102644814331
34.5,ego_0,1120.833658056849,-11.750000000000002,24.64684990370047,434.2982294443957,llm_1,0.5447971176170701,0.5447971176170701,0.5447971176170701,0.5447971176170701,0.053341357188969596,0,highway_0,0,796.8336580568489,1120.833658056849,,12.051763046463208
34.6,ego_0,1123.2988544083212,-11.750000000000002,24.651963514722464,435.5021031743506,llm_1,0.544402976182872,0.544402976182872,0.544402976182872,0.544402976182872,0.051136110219935915,0,highway_0,0,799.2988544083212,1123.2988544083212,,12.038737299550508
34.7,ego_0,1125.7645409668291,-11.750000000000002,24.656865585079764,436.7047047015567,llm_1,0.5440248927862239,0.5440248927862239,0.5440248927862239,0.5440248927862239,0.04902070357299948,0,highway_0,0,801.7645409668291,1125.7645409668291,,12.026015272060157
34.8,ego_0,1128.230697441201,-11.750000000000002,24.661564743718305,437.90606342181263,llm_1,0.5436622327398237,0.5436622327398237,0.5436622327398237,0.5436622327398237,0.04699158638540979,0,highway_0,0,804.2306974412011,1128.230697441201,,12.01358720255951
34.9,ego_0,1130.6973043689652,-11.750000000000002,24.66606927764192,439.1062077904942,llm_1,0.5433143848505283,0.5433143848505283,0.5433143848505283,0.5433143848505283,0.045045339236153836,0,highway_0,0,806.6973043689652,1130.6973043689652,,12.001443686814493
35.0,ego_0,1133.1643430834295,-11.750000000000002,24.670387144643396,440.30516535697643,llm_1,0.5429807606809649,0.5429807606809649,0.5429807606809649,0.5429807606809649,0.04317867001475406,0,highway_0,0,809.1643430834295,1133.1643430834295,,11.989575664822294
35.1,ego_0,1135.6317956819923,-11.750000000000002,24.674525985629103,441.50296279780196,llm_1,0.5426607938230712,0.5426607938230712,0.5426607938230712,0.5426607938230712,0.041388409857070485,0,highway_0,0,811.6317956819923,1135.6317956819923,,11.97797440825478
35.2,ego_0,1138.0996449956467,-11.750000000000002,24.678493136544386,442.6996259486325,llm_1,0.5423539391844732,0.5423539391844732,0.5423539391844732,0.5423539391844732,0.03967150915283213,0,highway_0,0,814.0996449956467,1138.0996449956467,,11.966631508305507
35.3,ego_0,1140.5678745596374,-11.750000000000002,24.682295639907316,443.89517983502583,llm_1,0.5420596722884846,0.5420596722884846,0.5420596722884846,0.5420596722884846,0.038025033629303095,0,highway_0,0,816.5678745596374,1140.5678745596374,,11.955538863932432
35.4,ego_0,1143.0364685852333,-11.750000000000002,24.68594025595882,445.0896487020748,llm_1,0.5417774885883755,0.5417774885883755,0.5417774885883755,0.5417774885883755,0.036446160515026804,0,highway_0,0,819.0364685852333,1143.0364685852333,,11.944688670488404
35.5,ego_0,1145.505411932577,-11.750000000000002,24.68943347343741,446.2830560429477,llm_1,0.5415069027964488,0.5415069027964488,0.5415069027964488,0.5415069027964488,0.03493217478592214,0,highway_0,0,821.5054119325771,1145.505411932577,,11.934073408730967
35.6,ego_0,1147.9746900845757,-11.750000000000002,24.692781519987154,447.47542462636807,llm_1,0.5412474482283607,0.5412474482283607,0.5412474482283607,0.5412474482283607,0.03348046549742634,0,highway_0,0,823.9746900845757,1147.9746900845757,,11.923685834202889
35.7,ego_0,1150.4442891217964,-11.750000000000002,24.695990372207444,448.66677652306566,llm_1,0.5409986761630221,0.5409986761630221,0.5409986761630221,0.5409986761630221,0.03208852220289771,0,highway_0,0,826.4442891217964,1150.4442891217964,,11.91351896697466
35.8,ego_0,1152.9141956983317,-11.750000000000002,24.699065765353595,449.8571331312396,llm_1,0.5407601552183394,0.5407601552183394,0.5407601552183394,0.5407601552183394,0.030753931461511286,0,highway_0,0,828.9141956983317,1152.9141956983317,,11.90356608173989
35.9,ego_0,1155.3843970186015,-11.750000000000002,24.702013202697096,451.04651520106495,llm_1,0.5405314707429678,0.5405314707429678,0.5405314707429678,0.5405314707429678,0.029474373435007806,0,highway_0,0,831.3843970186015,1155.3843970186015,,11.893820698254764
36.0,ego_0,1157.854880815057,-11.750000000000002,24.704837964554624,452.2349428582761,llm_1,0.5403122242241885,0.5403122242241885,0.5403122242241885,0.5403122242241885,0.02824761857528557,0,highway_0,0,833.854880815057,1157.854880815057,,11.884276572112231
36.1,ego_0,1160.3256353267564,-11.750000000000002,24.707545116994805,453.4224356268603,llm_1,0.5401020327119567,0.5401020327119567,0.5401020327119567,0.5401020327119567,0.027071524401804936,0,highway_0,0,836.3256353267564,1160.3256353267564,,11.874927685842007
36.2,ego_0,1162.7966492787796,-11.750000000000002,24.710139520231813,454.60901245089303,llm_1,0.5399005282591112,0.5399005282591112,0.5399005282591112,0.5399005282591112,0.025944032370084358,0,highway_0,0,838.7966492787796,1162.7966492787796,,11.865768240327107
36.3,ego_0,1165.267911862451,-11.750000000000002,24.712625836714786,455.7946917155459,llm_1,0.5397073573776822,0.5397073573776822,0.5397073573776822,0.5397073573776822,0.024863164829724838,0,highway_0,0,841.267911862451,1165.267911862451,,11.856792646527985
36.4,ego_0,1167.7394127163432,-11.750000000000002,24.71500853892201,456.97949126729645,llm_1,0.5395221805112049,0.5395221805112049,0.5395221805112049,0.5395221805112049,0.02382702207224696,0,highway_0,0,843.7394127163432,1167.7394127163432,,11.847995517505122
36.5,ego_0,1170.21114190803,-11.750000000000002,24.71729191686877,458.16342843336975,llm_1,0.5393446715228861,0.5393446715228861,0.5393446715228861,0.5393446715228861,0.022833779467603676,0,highway_0,0,846.21114190803,1170.21114190803,,11.839371660731185
36.6,ego_0,1172.6830899165636,-11.750000000000002,24.7194800853376,459.34652004043824,llm_1,0.5391745171994579,0.5391745171994579,0.5391745171994579,0.5391745171994579,0.021881684688302983,0,highway_0,0,848.6830899165636,1172.6830899165636,,11.830916070683955
36.7,ego_0,1175.1552476156476,-11.750000000000002,24.721576990839644,460.52878243260943,llm_1,0.5390114167705085,0.5390114167705085,0.5390114167705085,0.5390114167705085,0.020969055020430005,0,highway_0,0,851.1552476156476,1175.1552476156476,,11.822623921711184
36.8,ego_0,1177.627606257479,-11.750000000000002,24.7235864183156,461.7102314887254,llm_1,0.538855081443058,0.538855081443058,0.538855081443058,0.538855081443058,0.020094274759578923,0,highway_0,0,853.6276062574791,1177.627606257479,,11.814490561158909
36.9,ego_0,1180.1001574572376,-11.750000000000002,24.725511997584693,462.8908826390009,llm_1,0.538705233951134,0.538705233951134,0.538705233951134,0.538705233951134,0.019255792690913154,0,highway_0,0,856.1001574572376,1180.1001574572376,,11.806511502754699
37.0,ego_0,1182.5728931781925,-11.750000000000002,24.72735720954986,464.07075088102465,llm_1,0.5385616081200617,0.5385616081200617,0.5385616081200617,0.5385616081200617,0.01845211965168403,0,highway_0,0,858.5728931781925,1182.5728931781925,,11.798682420237558
37.1,ego_0,1185.0458057174092,-11.750000000000002,24.729125392167273,465.2498507951475,llm_1,0.5384239484451937,0.5384239484451937,0.5384239484451937,0.5384239484451937,0.017681826174111848,0,highway_0,0,861.0458057174092,1185.0458057174092,,11.790999141226354
37.2,ego_0,1187.5188876920279,-11.750000000000002,24.730819746188057,466.4281965592795,llm_1,0.5382920096847694,0.5382920096847694,0.5382920096847694,0.5382920096847694,0.016943540207847718,0,highway_0,0,863.5188876920279,1187.5188876920279,,11.783457641318808
37.3,ego_0,1189.9921320260958,-11.750000000000002,24.732443340679982,467.60580196312094,llm_1,0.5381655564665946,0.5381655564665946,0.5381655564665946,0.5381655564665946,0.01623594491924507,0,highway_0,0,865.9921320260958,1189.9921320260958,,11.776054038413232
37.4,ego_0,1192.4655319379294,-11.750000000000002,24.733999118336634,468.7826804218455,llm_1,0.5380443629082198,0.5380443629082198,0.5380443629082198,0.5380443629082198,0.015557776566517134,0,highway_0,0,868.4655319379294,1192.4655319379294,,11.768784587245463
37.5,ego_0,1194.9390809279876,-11.750000000000002,24.73548990058149,469.95884498925875,llm_1,0.5379282122502905,0.5379282122502905,0.5379282122502905,0.5379282122502905,0.01490782244857769,0,highway_0,0,870.9390809279876,1194.9390809279876,,11.761645674133504
37.6,ego_0,1197.4127727672349,-11.750000000000002,24.736918392474017,471.1343083704512,llm_1,0.5378168965027355,0.5378168965027355,0.5378168965027355,0.5378168965027355,0.014284918925255852,0,highway_0,0,873.4127727672349,1197.4127727672349,,11.754633811922702
37.7,ego_0,1199.8866014859773,-11.750000000000002,24.73828718742483,472.30908293396374,llm_1,0.5377102161034573,0.5377102161034573,0.5377102161034573,0.5377102161034573,0.013687949508138786,0,highway_0,0,875.8866014859773,1199.8866014859773,,11.747745635124318
37.8,ego_0,1202.36056136315,-11.750000000000002,24.739598771726723,473.48318072348775,llm_1,0.5376079795891892,0.5376079795891892,0.5376079795891892,0.5376079795891892,0.013115843018915996,0,highway_0,0,878.36056136315,1202.36056136315,,11.740977895240793
37.9,ego_0,1204.8346469160408,-11.750000000000002,24.740855528908142,474.656613469115,llm_1,0.5375100032781791,0.5375100032781791,0.5375100032781791,0.5375100032781791,0.012567571814194878,0,highway_0,0,880.8346469160408,1204.8346469160408,,11.734327456270869
38.0,ego_0,1207.3088528904323,-11.750000000000002,24.742059743915593,475.82939259815385,llm_1,0.5374161109643635,0.5374161109643635,0.5374161109643635,0.5374161109643635,0.012042150074513813,0,highway_0,0,883.3088528904323,1207.3088528904323,,11.727791290388215
38.1,ego_0,1209.7831742511453,-11.750000000000002,24.743213607131164,477.00152924553277,llm_1,0.5373261336226931,0.5373261336226931,0.5373261336226931,0.5373261336226931,0.011538632155705386,0,highway_0,0,885.7831742511453,1209.7831742511453,,11.721366473787203
38.2,ego_0,1212.2576061729685,-11.750000000000002,24.74431921823125,478.1730342638016,llm_1,0.5372399091252819,0.5372399091252819,0.5372399091252819,0.5372399091252819,0.011056111000868896,0,highway_0,0,888.2576061729685,1212.2576061729685,,11.715050182689769
38.3,ego_0,1214.7321440319577,-11.750000000000002,24.745378589892347,479.34391823275246,llm_1,0.537157281968045,0.537157281968045,0.537157281968045,0.537157281968045,0.010593716610962645,0,highway_0,0,890.7321440319577,1214.7321440319577,,11.708839689507414
38.4,ego_0,1217.2067833970925,-11.750000000000002,24.746393651349596,480.51419146866783,llm_1,0.5370781030075036,0.5370781030075036,0.5370781030075036,0.5370781030075036,0.010150614572488337,0,highway_0,0,893.2067833970925,1217.2067833970925,,11.702732359152666
38.5,ego_0,1219.6815200222738,-11.750000000000002,24.747366251813574,481.68386403321733,llm_1,0.537002229207429,0.537002229207429,0.537002229207429,0.537002229207429,0.009726004639780683,0,highway_0,0,895.6815200222738,1219.6815200222738,,11.696725645494404
38.6,ego_0,1222.156349838649,-11.750000000000002,24.748298163750686,482.8529457420125,llm_1,0.5369295233950178,0.5369295233950178,0.5369295233950178,0.5369295233950178,0.009319119371120621,0,highway_0,0,898.156349838649,1222.156349838649,,11.690817087951675
38.7,ego_0,1224.6312689472522,-11.750000000000002,24.749191086032297,484.02144617283466,llm_1,0.5368598540262818,0.5368598540262818,0.5368598540262818,0.5368598540262818,0.00892922281611419,0,highway_0,0,900.6312689472522,1224.6312689472522,,11.685004308220847
38.8,ego_0,1227.106273611948,-11.750000000000002,24.75004664695759,485.18937467354795,llm_1,0.5367930949603492,0.5367930949603492,0.5367930949603492,0.5367930949603492,0.008555609252915986,0,highway_0,0,903.1062736119479,1227.106273611948,,11.679285007131046
38.9,ego_0,1229.5813602526634,-11.750000000000002,24.75086640715497,486.3567403697102,llm_1,0.5367291252423808,0.5367291252423808,0.5367291252423808,0.5367291252423808,0.008197601973805035,0,highway_0,0,905.5813602526634,1229.5813602526634,,11.673656961622985
39.0,ego_0,1232.0565254389,-11.750000000000002,24.75165186236669,487.52355217189483,llm_1,0.536667828894805,0.536667828894805,0.536667828894805,0.536667828894805,0.007854552117194658,0,highway_0,0,908.0565254389,1232.0565254389,,11.668118021846585
39.1,ego_0,1234.5317658835122,-11.750000000000002,24.752404446121147,488.6898187827321,llm_1,0.5366090947165899,0.5366090947165899,0.5366090947165899,0.5366090947165899,0.007525837544584135,0,highway_0,0,910.5317658835122,1234.5317658835122,,11.66266610837274
39.2,ego_0,1237.007078436742,-11.750000000000002,24.753125532297254,489.85554870368355,llm_1,0.5365528160902745,0.5365528160902745,0.5365528160902745,0.5365528160902745,0.007210861761066667,0,highway_0,0,913.007078436742,1237.007078436742,,11.65729920951496
39.3,ego_0,1239.4824600805005,-11.750000000000002,24.753816437585,491.0207502415592,llm_1,0.5364988907964817,0.5364988907964817,0.5364988907964817,0.5364988907964817,0.006909052877475119,0,highway_0,0,915.4824600805005,1239.4824600805005,,11.652015378756566
39.4,ego_0,1241.9579079228852,-11.750000000000002,24.75447842384632,492.18543151478707,llm_1,0.536447220835657,0.536447220835657,0.536447220835657,0.536447220835657,0.006619862613170824,0,highway_0,0,917.9579079228852,1241.9579079228852,,11.646812732279454
39.5,ego_0,1244.433419192923,-11.750000000000002,24.75511270038008,493.34960045944626,llm_1,0.5363977122567678,0.5363977122567678,0.5363977122567678,0.5363977122567678,0.006342765337628009,0,highway_0,0,920.4334191929231,1244.433419192923,,11.641689446590433
39.6,ego_0,1246.9089912355325,-11.750000000000002,24.755720426095046,494.51326483507046,llm_1,0.53635027499272,0.53635027499272,0.53635027499272,0.53635027499272,0.0060772571496414685,0,highway_0,0,922.9089912355325,1246.9089912355325,,11.636643756241362
39.7,ego_0,1249.384621506692,-11.750000000000002,24.756302711594326,495.67643223023447,llm_1,0.5363048227022438,0.5363048227022438,0.5363048227022438,0.5363048227022438,0.005822854992807436,0,highway_0,0,925.3846215066919,1249.384621506692,,11.631673951639474
39.8,ego_0,1251.8603075688095,-11.750000000000002,24.75686062117489,496.8391100679289,llm_1,0.536261272618011,0.536261272618011,0.536261272618011,0.536261272618011,0.005579095805643419,0,highway_0,0,927.8603075688095,1251.8603075688095,,11.626778376944312
39.9,ego_0,1254.336047086284,-11.750000000000002,24.75739517474546,498.00130561073365,llm_1,0.5362195454007652,0.5362195454007652,0.5362195454007652,0.5362195454007652,0.005345535705707505,0,highway_0,0,930.336047086284,1254.336047086284,,11.621955428047883
40.0,ego_0,1256.8118378212505,-11.750000000000002,24.75790734966602,499.16302596579726,llm_1,0.5361795649992287,0.5361795649992287,0.5361795649992287,0.5361795649992287,0.005121749205585502,0,highway_0,0,932.8118378212505,1256.8118378212505,,11.617203550634876
40.1,ego_0,1259.2876776295018,-11.750000000000002,24.75839808251207,500.32427808962916,llm_1,0.5361412585155828,0.5361412585155828,0.5361412585155828,0.5361412585155828,0.00490732846049724,0,highway_0,0,935.2876776295018,1259.2876776295018,,11.612521238319605
40.2,ego_0,1261.7635644565785,-11.750000000000002,24.758868270766627,501.48506879271486,llm_1,0.536104556076305,0.536104556076305,0.536104556076305,0.536104556076305,0.004701882545568026,0,highway_0,0,937.7635644565785,1261.7635644565785,,11.60790703085685
40.3,ego_0,1264.2394963340228,-11.750000000000002,24.759318774442843,502.6454047439572,llm_1,0.5360693907081677,0.5360693907081677,0.5360693907081677,0.5360693907081677,0.004505036762161296,0,highway_0,0,940.2394963340228,1264.2394963340228,,11.60335951242352
40.4,ego_0,1266.7154713757868,-11.750000000000002,24.759750417640024,503.80529247495406,llm_1,0.5360356982191977,0.5360356982191977,0.5360356982191977,0.5360356982191977,0.0043164319718158595,0,highway_0,0,942.7154713757868,1266.7154713757868,,11.598877309968433
40.5,ego_0,1269.1914877747904,-11.750000000000002,24.760163990035725,504.9647383841168,llm_1,0.5360034170844132,0.5360034170844132,0.5360034170844132,0.5360034170844132,0.004135723957006121,0,highway_0,0,945.1914877747904,1269.1914877747904,,11.594459091627503
40.6,ego_0,1271.667543799622,-11.750000000000002,24.760560248316487,506.123748740637,llm_1,0.535972488336151,0.535972488336151,0.535972488336151,0.535972488336151,0.00396258280762396,0,highway_0,0,947.6675437996221,1271.667543799622,,11.590103565201659
40.7,ego_0,1274.1436377913772,-11.750000000000002,24.760939917549685,507.2823296883064,llm_1,0.5359428554588107,0.5359428554588107,0.5359428554588107,0.5359428554588107,0.0037966923319743273,0,highway_0,0,950.1436377913772,1274.1436377913772,,11.585809476695118
40.8,ego_0,1276.619768160627,-11.750000000000002,24.76130369249887,508.44048724919753,llm_1,0.5359144642878476,0.5359144642878476,0.5359144642878476,0.5359144642878476,0.0036377494918582443,0,highway_0,0,952.619768160627,1276.619768160627,,11.581575608911528
40.9,ego_0,1279.0959333845155,-11.750000000000002,24.761652238884878,509.59822732720795,llm_1,0.5358872629128444,0.5358872629128444,0.5358872629128444,0.5358872629128444,0.0034854638600734233,0,highway_0,0,955.0959333845155,1279.0959333845155,,11.577400780105698
41.0,ego_0,1281.572132003975,-11.750000000000002,24.76198619459491,510.755555711477,llm_1,0.5358612015845082,0.5358612015845082,0.5358612015845082,0.5358612015845082,0.003339557100332513,0,highway_0,0,957.572132003975,1281.572132003975,,11.573283842688667
41.1,ego_0,1284.0483626210591,-11.750000000000002,24.762306170841693,6.534595650163283,llm_0,0.5358362326254388,0.5358362326254388,0.5358362326254388,0.5358362326254388,0.003199762467822609,0,highway_0,0,960.0483626210591,1284.0483626210591,,0.048960171988941426
41.2,ego_0,1286.3699153926214,-11.750000000000002,23.21552771562201,6.6925149425539985,llm_0,-15.622462397718811,-15.622462397718811,-15.622462397718811,-15.622462397718811,-15.46778455219684,0,highway_0,0,962.3699153926214,1286.3699153926214,,1.5791929239078222
41.3,ego_0,1288.6746011325924,-11.750000000000002,23.046857399711783,6.856746961066619,llm_0,-1.7035701906932839,-1.7035701906932839,-1.7035701906932839,-1.7035701906932839,-1.6867031591022652,0,highway_0,0,964.6746011325924,1288.6746011325924,,1.6423201851251754
41.4,ego_0,1290.96635321345,-11.750000000000002,22.917520808575578,7.022884867073344,llm_0,-1.3062995704756784,-1.3062995704756784,-1.3062995704756784,-1.3062995704756784,-1.2933659113620521,0,highway_0,0,966.96635321345,1290.96635321345,,1.6613790600685512
41.5,ego_0,1293.2469960409367,-11.750000000000002,22.806428274866178,7.188914867456106,llm_0,-1.1220345904649438,-1.1220345904649438,-1.1220345904649438,-1.1220345904649438,-1.1109253370939953,0,highway_0,0,969.2469960409367,1293.2469960409367,,1.660300003827338
41.6,ego_0,1295.5174920069803,-11.750000000000002,22.7049596604365,7.353818114585238,llm_0,-1.0248330057397617,-1.0248330057397617,-1.0248330057397617,-1.0248330057397617,-1.0146861442967747,0,highway_0,0,971.5174920069803,1295.5174920069803,,1.6490324712924789
41.7,ego_0,1297.7783954195436,-11.750000000000002,22.609034125631737,7.517052391709285,llm_0,-0.968847901528102,-0.968847901528102,-0.968847901528102,-0.968847901528102,-0.959255348047634,0,highway_0,0,973.7783954195436,1297.7783954195436,,1.632342771242218
41.8,ego_0,1300.0300510243342,-11.750000000000002,22.51655604790682,7.6783222998860765,llm_0,-0.9340285850216757,-0.9340285850216757,-0.9340285850216757,-0.9340285850216757,-0.9247807772491612,0,highway_0,0,976.0300510243342,1300.0300510243342,,1.612699081766504
41.9,ego_0,1302.2726903058333,-11.750000000000002,22.426392814991733,7.837466604967403,llm_0,-0.9106486524423851,-0.9106486524423851,-0.9106486524423851,-0.9106486524423851,-0.9016323291508854,0,highway_0,0,978.2726903058333,1302.2726903058333,,1.5914430508138153
42.0,ego_0,1304.5064813006975,-11.750000000000002,22.33790994864202,7.994399479714048,llm_0,-0.893676950132094,-0.893676950132094,-0.893676950132094,-0.893676950132094,-0.8848286634971103,0,highway_0,0,980.5064813006975,1304.5064813006975,,1.5693287474663151
42.1,ego_0,1306.7315554942381,-11.750000000000002,22.250741935406555,8.149078555131837,llm_0,-0.880396933678229,-0.880396933678229,-0.880396933678229,-0.880396933678229,-0.8716801323546619,0,highway_0,0,982.7315554942381,1306.7315554942381,,1.546790754178847
42.2,ego_0,1308.948022797089,-11.750000000000002,22.164673028508076,8.301487018394482,llm_0,-0.8692959596746608,-0.8692959596746608,-0.8692959596746608,-0.8692959596746608,-0.8606890689847901,0,highway_0,0,984.9480227970889,1308.948022797089,,1.5240846326252253
42.3,ego_0,1311.155980083744,-11.750000000000002,22.079572866551686,8.451623344624295,llm_0,-0.8595116357595178,-0.8595116357595178,-0.8595116357595178,-0.8595116357595178,-0.8510016195639025,0,highway_0,0,987.155980083744,1311.155980083744,,1.5013632622965858
42.4,ego_0,1313.3555161545744,-11.750000000000002,21.995360708304705,8.599495292696247,llm_0,-0.8505427982945031,-0.8505427982945031,-0.8505427982945031,-0.8505427982945031,-0.8421215824698081,0,highway_0,0,989.3555161545744,1313.3555161545744,,1.4787194807180484
42.5,ego_0,1315.546714666439,-11.750000000000002,21.911985118644854,8.74511633518,llm_0,-0.8420934555644738,-0.8420934555644738,-0.8420934555644738,-0.8420934555644738,-0.8337558965985181,0,highway_0,0,991.5467146664389,1315.546714666439,,1.4562104248379164
42.6,ego_0,1317.7296558880855,-11.750000000000002,21.829412216465826,8.88850350329517,llm_0,-0.8339863120082033,-0.8339863120082033,-0.8339863120082033,-0.8339863120082033,-0.8257290217902735,0,highway_0,0,993.7296558880855,1317.7296558880855,,1.4338716811510608
42.7,ego_0,1319.904417764822,-11.750000000000002,21.747618767364994,9.029676067519858,llm_0,-0.8261138359184064,-0.8261138359184064,-0.8261138359184064,-0.8261138359184064,-0.817934491008323,0,highway_0,0,995.904417764822,1319.904417764822,,1.4117256422462958
42.8,ego_0,1322.0710765714753,-11.750000000000002,21.66658806653148,9.168654718726202,llm_0,-0.8184100784184709,-0.8184100784184709,-0.8184100784184709,-0.8184100784184709,-0.8103070083351227,0,highway_0,0,998.0710765714753,1322.0710765714753,,1.3897865120632211
42.9,ego_0,1324.229707316823,-11.750000000000002,21.586307453476568,9.305461053012777,llm_0,-0.8108341918546104,-0.8108341918546104,-0.8108341918546104,-0.8108341918546104,-0.8028061305491363,0,highway_0,0,1000.2297073168229,1324.229707316823,,1.3680633428650424
43.0,ego_0,1326.3803839962607,-11.750000000000002,21.506766794378642,9.440117243040731,llm_0,-0.8033606568890315,-0.8033606568890315,-0.8033606568890315,-0.8033606568890315,-0.7954065909792618,0,highway_0,0,1002.3803839962607,1326.3803839962607,,1.3465619002792693
43.1,ego_0,1328.5231797508043,-11.750000000000002,21.427957545435923,9.57264582521816,llm_0,-0.7959734143214294,-0.7959734143214294,-0.7959734143214294,-0.7959734143214294,-0.7880924894271857,0,highway_0,0,1004.5231797508043,1328.5231797508043,,1.3252858217735408
43.2,ego_0,1330.6581669677203,-11.750000000000002,21.349872169160594,9.703069559634969,llm_0,-0.7886623003808224,-0.7886623003808224,-0.7886623003808224,-0.7886623003808224,-0.7808537627532885,0,highway_0,0,1006.6581669677203,1330.6581669677203,,1.3042373441669959
43.3,ego_0,1332.7854173444607,-11.750000000000002,21.272503767404928,9.831411336175734,llm_0,-0.7814208577322326,-0.7814208577322326,-0.7814208577322326,-0.7814208577322326,-0.7736840175566684,0,highway_0,0,1008.7854173444607,1332.7854173444607,,1.2834177654062984
43.4,ego_0,1334.905001929344,-11.750000000000002,21.195845848834374,9.957694110255716,llm_0,-0.774244977562593,-0.774244977562593,-0.774244977562593,-0.774244977562593,-0.7665791857055382,0,highway_0,0,1010.905001929344,1334.905001929344,,1.262827740799679
43.5,ego_0,1337.0169911474043,-11.750000000000002,21.119892180603255,10.081940857767677,llm_0,-0.767132049134284,-0.767132049134284,-0.767132049134284,-0.767132049134284,-0.759536682311186,0,highway_0,0,1013.0169911474043,1337.0169911474043,,1.2424674751175289
43.6,ego_0,1339.1214548167286,-11.750000000000002,21.04463669324221,10.204174542625424,llm_0,-0.7600804223465317,-0.7600804223465317,-0.7600804223465317,-0.7600804223465317,-0.7525548736104426,0,highway_0,0,1015.1214548167286,1339.1214548167286,,1.22233684857747
43.7,ego_0,1341.2184621586744,-11.750000000000002,20.970073419458622,10.324418092673113,llm_0,-0.7530890652142412,-0.7530890652142412,-0.7530890652142412,-0.7530890652142412,-0.7456327378358907,0,highway_0,0,1017.2184621586744,1341.2184621586744,,1.2024355004761489
43.8,ego_0,1343.3080818041467,-11.750000000000002,20.896196454722936,10.442694381218644,llm_0,-0.746157343830404,-0.746157343830404,-0.746157343830404,-0.746157343830404,-0.7387696473568539,0,highway_0,0,1019.3080818041467,1343.3080818041467,,1.18276288545497
43.9,ego_0,1345.3903817973421,-11.750000000000002,20.822999931954172,10.559026212412164,llm_0,-0.7392848799645252,-0.7392848799645252,-0.7392848799645252,-0.7392848799645252,-0.7319652276876454,0,highway_0,0,1021.3903817973421,1345.3903817973421,,1.1633183119343933
44.0,ego_0,1347.4654295978814,-11.750000000000002,20.750478005392267,10.673436309295312,llm_0,-0.7324714582752251,-0.7324714582752251,-0.7324714582752251,-0.7324714582752251,-0.7252192656190459,0,highway_0,0,1023.4654295978814,1347.4654295978814,,1.144100968832717
44.1,ego_0,1349.5332920819308,-11.750000000000002,20.67862484049319,10.785947303747662,llm_0,-0.7257169654807121,-0.7257169654807121,-0.7257169654807121,-0.7257169654807121,-0.7185316489907834,0,highway_0,0,1025.5332920819308,1349.5332920819308,,1.125109944523384
44.2,ego_0,1351.5940355427101,-11.750000000000002,20.60743460779335,10.896581727808325,llm_0,-0.7190213502683418,-0.7190213502683418,-0.7190213502683418,-0.7190213502683418,-0.7119023269983771,0,highway_0,0,1027.5940355427101,1351.5940355427101,,1.1063442406067203
44.3,ego_0,1353.6477256906503,-11.750000000000002,20.5369014794012,11.005362006026871,llm_0,-0.7123845967607199,-0.7123845967607199,-0.7123845967607199,-0.7123845967607199,-0.7053312839214954,0,highway_0,0,1029.6477256906503,1353.6477256906503,,1.0878027821862304
44.4,ego_0,1355.6944276533736,-11.750000000000002,20.46701962723258,11.112310448603466,llm_0,-0.7058067069030668,-0.7058067069030668,-0.7058067069030668,-0.7058067069030668,-0.6988185216862064,0,highway_0,0,1031.6944276533736,1355.6944276533736,,1.06948442576644
44.5,ego_0,1357.734205975614,-11.750000000000002,20.39778322240479,11.217449245154967,llm_0,-0.6992876887606885,-0.6992876887606885,-0.6992876887606885,-0.6992876887606885,-0.6923640482779092,0,highway_0,0,1033.734205975614,1357.734205975614,,1.0513879655152145
44.6,ego_0,1359.767124619154,-11.750000000000002,20.32918643539924,11.320800458993745,llm_0,-0.6928275487560431,-0.6928275487560431,-0.6928275487560431,-0.6928275487560431,-0.6859678700554994,0,highway_0,0,1035.767124619154,1359.767124619154,,1.0335121383882822
44.7,ego_0,1361.793246962827,-11.750000000000002,20.261223436731232,11.422386021838975,llm_0,-0.6864262865468922,-0.6864262865468922,-0.6864262865468922,-0.6864262865468922,-0.6796299866800837,0,highway_0,0,1037.793246962827,1361.793246962827,,1.0158556284512414
44.8,ego_0,1363.812635802622,-11.750000000000002,20.193888397950527,11.522227728901726,llm_0,-0.6800838916851125,-0.6800838916851125,-0.6800838916851125,-0.6800838916851125,-0.6733503878070479,0,highway_0,0,1039.812635802622,1363.812635802622,,0.9984170706266404
44.9,ego_0,1365.8253533519073,-11.750000000000002,20.127175492853283,11.620347234303836,llm_0,-0.6738003414821493,-0.6738003414821493,-0.6738003414821493,-0.6738003414821493,-0.6671290509724415,0,highway_0,0,1041.8253533519073,1365.8253533519073,,0.9811950540213381
45.0,ego_0,1367.8314612417898,-11.750000000000002,20.06107889882403,11.71676604679783,llm_0,-0.6675755996954409,-0.6675755996954409,-0.6675755996954409,-0.6675755996954409,-0.6609659402925416,0,highway_0,0,1043.8314612417898,1367.8314612417898,,0.9641881249408826
45.1,ego_0,1369.831020521615,-11.750000000000002,19.995592798252147,11.811505525764233,llm_0,-0.6614096157759921,-0.6614096157759921,-0.6614096157759921,-0.6614096157759921,-0.6548610057188142,0,highway_0,0,1045.831020521615,1369.831020521615,,0.9473947896646067
45.2,ego_0,1371.8240916596135,-11.750000000000002,19.93071137998476,11.904586877467636,llm_0,-0.6553023245006113,-0.6553023245006113,-0.6553023245006113,-0.6553023245006113,-0.6488141826738669,0,highway_0,0,1047.8240916596135,1371.8240916596135,,0.9308135170329415
45.3,ego_0,1373.8107345436924,-11.750000000000002,19.866428840789904,11.996031151556053,llm_0,-0.64925364586805,-0.64925364586805,-0.64925364586805,-0.64925364586805,-0.6428253919485627,0,highway_0,0,1049.8107345436924,1373.8107345436924,,0.9144427408828655
45.4,ego_0,1375.7910084823736,-11.750000000000002,19.802739386812014,12.085859237791738,llm_0,-0.6432634851766749,-0.6432634851766749,-0.6432634851766749,-0.6432634851766749,-0.6368945397789005,0,highway_0,0,1051.7910084823736,1375.7910084823736,,0.898280862357101
45.5,ego_0,1377.7649722058743,-11.750000000000002,19.739637235007432,12.174091863002332,llm_0,-0.6373317332262878,-0.6373317332262878,-0.6373317332262878,-0.6373317332262878,-0.6310215180458201,0,highway_0,0,1053.7649722058743,1377.7649722058743,,0.882326252105269
45.6,ego_0,1379.7326838673293,-11.750000000000002,19.677116614551522,12.260749588241424,llm_0,-0.6314582666046967,-0.6314582666046967,-0.6314582666046967,-0.6314582666046967,-0.6252062045590989,0,highway_0,0,1055.7326838673293,1379.7326838673293,,0.8665772523901545
45.7,ego_0,1381.6942010441505,-11.750000000000002,19.61517176821173,12.34585280615238,llm_0,-0.6256429480318946,-0.6256429480318946,-0.6256429480318946,-0.6256429480318946,-0.6194484633979158,0,highway_0,0,1057.6942010441505,1381.6942010441505,,0.8510321791087705
45.8,ego_0,1383.6495807395188,-11.750000000000002,19.553796953682824,12.429421738525889,llm_0,-0.619885626741943,-0.619885626741943,-0.619885626741943,-0.619885626741943,-0.6137481452890725,0,highway_0,0,1059.6495807395188,1383.6495807395188,,0.835689323735398
45.9,ego_0,1385.598879384007,-11.750000000000002,19.492986444881886,12.511476434045107,llm_0,-0.6141861388894609,-0.6141861388894609,-0.6141861388894609,-0.6141861388894609,-0.6081050880093741,0,highway_0,0,1061.598879384007,1385.598879384007,,0.820546955192075
46.0,ego_0,1387.5421528373272,-11.750000000000002,19.432734533201604,12.592036766210185,llm_0,-0.6085443079708536,-0.6085443079708536,-0.6085443079708536,-0.6085443079708536,-0.6025191168028243,0,highway_0,0,1063.5421528373272,1387.5421528373272,,0.8056033216507217
46.1,ego_0,1389.4794563901994,-11.750000000000002,19.373035528721022,12.671122431437198,llm_0,-0.6029599452538676,-0.6029599452538676,-0.6029599452538676,-0.6029599452538676,-0.5969900448058141,0,highway_0,0,1065.4794563901994,1389.4794563901994,,0.790856652270314
46.2,ego_0,1391.4108447663368,-11.750000000000002,19.313883761373475,12.74875294732442,llm_0,-0.5974328502102284,-0.5974328502102284,-0.5974328502102284,-0.5974328502102284,-0.5915176734754723,0,highway_0,0,1067.4108447663368,1391.4108447663368,,0.7763051588718071
46.3,ego_0,1393.336372124544,-11.750000000000002,19.25527358207168,12.82494765107981,llm_0,-0.5919628109481448,-0.5919628109481448,-0.5919628109481448,-0.5919628109481448,-0.5861017930179457,0,highway_0,0,1069.336372124544,1393.336372124544,,0.7619470375531456
46.4,ego_0,1395.256092060923,-11.750000000000002,19.197199363790272,12.899725698104248,llm_0,-0.5865496046422041,-0.5865496046422041,-0.5865496046422041,-0.5865496046422041,-0.5807421828140846,0,highway_0,0,1071.256092060923,1395.256092060923,,0.7477804702463224
46.5,ego_0,1397.1700576111837,-11.750000000000002,19.139655502606228,12.973106060725968,llm_0,-0.581192997958822,-0.581192997958822,-0.581192997958822,-0.581192997958822,-0.5754386118404398,0,highway_0,0,1073.1700576111837,1397.1700576111837,,0.7338036262182506
46.6,ego_0,1399.0783212530534,-11.750000000000002,19.08263641869774,13.045107527077562,llm_0,-0.5758927474757426,-0.5758927474757426,-0.5758927474757426,-0.5758927474757426,-0.5701908390848942,0,highway_0,0,1075.0783212530534,1399.0783212530534,,0.7200146635170483
46.7,ego_0,1400.9809349087836,-11.750000000000002,19.02613655730216,13.115748700114182,llm_0,-0.5706486000953479,-0.5706486000953479,-0.5706486000953479,-0.5706486000953479,-0.5649986139557939,0,highway_0,0,1076.9809349087836,1400.9809349087836,,0.7064117303652218
46.8,ego_0,1402.877949947747,-11.750000000000002,18.97015038963382,13.185047996764297,llm_0,-0.5654602934502406,-0.5654602934502406,-0.5654602934502406,-0.5654602934502406,-0.5598616766834041,0,highway_0,0,1078.877949947747,1402.877949947747,,0.6929929665010768
46.9,ego_0,1404.7694171891233,-11.750000000000002,18.91467241376239,13.253023647211421,llm_0,-0.5603275563014626,-0.5603275563014626,-0.5603275563014626,-0.5603275563014626,-0.5547797587142966,0,highway_0,0,1080.7694171891233,1404.7694171891233,,0.6797565044697578
47.0,ego_0,1406.6553869046686,-11.750000000000002,18.859697155452672,13.31969369429794,llm_0,-0.5552501089281636,-0.5552501089281636,-0.5552501089281636,-0.5552501089281636,-0.5497525830971739,0,highway_0,0,1082.6553869046686,1406.6553869046686,,0.6667004708650985
47.1,ego_0,1408.5359088215653,-11.750000000000002,18.805219168966584,13.38507599305035,llm_0,-0.5502276635094681,-0.5502276635094681,-0.5502276635094681,-0.5502276635094681,-0.5447798648608781,0,highway_0,0,1084.5359088215653,1408.5359088215653,,0.6538229875235793
47.2,ego_0,1410.4110321253481,-11.750000000000002,18.75123303782823,13.449188210317516,llm_0,-0.5452599244974083,-0.5452599244974083,-0.5452599244974083,-0.5452599244974083,-0.5398613113835538,0,highway_0,0,1086.4110321253481,1410.4110321253481,,0.641122172671512
47.3,ego_0,1412.2808054629033,-11.750000000000002,18.697733375552808,13.512047824520323,llm_0,-0.5403465889817602,-0.5403465889817602,-0.5403465889817602,-0.5403465889817602,-0.5349966227542069,0,highway_0,0,1088.2808054629033,1412.2808054629033,,0.6285961420267405
47.4,ego_0,1414.1452769455375,-11.750000000000002,18.64471482634034,13.57367212550571,llm_0,-0.5354873470459292,-0.5354873470459292,-0.5354873470459292,-0.5354873470459292,-0.5301854921246729,0,highway_0,0,1090.1452769455375,1414.1452769455375,,0.6162430098558751
47.5,ego_0,1416.004494152111,-11.750000000000002,18.592172065734932,13.634078214504598,llm_0,-0.5306818821146223,-0.5306818821146223,-0.5306818821146223,-0.5306818821146223,-0.5254276060540874,0,highway_0,0,1092.004494152111,1416.004494152111,,0.6040608899883075
47.6,ego_0,1417.858504132236,-11.750000000000002,18.540099801250538,13.693283004183286,llm_0,-0.5259298712923697,-0.5259298712923697,-0.5259298712923697,-0.5259298712923697,-0.5207226448439428,0,highway_0,0,1093.858504132236,1417.858504132236,,0.5920478967880101
47.7,ego_0,1419.7073534095325,-11.750000000000002,18.48849277296397,13.75130321879169,llm_0,-0.5212309856943584,-0.5212309856943584,-0.5212309856943584,-0.5212309856943584,-0.5160702828656838,0,highway_0,0,1095.7073534095325,1419.7073534095325,,0.5802021460843498
47.8,ego_0,1421.55108798494,-11.750000000000002,18.437345754076055,13.808155394398,llm_0,-0.5165848907679348,-0.5165848907679348,-0.5165848907679348,-0.5165848907679348,-0.5114701888791373,0,highway_0,0,1097.55108798494,1421.55108798494,,0.5685217560628999
47.9,ego_0,1423.3897533400843,-11.750000000000002,18.38665355144177,13.863855879209723,llm_0,-0.5119912466062881,-0.5119912466062881,-0.5119912466062881,-0.5119912466062881,-0.506922026342842,0,highway_0,0,1099.3897533400843,1423.3897533400843,,0.5570048481173409
48.0,ego_0,1425.2233944406914,-11.750000000000002,18.33641100607013,13.918420833975915,llm_0,-0.5074497082535949,-0.5074497082535949,-0.5074497082535949,-0.5074497082535949,-0.5024254537164197,0,highway_0,0,1101.2233944406914,1425.2233944406914,,0.545649547663551
48.1,ego_0,1427.052055740051,-11.750000000000002,18.28661299359469,13.971866232467619,llm_0,-0.502959926001928,-0.502959926001928,-0.502959926001928,-0.502959926001928,-0.4979801247543847,0,highway_0,0,1103.052055740051,1427.052055740051,,0.534453984916901
48.2,ego_0,1428.8757811825226,-11.750000000000002,18.237254424715488,14.024207862030835,llm_0,-0.49852154567994933,-0.49852154567994933,-0.49852154567994933,-0.49852154567994933,-0.4935856887920309,0,highway_0,0,1104.8757811825226,1428.8757811825226,,0.5234162956337443
48.3,ego_0,1430.694614207084,-11.750000000000002,18.188330245613116,14.075461324212483,llm_0,-0.4941342089339271,-0.4941342089339271,-0.4941342089339271,-0.4941342089339271,-0.4892417910237157,0,highway_0,0,1106.694614207084,1430.694614207084,,0.5125346218181832
48.4,ego_0,1432.5085977509175,-11.750000000000002,18.139835438335858,14.125642035452074,llm_0,-0.4897975535003365,-0.4897975535003365,-0.4897975535003365,-0.4897975535003365,-0.4849480727725819,0,highway_0,0,1108.5085977509175,1432.5085977509175,,0.5018071123950669
48.5,ego_0,1434.3177742530336,-11.750000000000002,18.091765021160512,14.174765227837042,llm_0,-0.4855112134709938,-0.4855112134709938,-0.4855112134709938,-0.4855112134709938,-0.4807041717534588,0,highway_0,0,1110.3177742530336,1434.3177742530336,,0.4912319238502363
48.6,ego_0,1436.1221856579264,-11.750000000000002,18.044114048927785,14.222845949920838,llm_0,-0.48127481955052687,-0.48127481955052687,-0.48127481955052687,-0.48127481955052687,-0.47650972232727185,0,highway_0,0,1112.1221856579264,1436.1221856579264,,0.4808072208389298
48.7,ego_0,1437.9218734192616,-11.750000000000002,17.996877613352936,14.26989906759718,llm_0,-0.477087999305962,-0.477087999305962,-0.477087999305962,-0.477087999305962,-0.4723643557484891,0,highway_0,0,1113.9218734192616,1437.9218734192616,,0.470531176763366
48.8,ego_0,1439.7168785035929,-11.750000000000002,17.95005084331243,14.315939265029101,llm_0,-0.4729503774091426,-0.4729503774091426,-0.4729503774091426,-0.4729503774091426,-0.4682677004050717,0,highway_0,0,1115.7168785035929,1439.7168785035929,,0.46040197432039065
48.9,ego_0,1441.5072413941036,-11.750000000000002,17.903628905107297,14.360981045630979,llm_0,-0.4688615758718342,-0.4688615758718342,-0.4688615758718342,-0.4688615758718342,-0.4642193820513185,0,highway_0,0,1117.5072413941036,1441.5072413941036,,0.45041780602016246
49.0,ego_0,1443.293002094374,-11.750000000000002,17.857607002703993,14.405038733098536,llm_0,-0.4648212142734002,-0.4648212142734002,-0.4648212142734002,-0.4648212142734002,-0.46021902403303727,0,highway_0,0,1119.293002094374,1443.293002094374,,0.44057687467670803
49.1,ego_0,1445.0742001321694,-11.750000000000002,17.811980377953333,14.448126472485683,llm_0,-0.46082890998166803,-0.46082890998166803,-0.46082890998166803,-0.46082890998166803,-0.4562662475066048,0,highway_0,0,1121.0742001321694,1445.0742001321694,,0.43087739387129886
49.2,ego_0,1446.8508745632482,-11.750000000000002,17.76674431078831,14.49025823132456,llm_0,-0.4568842783667374,-0.4568842783667374,-0.4568842783667374,-0.4568842783667374,-0.45236067165021154,0,highway_0,0,1122.8508745632482,1446.8508745632482,,0.4213175883894813
49.3,ego_0,1448.6230639751884,-11.750000000000002,17.72189411940137,14.531447800787873,llm_0,-0.4529869330081093,-0.4529869330081093,-0.4529869330081093,-0.4529869330081093,-0.4485019138694213,0,highway_0,0,1124.6230639751884,1448.6230639751884,,0.4118956946326726
49.4,ego_0,1450.3908064912287,-11.750000000000002,17.677425160401874,14.571708796888288,llm_0,-0.4491364858948883,-0.4491364858948883,-0.4491364858948883,-0.4491364858948883,-0.444689589994951,0,highway_0,0,1126.3908064912287,1450.3908064912287,,0.4026099610050551
49.5,ego_0,1452.1541397741241,-11.750000000000002,17.633332828954366,14.611054661716025,llm_0,-0.44533254761982166,-0.44533254761982166,-0.44533254761982166,-0.44533254761982166,-0.4409233144750857,0,highway_0,0,1128.1541397741241,1452.1541397741241,,0.3934586482767095
49.6,ego_0,1453.9131010300139,-11.750000000000002,17.58961255889827,14.649498664708517,llm_0,-0.4415747275665364,-0.4415747275665364,-0.4415747275665364,-0.4415747275665364,-0.43720270056095245,0,highway_0,0,1129.9131010300139,1453.9131010300139,,0.38444002992369875
49.7,ego_0,1455.6677270122989,-11.750000000000002,17.546259822849667,14.687053903953029,llm_0,-0.43786263409089876,-0.43786263409089876,-0.43786263409089876,-0.43786263409089876,-0.433527360486039,0,highway_0,0,1131.6677270122989,1455.6677270122989,,0.3755523924459361
49.8,ego_0,1457.4180540255275,-11.750000000000002,17.503270132285703,14.723733307519296,llm_0,-0.43419587469601995,-0.43419587469601995,-0.43419587469601995,-0.43419587469601995,-0.42989690563963734,0,highway_0,0,1133.4180540255275,1457.4180540255275,,0.366794035663613
49.9,ego_0,1459.1641179292888,-11.750000000000002,17.46063903761232,14.75954963481854,llm_0,-0.43057405620116207,-0.43057405620116207,-0.43057405620116207,-0.43057405620116207,-0.4263109467338211,0,highway_0,0,1135.1641179292888,1459.1641179292888,,0.3581632729928863
50.0,ego_0,1460.9059541421104,-11.750000000000002,17.418362128215783,14.794515477988625,llm_0,-0.4269967849050499,-0.4269967849050499,-0.4269967849050499,-0.4269967849050499,-0.4227690939653783,0,highway_0,0,1136.9059541421104,1460.9059541421104,,0.34965843170162003
50.1,ego_0,1462.6435976453604,-11.750000000000002,17.376435032498623,14.828643263303093,llm_0,-0.4234636667432984,-0.4234636667432984,-0.4234636667432984,-0.4234636667432984,-0.419270957171598,0,highway_0,0,1138.6435976453604,1462.6435976453604,,0.3412778531458791
50.2,ego_0,1464.3770829871505,-11.750000000000002,17.334853417900586,14.8619452526018,llm_0,-0.41997430744020203,-0.41997430744020203,-0.41997430744020203,-0.41997430744020203,-0.4158161459803722,0,highway_0,0,1140.3770829871505,1464.3770829871505,,0.33301989298784207
50.3,ego_0,1466.106444286241,-11.750000000000002,17.29361299090503,14.89443354474156,llm_0,-0.4165283126551126,-0.4165283126551126,-0.4165283126551126,-0.4165283126551126,-0.412404269955573,0,highway_0,0,1142.106444286241,1466.106444286241,,0.3248829213959006
50.4,ego_0,1467.831715235944,-11.750000000000002,17.252709497031425,14.926120077064297,llm_0,-0.413125288123415,-0.413125288123415,-0.413125288123415,-0.413125288123415,-0.4090349387360348,0,highway_0,0,1143.831715235944,1467.831715235944,,0.31686532322750693
50.5,ego_0,1469.5529291080256,-11.750000000000002,17.212138720814348,14.957016626883842,llm_0,-0.40976483979248235,-0.40976483979248235,-0.40976483979248235,-0.40976483979248235,-0.40570776217077054,0,highway_0,0,1145.5529291080256,1469.5529291080256,,0.30896549819551566
50.6,ego_0,1471.2701187566026,-11.750000000000002,17.171896485769583,14.987134812985687,llm_0,-0.40644657395213835,-0.40644657395213835,-0.40644657395213835,-0.40644657395213835,-0.40242235044765096,0,highway_0,0,1147.2701187566026,1471.2701187566026,,0.3011818610185948
50.7,ego_0,1472.9833166220374,-11.750000000000002,17.131978654347748,15.016486097141296,llm_0,-0.4031700973605453,-0.4031700973605453,-0.4031700973605453,-0.4031700973605453,-0.3991783142183536,0,highway_0,0,1148.9833166220374,1472.9833166220374,,0.29351284155634616
50.8,ego_0,1474.6925547348249,-11.750000000000002,17.092381127875957,15.045081785634466,llm_0,-0.3999350173650629,-0.3999350173650629,-0.3999350173650629,-0.3999350173650629,-0.39597526471791156,0,highway_0,0,1150.6925547348249,1474.6925547348249,,0.28595688492974247
50.9,ego_0,1476.3978647194735,-11.750000000000002,17.053099846487996,15.07293303079723,llm_0,-0.39674094201837706,-0.39674094201837706,-0.39674094201837706,-0.39674094201837706,-0.3928128138796083,0,highway_0,0,1152.3978647194735,1476.3978647194735,,0.27851245162744576
51.0,ego_0,1478.099277798378,-11.750000000000002,17.014130789043417,15.100050832557145,llm_0,-0.3935874801902388,-0.3935874801902388,-0.3935874801902388,-0.3935874801902388,-0.3896905744457868,0,highway_0,0,1154.099277798378,1478.099277798378,,0.27117801759861493
51.1,ego_0,1479.7968247956815,-11.750000000000002,16.97546997303606,15.12644603999047,llm_0,-0.3904742416743303,-0.3904742416743303,-0.3904742416743303,-0.3904742416743303,-0.38660816007357823,0,highway_0,0,1155.7968247956815,1479.7968247956815,,0.26395207433271395
51.2,ego_0,1481.4905361411306,-11.750000000000002,16.93711345449238,15.152129352883321,llm_0,-0.38740083729115316,-0.38740083729115316,-0.38740083729115316,-0.38740083729115316,-0.38356518543679385,0,highway_0,0,1157.4905361411306,1481.4905361411306,,0.25683312892689614
51.3,ego_0,1483.1804418739166,-11.750000000000002,16.899057327860056,15.177111323297595,llm_0,-0.38436687898644695,-0.38436687898644695,-0.38436687898644695,-0.38436687898644695,-0.38056126632323384,0,highway_0,0,1159.1804418739166,1483.1804418739166,,0.24981970414145138
51.4,ego_0,1484.8665716465052,-11.750000000000002,16.861297725887223,15.201402357142115,llm_0,-0.38137197992562444,-0.38137197992562444,-0.38137197992562444,-0.38137197992562444,-0.3775960197283368,0,highway_0,0,1160.8665716465052,1484.8665716465052,,0.242910338443874
51.5,ego_0,1486.5489547284544,-11.750000000000002,16.823830819492766,15.225012715746516,llm_0,-0.37841575458402565,-0.37841575458402565,-0.37841575458402565,-0.37841575458402565,-0.374669063944566,0,highway_0,0,1162.5489547284544,1486.5489547284544,,0.236103586042006
51.6,ego_0,1488.2276200102172,-11.750000000000002,16.786652817628074,15.24795251743717,llm_0,-0.37549781883337574,-0.37549781883337574,-0.37549781883337574,-0.37549781883337574,-0.37178001864692334,0,highway_0,0,1164.2276200102172,1488.2276200102172,,0.2293980169067531
51.7,ego_0,1489.9025960069303,-11.750000000000002,16.749759967130604,15.270231739115616,llm_0,-0.3726177900244697,-0.3726177900244697,-0.3726177900244697,-0.3726177900244697,-0.3689285049746971,0,highway_0,0,1165.9025960069303,1489.9025960069303,,0.22279221678481065
51.8,ego_0,1491.5739108621872,-11.750000000000002,16.713148552569614,15.291860217835847,llm_0,-0.3697752870659924,-0.3697752870659924,-0.3697752870659924,-0.3697752870659924,-0.36611414560990596,0,highway_0,0,1167.5739108621872,1491.5739108621872,,0.21628478720193556
51.9,ego_0,1493.2415923517956,-11.750000000000002,16.676814896084473,15.312847652381606,llm_0,-0.366969930499932,-0.366969930499932,-0.366969930499932,-0.366969930499932,-0.36333656485140864,0,highway_0,0,1169.2415923517956,1493.2415923517956,,0.2098743454570524
52.0,ego_0,1494.9056678875172,-11.750000000000002,16.640755357215813,15.33320360484231,llm_0,-0.3642013425734938,-0.3642013425734938,-0.3642013425734938,-0.3642013425734938,-0.3605953886865976,0,highway_0,0,1170.9056678875172,1494.9056678875172,,0.20355952460779747
52.1,ego_0,1496.5661645207902,-11.750000000000002,16.60496633272992,15.35293750218716,llm_0,-0.36146914730753155,-0.36146914730753155,-0.36146914730753155,-0.36146914730753155,-0.35789024485893606,0,highway_0,0,1172.5661645207902,1496.5661645207902,,0.19733897344778129
52.2,ego_0,1498.2231089464337,-11.750000000000002,16.569444256436686,15.372058637834925,llm_0,-0.3587729705616569,-0.3587729705616569,-0.3587729705616569,-0.3587729705616569,-0.3552207629323334,0,highway_0,0,1174.2231089464337,1498.2231089464337,,0.19121135647596788
52.3,ego_0,1499.8765275063338,-11.750000000000002,16.534185599001397,15.39057617322078,llm_0,-0.3561124400964111,-0.3561124400964111,-0.3561124400964111,-0.3561124400964111,-0.3525865743528911,0,highway_0,0,1175.8765275063338,1499.8765275063338,,0.18517535385867845
52.4,ego_0,1501.5264461931088,-11.750000000000002,16.49918686775069,15.408499139359265,llm_0,-0.35348718563212067,-0.35348718563212067,-0.35348718563212067,-0.35348718563212067,-0.3499873125070607,0,highway_0,0,1177.5264461931088,1501.5264461931088,,0.17922966138445418
52.5,ego_0,1503.172890653756,-11.750000000000002,16.464444606473,15.425836438400665,llm_0,-0.3508968389046978,-0.3508968389046978,-0.3508968389046978,-0.3508968389046978,-0.3474226127769242,0,highway_0,0,1179.172890653756,1503.172890653756,,0.17337299041219723
52.6,ego_0,1504.8158861932773,-11.750000000000002,16.429955395213714,15.442596845182152,llm_0,-0.3483410337187737,-0.3483410337187737,-0.3483410337187737,-0.3483410337187737,-0.344892112592845,0,highway_0,0,1180.8158861932773,1504.8158861932773,,0.16760406781295956
52.7,ego_0,1506.4554577782837,-11.750000000000002,16.39571585006541,15.458789008772783,llm_0,-0.3458194059978721,-0.3458194059978721,-0.3458194059978721,-0.3458194059978721,-0.3423954514830285,0,highway_0,0,1182.4554577782837,1506.4554577782837,,0.16192163590566366
52.8,ego_0,1508.091630040579,-11.750000000000002,16.361722622953348,15.474421454011463,llm_0,-0.34333159383185097,-0.34333159383185097,-0.34333159383185097,-0.34333159383185097,-0.33993227112063096,0,highway_0,0,1184.091630040579,1508.091630040579,,0.15632445238713188
52.9,ego_0,1509.7244272807206,-11.750000000000002,16.32797240141655,15.489502583037165,llm_0,-0.34087723752167454,-0.34087723752167454,-0.34087723752167454,-0.34087723752167454,-0.33750221536799074,0,highway_0,0,1185.7244272807206,1509.7244272807206,,0.15081129025670137
53.0,ego_0,1511.3538734715592,-11.750000000000002,16.2944619083847,15.504040676810746,llm_0,-0.3384559796216612,-0.3384559796216612,-0.3384559796216612,-0.3384559796216612,-0.33510493031847943,0,highway_0,0,1187.3538734715592,1511.3538734715592,,0.1453809377357338
53.1,ego_0,1512.9799922617542,-11.750000000000002,16.261187901951104,15.518043896629024,llm_0,-0.33606746497933504,-0.33606746497933504,-0.33606746497933504,-0.33606746497933504,-0.33274006433597236,0,highway_0,0,1188.9799922617542,1512.9799922617542,,0.14003219818234314
53.2,ego_0,1514.6028069792685,-11.750000000000002,16.228147175141924,15.531520285629085,llm_0,-0.33371134077270703,-0.33371134077270703,-0.33371134077270703,-0.33371134077270703,-0.3304072680917969,0,highway_0,0,1190.6028069792685,1514.6028069792685,,0.13476389000158306
53.3,ego_0,1516.2223406348367,-11.750000000000002,16.195336555681983,15.544477770284175,llm_0,-0.3313872565453849,-0.3313872565453849,-0.3313872565453849,-0.3313872565453849,-0.3281061945994068,0,highway_0,0,1192.2223406348367,1516.2223406348367,,0.12957484655138884
53.4,ego_0,1517.8386159254123,-11.750000000000002,16.1627529057573,15.556924161888674,llm_0,-0.3290948642392729,-0.3290948642392729,-0.3290948642392729,-0.3290948642392729,-0.3258364992468188,0,highway_0,0,1193.8386159254123,1517.8386159254123,,0.1244639160445189
53.5,ego_0,1519.4516552375899,-11.750000000000002,16.1303931217746,15.5688671580333,llm_0,-0.3268338182252839,-0.3268338182252839,-0.3268338182252839,-0.3268338182252839,-0.3235978398270234,0,highway_0,0,1195.4516552375899,1519.4516552375899,,0.1194299614467802
53.6,ego_0,1521.0614806510016,-11.750000000000002,16.09825413411798,15.58031434407053,llm_0,-0.32460377533186535,-0.32460377533186535,-0.32460377533186535,-0.32460377533186535,-0.3213898765661938,0,highway_0,0,1197.0614806510016,1521.0614806510016,,0.11447186037174006
53.7,ego_0,1522.668113941692,-11.750000000000002,16.06633290690299,15.591273194567748,llm_0,-0.3224043948713984,-0.3224043948713984,-0.3224043948713984,-0.3224043948713984,-0.31921227214990466,0,highway_0,0,1198.668113941692,1522.668113941692,,0.10958850497218364
53.8,ego_0,1524.2715765854648,-11.750000000000002,16.03462643772825,15.60175107475061,llm_0,-0.32023533866485154,-0.32023533866485154,-0.32023533866485154,-0.32023533866485154,-0.3170646917473974,0,highway_0,0,1200.2715765854648,1524.2715765854648,,0.10477880182854449
53.9,ego_0,1525.8718897612073,-11.750000000000002,16.00313175742485,15.611755241934134,llm_0,-0.3180962710643166,-0.3180962710643166,-0.3180962710643166,-0.3180962710643166,-0.31494680303399747,0,highway_0,0,1201.8718897612073,1525.8718897612073,,0.10004167183450008
54.0,ego_0,1527.4690743541876,-11.750000000000002,15.971845929803676,15.621292846942197,llm_0,-0.31598685897386125,-0.31598685897386125,-0.31598685897386125,-0.31598685897386125,-0.31285827621173823,0,highway_0,0,1203.4690743541876,1527.4690743541876,,0.0953760500799472
54.1,ego_0,1529.0631509593277,-11.750000000000002,15.940766051400843,15.63037093551543,llm_0,-0.3139067718686114,-0.3139067718686114,-0.3139067718686114,-0.3139067718686114,-0.31079878402833216,0,highway_0,0,1205.0631509593277,1529.0631509593277,,0.09078088573162546
54.2,ego_0,1530.65413988445,-11.750000000000002,15.909889251221436,15.638996449706383,llm_0,-0.31185568181201295,-0.31185568181201295,-0.31185568181201295,-0.31185568181201295,-0.30876800179406416,0,highway_0,0,1206.65413988445,1530.65413988445,,0.08625514191143502
54.3,ego_0,1532.242061153498,-11.750000000000002,15.87921269048167,15.647176229263778,llm_0,-0.30983326347162954,-0.30983326347162954,-0.30983326347162954,-0.30983326347162954,-0.30676560739765435,0,highway_0,0,1208.242061153498,1532.242061153498,,0.08179779557277556
54.4,ego_0,1533.826934509733,-11.750000000000002,15.848733562349684,15.654917013001295,llm_0,-0.3078391941330656,-0.3078391941330656,-0.3078391941330656,-0.3078391941330656,-0.304791281319865,0,highway_0,0,1209.826934509733,1533.826934509733,,0.07740783737499513
54.5,ego_0,1535.4087794189015,-11.750000000000002,15.818449091685045,15.662225440157044,llm_0,-0.30587315371285295,-0.30587315371285295,-0.30587315371285295,-0.30587315371285295,-0.30284470664639684,0,highway_0,0,1211.4087794189015,1535.4087794189015,,0.07308427155617636
54.6,ego_0,1536.9876150723792,-11.750000000000002,15.788356534777192,15.669108051737567,llm_0,-0.303934824769307,-0.303934824769307,-0.303934824769307,-0.303934824769307,-0.3009255690785295,0,highway_0,0,1212.9876150723792,1536.9876150723792,,0.06882611580436837
54.7,ego_0,1538.5634603902874,-11.750000000000002,15.758453179082895,15.675571291850247,llm_0,-0.3020238925123877,-0.3020238925123877,-0.3020238925123877,-0.3020238925123877,-0.2990335569429625,0,highway_0,0,1214.5634603902874,1538.5634603902874,,0.06463240112746327
54.8,ego_0,1540.1363340245837,-11.750000000000002,15.728736342962899,15.681621509022534,llm_0,-0.3001400448119701,-0.3001400448119701,-0.3001400448119701,-0.3001400448119701,-0.2971683611999687,0,highway_0,0,1216.1363340245837,1540.1363340245837,,0.06050217172183103
54.9,ego_0,1541.7062543621255,-11.750000000000002,15.699203375417868,15.687264957506386,llm_0,-0.2982829722048116,-0.2982829722048116,-0.2982829722048116,-0.2982829722048116,-0.2953296754503043,0,highway_0,0,1217.7062543621255,1541.7062543621255,,0.05643448483988145
55.0,ego_0,1543.2732395277078,-11.750000000000002,15.66985165582376,15.692507798572024,llm_0,-0.296452367900499,-0.296452367900499,-0.296452367900499,-0.296452367900499,-0.2935171959410887,0,highway_0,0,1219.2732395277078,1543.2732395277078,,0.052428410656684576
55.1,ego_0,1544.8373073870746,-11.750000000000002,15.640678593666753,15.697356101785545,llm_0,-0.294647927785754,-0.294647927785754,-0.294647927785754,-0.294647927785754,-0.2917306215700677,0,highway_0,0,1220.8373073870746,1544.8373073870746,,0.048483032135754556
55.2,ego_0,1546.3984755499023,-11.750000000000002,15.61168162827784,15.70181584627494,llm_0,-0.29286935042801665,-0.29286935042801665,-0.29286935042801665,-0.29286935042801665,-0.28996965388913054,0,highway_0,0,1222.3984755499023,1546.3984755499023,,0.04459744489416195
55.3,ego_0,1547.956761372759,-11.750000000000002,15.582858228567188,15.705892921981558,llm_0,-0.2911163370775933,-0.2911163370775933,-0.2911163370775933,-0.2911163370775933,-0.2882339971065129,0,highway_0,0,1223.956761372759,1547.956761372759,,0.04077075706706168
55.4,ego_0,1549.512181962035,-11.750000000000002,15.554205892758388,15.709593130898611,llm_0,-0.28938859166888675,-0.28938859166888675,-0.28938859166888675,-0.28938859166888675,-0.28652335808800444,0,highway_0,0,1225.512181962035,1549.512181962035,,0.037002089171764396
55.5,ego_0,1551.0647541768471,-11.750000000000002,15.525722148122695,15.712922188295806,llm_0,-0.28768582082049265,-0.28768582082049265,-0.28768582082049265,-0.28768582082049265,-0.2848374463569314,0,highway_0,0,1227.0647541768471,1551.0647541768471,,0.033290573971445525
55.6,ego_0,1552.6144946319184,-11.750000000000002,15.497404550713354,15.71588572392966,llm_0,-0.28600773383435185,-0.28600773383435185,-0.28600773383435185,-0.28600773383435185,-0.28317597409341033,0,highway_0,0,1228.6144946319184,1552.6144946319184,,0.029635356338602037
55.7,ego_0,1554.1614197004285,-11.750000000000002,15.469250685100082,15.718489283241524,llm_0,-0.2843540426940432,-0.2843540426940432,-0.2843540426940432,-0.2843540426940432,-0.2815386561327138,0,highway_0,0,1230.1614197004285,1554.1614197004285,,0.02603559311838488
55.8,ego_0,1555.7055455168388,-11.750000000000002,15.441258164103852,15.720738328540847,llm_0,-0.282724462061932,-0.282724462061932,-0.282724462061932,-0.282724462061932,-0.27992520996230397,0,highway_0,0,1231.7055455168388,1555.7055455168388,,0.022490452991823062
55.9,ego_0,1557.246887979692,-11.750000000000002,15.413424628532004,15.722638240174774,llm_0,-0.2811187092756524,-0.2811187092756524,-0.2811187092756524,-0.2811187092756524,-0.27833535571847534,0,highway_0,0,1233.246887979692,1557.246887979692,,0.01899911633911877
56.0,ego_0,1558.7854627543834,-11.750000000000002,15.385747746913815,15.724194317685033,llm_0,-0.2795365043437066,-0.2795365043437066,-0.2795365043437066,-0.2795365043437066,-0.27676881618189597,0,highway_0,0,1234.7854627543834,1558.7854627543834,,0.015560775103033109
56.1,ego_0,1560.321285275907,-11.750000000000002,15.358225215236573,15.725411780950253,llm_0,-0.27797756994014045,-0.27797756994014045,-0.27797756994014045,-0.27797756994014045,-0.27522531677242057,0,highway_0,0,1236.321285275907,1560.321285275907,,0.012174632652463657
56.2,ego_0,1561.8543707515753,-11.750000000000002,15.330854756682257,15.72629577131488,llm_0,-0.27644163139858646,-0.27644163139858646,-0.27644163139858646,-0.27644163139858646,-0.27370458554315746,0,highway_0,0,1237.8543707515753,1561.8543707515753,,0.008839903646293834
56.3,ego_0,1563.3847341637118,-11.750000000000002,15.303634121364876,15.72685135270467,llm_0,-0.2749284167055398,-0.2749284167055398,-0.2749284167055398,-0.2749284167055398,-0.27220635317380726,0,highway_0,0,1239.3847341637118,1563.3847341637118,,0.005555813897577977
56.4,ego_0,1564.9123902723186,-11.750000000000002,15.276561086068547,15.72708351272854,llm_0,-0.27343765649290774,-0.27343765649290774,-0.27343765649290774,-0.27343765649290774,-0.27073035296329095,0,highway_0,0,1240.9123902723186,1564.9123902723186,,0.0023216002381420964
56.5,ego_0,1566.4373536177172,-11.750000000000002,15.249633453986378,15.72699716376701,llm_0,-0.2719690840298956,-0.2719690840298956,-0.2719690840298956,-0.2719690840298956,-0.2692763208216853,0,highway_0,0,1242.4373536177172,1566.4373536177172,,-0.0008634896163677297
56.6,ego_0,1567.9596385231632,-11.750000000000002,15.222849054460214,15.726597144046991,llm_0,-0.27052243521426234,-0.27052243521426234,-0.27052243521426234,-0.27052243521426234,-0.26784399526164293,0,highway_0,0,1243.9596385231632,1567.9596385231632,,-0.004000197200873856
56.7,ego_0,1569.4792590974353,-11.750000000000002,15.196205742721308,15.72588821870363,llm_0,-0.2690974485629618,-0.2690974485629618,-0.2690974485629618,-0.2690974485629618,-0.2664331173890666,0,highway_0,0,1245.4792590974353,1569.4792590974353,,-0.007089253434699572
56.8,ego_0,1570.9962292373984,-11.750000000000002,15.169701399631984,15.72487508082827,llm_0,-0.2676938652021722,-0.2676938652021722,-0.2676938652021722,-0.2676938652021722,-0.26504343089323257,0,highway_0,0,1246.9962292373984,1570.9962292373984,,-0.01013137875474257
56.9,ego_0,1572.5105626305412,-11.750000000000002,15.143333931428337,15.72356235250345,llm_0,-0.2663114288568379,-0.2663114288568379,-0.2663114288568379,-0.2663114288568379,-0.26367468203646993,0,highway_0,0,1248.5105626305412,1572.5105626305412,,-0.013127283247955646
57.0,ego_0,1574.0222727574876,-11.750000000000002,15.117101269464017,15.721954585825188,llm_0,-0.2649498858396341,-0.2649498858396341,-0.2649498858396341,-0.2649498858396341,-0.2623266196432006,0,highway_0,0,1250.0222727574876,1574.0222727574876,,-0.016077666783099076
57.1,ego_0,1575.5313728944832,-11.750000000000002,15.091001369955167,15.72005626391092,llm_0,-0.263608985039378,-0.263608985039378,-0.263608985039378,-0.263608985039378,-0.26099899508849944,0,highway_0,0,1251.5313728944832,1575.5313728944832,,-0.018983219141700758
57.2,ego_0,1577.0378761158559,-11.750000000000002,15.06503221372654,15.71787180189608,llm_0,-0.2622884779091431,-0.2622884779091431,-0.2622884779091431,-0.2622884779091431,-0.25969156228628165,0,highway_0,0,1253.0378761158559,1577.0378761158559,,-0.021844620148193883
57.3,ego_0,1578.5417952964517,-11.750000000000002,15.039191805958849,15.715405547916134,llm_0,-0.2609881184536662,-0.2609881184536662,-0.2609881184536662,-0.2609881184536662,-0.25840407767690365,0,highway_0,0,1254.5417952964517,1578.5417952964517,,-0.02466253979918598
57.4,ego_0,1580.0431431140455,-11.750000000000002,15.013478175937406,15.712661784077,llm_0,-0.25970766321657934,-0.25970766321657934,-0.25970766321657934,-0.25970766321657934,-0.2571363002144267,0,highway_0,0,1256.0431431140455,1580.0431431140455,,-0.027437638391836217
57.5,ego_0,1581.5419320517258,-11.750000000000002,14.987889376802055,15.709644727411842,llm_0,-0.2584468712670456,-0.2584468712670456,-0.2584468712670456,-0.2584468712670456,-0.25588799135350726,0,highway_0,0,1257.5419320517258,1581.5419320517258,,-0.030170566651280595
57.6,ego_0,1583.0381744002557,-11.750000000000002,14.962423485298478,15.706358530826037,llm_0,-0.2572055041861381,-0.2572055041861381,-0.2572055041861381,-0.2572055041861381,-0.25465891503577254,0,highway_0,0,1259.0381744002557,1583.0381744002557,,-0.03286196585710677
57.7,ego_0,1584.5318822604088,-11.750000000000002,14.93707860153088,15.702807284029177,llm_0,-0.2559833260527429,-0.2559833260527429,-0.2559833260527429,-0.2559833260527429,-0.2534488376759825,0,highway_0,0,1260.5318822604088,1584.5318822604088,,-0.035512467968819905
57.8,ego_0,1586.0230675452804,-11.750000000000002,14.91185284871611,15.698995014454113,llm_0,-0.25478010342916735,-0.25478010342916735,-0.25478010342916735,-0.25478010342916735,-0.25225752814769464,0,highway_0,0,1262.0230675452804,1586.0230675452804,,-0.038122695750308466
57.9,ego_0,1587.5117419825742,-11.750000000000002,14.886744372939226,15.694925688164858,llm_0,-0.2535956053465308,-0.2535956053465308,-0.2535956053465308,-0.2535956053465308,-0.2510847577688402,0,highway_0,0,1263.5117419825742,1587.5117419825742,,-0.040693262893228166
58.0,ego_0,1588.9979171168652,-11.750000000000002,14.86175134291055,15.690603210751078,llm_0,-0.25242960328963204,-0.25242960328963204,-0.25242960328963204,-0.25242960328963204,-0.249930300286767,0,highway_0,0,1264.9979171168652,1588.9979171168652,,-0.04322477413933434
58.1,ego_0,1590.4816043118376,-11.750000000000002,14.836871949724241,15.686031428210981,llm_0,-0.2512818711817293,-0.2512818711817293,-0.2512818711817293,-0.2512818711817293,-0.24879393186308718,0,highway_0,0,1266.4816043118376,1590.4816043118376,,-0.04571782540173075
58.2,ego_0,1591.9628147524995,-11.750000000000002,14.8121044066184,15.681214127822386,llm_0,-0.2501521853689834,-0.2501521853689834,-0.2501521853689834,-0.2501521853689834,-0.24767543105840062,0,highway_0,0,1267.9628147524995,1591.9628147524995,,-0.048173003884974364
58.3,ego_0,1593.4415594473733,-11.750000000000002,14.78744694873676,15.67615503900197,llm_0,-0.24904032460458514,-0.24904032460458514,-0.24904032460458514,-0.24904032460458514,-0.2465745788164142,0,highway_0,0,1269.4415594473733,1593.4415594473733,,-0.05059088820409485
58.4,ego_0,1594.9178492306626,-11.750000000000002,14.76289783289194,15.670857834151548,llm_0,-0.24794607003268188,-0.24794607003268188,-0.24794607003268188,-0.24794607003268188,-0.24549115844820335,0,highway_0,0,1270.9178492306626,1594.9178492306626,,-0.05297204850243453
58.5,ego_0,1596.3916947643957,-11.750000000000002,14.738455337330333,15.665326129494588,llm_0,-0.2468692051722272,-0.2468692051722272,-0.2468692051722272,-0.2468692051722272,-0.24442495561606492,0,highway_0,0,1272.3916947643957,1596.3916947643957,,-0.055317046568342576
58.6,ego_0,1597.8631065405455,-11.750000000000002,14.714117761498615,15.659563485899525,llm_0,-0.24580951590035593,-0.24580951590035593,-0.24580951590035593,-0.24580951590035593,-0.24337575831717473,0,highway_0,0,1273.8631065405455,1597.8631065405455,,-0.05762643595070038
58.7,ego_0,1599.3320948831267,-11.750000000000002,14.6898834258119,15.653573409692171,llm_0,-0.24476679043581862,-0.24476679043581862,-0.24476679043581862,-0.24476679043581862,-0.24234335686715625,0,highway_0,0,1275.3320948831267,1599.3320948831267,,-0.05990076207325856
58.8,ego_0,1600.7986699502692,-11.750000000000002,14.665750671423567,15.647359353457205,llm_0,-0.2437408193221553,-0.2437408193221553,-0.2437408193221553,-0.2437408193221553,-0.24132754388332955,0,highway_0,0,1276.7986699502692,1600.7986699502692,,-0.062140562347780204
58.9,ego_0,1602.262841736269,-11.750000000000002,14.641717859996769,15.640924716828522,llm_0,-0.24273139541065192,-0.24273139541065192,-0.24273139541065192,-0.24273139541065192,-0.24032811426797807,0,highway_0,0,1278.262841736269,1602.262841736269,,-0.06434636628598867
59.0,ego_0,1603.7246200736167,-11.750000000000002,14.617783373477646,15.634272847267539,llm_0,-0.24173831384313804,-0.24173831384313804,-0.24173831384313804,-0.24173831384313804,-0.23934486519122444,0,highway_0,0,1279.7246200736167,1603.7246200736167,,-0.06651869561030566
59.1,ego_0,1605.1840146350037,-11.750000000000002,14.59394561387024,15.627407040831258,llm_0,-0.2407613720348073,-0.2407613720348073,-0.2407613720348073,-0.2407613720348073,-0.2383775960740664,0,highway_0,0,1281.1840146350037,1605.1840146350037,,-0.06865806436336896
59.2,ego_0,1606.641034935305,-11.750000000000002,14.570203003013132,15.62033054292965,llm_0,-0.23980036965678608,-0.23980036965678608,-0.23980036965678608,-0.23980036965678608,-0.23742610857107493,0,highway_0,0,1282.641034935305,1606.641034935305,,-0.07076497901633871
59.3,ego_0,1608.0956903335407,-11.750000000000002,14.546553982357826,15.613046549072124,llm_0,-0.23885510861859072,-0.23885510861859072,-0.23885510861859072,-0.23885510861859072,-0.2364902065530572,0,highway_0,0,1284.0956903335407,1608.0956903335407,,-0.07283993857597615
59.4,ego_0,1609.5479900348155,-11.750000000000002,14.522997012748865,15.605558205603074,llm_0,-0.2379253930504981,-0.2379253930504981,-0.2379253930504981,-0.2379253930504981,-0.23556969608961253,0,highway_0,0,1285.5479900348155,1609.5479900348155,,-0.07488343469049852
59.5,ego_0,1610.997943092236,-11.750000000000002,14.499530574205707,15.597868610427668,llm_0,-0.23701102928589124,-0.23701102928589124,-0.23701102928589124,-0.23701102928589124,-0.2346643854315822,0,highway_0,0,1286.997943092236,1610.997943092236,,-0.07689595175420827
59.6,ego_0,1612.4455584088066,-11.750000000000002,14.476153165706359,15.589980813726697,llm_0,-0.23611182584341228,-0.23611182584341228,-0.23611182584341228,-0.23611182584341228,-0.23377408499348107,0,highway_0,0,1288.4455584088066,1612.4455584088066,,-0.078877967010893
59.7,ego_0,1613.890844739304,-11.750000000000002,14.452863304972782,15.581897818660991,llm_0,-0.23522759340914168,-0.23522759340914168,-0.23522759340914168,-0.23522759340914168,-0.23289860733576973,0,highway_0,0,1289.890844739304,1613.890844739304,,-0.08082995065599263
59.8,ego_0,1615.3338106921296,-11.750000000000002,14.429659528258055,15.5736225820674,llm_0,-0.2343581448187465,-0.2343581448187465,-0.2343581448187465,-0.2343581448187465,-0.23203776714726843,0,highway_0,0,1291.3338106921296,1615.3338106921296,,-0.08275236593753732
59.9,ego_0,1616.774464731143,-11.750000000000002,14.40654039013535,15.565158015141833,llm_0,-0.23350329503932177,-0.23350329503932177,-0.23350329503932177,-0.23350329503932177,-0.23119138122705607,0,highway_0,0,1292.774464731143,1616.774464731143,,-0.08464566925588635
60.0,ego_0,1618.212815177472,-11.750000000000002,14.38350446328865,15.556506984115458,llm_0,-0.23266286115166968,-0.23266286115166968,-0.23266286115166968,-0.23266286115166968,-0.23035926846699084,0,highway_0,0,1294.212815177472,1618.212815177472,,-0.08651031026220224
60.1,ego_0,1619.6488702113027,-11.750000000000002,14.360550338305279,15.54767231091978,llm_0,-0.23183666233205158,-0.23183666233205158,-0.23183666233205158,-0.23183666233205158,-0.2295412498337157,0,highway_0,0,1295.6488702113027,1619.6488702113027,,-0.08834673195573117
60.2,ego_0,1621.0826378736497,-11.750000000000002,14.337676623470216,15.538656773841694,llm_0,-0.2310245198341474,-0.2310245198341474,-0.2310245198341474,-0.2310245198341474,-0.22873714835062842,0,highway_0,0,1297.0826378736497,1621.0826378736497,,-0.09015537077987013
60.3,ego_0,1622.514126068106,-11.750000000000002,14.314881944562188,15.52946310816992,llm_0,-0.23022625697106924,-0.23022625697106924,-0.23022625697106924,-0.23022625697106924,-0.22794678908027777,0,highway_0,0,1298.514126068106,1622.514126068106,,-0.09193665671700657
60.4,ego_0,1623.9433425625712,-11.750000000000002,14.292164944651573,15.520094006831641,llm_0,-0.22944169909721768,-0.22944169909721768,-0.22944169909721768,-0.22944169909721768,-0.22716999910615598,0,highway_0,0,1299.9433425625712,1623.9433425625712,,-0.09369101338216623
60.5,ego_0,1625.3702949909612,-11.750000000000002,14.269524283900067,15.510552121020055,llm_0,-0.22867067359021676,-0.22867067359021676,-0.22867067359021676,-0.22867067359021676,-0.22640660751505948,0,highway_0,0,1301.3702949909612,1625.3702949909612,,-0.09541885811544226
60.6,ego_0,1626.7949908548974,-11.750000000000002,14.246958639362164,15.500840060812834,llm_0,-0.22791300983281182,-0.22791300983281182,-0.22791300983281182,-0.22791300983281182,-0.2256564453790233,0,highway_0,0,1302.7949908548974,1626.7949908548974,,-0.09712060207324669
60.7,ego_0,1628.2174375253762,-11.750000000000002,14.224466704788421,15.49096039578103,llm_0,-0.22716853919479651,-0.22716853919479651,-0.22716853919479651,-0.22716853919479651,-0.22491934573743322,0,highway_0,0,1304.2174375253762,1628.2174375253762,,-0.09879665031836815
60.8,ego_0,1629.6376422444193,-11.750000000000002,14.202047190430497,15.480915655590024,llm_0,-0.22643709501502496,-0.22643709501502496,-0.22643709501502496,-0.22643709501502496,-0.22419514357924442,0,highway_0,0,1305.6376422444193,1629.6376422444193,,-0.10044740190884305
60.9,ego_0,1631.055612126704,-11.750000000000002,14.179698822847989,15.470708330591606,llm_0,-0.22571851258331543,-0.22571851258331543,-0.22571851258331543,-0.22571851258331543,-0.22348367582507578,0,highway_0,0,1307.055612126704,1631.055612126704,,-0.10207324998565781
61.0,ego_0,1632.471354161176,-11.750000000000002,14.157420344717059,15.460340872405595,llm_0,-0.22501262912239273,-0.22501262912239273,-0.22501262912239273,-0.22501262912239273,-0.22278478130930424,0,highway_0,0,1308.471354161176,1632.471354161176,,-0.10367458185928591
61.1,ego_0,1633.88487521264,-11.750000000000002,14.135210514640805,15.44981569449601,llm_0,-0.22431928377014576,-0.22431928377014576,-0.22431928377014576,-0.22431928377014576,-0.22209830076253212,0,highway_0,0,1309.88487521264,1633.88487521264,,-0.10525177909506311
61.2,ego_0,1635.296182023336,-11.750000000000002,14.113068106961453,15.439135172736314,llm_0,-0.22363831756145125,-0.22363831756145125,-0.22363831756145125,-0.22363831756145125,-0.2214240767935216,0,highway_0,0,1311.296182023336,1635.296182023336,,-0.10680521759741701
61.3,ego_0,1636.7052812144934,-11.750000000000002,14.090991911574282,15.428301645967167,llm_0,-0.22296957341043322,-0.22296957341043322,-0.22296957341043322,-0.22296957341043322,-0.22076195387171538,0,highway_0,0,1312.7052812144934,1636.7052812144934,,-0.1083352676929632
61.4,ego_0,1638.1121792878678,-11.750000000000002,14.068980733743327,15.417317416545984,llm_0,-0.22231289609264115,-0.22231289609264115,-0.22231289609264115,-0.22231289609264115,-0.2201117783095441,0,highway_0,0,1314.1121792878678,1638.1121792878678,,-0.10984229421244862
61.5,ego_0,1639.5168826272597,-11.750000000000002,14.047033393918843,15.40618475088877,llm_0,-0.22166813222727755,-0.22166813222727755,-0.22166813222727755,-0.22166813222727755,-0.21947339824484047,0,highway_0,0,1315.5168826272597,1639.5168826272597,,-0.11132665657159357
61.6,ego_0,1640.9193975000153,-11.750000000000002,14.025148727556521,15.394905880003762,llm_0,-0.22103513025943966,-0.22103513025943966,-0.22103513025943966,-0.22103513025943966,-0.2188466636232178,0,highway_0,0,1316.9193975000153,1640.9193975000153,,-0.11278870885082348
61.7,ego_0,1642.319730058509,-11.750000000000002,14.003325584938455,15.38348300001644,llm_0,-0.22041374044246498,-0.22041374044246498,-0.22041374044246498,-0.22041374044246498,-0.21823142618066171,0,highway_0,0,1318.319730058509,1642.319730058509,,-0.11422879987388335
61.8,ego_0,1643.7178863416086,-11.750000000000002,13.981562830995838,15.371918272687935,llm_0,-0.21980381482044153,-0.21980381482044153,-0.21980381482044153,-0.21980381482044153,-0.21762753942617508,0,highway_0,0,1319.7178863416086,1643.7178863416086,,-0.11564727328537394
61.9,ego_0,1645.113872276122,-11.750000000000002,13.959859345133399,15.36021382592503,llm_0,-0.2192052072106323,-0.2192052072106323,-0.2192052072106323,-0.2192052072106323,-0.21703485862438754,0,highway_0,0,1321.113872276122,1645.113872276122,,-0.117044467627192
62.0,ego_0,1646.5076936782275,-11.750000000000002,13.93821402105557,15.34837175428379,llm_0,-0.21861777318607256,-0.21861777318607256,-0.21861777318607256,-0.21861777318607256,-0.2164532407782893,0,highway_0,0,1322.5076936782275,1646.5076936782275,,-0.11842071641391883
62.1,ego_0,1647.899356254887,-11.750000000000002,13.916625766594374,15.336394119463193,llm_0,-0.21804137005808788,-0.21804137005808788,-0.21804137005808788,-0.21804137005808788,-0.215882544611965,0,highway_0,0,1323.899356254887,1647.899356254887,,-0.11977634820715011
62.2,ego_0,1649.2888656052407,-11.750000000000002,13.895093503538998,15.32428295079444,llm_0,-0.2174758568592865,-0.2174758568592865,-0.2174758568592865,-0.2174758568592865,-0.21532263055375367,0,highway_0,0,1325.2888656052407,1649.2888656052407,,-0.1211116866887405
62.3,ego_0,1650.6762272219873,-11.750000000000002,13.873616167467103,15.312040245721164,llm_0,-0.21692109432614004,-0.21692109432614004,-0.21692109432614004,-0.21692109432614004,-0.21477336071894726,0,highway_0,0,1326.6762272219873,1650.6762272219873,,-0.12242705073305693
62.4,ego_0,1652.061446492745,-11.750000000000002,13.852192707577798,15.299667970273504,llm_0,-0.21637694488198744,-0.21637694488198744,-0.21637694488198744,-0.21637694488198744,-0.21423459889305718,0,highway_0,0,1328.061446492745,1652.061446492745,,-0.12372275447817316
62.5,ego_0,1653.4445287013978,-11.750000000000002,13.830822086526318,15.28716805953377,llm_0,-0.21584327261994296,-0.21584327261994296,-0.21584327261994296,-0.21584327261994296,-0.21370621051479688,0,highway_0,0,1329.4445287013978,1653.4445287013978,,-0.1249991073960679
62.6,ego_0,1654.8254790294238,-11.750000000000002,13.809503280260364,15.274542418097553,llm_0,-0.21531994328613346,-0.21531994328613346,-0.21531994328613346,-0.21531994328613346,-0.21318806265954393,0,highway_0,0,1330.8254790294238,1654.8254790294238,,-0.12625641436179436
62.7,ego_0,1656.2043025572098,-11.750000000000002,13.78823527785812,15.261792920525295,llm_0,-0.21480682426264452,-0.21480682426264452,-0.21480682426264452,-0.21480682426264452,-0.21268002402242914,0,highway_0,0,1332.2043025572098,1656.2043025572098,,-0.1274949757216941
62.8,ego_0,1657.5810042653466,-11.750000000000002,13.767017081367921,15.248921411789297,llm_0,-0.2143037845510103,-0.2143037845510103,-0.2143037845510103,-0.2143037845510103,-0.21218196490199404,0,highway_0,0,1333.5810042653466,1657.5810042653466,,-0.12871508736059134
62.9,ego_0,1658.9555890359115,-11.750000000000002,13.74584770564956,15.235929707712558,llm_0,-0.21381069475544723,-0.21381069475544723,-0.21381069475544723,-0.21381069475544723,-0.2116937571836175,0,highway_0,0,1334.9555890359115,1658.9555890359115,,-0.12991704076803856
63.0,ego_0,1660.3280616537334,-11.750000000000002,13.724726178217239,15.222819595402143,llm_0,-0.21332742706643937,-0.21332742706643937,-0.21332742706643937,-0.21332742706643937,-0.21121527432320875,0,highway_0,0,1336.3280616537334,1660.3280616537334,,-0.13110112310359234
63.1,ego_0,1661.6984268076417,-11.750000000000002,13.703651539084143,15.209592833676197,llm_0,-0.21285385524425426,-0.21285385524425426,-0.21285385524425426,-0.21285385524425426,-0.21074639133095374,0,highway_0,0,1337.6984268076417,1661.6984268076417,,-0.1322676172611459
63.2,ego_0,1663.0666890917025,-11.750000000000002,13.682622840608643,15.19625115348299,llm_0,-0.2123898546025631,-0.2123898546025631,-0.2123898546025631,-0.2123898546025631,-0.21028698475500818,0,highway_0,0,1339.0666890917025,1663.0666890917025,,-0.13341680193233785
63.3,ego_0,1664.4328530064367,-11.750000000000002,13.661639147342065,15.182796258316102,llm_0,-0.21193530199242083,-0.21193530199242083,-0.21193530199242083,-0.21193530199242083,-0.20983693266577674,0,highway_0,0,1340.4328530064367,1664.4328530064367,,-0.1345489516690037
63.4,ego_0,1665.7969229600246,-11.750000000000002,13.640699535878108,15.169229824621652,llm_0,-0.21149007578596069,-0.21149007578596069,-0.21149007578596069,-0.21149007578596069,-0.20939611463957064,0,highway_0,0,1341.7969229600246,1665.7969229600246,,-0.13566433694475144
63.5,ego_0,1667.158903269495,-11.750000000000002,13.619803094703798,15.155553502200064,llm_0,-0.2110540558605173,-0.2110540558605173,-0.2110540558605173,-0.2110540558605173,-0.2089644117431,0,highway_0,0,1343.158903269495,1667.158903269495,,-0.1367632242156116
63.6,ego_0,1668.5187981619003,-11.750000000000002,13.598948924052042,15.141768914602153,llm_0,-0.21062712358272861,-0.21062712358272861,-0.21062712358272861,-0.21062712358272861,-0.20854170651755766,0,highway_0,0,1344.5187981619003,1668.5187981619003,,-0.1378458759798118
63.7,ego_0,1669.876611775476,-11.750000000000002,13.57813613575573,15.12787765951839,llm_0,-0.21020916179273907,-0.21020916179273907,-0.21020916179273907,-0.21020916179273907,-0.2081278829631117,0,highway_0,0,1345.876611775476,1669.876611775476,,-0.13891255083665932
63.8,ego_0,1671.2323481607864,-11.750000000000002,13.557363853103391,15.113881309163844,llm_0,-0.2098000547886295,-0.2098000547886295,-0.2098000547886295,-0.2098000547886295,-0.20772282652339769,0,highway_0,0,1347.2323481607864,1671.2323481607864,,-0.13996350354456055
63.9,ego_0,1672.586011281856,-11.750000000000002,13.536631210696386,15.099781410656078,llm_0,-0.20939968831075173,-0.20939968831075173,-0.20939968831075173,-0.20939968831075173,-0.20732642407004676,0,highway_0,0,1348.586011281856,1672.586011281856,,-0.14099898507819475
64.0,ego_0,1673.9376050172866,-11.750000000000002,13.515937354307637,15.085579486387587,llm_0,-0.20900794952638047,-0.20900794952638047,-0.20900794952638047,-0.20900794952638047,-0.20693856388749765,0,highway_0,0,1349.9376050172866,1673.9376050172866,,-0.1420192426848299
64.1,ego_0,1675.2871331613608,-11.750000000000002,13.495281440741849,15.071277034393688,llm_0,-0.2086247270144549,-0.2086247270144549,-0.2086247270144549,-0.2086247270144549,-0.20655913565787998,0,highway_0,0,1351.2871331613608,1675.2871331613608,,-0.14302451993980903
64.2,ego_0,1676.6345994251305,-11.750000000000002,13.474662637697268,15.05687552871359,llm_0,-0.2082499107502771,-0.2082499107502771,-0.2082499107502771,-0.2082499107502771,-0.20618803044580858,0,highway_0,0,1352.6345994251305,1676.6345994251305,,-0.14401505680122106
64.3,ego_0,1677.9800074374934,-11.750000000000002,13.454080123628897,15.042376419747143,llm_0,-0.20788339209054874,-0.20788339209054874,-0.20788339209054874,-0.20788339209054874,-0.20582514068371083,0,highway_0,0,1353.9800074374934,1677.9800074374934,,-0.14499108966374408
64.4,ego_0,1679.3233607462548,-11.750000000000002,13.43353308761322,15.027781134605902,llm_0,-0.20752506375834467,-0.20752506375834467,-0.20752506375834467,-0.20752506375834467,-0.20547036015676312,0,highway_0,0,1355.3233607462548,1679.3233607462548,,-0.14595285141171566
64.5,ego_0,1680.6646628191763,-11.750000000000002,13.41302072921438,15.01309107745874,llm_0,-0.20717481982828856,-0.20717481982828856,-0.20717481982828856,-0.20717481982828856,-0.2051235839883958,0,highway_0,0,1356.6646628191763,1680.6646628191763,,-0.1469005714713827
64.6,ego_0,1682.0039170450116,-11.750000000000002,13.39254225835182,14.998307629872443,llm_0,-0.20683255571185866,-0.20683255571185866,-0.20683255571185866,-0.20683255571185866,-0.20478470862560272,0,highway_0,0,1358.0039170450116,1682.0039170450116,,-0.1478344758624015
64.7,ego_0,1683.3411267345284,-11.750000000000002,13.372096895169364,14.983432151147781,llm_0,-0.20649816814281152,-0.20649816814281152,-0.20649816814281152,-0.20649816814281152,-0.20445363182457044,0,highway_0,0,1359.3411267345284,1683.3411267345284,,-0.14875478724854752
64.8,ego_0,1684.676295121519,-11.750000000000002,13.351683869905736,14.968465978648965,llm_0,-0.20617155516262742,-0.20617155516262742,-0.20617155516262742,-0.20617155516262742,-0.20413025263627205,0,highway_0,0,1360.676295121519,1684.676295121519,,-0.14966172498769126
64.9,ego_0,1686.0094253637956,-11.750000000000002,13.331302422766495,14.953410428130837,llm_0,-0.20585261610634498,-0.20585261610634498,-0.20585261610634498,-0.20585261610634498,-0.20381447139241615,0,highway_0,0,1362.0094253637956,1686.0094253637956,,-0.15055550518099992
65.0,ego_0,1687.3405205441752,-11.750000000000002,13.310951803797378,14.93826679405879,llm_0,-0.20554125158807912,-0.20554125158807912,-0.20554125158807912,-0.20554125158807912,-0.20350618969116496,0,highway_0,0,1363.3405205441752,1687.3405205441752,,-0.15143634072143008
65.1,ego_0,1688.6695836714512,-11.750000000000002,13.290631272759056,14.923036349924587,llm_0,-0.20523736348705768,-0.20523736348705768,-0.20523736348705768,-0.20523736348705768,-0.20320531038322542,0,highway_0,0,1364.6695836714512,1688.6695836714512,,-0.15230444134148513
65.2,ego_0,1689.9966176813514,-11.750000000000002,13.270340099003246,14.907720348558769,llm_0,-0.20494085493367342,-0.20494085493367342,-0.20494085493367342,-0.20494085493367342,-0.2029117375581002,0,highway_0,0,1365.9966176813514,1689.9966176813514,,-0.15316001366024956
65.3,ego_0,1691.3216254374863,-11.750000000000002,13.250077561350233,14.892320022435797,llm_0,-0.20465163029543676,-0.20465163029543676,-0.20465163029543676,-0.20465163029543676,-0.20262537653012558,0,highway_0,0,1367.3216254374863,1691.3216254374863,,-0.1540032612297484
65.4,ego_0,1692.644609732283,-11.750000000000002,13.22984294796771,14.87683658397782,llm_0,-0.2043695951634943,-0.2043695951634943,-0.2043695951634943,-0.2043695951634943,-0.20234613382523747,0,highway_0,0,1368.644609732283,1692.644609732283,,-0.15483438458056398
65.5,ego_0,1693.9655732879082,-11.750000000000002,13.209635556251003,14.861271225850942,llm_0,-0.20409465633872803,-0.20409465633872803,-0.20409465633872803,-0.20409465633872803,-0.2020739171670627,0,highway_0,0,1369.9655732879082,1693.9655732879082,,-0.15565358126681517
65.6,ego_0,1695.2845187571786,-11.750000000000002,13.189454692704619,14.8456251212599,llm_0,-0.20382672181847972,-0.20382672181847972,-0.20382672181847972,-0.20382672181847972,-0.20180863546384487,0,highway_0,0,1371.2845187571786,1695.2845187571786,,-0.15646104591044363
65.7,ego_0,1696.601448724461,-11.750000000000002,13.16929967282512,14.829899424235464,llm_0,-0.203565700782943,-0.203565700782943,-0.203565700782943,-0.203565700782943,-0.2015501987949797,0,highway_0,0,1372.601448724461,1696.601448724461,,-0.15725697024483942
65.8,ego_0,1697.9163657065596,-11.750000000000002,13.149169820985305,14.814095269919562,llm_0,-0.20331150358213046,-0.20331150358213046,-0.20331150358213046,-0.20331150358213046,-0.20129851839815416,0,highway_0,0,1373.9163657065596,1697.9163657065596,,-0.15804154315779328
65.9,ego_0,1699.2292721535916,-11.750000000000002,13.129064470319697,14.79821377484609,llm_0,-0.20306404172263293,-0.20306404172263293,-0.20306404172263293,-0.20306404172263293,-0.20105350665607702,0,highway_0,0,1375.2292721535916,1699.2292721535916,,-0.15881495073383967
66.0,ego_0,1700.5401704498527,-11.750000000000002,13.108982962611329,14.782256037216712,llm_0,-0.2028232278545401,-0.2028232278545401,-0.2028232278545401,-0.2028232278545401,-0.20081507708368918,0,highway_0,0,1376.5401704498527,1700.5401704498527,,-0.1595773762959407
66.1,ego_0,1701.8490629146706,-11.750000000000002,13.088924648179784,14.766223137172119,llm_0,-0.20258897575859258,-0.20258897575859258,-0.20258897575859258,-0.20258897575859258,-0.20058314431544488,0,highway_0,0,1377.8490629146706,1701.8490629146706,,-0.1603290004465432
66.2,ego_0,1703.1559518032477,-11.750000000000002,13.068888885770525,14.75011613706124,llm_0,-0.20236120033352467,-0.20236120033352467,-0.20236120033352467,-0.20236120033352467,-0.20035762409259306,0,highway_0,0,1379.1559518032477,1703.1559518032477,,-0.16107000110803327
66.3,ego_0,1704.4608393074923,-11.750000000000002,13.048875042445452,14.733936081704996,llm_0,-0.2021398175832212,-0.2021398175832212,-0.2021398175832212,-0.2021398175832212,-0.200138433250725,0,highway_0,0,1380.4608393074923,1704.4608393074923,,-0.16180055356256595
66.4,ego_0,1705.7637275568397,-11.750000000000002,13.028882493474738,14.717683998655957,llm_0,-0.20192474460421272,-0.20192474460421272,-0.20192474460421272,-0.20192474460421272,-0.19992548970714452,0,highway_0,0,1381.7637275568397,1705.7637275568397,,-0.16252083049132793
66.5,ego_0,1707.0646186190627,-11.750000000000002,13.008910622229852,14.701360898454595,llm_0,-0.20171589957334224,-0.20171589957334224,-0.20171589957334224,-0.20171589957334224,-0.19971871244885975,0,highway_0,0,1383.0646186190627,1707.0646186190627,,-0.16323100201316798
66.6,ego_0,1708.3635145010705,-11.750000000000002,12.988958820077828,14.684967774882352,llm_0,-0.2015132017354444,-0.2015132017354444,-0.2015132017354444,-0.2015132017354444,-0.19951802152023745,0,highway_0,0,1384.3635145010705,1708.3635145010705,,-0.16393123572268564
66.7,ego_0,1709.660417149698,-11.750000000000002,12.969026486276732,14.668505605209702,llm_0,-0.2013165713910705,-0.2013165713910705,-0.2013165713910705,-0.2013165713910705,-0.19932333801095936,0,highway_0,0,1385.660417149698,1709.660417149698,,-0.16462169672772298
66.8,ego_0,1710.9553284524854,-11.750000000000002,12.949113027872324,14.651975350441035,llm_0,-0.20112592988451616,-0.20112592988451616,-0.20112592988451616,-0.20112592988451616,-0.19913458404408502,0,highway_0,0,1386.9553284524854,1710.9553284524854,,-0.16530254768630925
66.9,ego_0,1712.248250238445,-11.750000000000002,12.929217859595898,14.635377955556805,llm_0,-0.20094119959189283,-0.20094119959189283,-0.20094119959189283,-0.20094119959189283,-0.1989516827642568,0,highway_0,0,1388.248250238445,1712.248250238445,,-0.16597394884304428
67.0,ego_0,1713.5391842788215,-11.750000000000002,12.909340403763307,14.618714349750235,llm_0,-0.20076230390916772,-0.20076230390916772,-0.20076230390916772,-0.20076230390916772,-0.19877455832590485,0,highway_0,0,1389.5391842788215,1713.5391842788215,,-0.16663605806494175
67.1,ego_0,1714.828132287839,-11.750000000000002,12.889480090175127,14.601985446662638,llm_0,-0.20058916724062403,-0.20058916724062403,-0.20058916724062403,-0.20058916724062403,-0.19860313588180745,0,highway_0,0,1390.828132287839,1714.828132287839,,-0.16728903087671831
67.2,ego_0,1716.1150959234408,-11.750000000000002,12.869636356017992,14.585192144613075,llm_0,-0.20042171498707284,-0.20042171498707284,-0.20042171498707284,-0.20042171498707284,-0.19843734157134918,0,highway_0,0,1392.1150959234408,1716.1150959234408,,-0.16793302049558712
67.3,ego_0,1717.4000767880175,-11.750000000000002,12.849808645767045,14.568335326826627,llm_0,-0.2002598735345673,-0.2002598735345673,-0.2002598735345673,-0.2002598735345673,-0.19827710250947206,0,highway_0,0,1393.4000767880175,1717.4000767880175,,-0.1685681778654864
67.4,ego_0,1718.6830764291265,-11.750000000000002,12.829996411089533,14.55141586165746,llm_0,-0.2001035702428613,-0.2001035702428613,-0.2001035702428613,-0.2001035702428613,-0.19812234677511142,0,highway_0,0,1394.6830764291265,1718.6830764291265,,-0.16919465169083558
67.5,ego_0,1719.9640963402014,-11.750000000000002,12.810199110749503,14.534434602810506,llm_0,-0.1999527334343123,-0.1999527334343123,-0.1999527334343123,-0.1999527334343123,-0.19797300340030688,0,highway_0,0,1395.9640963402014,1719.9640963402014,,-0.16981258846975855
67.6,ego_0,1721.2431379612528,-11.750000000000002,12.790416210513605,14.517392389557699,llm_0,-0.19980729238256545,-0.19980729238256545,-0.19980729238256545,-0.19980729238256545,-0.19782900235897571,0,highway_0,0,1397.2431379612528,1721.2431379612528,,-0.1704221325268236
67.7,ego_0,1722.5202026795587,-11.750000000000002,12.77064718305799,14.500290046953069,llm_0,-0.19966717730170636,-0.19966717730170636,-0.19966717730170636,-0.19966717730170636,-0.19769027455614818,0,highway_0,0,1398.5202026795587,1722.5202026795587,,-0.17102342604528964
67.8,ego_0,1723.7952918303463,-11.750000000000002,12.750891507876288,14.48312838604329,llm_0,-0.19953231933519344,-0.19953231933519344,-0.19953231933519344,-0.19953231933519344,-0.19755675181702514,0,highway_0,0,1399.7952918303463,1723.7952918303463,,-0.17161660909886578
67.9,ego_0,1725.0684066974652,-11.750000000000002,12.731148671188652,14.465908204074822,llm_0,-0.19940265054511264,-0.19940265054511264,-0.19940265054511264,-0.19940265054511264,-0.19742836687635545,0,highway_0,0,1401.0684066974652,1725.0684066974652,,-0.17220181968300885
68.0,ego_0,1726.3395485140504,-11.750000000000002,12.711418165851859,14.44863028470013,llm_0,-0.19927810390160539,-0.19927810390160539,-0.19927810390160539,-0.19927810390160539,-0.1973050533679377,0,highway_0,0,1402.3395485140504,1726.3395485140504,,-0.17277919374573258
68.1,ego_0,1727.6087184631774,-11.750000000000002,12.69169949127047,14.431295398178463,llm_0,-0.1991586132720321,-0.1991586132720321,-0.1991586132720321,-0.1991586132720321,-0.19718674581389095,0,highway_0,0,1403.6087184631774,1727.6087184631774,,-0.17334886521797976
68.2,ego_0,1728.8759176785084,-11.750000000000002,12.671992153309018,14.41390430157412,llm_0,-0.19904411341066275,-0.19904411341066275,-0.19904411341066275,-0.19904411341066275,-0.19707337961451188,0,highway_0,0,1404.8759176785084,1728.8759176785084,,-0.17391096604352896
68.3,ego_0,1730.1411472449288,-11.750000000000002,12.652295664205218,14.396457738953359,llm_0,-0.19893453994838006,-0.19893453994838006,-0.19893453994838006,-0.19893453994838006,-0.1969648910380073,0,highway_0,0,1406.1411472449288,1730.1411472449288,,-0.17446562620844475
68.4,ego_0,1731.4044081991772,-11.750000000000002,12.632609542484206,14.378956441576292,llm_0,-0.19882982938223015,-0.19882982938223015,-0.19882982938223015,-0.19882982938223015,-0.1968612172101203,0,highway_0,0,1407.4044081991772,1731.4044081991772,,-0.17501297377012115
68.5,ego_0,1732.6657015304645,-11.750000000000002,12.612933312873766,14.361401128087664,llm_0,-0.19872991906544535,-0.19872991906544535,-0.19872991906544535,-0.19872991906544535,-0.19676229610439577,0,highway_0,0,1408.6657015304645,1732.6657015304645,,-0.17555313488584723
68.6,ego_0,1733.9250281810866,-11.750000000000002,12.593266506220573,14.343792504703515,llm_0,-0.1986347471972596,-0.1986347471972596,-0.1986347471972596,-0.1986347471972596,-0.19666806653193092,0,highway_0,0,1409.9250281810866,1733.9250281810866,,-0.17608623384099253
68.7,ego_0,1735.1823890470273,-11.750000000000002,12.573608659407396,14.326131265395816,llm_0,-0.1985442528130722,-0.1985442528130722,-0.1985442528130722,-0.1985442528130722,-0.19657846813176505,0,highway_0,0,1411.1823890470273,1735.1823890470273,,-0.1766123930767396
68.8,ego_0,1736.4377849785544,-11.750000000000002,12.553959315271301,14.308418092074135,llm_0,-0.19845837577456837,-0.19845837577456837,-0.19845837577456837,-0.19845837577456837,-0.19649344136094982,0,highway_0,0,1412.4377849785544,1736.4377849785544,,-0.17713173321743092
68.9,ego_0,1737.6912167808066,-11.750000000000002,12.534318022522786,14.290653654764583,llm_0,-0.19837705676000905,-0.19837705676000905,-0.19837705676000905,-0.19837705676000905,-0.19641292748515227,0,highway_0,0,1413.6912167808066,1737.6912167808066,,-0.1776443730974826
69.0,ego_0,1738.9426852143731,-11.750000000000002,12.514684335665896,14.2728386117858,llm_0,-0.198300237254601,-0.198300237254601,-0.198300237254601,-0.198300237254601,-0.19633686856890264,0,highway_0,0,1414.9426852143731,1738.9426852143731,,-0.17815042978791773
69.1,ego_0,1740.192190995865,-11.750000000000002,12.495057814919258,14.254973609923582,llm_0,-0.19822785954103894,-0.19822785954103894,-0.19822785954103894,-0.19822785954103894,-0.1962652074663751,0,highway_0,0,1416.192190995865,1740.192190995865,,-0.1786500186224913
69.2,ego_0,1741.4397347984789,-11.750000000000002,12.475438026138077,14.237059284601173,llm_0,-0.19815986668993324,-0.19815986668993324,-0.19815986668993324,-0.19815986668993324,-0.19619788781181313,0,highway_0,0,1417.4397347984789,1741.4397347984789,,-0.17914325322345093
69.3,ego_0,1742.6853172525525,-11.750000000000002,12.455824540737025,14.219096260048445,llm_0,-0.19809620255064098,-0.19809620255064098,-0.19809620255064098,-0.19809620255064098,-0.19613485401052344,0,highway_0,0,1418.6853172525525,1742.6853172525525,,-0.17963024552688722
69.4,ego_0,1743.928938946114,-11.750000000000002,12.436216935614059,14.201085149467644,llm_0,-0.19803681174195054,-0.19803681174195054,-0.19803681174195054,-0.19803681174195054,-0.19607605122965666,0,highway_0,0,1419.928938946114,1743.928938946114,,-0.18011110580773249
69.5,ego_0,1745.1706004254215,-11.750000000000002,12.416614793075144,14.183026555197102,llm_0,-0.19798163964302662,-0.19798163964302662,-0.19798163964302662,-0.19798163964302662,-0.1960214253891479,0,highway_0,0,1421.1706004254215,1745.1706004254215,,-0.18058594270437567
69.6,ego_0,1746.4103021954975,-11.750000000000002,12.397017700759859,14.1649210688729,llm_0,-0.1979306323843809,-0.1979306323843809,-0.1979306323843809,-0.1979306323843809,-0.1959709231528528,0,highway_0,0,1422.4103021954975,1746.4103021954975,,-0.18105486324292208
69.7,ego_0,1747.6480447206543,-11.750000000000002,12.377425251567889,14.146769271586663,llm_0,-0.1978837368388855,-0.1978837368388855,-0.1978837368388855,-0.1978837368388855,-0.19592449191970118,0,highway_0,0,1423.6480447206543,1747.6480447206543,,-0.18151797286108184
69.8,ego_0,1748.883828425013,-11.750000000000002,12.357837043586393,14.128571734043362,llm_0,-0.19784090061311188,-0.19784090061311188,-0.19784090061311188,-0.19784090061311188,-0.19588207981495742,0,highway_0,0,1424.883828425013,1748.883828425013,,-0.18197537543171904
69.9,ego_0,1750.1176536930147,-11.750000000000002,12.338252680018236,14.110329016714786,llm_0,-0.1978020720383924,-0.1978020720383924,-0.1978020720383924,-0.1978020720383924,-0.1958436356815696,0,highway_0,0,1426.1176536930147,1750.1176536930147,,-0.18242717328604563
70.0,ego_0,1751.3495208699258,-11.750000000000002,12.318671769111077,14.092041669991204,llm_0,-0.19776720016230198,-0.19776720016230198,-0.19776720016230198,-0.19776720016230198,-0.19580910907158966,0,highway_0,0,1427.3495208699258,1751.3495208699258,,-0.18287346723648668
70.1,ego_0,1752.5794302623344,-11.750000000000002,12.299093924087298,14.073710234331429,llm_0,-0.19773623474016488,-0.19773623474016488,-0.19773623474016488,-0.19773623474016488,-0.19577845023778906,0,highway_0,0,1428.5794302623344,1752.5794302623344,,-0.18331435659918505
70.2,ego_0,1753.807382138642,-11.750000000000002,12.27951876307477,14.055335240409704,llm_0,-0.19770912622653158,-0.19770912622653158,-0.19770912622653158,-0.19770912622653158,-0.1957516101252743,0,highway_0,0,1429.807382138642,1753.807382138642,,-0.18374993921620053
70.3,ego_0,1755.0333767295458,-11.750000000000002,12.259945909038443,14.036917209261901,llm_0,-0.1976858257669264,-0.1976858257669264,-0.1976858257669264,-0.1976858257669264,-0.19572854036328025,0,highway_0,0,1431.0333767295458,1755.0333767295458,,-0.18418031147735725
70.4,ego_0,1756.257414228517,-11.750000000000002,12.240374989712757,14.01845665242763,llm_0,-0.1976662851894172,-0.1976662851894172,-0.1976662851894172,-0.1976662851894172,-0.19570919325685665,0,highway_0,0,1432.257414228517,1756.257414228517,,-0.18460556834179087
70.5,ego_0,1757.4794947922705,-11.750000000000002,12.220805637534873,13.999954072091668,llm_0,-0.19765045699662087,-0.19765045699662087,-0.19765045699662087,-0.19765045699662087,-0.19569352177883914,0,highway_0,0,1433.4794947922705,1757.4794947922705,,-0.1850258033591814
70.6,ego_0,1758.6996185412283,-11.750000000000002,12.20123748957868,13.981409961222653,llm_0,-0.19763829435755387,-0.19763829435755387,-0.19763829435755387,-0.19763829435755387,-0.1956814795619266,0,highway_0,0,1434.6996185412283,1758.6996185412283,,-0.18544110869065378
70.7,ego_0,1759.9177855599773,-11.750000000000002,12.181670187489603,13.962824803709736,llm_0,-0.19762975109967196,-0.19762975109967196,-0.19762975109967196,-0.19762975109967196,-0.19567302089077643,0,highway_0,0,1435.9177855599773,1759.9177855599773,,-0.18585157512938721
70.8,ego_0,1761.1339958977194,-11.750000000000002,12.162103377420198,13.944199074497647,llm_0,-0.19762478170099762,-0.19762478170099762,-0.19762478170099762,-0.19762478170099762,-0.1956681006940464,0,highway_0,0,1437.1339958977194,1761.1339958977194,,-0.18625729212092068
70.9,ego_0,1762.348249568716,-11.750000000000002,12.142536709966508,13.925533239719243,llm_0,-0.19762334128227488,-0.19762334128227488,-0.19762334128227488,-0.19762334128227488,-0.19566667453689846,0,highway_0,0,1438.348249568716,1762.348249568716,,-0.1866583477831565
71.0,ego_0,1763.5605465527265,-11.750000000000002,12.122969840105194,13.906827756826715,llm_0,-0.1976253855992759,-0.1976253855992759,-0.1976253855992759,-0.1976253855992759,-0.19566869861314728,0,highway_0,0,1439.5605465527265,1763.5605465527265,,-0.18705482892607428
71.1,ego_0,1764.7708867954395,-11.750000000000002,12.103402427131421,13.888083074719589,llm_0,-0.19763087103511323,-0.19763087103511323,-0.19763087103511323,-0.19763087103511323,-0.19567412973772846,0,highway_0,0,1440.7708867954395,1764.7708867954395,,-0.18744682107117505
71.2,ego_0,1765.9792702088994,-11.750000000000002,12.083834134597476,13.869299633872515,llm_0,-0.19763975459284244,-0.19763975459284244,-0.19763975459284244,-0.19763975459284244,-0.19568292533945097,0,highway_0,0,1441.9792702088994,1765.9792702088994,,-0.18783440847060007
71.3,ego_0,1767.1856966719247,-11.750000000000002,12.064264630252145,13.850477866459869,llm_0,-0.19765199388785004,-0.19765199388785004,-0.19765199388785004,-0.19765199388785004,-0.19569504345330557,0,highway_0,0,1443.1856966719247,1767.1856966719247,,-0.1882176741260153
71.4,ego_0,1768.3901660305228,-11.750000000000002,12.044693585980802,13.831618196479212,llm_0,-0.19766754714056844,-0.19766754714056844,-0.19766754714056844,-0.19766754714056844,-0.1957104427134304,0,highway_0,0,1444.3901660305228,1768.3901660305228,,-0.1885966998071833
71.5,ego_0,1769.5926780982975,-11.750000000000002,12.025120677746235,13.81272103987203,llm_0,-0.19768637316912896,-0.19768637316912896,-0.19768637316912896,-0.19768637316912896,-0.1957290823456681,0,highway_0,0,1445.5926780982975,1769.5926780982975,,-0.1889715660703004
71.6,ego_0,1770.7932326568505,-11.750000000000002,12.00554558553017,13.79378680464447,llm_0,-0.19770843138227578,-0.19770843138227578,-0.19770843138227578,-0.19770843138227578,-0.1957509221606557,0,highway_0,0,1446.7932326568505,1770.7932326568505,,-0.18934235227603757
71.7,ego_0,1771.991829456178,-11.750000000000002,11.985967993275514,13.774815890983746,llm_0,-0.19773368177203487,-0.19773368177203487,-0.19773368177203487,-0.19773368177203487,-0.1957759225465594,0,highway_0,0,1447.991829456178,1771.991829456178,,-0.18970913660733935
71.8,ego_0,1773.188468215061,-11.750000000000002,11.966387588829285,13.755808691375023,llm_0,-0.19776208490691016,-0.19776208490691016,-0.19776208490691016,-0.19776208490691016,-0.19580404446228883,0,highway_0,0,1449.188468215061,1773.188468215061,,-0.19007199608694947
71.9,ego_0,1774.3831486214497,-11.750000000000002,11.946804063886239,13.73676559071555,llm_0,-0.19779360192477358,-0.19779360192477358,-0.19779360192477358,-0.19779360192477358,-0.1958352494304627,0,highway_0,0,1450.3831486214497,1774.3831486214497,,-0.19043100659469125
72.0,ego_0,1775.575870332843,-11.750000000000002,11.927217113933168,13.717686966427209,llm_0,-0.19782819452601375,-0.19782819452601375,-0.19782819452601375,-0.19782819452601375,-0.19586949953071198,0,highway_0,0,1451.575870332843,1775.575870332843,,-0.19078624288449397
72.1,ego_0,1776.7666329766623,-11.750000000000002,11.907626438193885,13.698573188567025,llm_0,-0.19786582496674376,-0.19786582496674376,-0.19786582496674376,-0.19786582496674376,-0.19590675739282304,0,highway_0,0,1452.7666329766623,1776.7666329766623,,-0.19113777860117942
72.2,ego_0,1777.9554361506198,-11.750000000000002,11.88803173957486,13.679424619937436,llm_0,-0.19790645605215262,-0.19790645605215262,-0.19790645605215262,-0.19790645605215262,-0.19594698619025408,0,highway_0,0,1453.9554361506198,1777.9554361506198,,-0.19148568629699803
72.3,ego_0,1779.142279423081,-11.750000000000002,11.868432724611525,13.660241616192707,llm_0,-0.1979500511296841,-0.1979500511296841,-0.1979500511296841,-0.1979500511296841,-0.19599014963334938,0,highway_0,0,1455.142279423081,1779.142279423081,,-0.19183003744792337
72.4,ego_0,1780.3271623334224,-11.750000000000002,11.84882910341522,13.641024525945795,llm_0,-0.197996574082681,-0.197996574082681,-0.197996574082681,-0.197996574082681,-0.196036211963051,0,highway_0,0,1456.3271623334224,1780.3271623334224,,-0.19217090246972113
72.5,ego_0,1781.5100843923844,-11.750000000000002,11.829220589620789,1000.0,,-0.1980459893237504,-0.1980459893237504,-0.1980459893237504,-0.1980459893237504,-0.19608513794430849,0,highway_0,0,1457.5100843923844,1781.5100843923844,,-1012.8292205896208
72.6,ego_0,1782.7026680998788,-11.750000000000002,11.925837074944337,1000.0,,0.9758265017678276,0.9758265017678276,0.9758265017678276,0.9758265017678276,0.9661648532354761,0,highway_0,0,1458.7026680998788,1782.7026680998788,,-1012.9258370749443
72.7,ego_0,1783.9049055401879,-11.750000000000002,12.022374403090867,1000.0,,0.975027014279944,0.975027014279944,0.975027014279944,0.975027014279944,0.9653732814653004,0,highway_0,0,1459.9049055401879,1783.9049055401879,,-1013.0223744030909
72.8,ego_0,1785.1167886095773,-11.750000000000002,12.118830693893644,1000.0,,0.974208537108048,0.974208537108048,0.974208537108048,0.974208537108048,0.9645629080277729,0,highway_0,0,1461.1167886095773,1785.1167886095773,,-1013.1188306938936
72.9,ego_0,1786.3383090137813,-11.750000000000002,12.215204042040266,1000.0,,0.9733708162808918,0.9733708162808918,0.9733708162808918,0.9733708162808918,0.9637334814662246,0,highway_0,0,1462.3383090137813,1786.3383090137813,,-1013.2152040420402
73.0,ego_0,1787.5694582654962,-11.750000000000002,12.311492517150082,1000.0,,0.9725135986091351,0.9725135986091351,0.9725135986091351,0.9725135986091351,0.9628847510981586,0,highway_0,0,1463.5694582654962,1787.5694582654962,,-1013.3114925171501
73.1,ego_0,1788.8102276818825,-11.750000000000002,12.40769416386188,1000.0,,0.9716366317891564,0.9716366317891564,0.9716366317891564,0.9716366317891564,0.9620164671179765,0,highway_0,0,1464.8102276818825,1788.8102276818825,,-1013.4076941638618
73.2,ego_0,1790.0606083820755,-11.750000000000002,12.503807001932016,1000.0,,0.9707396645083834,0.9707396645083834,0.9707396645083834,0.9707396645083834,0.9611283807013571,0,highway_0,0,1466.0606083820755,1790.0606083820755,,-1013.503807001932
73.3,ego_0,1791.32059128471,-11.750000000000002,12.599829026343118,1000.0,,0.969822446552114,0.969822446552114,0.969822446552114,0.969822446552114,0.9602202441110208,0,highway_0,0,1467.32059128471,1791.32059128471,,-1013.5998290263432
73.4,ego_0,1792.5901671054523,-11.750000000000002,12.695758207423495,1000.0,,0.9688847289117957,0.9688847289117957,0.9688847289117957,0.9688847289117957,0.9592918108037729,0,highway_0,0,1468.5901671054523,1792.5901671054523,,-1013.6957582074235
73.5,ego_0,1793.8693263545501,-11.750000000000002,12.791592490977427,1000.0,,0.9679262638947326,0.9679262638947326,0.9679262638947326,0.9679262638947326,0.9583428355393231,0,highway_0,0,1469.8693263545501,1793.8693263545501,,-1013.7915924909775
73.6,ego_0,1795.1580593343929,-11.750000000000002,12.887329798426455,1000.0,,0.9669468052351851,0.9669468052351851,0.9669468052351851,0.9669468052351851,0.9573730744902775,0,highway_0,0,1471.1580593343929,1795.1580593343929,,-1013.8873297984264
73.7,ego_0,1796.456356137089,-11.750000000000002,12.982968026961784,1000.0,,0.965946108206822,0.965946108206822,0.965946108206822,0.965946108206822,0.9563822853532855,0,highway_0,0,1472.456356137089,1796.456356137089,,-1013.9829680269618
73.8,ego_0,1797.7642066420597,-11.750000000000002,13.078505049707971,1000.0,,0.9649239297364899,0.9649239297364899,0.9649239297364899,0.9649239297364899,0.9553702274618736,0,highway_0,0,1473.7642066420597,1797.7642066420597,,-1014.0785050497079
73.9,ego_0,1799.0816005136494,-11.750000000000002,13.173938715897997,1000.0,,0.9638800285192529,0.9638800285192529,0.9638800285192529,0.9638800285192529,0.9543366619002569,0,highway_0,0,1475.0816005136494,1799.0816005136494,,-1014.173938715898
0,llm_0,338.0,-4.8,21.3,1000.0,,,,,,0,0,highway_0,2,0.0,338.0,,-1022.3
0.1,llm_0,340.1230212898983,-4.8,21.230212898983055,1000.0,,-0.7048497202711449,-0.7048497202711449,-0.7048497202711449,-0.7048497202711449,-0.6978710101694574,0,highway_0,2,2.123021289898304,340.1230212898983,,-1022.230212898983
0.2,llm_0,342.2400112412858,-4.8,21.169899513874725,1000.0,,-0.6091651895941408,-0.6091651895941408,-0.6091651895941408,-0.6091651895941408,-0.6031338510832995,0,highway_0,2,4.240011241285799,342.2400112412858,,-1022.1698995138747
0.3,llm_0,344.351830971736,-4.8,21.118197304501585,1000.0,,-0.5221923146687198,-0.5221923146687198,-0.5221923146687198,-0.5221923146687198,-0.5170220937313985,0,highway_0,2,6.351830971735978,344.351830971736,,-1022.1181973045016
0.4,llm_0,346.45926543256076,-4.8,21.07434460824783,1000.0,,-0.44291223216291786,-0.44291223216291786,-0.44291223216291786,-0.44291223216291786,-0.4385269625375443,0,highway_0,2,8.459265432560755,346.45926543256076,,-1022.0743446082479
0.5,llm_0,348.56303201254724,-4.8,21.037665799865042,1000.0,,-0.37045596466615427,-0.37045596466615427,-0.37045596466615427,-0.37045596466615427,-0.36678808382788475,0,highway_0,2,10.56303201254724,348.56303201254724,,-1022.0376657998651
0.6,llm_0,350.6637879185621,-4.8,21.007559060148353,1000.0,,-0.3040780711385687,-0.3040780711385687,-0.3040780711385687,-0.3040780711385687,-0.30106739716689646,0,highway_0,2,12.663787918562093,350.6637879185621,,-1022.0075590601483
0.7,llm_0,352.7621365410358,-4.8,20.983486224736552,1000.0,,-0.24313563765918217,-0.24313563765918217,-0.24313563765918217,-0.24313563765918217,-0.24072835411800497,0,highway_0,2,14.762136541035773,352.7621365410358,,-1021.9834862247366
0.8,llm_0,354.8586329715146,-4.8,20.964964304788772,1000.0,,-0.1870713914725625,-0.1870713914725625,-0.1870713914725625,-0.1870713914725625,-0.18521919947779963,0,highway_0,2,16.858632971514623,354.8586329715146,,-1021.9649643047887
0.9,llm_0,356.9537888076613,-4.8,20.95155836146661,1000.0,,-0.13540002755382696,-0.13540002755382696,-0.13540002755382696,-0.13540002755382696,-0.13405943322162273,0,highway_0,2,18.953788807661283,356.9537888076613,,-1021.9515583614666
1.0,llm_0,359.0480763560928,-4.8,20.94287548431497,1000.0,,-0.08769705923152188,-0.08769705923152188,-0.08769705923152188,-0.08769705923152188,-0.08682877151638735,0,highway_0,2,21.048076356092793,359.0480763560928,,-1021.942875484315
1.1,llm_0,361.1419323236571,-4.8,20.938559675643056,1000.0,,-0.043589667586333605,-0.043589667586333605,-0.043589667586333605,-0.043589667586333605,-0.04315808671915278,0,highway_0,2,23.1419323236571,361.1419323236571,,-1021.9385596756431
1.2,llm_0,363.2357610719606,-4.8,20.938287483035182,1000.0,,-0.002749145339551018,-0.002749145339551018,-0.002749145339551018,-0.002749145339551018,-0.002721926078734782,0,highway_0,2,25.23576107196061,363.2357610719606,,-1021.9382874830352
1.3,llm_0,365.32993749727876,-4.8,20.941764253181574,1000.0,,0.035115378478550334,0.035115378478550334,0.035115378478550334,0.035115378478550334,0.034767701463920275,0,highway_0,2,27.329937497278763,365.32993749727876,,-1021.9417642531815
1.4,llm_0,367.4248095877294,-4.8,20.948720904506118,1000.0,,0.07026217837788873,0.07026217837788873,0.07026217837788873,0.07026217837788873,0.06956651324543373,0,highway_0,2,29.424809587729385,367.4248095877294,,-1021.9487209045061
1.5,llm_0,369.520700701249,-4.8,20.958911135195805,1000.0,,0.10292132996587153,0.10292132996587153,0.10292132996587153,0.10292132996587153,0.10190230689687496,0,highway_0,2,31.520700701248984,369.520700701249,,-1021.9589111351958
1.6,llm_0,371.61791160108936,-4.8,20.97210899840386,1000.0,,0.13329841840135603,0.13329841840135603,0.13329841840135603,0.13329841840135603,0.1319786320805605,0,highway_0,2,33.61791160108936,371.61791160108936,,-1021.9721089984039
1.7,llm_0,373.7167222799396,-4.8,20.988106788502396,1000.0,,0.16157767999519693,0.16157767999519693,0.16157767999519693,0.16157767999519693,0.15997790098534637,0,highway_0,2,35.716722279939574,373.7167222799396,,-1021.9881067885024
1.8,llm_0,375.81739359913746,-4.8,21.006713191978648,1000.0,,0.18792467511013683,0.18792467511013683,0.18792467511013683,0.18792467511013683,0.18606403476251643,0,highway_0,2,37.81739359913746,375.81739359913746,,-1022.0067131919786
1.9,llm_0,377.9201687655791,-4.8,21.02775166441614,1000.0,,0.212488571618669,0.212488571618669,0.212488571618669,0.212488571618669,0.21038472437492572,0,highway_0,2,39.92016876557909,377.9201687655791,,-1022.0277516644161
2.0,llm_0,380.02527466571644,-4.8,21.051059001373552,1000.0,,0.2354041032698763,0.2354041032698763,0.2354041032698763,0.2354041032698763,0.2330733695741216,0,highway_0,2,42.02527466571644,380.02527466571644,,-1022.0510590013736
2.1,llm_0,382.1329230733338,-4.8,21.07648407617386,1000.0,,0.25679325548309195,0.25679325548309195,0.25679325548309195,0.25679325548309195,0.25425074800306646,0,highway_0,2,44.132923073333814,382.1329230733338,,-1022.0764840761739
2.2,llm_0,384.2433117455219,-4.8,21.103886721880812,1000.0,,0.2767667216402482,0.2767667216402482,0.2767667216402482,0.2767667216402482,0.27402645706953166,0,highway_0,2,46.24331174552191,384.2433117455219,,-1022.1038867218808
2.3,llm_0,386.35662541934727,-4.8,21.133136738253835,1000.0,,0.2954251653675237,0.2954251653675237,0.2954251653675237,0.2954251653675237,0.2925001637302316,0,highway_0,2,48.35662541934727,386.35662541934727,,-1022.1331367382538
2.4,llm_0,388.4730367200853,-4.8,21.16411300738064,1000.0,,0.31286031818072824,0.31286031818072824,0.31286031818072824,0.31286031818072824,0.309762691268034,0,highway_0,2,50.473036720085304,388.4730367200853,,-1022.1641130073806
2.5,llm_0,390.59270699049574,-4.8,21.19670270410446,1000.0,,0.3291559369105909,0.3291559369105909,0.3291559369105909,0.3291559369105909,0.32589696723821504,0,highway_0,2,52.59270699049574,390.59270699049574,,-1022.1967027041045
2.6,llm_0,392.71578704943374,-4.8,21.23080058938024,1000.0,,0.344388641285404,0.344388641285404,0.344388641285404,0.344388641285404,0.34097885275780726,0,highway_0,2,54.71578704943374,392.71578704943374,,-1022.2308005893802
2.7,llm_0,394.8424178870722,-4.8,21.26630837638463,1000.0,,0.3586286487443105,0.3586286487443105,0.3586286487443105,0.3586286487443105,0.35507787004387836,0,highway_0,2,56.8424178870722,394.8424178870722,,-1022.2663083763846
2.8,llm_0,396.9727313031348,-4.8,21.30313416062615,1000.0,,0.3719404208393435,0.3719404208393435,0.3719404208393435,0.3719404208393435,0.3682578424152183,0,highway_0,2,58.97273130313482,396.9727313031348,,-1022.3031341606262
2.9,llm_0,399.10685049378503,-4.8,21.341191906501827,1000.0,,0.38438323334432556,0.38438323334432556,0.38438323334432556,0.38438323334432556,0.3805774587567612,0,highway_0,2,61.10685049378503,399.10685049378503,,-1022.3411919065019
3.0,llm_0,401.2448905921613,-4.8,21.380400983762538,1000.0,,0.39601168033319323,0.39601168033319323,0.39601168033319323,0.39601168033319323,0.3920907726071121,0,highway_0,2,63.24489059216131,401.2448905921613,,-1022.3804009837626
3.1,llm_0,403.38675868420955,-4.8,21.418680920482576,1000.0,,0.386627360872385,0.386627360872385,0.386627360872385,0.386627360872385,0.3827993672003771,0,highway_0,2,65.38675868420955,403.38675868420955,,-1022.4186809204825
3.2,llm_0,405.5324314444762,-4.8,21.456727602666017,1000.0,,0.3842714900527681,0.3842714900527681,0.3842714900527681,0.3842714900527681,0.3804668218344176,0,highway_0,2,67.53243144447617,405.5324314444762,,-1022.456727602666
3.3,llm_0,407.6819266653301,-4.8,21.494952208539107,1000.0,,0.38606851931821157,0.38606851931821157,0.38606851931821157,0.38606851931821157,0.38224605873089956,0,highway_0,2,69.68192666533008,407.6819266653301,,-1022.4949522085391
3.4,llm_0,409.8352860723312,-4.8,21.533594070011436,1000.0,,0.39028280087054035,0.39028280087054035,0.39028280087054035,0.39028280087054035,0.38641861472328287,0,highway_0,2,71.8352860723312,409.8352860723312,,-1022.5335940700114
3.5,llm_0,411.9925645450725,-4.8,21.572784727413207,1000.0,,0.3958256397578655,0.3958256397578655,0.3958256397578655,0.3958256397578655,0.39190657401771745,0,highway_0,2,73.99256454507253,411.9925645450725,,-1022.5727847274133
3.6,llm_0,414.1538231697399,-4.8,21.61258624667372,1000.0,,0.40199534453119173,0.40199534453119173,0.40199534453119173,0.40199534453119173,0.3980151926051434,0,highway_0,2,76.1538231697399,414.1538231697399,,-1022.6125862466737
3.7,llm_0,416.31941934499474,-4.8,21.65596175254858,1000.0,,0.4380926093360776,0.4380926093360776,0.4380926093360776,0.4380926093360776,0.433755058748595,0,highway_0,2,78.31941934499474,416.31941934499474,,-1022.6559617525486
3.8,llm_0,418.4897102507338,-4.8,21.702909057391047,1000.0,,0.47416777890890766,0.47416777890890766,0.47416777890890766,0.47416777890890766,0.4694730484246534,0,highway_0,2,80.48971025073382,418.4897102507338,,-1022.702909057391
3.9,llm_0,420.66503231298253,-4.8,21.753220622486968,1000.0,,0.5081468074688275,0.5081468074688275,0.5081468074688275,0.5081468074688275,0.5031156509592094,0,highway_0,2,82.66503231298253,420.66503231298253,,-1022.753220622487
4.0,llm_0,422.84570064686505,-4.8,21.80668333882545,1000.0,,0.539973435018691,0.539973435018691,0.539973435018691,0.539973435018691,0.5346271633848332,0,highway_0,2,84.84570064686505,422.84570064686505,,-1022.8066833388255
4.1,llm_0,425.0320089482793,-4.8,21.86308301414251,1000.0,,0.5696367207023313,0.5696367207023313,0.5696367207023313,0.5696367207023313,0.5639967531705992,0,highway_0,2,87.03200894827933,425.0320089482793,,-1022.8630830141425
4.2,llm_0,427.2361390318718,-4.8,22.041300835924687,1000.0,,1.8,1.8,1.8,1.8,1.782178217821766,0,highway_0,2,89.2361390318718,427.2361390318718,,-1023.0413008359246
4.3,llm_0,429.4580908976425,-4.8,22.219518657706864,1000.0,,1.8,1.8,1.8,1.8,1.782178217821766,0,highway_0,2,91.45809089764248,429.4580908976425,,-1023.2195186577069
4.4,llm_0,431.69786454559136,-4.8,22.39773647948904,1000.0,,1.8,1.8,1.8,1.8,1.782178217821766,0,highway_0,2,93.69786454559136,431.69786454559136,,-1023.397736479489
4.5,llm_0,433.9554599757185,-4.8,22.575954301271217,1000.0,,1.8,1.8,1.8,1.8,1.782178217821766,0,highway_0,2,95.9554599757185,433.9554599757185,,-1023.5759543012712
4.6,llm_0,436.23087718802384,-4.8,22.754172123053394,1000.0,,1.8,1.8,1.8,1.8,1.782178217821766,0,highway_0,2,98.23087718802384,436.23087718802384,,-1023.7541721230534
4.7,llm_0,438.5241161825074,-4.8,22.93238994483557,1000.0,,1.8,1.8,1.8,1.8,1.782178217821766,0,highway_0,2,100.52411618250738,438.5241161825074,,-1023.9323899448356
4.8,llm_0,440.83517695916913,-4.8,23.110607766617747,1000.0,,1.8,1.8,1.8,1.8,1.782178217821766,0,highway_0,2,102.83517695916913,440.83517695916913,,-1024.1106077666177
4.9,llm_0,443.16405951800914,-4.8,23.288825588399924,1000.0,,1.8,1.8,1.8,1.8,1.782178217821766,0,highway_0,2,105.16405951800914,443.16405951800914,,-1024.2888255884
5.0,llm_0,445.51076385902735,-4.8,23.4670434101821,1000.0,,1.8,1.8,1.8,1.8,1.782178217821766,0,highway_0,2,107.51076385902735,445.51076385902735,,-1024.4670434101822
5.1,llm_0,447.87528998222376,-4.8,23.645261231964277,1000.0,,1.8,1.8,1.8,1.8,1.782178217821766,0,highway_0,2,109.87528998222376,447.87528998222376,,-1024.6452612319642
5.2,llm_0,450.25763788759843,-4.8,23.823479053746453,1000.0,,1.8,1.8,1.8,1.8,1.782178217821766,0,highway_0,2,112.25763788759843,450.25763788759843,,-1024.8234790537465
5.3,llm_0,452.65780757515125,-4.8,24.00169687552863,1000.0,,1.8,1.8,1.8,1.8,1.782178217821766,0,highway_0,2,114.65780757515131,452.6578075751513,,-1025.0016968755285
5.4,llm_0,455.07579904488244,-4.8,24.179914697310807,1000.0,,1.8,1.8,1.8,1.8,1.782178217821766,0,highway_0,2,117.07579904488239,455.0757990448824,,-1025.1799146973108
5.5,llm_0,457.5116122967917,-4.8,24.358132519092983,1000.0,,1.8,1.8,1.8,1.8,1.782178217821766,0,highway_0,2,119.51161229679167,457.51161229679167,,-1025.358132519093
5.6,llm_0,459.9652473308792,-4.8,24.53635034087516,1000.0,,1.8,1.8,1.8,1.8,1.782178217821766,0,highway_0,2,121.96524733087921,459.9652473308792,,-1025.536350340875
5.7,llm_0,462.43670414714495,-4.8,24.714568162657336,1000.0,,1.8,1.8,1.8,1.8,1.782178217821766,0,highway_0,2,124.43670414714495,462.43670414714495,,-1025.7145681626573
5.8,llm_0,464.92598274558884,-4.8,24.892785984439513,1000.0,,1.8,1.8,1.8,1.8,1.782178217821766,0,highway_0,2,126.9259827455889,464.9259827455889,,-1025.8927859844396
5.9,llm_0,467.433083126211,-4.8,25.07100380622169,1000.0,,1.8,1.8,1.8,1.8,1.782178217821766,0,highway_0,2,129.43308312621105,467.43308312621105,,-1026.0710038062216
6.0,llm_0,469.9580052890115,-4.8,25.249221628003866,1000.0,,1.8,1.8,1.8,1.8,1.782178217821766,0,highway_0,2,131.95800528901145,469.95800528901145,,-1026.2492216280039
6.1,llm_0,472.50074923399006,-4.8,25.427439449786043,1000.0,,1.8,1.8,1.8,1.8,1.782178217821766,0,highway_0,2,134.50074923399006,472.50074923399006,,-1026.427439449786
6.2,llm_0,475.0613149611469,-4.8,25.60565727156822,1000.0,,1.8,1.8,1.8,1.8,1.782178217821766,0,highway_0,2,137.06131496114688,475.0613149611469,,-1026.6056572715681
6.3,llm_0,477.61382012484415,-4.8,25.525051636973185,1000.0,,-0.8141169094098601,-0.8141169094098601,-0.8141169094098601,-0.8141169094098601,-0.8060563459503456,0,highway_0,2,139.6138201248442,477.6138201248442,,-1026.525051636973
6.4,llm_0,480.15836130332207,-4.8,25.445411784779196,1000.0,,-0.8043625071592726,-0.8043625071592726,-0.8043625071592726,-0.8043625071592726,-0.796398521939885,0,highway_0,2,142.15836130332212,480.1583613033221,,-1026.4454117847793
6.5,llm_0,482.69506119806726,-4.8,25.366998947451865,1000.0,,-0.7919696570060479,-0.7919696570060479,-0.7919696570060479,-0.7919696570060479,-0.7841283732733118,0,highway_0,2,144.69506119806732,482.6950611980673,,-1026.366998947452
6.6,llm_0,485.22406651710264,-4.8,25.29005319035309,1000.0,,-0.7771521466976712,-0.7771521466976712,-0.7771521466976712,-0.7771521466976712,-0.7694575709877682,0,highway_0,2,147.22406651710264,485.22406651710264,,-1026.290053190353
6.7,llm_0,487.7455458362858,-4.8,25.214793191832698,1000.0,,-0.7601259850559515,-0.7601259850559515,-0.7601259850559515,-0.7601259850559515,-0.7525999852039078,0,highway_0,2,149.74554583628588,487.7455458362859,,-1026.2147931918328
6.8,llm_0,490.260001503201,-4.8,25.144556669151125,1000.0,,-0.709388879083864,-0.709388879083864,-0.709388879083864,-0.709388879083864,-0.7023652268157221,0,highway_0,2,152.260001503201,490.260001503201,,-1026.1445566691511
6.9,llm_0,492.7679355804621,-4.8,25.079340772611005,1000.0,,-0.6586805550552346,-0.6586805550552346,-0.6586805550552346,-0.6586805550552346,-0.6521589654012061,0,highway_0,2,154.7679355804621,492.7679355804621,,-1026.079340772611
7.0,llm_0,495.26981262629215,-4.8,25.0187704583008,1000.0,,-0.6117601745330439,-0.6117601745330439,-0.6117601745330439,-0.6117601745330439,-0.6057031431020476,0,highway_0,2,157.2698126262922,495.2698126262922,,-1026.0187704583009
7.1,llm_0,497.7660629753244,-4.8,24.962503490322803,38.98492712368543,llm_1,-0.5682963765777657,-0.5682963765777657,-0.5682963765777657,-0.5682963765777657,-0.5626696797799724,0,highway_0,2,159.76606297532447,497.7660629753245,,8.973140074033637
7.2,llm_0,500.25707141931656,-4.8,24.9100844399217,39.887483036128835,llm_1,-0.5294324090511121,-0.5294324090511121,-0.5294324090511121,-0.5294324090511121,-0.524190504011024,0,highway_0,2,162.25707141931662,500.2570714193166,,9.02555912443474
7.3,llm_0,502.7432096832114,-4.8,24.861382638947322,40.79490912866968,llm_1,-0.49188818984120913,-0.49188818984120913,-0.49188818984120913,-0.49188818984120913,-0.4870180097437782,0,highway_0,2,164.74320968321138,502.7432096832114,,9.074260925409117
7.4,llm_0,505.224823050788,-4.8,24.81613367576651,41.70686011752864,llm_1,-0.4570145281262377,-0.4570145281262377,-0.4570145281262377,-0.4570145281262377,-0.4524896318081417,0,highway_0,2,167.22482305078802,505.224823050788,,9.119509888589931
7.5,llm_0,507.70223249492824,-4.8,24.774094441401868,42.62301502982414,llm_1,-0.4245962670828709,-0.4245962670828709,-0.4245962670828709,-0.4245962670828709,-0.4203923436464052,0,highway_0,2,169.70223249492818,507.7022324949282,,9.161549122954572
7.6,llm_0,510.1757366001231,-4.8,24.735041051949135,43.543075281064695,llm_1,-0.39443923347259735,-0.39443923347259735,-0.39443923347259735,-0.39443923347259735,-0.3905338945273229,0,highway_0,2,172.17573660012312,510.1757366001231,,9.200602512407304
7.7,llm_0,512.6456133017598,-4.8,24.698767016366563,44.466762935863564,llm_1,-0.3663677593839675,-0.3663677593839675,-0.3663677593839675,-0.3663677593839675,-0.3627403558257214,0,highway_0,2,174.6456133017598,512.6456133017598,,9.236876547989876
7.8,llm_0,515.1121214633313,-4.8,24.665081615714303,45.3938191307278,llm_1,-0.34022254658783113,-0.34022254658783113,-0.34022254658783113,-0.34022254658783113,-0.3368540065226,0,highway_0,2,177.11212146333128,515.1121214633313,,9.270561948642136
7.9,llm_0,517.5755023098558,-4.8,24.633808465244446,46.3240026406389,llm_1,-0.3158588197455868,-0.3158588197455868,-0.3158588197455868,-0.3158588197455868,-0.3127315046985757,0,highway_0,2,179.57550230985578,517.5755023098558,,9.301835099111994
8.0,llm_0,520.0359807333693,-4.8,24.604784235135725,47.25708857356094,llm_1,-0.29314472409807957,-0.29314472409807957,-0.29314472409807957,-0.29314472409807957,-0.2902423010872113,0,highway_0,2,182.03598073336934,520.0359807333693,,9.330859329220715
8.1,llm_0,522.4937664843002,-4.8,24.577857509308913,48.19286717906571,llm_1,-0.27195993085078146,-0.27195993085078146,-0.27195993085078146,-0.27195993085078146,-0.2692672582681155,0,highway_0,2,184.49376648430018,522.4937664843002,,9.357786055047526
8.2,llm_0,524.9490552607792,-4.8,24.552887764790718,49.13114275902226,llm_1,-0.252194419633771,-0.252194419633771,-0.252194419633771,-0.252194419633771,-0.24969744518195114,0,highway_0,2,186.94905526077923,524.9490552607792,,9.382755799565722
8.3,llm_0,527.402029706442,-4.8,24.529744456627977,50.071732669795075,llm_1,-0.2337474124436856,-0.2337474124436856,-0.2337474124436856,-0.2337474124436856,-0.23143308162740794,0,highway_0,2,189.40202970644202,527.402029706442,,9.405899107728462
8.4,llm_0,529.85286032599,-4.8,24.508306195479854,51.01446640668255,llm_1,-0.21652643759606124,-0.21652643759606124,-0.21652643759606124,-0.21652643759606124,-0.21438261148123416,0,highway_0,2,191.85286032599004,529.85286032599,,9.427337368876586
8.5,llm_0,532.3017063266706,-4.8,24.48846000680577,51.95918476243751,llm_1,-0.2004465056082494,-0.2004465056082494,-0.2004465056082494,-0.2004465056082494,-0.1984618867408372,0,highway_0,2,194.30170632667057,532.3017063266706,,9.44718355755067
8.6,llm_0,534.7487163928785,-4.8,24.47010066207943,52.90573905266533,llm_1,-0.18542938173602366,-0.18542938173602366,-0.18542938173602366,-0.18542938173602366,-0.18359344726338378,0,highway_0,2,196.74871639287846,534.7487163928785,,9.465542902277008
8.7,llm_0,537.1940294002526,-4.8,24.453130073741608,53.85399040172715,llm_1,-0.17140294221202343,-0.17140294221202343,-0.17140294221202343,-0.17140294221202343,-0.169705883378235,0,highway_0,2,199.1940294002526,537.1940294002526,,9.482513490614831
8.8,llm_0,539.637775074922,-4.8,24.437456746695066,54.80380908349307,llm_1,-0.158300603170088,-0.158300603170088,-0.158300603170088,-0.158300603170088,-0.1567332704654234,0,highway_0,2,201.63777507492205,539.637775074922,,9.498186817661374
8.9,llm_0,542.0800746029296,-4.8,24.422995280075522,55.75507391192114,llm_1,-0.14606081285738845,-0.14606081285738845,-0.14606081285738845,-0.14606081285738845,-0.14461466619543728,0,highway_0,2,204.08007460292959,542.0800746029296,,9.512648284280917
9.0,llm_0,544.5210411943125,-4.8,24.409665913828743,56.707671676973725,llm_1,-0.1346265990924951,-0.1346265990924951,-0.1346265990924951,-0.1346265990924951,-0.13329366246779273,0,highway_0,2,206.5210411943125,544.5210411943125,,9.525977650527697
9.1,llm_0,546.9607806058432,-4.8,24.39739411530709,57.66149662187886,llm_1,-0.12394516506870397,-0.12394516506870397,-0.12394516506870397,-0.12394516506870397,-0.122717985216525,0,highway_0,2,208.96078060584318,546.9607806058432,,9.53824944904935
9.2,llm_0,549.3993916260118,-4.8,24.386110201686808,58.61644995814559,llm_1,-0.11396752756485447,-0.11396752756485447,-0.11396752756485447,-0.11396752756485447,-0.11283913620282249,0,highway_0,2,211.39939162601183,549.3993916260118,,9.549533362669631
9.3,llm_0,551.8369665254633,-4.8,24.375748994514428,59.572439415129885,llm_1,-0.10464819244100924,-0.10464819244100924,-0.10464819244100924,-0.10464819244100924,-0.10361207172380205,0,highway_0,2,213.83696652546325,551.8369665254633,,9.559894569842012
9.4,llm_0,554.2735914757762,-4.8,24.366249503129442,60.529378821252386,llm_1,-0.09594486298835984,-0.09594486298835984,-0.09594486298835984,-0.09594486298835984,-0.09499491384985959,0,highway_0,2,216.27359147577624,554.2735914757762,,9.569394061226998
9.5,llm_0,556.7093469391853,-4.8,24.357554634090633,61.48718771427921,llm_1,-0.0878181772919595,-0.0878181772919595,-0.0878181772919595,-0.0878181772919595,-0.08694869038809117,0,highway_0,2,218.70934693918525,556.7093469391853,,9.578088930265807
9.6,llm_0,559.1443080315917,-4.8,24.349610924064123,62.44579097830829,llm_1,-0.08023147126776027,-0.08023147126776027,-0.08023147126776027,-0.08023147126776027,-0.0794371002650962,0,highway_0,2,221.14430803159166,559.1443080315917,,9.586032640292316
9.7,llm_0,561.5785448609836,-4.8,24.34236829391897,63.40511850535186,llm_1,-0.07315056446605198,-0.07315056446605198,-0.07315056446605198,-0.07315056446605198,-0.07242630145153583,0,highway_0,2,223.57854486098358,561.5785448609836,,9.59327527043747
9.8,llm_0,564.0121228431864,-4.8,24.335779822027607,64.36510487958489,llm_1,-0.06654356610275053,-0.06654356610275053,-0.06654356610275053,-0.06654356610275053,-0.06588471891362246,0,highway_0,2,226.01212284318638,564.0121228431864,,9.599863742328832
9.9,llm_0,566.4451029966853,-4.8,24.32980153498822,65.3256890825215,llm_1,-0.06038069909782702,-0.06038069909782702,-0.06038069909782702,-0.06038069909782702,-0.05978287039386743,0,highway_0,2,228.44510299668525,566.4451029966853,,9.605842029368219
10.0,llm_0,568.8775422181031,-4.8,24.324392214178896,66.28681421753922,llm_1,-0.054634140174151025,-0.054634140174151025,-0.054634140174151025,-0.054634140174151025,-0.05409320809324214,0,highway_0,2,230.87754221810314,568.8775422181031,,9.611251350177543
10.1,llm_0,571.3094935397754,-4.8,24.31951321672277,67.24842725230255,llm_1,-0.04927787430686369,-0.04927787430686369,-0.04927787430686369,-0.04927787430686369,-0.04878997456128076,0,highway_0,2,233.30949353977542,571.3094935397754,,9.616130347633671
10.2,llm_0,573.7410063707347,-4.8,24.315128309592225,68.21047877777877,llm_1,-0.04428756201845909,-0.04428756201845909,-0.04428756201845909,-0.04428756201845909,-0.0438490713054307,0,highway_0,2,235.74100637073468,573.7410063707347,,9.620515254764214
10.3,llm_0,576.1721267223058,-4.8,24.31120351571175,69.17292278264344,llm_1,-0.039640418192808335,-0.039640418192808335,-0.039640418192808335,-0.039640418192808335,-0.03924793880475619,0,highway_0,2,238.17212672230585,576.1721267223058,,9.62444004864469
10.4,llm_0,578.6028974194094,-4.8,24.307706971034904,70.1357164419754,llm_1,-0.03531510123616739,-0.03531510123616739,-0.03531510123616739,-0.03531510123616739,-0.03496544676846014,0,highway_0,2,240.60289741940937,578.6028974194094,,9.627936593321536
10.5,llm_0,581.0333582985768,-4.8,24.304608791673697,71.09881991924348,llm_1,-0.03129161154815765,-0.03129161154815765,-0.03129161154815765,-0.03129161154815765,-0.030981793612063768,0,highway_0,2,243.0333582985768,581.0333582985768,,9.631034772682742
10.6,llm_0,583.4635463936017,-4.8,24.301880950249586,72.06219618065424,llm_1,-0.027551198383517418,-0.027551198383517418,-0.027551198383517418,-0.027551198383517418,-0.027278414241109772,0,highway_0,2,245.46354639360175,583.4635463936017,,9.633762614106853
10.7,llm_0,585.8934961096734,-4.8,24.299497160716072,73.02581082101833,llm_1,-0.024076274288494494,-0.024076274288494494,-0.024076274288494494,-0.024076274288494494,-0.023837895335141468,0,highway_0,2,247.89349610967338,585.8934961096734,,9.636146403640367
10.8,llm_0,588.3232393867709,-4.8,24.29743277097488,73.98963190035633,llm_1,-0.020850336386031346,-0.020850336386031346,-0.020850336386031346,-0.020850336386031346,-0.0206438974119294,0,highway_0,2,250.32323938677087,588.3232393867709,,9.63821079338156
10.9,llm_0,590.752805853038,-4.8,24.295664662671587,74.95362979052479,llm_1,-0.01785789386325403,-0.01785789386325403,-0.01785789386325403,-0.01785789386325403,-0.01768108303291882,0,highway_0,2,252.752805853038,590.752805853038,,9.639978901684852
11.0,llm_0,593.1822229687994,-4.8,24.29417115761373,75.91777703119905,llm_1,-0.015084401084395996,-0.015084401084395996,-0.015084401084395996,-0.015084401084395996,-0.014935050578586129,0,highway_0,2,255.18222296879935,593.1822229687994,,9.64147240674271
11.1,llm_0,595.6115161618299,-4.8,24.29293193030543,76.88204819460415,llm_1,-0.01251619581381318,-0.01251619581381318,-0.01251619581381318,-0.01251619581381318,-0.012392273083001726,0,highway_0,2,257.61151616182985,595.6115161618299,,9.642711634051011
11.2,llm_0,598.0407089544436,-4.8,24.291927926138317,77.84641975842587,llm_1,-0.010140442087833313,-0.010140442087833313,-0.010140442087833313,-0.010140442087833313,-0.010040041671111055,0,highway_0,2,260.04070895444363,598.0407089544436,,9.643715638218122
11.3,llm_0,600.4698230829256,-4.8,24.291141284819297,78.81086998637952,llm_1,-0.007945077322110373,-0.007945077322110373,-0.007945077322110373,-0.007945077322110373,-0.007866413190207311,0,highway_0,2,262.4698230829256,600.4698230829256,,9.644502279537143
11.4,llm_0,602.8988786097908,-4.8,24.290555268652618,79.77537881595012,llm_1,-0.005918763283451096,-0.005918763283451096,-0.005918763283451096,-0.005918763283451096,-0.005860161666788599,0,highway_0,2,264.8988786097908,602.8988786097908,,9.645088295703822
11.5,llm_0,605.3278940293235,-4.8,24.290154195326608,80.73992775285305,llm_1,-0.0040508405927082505,-0.0040508405927082505,-0.0040508405927082505,-0.0040508405927082505,-0.004010733260102484,0,highway_0,2,267.3278940293235,605.3278940293235,,9.645489369029832
11.6,llm_0,607.756903000483,-4.8,24.290089711595446,81.70448313812912,llm_1,-0.0006512856847424658,-0.0006512856847424658,-0.0006512856847424658,-0.0006512856847424658,-0.0006448373116185735,0,highway_0,2,269.756903000483,607.756903000483,,9.645553852760994
11.7,llm_0,610.1860254709454,-4.8,24.29122470462364,82.6689250241021,llm_1,0.011463429584795773,0.011463429584795773,0.011463429584795773,0.011463429584795773,0.01134993028195197,0,highway_0,2,272.1860254709454,610.1860254709454,,9.644418859732799
11.8,llm_0,612.615375433694,-4.8,24.293499627486156,83.63313941778924,llm_1,0.022976720911395625,0.022976720911395625,0.022976720911395625,0.022976720911395625,0.02274922862515183,0,highway_0,2,274.615375433694,612.615375433694,,9.642143936870283
11.9,llm_0,615.0450609527094,-4.8,24.2968551901543,84.59701825520969,llm_1,0.03389118294827459,0.03389118294827459,0.03389118294827459,0.03389118294827459,0.03355562668144074,0,highway_0,2,277.0450609527094,615.0450609527094,,9.63878837420214
12.0,llm_0,617.4751842020927,-4.8,24.301232493833574,85.56045936226164,llm_1,0.044210767160682694,0.044210767160682694,0.044210767160682694,0.044210767160682694,0.04377303679273581,0,highway_0,2,279.4751842020927,617.4751842020927,,9.634411070522866
12.1,llm_0,619.9058415173649,-4.8,24.30657315272294,86.523366403425,llm_1,0.05394065478259469,0.05394065478259469,0.05394065478259469,0.05394065478259469,0.05340658889366523,0,highway_0,2,281.90584151736493,619.9058415173649,,9.6290704116335
12.2,llm_0,622.3371234577827,-4.8,24.312819404178054,87.48564881944307,llm_1,0.06308713969667053,0.06308713969667053,0.06308713969667053,0.06308713969667053,0.06246251455113594,0,highway_0,2,284.3371234577827,622.3371234577827,,9.622824160178386
12.3,llm_0,624.7691148786035,-4.8,24.319914208208903,88.44722175505794,llm_1,0.07165752071156116,0.07165752071156116,0.07165752071156116,0.07165752071156116,0.07094804030849389,0,highway_0,2,286.76911487860355,624.7691148786035,,9.615729356147536
12.4,llm_0,627.2018950123223,-4.8,24.327801337188188,89.40800597777442,llm_1,0.07966000269078953,0.07966000269078953,0.07966000269078953,0.07966000269078953,0.07887128979284341,0,highway_0,2,289.2018950123223,627.2018950123223,,9.607842227168252
12.5,llm_0,629.6355375579815,-4.8,24.336425456591833,90.36792778855087,llm_1,0.08710360597682051,0.08710360597682051,0.08710360597682051,0.08710360597682051,0.0862411940364538,0,highway_0,2,291.6355375579815,629.6355375579815,,9.599218107764607
12.6,llm_0,632.0701107777352,-4.8,24.345732197537544,91.32691892523289,llm_1,0.09399808355166195,0.09399808355166195,0.09399808355166195,0.09399808355166195,0.09306740945710601,0,highway_0,2,294.0701107777352,632.0701107777352,,9.589911366818896
12.7,llm_0,634.5059036030839,-4.8,24.357928253486556,92.28469045631991,llm_1,0.12318016508503486,0.12318016508503486,0.12318016508503486,0.12318016508503486,0.12196055949011964,0,highway_0,2,296.5059036030839,634.5059036030839,,9.577715310869884
12.8,llm_0,636.9429798864094,-4.8,24.370762833255096,93.2411785294299,llm_1,0.12962925566226235,0.12962925566226235,0.12962925566226235,0.12962925566226235,0.12834579768540522,0,highway_0,2,298.9429798864094,636.9429798864094,,9.564880731101344
12.9,llm_0,639.3813847869774,-4.8,24.384049005679476,94.19633798529739,llm_1,0.13419034148622516,0.13419034148622516,0.13419034148622516,0.13419034148622516,0.13286172424379572,0,highway_0,2,301.3813847869774,639.3813847869774,,9.551594558676964
13.0,llm_0,641.8211581637671,-4.8,24.397733767897737,95.15012896494349,llm_1,0.13821609840444313,0.13821609840444313,0.13821609840444313,0.13821609840444313,0.13684762218261426,0,highway_0,2,303.8211581637671,641.8211581637671,,9.537909796458703
13.1,llm_0,644.2623347347269,-4.8,24.4117657095973,96.10251675041931,llm_1,0.14172261116560195,0.14172261116560195,0.14172261116560195,0.14172261116560195,0.14031941699563788,0,highway_0,2,306.2623347347269,644.2623347347269,,9.523877854759139
13.2,llm_0,646.704944237698,-4.8,24.42609502971066,97.05347160388382,llm_1,0.1447261331449164,0.1447261331449164,0.1447261331449164,0.1447261331449164,0.1432932011335808,0,highway_0,2,308.704944237698,646.704944237698,,9.50954853464578
13.3,llm_0,649.1653755228473,-4.8,24.604312851492836,98.08660467517002,llm_1,1.8,1.8,1.8,1.8,1.782178217821766,0,highway_0,2,311.1653755228473,649.1653755228473,,9.331330712863604
13.4,llm_0,651.6436285901748,-4.8,24.782530673275012,99.00191596427813,llm_1,1.8,1.8,1.8,1.8,1.782178217821766,0,highway_0,2,313.6436285901748,651.6436285901748,,9.153112891081427
13.5,llm_0,654.1397034396805,-4.8,24.96074849505719,99.89940547120814,llm_1,1.8,1.8,1.8,1.8,1.782178217821766,0,highway_0,2,316.1397034396805,654.1397034396805,,8.97489506929925
13.6,llm_0,656.6349396004177,-4.8,24.95236160737296,100.69773366690637,llm_1,-0.08470756561071553,-0.08470756561071553,-0.08470756561071553,-0.08470756561071553,-0.08386887684228128,0,highway_0,2,318.63493960041774,656.6349396004177,,8.983281956983479
13.7,llm_0,659.1479975433333,-4.81,25.130579429155137,101.70002225864432,llm_1,1.8,1.8,1.8,1.8,1.782178217821766,0,highway_0,2,321.1479975433333,659.1479975433333,,9.022885917379522
13.8,llm_0,661.6788772684271,-4.83,25.308797250937314,102.60627124642174,llm_1,1.8,1.8,1.8,1.8,1.782178217821766,0,highway_0,2,323.6788772684271,661.6788772684271,,9.062489877775565
13.9,llm_0,664.227578775699,-4.859999999999999,25.48701507271949,103.51648063023909,llm_1,1.8,1.8,1.8,1.8,1.782178217821766,0,highway_0,2,326.22757877569904,664.227578775699,,9.102093838171609
14.0,llm_0,666.7941020651492,-4.8999999999999995,25.665232894501667,104.43065041009568,llm_1,1.8,1.8,1.8,1.8,1.782178217821766,0,highway_0,2,328.7941020651492,666.7941020651492,,9.141697798567652
14.1,llm_0,669.3784471367776,-4.95,25.843450716283844,105.34878058599197,llm_1,1.8,1.8,1.8,1.8,1.782178217821766,0,highway_0,2,331.3784471367776,669.3784471367776,,9.181301758963695
14.2,llm_0,671.9806139905842,-5.01,26.02166853806602,106.2708711579282,llm_1,1.8,1.8,1.8,1.8,1.782178217821766,0,highway_0,2,333.9806139905842,671.9806139905842,,9.220905719359738
14.3,llm_0,674.600602626569,-5.08,26.199886359848197,107.19692212590355,llm_1,1.8,1.8,1.8,1.8,1.782178217821766,0,highway_0,2,336.60060262656896,674.600602626569,,9.260509679755781
14.4,llm_0,677.2384130447319,-5.16,26.378104181630373,108.12693348991895,llm_1,1.8,1.8,1.8,1.8,1.782178217821766,0,highway_0,2,339.23841304473194,677.2384130447319,,9.300113640151825
14.5,llm_0,679.8940452450732,-5.25,26.55632200341255,109.0609052499736,llm_1,1.8,1.8,1.8,1.8,1.782178217821766,0,highway_0,2,341.89404524507324,679.8940452450732,,9.339717600547868
14.6,llm_0,682.5674992275927,-5.35,26.734539825194727,109.99883740606818,llm_1,1.8,1.8,1.8,1.8,1.782178217821766,0,highway_0,2,344.56749922759275,682.5674992275927,,9.379321560943911
14.7,llm_0,685.2587749922905,-5.45,26.912757646976903,110.940729958202,llm_1,1.8,1.8,1.8,1.8,1.782178217821766,0,highway_0,2,347.25877499229045,685.2587749922905,,9.418925521339954
14.8,llm_0,687.9678725391664,-5.55,27.09097546875908,111.88658290637564,llm_1,1.8,1.8,1.8,1.8,1.782178217821766,0,highway_0,2,349.96787253916636,687.9678725391664,,9.458529481735997
14.9,llm_0,690.6947918682205,-5.6499999999999995,27.269193290541256,1000.0,,1.8,1.8,1.8,1.8,1.782178217821766,0,highway_0,2,352.6947918682205,690.6947918682205,,-1028.2691932905414
15.0,llm_0,693.4395329794528,-5.75,27.447411112323433,1000.0,,1.8,1.8,1.8,1.8,1.782178217821766,0,highway_0,2,355.4395329794528,693.4395329794528,,-1028.4474111123234
15.1,llm_0,696.2020958728633,-5.85,27.62562893410561,1000.0,,1.8,1.8,1.8,1.8,1.782178217821766,0,highway_0,2,358.2020958728633,696.2020958728633,,-1028.6256289341056
15.2,llm_0,698.9824805484521,-5.95,27.803846755887786,1000.0,,1.8,1.8,1.8,1.8,1.782178217821766,0,highway_0,2,360.98248054845214,698.9824805484521,,-1028.803846755888
15.3,llm_0,701.7806870062192,-6.05,27.982064577669963,1000.0,,1.8,1.8,1.8,1.8,1.782178217821766,0,highway_0,2,363.7806870062192,701.7806870062192,,-1028.98206457767
15.4,llm_0,704.5967152461644,-6.15,28.16028239945214,1000.0,,1.8,1.8,1.8,1.8,1.782178217821766,0,highway_0,2,366.5967152461644,704.5967152461644,,-1029.1602823994522
15.5,llm_0,707.4305652682879,-6.25,28.338500221234316,1000.0,,1.8,1.8,1.8,1.8,1.782178217821766,0,highway_0,2,369.43056526828786,707.4305652682879,,-1029.3385002212344
15.6,llm_0,710.2822370725895,-6.3500000000000005,28.516718043016493,1000.0,,1.8,1.8,1.8,1.8,1.782178217821766,0,highway_0,2,372.2822370725895,710.2822370725895,,-1029.5167180430165
15.7,llm_0,713.1517306590694,-6.45,28.69493586479867,120.57747726172018,llm_1,1.8,1.8,1.8,1.8,1.782178217821766,0,highway_0,1,375.15173065906936,713.1517306590694,,9.814965125300386
15.8,llm_0,715.9965678248096,-6.550000000000001,28.448371657402188,121.50541237320758,llm_1,-2.490298494704477,-2.490298494704477,-2.490298494704477,-2.490298494704477,-2.4656420739648155,0,highway_0,1,377.99656782480963,715.9965678248096,,10.279351114875087
15.9,llm_0,718.8184921712948,-6.65,28.21924346485199,122.578042482168,llm_1,-2.3141947447570135,-2.3141947447570135,-2.3141947447570135,-2.3141947447570135,-2.291281925501991,0,highway_0,1,380.8184921712948,718.8184921712948,,10.726301089603506
16.0,llm_0,721.6190838721374,-6.750000000000001,28.005917008425353,123.6937874149888,llm_1,-2.154597209909048,-2.154597209909048,-2.154597209909048,-2.154597209909048,-2.133264564266355,0,highway_0,1,383.61908387213737,721.6190838721374,,11.157449328208362
16.1,llm_0,724.3997799322376,-6.8500000000000005,27.806960601001983,124.85121016676973,llm_1,-2.0094597149760367,-2.0094597149760367,-2.0094597149760367,-2.0094597149760367,-1.989564074233705,0,highway_0,1,386.3997799322376,724.3997799322376,,11.574227517809952
16.2,llm_0,727.1618912912182,-6.950000000000001,27.621113589806182,126.04899979788817,llm_1,-1.877054813077592,-1.877054813077592,-1.877054813077592,-1.877054813077592,-1.858470111958006,0,highway_0,1,389.16189129121824,727.1618912912182,,11.977896311183972
16.3,llm_0,729.9066173563895,-7.050000000000001,27.447260651712444,127.28595690103381,llm_1,-1.7559146747467569,-1.7559146747467569,-1.7559146747467569,-1.7559146747467569,-1.7385293809373792,0,highway_0,1,391.90661735638946,729.9066173563895,,12.36957103145593
16.4,llm_0,732.6350584271564,-7.15,27.284410707669714,128.5609811768015,llm_1,-1.644784434831595,-1.644784434831595,-1.644784434831595,-1.644784434831595,-1.6284994404272979,0,highway_0,1,394.6350584271564,732.6350584271564,,12.75024275767688
16.5,llm_0,735.3482263770996,-7.250000000000001,27.131679499432394,129.87306075161072,llm_1,-1.542585203196943,-1.542585203196943,-1.542585203196943,-1.542585203196943,-1.5273120823732,0,highway_0,1,397.34822637709965,735.3482263770996,,13.12079574809242
16.6,llm_0,738.0470538865573,-7.3500000000000005,26.98827509457632,131.22126294512347,llm_1,-1.448384489046361,-1.448384489046361,-1.448384489046361,-1.448384489046361,-1.434044048560743,0,highway_0,1,400.04705388655725,738.0470538865573,,13.482021935126713
16.7,llm_0,740.732401942109,-7.450000000000001,26.853480555517507,132.6047267707598,llm_1,-1.3614248444940231,-1.3614248444940231,-1.3614248444940231,-1.3614248444940231,-1.34794539058813,0,highway_0,1,402.73240194210905,740.732401942109,,13.834638256363746
16.8,llm_0,743.4050674366952,-7.550000000000001,26.72665494586125,134.02265533557963,llm_1,-1.2809386575282138,-1.2809386575282138,-1.2809386575282138,-1.2809386575282138,-1.268256096562581,0,highway_0,1,405.40506743669516,743.4050674366952,,14.179285648198224
16.9,llm_0,746.0657892896066,-7.65,26.60721852911487,135.47430972029187,llm_1,-1.2063078091384198,-1.2063078091384198,-1.2063078091384198,-1.2063078091384198,-1.1943641674637817,0,highway_0,1,408.06578928960664,746.0657892896066,,14.516543847122822
17.0,llm_0,748.7152538316724,-7.750000000000001,26.49464542065745,136.95900359406775,llm_1,-1.1369883954199564,-1.1369883954199564,-1.1369883954199564,-1.1369883954199564,-1.1257310845742197,0,highway_0,1,410.7152538316724,748.7152538316724,,14.846938737758464
17.1,llm_0,751.3540995618896,-7.8500000000000005,26.388457302172135,138.47609845790996,llm_1,-1.0724999967016533,-1.0724999967016533,-1.0724999967016533,-1.0724999967016533,-1.061881184853135,0,highway_0,1,413.3540995618896,751.3540995618896,,15.170948638421997
17.2,llm_0,753.9829213639188,-7.950000000000001,26.288218020291467,140.0249994281581,llm_1,-1.0124167469947805,-1.0124167469947805,-1.0124167469947805,-1.0124167469947805,-1.0023928188066833,0,highway_0,1,415.98292136391876,753.9829213639188,,15.489009702480885
17.3,llm_0,756.6022742564202,-8.05,26.19352892501398,141.57531357463537,llm_1,-0.9563598623026405,-0.9563598623026405,-0.9563598623026405,-0.9563598623026405,-0.9468909527748792,0,highway_0,1,418.6022742564202,756.6022742564202,,15.503141464772497
17.4,llm_0,759.2126767389792,-8.15,26.104024825590653,143.12666049855702,llm_1,-0.9039914041755877,-0.9039914041755877,-0.9039914041755877,-0.9039914041755877,-0.8950409942332627,0,highway_0,1,421.2126767389792,759.2126767389792,,15.513469239215919
17.5,llm_0,761.8146137870057,-8.25,26.019370480264893,144.67869018010637,llm_1,-0.8550088877901794,-0.8550088877901794,-0.8550088877901794,-0.8550088877901794,-0.8465434532575955,0,highway_0,1,423.81461378700567,761.8146137870057,,15.5202968154958
17.6,llm_0,764.4085395398455,-8.350000000000001,25.93925752839808,146.23108038667485,llm_1,-0.8091408138548075,-0.8091408138548075,-0.8091408138548075,-0.8091408138548075,-0.8011295186681267,0,highway_0,1,426.4085395398455,764.4085395398455,,15.523902065685448
17.7,llm_0,766.9948797201004,-8.450000000000001,25.863401802548147,147.7835343460932,llm_1,-0.766142831084332,-0.766142831084332,-0.766142831084332,-0.766142831084332,-0.7585572584993372,0,highway_0,1,428.99487972010036,766.9948797201004,,15.524539594184134
17.8,llm_0,769.5740338166651,-8.55,25.791540965647485,149.33577865253184,llm_1,-0.7257944526966624,-0.7257944526966624,-0.7257944526966624,-0.7257944526966624,-0.718608369006617,0,highway_0,1,431.57403381666506,769.5740338166651,,15.522443064386316
17.9,llm_0,772.1463770594062,-8.65,25.72343242741143,150.8875613773167,llm_1,-0.6878962361841352,-0.6878962361841352,-0.6878962361841352,-0.6878962361841352,-0.6810853823605356,0,highway_0,1,434.1463770594062,772.1463770594062,,15.517827247847364
18.0,llm_0,774.7122622095517,-8.75,25.65885150145501,152.43865036075383,llm_1,-0.6522673521598223,-0.6522673521598223,-0.6522673521598223,-0.6522673521598223,-0.6458092595642029,0,highway_0,1,436.7122622095517,774.7122622095517,,15.510889834370943
18.1,llm_0,777.2720211866149,-8.850000000000001,25.59758977063178,1000.0,,-0.6187434813146244,-0.6187434813146244,-0.6187434813146244,-0.6187434813146244,-0.612617308232295,0,highway_0,1,439.2720211866149,777.2720211866149,,-1026.5975897706319
18.2,llm_0,779.8259674630883,-8.950000000000001,25.539462764734523,1000.0,,-0.5870827595623298,-0.5870827595623298,-0.5870827595623298,-0.5870827595623298,-0.581270058972585,0,highway_0,1,441.8259674630883,779.8259674630883,,-1026.5394627647345
18.3,llm_0,782.374395525761,-9.05,25.48428062672608,1000.0,,-0.5573395938853125,-0.5573395938853125,-0.5573395938853125,-0.5573395938853125,-0.5518213800844407,0,highway_0,1,444.374395525761,782.374395525761,,-1026.484280626726
18.4,llm_0,784.9123447401709,-9.14,25.379492144098407,1000.0,,-1.0583636745395115,-1.0583636745395115,-1.0583636745395115,-1.0583636745395115,-1.0478848262767215,0,highway_0,1,446.91234474017085,784.9123447401709,,-1026.3794921440983
18.5,llm_0,787.4367738308505,-9.22,25.24429090679633,1000.0,,-1.3655324967509954,-1.3655324967509954,-1.3655324967509954,-1.3655324967509954,-1.35201237302077,0,highway_0,1,449.4367738308505,787.4367738308505,,-1026.2442909067963
18.6,llm_0,789.9457447520643,-9.290000000000001,25.089709212138036,1000.0,,-1.56127511604875,-1.56127511604875,-1.56127511604875,-1.56127511604875,-1.5458169465829386,0,highway_0,1,451.94574475206434,789.9457447520643,,-1026.0897092121381
18.7,llm_0,792.4380279375582,-9.350000000000001,24.922831854938384,1000.0,,-1.6854613077164804,-1.6854613077164804,-1.6854613077164804,-1.6854613077164804,-1.6687735719965247,0,highway_0,1,454.4380279375582,792.4380279375582,,-1025.9228318549383
18.8,llm_0,794.9128719455646,-9.4,24.74844008006414,1000.0,,-1.7613569262298832,-1.7613569262298832,-1.7613569262298832,-1.7613569262298832,-1.7439177487424473,0,highway_0,1,456.9128719455646,794.9128719455646,,-1025.748440080064
18.9,llm_0,797.3698569338759,-9.450000000000001,24.56984988311338,1000.0,,-1.803760989202683,-1.803760989202683,-1.803760989202683,-1.803760989202683,-1.7859019695075773,0,highway_0,1,459.3698569338759,797.3698569338759,,-1025.5698498831134
19.0,llm_0,799.8087968264764,-9.490000000000002,24.38939892600547,1000.0,,-1.8225546667899293,-1.8225546667899293,-1.8225546667899293,-1.8225546667899293,-1.804509571079116,0,highway_0,1,461.8087968264764,799.8087968264764,,-1025.3893989260055
19.1,llm_0,802.2296719599873,-9.520000000000001,24.208751335109195,1000.0,,-1.8245406680524,-1.8245406680524,-1.8245406680524,-1.8245406680524,-1.8064759089627458,0,highway_0,1,464.2296719599873,802.2296719599873,,-1025.2087513351091
19.2,llm_0,804.6325817325139,-9.540000000000001,24.029097725266542,1000.0,,-1.814501459410795,-1.814501459410795,-1.814501459410795,-1.814501459410795,-1.7965360984265288,0,highway_0,1,466.6325817325139,804.6325817325139,,-1025.0290977252666
19.3,llm_0,807.0177108031988,-9.55,23.851290706849117,1000.0,,-1.7958508860159919,-1.7958508860159919,-1.7958508860159919,-1.7958508860159919,-1.778070184174254,0,highway_0,1,469.01771080319884,807.0177108031988,,-1024.851290706849
19.4,llm_0,809.38530468135,-9.55,23.675938781511622,1000.0,,-1.771054445908693,-1.771054445908693,-1.771054445908693,-1.771054445908693,-1.7535192533749466,0,highway_0,1,471.38530468135,809.38530468135,,-1024.6759387815116
19.5,llm_0,811.7356519321603,-9.55,23.503472508102302,1000.0,,-1.7419093614341545,-1.7419093614341545,-1.7419093614341545,-1.7419093614341545,-1.7246627340932008,0,highway_0,1,473.7356519321603,811.7356519321603,,-1024.5034725081023
19.6,llm_0,814.0690711065176,-9.55,23.33419174357384,1000.0,,-1.7097357217374616,-1.7097357217374616,-1.7097357217374616,-1.7097357217374616,-1.6928076452846241,0,highway_0,1,476.06907110651764,814.0690711065176,,-1024.334191743574
19.7,llm_0,816.3859010798946,-9.55,23.16829973376868,1000.0,,-1.6755092990321208,-1.6755092990321208,-1.6755092990321208,-1.6755092990321208,-1.6589200980515884,0,highway_0,1,478.38590107989455,816.3859010798946,,-1024.1682997337687
19.8,llm_0,818.6864938736543,-9.55,23.00592793759716,1000.0,,-1.639955141332349,-1.639955141332349,-1.639955141332349,-1.639955141332349,-1.6237179617152009,0,highway_0,1,480.6864938736543,818.6864938736543,,-1024.005927937597
19.9,llm_0,820.9712092983126,-9.55,22.84715424658275,1000.0,,-1.603614279245533,-1.603614279245533,-1.603614279245533,-1.603614279245533,-1.587736910144102,0,highway_0,1,482.9712092983126,820.9712092983126,,-1023.8471542465827
20.0,llm_0,823.2404109435087,-9.55,22.692016451960352,1000.0,,-1.5668917256862316,-1.5668917256862316,-1.5668917256862316,-1.5668917256862316,-1.5513779462239796,0,highway_0,1,485.24041094350866,823.2404109435087,,-1023.6920164519604
20.1,llm_0,825.4944631698819,-9.55,22.540522263731802,1000.0,,-1.5300913011083506,-1.5300913011083506,-1.5300913011083506,-1.5300913011083506,-1.5149418822855054,0,highway_0,1,487.4944631698819,825.4944631698819,,-1023.5405222637318
20.2,llm_0,827.7337288508403,-9.55,22.392656809583592,1000.0,,-1.4934410868969141,-1.4934410868969141,-1.4934410868969141,-1.4934410868969141,-1.4786545414821006,0,highway_0,1,489.7337288508403,827.7337288508403,,-1023.3926568095836
20.3,llm_0,829.9585676787852,-9.55,22.24838827944967,1000.0,,-1.4571121543526007,-1.4571121543526007,-1.4571121543526007,-1.4571121543526007,-1.4426853013392105,0,highway_0,1,491.95856767878524,829.9585676787852,,-1023.2483882794497
20.4,llm_0,832.1693348984911,-9.55,22.107672197058417,1000.0,,-1.4212324321516823,-1.4212324321516823,-1.4212324321516823,-1.4212324321516823,-1.407160823912541,0,highway_0,1,494.1693348984911,832.1693348984911,,-1023.1076721970584
20.5,llm_0,834.366380365375,-9.55,21.9704546688391,1000.0,,-1.3858970350151003,-1.3858970350151003,-1.3858970350151003,-1.3858970350151003,-1.3721752821931688,0,highway_0,1,496.366380365375,834.366380365375,,-1022.9704546688391
20.6,llm_0,836.5500478520587,-9.55,21.8366748668374,1000.0,,-1.3511760002171702,-1.3511760002171702,-1.3511760002171702,-1.3511760002171702,-1.3377980200170114,0,highway_0,1,498.5500478520587,836.5500478520587,,-1022.8366748668374
20.7,llm_0,838.7206745455328,-9.55,21.706266934740672,1000.0,,-1.317120114176929,-1.317120114176929,-1.317120114176929,-1.317120114176929,-1.3040793209672685,0,highway_0,1,500.7206745455328,838.7206745455328,,-1022.7062669347407
20.8,llm_0,840.8785906912447,-9.55,21.579161457118932,1000.0,,-1.2837653239795839,-1.2837653239795839,-1.2837653239795839,-1.2837653239795839,-1.2710547762173974,0,highway_0,1,502.87859069124465,840.8785906912447,,-1022.579161457119
20.9,llm_0,843.0241193508687,-9.55,21.455286596239844,1000.0,,-1.2511360948788026,-1.2511360948788026,-1.2511360948788026,-1.2511360948788026,-1.2387486087908783,0,highway_0,1,505.02411935086866,843.0241193508687,,-1022.4552865962398
21.0,llm_0,845.1575762483276,-9.55,21.334568974589175,1000.0,,-1.2192479786717605,-1.2192479786717605,-1.2192479786717605,-1.2192479786717605,-1.2071762165066957,0,highway_0,1,507.1575762483276,845.1575762483276,,-1022.3345689745892
21.1,llm_0,847.2792696845161,-9.55,21.216934361885038,1000.0,,-1.1881095883117987,-1.1881095883117987,-1.1881095883117987,-1.1881095883117987,-1.17634612704137,0,highway_0,1,509.27926968451607,847.2792696845161,,-1022.216934361885
21.2,llm_0,849.3895005056197,-9.55,21.10230821103657,1000.0,,-1.1577241235695204,-1.1577241235695204,-1.1577241235695204,-1.1577241235695204,-1.1462615084846917,0,highway_0,1,511.3895005056197,849.3895005056197,,-1022.1023082110365
21.3,llm_0,851.4885621133016,-9.55,20.990616076818696,1000.0,,-1.1280905556005012,-1.1280905556005012,-1.1280905556005012,-1.1280905556005012,-1.1169213421787205,0,highway_0,1,513.4885621133016,851.4885621133016,,-1021.9906160768187
21.4,llm_0,853.5767405076059,-9.55,20.881783943043338,1000.0,,-1.0992045511311406,-1.0992045511311406,-1.0992045511311406,-1.0992045511311406,-1.0883213377535839,0,highway_0,1,515.5767405076059,853.5767405076059,,-1021.8817839430434
21.5,llm_0,855.654314355406,-9.55,20.775738478000154,1000.0,,-1.0710591969361483,-1.0710591969361483,-1.0710591969361483,-1.0710591969361483,-1.0604546504318435,0,highway_0,1,517.654314355406,855.654314355406,,-1021.7757384780001
21.6,llm_0,857.7215550787464,-9.55,20.672407233403963,1000.0,,-1.0436455704215482,-1.0436455704215482,-1.0436455704215482,-1.0436455704215482,-1.0333124459619114,0,highway_0,1,519.7215550787464,857.7215550787464,,-1021.672407233404
21.7,llm_0,859.778726958611,-9.55,20.571718798645634,1000.0,,-1.0169531910591092,-1.0169531910591092,-1.0169531910591092,-1.0169531910591092,-1.0068843475832878,0,highway_0,1,521.778726958611,859.778726958611,,-1021.5717187986456
21.8,llm_0,861.8260872505632,-9.55,20.473602919523056,1000.0,,-0.9909703791380474,-0.9909703791380474,-0.9909703791380474,-0.9909703791380474,-0.9811587912257735,0,highway_0,1,523.8260872505632,861.8260872505632,,-1021.473602919523
21.9,llm_0,863.8638863094257,-9.55,20.37799058862406,1000.0,,-0.9656845420798641,-0.9656845420798641,-0.9656845420798641,-0.9656845420798641,-0.9561233089899801,0,highway_0,1,525.8638863094257,863.8638863094257,,-1021.377990588624
22.0,llm_0,865.892367720725,-9.55,20.28481411299335,1000.0,,-0.9410824038701477,-0.9410824038701477,-0.9410824038701477,-0.9410824038701477,-0.9317647563070963,0,highway_0,1,527.892367720725,865.892367720725,,-1021.2848141129933
22.1,llm_0,867.9117684370777,-9.55,20.19400716352724,1000.0,,-0.917150189607707,-0.917150189607707,-0.917150189607707,-0.917150189607707,-0.908069494661099,0,highway_0,1,529.9117684370777,867.9117684370777,,-1021.1940071635272
22.2,llm_0,869.9223189180397,-9.55,20.105504809619394,1000.0,,-0.8938737744692037,-0.8938737744692037,-0.8938737744692037,-0.8938737744692037,-0.8850235390784533,0,highway_0,1,531.9223189180397,869.9223189180397,,-1021.1055048096194
22.3,llm_0,871.9242432722261,-9.55,20.019243541864448,1000.0,,-0.8712388043249734,-0.8712388043249734,-0.8712388043249734,-0.8712388043249734,-0.8626126775494569,0,highway_0,1,533.9242432722261,871.9242432722261,,-1021.0192435418644
22.4,llm_0,873.9177594007327,-9.55,19.935161285066325,1000.0,,-0.8492307936610153,-0.8492307936610153,-0.8492307936610153,-0.8492307936610153,-0.8408225679812276,0,highway_0,1,535.9177594007327,873.9177594007327,,-1020.9351612850663
22.5,llm_0,875.9030791410686,-9.55,19.85319740335879,1000.0,,-0.8278352052460722,-0.8278352052460722,-0.8278352052460722,-0.8278352052460722,-0.8196388170753366,0,highway_0,1,537.9030791410686,875.9030791410686,,-1020.8531974033588
22.6,llm_0,877.8804084109585,-9.55,19.773292698899002,1000.0,,-0.8070375150438747,-0.8070375150438747,-0.8070375150438747,-0.8070375150438747,-0.7990470445978914,0,highway_0,1,539.8804084109585,877.8804084109585,,-1020.773292698899
22.7,llm_0,879.8499473514905,-9.55,19.69538940532055,1000.0,,-0.7868232651423834,-0.7868232651423834,-0.7868232651423834,-0.7868232651423834,-0.7790329357845138,0,highway_0,1,541.8499473514905,879.8499473514905,,-1020.6953894053205
22.8,llm_0,881.8128400735591,-9.55,19.62892722068499,1000.0,,-0.6712680648191476,-0.6712680648191476,-0.6712680648191476,-0.6712680648191476,-0.6646218463556153,0,highway_0,1,543.8128400735591,881.8128400735591,,-1020.628927220685
22.9,llm_0,883.7701149334233,-9.55,19.57274859864239,1000.0,,-0.5674040826302492,-0.5674040826302492,-0.5674040826302492,-0.5674040826302492,-0.5617862204259794,0,highway_0,1,545.7701149334233,883.7701149334233,,-1020.5727485986424
23.0,llm_0,885.722699714289,-9.55,19.525847808656586,1000.0,,-0.47369797885664056,-0.47369797885664056,-0.47369797885664056,-0.47369797885664056,-0.469007899858056,0,highway_0,1,547.722699714289,885.722699714289,,-1020.5258478086566
23.1,llm_0,887.6714343124435,-9.55,19.487345981544824,1000.0,,-0.38886845382880575,-0.38886845382880575,-0.38886845382880575,-0.38886845382880575,-0.3850182711176231,0,highway_0,1,549.6714343124435,887.6714343124435,,-1020.4873459815449
23.2,llm_0,889.617081416283,-9.55,19.45647103839546,1000.0,,-0.311836925808571,-0.311836925808571,-0.311836925808571,-0.311836925808571,-0.30874943149363787,0,highway_0,1,551.617081416283,889.617081416283,,-1020.4564710383954
23.3,llm_0,891.5603355567698,-9.55,19.432541404868307,1000.0,,-0.24168929862424657,-0.24168929862424657,-0.24168929862424657,-0.24168929862424657,-0.2392963352715327,0,highway_0,1,553.5603355567698,891.5603355567698,,-1020.4325414048683
23.4,llm_0,893.5018308257294,-9.55,19.414952689595385,1000.0,,-0.17764602425651355,-0.17764602425651355,-0.17764602425651355,-0.17764602425651355,-0.17588715272921718,0,highway_0,1,555.5018308257294,893.5018308257294,,-1020.4149526895953
23.5,llm_0,895.442147496264,-9.55,19.40316670534734,1000.0,,-0.11903844090526357,-0.11903844090526357,-0.11903844090526357,-0.11903844090526357,-0.11785984248046333,0,highway_0,1,557.442147496264,895.442147496264,,-1020.4031667053473
23.6,llm_0,897.3818177320577,-9.55,19.39670235793586,1000.0,,-0.06528990885592378,-0.06528990885592378,-0.06528990885592378,-0.06528990885592378,-0.06464347411476723,0,highway_0,1,559.3818177320577,897.3818177320577,,-1020.3967023579359
23.7,llm_0,899.3213305356704,-9.55,19.39512803612678,1000.0,,-0.015900650271702933,-0.015900650271702933,-0.015900650271702933,-0.015900650271702933,-0.01574321809080459,0,highway_0,1,561.3213305356704,899.3213305356704,,-1020.3951280361268
23.8,llm_0,901.2611360573585,-9.55,19.39805521687984,1000.0,,0.029564525605904137,0.029564525605904137,0.029564525605904137,0.029564525605904137,0.029271807530584226,0,highway_0,1,563.2611360573584,901.2611360573584,,-1020.3980552168798
23.9,llm_0,903.2016493635066,-9.55,19.40513306148216,1000.0,,0.07148623048345681,0.07148623048345681,0.07148623048345681,0.07148623048345681,0.07077844602321193,0,highway_0,1,565.2016493635066,903.2016493635066,,-1020.4051330614822
24.0,llm_0,905.1432537459935,-9.55,19.416043824869725,1000.0,,0.11019871021438832,0.11019871021438832,0.11019871021438832,0.11019871021438832,0.10910763387563804,0,highway_0,1,567.1432537459935,905.1432537459935,,-1020.4160438248697
24.1,llm_0,907.0863036396327,-9.55,19.430498936390606,1000.0,,0.14599662636091087,0.14599662636091087,0.14599662636091087,0.14599662636091087,0.14455111520881303,0,highway_0,1,569.0863036396327,907.0863036396327,,-1020.4304989363906
24.2,llm_0,909.0311272034489,-9.55,19.448235638163585,1000.0,,0.17914068790710042,0.17914068790710042,0.17914068790710042,0.17914068790710042,0.17736701772978591,0,highway_0,1,571.031127203449,909.031127203449,,-1020.4482356381636
24.3,llm_0,910.9780286123489,-9.55,19.46901408899876,1000.0,,0.2098623534352899,0.2098623534352899,0.2098623534352899,0.2098623534352899,0.20778450835177154,0,highway_0,1,572.9780286123489,910.9780286123489,,-1020.4690140889987
24.4,llm_0,912.9272900982514,-9.55,19.492614859024467,1000.0,,0.23836777725961722,0.23836777725961722,0.23836777725961722,0.23836777725961722,0.23600770025705486,0,highway_0,1,574.9272900982513,912.9272900982513,,-1020.4926148590245
24.5,llm_0,914.8791737736299,-9.55,19.518836753784132,1000.0,,0.2648411370726052,0.2648411370726052,0.2648411370726052,0.2648411370726052,0.26221894759665076,0,highway_0,1,576.8791737736298,914.8791737736298,,-1020.5188367537842
24.6,llm_0,916.8339232653731,-9.55,19.547494917434452,1000.0,,0.2894474528682155,0.2894474528682155,0.2894474528682155,0.2894474528682155,0.28658163650320034,0,highway_0,1,578.8339232653732,916.8339232653732,,-1020.5474949174345
24.7,llm_0,918.7917651827132,-9.55,19.57841917340083,1000.0,,0.3123349852604071,0.3123349852604071,0.3123349852604071,0.3123349852604071,0.30924255966379377,0,highway_0,1,580.7917651827132,918.7917651827132,,-1020.5784191734008
24.8,llm_0,920.7529104395022,-9.55,19.61145256789063,1000.0,,0.333637284346968,0.333637284346968,0.333637284346968,0.333637284346968,0.33033394489798695,0,highway_0,1,582.7529104395023,920.7529104395023,,-1020.6114525678906
24.9,llm_0,922.7175554482408,-9.55,19.646450087383773,1000.0,,0.35347494688074,0.35347494688074,0.35347494688074,0.35347494688074,0.3499751949314245,0,highway_0,1,584.7175554482407,922.7175554482407,,-1020.6464500873838
25.0,llm_0,924.6858832008293,-9.55,19.68327752588721,1000.0,,0.37195712888470883,0.37195712888470883,0.37195712888470883,0.37195712888470883,0.3682743850343684,0,highway_0,1,586.6858832008294,924.6858832008294,,-1020.6832775258872
25.1,llm_0,926.6580642489861,-9.55,19.721810481567033,1000.0,,0.3891828523662413,0.3891828523662413,0.3891828523662413,0.3891828523662413,0.3853295567982329,0,highway_0,1,588.6580642489861,926.6580642489861,,-1020.721810481567
25.2,llm_0,928.6342575955387,-9.55,19.76193346552537,1000.0,,0.40524213797920583,0.40524213797920583,0.40524213797920583,0.40524213797920583,0.40122983958337244,0,highway_0,1,590.6342575955387,928.6342575955387,,-1020.7619334655253
25.3,llm_0,930.6146115063485,-9.55,19.80353910809886,1000.0,,0.4202169899922572,0.4202169899922572,0.4202169899922572,0.4202169899922572,0.41605642573490087,0,highway_0,1,592.6146115063485,930.6146115063485,,-1020.8035391080989
25.4,llm_0,932.5992642513709,-9.55,19.846527450224677,1000.0,,0.4341822554707412,0.4341822554707412,0.4341822554707412,0.4341822554707412,0.42988342125816814,0,highway_0,1,594.599264251371,932.599264251371,,-1020.8465274502247
25.5,llm_0,934.5883447822941,-9.55,19.890805309230092,1000.0,,0.4472063759546833,0.4472063759546833,0.4472063759546833,0.4472063759546833,0.44277859005415365,0,highway_0,1,596.588344782294,934.588344782294,,-1020.8908053092301
25.6,llm_0,936.5819733532858,-9.55,19.936285709918195,1000.0,,0.45935204694984805,0.45935204694984805,0.45935204694984805,0.45935204694984805,0.4548040068810266,0,highway_0,1,598.5819733532859,936.5819733532859,,-1020.9362857099181
25.7,llm_0,938.5802620905956,-9.55,19.982887373097615,1000.0,,0.4706767981121532,0.4706767981121532,0.4706767981121532,0.4706767981121532,0.46601663179419717,0,highway_0,1,600.5802620905956,938.5802620905956,,-1020.9828873730976
25.8,llm_0,940.5833155160735,-9.55,20.030534254780356,1000.0,,0.48123350499567646,0.48123350499567646,0.48123350499567646,0.48123350499567646,0.4764688168274134,0,highway_0,1,602.5833155160736,940.5833155160736,,-1021.0305342547804
25.9,llm_0,942.5912310290919,-9.55,20.079155130183278,1000.0,,0.49107084156951547,0.49107084156951547,0.49107084156951547,0.49107084156951547,0.4862087540292137,0,highway_0,1,604.591231029092,942.591231029092,,-1021.0791551301833
26.0,llm_0,944.6040993508363,-9.55,20.128683217443136,1000.0,,0.5002336813245853,0.5002336813245853,0.5002336813245853,0.5002336813245853,0.49528087259858466,0,highway_0,1,606.6040993508363,944.6040993508363,,-1021.1286832174432
26.1,llm_0,946.6220049344979,-9.55,20.179055836615056,1000.0,,0.5087634536364197,0.5087634536364197,0.5087634536364197,0.5087634536364197,0.5037261917192026,0,highway_0,1,608.6220049344979,946.6220049344979,,-1021.179055836615
26.2,llm_0,948.6450263445067,-9.55,20.230214100088624,1000.0,,0.5166984610830536,0.5166984610830536,0.5166984610830536,0.5166984610830536,0.5115826347356744,0,highway_0,1,610.6450263445067,948.6450263445067,,-1021.2302141000886
26.3,llm_0,950.6732366076108,-9.55,20.28210263103956,1000.0,,0.52407416260446,0.52407416260446,0.52407416260446,0.52407416260446,0.5188853095093648,0,highway_0,1,612.6732366076106,950.6732366076106,,-1021.2821026310396
26.4,llm_0,952.7067035383058,-9.55,20.334669306950982,1000.0,,0.5309234267053354,0.5309234267053354,0.5309234267053354,0.5309234267053354,0.5256667591142161,0,highway_0,1,614.7067035383058,952.7067035383058,,-1021.334669306951
26.5,llm_0,954.7454900408654,-9.55,20.387865025596916,1000.0,,0.5372767583239582,0.5372767583239582,0.5372767583239582,0.5372767583239582,0.5319571864593442,0,highway_0,1,616.7454900408654,954.7454900408654,,-1021.387865025597
26.6,llm_0,956.7896543899845,-9.55,20.44164349119087,1000.0,,0.5431625024989252,0.5431625024989252,0.5431625024989252,0.5431625024989252,0.5377846559395394,0,highway_0,1,618.7896543899845,956.7896543899845,,-1021.4416434911909
26.7,llm_0,958.8392504918517,-9.55,20.49596101867087,1000.0,,0.5486070275479737,0.5486070275479737,0.5486070275479737,0.5486070275479737,0.5431752747999852,0,highway_0,1,620.8392504918517,958.8392504918517,,-1021.4959610186709
26.8,llm_0,960.8943281272842,-9.55,20.550776354326022,1000.0,,0.5536348901170307,0.5536348901170307,0.5536348901170307,0.5536348901170307,0.5481533565515306,0,highway_0,1,622.8943281272842,960.8943281272842,,-1021.550776354326
26.9,llm_0,962.9549331784015,-9.55,20.606050511172853,1000.0,,0.5582689841530226,0.5582689841530226,0.5582689841530226,0.5582689841530226,0.5527415684683135,0,highway_0,1,624.9549331784015,962.9549331784015,,-1021.6060505111728
27.0,llm_0,965.0211078401682,-9.55,20.661746617667205,1000.0,,0.5625306755929717,0.5625306755929717,0.5625306755929717,0.5625306755929717,0.5569610649435219,0,highway_0,1,627.0211078401682,965.0211078401682,,-1021.6617466176672
27.1,llm_0,967.0928908180174,-9.55,20.71782977849269,1000.0,,0.5664399243373965,0.5664399243373965,0.5664399243373965,0.5664399243373965,0.560831608254837,0,highway_0,1,629.0928908180174,967.0928908180174,,-1021.7178297784927
27.2,llm_0,969.1703175126477,-9.55,20.77426694630286,1000.0,,0.5700153948827335,0.5700153948827335,0.5700153948827335,0.5700153948827335,0.5643716781017005,0,highway_0,1,631.1703175126477,969.1703175126477,,-1021.7742669463029
27.3,llm_0,971.2534201929892,-9.55,20.831026803413792,1000.0,,0.5732745568204327,0.5732745568204327,0.5732745568204327,0.5732745568204327,0.567598571109329,0,highway_0,1,633.2534201929891,971.2534201929891,,-1021.8310268034138
27.4,llm_0,973.342228158244,-9.55,20.888079652549024,1000.0,,0.5762337762658261,0.5762337762658261,0.5762337762658261,0.5762337762658261,0.5705284913523201,0,highway_0,1,635.342228158244,973.342228158244,,-1021.888079652549
27.5,llm_0,975.4367678898271,-9.55,20.945397315831638,1000.0,,0.57890839915442,0.57890839915442,0.57890839915442,0.57890839915442,0.5731766328261401,0,highway_0,1,637.4367678898271,975.4367678898271,,-1021.9453973158317
27.6,llm_0,977.537063193957,-9.55,21.002953041300373,1000.0,,0.5813128272342377,0.5813128272342377,0.5813128272342377,0.5813128272342377,0.5755572546873466,0,highway_0,1,639.5370631939571,977.5370631939571,,-1022.0029530413003
27.7,llm_0,979.6431353355871,-9.55,21.060721416299163,1000.0,,0.5834605874877742,0.5834605874877742,0.5834605874877742,0.5834605874877742,0.5776837499879051,0,highway_0,1,641.6431353355871,979.6431353355871,,-1022.0607214162992
27.8,llm_0,981.7550031643025,-9.55,21.118678287154037,1000.0,,0.5853643956342142,0.5853643956342142,0.5853643956342142,0.5853643956342142,0.5795687085487344,0,highway_0,1,643.7550031643025,981.7550031643025,,-1022.118678287154
27.9,llm_0,983.8726832327633,-9.55,21.176800684608487,1000.0,,0.5870362142899714,0.5870362142899714,0.5870362142899714,0.5870362142899714,0.5812239745445069,0,highway_0,1,645.8726832327633,983.8726832327633,,-1022.1768006846085
28.0,llm_0,985.9961899082172,-9.55,21.235066754539382,1000.0,,0.5884873063020213,0.5884873063020213,0.5884873063020213,0.5884873063020213,0.5826606993089456,0,highway_0,1,647.9961899082172,985.9961899082172,,-1022.2350667545394
28.1,llm_0,988.1255354775693,-9.55,21.29345569352083,1000.0,,0.5897282837126306,0.5897282837126306,0.5897282837126306,0.5897282837126306,0.5838893898144804,0,highway_0,1,650.1255354775692,988.1255354775692,,-1022.2934556935209
28.2,llm_0,990.2607302464535,-9.55,21.3519476888441,1000.0,,0.5907691527650256,0.5907691527650256,0.5907691527650256,0.5907691527650256,0.5849199532326921,0,highway_0,1,652.2607302464536,990.2607302464536,,-1022.3519476888441
28.3,llm_0,992.4017826327174,-9.55,21.410523862637778,1000.0,,0.5916193553161696,0.5916193553161696,0.5916193553161696,0.5916193553161696,0.5857617379367852,0,highway_0,1,654.4017826327174,992.4017826327174,,-1022.4105238626378
28.4,llm_0,994.5486945916475,-9.55,21.46911958929961,1000.0,,0.5918168392845087,0.5918168392845087,0.5918168392845087,0.5918168392845087,0.5859572666183155,0,highway_0,1,656.5486945916474,994.5486945916474,,-1022.4691195892996
28.5,llm_0,996.7014601209166,-9.55,21.52765529269157,1000.0,,0.5912106042587993,0.5912106042587993,0.5912106042587993,0.5912106042587993,0.5853570339196068,0,highway_0,1,658.7014601209165,996.7014601209165,,-1022.5276552926915
28.6,llm_0,998.8600658342207,-9.55,21.58605713304067,1000.0,,0.5898585875259009,0.5898585875259009,0.5898585875259009,0.5898585875259009,0.5840184034909868,0,highway_0,1,660.8600658342206,998.8600658342206,,-1022.5860571330406
28.7,llm_0,1001.0244914964301,-9.55,21.644256622096776,1000.0,,0.5878148394666668,0.5878148394666668,0.5878148394666668,0.5878148394666668,0.5819948905610772,0,highway_0,1,663.0244914964302,1001.0244914964302,,-1022.6442566220968
28.8,llm_0,1003.1947105238156,-9.55,21.70219027385375,1000.0,,0.5851298827454271,0.5851298827454271,0.5851298827454271,0.5851298827454271,0.5793365175697218,0,highway_0,1,665.1947105238156,1003.1947105238156,,-1022.7021902738537
28.9,llm_0,1005.3706904524737,-9.55,21.759799286580115,1000.0,,0.5818510285363142,0.5818510285363142,0.5818510285363142,0.5818510285363142,0.5760901272636687,0,highway_0,1,667.3706904524736,1005.3706904524736,,-1022.7597992865801
29.0,llm_0,1007.5523933777199,-9.55,21.817029252464454,1000.0,,0.5780226554317963,0.5780226554317963,0.5780226554317963,0.5780226554317963,0.5722996588433915,0,highway_0,1,669.55239337772,1007.55239337772,,-1022.8170292524644
29.1,llm_0,1009.7397763668861,-9.55,21.873829891660233,1000.0,,0.5736864558773477,0.5736864558773477,0.5736864558773477,0.5736864558773477,0.5680063919577805,0,highway_0,1,671.7397763668861,1009.7397763668861,,-1022.8738298916602
29.2,llm_0,1011.9327918476787,-9.55,21.930154807927632,1000.0,,0.5688816543007418,0.5688816543007418,0.5688816543007418,0.5688816543007418,0.5632491626739977,0,highway_0,1,673.9327918476788,1011.9327918476788,,-1022.9301548079276
29.3,llm_0,1014.1313879740214,-9.55,21.98596126342597,1000.0,,0.5636452005332053,0.5636452005332053,0.5636452005332053,0.5636452005332053,0.5580645549833818,0,highway_0,1,676.1313879740214,1014.1313879740214,,-1022.985961263426
29.4,llm_0,1016.3355089710732,-9.55,22.041209970518544,1000.0,,0.5580119416349869,0.5580119416349869,0.5580119416349869,0.5580119416349869,0.5524870709257357,0,highway_0,1,678.3355089710733,1016.3355089710733,,-1023.0412099705186
29.5,llm_0,1018.5450954609452,-9.55,22.095864898719046,1000.0,,0.5520147748250755,0.5520147748250755,0.5520147748250755,0.5520147748250755,0.5465492820050244,0,highway_0,1,680.5450954609452,1018.5450954609452,,-1023.095864898719
29.6,llm_0,1020.7600847704592,-9.55,22.149893095141042,1000.0,,0.5456847838621434,0.5456847838621434,0.5456847838621434,0.5456847838621434,0.5402819642199574,0,highway_0,1,682.7600847704592,1020.7600847704592,,-1023.149893095141
29.7,llm_0,1022.9804112221607,-9.55,22.203264517014464,1000.0,,0.5390513609215323,0.5390513609215323,0.5390513609215323,0.5390513609215323,0.5337142187342181,0,highway_0,1,684.9804112221607,1022.9804112221607,,-1023.2032645170144
29.8,llm_0,1025.2060064096618,-9.55,22.255951875009817,1000.0,,0.5321423157530863,0.5321423157530863,0.5321423157530863,0.5321423157530863,0.5268735799535307,0,highway_0,1,687.2060064096618,1025.2060064096618,,-1023.2559518750098
29.9,llm_0,1027.4367994582883,-9.55,22.307930486265306,1000.0,,0.5249839736804419,0.5249839736804419,0.5249839736804419,0.5249839736804419,0.5197861125548897,0,highway_0,1,689.4367994582883,1027.4367994582883,,-1023.3079304862653
30.0,llm_0,1029.6727172719031,-9.55,22.359178136147314,1000.0,,0.51760126380828,0.51760126380828,0.51760126380828,0.51760126380828,0.5124764988200781,0,highway_0,1,691.6727172719031,1029.6727172719031,,-1023.3591781361473
30.1,llm_0,1031.9136847666925,-9.55,22.40967494789342,1000.0,,0.5100177986357014,0.5100177986357014,0.5100177986357014,0.5100177986357014,0.5049681174610754,0,highway_0,1,693.9136847666925,1031.9136847666925,,-1023.4096749478934
30.2,llm_0,1034.1596250926316,-9.55,22.459403259391166,1000.0,,0.5022559461272209,0.5022559461272209,0.5022559461272209,0.5022559461272209,0.49728311497744926,0,highway_0,1,696.1596250926316,1034.1596250926316,,-1023.4594032593911
30.3,llm_0,1036.4104598432752,-9.55,22.50834750643721,1000.0,,0.4943368951650419,0.4943368951650419,0.4943368951650419,0.4943368951650419,0.4894424704604461,0,highway_0,1,698.4104598432752,1036.4104598432752,,-1023.5083475064372
30.4,llm_0,1038.6661092544655,-9.55,22.556494111901987,1000.0,,0.48628071519423893,0.48628071519423893,0.48628071519423893,0.48628071519423893,0.48146605464776115,0,highway_0,1,700.6661092544655,1038.6661092544655,,-1023.556494111902
30.5,llm_0,1040.926492392495,-9.55,22.60383138029549,1000.0,,0.4781064107743577,0.4781064107743577,0.4781064107743577,0.4781064107743577,0.4733726839350183,0,highway_0,1,702.926492392495,1040.926492392495,,-1023.6038313802954
30.6,llm_0,1043.1915273322243,-9.55,22.65034939729198,1000.0,,0.46983197166455226,0.46983197166455226,0.46983197166455226,0.46983197166455226,0.46518016996490275,0,highway_0,1,705.1915273322243,1043.1915273322243,,-1023.650349397292
30.7,llm_0,1045.4611313256069,-9.55,22.69603993382598,1000.0,,0.4614744189933849,0.4614744189933849,0.4614744189933849,0.4614744189933849,0.45690536533999904,0,highway_0,1,707.4611313256069,1045.4611313256069,,-1023.696039933826
30.8,llm_0,1047.7352209610488,-9.55,22.740896354419764,1000.0,,0.45304984799723813,0.45304984799723813,0.45304984799723813,0.45304984799723813,0.4485642059378492,0,highway_0,1,709.7352209610488,1047.7352209610488,,-1023.7408963544198
30.9,llm_0,1050.0137123139932,-9.55,22.784913529444715,1000.0,,0.4445734677520103,0.4445734677520103,0.4445734677520103,0.4445734677520103,0.4401717502495117,0,highway_0,1,712.0137123139932,1050.0137123139932,,-1023.7849135294447
31.0,llm_0,1052.2965210890989,-9.55,22.828087751055627,1000.0,,0.4360596382702066,0.4360596382702066,0.4360596382702066,0.4360596382702066,0.43174221610911445,0,highway_0,1,714.2965210890989,1052.2965210890989,,-1023.8280877510556
31.1,llm_0,1054.5835627543559,-9.55,22.870416652569393,1000.0,,0.4275219052890505,0.4275219052890505,0.4275219052890505,0.4275219052890505,0.42328901513766226,0,highway_0,1,716.5835627543559,1054.5835627543559,,-1023.8704166525694
31.2,llm_0,1056.8747526674647,-9.55,22.911899131087605,1000.0,,0.4189730330339259,0.4189730330339259,0.4189730330339259,0.4189730330339259,0.4148247851821196,0,highway_0,1,718.8747526674647,1056.8747526674647,,-1023.9118991310876
31.3,llm_0,1059.1700061947834,-9.55,22.9525352731871,1000.0,,0.410425035204918,0.410425035204918,0.410425035204918,0.410425035204918,0.40636142099494066,0,highway_0,1,721.1700061947834,1059.1700061947834,,-1023.9525352731871
31.4,llm_0,1061.4692388231358,-9.55,22.992326283523905,1000.0,,0.40188920440172443,0.40188920440172443,0.40188920440172443,0.40188920440172443,0.3979101033680621,0,highway_0,1,723.4692388231358,1061.4692388231358,,-1023.9923262835239
31.5,llm_0,1063.7723662647572,-9.55,23.031274416214337,1000.0,,0.39337614017339384,0.39337614017339384,0.39337614017339384,0.39337614017339384,0.389481326904324,0,highway_0,1,725.7723662647572,1063.7723662647572,,-1024.0312744162143
31.6,llm_0,1066.0793045556445,-9.55,23.069382908873138,1000.0,,0.3848957758538798,0.3848957758538798,0.3848957758538798,0.3848957758538798,0.3810849265880023,0,highway_0,1,728.0793045556445,1066.0793045556445,,-1024.0693829088732
31.7,llm_0,1068.3899701475648,-9.55,23.10665591920202,1000.0,,0.37645740432171376,0.37645740432171376,0.37645740432171376,0.37645740432171376,0.3727301032888164,0,highway_0,1,730.3899701475648,1068.3899701475648,,-1024.106655919202
31.8,llm_0,1070.7042799939682,-9.55,23.143098464033923,1000.0,,0.3680697028022042,0.3680697028022042,0.3680697028022042,0.3680697028022042,0.36442544831903234,0,highway_0,1,732.7042799939682,1070.7042799939682,,-1024.143098464034
31.9,llm_0,1073.022151630043,-9.55,23.178716360748066,1000.0,,0.3597407568128651,0.3597407568128651,0.3597407568128651,0.3597407568128651,0.3561789671414317,0,highway_0,1,735.022151630043,1073.022151630043,,-1024.178716360748
32.0,llm_0,1075.343503247141,-9.55,23.213516170979478,1000.0,,0.3514780833372679,0.3514780833372679,0.3514780833372679,0.3514780833372679,0.3479981023141221,0,highway_0,1,737.3435032471409,1075.343503247141,,-1024.2135161709796
32.1,llm_0,1077.6682537617962,-9.55,23.24750514655362,1000.0,,0.3432886532988543,0.3432886532988543,0.3432886532988543,0.3432886532988543,0.33988975574143154,0,highway_0,1,739.6682537617962,1077.6682537617962,,-1024.2475051465535
32.2,llm_0,1079.9963228795546,-9.55,23.280691177582767,1000.0,,0.33517891339434486,0.33517891339434486,0.33517891339434486,0.33517891339434486,0.3318603102914608,0,highway_0,1,741.9963228795546,1079.9963228795546,,-1024.2806911775829
32.3,llm_0,1082.3276311538211,-9.55,23.31308274266553,1000.0,,0.32715480733589863,0.32715480733589863,0.32715480733589863,0.32715480733589863,0.3239156508276153,0,highway_0,1,744.3276311538211,1082.3276311538211,,-1024.3130827426655
32.4,llm_0,1084.6621000399346,-9.55,23.344688861135058,1000.0,,0.31922179654223065,0.31922179654223065,0.31922179654223065,0.31922179654223065,0.3160611846952932,0,highway_0,1,746.6621000399346,1084.6621000399346,,-1024.344688861135
32.5,llm_0,1086.999651944665,-9.55,23.375519047304465,1000.0,,0.3113848803109908,0.3113848803109908,0.3113848803109908,0.3113848803109908,0.30830186169406915,0,highway_0,1,748.999651944665,1086.999651944665,,-1024.3755190473044
32.6,llm_0,1089.340210271331,-9.55,23.405583266660717,1000.0,,0.30364861549813493,0.30364861549813493,0.30364861549813493,0.30364861549813493,0.300642193562517,0,highway_0,1,751.340210271331,1089.340210271331,,-1024.4055832666606
32.7,llm_0,1091.683699460727,-9.55,23.434891893960142,1000.0,,0.29601713572419003,0.29601713572419003,0.29601713572419003,0.29601713572419003,0.29308627299425183,0,highway_0,1,753.683699460727,1091.683699460727,,-1024.4348918939602
32.8,llm_0,1094.030045028045,-9.55,23.463455673180206,1000.0,,0.2884941701226334,0.2884941701226334,0.2884941701226334,0.2884941701226334,0.2856377922006459,0,highway_0,1,756.0300450280449,1094.030045028045,,-1024.4634556731803
32.9,llm_0,1096.3791735959733,-9.55,23.491285679283326,1000.0,,0.28108306164148655,0.28108306164148655,0.28108306164148655,0.28108306164148655,0.27830006103119587,0,highway_0,1,758.3791735959733,1096.3791735959733,,-1024.4912856792832
33.0,llm_0,1098.7310129241482,-9.55,23.518393281749265,1000.0,,0.2737867849059863,0.2737867849059863,0.2737867849059863,0.2737867849059863,0.2710760246593935,0,highway_0,1,760.7310129241482,1098.7310129241482,,-1024.5183932817492
33.1,llm_0,1101.0854919351316,-9.55,23.54479010983317,1000.0,,0.2666079636474549,0.2666079636474549,0.2666079636474549,0.2666079636474549,0.26396828083903756,0,highway_0,1,763.0854919351316,1101.0854919351316,,-1024.5447901098332
33.2,llm_0,1103.4425407370823,-9.55,23.570488019506577,1000.0,,0.2595488877014042,0.2595488877014042,0.2595488877014042,0.2595488877014042,0.2569790967340779,0,highway_0,1,765.4425407370823,1103.4425407370823,,-1024.5704880195067
33.3,llm_0,1105.8020906432862,-9.55,23.595499062038876,1000.0,,0.2526115295762089,0.2526115295762089,0.2526115295762089,0.2526115295762089,0.2501104253229869,0,highway_0,1,767.8020906432862,1105.8020906432862,,-1024.595499062039
33.4,llm_0,1108.1640741887038,-9.55,23.61983545417675,1000.0,,0.24579756059253466,0.24579756059253466,0.24579756059253466,0.24579756059253466,0.24336392137875862,0,highway_0,1,770.1640741887038,1108.1640741887038,,-1024.6198354541768
33.5,llm_0,1110.5284251436917,-9.55,23.643509549879006,1000.0,,0.23910836659275686,0.23910836659275686,0.23910836659275686,0.23910836659275686,0.2367409570225476,0,highway_0,1,772.5284251436917,1110.5284251436917,,-1024.643509549879
33.6,llm_0,1112.8950785250481,-9.55,23.666533813564072,1000.0,,0.2325450632191498,0.2325450632191498,0.2325450632191498,0.2325450632191498,0.2302426368506616,0,highway_0,1,774.8950785250481,1112.8950785250481,,-1024.666533813564
33.7,llm_0,1115.2639706045309,-9.55,23.68892079482737,1000.0,,0.22610851075930444,0.22610851075930444,0.22610851075930444,0.22610851075930444,0.22386981263299077,0,highway_0,1,777.2639706045309,1115.2639706045309,,-1024.6889207948275
33.8,llm_0,1117.6350389149893,-9.55,23.710683104585517,1000.0,,0.21979932855724144,0.21979932855724144,0.21979932855724144,0.21979932855724144,0.21762309758145193,0,highway_0,1,779.6350389149893,1117.6350389149893,,-1024.7106831045855
33.9,llm_0,1120.0082222542496,-9.55,23.73183339260421,1000.0,,0.2136179089887957,0.2136179089887957,0.2136179089887957,0.2136179089887957,0.2115028801869201,0,highway_0,1,782.0082222542496,1120.0082222542496,,-1024.7318333926041
34.0,llm_0,1122.3834606868863,-9.55,23.752384326366602,1000.0,,0.2075644310002084,0.2075644310002084,0.2075644310002084,0.2075644310002084,0.20550933762393697,0,highway_0,1,784.3834606868863,1122.3834606868863,,-1024.7523843263666
34.1,llm_0,1124.76069554401,-9.55,23.77234857123881,1000.0,,0.20163887320926013,0.20163887320926013,0.20163887320926013,0.20163887320926013,0.19964244872205938,0,highway_0,1,786.7606955440101,1124.76069554401,,-1024.7723485712388
34.2,llm_0,1127.1398694211991,-9.55,23.79173877188919,1000.0,,0.19584102656886104,0.19584102656886104,0.19584102656886104,0.19584102656886104,0.19390200650381217,0,highway_0,1,789.1398694211991,1127.1398694211991,,-1024.7917387718892
34.3,llm_0,1129.5209261746909,-9.55,23.81056753491826,1000.0,,0.1901705065936262,0.1901705065936262,0.1901705065936262,0.1901705065936262,0.18828763029070217,0,highway_0,1,791.5209261746909,1129.5209261746909,,-1024.8105675349182
34.4,llm_0,1131.9038109159565,-9.55,23.82884741265594,1000.0,,0.1846267651505816,0.1846267651505816,0.1846267651505816,0.1846267651505816,0.18279877737679584,0,highway_0,1,793.9038109159565,1131.9038109159565,,-1024.828847412656
34.5,llm_0,1134.2884700047648,-9.55,23.846590888083263,1000.0,,0.17920910181596783,0.17920910181596783,0.17920910181596783,0.17920910181596783,0.17743475427323574,0,highway_0,1,796.2884700047648,1134.2884700047648,,-1024.8465908880833
34.6,llm_0,1136.6748510408484,-9.55,23.86381036083581,1000.0,,0.1739166748007261,0.1739166748007261,0.1739166748007261,0.1739166748007261,0.17219472752547205,0,highway_0,1,798.6748510408484,1136.6748510408484,,-1024.8638103608357
34.7,llm_0,1139.062902854273,-9.55,23.880518134246508,1000.0,,0.1687485114480582,0.1687485114480582,0.1687485114480582,0.1687485114480582,0.16707773410697513,0,highway_0,1,801.062902854273,1139.062902854273,,-1024.8805181342466
34.8,llm_0,1141.4525754946117,-9.55,23.89672640338583,1000.0,,0.163703518307166,0.163703518307166,0.163703518307166,0.163703518307166,0.1620826913932305,0,highway_0,1,803.4525754946117,1141.4525754946117,,-1024.8967264033859
34.9,llm_0,1143.8438202190175,-9.55,23.91244724405791,1000.0,,0.1587804907879633,0.1587804907879633,0.1587804907879633,0.1587804907879633,0.15720840672077685,0,highway_0,1,805.8438202190175,1143.8438202190175,,-1024.9124472440578
35.0,llm_0,1146.2365894792886,-9.55,23.927692602711602,1000.0,,0.15397812240230097,0.15397812240230097,0.15397812240230097,0.15397812240230097,0.15245358653693586,0,highway_0,1,808.2365894792886,1146.2365894792886,,-1024.9276926027117
35.1,llm_0,1148.6308369080111,-9.55,23.94247428722624,1000.0,,0.14929501359782693,0.14929501359782693,0.14929501359782693,0.14929501359782693,0.14781684514638016,0,highway_0,1,810.6308369080111,1148.6308369080111,,-1024.9424742872263
35.2,llm_0,1151.0265173038645,-9.55,23.95680395853231,1000.0,,0.1447296801912817,0.1447296801912817,0.1447296801912817,0.1447296801912817,0.14329671306068548,0,highway_0,1,813.0265173038645,1151.0265173038645,,-1024.9568039585324
35.3,llm_0,1153.4235866161673,-9.55,23.970693123028212,1000.0,,0.14028056140860695,0.14028056140860695,0.14028056140860695,0.14028056140860695,0.13889164495903827,0,highway_0,1,815.4235866161673,1153.4235866161673,,-1024.9706931230282
35.4,llm_0,1155.8220019287428,-9.55,23.98415312575492,1000.0,,0.13594602753971186,0.13594602753971186,0.13594602753971186,0.13594602753971186,0.13460002726706222,0,highway_0,1,817.8220019287428,1155.8220019287428,,-1024.984153125755
35.5,llm_0,1158.2217214431719,-9.55,23.997195144291187,1000.0,,0.13172438721631977,0.13172438721631977,0.13172438721631977,0.13172438721631977,0.13042018536268074,0,highway_0,1,820.2217214431719,1158.2217214431719,,-1024.9971951442913
35.6,llm_0,1160.6227044615052,-9.55,24.009830183332937,1000.0,,0.12761389432166542,0.12761389432166542,0.12761389432166542,0.12761389432166542,0.12635039041750673,0,highway_0,1,822.6227044615052,1160.6227044615052,,-1025.009830183333
35.7,llm_0,1163.0249113684974,-9.55,24.022069069921184,1000.0,,0.12361275454127572,0.12361275454127572,0.12361275454127572,0.12361275454127572,0.12238886588246345,0,highway_0,1,825.0249113684974,1163.0249113684974,,-1025.0220690699211
35.8,llm_0,1165.428303613426,-9.55,24.03392244928399,1000.0,,0.11971913156434195,0.11971913156434195,0.11971913156434195,0.11971913156434195,0.11853379362804617,0,highway_0,1,827.4283036134259,1165.428303613426,,-1025.033922449284
35.9,llm_0,1167.8328436915517,-9.55,24.045400781258788,1000.0,,0.11593115294550177,0.11593115294550177,0.11593115294550177,0.11593115294550177,0.11478331974799971,0,highway_0,1,829.8328436915517,1167.8328436915517,,-1025.0454007812589
36.0,llm_0,1170.238495125278,-9.55,24.056514337262463,1000.0,,0.11224691563710398,0.11224691563710398,0.11224691563710398,0.11224691563710398,0.11113556003675029,0,highway_0,1,832.238495125278,1170.238495125278,,-1025.0565143372626
36.1,llm_0,1172.6452224450557,-9.55,24.06727319777753,1000.0,,0.10866449120219528,0.10866449120219528,0.10866449120219528,0.10866449120219528,0.10758860515068136,0,highway_0,1,834.6452224450557,1172.6452224450557,,-1025.0672731977775
36.2,llm_0,1175.052991170088,-9.55,24.07768725032393,1000.0,,0.10518193071862099,0.10518193071862099,0.10518193071862099,0.10518193071862099,0.10414052546398267,0,highway_0,1,837.052991170088,1175.052991170088,,-1025.0776872503238
36.3,llm_0,1177.4617677888766,-9.55,24.087766187886775,1000.0,,0.10179726938473505,0.10179726938473505,0.10179726938473505,0.10179726938473505,0.1007893756284517,0,highway_0,1,839.4617677888766,1177.4617677888766,,-1025.0877661878867
36.4,llm_0,1179.8715197396539,-9.55,24.097519507771658,1000.0,,0.098508530837293,0.098508530837293,0.098508530837293,0.098508530837293,0.09753319884882927,0,highway_0,1,841.8715197396539,1179.8715197396539,,-1025.0975195077717
36.5,llm_0,1182.2822153907398,-9.55,24.106956510859984,1000.0,,0.09531373119209319,0.09531373119209319,0.09531373119209319,0.09531373119209319,0.09437003088326179,0,highway_0,1,844.2822153907398,1182.2822153907398,,-1025.10695651086
36.6,llm_0,1184.6938240208635,-9.55,24.116086301238,1000.0,,0.09221088281795262,0.09221088281795262,0.09221088281795262,0.09221088281795262,0.09129790378015201,0,highway_0,1,846.6938240208635,1184.6938240208635,,-1025.116086301238
36.7,llm_0,1187.1063157994809,-9.55,24.12491778617409,1000.0,,0.08919799785452064,0.08919799785452064,0.08919799785452064,0.08919799785452064,0.08831484936091982,0,highway_0,1,849.1063157994809,1187.1063157994809,,-1025.1249177861741
36.8,llm_0,1189.519661767123,-9.55,24.13345967642007,1000.0,,0.0862730914844013,0.0862730914844013,0.0862730914844013,0.0862730914844013,0.08541890245979289,0,highway_0,1,851.5196617671229,1189.519661767123,,-1025.13345967642
36.9,llm_0,1191.9338338158043,-9.55,24.14172048681313,1000.0,,0.08343418496990512,0.08343418496990512,0.08343418496990512,0.08343418496990512,0.08260810393061035,0,highway_0,1,853.9338338158043,1191.9338338158043,,-1025.141720486813
37.0,llm_0,1194.34880466952,-9.55,24.149708537156165,1000.0,,0.0806793084646473,0.0806793084646473,0.0806793084646473,0.0806793084646473,0.07988050343033848,0,highway_0,1,856.34880466952,1194.34880466952,,-1025.1497085371561
37.1,llm_0,1196.7645478648556,-9.55,24.157431953355182,1000.0,,0.07800650361004641,0.07800650361004641,0.07800650361004641,0.07800650361004641,0.07723416199016953,0,highway_0,1,858.7645478648556,1196.7645478648556,,-1025.1574319533552
37.2,llm_0,1199.181037731735,-9.55,24.16489866879346,1000.0,,0.07541382592658427,0.07541382592658427,0.07541382592658427,0.07541382592658427,0.07466715438276594,0,highway_0,1,861.1810377317349,1199.181037731735,,-1025.1648986687935
37.3,llm_0,1201.5982609595167,-9.55,24.172232277818093,1000.0,,0.07406945114879986,0.07406945114879986,0.07406945114879986,0.07406945114879986,0.07333609024634313,0,highway_0,1,863.5982609595167,1201.5982609595167,,-1025.172232277818
37.4,llm_0,1204.0163362047917,-9.55,24.18075245275189,1000.0,,0.08605376683135982,0.08605376683135982,0.08605376683135982,0.08605376683135982,0.08520174933796199,0,highway_0,1,866.0163362047917,1204.0163362047917,,-1025.180752452752
37.5,llm_0,1206.4353742678543,-9.55,24.190380630625434,1000.0,,0.09724459652279614,0.09724459652279614,0.09724459652279614,0.09724459652279614,0.0962817787354453,0,highway_0,1,868.4353742678543,1206.4353742678543,,-1025.1903806306254
37.6,llm_0,1208.8554782533802,-9.55,24.20103985525882,1000.0,,0.10765816879719349,0.10765816879719349,0.10765816879719349,0.10765816879719349,0.10659224633386088,0,highway_0,1,870.8554782533802,1208.8554782533802,,-1025.2010398552588
37.7,llm_0,1211.276743737378,-9.55,24.21265483997677,1000.0,,0.11731134565132831,0.11731134565132831,0.11731134565132831,0.11731134565132831,0.11614984717951415,0,highway_0,1,873.276743737378,1211.276743737378,,-1025.2126548399767
37.8,llm_0,1213.6992589394554,-9.55,24.225152020773784,1000.0,,0.12622152604984105,0.12622152604984105,0.12622152604984105,0.12622152604984105,0.12497180797012675,0,highway_0,1,875.6992589394554,1213.6992589394554,,-1025.2251520207737
37.9,llm_0,1216.123104899562,-9.55,24.23845960106548,1000.0,,0.13440656094611458,0.13440656094611458,0.13440656094611458,0.13440656094611458,0.13307580291694876,0,highway_0,1,878.1231048995619,1216.123104899562,,-1025.2384596010654
38.0,llm_0,1218.548355658467,-9.55,24.252507589050197,1000.0,,0.14188467864564275,0.14188467864564275,0.14188467864564275,0.14188467864564275,0.14047987984717736,0,highway_0,1,880.548355658467,1218.548355658467,,-1025.2525075890503
38.1,llm_0,1220.975078441327,-9.55,24.267227828599886,1000.0,,0.14867441945186272,0.14867441945186272,0.14867441945186272,0.14867441945186272,0.1472023954968904,0,highway_0,1,882.975078441327,1220.975078441327,,-1025.2672278286
38.2,llm_0,1223.403333843777,-9.55,24.28255402450135,1000.0,,0.1547945786047889,0.1547945786047889,0.1547945786047889,0.1547945786047889,0.15326195901465667,0,highway_0,1,885.4033338437771,1223.403333843777,,-1025.2825540245015
38.3,llm_0,1225.833176020055,-9.55,24.298421762777934,1000.0,,0.16026415659351403,0.16026415659351403,0.16026415659351403,0.16026415659351403,0.15867738276583054,0,highway_0,1,887.8331760200549,1225.833176020055,,-1025.298421762778
38.4,llm_0,1228.2646528727287,-9.55,24.314768526737513,1000.0,,0.16510231599172528,0.16510231599172528,0.16510231599172528,0.16510231599172528,0.1634676395957868,0,highway_0,1,890.2646528727287,1228.2646528727287,,-1025.3147685267375
38.5,llm_0,1230.6978062436601,-9.55,24.33153370931485,1000.0,,0.1693283440310922,0.1693283440310922,0.1693283440310922,0.1693283440310922,0.16765182577337612,0,highway_0,1,892.6978062436601,1230.6978062436601,,-1025.331533709315
38.6,llm_0,1233.1326721058806,-9.55,24.348658622204752,1000.0,,0.17296162018800998,0.17296162018800998,0.17296162018800998,0.17296162018800998,0.17124912889901367,0,highway_0,1,895.1326721058806,1233.1326721058806,,-1025.3486586222048
38.7,llm_0,1235.5853597502794,-9.55,24.52687644398693,1000.0,,1.8,1.8,1.8,1.8,1.782178217821766,0,highway_0,1,897.5853597502794,1235.5853597502794,,-1025.526876443987
38.8,llm_0,1238.0558691768563,-9.55,24.705094265769105,1000.0,,1.8,1.8,1.8,1.8,1.782178217821766,0,highway_0,1,900.0558691768563,1238.0558691768563,,-1025.705094265769
38.9,llm_0,1240.5442003856115,-9.55,24.883312087551282,1000.0,,1.8,1.8,1.8,1.8,1.782178217821766,0,highway_0,1,902.5442003856115,1240.5442003856115,,-1025.8833120875513
39.0,llm_0,1243.0503533765448,-9.55,25.06152990933346,1000.0,,1.8,1.8,1.8,1.8,1.782178217821766,0,highway_0,1,905.0503533765448,1243.0503533765448,,-1026.0615299093336
39.1,llm_0,1245.5743281496564,-9.55,25.239747731115635,1000.0,,1.8,1.8,1.8,1.8,1.782178217821766,0,highway_0,1,907.5743281496564,1245.5743281496564,,-1026.2397477311156
39.2,llm_0,1248.0960150184187,-9.55,25.216868687623997,1000.0,,-0.23107833926555033,-0.23107833926555033,-0.23107833926555033,-0.23107833926555033,-0.22879043491638384,0,highway_0,1,910.0960150184187,1248.0960150184187,,-1026.216868687624
39.3,llm_0,1250.615391937765,-9.55,25.193769193463687,1000.0,,-0.23330489101911714,-0.23330489101911714,-0.23330489101911714,-0.23330489101911714,-0.2309949416030932,0,highway_0,1,912.615391937765,1250.615391937765,,-1026.1937691934636
39.4,llm_0,1253.1324444015859,-9.55,25.17052463820797,1000.0,,-0.23477000808275933,-0.23477000808275933,-0.23477000808275933,-0.23477000808275933,-0.2324455525571878,0,highway_0,1,915.1324444015859,1253.1324444015859,,-1026.170524638208
39.5,llm_0,1255.647165167914,-9.55,25.14720766328054,1000.0,,-0.23550144676703902,-0.23550144676703902,-0.23550144676703902,-0.23550144676703902,-0.23316974927428902,0,highway_0,1,917.647165167914,1255.647165167914,,-1026.1472076632806
39.6,llm_0,1258.1595539683015,-9.55,25.123888003874512,1000.0,,-0.23552856000087533,-0.23552856000087533,-0.23552856000087533,-0.23552856000087533,-0.23319659406027426,0,highway_0,1,920.1595539683015,1258.1595539683015,,-1026.1238880038745
39.7,llm_0,1260.6696172035618,-9.55,25.100632352603373,1000.0,,-0.23488207783849127,-0.23488207783849127,-0.23488207783849127,-0.23488207783849127,-0.23255651271139044,0,highway_0,1,922.6696172035618,1260.6696172035618,,-1026.1006323526033
39.8,llm_0,1263.1773676280313,-9.55,25.07750424469485,1000.0,,-0.23359388987606258,-0.23359388987606258,-0.23359388987606258,-0.23359388987606258,-0.23128107908522821,0,highway_0,1,925.1773676280313,1263.1773676280313,,-1026.0775042446949
39.9,llm_0,1265.6828240244658,-9.55,25.05456396434589,1000.0,,-0.23169683152451356,-0.23169683152451356,-0.23169683152451356,-0.23169683152451356,-0.22940280348962006,0,highway_0,1,927.6828240244658,1265.6828240244658,,-1026.0545639643458
40.0,llm_0,1268.1860108716342,-9.55,25.031868471682788,1000.0,,-0.22922447589732226,-0.22922447589732226,-0.22922447589732226,-0.22922447589732226,-0.22695492663100225,0,highway_0,1,930.1860108716342,1268.1860108716342,,-1026.0318684716829
40.1,llm_0,1270.6869580065957,-9.55,25.00947134961618,1000.0,,-0.22621093287272462,-0.22621093287272462,-0.22621093287272462,-0.22621093287272462,-0.22397122066607267,0,highway_0,1,932.6869580065957,1270.6869580065957,,-1026.0094713496162
40.2,llm_0,1273.1857002835704,-9.55,24.987422769746797,1000.0,,-0.22269065668078183,-0.22269065668078183,-0.22269065668078183,-0.22269065668078183,-0.22048579869384355,0,highway_0,1,935.1857002835704,1273.1857002835704,,-1025.987422769747
40.3,llm_0,1275.6822772312069,-9.55,24.96576947636495,1000.0,,-0.21869826315666496,-0.21869826315666496,-0.21869826315666496,-0.21869826315666496,-0.21653293381845629,0,highway_0,1,937.6822772312069,1275.6822772312069,,-1025.965769476365
40.4,llm_0,1278.1767327099562,-9.55,24.94455478749476,1000.0,,-0.2142683575889603,-0.2142683575889603,-0.2142683575889603,-0.2142683575889603,-0.21214688870191623,0,highway_0,1,940.1767327099562,1278.1767327099562,,-1025.9445547874948
40.5,llm_0,1280.6691145711425,-9.55,24.92381861186192,1000.0,,-0.20943537389169797,-0.20943537389169797,-0.20943537389169797,-0.20943537389169797,-0.20736175632841025,0,highway_0,1,942.6691145711425,1280.6691145711425,,-1025.9238186118619
40.6,llm_0,1283.1594743192036,-9.55,24.903597480611495,1000.0,,-0.20423342562930005,-0.20423342562930005,-0.20423342562930005,-0.20423342562930005,-0.2022113125042324,0,highway_0,1,945.1594743192036,1283.1594743192036,,-1025.9035974806116
40.7,llm_0,1285.6478667784604,-9.55,24.88392459256781,1000.0,,-0.19869616924122457,-0.19869616924122457,-0.19869616924122457,-0.19869616924122457,-0.19672888043686498,0,highway_0,1,947.6478667784604,1285.6478667784604,,-1025.8839245925678
40.8,llm_0,1288.1343497656414,-9.55,24.86482987181116,1000.0,,-0.1928566796421626,-0.1928566796421626,-0.1928566796421626,-0.1928566796421626,-0.19094720756648087,0,highway_0,1,950.1343497656414,1288.1343497656414,,-1025.8648298718113
40.9,llm_0,1290.618983769276,-9.55,24.846340036344216,1000.0,,-0.1867473382161375,-0.1867473382161375,-0.1867473382161375,-0.1867473382161375,-0.1848983546694427,0,highway_0,1,952.6189837692759,1290.618983769276,,-1025.8463400363441
41.0,llm_0,1293.1018316369393,-9.55,24.82847867663289,1000.0,,-0.18039973308439416,-0.18039973308439416,-0.18039973308439416,-0.18039973308439416,-0.1786135971132552,0,highway_0,1,955.1018316369393,1293.1018316369393,,-1025.8284786766328
41.1,llm_0,1295.5829582712224,-9.55,24.811266342830635,1000.0,,-0.1738445714027851,-0.1738445714027851,-0.1738445714027851,-0.1738445714027851,-0.17212333802255841,0,highway_0,1,957.5829582712224,1295.5829582712224,,-1025.8112663428305
41.2,llm_0,1298.0624303351753,-9.55,24.79472063952983,1000.0,,-0.16711160333814112,-0.16711160333814112,-0.16711160333814112,-0.16711160333814112,-0.16545703300803183,0,highway_0,1,960.0624303351753,1298.0624303351753,,-1025.79472063953
41.3,llm_0,1300.531348093659,-9.55,24.68917758483696,1000.0,,-1.065984852398014,-1.065984852398014,-1.065984852398014,-1.065984852398014,-1.0554305469287328,0,highway_0,1,962.5313480936591,1300.531348093659,,-1025.689177584837
41.4,llm_0,1302.9892380805234,-9.55,24.57889986864413,1000.0,,-1.1138049335475892,-1.1138049335475892,-1.1138049335475892,-1.1138049335475892,-1.1027771619282944,0,highway_0,1,964.9892380805234,1302.9892380805234,,-1025.5788998686442
41.5,llm_0,1305.4359109083928,-9.55,24.466728278693516,1000.0,,-1.1329330585011745,-1.1329330585011745,-1.1329330585011745,-1.1329330585011745,-1.1217158995061283,0,highway_0,1,967.4359109083928,1305.4359109083928,,-1025.4667282786936
41.6,llm_0,1307.8713101215656,-9.55,24.35399213172898,1000.0,,-1.138635084341837,-1.138635084341837,-1.138635084341837,-1.138635084341837,-1.1273614696453649,0,highway_0,1,969.8713101215656,1307.8713101215656,,-1025.353992131729
41.7,llm_0,1310.2954478112529,-9.55,24.241376896873955,1000.0,,-1.1374138720357605,-1.1374138720357605,-1.1374138720357605,-1.1374138720357605,-1.1261523485502423,0,highway_0,1,972.2954478112529,1310.2954478112529,,-1025.241376896874
41.8,llm_0,1312.7083733242202,-9.55,24.129255129673325,1000.0,,-1.1324298487263889,-1.1324298487263889,-1.1324298487263889,-1.1324298487263889,-1.1212176720063027,0,highway_0,1,974.7083733242202,1312.7083733242202,,-1025.1292551296733
41.9,llm_0,1315.1101569108007,-9.55,24.017835865805548,1000.0,,-1.1253345650645337,-1.1253345650645337,-1.1253345650645337,-1.1253345650645337,-1.1141926386777712,0,highway_0,1,977.1101569108007,1315.1101569108007,,-1025.0178358658056
42.0,llm_0,1317.5008807804115,-9.55,23.907238696108337,1000.0,,-1.117031413941853,-1.117031413941853,-1.117031413941853,-1.117031413941853,-1.1059716969721123,0,highway_0,1,979.5008807804115,1317.5008807804115,,-1024.9072386961084
42.1,llm_0,1319.88063404937,-9.55,23.797532689585402,1000.0,,-1.1080306658816559,-1.1080306658816559,-1.1080306658816559,-1.1080306658816559,-1.0970600652293427,0,highway_0,1,981.88063404937,1319.88063404937,,-1024.7975326895853
42.2,llm_0,1322.2495098154834,-9.55,23.6887576611333,1000.0,,-1.098627787366229,-1.098627787366229,-1.098627787366229,-1.098627787366229,-1.0877502845210074,0,highway_0,1,984.2495098154834,1322.2495098154834,,-1024.6887576611332
42.3,llm_0,1324.6076034283683,-9.55,23.580936128848272,1000.0,,-1.0889974760787857,-1.0889974760787857,-1.0889974760787857,-1.0889974760787857,-1.0782153228502978,0,highway_0,1,986.6076034283683,1324.6076034283683,,-1024.5809361288482
42.4,llm_0,1326.9550114472706,-9.55,23.474080189022754,1000.0,,-1.0792449922377412,-1.0792449922377412,-1.0792449922377412,-1.0792449922377412,-1.0685593982551822,0,highway_0,1,988.9550114472706,1326.9550114472706,,-1024.4740801890227
42.5,llm_0,1329.291831001619,-9.55,23.36819554348277,1000.0,,-1.0694349199538389,-1.0694349199538389,-1.0694349199538389,-1.0694349199538389,-1.0588464553998378,0,highway_0,1,991.2918310016189,1329.291831001619,,-1024.3681955434827
42.6,llm_0,1331.6181593913807,-9.55,23.263283897616887,1000.0,,-1.0596076232454334,-1.0596076232454334,-1.0596076232454334,-1.0596076232454334,-1.0491164586588297,0,highway_0,1,993.6181593913807,1331.6181593913807,,-1024.263283897617
42.7,llm_0,1333.934093832342,-9.55,23.15934440961129,1000.0,,-1.049788828856536,-1.049788828856536,-1.049788828856536,-1.049788828856536,-1.0393948800559727,0,highway_0,1,995.9340938323419,1333.934093832342,,-1024.1593444096113
42.8,llm_0,1336.2397312902015,-9.55,23.056374578594703,1000.0,,-1.039995293267545,-1.039995293267545,-1.039995293267545,-1.039995293267545,-1.0296983101658697,0,highway_0,1,998.2397312902015,1336.2397312902015,,-1024.0563745785946
42.9,llm_0,1338.5351683698357,-9.55,22.95437079634161,1000.0,,-1.0302382007562456,-1.0302382007562456,-1.0302382007562456,-1.0302382007562456,-1.0200378225309237,0,highway_0,1,1000.5351683698357,1338.5351683698357,,-1023.9543707963417
43.0,llm_0,1340.8205012393014,-9.55,22.85332869465791,1000.0,,-1.0205252270053526,-1.0205252270053526,-1.0205252270053526,-1.0205252270053526,-1.0104210168369931,0,highway_0,1,1002.8205012393014,1340.8205012393014,,-1023.8533286946579
43.1,llm_0,1343.0958255760224,-9.55,22.753243367209464,1000.0,,-1.0108618072293043,-1.0108618072293043,-1.0108618072293043,-1.0108618072293043,-1.00085327448447,0,highway_0,1,1005.0958255760224,1343.0958255760224,,-1023.7532433672095
43.2,llm_0,1345.3612365273552,-9.55,22.65410951332759,1000.0,,-1.001251924206901,-1.001251924206901,-1.001251924206901,-1.001251924206901,-0.9913385388187379,0,highway_0,1,1007.3612365273552,1345.3612365273552,,-1023.6541095133276
43.3,llm_0,1347.6168286806364,-9.55,22.555921532811226,1000.0,,-0.9916986032152633,-0.9916986032152633,-0.9916986032152633,-0.9916986032152633,-0.9818798051636435,0,highway_0,1,1009.6168286806364,1347.6168286806364,,-1023.5559215328112
43.4,llm_0,1349.8626960395998,-9.55,22.458673589634053,1000.0,,-0.982204226089475,-0.982204226089475,-0.982204226089475,-0.982204226089475,-0.9724794317717311,0,highway_0,1,1011.8626960395998,1349.8626960395998,,-1023.458673589634
43.5,llm_0,1352.098932005172,-9.55,22.362359655720784,1000.0,,-0.9727707325239868,-0.9727707325239868,-0.9727707325239868,-0.9727707325239868,-0.9631393391326881,0,highway_0,1,1014.098932005172,1352.098932005172,,-1023.3623596557208
43.6,llm_0,1354.325629359354,-9.55,22.26697354181968,1000.0,,-0.9633997504011194,-0.9633997504011194,-0.9633997504011194,-0.9633997504011194,-0.9538611390110319,0,highway_0,1,1016.325629359354,1354.325629359354,,-1023.2669735418197
43.7,llm_0,1356.5428802513475,-9.55,22.17250891993477,1000.0,,-0.9540926810375833,-0.9540926810375833,-0.9540926810375833,-0.9540926810375833,-0.9446462188491012,0,highway_0,1,1018.5428802513475,1356.5428802513475,,-1023.1725089199348
43.8,llm_0,1358.7507761853653,-9.55,22.078959340177907,1000.0,,-0.9448507555443334,-0.9448507555443334,-0.9448507555443334,-0.9448507555443334,-0.9354957975686418,0,highway_0,1,1020.7507761853653,1358.7507761853653,,-1023.0789593401779
43.9,llm_0,1360.9494080097543,-9.55,21.986318243888565,1000.0,,-0.9356750725223337,-0.9356750725223337,-0.9356750725223337,-0.9356750725223337,-0.9264109628934136,0,highway_0,1,1022.9494080097543,1360.9494080097543,,-1022.9863182438886
44.0,llm_0,1363.1388659071768,-9.55,21.894578974224984,1000.0,,-0.9265666236021763,-0.9265666236021763,-0.9265666236021763,-0.9265666236021763,-0.9173926966358081,0,highway_0,1,1025.1388659071768,1363.1388659071768,,-1022.8945789742249
44.1,llm_0,1365.3192393856784,-9.55,21.803734785016573,1000.0,,-0.917526311004948,-0.917526311004948,-0.917526311004948,-0.917526311004948,-0.9084418920841131,0,highway_0,1,1027.3192393856784,1365.3192393856784,,-1022.8037347850166
44.2,llm_0,1367.4906172705184,-9.55,21.71377884840007,1000.0,,-0.9085549598266665,-0.9085549598266665,-0.9085549598266665,-0.9085549598266665,-0.8995593661650148,0,highway_0,1,1029.4906172705184,1367.4906172705184,,-1022.7137788484001
44.3,llm_0,1369.6530876966772,-9.55,21.624704261587432,1000.0,,-0.8996533268076541,-0.8996533268076541,-0.8996533268076541,-0.8996533268076541,-0.8907458681263947,0,highway_0,1,1031.6530876966772,1369.6530876966772,,-1022.6247042615875
44.4,llm_0,1371.806738101977,-9.55,21.53650405299902,1000.0,,-0.8908221067429551,-0.8908221067429551,-0.8908221067429551,-0.8908221067429551,-0.8820020858841104,0,highway_0,1,1033.806738101977,1371.806738101977,,-1022.536504052999
44.5,llm_0,1373.951655220769,-9.55,21.449171187920005,1000.0,,-0.8820619372980516,-0.8820619372980516,-0.8820619372980516,-0.8820619372980516,-0.8733286507901639,0,highway_0,1,1035.951655220769,1373.951655220769,,-1022.44917118792
44.6,llm_0,1376.0879250781477,-9.55,21.362698573787522,1000.0,,-0.8733734027380872,-0.8733734027380872,-0.8733734027380872,-0.8733734027380872,-0.8647261413248231,0,highway_0,1,1038.0879250781477,1376.0879250781477,,-1022.3626985737875
44.7,llm_0,1378.215632984666,-9.55,21.277079065182473,1000.0,,-0.86475703691101,-0.86475703691101,-0.86475703691101,-0.86475703691101,-0.8561950860504908,0,highway_0,1,1040.215632984666,1378.215632984666,,-1022.2770790651824
44.8,llm_0,1380.3348635315238,-9.55,21.192305468577167,1000.0,,-0.8562133257136039,-0.8562133257136039,-0.8562133257136039,-0.8562133257136039,-0.8477359660530581,0,highway_0,1,1042.3348635315238,1380.3348635315238,,-1022.1923054685772
44.9,llm_0,1382.4457005862112,-9.55,21.10837054687462,1000.0,,-0.8477427091957054,-0.8477427091957054,-0.8477427091957054,-0.8477427091957054,-0.8393492170254646,0,highway_0,1,1044.4457005862112,1382.4457005862112,,-1022.1083705468747
45.0,llm_0,1384.5482272885877,-9.55,21.02526702376491,1000.0,,-0.8393455834080926,-0.8393455834080926,-0.8393455834080926,-0.8393455834080926,-0.831035231097097,0,highway_0,1,1046.5482272885877,1384.5482272885877,,-1022.0252670237649
45.1,llm_0,1386.6425260473793,-9.55,20.942987587916754,1000.0,,-0.8310223020663697,-0.8310223020663697,-0.8310223020663697,-0.8310223020663697,-0.8227943584815733,0,highway_0,1,1048.6425260473793,1386.6425260473793,,-1021.9429875879167
45.2,llm_0,1388.7286785370811,-9.55,20.861524897017702,1000.0,,-0.8227731780804289,-0.8227731780804289,-0.8227731780804289,-0.8227731780804289,-0.8146269089905189,0,highway_0,1,1050.7286785370811,1388.7286785370811,,-1021.8615248970177
45.3,llm_0,1390.8067656952485,-9.55,20.78087158167277,1000.0,,-0.8145984849838492,-0.8145984849838492,-0.8145984849838492,-0.8145984849838492,-0.8065331534493225,0,highway_0,1,1052.8067656952485,1390.8067656952485,,-1021.7808715816727
45.4,llm_0,1392.8768677201654,-9.55,20.701020249169115,1000.0,,-0.8064984582869096,-0.8064984582869096,-0.8064984582869096,-0.8064984582869096,-0.798513325036545,0,highway_0,1,1054.8768677201654,1392.8768677201654,,-1021.7010202491691
45.5,llm_0,1394.9390640688766,-9.55,20.6219634871127,1000.0,,-0.7984732967697693,-0.7984732967697693,-0.7984732967697693,-0.7984732967697693,-0.7905676205641399,0,highway_0,1,1056.9390640688766,1394.9390640688766,,-1021.6219634871127
45.6,llm_0,1396.9934334555708,-9.55,20.543693866941677,1000.0,,-0.7905231637273453,-0.7905231637273453,-0.7905231637273453,-0.7905231637273453,-0.7826962017102446,0,highway_0,1,1058.9934334555708,1396.9934334555708,,-1021.5436938669417
45.7,llm_0,1399.040053850303,-9.55,20.4662039473205,1000.0,,-0.7826481881738953,-0.7826481881738953,-0.7826481881738953,-0.7826481881738953,-0.7748991962117557,0,highway_0,1,1061.040053850303,1399.040053850303,,-1021.4662039473205
45.8,llm_0,1401.0790024780447,-9.55,20.38948627741822,1000.0,,-0.7748484660130213,-0.7748484660130213,-0.7748484660130213,-0.7748484660130213,-0.767176699022798,0,highway_0,1,1063.0790024780447,1401.0790024780447,,-1021.3894862774182
45.9,llm_0,1403.110355818052,-9.55,20.31353340007396,1000.0,,-0.7671240611770421,-0.7671240611770421,-0.7671240611770421,-0.7671240611770421,-0.7595287734426037,0,highway_0,1,1065.110355818052,1403.110355818052,,-1021.313533400074
46.0,llm_0,1405.1341896035374,-9.55,20.238337854852325,1000.0,,-0.7594750067385306,-0.7594750067385306,-0.7594750067385306,-0.7594750067385306,-0.7519554522163574,0,highway_0,1,1067.1341896035374,1405.1341896035374,,-1021.2383378548524
46.1,llm_0,1407.1505788216366,-9.55,20.163892180991336,1000.0,,-0.751901305995995,-0.751901305995995,-0.751901305995995,-0.751901305995995,-0.744456738609891,0,highway_0,1,1069.1505788216366,1407.1505788216366,,-1021.1638921809913
46.2,llm_0,1409.1595977136612,-9.55,20.090188920245282,1000.0,,-0.7444029335351333,-0.7444029335351333,-0.7444029335351333,-0.7444029335351333,-0.7370326074605416,0,highway_0,1,1071.1595977136612,1409.1595977136612,,-1021.0901889202453
46.3,llm_0,1411.1613197756237,-9.55,20.017220619624826,1000.0,,-0.7369798362666096,-0.7369798362666096,-0.7369798362666096,-0.7369798362666096,-0.7296830062045601,0,highway_0,1,1073.1613197756237,1411.1613197756237,,-1021.0172206196248
46.4,llm_0,1413.1558177590273,-9.55,19.944979834036594,1000.0,,-0.7296319344411445,-0.7296319344411445,-0.7296319344411445,-0.7296319344411445,-0.7224078558823166,0,highway_0,1,1075.1558177590273,1413.1558177590273,,-1020.9449798340366
46.5,llm_0,1415.1431636719096,-9.55,19.87345912882448,1000.0,,-0.7223591226423648,-0.7223591226423648,-0.7223591226423648,-0.7223591226423648,-0.7152070521211584,0,highway_0,1,1077.1431636719096,1415.1431636719096,,-1020.8734591288245
46.6,llm_0,1417.123428780131,-9.55,19.802651082214787,1000.0,,-0.7151612707578737,-0.7151612707578737,-0.7151612707578737,-0.7151612707578737,-0.7080804660969164,0,highway_0,1,1079.123428780131,1417.123428780131,,-1020.8026510822148
46.7,llm_0,1419.0966836088978,-9.55,19.73254828766738,1000.0,,-0.7080382249288046,-0.7080382249288046,-0.7080382249288046,-0.7080382249288046,-0.7010279454740598,0,highway_0,1,1081.0966836088978,1419.0966836088978,,-1020.7325482876673
46.8,llm_0,1421.0629979445114,-9.55,19.663143356134896,1000.0,,-0.7009898084781065,-0.7009898084781065,-0.7009898084781065,-0.7009898084781065,-0.6940493153248539,0,highway_0,1,1083.0629979445114,1421.0629979445114,,-1020.6631433561349
46.9,llm_0,1423.0224408363347,-9.55,19.594428918232147,1000.0,,-0.6940158228177742,-0.6940158228177742,-0.6940158228177742,-0.6940158228177742,-0.6871443790274867,0,highway_0,1,1085.0224408363347,1423.0224408363347,,-1020.5944289182321
47.0,llm_0,1424.9750805989665,-9.55,19.52639762631777,1000.0,,-0.6871160483352106,-0.6871160483352106,-0.6871160483352106,-0.6871160483352106,-0.6803129191437662,0,highway_0,1,1086.9750805989665,1424.9750805989665,,-1020.5263976263178
47.1,llm_0,1426.9209848146156,-9.55,19.459042156490163,1000.0,,-0.6802902452588542,-0.6802902452588542,-0.6802902452588542,-0.6802902452588542,-0.673554698276071,0,highway_0,1,1088.9209848146156,1426.9209848146156,,-1020.4590421564901
47.2,llm_0,1428.8602203356656,-9.55,19.39235521049974,1000.0,,-0.673538154503291,-0.673538154503291,-0.673538154503291,-0.673538154503291,-0.6668694599042269,0,highway_0,1,1090.8602203356656,1428.8602203356656,,-1020.3923552104998
47.3,llm_0,1430.7928532874237,-9.55,19.32632951757955,1000.0,,-0.666859498493949,-0.666859498493949,-0.666859498493949,-0.666859498493949,-0.6602569292019211,0,highway_0,1,1092.7928532874237,1430.7928532874237,,-1020.3263295175796
47.4,llm_0,1432.7189490710432,-9.55,19.260957836196216,1000.0,,-0.6602539819716495,-0.6602539819716495,-0.6602539819716495,-0.6602539819716495,-0.6537168138333271,0,highway_0,1,1094.7189490710432,1432.7189490710432,,-1020.2609578361962
47.5,llm_0,1434.6385723666156,-9.55,19.19623295572324,1000.0,,-0.6537212927770599,-0.6537212927770599,-0.6537212927770599,-0.6537212927770599,-0.6472488047297631,0,highway_0,1,1096.6385723666156,1434.6385723666156,,-1020.1962329557232
47.6,llm_0,1436.5517871364193,-9.55,19.132147698038548,1000.0,,-0.647261102615379,-0.647261102615379,-0.647261102615379,-0.647261102615379,-0.6408525768469175,0,highway_0,1,1098.5517871364193,1436.5517871364193,,-1020.1321476980386
47.7,llm_0,1438.4586566283242,-9.55,19.06869491904832,1000.0,,-0.6408730678012953,-0.6408730678012953,-0.6408730678012953,-0.6408730678012953,-0.6345277899022861,0,highway_0,1,1100.4586566283242,1438.4586566283242,,-1020.0686949190483
47.8,llm_0,1440.359243379338,-9.55,19.005867510138955,1000.0,,-0.6345568299845843,-0.6345568299845843,-0.6345568299845843,-0.6345568299845843,-0.6282740890936367,0,highway_0,1,1102.359243379338,1440.359243379338,,-1020.005867510139
47.9,llm_0,1442.253609219294,-9.55,18.943658399559112,1000.0,,-0.6283120168564462,-0.6283120168564462,-0.6283120168564462,-0.6283120168564462,-0.6220911057984324,0,highway_0,1,1104.253609219294,1442.253609219294,,-1019.9436583995591
48.0,llm_0,1444.1418152746674,-9.55,18.88206055373368,1000.0,,-0.622138242836841,-0.622138242836841,-0.622138242836841,-0.622138242836841,-0.6159784582543182,0,highway_0,1,1106.1418152746674,1444.1418152746674,,-1019.8820605537337
48.1,llm_0,1446.0239219725186,-9.55,18.821066978511592,1000.0,,-0.6160351097430683,-0.6160351097430683,-0.6160351097430683,-0.6160351097430683,-0.6099357522208848,0,highway_0,1,1108.0239219725186,1446.0239219725186,,-1019.8210669785116
48.2,llm_0,1447.8999890445534,-9.55,18.760670720349232,1000.0,,-0.6100022074398552,-0.6100022074398552,-0.6100022074398552,-0.6100022074398552,-0.6039625816235983,0,highway_0,1,1109.8999890445534,1447.8999890445534,,-1019.7606707203493
48.3,llm_0,1449.7700755312965,-9.55,18.7008648674313,1000.0,,-0.6040391144711243,-0.6040391144711243,-0.6040391144711243,-0.6040391144711243,-0.5980585291793261,0,highway_0,1,1111.7700755312965,1449.7700755312965,,-1019.7008648674313
48.4,llm_0,1451.6342397863696,-9.55,18.641642550730925,1000.0,,-0.5981453986737921,-0.5981453986737921,-0.5981453986737921,-0.5981453986737921,-0.5922231670037448,0,highway_0,1,1113.6342397863696,1451.6342397863696,,-1019.6416425507309
48.5,llm_0,1453.4925394808706,-9.55,18.58299694501075,1000.0,,-0.5923206177738111,-0.5923206177738111,-0.5923206177738111,-0.5923206177738111,-0.5864560572017652,0,highway_0,1,1115.4925394808706,1453.4925394808706,,-1019.5829969450108
48.6,llm_0,1455.3450316078472,-9.55,18.524921269766715,1000.0,,-0.5865643199647547,-0.5865643199647547,-0.5865643199647547,-0.5865643199647547,-0.5807567524403368,0,highway_0,1,1117.3450316078472,1455.3450316078472,,-1019.5249212697668
48.7,llm_0,1457.1917724868588,-9.55,18.467408790116302,1000.0,,-0.5808760444691935,-0.5808760444691935,-0.5808760444691935,-0.5808760444691935,-0.5751247965041273,0,highway_0,1,1119.1917724868588,1457.1917724868588,,-1019.4674087901163
48.8,llm_0,1459.032817768622,-9.55,18.41045281763282,1000.0,,-0.575255322083182,-0.575255322083182,-0.575255322083182,-0.575255322083182,-0.569559724834825,0,highway_0,1,1121.032817768622,1459.032817768622,,-1019.4104528176329
48.9,llm_0,1460.8682224397346,-9.55,18.35404671112746,1000.0,,-0.5697016757041126,-0.5697016757041126,-0.5697016757041126,-0.5697016757041126,-0.5640610650536004,0,highway_0,1,1122.8682224397346,1460.8682224397346,,-1019.3540467111275
49.0,llm_0,1462.6980408274726,-9.55,18.2981838773807,1000.0,,-0.5642146208422669,-0.5642146208422669,-0.5642146208422669,-0.5642146208422669,-0.5586283374675816,0,highway_0,1,1124.6980408274726,1462.6980408274726,,-1019.2981838773807
49.1,llm_0,1464.522326604655,-9.55,18.24285777182463,1000.0,,-0.5587936661163089,-0.5587936661163089,-0.5587936661163089,-0.5587936661163089,-0.5532610555606965,0,highway_0,1,1126.522326604655,1464.522326604655,,-1019.2428577718247
49.2,llm_0,1466.3411327945728,-9.55,18.188061899177793,1000.0,,-0.553438313733066,-0.553438313733066,-0.553438313733066,-0.553438313733066,-0.5479587264683872,0,highway_0,1,1128.3411327945728,1466.3411327945728,,-1019.1880618991778
49.3,llm_0,1468.1545117759763,-9.55,18.133789814034042,1000.0,,-0.5481480599518814,-0.5481480599518814,-0.5481480599518814,-0.5481480599518814,-0.5427208514375081,0,highway_0,1,1130.1545117759763,1468.1545117759763,,-1019.133789814034
49.4,llm_0,1469.962515288117,-9.55,18.08003512140693,1000.0,,-0.5429223955338282,-0.5429223955338282,-0.5429223955338282,-0.5429223955338282,-0.5375469262711263,0,highway_0,1,1131.962515288117,1469.962515288117,,-1019.0800351214069
49.5,llm_0,1471.7651944358402,-9.55,18.026791477231075,1000.0,,-0.5377608061761143,-0.5377608061761143,-0.5377608061761143,-0.5377608061761143,-0.5324364417585414,0,highway_0,1,1133.7651944358402,1471.7651944358402,,-1019.0267914772311
49.6,llm_0,1473.5625996947224,-9.55,17.97405258882197,1000.0,,-0.5326627729319696,-0.5326627729319696,-0.5326627729319696,-0.5326627729319696,-0.5273888840910601,0,highway_0,1,1135.5625996947224,1473.5625996947224,,-1018.974052588822
49.7,llm_0,1475.354780916252,-9.55,17.921812215295603,1000.0,,-0.5276277726163006,-0.5276277726163006,-0.5276277726163006,-0.5276277726163006,-0.5224037352636657,0,highway_0,1,1137.354780916252,1475.354780916252,,-1018.9218122152956
49.8,llm_0,1477.1417873330468,-9.55,17.870064167949316,1000.0,,-0.522655278197477,-0.522655278197477,-0.522655278197477,-0.522655278197477,-0.517480473462868,0,highway_0,1,1139.1417873330468,1477.1417873330468,,-1018.8700641679493
49.9,llm_0,1478.9236675641073,-9.55,17.818802310605207,1000.0,,-0.5177447591754901,-0.5177447591754901,-0.5177447591754901,-0.5177447591754901,-0.5126185734410882,0,highway_0,1,1140.9236675641073,1478.9236675641073,,-1018.8188023106052
50.0,llm_0,1480.700469620099,-9.55,17.768020559917403,1000.0,,-0.5128956819468122,-0.5128956819468122,-0.5128956819468122,-0.5128956819468122,-0.5078175068780411,0,highway_0,1,1142.700469620099,1480.700469620099,,-1018.7680205599174
50.1,llm_0,1482.4722409086635,-9.55,17.717712885644502,1000.0,,-0.5081075101562961,-0.5081075101562961,-0.5081075101562961,-0.5081075101562961,-0.5030767427290073,0,highway_0,1,1144.4722409086635,1482.4722409086635,,-1018.7177128856445
50.2,llm_0,1484.2390282397523,-9.55,17.667873310888428,1000.0,,-0.5033797050363435,-0.5033797050363435,-0.5033797050363435,-0.5033797050363435,-0.49839574756074256,0,highway_0,1,1146.2390282397523,1484.2390282397523,,-1018.6678733108885
50.3,llm_0,1486.0008778309825,-9.55,17.61849591230093,1000.0,,-0.4987117257337043,-0.4987117257337043,-0.4987117257337043,-0.4987117257337043,-0.4937739858749879,0,highway_0,1,1148.0008778309825,1486.0008778309825,,-1018.6184959123009
50.4,llm_0,1487.7578353130084,-9.55,17.569574820258932,1000.0,,-0.4941030296241939,-0.4941030296241939,-0.4941030296241939,-0.4941030296241939,-0.4892109204199713,0,highway_0,1,1149.7578353130084,1487.7578353130084,,-1018.5695748202589
50.5,llm_0,1489.5099457349095,-9.55,17.521104219009864,1000.0,,-0.4895530726155915,-0.4895530726155915,-0.4895530726155915,-0.4895530726155915,-0.48470601249068324,0,highway_0,1,1151.5099457349095,1489.5099457349095,,-1018.5211042190099
50.6,llm_0,1491.2572535695883,-9.55,17.473078346788178,1000.0,,-0.4850613094390397,-0.4850613094390397,-0.4850613094390397,-0.4850613094390397,-0.4802587222168597,0,highway_0,1,1153.2572535695883,1491.2572535695883,,-1018.4730783467882
50.7,llm_0,1492.9998027191787,-9.55,17.425491495904094,1000.0,,-0.48062719392925407,-0.48062719392925407,-0.48062719392925407,-0.48062719392925407,-0.47586850884083987,0,highway_0,1,1154.9998027191787,1492.9998027191787,,-1018.4254914959041
50.8,llm_0,1494.7376365204593,-9.55,17.3783380128057,1000.0,,-0.47625017929377755,-0.47625017929377755,-0.47625017929377755,-0.47625017929377755,-0.47153483098394844,0,highway_0,1,1156.7376365204593,1494.7376365204593,,-1018.3783380128057
50.9,llm_0,1496.4707977502708,-9.55,17.33161229811544,1000.0,,-0.47192971837160563,-0.47192971837160563,-0.47192971837160563,-0.47192971837160563,-0.46725714690257547,0,highway_0,1,1158.4707977502708,1496.4707977502708,,-1018.3316122981155
51.0,llm_0,1498.199328630935,-9.55,17.285308806642032,1000.0,,-0.4676652638814525,-0.4676652638814525,-0.4676652638814525,-0.4676652638814525,-0.4630349147340951,0,highway_0,1,1160.199328630935,1498.199328630935,,-1018.285308806642
51.1,llm_0,1499.923270835672,-9.55,17.239422047368773,1000.0,,-0.46345626865993433,-0.46345626865993433,-0.46345626865993433,-0.46345626865993433,-0.45886759273258804,0,highway_0,1,1161.923270835672,1499.923270835672,,-1018.2394220473687
51.2,llm_0,1501.642665494014,-9.55,17.193946583419276,1000.0,,-0.4593021858899399,-0.4593021858899399,-0.4593021858899399,-0.4593021858899399,-0.45475463949497197,0,highway_0,1,1163.642665494014,1501.642665494014,,-1018.1939465834192
51.3,llm_0,1503.3575531972142,-9.55,17.148877032001508,1000.0,,-0.45520246931946284,-0.45520246931946284,-0.45520246931946284,-0.45520246931946284,-0.4506955141776814,0,highway_0,1,1165.3575531972142,1503.3575531972142,,-1018.1488770320016
51.4,llm_0,1505.0679740036474,-9.55,17.104208064331097,1000.0,,-0.45115657347115895,-0.45115657347115895,-0.45115657347115895,-0.45115657347115895,-0.44668967670411064,0,highway_0,1,1167.0679740036474,1505.0679740036474,,-1018.1042080643311
51.5,llm_0,1506.773967444201,-9.55,17.059934405534772,1000.0,,-0.44716395384287594,-0.44716395384287594,-0.44716395384287594,-0.44716395384287594,-0.4427365879632461,0,highway_0,1,1168.773967444201,1506.773967444201,,-1018.0599344055348
51.6,llm_0,1508.4755725276543,-9.55,17.016050834534827,1000.0,,-0.44322406709946677,-0.44322406709946677,-0.44322406709946677,-0.44322406709946677,-0.4388357099994522,0,highway_0,1,1170.4755725276543,1508.4755725276543,,-1018.0160508345348
51.7,llm_0,1510.1728277460459,-9.55,16.972552183915415,1000.0,,-0.4393363712560528,-0.4393363712560528,-0.4393363712560528,-0.4393363712560528,-0.4349865061941216,0,highway_0,1,1172.1728277460459,1510.1728277460459,,-1017.9725521839155
51.8,llm_0,1511.865771080023,-9.55,16.92943333977155,1000.0,,-0.4355003258530581,-0.4355003258530581,-0.4355003258530581,-0.4355003258530581,-0.43118844143865687,0,highway_0,1,1173.865771080023,1511.865771080023,,-1017.9294333397715
51.9,llm_0,1513.5544400041772,-9.55,16.886689241541525,1000.0,,-0.43171539212324145,-0.43171539212324145,-0.43171539212324145,-0.43171539212324145,-0.4274409823002401,0,highway_0,1,1175.5544400041772,1513.5544400041772,,-1017.8866892415415
52.0,llm_0,1515.2388714923595,-9.55,16.84431488182361,1000.0,,-0.42798103315092345,-0.42798103315092345,-0.42798103315092345,-0.42798103315092345,-0.423743597179147,0,highway_0,1,1177.2388714923595,1515.2388714923595,,-1017.8443148818236
52.1,llm_0,1516.9191020229773,-9.55,16.8023053061777,1000.0,,-0.4242967140237219,-0.4242967140237219,-0.4242967140237219,-0.4242967140237219,-0.4200957564590979,0,highway_0,1,1178.9191020229773,1516.9191020229773,,-1017.8023053061777
52.2,llm_0,1518.5951675842687,-9.55,16.760655612912654,1000.0,,-0.42066190197697917,-0.42066190197697917,-0.42066190197697917,-0.42066190197697917,-0.4164969326504675,0,highway_0,1,1180.5951675842687,1518.5951675842687,,-1017.7606556129126
52.3,llm_0,1520.2671036795546,-9.55,16.719360952860075,1000.0,,-0.41707606653104184,-0.41707606653104184,-0.41707606653104184,-0.41707606653104184,-0.41294660052578536,0,highway_0,1,1182.2671036795546,1520.2671036795546,,-1017.71936095286
52.4,llm_0,1521.934945332468,-9.55,16.678416529135145,1000.0,,-0.4135386796217936,-0.4135386796217936,-0.4135386796217936,-0.4135386796217936,-0.40944423724930346,0,highway_0,1,1183.934945332468,1521.934945332468,,-1017.6784165291351
52.5,llm_0,1523.5987270921567,-9.55,16.637817596885196,1000.0,,-0.4100492157244674,-0.4100492157244674,-0.4100492157244674,-0.4100492157244674,-0.4059893224994937,0,highway_0,1,1185.5987270921567,1523.5987270921567,,-1017.6378175968852
52.6,llm_0,1525.2584830384594,-9.55,16.597559463026673,1000.0,,-0.40660715197106423,-0.40660715197106423,-0.40660715197106423,-0.40660715197106423,-0.4025813385852217,0,highway_0,1,1187.2584830384594,1525.2584830384594,,-1017.5975594630266
52.7,llm_0,1526.9142467870565,-9.55,16.557637485971075,1000.0,,-0.403211968261543,-0.403211968261543,-0.403211968261543,-0.403211968261543,-0.39921977055598745,0,highway_0,1,1188.9142467870565,1526.9142467870565,,-1017.5576374859711
52.8,llm_0,1528.5660514945905,-9.55,16.51804707534048,1000.0,,-0.3998631473689999,-0.3998631473689999,-0.3998631473689999,-0.3998631473689999,-0.39590410630594874,0,highway_0,1,1190.5660514945905,1528.5660514945905,,-1017.5180470753405
52.9,llm_0,1530.2139298637578,-9.55,16.47878369167325,1000.0,,-0.3965601750390213,-0.3965601750390213,-0.3965601750390213,-0.3965601750390213,-0.3926338366722959,0,highway_0,1,1192.2139298637578,1530.2139298637578,,-1017.4787836916732
53.0,llm_0,1531.85791414837,-9.55,16.439842846120435,1000.0,,-0.3933025400834337,-0.3933025400834337,-0.3933025400834337,-0.3933025400834337,-0.3894084555281552,0,highway_0,1,1193.85791414837,1531.85791414837,,-1017.4398428461204
53.1,llm_0,1533.4980361583832,-9.55,16.401220100133447,1000.0,,-0.3900897344685792,-0.3900897344685792,-0.3900897344685792,-0.3900897344685792,-0.38622745986987894,0,highway_0,1,1195.4980361583832,1533.4980361583832,,-1017.4012201001334
53.2,llm_0,1535.1343272648976,-9.55,16.362911065143507,1000.0,,-0.38692125339839034,-0.38692125339839034,-0.38692125339839034,-0.38692125339839034,-0.3830903498993976,0,highway_0,1,1197.1343272648976,1535.1343272648976,,-1017.3629110651435
53.3,llm_0,1536.7668184051208,-9.55,16.324911402233372,1000.0,,-0.383796595392364,-0.383796595392364,-0.383796595392364,-0.383796595392364,-0.379996629101349,0,highway_0,1,1198.7668184051208,1536.7668184051208,,-1017.3249114022334
53.4,llm_0,1538.395540087301,-9.55,16.28721682180182,1000.0,,-0.38071526235866154,-0.38071526235866154,-0.38071526235866154,-0.38071526235866154,-0.3769458043155183,0,highway_0,1,1200.395540087301,1538.395540087301,,-1017.2872168218018
53.5,llm_0,1540.0205223956232,-9.55,16.24982308322138,1000.0,,-0.37767675966245795,-0.37767675966245795,-0.37767675966245795,-0.37767675966245795,-0.3739373858044104,0,highway_0,1,1202.0205223956232,1540.0205223956232,,-1017.2498230832214
53.6,llm_0,1541.6417949950721,-9.55,16.21272599448972,1000.0,,-0.37468059618978033,-0.37468059618978033,-0.37468059618978033,-0.37468059618978033,-0.3709708873165951,0,highway_0,1,1203.6417949950721,1541.6417949950721,,-1017.2127259944897
53.7,llm_0,1543.2593871362596,-9.55,16.175921411875173,1000.0,,-0.37172628440691685,-0.37172628440691685,-0.37172628440691685,-0.37172628440691685,-0.3680458261454689,0,highway_0,1,1205.2593871362596,1543.2593871362596,,-1017.1759214118752
53.8,llm_0,1544.8733276602154,-9.55,16.139405239556794,1000.0,,-0.3688133404156194,-0.3688133404156194,-0.3688133404156194,-0.3688133404156194,-0.3651617231837889,0,highway_0,1,1206.8733276602154,1544.8733276602154,,-1017.1394052395568
53.9,llm_0,1546.4836450031414,-9.55,16.10317342925935,1000.0,,-0.3659412840042182,-0.3659412840042182,-0.3659412840042182,-0.3659412840042182,-0.36231810297444156,0,highway_0,1,1208.4836450031414,1546.4836450031414,,-1017.1031734292593
54.0,llm_0,1548.0903672011298,-9.55,16.067221979883623,1000.0,,-0.3631096386948064,-0.3631096386948064,-0.3631096386948064,-0.3631096386948064,-0.35951449375726696,0,highway_0,1,1210.0903672011298,1548.0903672011298,,-1017.0672219798836
54.1,llm_0,1549.6935218948431,-9.55,16.031546937132468,1000.0,,-0.3603179317866403,-0.3603179317866403,-0.3603179317866403,-0.3603179317866403,-0.3567504275115496,0,highway_0,1,1211.6935218948431,1549.6935218948431,,-1017.0315469371325
54.2,llm_0,1551.2931363341563,-9.55,15.996144393132871,1000.0,,-0.35756569439592756,-0.35756569439592756,-0.35756569439592756,-0.35756569439592756,-0.3540254399959686,0,highway_0,1,1213.2931363341563,1551.2931363341563,,-1016.9961443931329
54.3,llm_0,1552.8892373827618,-9.55,15.961010486054446,1000.0,,-0.35485246149208893,-0.35485246149208893,-0.35485246149208893,-0.35485246149208893,-0.351339070784249,0,highway_0,1,1214.8892373827618,1552.8892373827618,,-1016.9610104860544
54.4,llm_0,1554.4818515227344,-9.55,15.92614139972468,1000.0,,-0.35217777193065347,-0.35217777193065347,-0.35217777193065347,-0.35217777193065347,-0.3486908632976693,0,highway_0,1,1216.4818515227344,1554.4818515227344,,-1016.9261413997247
54.5,llm_0,1556.0710048590586,-9.55,15.891533363241221,1000.0,,-0.349541168482928,-0.349541168482928,-0.349541168482928,-0.349541168482928,-0.3460803648345845,0,highway_0,1,1218.0710048590586,1556.0710048590586,,-1016.8915333632413
54.6,llm_0,1557.6567231241168,-9.55,15.85718265058156,1000.0,,-0.34694219786256625,-0.34694219786256625,-0.34694219786256625,-0.34694219786256625,-0.3435071265966094,0,highway_0,1,1219.6567231241168,1557.6567231241168,,-1016.8571826505815
54.7,llm_0,1559.2390316821377,-9.55,15.823085580210359,1000.0,,-0.34438041074914144,-0.34438041074914144,-0.34438041074914144,-0.34438041074914144,-0.34097070371201355,0,highway_0,1,1221.2390316821377,1559.2390316821377,,-1016.8230855802103
54.8,llm_0,1560.8179555336062,-9.55,15.78923851468473,1000.0,,-0.34185536180885284,-0.34185536180885284,-0.34185536180885284,-0.34185536180885284,-0.33847065525629105,0,highway_0,1,1222.8179555336062,1560.8179555336062,,-1016.7892385146847
54.9,llm_0,1562.3935193196319,-9.55,15.75563786025775,1000.0,,-0.3393666097125033,-0.3393666097125033,-0.3393666097125033,-0.3393666097125033,-0.33600654426980014,0,highway_0,1,1224.3935193196319,1562.3935193196319,,-1016.7556378602577
55.0,llm_0,1563.9657473262798,-9.55,15.722280066480444,1000.0,,-0.33691371715079294,-0.33691371715079294,-0.33691371715079294,-0.33691371715079294,-0.33357793777305744,0,highway_0,1,1225.9657473262798,1563.9657473262798,,-1016.7222800664805
55.1,llm_0,1565.5346634888601,-9.55,15.689161625802507,1000.0,,-0.33449625084715395,-0.33449625084715395,-0.33449625084715395,-0.33449625084715395,-0.3311844067793679,0,highway_0,1,1227.5346634888601,1565.5346634888601,,-1016.6891616258025
55.2,llm_0,1567.1002913961772,-9.55,15.656279073172001,1000.0,,-0.33211378156809956,-0.33211378156809956,-0.33211378156809956,-0.33211378156809956,-0.32882552630505657,0,highway_0,1,1229.1002913961772,1567.1002913961772,,-1016.656279073172
55.3,llm_0,1568.6626542947406,-9.55,15.62362898563425,1000.0,,-0.3297658841312905,-0.3297658841312905,-0.3297658841312905,-0.3297658841312905,-0.3265008753775156,0,highway_0,1,1230.6626542947406,1568.6626542947406,,-1016.6236289856342
55.4,llm_0,1570.2217750929335,-9.55,15.591207981930152,1000.0,,-0.32745213741138024,-0.32745213741138024,-0.32745213741138024,-0.32745213741138024,-0.3242100370409773,0,highway_0,1,1232.2217750929335,1570.2217750929335,,-1016.5912079819301
55.5,llm_0,1571.777676365143,-9.55,15.55901272209414,1000.0,,-0.3251721243437191,-0.3251721243437191,-0.3251721243437191,-0.3251721243437191,-0.32195259836012013,0,highway_0,1,1233.777676365143,1571.777676365143,,-1016.5590127220942
55.6,llm_0,1573.330380355848,-9.55,15.527039907051956,1000.0,,-0.3229254319260518,-0.3229254319260518,-0.3229254319260518,-0.3229254319260518,-0.3197281504218452,0,highway_0,1,1235.330380355848,1573.330380355848,,-1016.527039907052
55.7,llm_0,1574.87990898367,-9.55,15.495286278218467,1000.0,,-0.32071165121824485,-0.32071165121824485,-0.32071165121824485,-0.32071165121824485,-0.31753628833488534,0,highway_0,1,1236.87990898367,1574.87990898367,,-1016.4952862782185
55.8,llm_0,1576.4262838453797,-9.55,15.463748617095675,1000.0,,-0.31853037734020073,-0.31853037734020073,-0.31853037734020073,-0.31853037734020073,-0.31537661122792215,0,highway_0,1,1238.4262838453797,1576.4262838453797,,-1016.4637486170957
55.9,llm_0,1577.9695262198668,-9.55,15.432423744871123,1000.0,,-0.3163812094679683,-0.3163812094679683,-0.3163812094679683,-0.3163812094679683,-0.31324872224551825,0,highway_0,1,1239.9695262198668,1577.9695262198668,,-1016.4324237448711
56.0,llm_0,1579.5096570720684,-9.55,15.401308522016848,1000.0,,-0.3142637508281803,-0.3142637508281803,-0.3142637508281803,-0.3142637508281803,-0.3111522285427526,0,highway_0,1,1241.5096570720684,1579.5096570720684,,-1016.4013085220168
56.1,llm_0,1581.0466970568573,-9.55,15.370399847889036,1000.0,,-0.31217760869090305,-0.31217760869090305,-0.31217760869090305,-0.31217760869090305,-0.3090867412781151,0,highway_0,1,1243.0466970568573,1581.0466970568573,,-1016.3703998478891
56.2,llm_0,1582.5806665228902,-9.55,15.33969466032855,1000.0,,-0.31012239436091565,-0.31012239436091565,-0.31012239436091565,-0.31012239436091565,-0.3070518756048557,0,highway_0,1,1244.5806665228902,1582.5806665228902,,-1016.3396946603285
56.3,llm_0,1584.1115855164164,-9.55,15.309189935262454,1000.0,,-0.30809772316757106,-0.30809772316757106,-0.30809772316757106,-0.30809772316757106,-0.30504725066096583,0,highway_0,1,1246.1115855164164,1584.1115855164164,,-1016.3091899352625
56.4,llm_0,1585.6394737850471,-9.55,15.278882686306689,1000.0,,-0.30610321445323296,-0.30610321445323296,-0.30610321445323296,-0.30610321445323296,-0.30307248955764976,0,highway_0,1,1247.6394737850471,1585.6394737850471,,-1016.2788826863067
56.5,llm_0,1587.1643507814842,-9.55,15.24876996437001,1000.0,,-0.30413849156044326,-0.30413849156044326,-0.30413849156044326,-0.30413849156044326,-0.30112721936678355,0,highway_0,1,1249.1643507814842,1587.1643507814842,,-1016.24876996437
56.6,llm_0,1588.6862356672102,-9.55,15.21884885725934,1000.0,,-0.30220318181778383,-0.30220318181778383,-0.30220318181778383,-0.30220318181778383,-0.2992110711067042,0,highway_0,1,1250.6862356672102,1588.6862356672102,,-1016.2188488572593
56.7,llm_0,1590.205147316139,-9.55,15.189116489286608,1000.0,,-0.3002969165246091,-0.3002969165246091,-0.3002969165246091,-0.3002969165246091,-0.29732367972732376,0,highway_0,1,1252.205147316139,1590.205147316139,,-1016.1891164892866
56.8,llm_0,1591.7211043182267,-9.55,15.159570020877242,1000.0,,-0.2984193309346005,-0.2984193309346005,-0.2984193309346005,-0.2984193309346005,-0.29546468409366256,0,highway_0,1,1253.7211043182267,1591.7211043182267,,-1016.1595700208773
56.9,llm_0,1593.2341249830447,-9.55,15.130206648180382,1000.0,,-0.2965700642382906,-0.2965700642382906,-0.2965700642382906,-0.2965700642382906,-0.2936337269686007,0,highway_0,1,1255.2341249830447,1593.2341249830447,,-1016.1302066481804
57.0,llm_0,1594.7442273433128,-9.55,15.101023602680918,1000.0,,-0.29474875954457835,-0.29474875954457835,-0.29474875954457835,-0.29474875954457835,-0.2918304549946349,0,highway_0,1,1256.7442273433128,1594.7442273433128,,-1016.1010236026809
57.1,llm_0,1596.251429158394,-9.55,15.072018150813467,1000.0,,-0.29295506386126086,-0.29295506386126086,-0.29295506386126086,-0.29295506386126086,-0.29005451867451626,0,highway_0,1,1258.251429158394,1596.251429158394,,-1016.0720181508135
57.2,llm_0,1597.755747917752,-9.55,15.043187593578345,1000.0,,-0.291188628074718,-0.291188628074718,-0.291188628074718,-0.291188628074718,-0.2883055723512129,0,highway_0,1,1259.755747917752,1597.755747917752,,-1016.0431875935783
57.3,llm_0,1599.2572008443678,-9.55,15.014529266159663,1000.0,,-0.2894491069286971,-0.2894491069286971,-0.2894491069286971,-0.2894491069286971,-0.2865832741868246,0,highway_0,1,1261.2572008443678,1599.2572008443678,,-1016.0145292661597
57.4,llm_0,1600.7558048981225,-9.55,14.98604053754557,1000.0,,-0.28773615900233707,-0.28773615900233707,-0.28773615900233707,-0.28773615900233707,-0.28488728614092906,0,highway_0,1,1262.7558048981225,1600.7558048981225,,-1015.9860405375456
57.5,llm_0,1602.2515767791376,-9.55,14.957718810150775,1000.0,,-0.2860494466874253,-0.2860494466874253,-0.2860494466874253,-0.2860494466874253,-0.28321727394795104,0,highway_0,1,1264.2515767791376,1602.2515767791376,,-1015.9577188101508
57.6,llm_0,1603.7445329310817,-9.55,14.929561519441371,1000.0,,-0.2843886361649607,-0.2843886361649607,-0.2843886361649607,-0.2843886361649607,-0.28157290709403426,0,highway_0,1,1265.7445329310817,1603.7445329310817,,-1015.9295615194413
57.7,llm_0,1605.234689544438,-9.55,14.90156613356206,1000.0,,-0.28275339738105376,-0.28275339738105376,-0.28275339738105376,-0.28275339738105376,-0.27995385879311385,0,highway_0,1,1267.234689544438,1605.234689544438,,-1015.901566133562
57.8,llm_0,1606.7220625597345,-9.55,14.873730152965802,1000.0,,-0.2811434040222056,-0.2811434040222056,-0.2811434040222056,-0.2811434040222056,-0.27835980596258025,0,highway_0,1,1268.7220625597345,1606.7220625597345,,-1015.8737301529658
57.9,llm_0,1608.206667670739,-9.55,14.846051110045998,1000.0,,-0.27955833349000175,-0.27955833349000175,-0.27955833349000175,-0.27955833349000175,-0.2767904291980372,0,highway_0,1,1270.206667670739,1608.206667670739,,-1015.846051110046
58.0,llm_0,1609.6885203276163,-9.55,14.818526568771215,1000.0,,-0.2779978668753048,-0.2779978668753048,-0.2779978668753048,-0.2779978668753048,-0.27524541274782877,0,highway_0,1,1271.6885203276163,1609.6885203276163,,-1015.8185265687712
58.1,llm_0,1611.1676357400486,-9.55,14.79115412432251,1000.0,,-0.27646168893190953,-0.27646168893190953,-0.27646168893190953,-0.27646168893190953,-0.27372444448705124,0,highway_0,1,1273.1676357400486,1611.1676357400486,,-1015.7911541243225
58.2,llm_0,1612.644028880322,-9.55,14.763931402733427,1000.0,,-0.2749494880497517,-0.2749494880497517,-0.2749494880497517,-0.2749494880497517,-0.27222721589083676,0,highway_0,1,1274.644028880322,1612.644028880322,,-1015.7639314027334
58.3,llm_0,1614.1177144863752,-9.55,14.736856060532665,1000.0,,-0.27346095622769795,-0.27346095622769795,-0.27346095622769795,-0.27346095622769795,-0.2707534220076191,0,highway_0,1,1276.1177144863752,1614.1177144863752,,-1015.7368560605327
58.4,llm_0,1615.5887070648141,-9.55,14.709925784389505,1000.0,,-0.27199578904590954,-0.27199578904590954,-0.27199578904590954,-0.27199578904590954,-0.26930276143160015,0,highway_0,1,1277.5887070648141,1615.5887070648141,,-1015.7099257843895
58.5,llm_0,1617.0570208938902,-9.55,14.68313829076199,1000.0,,-0.27055368563789095,-0.27055368563789095,-0.27055368563789095,-0.27055368563789095,-0.26787493627514536,0,highway_0,1,1279.0570208938902,1617.0570208938902,,-1015.683138290762
58.6,llm_0,1618.522670026445,-9.55,14.656491325547915,1000.0,,-0.2691343486621649,-0.2691343486621649,-0.2691343486621649,-0.2691343486621649,-0.2664696521407528,0,highway_0,1,1280.522670026445,1618.522670026445,,-1015.6564913255479
58.7,llm_0,1619.985668292819,-9.55,14.629982663738641,1000.0,,-0.2677374842736634,-0.2677374842736634,-0.2677374842736634,-0.2677374842736634,-0.26508661809273804,0,highway_0,1,1281.985668292819,1619.985668292819,,-1015.6299826637386
58.8,llm_0,1621.4460293037264,-9.55,14.603610109075786,1000.0,,-0.26636280209484253,-0.26636280209484253,-0.26636280209484253,-0.26636280209484253,-0.26372554662854597,0,highway_0,1,1283.4460293037264,1621.4460293037264,,-1015.6036101090758
58.9,llm_0,1622.9037664530974,-9.55,14.57737149371078,1000.0,,-0.26501001518656775,-0.26501001518656775,-0.26501001518656775,-0.26501001518656775,-0.2623861536500627,0,highway_0,1,1284.9037664530974,1622.9037664530974,,-1015.5773714937108
59.0,llm_0,1624.3588929208843,-9.55,14.55126467786734,1000.0,,-0.26367884001873576,-0.26367884001873576,-0.26367884001873576,-0.26367884001873576,-0.26106815843439435,0,highway_0,1,1286.3588929208843,1624.3588929208843,,-1015.5512646778674
59.1,llm_0,1625.811421675835,-9.55,14.52528754950687,1000.0,,-0.26236899644074496,-0.26236899644074496,-0.26236899644074496,-0.26236899644074496,-0.2597712836046995,0,highway_0,1,1287.811421675835,1625.811421675835,,-1015.5252875495069
59.2,llm_0,1627.2613654782347,-9.55,14.499438023996793,1000.0,,-0.2610802076517815,-0.2610802076517815,-0.2610802076517815,-0.2610802076517815,-0.2584952551007724,0,highway_0,1,1289.2613654782347,1627.2613654782347,,-1015.4994380239968
59.3,llm_0,1628.7087368826128,-9.55,14.47371404378185,1000.0,,-0.2598122001709255,-0.2598122001709255,-0.2598122001709255,-0.2598122001709255,-0.25723980214943154,0,highway_0,1,1290.7087368826128,1628.7087368826128,,-1015.4737140437818
59.4,llm_0,1630.1535482404186,-9.55,14.448113578058367,1000.0,,-0.2585647038071832,-0.2585647038071832,-0.2585647038071832,-0.2585647038071832,-0.25600465723483623,0,highway_0,1,1292.1535482404186,1630.1535482404186,,-1015.4481135780584
59.5,llm_0,1631.5958117026637,-9.55,14.422634622451499,1000.0,,-0.25733745162937016,-0.25733745162937016,-0.25733745162937016,-0.25733745162937016,-0.2547895560686797,0,highway_0,1,1293.5958117026637,1631.5958117026637,,-1015.4226346224515
59.6,llm_0,1633.0355392225333,-9.55,14.397275198695466,1000.0,,-0.2561301799359207,-0.2561301799359207,-0.2561301799359207,-0.2561301799359207,-0.2535942375603284,0,highway_0,1,1295.0355392225333,1633.0355392225333,,-1015.3972751986954
59.7,llm_0,1634.472742557965,-9.55,14.37203335431679,1000.0,,-0.25494262822462743,-0.25494262822462743,-0.25494262822462743,-0.25494262822462743,-0.25241844378676603,0,highway_0,1,1296.472742557965,1634.472742557965,,-1015.3720333543168
59.8,llm_0,1635.907433274197,-9.55,14.346907162320518,1000.0,,-0.25377453916234505,-0.25377453916234505,-0.25377453916234505,-0.25377453916234505,-0.2512619199627153,0,highway_0,1,1297.907433274197,1635.907433274197,,-1015.3469071623205
59.9,llm_0,1637.339622746285,-9.55,14.321894720879463,1000.0,,-0.25262565855464597,-0.25262565855464597,-0.25262565855464597,-0.25262565855464597,-0.25012441441054634,0,highway_0,1,1299.339622746285,1637.339622746285,,-1015.3218947208794
60.0,llm_0,1638.7693221615875,-9.55,14.296994153026448,1000.0,,-0.25149573531544944,-0.25149573531544944,-0.25149573531544944,-0.25149573531544944,-0.24900567853014977,0,highway_0,1,1300.7693221615875,1638.7693221615875,,-1015.2969941530265
60.1,llm_0,1640.1965425222224,-9.55,14.272203606349548,1000.0,,-0.25038452143669004,-0.25038452143669004,-0.25038452143669004,-0.25038452143669004,-0.24790546676900505,0,highway_0,1,1302.1965425222224,1640.1965425222224,,-1015.2722036063495
60.2,llm_0,1641.6212946474914,-9.55,14.247521252690346,1000.0,,-0.24929177195795063,-0.24929177195795063,-0.24929177195795063,-0.24929177195795063,-0.24682353659201794,0,highway_0,1,1303.6212946474914,1641.6212946474914,,-1015.2475212526904
60.3,llm_0,1643.0435891762759,-9.55,14.222945287845182,1000.0,,-0.2482172449361614,-0.2482172449361614,-0.2482172449361614,-0.2482172449361614,-0.24575964845164222,0,highway_0,1,1305.0435891762759,1643.0435891762759,,-1015.2229452878452
60.4,llm_0,1644.4634365694028,-9.55,14.198473931269406,1000.0,,-0.24716070141532892,-0.24716070141532892,-0.24716070141532892,-0.24716070141532892,-0.2447135657577526,0,highway_0,1,1306.4634365694028,1644.4634365694028,,-1015.1984739312694
60.5,llm_0,1645.8808471119812,-9.55,14.174105425784624,1000.0,,-0.24612190539630122,-0.24612190539630122,-0.24612190539630122,-0.24612190539630122,-0.24368505484781977,0,highway_0,1,1307.8808471119812,1645.8808471119812,,-1015.1741054257847
60.6,llm_0,1647.2958309157102,-9.55,14.149838037288918,1000.0,,-0.24510062380664174,-0.24510062380664174,-0.24510062380664174,-0.24510062380664174,-0.24267388495706754,0,highway_0,1,1309.2958309157102,1647.2958309157102,,-1015.1498380372889
60.7,llm_0,1648.7083979211573,-9.55,14.125670054470053,1000.0,,-0.24409662647054245,-0.24409662647054245,-0.24409662647054245,-0.24409662647054245,-0.24167982818864786,0,highway_0,1,1310.7083979211573,1648.7083979211573,,-1015.1256700544701
60.8,llm_0,1650.1185579000094,-9.55,14.101599788521654,1000.0,,-0.24310968607883948,-0.24310968607883948,-0.24310968607883948,-0.24310968607883948,-0.2407026594839934,0,highway_0,1,1312.1185579000094,1650.1185579000094,,-1015.1015997885216
60.9,llm_0,1651.5263204572957,-9.55,14.077625572862331,1000.0,,-0.24213957815914314,-0.24213957815914314,-0.24213957815914314,-0.24213957815914314,-0.2397421565932234,0,highway_0,1,1313.5263204572957,1651.5263204572957,,-1015.0776255728623
61.0,llm_0,1652.9316950335815,-9.55,14.053745762857773,1000.0,,-0.2411860810460508,-0.2411860810460508,-0.2411860810460508,-0.2411860810460508,-0.23879810004558522,0,highway_0,1,1314.9316950335815,1652.9316950335815,,-1015.0537457628577
61.1,llm_0,1654.334690907136,-9.55,14.029958735545742,1000.0,,-0.2402489758514976,-0.2402489758514976,-0.2402489758514976,-0.2402489758514976,-0.23787027312030418,0,highway_0,1,1316.334690907136,1654.334690907136,,-1015.0299587355457
61.2,llm_0,1655.7353171960724,-9.55,14.006262889364036,1000.0,,-0.2393280464352366,-0.2393280464352366,-0.2393280464352366,-0.2393280464352366,-0.2369584618170606,0,highway_0,1,1317.7353171960724,1655.7353171960724,,-1015.006262889364
61.3,llm_0,1657.1335828604606,-9.55,13.982656643881318,1000.0,,-0.23842307937543605,-0.23842307937543605,-0.23842307937543605,-0.23842307937543605,-0.23606245482717725,0,highway_0,1,1319.1335828604606,1657.1335828604606,,-1014.9826566438813
61.4,llm_0,1658.5294967044138,-9.55,13.959138439530879,1000.0,,-0.2375338639394358,-0.2375338639394358,-0.2375338639394358,-0.2375338639394358,-0.2351820435043983,0,highway_0,1,1320.5294967044138,1658.5294967044138,,-1014.9591384395309
61.5,llm_0,1659.9230673781485,-9.55,13.93570673734725,1000.0,,-0.23666019205465985,-0.23666019205465985,-0.23666019205465985,-0.23666019205465985,-0.23431702183629,0,highway_0,1,1321.9230673781485,1659.9230673781485,,-1014.9357067373472
61.6,llm_0,1661.314303380019,-9.55,13.912360018705698,1000.0,,-0.23580185827966438,-0.23580185827966438,-0.23580185827966438,-0.23580185827966438,-0.2334671864155169,0,highway_0,1,1323.314303380019,1661.314303380019,,-1014.9123600187057
61.7,llm_0,1662.7032130585255,-9.55,13.889096785064572,1000.0,,-0.23495865977537445,-0.23495865977537445,-0.23495865977537445,-0.23495865977537445,-0.23263233641126035,0,highway_0,1,1324.7032130585255,1662.7032130585255,,-1014.8890967850646
61.8,llm_0,1664.0898046142966,-9.55,13.865915557710464,1000.0,,-0.2341303962764773,-0.2341303962764773,-0.2341303962764773,-0.2341303962764773,-0.23181227354108103,0,highway_0,1,1326.0898046142966,1664.0898046142966,,-1014.8659155577104
61.9,llm_0,1665.474086102047,-9.55,13.842814877506207,1000.0,,-0.2333168700629896,-0.2333168700629896,-0.2333168700629896,-0.2333168700629896,-0.23100680204256818,0,highway_0,1,1327.474086102047,1665.474086102047,,-1014.8428148775062
62.0,llm_0,1666.8560654325113,-9.55,13.819793304641651,1000.0,,-0.23251788593202286,-0.23251788593202286,-0.23251788593202286,-0.23251788593202286,-0.2302157286455575,0,highway_0,1,1328.8560654325113,1666.8560654325113,,-1014.8197933046416
62.1,llm_0,1668.2357503743501,-9.55,13.796849418387223,1000.0,,-0.23173325116971638,-0.23173325116971638,-0.23173325116971638,-0.23173325116971638,-0.2294388625442778,0,highway_0,1,1330.2357503743501,1668.2357503743501,,-1014.7968494183872
62.2,llm_0,1669.6131485560352,-9.55,13.773981816850258,1000.0,,-0.23096277552335964,-0.23096277552335964,-0.23096277552335964,-0.23096277552335964,-0.22867601536965765,0,highway_0,1,1331.6131485560352,1669.6131485560352,,-1014.7739818168502
62.3,llm_0,1670.9882674677085,-9.55,13.751189116734047,1000.0,,-0.2302062711737452,-0.2302062711737452,-0.2302062711737452,-0.2302062711737452,-0.2279270011621115,0,highway_0,1,1332.9882674677085,1670.9882674677085,,-1014.751189116734
62.4,llm_0,1672.3611144630186,-9.55,13.728469953099625,1000.0,,-0.2294635527076689,-0.2294635527076689,-0.2294635527076689,-0.2294635527076689,-0.22719163634421946,0,highway_0,1,1334.3611144630186,1672.3611144630186,,-1014.7284699530996
62.5,llm_0,1673.7316967609315,-9.55,13.70582297913025,1000.0,,-0.22873443709067495,-0.22873443709067495,-0.22873443709067495,-0.22873443709067495,-0.2264697396937443,0,highway_0,1,1335.7316967609315,1673.7316967609315,,-1014.7058229791303
62.6,llm_0,1675.1000214475214,-9.55,13.68324686589857,1000.0,,-0.228018743639981,-0.228018743639981,-0.228018743639981,-0.228018743639981,-0.2257611323168085,0,highway_0,1,1337.1000214475214,1675.1000214475214,,-1014.6832468658986
62.7,llm_0,1676.466095477735,-9.55,13.660740302136427,1000.0,,-0.22731629399763822,-0.22731629399763822,-0.22731629399763822,-0.22731629399763822,-0.22506563762142662,0,highway_0,1,1338.466095477735,1676.466095477735,,-1014.6607403021364
62.8,llm_0,1677.8299256771359,-9.55,13.63830199400733,1000.0,,-0.2266269121038737,-0.2266269121038737,-0.2266269121038737,-0.2266269121038737,-0.2243830812909664,0,highway_0,1,1339.8299256771359,1677.8299256771359,,-1014.6383019940073
62.9,llm_0,1679.191518743624,-9.55,13.615930664881521,1000.0,,-0.22595042417066705,-0.22595042417066705,-0.22595042417066705,-0.22595042417066705,-0.2237132912580897,0,highway_0,1,1341.191518743624,1679.191518743624,,-1014.6159306648815
63.0,llm_0,1680.5508812491355,-9.55,13.593625055113646,1000.0,,-0.2252866586555358,-0.2252866586555358,-0.2252866586555358,-0.2252866586555358,-0.22305609767874657,0,highway_0,1,1342.5508812491355,1680.5508812491355,,-1014.5936250551136
63.1,llm_0,1681.9080196413179,-9.55,13.571383921822997,1000.0,,-0.22463544623555892,-0.22463544623555892,-0.22463544623555892,-0.22463544623555892,-0.22241133290648918,0,highway_0,1,1343.9080196413179,1681.9080196413179,,-1014.571383921823
63.2,llm_0,1683.2629402451855,-9.55,13.549206038676305,1000.0,,-0.22399661978160149,-0.22399661978160149,-0.22399661978160149,-0.22399661978160149,-0.22177883146692778,0,highway_0,1,1345.2629402451855,1683.2629402451855,,-1014.5492060386763
63.3,llm_0,1684.6156492647528,-9.55,13.527090195673061,1000.0,,-0.22337001433274692,-0.22337001433274692,-0.22337001433274692,-0.22337001433274692,-0.2211584300324354,0,highway_0,1,1346.6156492647528,1684.6156492647528,,-1014.527090195673
63.4,llm_0,1685.9661527846463,-9.55,13.505035198933356,1000.0,,-0.22275546707101238,-0.22275546707101238,-0.22275546707101238,-0.22275546707101238,-0.2205499673970479,0,highway_0,1,1347.9661527846463,1685.9661527846463,,-1014.5050351989333
63.5,llm_0,1687.3144567716952,-9.55,13.483039870488186,1000.0,,-0.22215281729622743,-0.22215281729622743,-0.22215281729622743,-0.22215281729622743,-0.2199532844517016,0,highway_0,1,1349.3144567716952,1687.3144567716952,,-1014.4830398704881
63.6,llm_0,1688.6605670765025,-9.55,13.46110304807223,1000.0,,-0.2215619064011656,-0.2215619064011656,-0.2215619064011656,-0.2215619064011656,-0.2193682241595596,0,highway_0,1,1350.6605670765025,1688.6605670765025,,-1014.4611030480722
63.7,llm_0,1690.0044894349944,-9.55,13.439223584919072,1000.0,,-0.22098257784691339,-0.22098257784691339,-0.22098257784691339,-0.22098257784691339,-0.21879463153158696,0,highway_0,1,1352.0044894349944,1690.0044894349944,,-1014.4392235849191
63.8,llm_0,1691.3462294699502,-9.55,13.41740034955883,1000.0,,-0.22041467713844787,-0.22041467713844787,-0.22041467713844787,-0.22041467713844787,-0.21823235360241,0,highway_0,1,1353.3462294699502,1691.3462294699502,,-1014.4174003495589
63.9,llm_0,1692.685792692512,-9.55,13.395632225618192,1000.0,,-0.21985805180045903,-0.21985805180045903,-0.21985805180045903,-0.21985805180045903,-0.21768123940638873,0,highway_0,1,1354.685792692512,1692.685792692512,,-1014.3956322256182
64.0,llm_0,1694.0231845036742,-9.55,13.373918111622807,1000.0,,-0.21931255135339847,-0.21931255135339847,-0.21931255135339847,-0.21931255135339847,-0.2171411399538492,0,highway_0,1,1356.0231845036742,1694.0231845036742,,-1014.3739181116229
64.1,llm_0,1695.3584101957545,-9.55,13.35225692080204,1000.0,,-0.2187780272897455,-0.2187780272897455,-0.2187780272897455,-0.2187780272897455,-0.21661190820767118,0,highway_0,1,1357.3584101957545,1695.3584101957545,,-1014.352256920802
64.2,llm_0,1696.6914749538441,-9.55,13.330647580896047,1000.0,,-0.21825433305052694,-0.21825433305052694,-0.21825433305052694,-0.21825433305052694,-0.21609339905992897,0,highway_0,1,1358.6914749538441,1696.6914749538441,,-1014.3306475808961
64.3,llm_0,1698.0223838572406,-9.55,13.309089033965153,1000.0,,-0.21774132400204022,-0.21774132400204022,-0.21774132400204022,-0.21774132400204022,-0.21558546930894096,0,highway_0,1,1360.0223838572406,1698.0223838572406,,-1014.3090890339652
64.4,llm_0,1699.3511418808607,-9.55,13.287580236201505,1000.0,,-0.21723885741284246,-0.21723885741284246,-0.21723885741284246,-0.21723885741284246,-0.2150879776364789,0,highway_0,1,1361.3511418808607,1699.3511418808607,,-1014.2875802362015
64.5,llm_0,1700.677753896635,-9.55,13.266120157742998,1000.0,,-0.216746792430919,-0.216746792430919,-0.216746792430919,-0.216746792430919,-0.21460078458506615,0,highway_0,1,1362.677753896635,1700.677753896635,,-1014.266120157743
64.6,llm_0,1702.002224674884,-9.55,13.244707782489419,1000.0,,-0.2162649900611408,-0.2162649900611408,-0.2162649900611408,-0.2162649900611408,-0.21412375253579086,0,highway_0,1,1364.002224674884,1702.002224674884,,-1014.2447077824894
64.7,llm_0,1703.3245588856762,-9.55,13.223342107920816,1000.0,,-0.21579331314289465,-0.21579331314289465,-0.21579331314289465,-0.21579331314289465,-0.21365674568603055,0,highway_0,1,1365.3245588856762,1703.3245588856762,,-1014.2233421079209
64.8,llm_0,1704.644761100168,-9.55,13.202022144918045,1000.0,,-0.21533162632799188,-0.21533162632799188,-0.21533162632799188,-0.21533162632799188,-0.21319963002770947,0,highway_0,1,1366.644761100168,1704.644761100168,,-1014.202022144918
64.9,llm_0,1705.9628357919264,-9.55,13.180746917585495,1000.0,,-0.21487979605876256,-0.21487979605876256,-0.21487979605876256,-0.21487979605876256,-0.21275227332550273,0,highway_0,1,1367.9628357919264,1705.9628357919264,,-1014.1807469175855
65.0,llm_0,1707.278787338234,-9.55,13.159515463075948,1000.0,,-0.21443769054641582,-0.21443769054641582,-0.21443769054641582,-0.21443769054641582,-0.21231454509546666,0,highway_0,1,1369.278787338234,1707.278787338234,,-1014.159515463076
65.1,llm_0,1708.5926200213758,-9.55,13.13832683141757,1000.0,,-0.21400517974960212,-0.21400517974960212,-0.21400517974960212,-0.21400517974960212,-0.21188631658377588,0,highway_0,1,1370.5926200213758,1708.5926200213758,,-1014.1383268314175
65.2,llm_0,1709.9043380299101,-9.55,13.117180085342996,1000.0,,-0.213582135353203,-0.213582135353203,-0.213582135353203,-0.213582135353203,-0.21146746074574452,0,highway_0,1,1371.9043380299101,1709.9043380299101,,-1014.117180085343
65.3,llm_0,1711.2139454599221,-9.55,13.096074300120485,1000.0,,-0.21316843074736203,-0.21316843074736203,-0.21316843074736203,-0.21316843074736203,-0.21105785222511386,0,highway_0,1,1373.2139454599221,1711.2139454599221,,-1014.0960743001204
65.4,llm_0,1712.5214463162608,-9.55,13.075008563387145,1000.0,,-0.21276394100671572,-0.21276394100671572,-0.21276394100671572,-0.21276394100671572,-0.21065736733339335,0,highway_0,1,1374.5214463162608,1712.5214463162608,,-1014.0750085633872
65.5,llm_0,1713.8268445137592,-9.55,13.053981974984188,1000.0,,-0.21236854286988285,-0.21236854286988285,-0.21236854286988285,-0.21236854286988285,-0.21026588402957458,0,highway_0,1,1375.8268445137592,1713.8268445137592,,-1014.0539819749841
65.6,llm_0,1715.1301438784385,-9.55,13.032993646794175,1000.0,,-0.21198211471913445,-0.21198211471913445,-0.21198211471913445,-0.21198211471913445,-0.2098832819001295,0,highway_0,1,1377.1301438784385,1715.1301438784385,,-1014.0329936467941
65.7,llm_0,1716.4313481486965,-9.55,13.012042702580281,1000.0,,-0.21160453656031855,-0.21160453656031855,-0.21160453656031855,-0.21160453656031855,-0.20950944213893763,0,highway_0,1,1378.4313481486965,1716.4313481486965,,-1014.0120427025803
65.8,llm_0,1717.7304609764792,-9.55,12.991128277827512,1000.0,,-0.21123569000297274,-0.21123569000297274,-0.21123569000297274,-0.21123569000297274,-0.20914424752769278,0,highway_0,1,1379.7304609764792,1717.7304609764792,,-1013.9911282778276
65.9,llm_0,1719.0274859284377,-9.55,12.970249519585858,1000.0,,-0.2108754582407072,-0.2108754582407072,-0.2108754582407072,-0.2108754582407072,-0.20878758241654083,0,highway_0,1,1381.0274859284377,1719.0274859284377,,-1013.9702495195859
66.0,llm_0,1720.3224264870694,-9.55,12.949405586315388,1000.0,,-0.21052372603174083,-0.21052372603174083,-0.21052372603174083,-0.21052372603174083,-0.2084393327046996,0,highway_0,1,1382.3224264870694,1720.3224264870694,,-1013.9494055863154
66.1,llm_0,1721.6152860518428,-9.55,12.92859564773324,1000.0,,-0.21018037967968772,-0.21018037967968772,-0.21018037967968772,-0.21018037967968772,-0.2080993858214697,0,highway_0,1,1383.6152860518428,1721.6152860518428,,-1013.9285956477332
66.2,llm_0,1722.906067940309,-9.55,12.907818884662491,1000.0,,-0.20984530701457282,-0.20984530701457282,-0.20984530701457282,-0.20984530701457282,-0.20776763070749382,0,highway_0,1,1384.906067940309,1722.906067940309,,-1013.9078188846624
66.3,llm_0,1724.1947753891973,-9.55,12.887074488882886,1000.0,,-0.20951839737402358,-0.20951839737402358,-0.20951839737402358,-0.20951839737402358,-0.20744395779605185,0,highway_0,1,1386.1947753891973,1724.1947753891973,,-1013.8870744888828
66.4,llm_0,1725.4814115554957,-9.55,12.86636166298341,1000.0,,-0.2091995415847091,-0.2091995415847091,-0.2091995415847091,-0.2091995415847091,-0.20712825899476428,0,highway_0,1,1387.4814115554957,1725.4814115554957,,-1013.8663616629834
66.5,llm_0,1726.7659795175173,-9.55,12.845679620216684,1000.0,,-0.20888863194394414,-0.20888863194394414,-0.20888863194394414,-0.20888863194394414,-0.20682042766726028,0,highway_0,1,1388.7659795175173,1726.7659795175173,,-1013.8456796202166
66.6,llm_0,1728.048482275953,-9.55,12.825027584355142,1000.0,,-0.20858556220156288,-0.20858556220156288,-0.20858556220156288,-0.20858556220156288,-0.20652035861541407,0,highway_0,1,1390.048482275953,1728.048482275953,,-1013.8250275843551
66.7,llm_0,1729.3289227549078,-9.55,12.80440478954901,1000.0,,-0.20829022754193316,-0.20829022754193316,-0.20829022754193316,-0.20829022754193316,-0.2062279480613327,0,highway_0,1,1391.3289227549078,1729.3289227549078,,-1013.804404789549
66.8,llm_0,1730.6073038029265,-9.55,12.783810480186014,1000.0,,-0.2080025245662406,-0.2080025245662406,-0.2080025245662406,-0.2080025245662406,-0.20594309362994778,0,highway_0,1,1392.6073038029265,1730.6073038029265,,-1013.783810480186
66.9,llm_0,1731.8836281940019,-9.55,12.763243910752854,1000.0,,-0.20772235127491867,-0.20772235127491867,-0.20772235127491867,-0.20772235127491867,-0.20566569433160709,0,highway_0,1,1393.8836281940019,1731.8836281940019,,-1013.7632439107529
67.0,llm_0,1733.1578986285717,-9.55,12.742704345698366,1000.0,,-0.20744960705032175,-0.20744960705032175,-0.20744960705032175,-0.20744960705032175,-0.20539565054487952,0,highway_0,1,1395.1578986285717,1733.1578986285717,,-1013.7427043456984
67.1,llm_0,1734.4301177345017,-9.55,12.722191059298408,1000.0,,-0.20718419263957288,-0.20718419263957288,-0.20718419263957288,-0.20718419263957288,-0.2051328639995731,0,highway_0,1,1396.4301177345017,1734.4301177345017,,-1013.7221910592984
67.2,llm_0,1735.7002880680539,-9.55,12.701703335522405,1000.0,,-0.20692601013763523,-0.20692601013763523,-0.20692601013763523,-0.20692601013763523,-0.2048772377600372,0,highway_0,1,1397.7002880680539,1735.7002880680539,,-1013.7017033355224
67.3,llm_0,1736.968412114844,-9.55,12.681240467901558,1000.0,,-0.20667496297054935,-0.20667496297054935,-0.20667496297054935,-0.20667496297054935,-0.2046286762084648,0,highway_0,1,1398.968412114844,1736.968412114844,,-1013.6812404679016
67.4,llm_0,1738.234492290784,-9.55,12.660801759398698,1000.0,,-0.2064309558788949,-0.2064309558788949,-0.2064309558788949,-0.2064309558788949,-0.20438708502860337,0,highway_0,1,1400.234492290784,1738.234492290784,,-1013.6608017593987
67.5,llm_0,1739.498530943012,-9.55,12.640386522279744,1000.0,,-0.20619389490143325,-0.20619389490143325,-0.20619389490143325,-0.20619389490143325,-0.20415237118953655,0,highway_0,1,1401.498530943012,1739.498530943012,,-1013.6403865222798
67.6,llm_0,1740.7605303508105,-9.55,12.619994077986782,1000.0,,-0.20596368735893017,-0.20596368735893017,-0.20596368735893017,-0.20596368735893017,-0.20392444292962608,0,highway_0,1,1402.7605303508105,1740.7605303508105,,-1013.6199940779868
67.7,llm_0,1742.0204927265117,-9.55,12.5996237570127,1000.0,,-0.205740241838203,-0.205740241838203,-0.205740241838203,-0.205740241838203,-0.2037032097408087,0,highway_0,1,1404.0204927265117,1742.0204927265117,,-1013.5996237570128
67.8,llm_0,1743.2784202163896,-9.55,12.579274898777422,1000.0,,-0.20552346817630723,-0.20552346817630723,-0.20552346817630723,-0.20552346817630723,-0.20348858235278655,0,highway_0,1,1405.2784202163896,1743.2784202163896,,-1013.5792748987774
67.9,llm_0,1744.53431490154,-9.55,12.558946851505643,1000.0,,-0.20531327744496033,-0.20531327744496033,-0.20531327744496033,-0.20531327744496033,-0.20328047271778615,0,highway_0,1,1406.53431490154,1744.53431490154,,-1013.5589468515057
68.0,llm_0,1745.7881787987506,-9.55,12.538638972106126,1000.0,,-0.2051095819351119,-0.2051095819351119,-0.2051095819351119,-0.2051095819351119,-0.20307879399517503,0,highway_0,1,1407.7881787987506,1745.7881787987506,,-1013.5386389721061
68.1,llm_0,1747.0400138613559,-9.55,12.51835062605249,1000.0,,-0.20491229514172238,-0.20491229514172238,-0.20491229514172238,-0.20491229514172238,-0.20288346053636275,0,highway_0,1,1409.0400138613559,1747.0400138613559,,-1013.5183506260524
68.2,llm_0,1748.2898219800825,-9.55,12.49808118726549,1000.0,,-0.20472133174870377,-0.20472133174870377,-0.20472133174870377,-0.20472133174870377,-0.20269438787000382,0,highway_0,1,1410.2898219800825,1748.2898219800825,,-1013.4980811872655
68.3,llm_0,1749.5376049838821,-9.55,12.477830037996773,1000.0,,-0.20453660761404913,-0.20453660761404913,-0.20453660761404913,-0.20453660761404913,-0.20251149268716517,0,highway_0,1,1411.5376049838821,1749.5376049838821,,-1013.4778300379968
68.4,llm_0,1750.7833646407535,-9.55,12.457596568714084,1000.0,,-0.20435803975515324,-0.20435803975515324,-0.20435803975515324,-0.20435803975515324,-0.20233469282688432,0,highway_0,1,1412.7833646407535,1750.7833646407535,,-1013.457596568714
68.5,llm_0,1752.0271026585522,-9.55,12.437380177987919,1000.0,,-0.20418554633427316,-0.20418554633427316,-0.20418554633427316,-0.20418554633427316,-0.20216390726165656,0,highway_0,1,1414.0271026585522,1752.0271026585522,,-1013.437380177988
68.6,llm_0,1753.2688206857902,-9.55,12.41718027237958,1000.0,,-0.20401904664421155,-0.20401904664421155,-0.20401904664421155,-0.20401904664421155,-0.20199905608338398,0,highway_0,1,1415.2688206857902,1753.2688206857902,,-1013.4171802723796
68.7,llm_0,1754.5085203124231,-9.55,12.396996266330657,1000.0,,-0.20385846109412847,-0.20385846109412847,-0.20385846109412847,-0.20385846109412847,-0.20184006048923564,0,highway_0,1,1416.5085203124231,1754.5085203124231,,-1013.3969962663307
68.8,llm_0,1755.7462030706286,-9.55,12.37682758205387,1000.0,,-0.20370371119554923,-0.20370371119554923,-0.20370371119554923,-0.20370371119554923,-0.20168684276786308,0,highway_0,1,1417.7462030706286,1755.7462030706286,,-1013.3768275820539
68.9,llm_0,1756.9818704355712,-9.55,12.356673649425304,1000.0,,-0.20355471954852736,-0.20355471954852736,-0.20355471954852736,-0.20355471954852736,-0.20153932628566906,0,highway_0,1,1418.9818704355712,1756.9818704355712,,-1013.3566736494253
69.0,llm_0,1758.215523826159,-9.55,12.336533905877978,1000.0,,-0.2034114098279876,-0.2034114098279876,-0.2034114098279876,-0.2034114098279876,-0.20139743547325395,0,highway_0,1,1420.215523826159,1758.215523826159,,-1013.336533905878
69.1,llm_0,1759.4471646057887,-9.55,12.316407796296767,1000.0,,-0.20327370677023548,-0.20327370677023548,-0.20327370677023548,-0.20327370677023548,-0.20126109581211082,0,highway_0,1,1421.4471646057887,1759.4471646057887,,-1013.3164077962967
69.2,llm_0,1760.67679408308,-9.55,12.296294772914626,1000.0,,-0.2031415361596162,-0.2031415361596162,-0.2031415361596162,-0.2031415361596162,-0.20113023382140938,0,highway_0,1,1422.67679408308,1760.67679408308,,-1013.2962947729146
69.3,llm_0,1761.904413512601,-9.55,12.276194295210137,1000.0,,-0.20301482481534308,-0.20301482481534308,-0.20301482481534308,-0.20301482481534308,-0.2010047770448864,0,highway_0,1,1423.904413512601,1761.904413512601,,-1013.2761942952102
69.4,llm_0,1763.1300240955816,-9.55,12.256105829806327,1000.0,,-0.20289350057849173,-0.20289350057849173,-0.20289350057849173,-0.20289350057849173,-0.2008846540381093,0,highway_0,1,1425.1300240955816,1763.1300240955816,,-1013.2561058298063
69.5,llm_0,1764.3536269806186,-9.55,12.236028850370769,1000.0,,-0.20277749229914316,-0.20277749229914316,-0.20277749229914316,-0.20277749229914316,-0.20076979435557973,0,highway_0,1,1426.3536269806186,1764.3536269806186,,-1013.2360288503708
69.6,llm_0,1765.5752232643704,-9.55,12.215962837516937,1000.0,,-0.20266672982369147,-0.20266672982369147,-0.20266672982369147,-0.20266672982369147,-0.20066012853831694,0,highway_0,1,1427.5752232643704,1765.5752232643704,,-1013.2159628375169
69.7,llm_0,1766.794813992241,-9.55,12.195907278706807,1000.0,,-0.20256114398230296,-0.20256114398230296,-0.20256114398230296,-0.20256114398230296,-0.2005555881012988,0,highway_0,1,1428.794813992241,1766.794813992241,,-1013.1959072787068
69.8,llm_0,1768.0124001590564,-9.55,12.175861668154674,1000.0,,-0.2024606665765308,-0.2024606665765308,-0.2024606665765308,-0.2024606665765308,-0.20045610552132942,0,highway_0,1,1430.0124001590564,1768.0124001590564,,-1013.1758616681547
69.9,llm_0,1769.2279827097295,-9.55,12.15582550673219,1000.0,,-0.20236523036708282,-0.20236523036708282,-0.20236523036708282,-0.20236523036708282,-0.20036161422483545,0,highway_0,1,1431.2279827097295,1769.2279827097295,,-1013.1558255067322
70.0,llm_0,1770.441562539917,-9.55,12.13579830187459,1000.0,,-0.2022747690617449,-0.2022747690617449,-0.2022747690617449,-0.2022747690617449,-0.20027204857600012,0,highway_0,1,1432.441562539917,1770.441562539917,,-1013.1357983018746
70.1,llm_0,1771.6531404966659,-9.55,12.115779567488113,1000.0,,-0.2021892173034241,-0.2021892173034241,-0.2021892173034241,-0.2021892173034241,-0.20018734386477277,0,highway_0,1,1433.6531404966659,1771.6531404966659,,-1013.1157795674881
70.2,llm_0,1772.8627173790517,-9.55,12.09576882385857,1000.0,,-0.2021085106583861,-0.2021085106583861,-0.2021085106583861,-0.2021085106583861,-0.20010743629542915,0,highway_0,1,1434.8627173790517,1772.8627173790517,,-1013.0957688238585
70.3,llm_0,1774.0702939388077,-9.55,12.075765597561086,1000.0,,-0.20203258560458784,-0.20203258560458784,-0.20203258560458784,-0.20203258560458784,-0.20003226297484744,0,highway_0,1,1436.0702939388077,1774.0702939388077,,-1013.075765597561
70.4,llm_0,1775.2758708809447,-9.55,12.055769421370966,1000.0,,-0.20196137952020643,-0.20196137952020643,-0.20196137952020643,-0.20196137952020643,-0.19996176190119286,0,highway_0,1,1437.2758708809447,1775.2758708809447,,-1013.055769421371
70.5,llm_0,1776.4794488643622,-9.55,12.035779834175692,1000.0,,-0.20189483067226968,-0.20189483067226968,-0.20189483067226968,-0.20189483067226968,-0.1998958719527444,0,highway_0,1,1438.4794488643622,1776.4794488643622,,-1013.0357798341757
70.6,llm_0,1777.681028502451,-9.55,12.015796380888027,1000.0,,-0.20183287820542728,-0.20183287820542728,-0.20183287820542728,-0.20183287820542728,-0.19983453287665043,0,highway_0,1,1439.681028502451,1777.681028502451,,-1013.015796380888
70.7,llm_0,1778.880610363687,-9.55,11.995818612360216,1000.0,,-0.2017754621308871,-0.2017754621308871,-0.2017754621308871,-0.2017754621308871,-0.1997776852781108,0,highway_0,1,1440.880610363687,1778.880610363687,,-1012.9958186123603
70.8,llm_0,1780.078194972217,-9.55,11.975846085299278,1000.0,,-0.20172252331547935,-0.20172252331547935,-0.20172252331547935,-0.20172252331547935,-0.19972527060938106,0,highway_0,1,1442.078194972217,1780.078194972217,,-1012.9758460852993
70.9,llm_0,1781.2737828084353,-9.55,11.955878362183352,1000.0,,-0.2016740034708395,-0.2016740034708395,-0.2016740034708395,-0.2016740034708395,-0.1996772311592565,0,highway_0,1,1443.2737828084353,1781.2737828084353,,-1012.9558783621834
71.0,llm_0,1782.4673743095532,-9.55,11.93591501117912,1000.0,,-0.20162984514275836,-0.20162984514275836,-0.20162984514275836,-0.20162984514275836,-0.1996335100423252,0,highway_0,1,1444.4673743095532,1782.4673743095532,,-1012.9359150111791
71.1,llm_0,1783.6589698701591,-9.55,11.915955606060246,1000.0,,-0.20158999170062994,-0.20158999170062994,-0.20158999170062994,-0.20158999170062994,-0.1995940511887362,0,highway_0,1,1445.6589698701591,1783.6589698701591,,-1012.9159556060603
71.2,llm_0,1784.848569842772,-9.55,11.895999726126876,1000.0,,-0.20155438732703954,-0.20155438732703954,-0.20155438732703954,-0.20155438732703954,-0.19955879933370113,0,highway_0,1,1446.848569842772,1784.848569842772,,-1012.8959997261269
71.3,llm_0,1786.0361745383846,-9.55,11.87604695612613,1000.0,,-0.20152297700751556,-0.20152297700751556,-0.20152297700751556,-0.20152297700751556,-0.199527700007458,0,highway_0,1,1448.0361745383846,1786.0361745383846,,-1012.8760469561262
71.4,llm_0,1787.221784227002,-9.55,11.856096886173619,1000.0,,-0.20149570652034973,-0.20149570652034973,-0.20149570652034973,-0.20149570652034973,-0.1995006995251103,0,highway_0,1,1449.221784227002,1787.221784227002,,-1012.8560968861736
71.5,llm_0,1788.4053991381695,-9.55,11.836149111675935,1000.0,,-0.20147252242660713,-0.20147252242660713,-0.20147252242660713,-0.20147252242660713,-0.19947774497683923,0,highway_0,1,1450.4053991381695,1788.4053991381695,,-1012.8361491116759
71.6,llm_0,1789.587019461495,-9.55,11.816203233254132,1000.0,,-0.20145337206020966,-0.20145337206020966,-0.20145337206020966,-0.20145337206020966,-0.19945878421802732,0,highway_0,1,1451.587019461495,1789.587019461495,,-1012.8162032332541
71.7,llm_0,1790.7666453471618,-9.55,11.796258856668175,1000.0,,-0.20143820351817524,-0.20143820351817524,-0.20143820351817524,-0.20143820351817524,-0.19944376585957713,0,highway_0,1,1452.7666453471618,1790.7666453471618,,-1012.7962588566681
71.8,llm_0,1791.944276906436,-9.55,11.776315592742336,1000.0,,-0.20142696565096185,-0.20142696565096185,-0.20142696565096185,-0.20142696565096185,-0.19943263925839005,0,highway_0,1,1453.944276906436,1791.944276906436,,-1012.7763155927423
71.9,llm_0,1793.1199142121652,-9.55,11.756373057291547,1000.0,,-0.2014196080529472,-0.2014196080529472,-0.2014196080529472,-0.2014196080529472,-0.19942535450788057,0,highway_0,1,1455.1199142121652,1793.1199142121652,,-1012.7563730572915
72.0,llm_0,1794.29355729927,-9.55,11.736430871048674,1000.0,,-0.20141608105302108,-0.20141608105302108,-0.20141608105302108,-0.20141608105302108,-0.19942186242873916,0,highway_0,1,1456.29355729927,1794.29355729927,,-1012.7364308710487
72.1,llm_0,1795.4652061652293,-9.55,11.716488659592706,1000.0,,-0.20141633570528975,-0.20141633570528975,-0.20141633570528975,-0.20141633570528975,-0.1994221145596775,0,highway_0,1,1457.4652061652293,1795.4652061652293,,-1012.7164886595928
72.2,llm_0,1796.6348607705572,-9.55,11.696546053277862,1000.0,,-0.2014203237799129,-0.2014203237799129,-0.2014203237799129,-0.2014203237799129,-0.19942606314844014,0,highway_0,1,1458.6348607705572,1796.6348607705572,,-1012.6965460532779
72.3,llm_0,1797.8025210392736,-9.55,11.676602687163602,1000.0,,-0.20142799775402864,-0.20142799775402864,-0.20142799775402864,-0.20142799775402864,-0.19943366114260286,0,highway_0,1,1459.8025210392736,1797.8025210392736,,-1012.6766026871636
72.4,llm_0,1798.9681868593682,-9.55,11.656658200945499,1000.0,,-0.2014393108028328,-0.2014393108028328,-0.2014393108028328,-0.2014393108028328,-0.19944486218102853,0,highway_0,1,1460.9681868593682,1798.9681868593682,,-1012.6566582009455
0,llm_1,319.0,-11.200000000000001,23.5,1000.0,,,,,,0,0,highway_0,0,0.0,319.0,,-1024.5
0.1,llm_1,321.3757425742574,-11.200000000000001,23.75742574257426,1000.0,,2.6,2.6,2.6,2.6,2.5742574257425943,0,highway_0,0,2.3757425742574014,321.3757425742574,,-1024.7574257425742
0.2,llm_1,323.77722772277224,-11.200000000000001,24.01485148514852,1000.0,,2.6,2.6,2.6,2.6,2.5742574257425943,0,highway_0,0,4.777227722772238,323.77722772277224,,-1025.0148514851485
0.3,llm_1,326.2044554455445,-11.200000000000001,24.27227722772278,1000.0,,2.6,2.6,2.6,2.6,2.5742574257425943,0,highway_0,0,7.204455445544511,326.2044554455445,,-1025.2722772277227
0.4,llm_1,328.6633663366336,-11.190000000000001,24.589108910891095,1000.0,,3.2,3.2,3.2,3.2,3.168316831683171,0,highway_0,0,9.663366336633601,328.6633663366336,,-1025.5891089108911
0.5,llm_1,331.15396039603957,-11.170000000000002,24.905940594059413,1000.0,,3.2,3.2,3.2,3.2,3.168316831683171,0,highway_0,0,12.153960396039565,331.15396039603957,,-1025.9059405940593
0.6,llm_1,333.67623762376235,-11.14,25.22277227722773,1000.0,,3.2,3.2,3.2,3.2,3.168316831683171,0,highway_0,0,14.676237623762347,333.67623762376235,,-1026.2227722772277
0.7,llm_1,336.23019801980195,-11.100000000000001,25.539603960396047,1000.0,,3.2,3.2,3.2,3.2,3.168316831683171,0,highway_0,0,17.230198019801946,336.23019801980195,,-1026.539603960396
0.8,llm_1,338.81584158415836,-11.05,25.856435643564364,1000.0,,3.2,3.2,3.2,3.2,3.168316831683171,0,highway_0,0,19.815841584158363,338.81584158415836,,-1026.8564356435643
0.9,llm_1,341.43316831683165,-10.99,26.17326732673268,1000.0,,3.2,3.2,3.2,3.2,3.168316831683171,0,highway_0,0,22.433168316831654,341.43316831683165,,-1027.1732673267327
1.0,llm_1,344.08217821782176,-10.920000000000002,26.490099009900998,1000.0,,3.2,3.2,3.2,3.2,3.168316831683171,0,highway_0,0,25.082178217821763,344.08217821782176,,-1027.490099009901
1.1,llm_1,346.7628712871287,-10.840000000000002,26.806930693069315,1000.0,,3.2,3.2,3.2,3.2,3.168316831683171,0,highway_0,0,27.76287128712869,346.7628712871287,,-1027.8069306930693
1.2,llm_1,349.47524752475243,-10.770000000000001,27.123762376237632,1000.0,,3.2,3.2,3.2,3.2,3.168316831683171,0,highway_0,0,30.475247524752433,349.47524752475243,,-1028.1237623762377
1.3,llm_1,352.21930693069305,-10.71,27.44059405940595,1000.0,,3.2,3.2,3.2,3.2,3.168316831683171,0,highway_0,0,33.21930693069305,352.21930693069305,,-1028.4405940594058
1.4,llm_1,354.9950495049505,-10.66,27.757425742574267,1000.0,,3.2,3.2,3.2,3.2,3.168316831683171,0,highway_0,0,35.99504950495049,354.9950495049505,,-1028.7574257425742
1.5,llm_1,357.7925742574257,-10.620000000000001,27.975247524752483,1000.0,,2.2,2.2,2.2,2.2,2.1782178217821624,0,highway_0,0,38.79257425742571,357.7925742574257,,-1028.9752475247524
1.6,llm_1,360.6118811881188,-10.58,28.1930693069307,1000.0,,2.2,2.2,2.2,2.2,2.1782178217821624,0,highway_0,0,41.61188118811879,360.6118811881188,,-1029.1930693069307
1.7,llm_1,363.45297029702965,-10.55,28.410891089108915,1000.0,,2.2,2.2,2.2,2.2,2.1782178217821624,0,highway_0,0,44.45297029702965,363.45297029702965,,-1029.4108910891089
1.8,llm_1,366.31584158415836,-10.530000000000001,28.62871287128713,1000.0,,2.2,2.2,2.2,2.2,2.1782178217821624,0,highway_0,0,47.31584158415836,366.31584158415836,,-1029.6287128712872
1.9,llm_1,369.2004950495049,-10.520000000000001,28.846534653465348,1000.0,,2.2,2.2,2.2,2.2,2.1782178217821624,0,highway_0,0,50.20049504950492,369.2004950495049,,-1029.8465346534654
2.0,llm_1,372.11089108910886,-10.510000000000002,29.103960396039607,1000.0,,2.6,2.6,2.6,2.6,2.5742574257425943,0,highway_0,0,53.11089108910886,372.11089108910886,,-1030.1039603960396
2.1,llm_1,375.04702970297024,-10.510000000000002,29.361386138613867,1000.0,,2.6,2.6,2.6,2.6,2.5742574257425943,0,highway_0,0,56.047029702970235,375.04702970297024,,-1030.3613861386139
2.2,llm_1,378.00495049504946,-10.501500000000002,29.579207920792083,1000.0,,2.2,2.2,2.2,2.2,2.1782178217821624,0,highway_0,0,59.00495049504946,378.00495049504946,,-1030.579207920792
2.3,llm_1,380.98465346534647,-10.501500000000002,29.7970297029703,1000.0,,2.2,2.2,2.2,2.2,2.1782178217821624,0,highway_0,0,61.98465346534647,380.98465346534647,,-1030.7970297029703
2.4,llm_1,383.9861386138613,-10.501500000000002,30.014851485148515,1000.0,,2.2,2.2,2.2,2.2,2.1782178217821624,0,highway_0,0,64.98613861386133,383.9861386138613,,-1031.0148514851485
2.5,llm_1,387.009405940594,-10.501500000000002,30.23267326732673,1000.0,,2.2,2.2,2.2,2.2,2.1782178217821624,0,highway_0,0,68.00940594059398,387.009405940594,,-1031.2326732673268
2.6,llm_1,390.0544554455445,-10.501500000000002,30.450495049504948,1000.0,,2.2,2.2,2.2,2.2,2.1782178217821624,0,highway_0,0,71.05445544554448,390.0544554455445,,-1031.450495049505
2.7,llm_1,393.12128712871277,-10.501500000000002,30.668316831683164,1000.0,,2.2,2.2,2.2,2.2,2.1782178217821624,0,highway_0,0,74.12128712871277,393.12128712871277,,-1031.6683168316831
2.8,llm_1,396.2099009900989,-10.501500000000002,30.88613861386138,1000.0,,2.2,2.2,2.2,2.2,2.1782178217821624,0,highway_0,0,77.2099009900989,396.2099009900989,,-1031.8861386138615
2.9,llm_1,399.3202970297029,-10.4915,31.103960396039597,1000.0,,2.2,2.2,2.2,2.2,2.1782178217821624,0,highway_0,0,80.32029702970289,399.3202970297029,,-1032.1039603960396
3.0,llm_1,402.45247524752466,-10.4715,31.321782178217813,1000.0,,2.2,2.2,2.2,2.2,2.1782178217821624,0,highway_0,0,83.45247524752466,402.45247524752466,,-1032.3217821782177
3.1,llm_1,405.6064356435643,-10.441500000000001,31.53960396039603,1000.0,,2.2,2.2,2.2,2.2,2.1782178217821624,0,highway_0,0,86.60643564356428,405.6064356435643,,-1032.539603960396
3.2,llm_1,408.7821782178217,-10.4015,31.757425742574245,1000.0,,2.2,2.2,2.2,2.2,2.1782178217821624,0,highway_0,0,89.7821782178217,408.7821782178217,,-1032.7574257425742
3.3,llm_1,411.97970297029696,-10.351500000000001,31.97524752475246,1000.0,,2.2,2.2,2.2,2.2,2.1782178217821624,0,highway_0,0,92.97970297029696,411.97970297029696,,-1032.9752475247524
3.4,llm_1,415.19900990099,-10.291500000000001,32.19306930693068,1000.0,,2.2,2.2,2.2,2.2,2.178217821782198,0,highway_0,0,96.19900990099,415.19900990099,,-1033.1930693069307
3.5,llm_1,418.4400990099009,-10.2215,32.4108910891089,1000.0,,2.2,2.2,2.2,2.2,2.178217821782198,0,highway_0,0,99.4400990099009,418.4400990099009,,-1033.4108910891089
3.6,llm_1,421.7029702970296,-10.1415,32.62871287128712,1000.0,,2.2,2.2,2.2,2.2,2.178217821782198,0,highway_0,0,102.7029702970296,421.7029702970296,,-1033.628712871287
3.7,llm_1,424.98762376237613,-10.0515,32.84653465346534,1000.0,,2.2,2.2,2.2,2.2,2.178217821782198,0,highway_0,0,105.98762376237613,424.98762376237613,,-1033.8465346534654
3.8,llm_1,428.2940594059405,-9.951500000000001,33.06435643564356,1000.0,,2.2,2.2,2.2,2.2,2.178217821782198,0,highway_0,0,109.29405940594052,428.2940594059405,,-1034.0643564356435
3.9,llm_1,431.6222772277227,-9.851500000000001,33.28217821782178,1000.0,,2.2,2.2,2.2,2.2,2.178217821782198,0,highway_0,0,112.62227722772269,431.6222772277227,,-1034.2821782178219
4.0,llm_1,434.9722772277227,-9.7515,33.5,1000.0,,2.2,2.2,2.2,2.2,2.178217821782198,0,highway_0,0,115.97227722772271,434.9722772277227,,-1034.5
4.1,llm_1,438.3440594059405,-9.6515,33.71782178217822,1000.0,,2.2,2.2,2.2,2.2,2.178217821782198,0,highway_0,0,119.34405940594053,438.3440594059405,,-1034.7178217821781
4.2,llm_1,441.7376237623762,-9.551499999999999,33.93564356435644,1000.0,,2.2,2.2,2.2,2.2,2.178217821782198,0,highway_0,1,122.73762376237619,441.7376237623762,,-1034.9356435643565
4.3,llm_1,445.13118811881185,-9.551499999999999,33.93564356435644,1000.0,,0.0,0.0,0.0,0.0,0.0,0,highway_0,1,126.13118811881185,445.13118811881185,,-1034.9356435643565
4.4,llm_1,448.5247524752475,-9.5415,33.93564356435644,1000.0,,0.0,0.0,0.0,0.0,0.0,0,highway_0,1,129.5247524752475,448.5247524752475,,-1034.9356435643565
4.5,llm_1,451.91831683168317,-9.5215,33.93564356435644,1000.0,,0.0,0.0,0.0,0.0,0.0,0,highway_0,1,132.91831683168317,451.91831683168317,,-1034.9356435643565
4.6,llm_1,455.3118811881188,-9.491499999999998,33.93564356435644,1000.0,,0.0,0.0,0.0,0.0,0.0,0,highway_0,1,136.31188118811883,455.31188118811883,,-1034.9356435643565
4.7,llm_1,458.70544554455455,-9.4515,33.93564356435644,1000.0,,0.0,0.0,0.0,0.0,0.0,0,highway_0,1,139.7054455445545,458.7054455445545,,-1034.9356435643565
4.8,llm_1,462.09900990099015,-9.401499999999999,33.93564356435644,1000.0,,0.0,0.0,0.0,0.0,0.0,0,highway_0,1,143.09900990099015,462.09900990099015,,-1034.9356435643565
4.9,llm_1,465.49257425742576,-9.3415,33.93564356435644,1000.0,,0.0,0.0,0.0,0.0,0.0,0,highway_0,1,146.49257425742582,465.4925742574258,,-1034.9356435643565
5.0,llm_1,468.88613861386153,-9.2715,33.93564356435644,1000.0,,0.0,0.0,0.0,0.0,0.0,0,highway_0,1,149.88613861386148,468.8861386138615,,-1034.9356435643565
5.1,llm_1,472.27970297029714,-9.1915,33.93564356435644,1000.0,,0.0,0.0,0.0,0.0,0.0,0,highway_0,1,153.27970297029714,472.27970297029714,,-1034.9356435643565
5.2,llm_1,475.6732673267328,-9.1015,33.93564356435644,1000.0,,0.0,0.0,0.0,0.0,0.0,0,highway_0,1,156.6732673267328,475.6732673267328,,-1034.9356435643565
5.3,llm_1,479.0668316831685,-9.001499999999998,33.93564356435644,1000.0,,0.0,0.0,0.0,0.0,0.0,0,highway_0,1,160.06683168316846,479.06683168316846,,-1034.9356435643565
5.4,llm_1,482.4603960396041,-8.901499999999999,33.93564356435644,1000.0,,0.0,0.0,0.0,0.0,0.0,0,highway_0,1,163.46039603960412,482.4603960396041,,-1034.9356435643565
5.5,llm_1,485.8539603960398,-8.801499999999999,33.93564356435644,1000.0,,0.0,0.0,0.0,0.0,0.0,0,highway_0,1,166.85396039603978,485.8539603960398,,-1034.9356435643565
5.6,llm_1,489.2475247524754,-8.7015,33.93564356435644,1000.0,,0.0,0.0,0.0,0.0,0.0,0,highway_0,1,170.24752475247544,489.24752475247544,,-1034.9356435643565
5.7,llm_1,492.6410891089111,-8.6015,33.93564356435644,1000.0,,0.0,0.0,0.0,0.0,0.0,0,highway_0,1,173.6410891089111,492.6410891089111,,-1034.9356435643565
5.8,llm_1,496.03465346534676,-8.501499999999998,33.93564356435644,1000.0,,0.0,0.0,0.0,0.0,0.0,0,highway_0,1,177.03465346534676,496.03465346534676,,-1034.9356435643565
5.9,llm_1,499.42821782178237,-8.401499999999999,33.93564356435644,1000.0,,0.0,0.0,0.0,0.0,0.0,0,highway_0,1,180.42821782178243,499.4282178217824,,-1034.9356435643565
6.0,llm_1,502.8217821782181,-8.301499999999999,33.93564356435644,1000.0,,0.0,0.0,0.0,0.0,0.0,0,highway_0,1,183.8217821782181,502.8217821782181,,-1034.9356435643565
6.1,llm_1,506.21534653465375,-8.2015,33.93564356435644,1000.0,,0.0,0.0,0.0,0.0,0.0,0,highway_0,1,187.21534653465375,506.21534653465375,,-1034.9356435643565
6.2,llm_1,509.60891089108935,-8.1015,33.93564356435644,1000.0,,0.0,0.0,0.0,0.0,0.0,0,highway_0,1,190.6089108910894,509.6089108910894,,-1034.9356435643565
6.3,llm_1,513.002475247525,-8.001499999999998,33.93564356435644,1000.0,,0.0,0.0,0.0,0.0,0.0,0,highway_0,1,194.002475247525,513.002475247525,,-1034.9356435643565
6.4,llm_1,516.3960396039606,-7.901499999999999,33.93564356435644,1000.0,,0.0,0.0,0.0,0.0,0.0,0,highway_0,1,197.39603960396062,516.3960396039606,,-1034.9356435643565
6.5,llm_1,519.7896039603962,-7.801499999999999,33.93564356435644,1000.0,,0.0,0.0,0.0,0.0,0.0,0,highway_0,1,200.78960396039622,519.7896039603962,,-1034.9356435643565
6.6,llm_1,523.1831683168318,-7.701499999999999,33.93564356435644,1000.0,,0.0,0.0,0.0,0.0,0.0,0,highway_0,1,204.18316831683182,523.1831683168318,,-1034.9356435643565
6.7,llm_1,526.5767326732674,-7.601499999999999,33.93564356435644,1000.0,,0.0,0.0,0.0,0.0,0.0,0,highway_0,1,207.57673267326743,526.5767326732674,,-1034.9356435643565
6.8,llm_1,529.970297029703,-7.501499999999999,33.93564356435644,1000.0,,0.0,0.0,0.0,0.0,0.0,0,highway_0,1,210.97029702970303,529.970297029703,,-1034.9356435643565
6.9,llm_1,533.3638613861386,-7.401499999999999,33.93564356435644,1000.0,,0.0,0.0,0.0,0.0,0.0,0,highway_0,1,214.36386138613864,533.3638613861386,,-1034.9356435643565
7.0,llm_1,536.7574257425742,-7.301499999999999,33.93564356435644,1000.0,,0.0,0.0,0.0,0.0,0.0,0,highway_0,1,217.75742574257424,536.7574257425742,,-1034.9356435643565
7.1,llm_1,540.1509900990098,-7.201499999999999,33.93564356435644,1000.0,,0.0,0.0,0.0,0.0,0.0,0,highway_0,1,221.15099009900985,540.1509900990098,,-1034.9356435643565
7.2,llm_1,543.5445544554455,-7.101499999999999,33.93564356435644,1000.0,,0.0,0.0,0.0,0.0,0.0,0,highway_0,1,224.54455445544545,543.5445544554455,,-1034.9356435643565
7.3,llm_1,546.938118811881,-7.001499999999999,33.93564356435644,1000.0,,0.0,0.0,0.0,0.0,0.0,0,highway_0,1,227.93811881188105,546.938118811881,,-1034.9356435643565
7.4,llm_1,550.3316831683167,-6.901499999999999,33.93564356435644,1000.0,,0.0,0.0,0.0,0.0,0.0,0,highway_0,1,231.33168316831666,550.3316831683167,,-1034.9356435643565
7.5,llm_1,553.7252475247523,-6.811499999999999,33.93564356435644,1000.0,,0.0,0.0,0.0,0.0,0.0,0,highway_0,1,234.72524752475226,553.7252475247523,,-1034.9356435643565
7.6,llm_1,557.1188118811879,-6.731499999999999,33.93564356435644,1000.0,,0.0,0.0,0.0,0.0,0.0,0,highway_0,1,238.11881188118787,557.1188118811879,,-1034.9356435643565
7.7,llm_1,560.5123762376235,-6.661499999999998,33.93564356435644,1000.0,,0.0,0.0,0.0,0.0,0.0,0,highway_0,1,241.51237623762347,560.5123762376235,,-1034.9356435643565
7.8,llm_1,563.9059405940591,-6.601499999999999,33.93564356435644,1000.0,,0.0,0.0,0.0,0.0,0.0,0,highway_0,1,244.90594059405908,563.9059405940591,,-1034.9356435643565
7.9,llm_1,567.2995049504947,-6.551499999999999,33.93564356435644,1000.0,,0.0,0.0,0.0,0.0,0.0,0,highway_0,1,248.29950495049468,567.2995049504947,,-1034.9356435643565
8.0,llm_1,570.6930693069303,-6.511499999999999,33.93564356435644,1000.0,,0.0,0.0,0.0,0.0,0.0,0,highway_0,1,251.69306930693028,570.6930693069303,,-1034.9356435643565
8.1,llm_1,574.0866336633659,-6.481499999999999,33.93564356435644,1000.0,,0.0,0.0,0.0,0.0,0.0,0,highway_0,1,255.0866336633659,574.0866336633659,,-1034.9356435643565
8.2,llm_1,577.4801980198015,-6.461499999999999,33.93564356435644,1000.0,,0.0,0.0,0.0,0.0,0.0,0,highway_0,1,258.4801980198015,577.4801980198015,,-1034.9356435643565
8.3,llm_1,580.8737623762371,-6.4514999999999985,33.93564356435644,1000.0,,0.0,0.0,0.0,0.0,0.0,0,highway_0,1,261.8737623762371,580.8737623762371,,-1034.9356435643565
8.4,llm_1,584.2673267326727,-6.4514999999999985,33.93564356435644,1000.0,,0.0,0.0,0.0,0.0,0.0,0,highway_0,1,265.2673267326727,584.2673267326727,,-1034.9356435643565
8.5,llm_1,587.6608910891083,-6.4514999999999985,33.93564356435644,1000.0,,0.0,0.0,0.0,0.0,0.0,0,highway_0,1,268.6608910891083,587.6608910891083,,-1034.9356435643565
8.6,llm_1,591.0544554455439,-6.4514999999999985,33.93564356435644,1000.0,,0.0,0.0,0.0,0.0,0.0,0,highway_0,1,272.0544554455439,591.0544554455439,,-1034.9356435643565
8.7,llm_1,594.4480198019795,-6.4514999999999985,33.93564356435644,1000.0,,0.0,0.0,0.0,0.0,0.0,0,highway_0,1,275.4480198019795,594.4480198019795,,-1034.9356435643565
8.8,llm_1,597.8415841584151,-6.4514999999999985,33.93564356435644,1000.0,,0.0,0.0,0.0,0.0,0.0,0,highway_0,1,278.8415841584151,597.8415841584151,,-1034.9356435643565
8.9,llm_1,601.2351485148507,-6.4514999999999985,33.93564356435644,1000.0,,0.0,0.0,0.0,0.0,0.0,0,highway_0,1,282.2351485148507,601.2351485148507,,-1034.9356435643565
9.0,llm_1,604.6287128712863,-6.4514999999999985,33.93564356435644,1000.0,,0.0,0.0,0.0,0.0,0.0,0,highway_0,1,285.6287128712863,604.6287128712863,,-1034.9356435643565
9.1,llm_1,608.0222772277219,-6.4514999999999985,33.93564356435644,1000.0,,0.0,0.0,0.0,0.0,0.0,0,highway_0,1,289.02227722772193,608.0222772277219,,-1034.9356435643565
9.2,llm_1,611.4158415841575,-6.4514999999999985,33.93564356435644,1000.0,,0.0,0.0,0.0,0.0,0.0,0,highway_0,1,292.41584158415753,611.4158415841575,,-1034.9356435643565
9.3,llm_1,614.8094059405931,-6.4514999999999985,33.93564356435644,1000.0,,0.0,0.0,0.0,0.0,0.0,0,highway_0,1,295.80940594059314,614.8094059405931,,-1034.9356435643565
9.4,llm_1,618.2029702970287,-6.4514999999999985,33.93564356435644,1000.0,,0.0,0.0,0.0,0.0,0.0,0,highway_0,1,299.20297029702874,618.2029702970287,,-1034.9356435643565
9.5,llm_1,621.5965346534643,-6.4514999999999985,33.93564356435644,1000.0,,0.0,0.0,0.0,0.0,0.0,0,highway_0,1,302.59653465346435,621.5965346534643,,-1034.9356435643565
9.6,llm_1,624.9900990099,-6.4514999999999985,33.93564356435644,1000.0,,0.0,0.0,0.0,0.0,0.0,0,highway_0,1,305.99009900989995,624.9900990099,,-1034.9356435643565
9.7,llm_1,628.3836633663356,-6.4514999999999985,33.93564356435644,1000.0,,0.0,0.0,0.0,0.0,0.0,0,highway_0,1,309.38366336633555,628.3836633663356,,-1034.9356435643565
9.8,llm_1,631.7772277227712,-6.4514999999999985,33.93564356435644,1000.0,,0.0,0.0,0.0,0.0,0.0,0,highway_0,1,312.77722772277116,631.7772277227712,,-1034.9356435643565
9.9,llm_1,635.1707920792068,-6.4514999999999985,33.93564356435644,1000.0,,0.0,0.0,0.0,0.0,0.0,0,highway_0,1,316.17079207920676,635.1707920792068,,-1034.9356435643565
10.0,llm_1,638.5643564356424,-6.4514999999999985,33.93564356435644,1000.0,,0.0,0.0,0.0,0.0,0.0,0,highway_0,1,319.56435643564237,638.5643564356424,,-1034.9356435643565
10.1,llm_1,641.957920792078,-6.4514999999999985,33.93564356435644,1000.0,,0.0,0.0,0.0,0.0,0.0,0,highway_0,1,322.95792079207797,641.957920792078,,-1034.9356435643565
10.2,llm_1,645.3514851485136,-6.4514999999999985,33.93564356435644,1000.0,,0.0,0.0,0.0,0.0,0.0,0,highway_0,1,326.3514851485136,645.3514851485136,,-1034.9356435643565
10.3,llm_1,648.7450495049492,-6.4514999999999985,33.93564356435644,1000.0,,0.0,0.0,0.0,0.0,0.0,0,highway_0,1,329.7450495049492,648.7450495049492,,-1034.9356435643565
10.4,llm_1,652.1386138613848,-6.4514999999999985,33.93564356435644,1000.0,,0.0,0.0,0.0,0.0,0.0,0,highway_0,1,333.1386138613848,652.1386138613848,,-1034.9356435643565
10.5,llm_1,655.5321782178204,-6.4514999999999985,33.93564356435644,1000.0,,0.0,0.0,0.0,0.0,0.0,0,highway_0,1,336.5321782178204,655.5321782178204,,-1034.9356435643565
10.6,llm_1,658.925742574256,-6.4514999999999985,33.93564356435644,1000.0,,0.0,0.0,0.0,0.0,0.0,0,highway_0,1,339.925742574256,658.925742574256,,-1034.9356435643565
10.7,llm_1,662.3193069306916,-6.4514999999999985,33.93564356435644,1000.0,,0.0,0.0,0.0,0.0,0.0,0,highway_0,1,343.3193069306916,662.3193069306916,,-1034.9356435643565
10.8,llm_1,665.7128712871272,-6.4514999999999985,33.93564356435644,1000.0,,0.0,0.0,0.0,0.0,0.0,0,highway_0,1,346.7128712871272,665.7128712871272,,-1034.9356435643565
10.9,llm_1,669.1064356435628,-6.4514999999999985,33.93564356435644,1000.0,,0.0,0.0,0.0,0.0,0.0,0,highway_0,1,350.1064356435628,669.1064356435628,,-1034.9356435643565
11.0,llm_1,672.4999999999984,-6.4514999999999985,33.93564356435644,1000.0,,0.0,0.0,0.0,0.0,0.0,0,highway_0,1,353.4999999999984,672.4999999999984,,-1034.9356435643565
11.1,llm_1,675.893564356434,-6.4514999999999985,33.93564356435644,1000.0,,0.0,0.0,0.0,0.0,0.0,0,highway_0,1,356.893564356434,675.893564356434,,-1034.9356435643565
11.2,llm_1,679.2871287128696,-6.4514999999999985,33.93564356435644,1000.0,,0.0,0.0,0.0,0.0,0.0,0,highway_0,1,360.2871287128696,679.2871287128696,,-1034.9356435643565
11.3,llm_1,682.6806930693052,-6.4514999999999985,33.93564356435644,1000.0,,0.0,0.0,0.0,0.0,0.0,0,highway_0,1,363.6806930693052,682.6806930693052,,-1034.9356435643565
11.4,llm_1,686.0742574257408,-6.4514999999999985,33.93564356435644,1000.0,,0.0,0.0,0.0,0.0,0.0,0,highway_0,1,367.0742574257408,686.0742574257408,,-1034.9356435643565
11.5,llm_1,689.4678217821764,-6.4514999999999985,33.93564356435644,1000.0,,0.0,0.0,0.0,0.0,0.0,0,highway_0,1,370.46782178217643,689.4678217821764,,-1034.9356435643565
11.6,llm_1,692.861386138612,-6.4514999999999985,33.93564356435644,1000.0,,0.0,0.0,0.0,0.0,0.0,0,highway_0,1,373.86138613861203,692.861386138612,,-1034.9356435643565
11.7,llm_1,696.2549504950476,-6.4514999999999985,33.93564356435644,1000.0,,0.0,0.0,0.0,0.0,0.0,0,highway_0,1,377.25495049504764,696.2549504950476,,-1034.9356435643565
11.8,llm_1,699.6485148514832,-6.4514999999999985,33.93564356435644,1000.0,,0.0,0.0,0.0,0.0,0.0,0,highway_0,1,380.64851485148324,699.6485148514832,,-1034.9356435643565
11.9,llm_1,703.0420792079188,-6.4514999999999985,33.93564356435644,1000.0,,0.0,0.0,0.0,0.0,0.0,0,highway_0,1,384.04207920791885,703.0420792079188,,-1034.9356435643565
12.0,llm_1,706.4356435643545,-6.4514999999999985,33.93564356435644,1000.0,,0.0,0.0,0.0,0.0,0.0,0,highway_0,1,387.43564356435445,706.4356435643545,,-1034.9356435643565
12.1,llm_1,709.82920792079,-6.4514999999999985,33.93564356435644,1000.0,,0.0,0.0,0.0,0.0,0.0,0,highway_0,1,390.82920792079005,709.82920792079,,-1034.9356435643565
12.2,llm_1,713.2227722772257,-6.4514999999999985,33.93564356435644,1000.0,,0.0,0.0,0.0,0.0,0.0,0,highway_0,1,394.22277227722566,713.2227722772257,,-1034.9356435643565
12.3,llm_1,716.6163366336613,-6.4514999999999985,33.93564356435644,1000.0,,0.0,0.0,0.0,0.0,0.0,0,highway_0,1,397.61633663366126,716.6163366336613,,-1034.9356435643565
12.4,llm_1,720.0099009900969,-6.4514999999999985,33.93564356435644,1000.0,,0.0,0.0,0.0,0.0,0.0,0,highway_0,1,401.00990099009687,720.0099009900969,,-1034.9356435643565
12.5,llm_1,723.4034653465325,-6.4514999999999985,33.93564356435644,1000.0,,0.0,0.0,0.0,0.0,0.0,0,highway_0,1,404.40346534653247,723.4034653465325,,-1034.9356435643565
12.6,llm_1,726.7970297029681,-6.4514999999999985,33.93564356435644,1000.0,,0.0,0.0,0.0,0.0,0.0,0,highway_0,1,407.7970297029681,726.7970297029681,,-1034.9356435643565
12.7,llm_1,730.1905940594037,-6.4514999999999985,33.93564356435644,1000.0,,0.0,0.0,0.0,0.0,0.0,0,highway_0,1,411.1905940594037,730.1905940594037,,-1034.9356435643565
12.8,llm_1,733.5841584158393,-6.4514999999999985,33.93564356435644,1000.0,,0.0,0.0,0.0,0.0,0.0,0,highway_0,1,414.5841584158393,733.5841584158393,,-1034.9356435643565
12.9,llm_1,736.9777227722749,-6.4514999999999985,33.93564356435644,1000.0,,0.0,0.0,0.0,0.0,0.0,0,highway_0,1,417.9777227722749,736.9777227722749,,-1034.9356435643565
13.0,llm_1,740.3712871287105,-6.4514999999999985,33.93564356435644,1000.0,,0.0,0.0,0.0,0.0,0.0,0,highway_0,1,421.3712871287105,740.3712871287105,,-1034.9356435643565
13.1,llm_1,743.7648514851461,-6.4514999999999985,33.93564356435644,1000.0,,0.0,0.0,0.0,0.0,0.0,0,highway_0,1,424.7648514851461,743.7648514851461,,-1034.9356435643565
13.2,llm_1,747.1584158415817,-6.4514999999999985,33.93564356435644,1000.0,,0.0,0.0,0.0,0.0,0.0,0,highway_0,1,428.1584158415817,747.1584158415817,,-1034.9356435643565
13.3,llm_1,750.5519801980173,-6.4514999999999985,33.93564356435644,1000.0,,0.0,0.0,0.0,0.0,0.0,0,highway_0,1,431.5519801980173,750.5519801980173,,-1034.9356435643565
13.4,llm_1,753.9455445544529,-6.4514999999999985,33.93564356435644,1000.0,,0.0,0.0,0.0,0.0,0.0,0,highway_0,1,434.9455445544529,753.9455445544529,,-1034.9356435643565
13.5,llm_1,757.3391089108885,-6.4514999999999985,33.93564356435644,1000.0,,0.0,0.0,0.0,0.0,0.0,0,highway_0,1,438.3391089108885,757.3391089108885,,-1034.9356435643565
13.6,llm_1,760.7326732673241,-6.4514999999999985,33.93564356435644,1000.0,,0.0,0.0,0.0,0.0,0.0,0,highway_0,1,441.7326732673241,760.7326732673241,,-1034.9356435643565
13.7,llm_1,764.1480198019776,-6.461499999999999,34.15346534653466,1000.0,,2.2,2.2,2.2,2.2,2.178217821782198,0,highway_0,1,445.1480198019776,764.1480198019776,,-1035.1534653465346
13.8,llm_1,767.5851485148489,-6.481499999999999,34.37128712871288,1000.0,,2.2,2.2,2.2,2.2,2.178217821782198,0,highway_0,1,448.5851485148489,767.5851485148489,,-1035.371287128713
13.9,llm_1,771.044059405938,-6.511499999999999,34.5891089108911,1000.0,,2.2,2.2,2.2,2.2,2.178217821782198,0,highway_0,1,452.044059405938,771.044059405938,,-1035.5891089108911
14.0,llm_1,774.5247524752449,-6.551499999999999,34.80693069306932,1000.0,,2.2,2.2,2.2,2.2,2.178217821782198,0,highway_0,1,455.5247524752449,774.5247524752449,,-1035.8069306930693
14.1,llm_1,778.0272277227697,-6.601499999999999,35.02475247524754,1000.0,,2.2,2.2,2.2,2.2,2.178217821782198,0,highway_0,1,459.0272277227697,778.0272277227697,,-1036.0247524752476
14.2,llm_1,781.5514851485123,-6.661499999999998,35.24257425742576,1000.0,,2.2,2.2,2.2,2.2,2.178217821782198,0,highway_0,1,462.55148514851226,781.5514851485123,,-1036.2425742574258
14.3,llm_1,785.0975247524726,-6.731499999999999,35.46039603960398,1000.0,,2.2,2.2,2.2,2.2,2.178217821782198,0,highway_0,1,466.0975247524726,785.0975247524726,,-1036.460396039604
14.4,llm_1,788.6653465346509,-6.811499999999999,35.6782178217822,1000.0,,2.2,2.2,2.2,2.2,2.178217821782198,0,highway_0,1,469.6653465346509,788.6653465346509,,-1036.6782178217823
14.5,llm_1,792.254950495047,-6.901499999999999,35.89603960396042,1000.0,,2.2,2.2,2.2,2.2,2.178217821782198,0,highway_0,1,473.25495049504696,792.254950495047,,-1036.8960396039604
14.6,llm_1,795.8663366336608,-7.001499999999999,36.11386138613864,1000.0,,2.2,2.2,2.2,2.2,2.178217821782198,0,highway_0,1,476.8663366336608,795.8663366336608,,-1037.1138613861385
14.7,llm_1,799.4995049504925,-7.101499999999999,36.33168316831686,1000.0,,2.2,2.2,2.2,2.2,2.178217821782198,0,highway_0,1,480.49950495049245,799.4995049504925,,-1037.3316831683169
14.8,llm_1,803.154455445542,-7.201499999999999,36.54950495049508,1000.0,,2.2,2.2,2.2,2.2,2.178217821782198,0,highway_0,1,484.154455445542,803.154455445542,,-1037.549504950495
14.9,llm_1,806.8311881188093,-7.301499999999999,36.7673267326733,1000.0,,2.2,2.2,2.2,2.2,2.178217821782198,0,highway_0,1,487.83118811880934,806.8311881188093,,-1037.7673267326734
15.0,llm_1,810.5297029702945,-7.401499999999999,36.98514851485152,1000.0,,2.2,2.2,2.2,2.2,2.178217821782198,0,highway_0,1,491.52970297029447,810.5297029702945,,-1037.9851485148515
15.1,llm_1,814.2499999999974,-7.501499999999999,37.20297029702974,1000.0,,2.2,2.2,2.2,2.2,2.178217821782198,0,highway_0,1,495.2499999999974,814.2499999999974,,-1038.2029702970297
15.2,llm_1,817.9920792079182,-7.601499999999999,37.420792079207956,1000.0,,2.2,2.2,2.2,2.2,2.178217821782198,0,highway_0,1,498.9920792079182,817.9920792079182,,-1038.420792079208
15.3,llm_1,821.7559405940568,-7.701499999999999,37.638613861386176,1000.0,,2.2,2.2,2.2,2.2,2.178217821782198,0,highway_0,1,502.7559405940568,821.7559405940568,,-1038.6386138613861
15.4,llm_1,825.5415841584132,-7.801499999999999,37.856435643564396,1000.0,,2.2,2.2,2.2,2.2,2.178217821782198,0,highway_0,1,506.54158415841323,825.5415841584132,,-1038.8564356435645
15.5,llm_1,829.3490099009875,-7.901499999999999,38.074257425742616,1000.0,,2.2,2.2,2.2,2.2,2.178217821782198,0,highway_0,1,510.34900990098754,829.3490099009875,,-1039.0742574257426
15.6,llm_1,833.1782178217796,-8.001499999999998,38.292079207920835,1000.0,,2.2,2.2,2.2,2.2,2.178217821782198,0,highway_0,1,514.1782178217796,833.1782178217796,,-1039.2920792079208
15.7,llm_1,837.0292079207895,-8.1015,38.509900990099055,1000.0,,2.2,2.2,2.2,2.2,2.178217821782198,0,highway_0,1,518.0292079207895,837.0292079207895,,-1039.5099009900991
15.8,llm_1,840.9019801980172,-8.2015,38.727722772277275,1000.0,,2.2,2.2,2.2,2.2,2.178217821782198,0,highway_0,1,521.9019801980172,840.9019801980172,,-1039.7277227722773
15.9,llm_1,844.7965346534628,-8.301499999999999,38.945544554455495,1000.0,,2.2,2.2,2.2,2.2,2.178217821782198,0,highway_0,1,525.7965346534628,844.7965346534628,,-1039.9455445544554
16.0,llm_1,848.7128712871262,-8.401499999999999,39.163366336633715,1000.0,,2.2,2.2,2.2,2.2,2.178217821782198,0,highway_0,1,529.7128712871262,848.7128712871262,,-1040.1633663366338
16.1,llm_1,852.6509900990073,-8.501499999999998,39.381188118811934,1000.0,,2.2,2.2,2.2,2.2,2.178217821782198,0,highway_0,1,533.6509900990073,852.6509900990073,,-1040.381188118812
16.2,llm_1,856.6108910891064,-8.6015,39.599009900990154,1000.0,,2.2,2.2,2.2,2.2,2.178217821782198,0,highway_0,1,537.6108910891064,856.6108910891064,,-1040.59900990099
16.3,llm_1,860.5925742574233,-8.7015,39.816831683168374,1000.0,,2.2,2.2,2.2,2.2,2.178217821782198,0,highway_0,1,541.5925742574233,860.5925742574233,,-1040.8168316831684
16.4,llm_1,864.5960396039579,-8.801499999999999,40.034653465346594,1000.0,,2.2,2.2,2.2,2.2,2.178217821782198,0,highway_0,1,545.5960396039579,864.5960396039579,,-1041.0346534653465
16.5,llm_1,868.6212871287104,-8.901499999999999,40.25247524752481,1000.0,,2.2,2.2,2.2,2.2,2.178217821782198,0,highway_0,1,549.6212871287104,868.6212871287104,,-1041.252475247525
16.6,llm_1,872.6683168316807,-9.001499999999998,40.47029702970303,1000.0,,2.2,2.2,2.2,2.2,2.178217821782198,0,highway_0,1,553.6683168316807,872.6683168316807,,-1041.470297029703
16.7,llm_1,876.7371287128689,-9.1015,40.68811881188125,1000.0,,2.2,2.2,2.2,2.2,2.178217821782198,0,highway_0,1,557.7371287128689,876.7371287128689,,-1041.6881188118812
16.8,llm_1,880.8277227722748,-9.2015,40.90594059405947,1000.0,,2.2,2.2,2.2,2.2,2.178217821782198,0,highway_0,1,561.8277227722748,880.8277227722748,,-1041.9059405940595
16.9,llm_1,884.9400990098985,-9.301499999999999,41.12376237623769,1000.0,,2.2,2.2,2.2,2.2,2.178217821782198,0,highway_0,1,565.9400990098985,884.9400990098985,,-1042.1237623762377
17.0,llm_1,889.0742574257401,-9.401499999999999,41.34158415841591,1000.0,,2.2,2.2,2.2,2.2,2.178217821782198,0,highway_0,1,570.0742574257401,889.0742574257401,,-1042.341584158416
17.1,llm_1,893.2301980197996,-9.5015,41.55940594059413,1000.0,,2.2,2.2,2.2,2.2,2.178217821782198,0,highway_0,1,574.2301980197996,893.2301980197996,,-1042.5594059405942
17.2,llm_1,897.4079207920768,-9.6015,41.77722772277235,1000.0,,2.2,2.2,2.2,2.2,2.178217821782198,0,highway_0,0,578.4079207920768,897.4079207920768,,-1042.7772277227723
17.3,llm_1,901.5775878310553,-9.701500000000001,41.696670389786476,1000.0,,-0.8136290631573297,-0.8136290631573297,-0.8136290631573297,-0.8136290631573297,-0.8055733298587597,0,highway_0,0,582.5775878310554,901.5775878310554,,-1042.6966703897865
17.4,llm_1,905.7393372375361,-9.8015,41.61749406480657,1000.0,,-0.7996808822970276,-0.7996808822970276,-0.7996808822970276,-0.7996808822970276,-0.7917632497990468,0,highway_0,0,586.7393372375361,905.7393372375361,,-1042.6174940648066
17.5,llm_1,909.8933039671122,-9.9015,41.539667295760694,1000.0,,-0.7860503673633328,-0.7860503673633328,-0.7860503673633328,-0.7860503673633328,-0.778267690458776,0,highway_0,0,590.8933039671122,909.8933039671122,,-1042.5396672957606
17.6,llm_1,914.0396199265203,-10.0015,41.46315959408353,1000.0,,-0.7727277869394147,-0.7727277869394147,-0.7727277869394147,-0.7727277869394147,-0.7650770167716558,0,highway_0,0,595.0396199265205,914.0396199265205,,-1042.4631595940834
17.7,llm_1,918.1784140661937,-10.101500000000001,41.38794139673228,1000.0,,-0.7597037932475947,-0.7597037932475947,-0.7597037932475947,-0.7597037932475947,-0.752181973512478,0,highway_0,0,599.1784140661937,918.1784140661937,,-1042.3879413967322
17.8,llm_1,922.309812469197,-10.201500000000001,41.3139840300338,1000.0,,-0.7469694036546088,-0.7469694036546088,-0.7469694036546088,-0.7469694036546088,-0.7395736669847963,0,highway_0,0,603.309812469197,922.309812469197,,-1042.313984030034
17.9,llm_1,926.4339384367229,-10.3015,41.241259675258796,1000.0,,-0.734515983227521,-0.734515983227521,-0.734515983227521,-0.734515983227521,-0.7272435477500494,0,highway_0,0,607.4339384367229,926.4339384367229,,-1042.2412596752588
18.0,llm_1,930.5509125703054,-10.4015,41.169741335825954,1000.0,,-0.7223352282717077,-0.7223352282717077,-0.7223352282717077,-0.7223352282717077,-0.7151833943284203,0,highway_0,0,611.5509125703055,930.5509125703055,,-1042.1697413358258
18.1,llm_1,934.6608528509099,-10.5015,41.09940280604502,1000.0,,-0.7104191507874258,-0.7104191507874258,-0.7104191507874258,-0.7104191507874258,-0.7033852978093336,0,highway_0,0,615.66085285091,934.66085285091,,-1042.099402806045
18.2,llm_1,938.7638747150413,-10.601500000000001,41.03021864131372,1000.0,,-0.6987600637860663,-0.6987600637860663,-0.6987600637860663,-0.6987600637860663,-0.6918416473129696,0,highway_0,0,619.7638747150414,938.7638747150414,,-1042.0302186413137
18.3,llm_1,942.8600911280104,-10.701500000000001,40.96216412968882,1000.0,,-0.6873505674114895,-0.6873505674114895,-0.6873505674114895,-0.6873505674114895,-0.6805451162490073,0,highway_0,0,623.8600911280103,942.8600911280103,,-1041.9621641296887
18.4,llm_1,946.9496126544859,-10.8015,40.89521526475657,1000.0,,-0.6761835358157247,-0.6761835358157247,-0.6761835358157247,-0.6761835358157247,-0.6694886493225027,0,highway_0,0,627.9496126544859,946.9496126544859,,-1041.8952152647566
18.5,llm_1,951.0325475264592,-10.9015,40.82934871973262,1000.0,,-0.6652521047419051,-0.6652521047419051,-0.6652521047419051,-0.6652521047419051,-0.6586654502395106,0,highway_0,0,632.0325475264592,951.0325475264592,,-1041.8293487197327
18.6,llm_1,955.1090017087316,-11.0015,40.764541822725626,1000.0,,-0.6545496597706779,-0.6545496597706779,-0.6545496597706779,-0.6545496597706779,-0.6480689700699571,0,highway_0,0,636.1090017087317,955.1090017087317,,-1041.7645418227257
18.7,llm_1,959.1790789620421,-11.101500000000001,40.70077253310292,1000.0,,-0.6440698251893255,-0.6440698251893255,-0.6440698251893255,-0.6440698251893255,-0.6376928962270512,0,highway_0,0,640.179078962042,959.179078962042,,-1041.700772533103
18.8,llm_1,963.242880903932,-11.201500000000001,40.63801941890037,1000.0,,-0.6338064534457042,-0.6338064534457042,-0.6338064534457042,-0.6338064534457042,-0.6275311420255036,0,highway_0,0,644.242880903932,963.242880903932,,-1041.6380194189003
18.9,llm_1,967.3005070674543,-11.3015,40.57626163522199,1000.0,,-0.6237536151516712,-0.6237536151516712,-0.6237536151516712,-0.6237536151516712,-0.6175778367838092,0,highway_0,0,648.3005070674542,967.3005070674542,,-1041.576261635222
19.0,llm_1,971.3520549578119,-11.4015,40.51547890357811,1000.0,,-0.6139055896031107,-0.6139055896031107,-0.6139055896031107,-0.6139055896031107,-0.6078273164387582,0,highway_0,0,652.352054957812,971.352054957812,,-1041.515478903578
19.1,llm_1,975.3976201070235,-11.4915,40.455651492114164,1000.0,,-0.6042568557858556,-0.6042568557858556,-0.6042568557858556,-0.6042568557858556,-0.5982741146394943,0,highway_0,0,656.3976201070234,975.3976201070234,,-1041.4556514921142
19.2,llm_1,979.4372961266918,-11.5715,40.396760196684575,1000.0,,-0.5948020838388925,-0.5948020838388925,-0.5948020838388925,-0.5948020838388925,-0.5889129542958926,0,highway_0,0,660.4372961266919,979.4372961266919,,-1041.3967601966847
19.3,llm_1,983.4711747589648,-11.6415,40.33878632272931,1000.0,,-0.585536126948127,-0.585536126948127,-0.585536126948127,-0.585536126948127,-0.5797387395526243,0,highway_0,0,664.4711747589648,983.4711747589648,,-1041.3387863227292
19.4,llm_1,987.4993459257561,-11.701500000000001,40.2817116679129,1000.0,,-0.5764540136457124,-0.5764540136457124,-0.5764540136457124,-0.5764540136457124,-0.5707465481641094,0,highway_0,0,668.4993459257561,987.4993459257561,,-1041.281711667913
19.5,llm_1,991.521897776305,-11.7515,40.22551850548798,1000.0,,-0.5675509404916643,-0.5675509404916643,-0.5675509404916643,-0.5675509404916643,-0.5619316242491834,0,highway_0,0,672.5218977763049,991.5218977763049,,-1041.225518505488
19.6,llm_1,995.5389167331396,-11.791500000000001,40.170189568347794,1000.0,,-0.5588222651159014,-0.5588222651159014,-0.5588222651159014,-0.5588222651159014,-0.5532893714018883,0,highway_0,0,676.5389167331397,995.5389167331397,,-1041.1701895683477
19.7,llm_1,999.5504875365131,-11.8315,40.1157080337339,1000.0,,-0.5502634996003111,-0.5502634996003111,-0.5502634996003111,-0.5502634996003111,-0.5448153461389182,0,highway_0,0,680.5504875365131,999.5504875365131,,-1041.1157080337339
19.8,llm_1,1003.5566932873699,-11.861500000000001,40.06205750856739,1000.0,,-0.5418703041817485,-0.5418703041817485,-0.5418703041817485,-0.5418703041817485,-0.5365052516651048,0,highway_0,0,684.5566932873699,1003.5566932873699,,-1041.0620575085675
19.9,llm_1,1007.5576154889072,-11.8815,40.009222015373524,1000.0,,-0.533638481258049,-0.533638481258049,-0.533638481258049,-0.533638481258049,-0.5283549319386793,0,highway_0,0,688.5576154889072,1007.5576154889072,,-1041.0092220153736
20.0,llm_1,1011.5533340867844,-11.8915,39.95718597877151,1000.0,,-0.5255639696803103,-0.5255639696803103,-0.5255639696803103,-0.5255639696803103,-0.5203603660201139,0,highway_0,0,692.5533340867844,1011.5533340867844,,-1040.9571859787716
20.1,llm_1,1015.5439275080347,-11.8915,39.905934212502636,1000.0,,-0.5176428393156922,-0.5176428393156922,-0.5176428393156922,-0.5176428393156922,-0.5125176626887651,0,highway_0,0,696.5439275080347,1015.5439275080347,,-1040.9059342125026
20.2,llm_1,1019.5294726987319,-11.8995,39.85545190697135,1000.0,,-0.5098712858660164,-0.5098712858660164,-0.5098712858660164,-0.5098712858660164,-0.5048230553128263,0,highway_0,0,700.5294726987319,1019.5294726987319,,-1040.8554519069714
20.3,llm_1,1023.5100451604594,-11.8995,39.80572461727548,1000.0,,-0.5022456259282959,-0.5022456259282959,-0.5022456259282959,-0.5022456259282959,-0.49727289695873367,0,highway_0,0,704.5100451604594,1023.5100451604594,,-1040.8057246172755
20.4,llm_1,1027.4857189856298,-11.8995,39.756738251702785,1000.0,,-0.4947622922842334,-0.4947622922842334,-0.4947622922842334,-0.4947622922842334,-0.4898636557269498,0,highway_0,0,708.4857189856298,1027.4857189856298,,-1040.7567382517027
20.5,llm_1,1031.456566891697,-11.8995,39.708479060672445,1000.0,,-0.48741782940644507,-0.48741782940644507,-0.48741782940644507,-0.48741782940644507,-0.4825919103033982,0,highway_0,0,712.4565668916971,1031.456566891697,,-1040.7084790606725
20.6,llm_1,1035.4226602543072,-11.8995,39.66093362610116,1000.0,,-0.48020888916996163,-0.48020888916996163,-0.48020888916996163,-0.48020888916996163,-0.4754543457128335,0,highway_0,0,716.4226602543072,1035.4226602543072,,-1040.6609336261013
20.7,llm_1,1039.3840691394246,-11.8995,39.61408885117461,1000.0,,-0.4731322267582152,-0.4731322267582152,-0.4731322267582152,-0.4731322267582152,-0.46844774926555033,0,highway_0,0,720.3840691394246,1039.3840691394246,,-1040.6140888511745
20.8,llm_1,1043.340862334475,-11.8995,39.56793195050596,1000.0,,-0.46618469675335295,-0.46618469675335295,-0.46618469675335295,-0.46618469675335295,-0.4615690066864886,0,highway_0,0,724.3408623344751,1043.340862334475,,-1040.567931950506
20.9,llm_1,1047.2931073785414,-11.8995,39.52245044066424,1000.0,,-0.45936324940134576,-0.45936324940134576,-0.45936324940134576,-0.45936324940134576,-0.4548150984172139,0,highway_0,0,728.2931073785414,1047.2931073785414,,-1040.5224504406642
21.0,llm_1,1051.240870591647,-11.8995,39.47763213105603,1000.0,,-0.4526649270428862,-0.4526649270428862,-0.4526649270428862,-0.4526649270428862,-0.4481830960820332,0,highway_0,0,732.2408705916471,1051.240870591647,,-1040.477632131056
21.1,llm_1,1055.1842171031615,-11.8995,39.43346511514498,1000.0,,-0.44608686070162107,-0.44608686070162107,-0.44608686070162107,-0.44608686070162107,-0.441670159110501,0,highway_0,0,736.1842171031615,1055.1842171031615,,-1040.433465115145
21.2,llm_1,1059.1232108793608,-11.8995,39.38993776199432,1000.0,,-0.43962626682171657,-0.43962626682171657,-0.43962626682171657,-0.43962626682171657,-0.4352735315066525,0,highway_0,0,740.1232108793608,1059.1232108793608,,-1040.3899377619944
21.3,llm_1,1063.0579147501726,-11.8995,39.34703870811835,1000.0,,-0.4332804441472575,-0.4332804441472575,-0.4332804441472575,-0.4332804441472575,-0.42899053875970594,0,highway_0,0,744.0579147501726,1063.0579147501726,,-1040.3470387081184
21.4,llm_1,1066.9883904351354,-11.8995,39.3047568496296,1000.0,,-0.4270467707363763,-0.4270467707363763,-0.4270467707363763,-0.4270467707363763,-0.42281858488749435,0,highway_0,0,747.9883904351354,1066.9883904351354,,-1040.3047568496295
21.5,llm_1,1070.9146985686023,-11.8995,39.26308133466887,1000.0,,-0.42092270110340313,-0.42092270110340313,-0.42092270110340313,-0.42092270110340313,-0.4167551496072974,0,highway_0,0,751.9146985686023,1070.9146985686023,,-1040.2630813346689
21.6,llm_1,1074.836898724213,-11.8995,39.22200155610622,1000.0,,-0.41490576348274266,-0.41490576348274266,-0.41490576348274266,-0.41490576348274266,-0.41079778562647107,0,highway_0,0,755.8368987242129,1074.836898724213,,-1040.2220015561063
21.7,llm_1,1078.755049438663,-11.8995,39.181507144501424,1000.0,,-0.40899355720849195,-0.40899355720849195,-0.40899355720849195,-0.40899355720849195,-0.40494411604797165,0,highway_0,0,759.755049438663,1078.755049438663,,-1040.1815071445014
21.8,llm_1,1082.6692082347943,-11.8995,39.141587961312894,1000.0,,-0.4031837502041702,-0.4031837502041702,-0.4031837502041702,-0.4031837502041702,-0.3991918318853038,0,highway_0,0,763.6692082347943,1082.6692082347943,,-1040.1415879613128
21.9,llm_1,1086.5794316440288,-11.8995,39.10223409234485,1000.0,,-0.39747407657724,-0.39747407657724,-0.39747407657724,-0.39747407657724,-0.39353868968042605,0,highway_0,0,767.5794316440288,1086.5794316440288,,-1040.1022340923448
22.0,llm_1,1090.485775228171,-11.8995,39.06343584142274,1000.0,,-0.39186233431337225,-0.39186233431337225,-0.39186233431337225,-0.39186233431337225,-0.387982509221132,0,highway_0,0,771.485775228171,1090.485775228171,,-1040.0634358414227
22.1,llm_1,1094.3882936005998,-11.8995,39.02518372428752,1000.0,,-0.3863463830657001,-0.3863463830657001,-0.3863463830657001,-0.3863463830657001,-0.3825211713521526,0,highway_0,0,775.3882936005998,1094.3882936005998,,-1040.0251837242874
22.2,llm_1,1098.2870404468697,-11.8995,38.987468462699944,1000.0,,-0.3809241420345604,-0.3809241420345604,-0.3809241420345604,-0.3809241420345604,-0.3771526158757865,0,highway_0,0,779.2870404468697,1098.2870404468697,,-1039.9874684627
22.3,llm_1,1102.1820685447442,-11.8995,38.950280978746136,1000.0,,-0.37559358793344955,-0.37559358793344955,-0.37559358793344955,-0.37559358793344955,-0.37187483953808,0,highway_0,0,783.1820685447442,1102.1820685447442,,-1039.9502809787462
22.4,llm_1,1106.0734297836777,-11.8995,38.913612389336514,1000.0,,-0.3703527530371622,-0.3703527530371622,-0.3703527530371622,-0.3703527530371622,-0.36668589409622143,0,highway_0,0,787.0734297836777,1106.0734297836777,,-1039.9136123893365
22.5,llm_1,1109.9611751837667,-11.8995,38.87745400089015,1000.0,,-0.3651997233082913,-0.3651997233082913,-0.3651997233082913,-0.3651997233082913,-0.36158388446366985,0,highway_0,0,790.9611751837667,1109.9611751837667,,-1039.87745400089
22.6,llm_1,1113.8453549141864,-11.8995,38.84179730419723,1000.0,,-0.3601326365984656,-0.3601326365984656,-0.3601326365984656,-0.3601326365984656,-0.35656696692917933,0,highway_0,0,794.8453549141864,1113.8453549141864,,-1039.8417973041971
22.7,llm_1,1117.7260183111316,-11.8995,38.80663396945259,1000.0,,-0.3551496809208865,-0.3551496809208865,-0.3551496809208865,-0.3551496809208865,-0.35163334744638064,0,highway_0,0,798.7260183111316,1117.7260183111316,,-1039.8066339694526
22.8,llm_1,1121.603213895277,-11.8995,38.77195584145349,1000.0,,-0.350249092790915,-0.350249092790915,-0.350249092790915,-0.350249092790915,-0.3467812799910064,0,highway_0,0,802.6032138952769,1121.603213895277,,-1039.7719558414535
22.9,llm_1,1125.4769893887724,-11.8995,38.737754934955305,1000.0,,-0.34542915563162113,-0.34542915563162113,-0.34542915563162113,-0.34542915563162113,-0.3420090649818519,0,highway_0,0,806.4769893887724,1125.4769893887724,,-1039.7377549349553
23.0,llm_1,1129.3473917317904,-11.8995,38.704023430178935,1000.0,,-0.3406881982413641,-0.3406881982413641,-0.3406881982413641,-0.3406881982413641,-0.3373150477636955,0,highway_0,0,810.3473917317904,1129.3473917317904,,-1039.704023430179
23.1,llm_1,1133.2144670986368,-11.8995,38.670753668464016,1000.0,,-0.33602459332063295,-0.33602459332063295,-0.33602459332063295,-0.33602459332063295,-0.33269761714919355,0,highway_0,0,814.2144670986368,1133.2144670986368,,-1039.670753668464
23.2,llm_1,1137.078260913443,-11.8995,38.63793814806248,1000.0,,-0.33143675605548295,-0.33143675605548295,-0.33143675605548295,-0.33143675605548295,-0.3281552040153457,0,highway_0,0,818.078260913443,1137.078260913443,,-1039.6379381480624
23.3,llm_1,1140.9388178654497,-11.8995,38.60556952006693,1000.0,,-0.3269231427551025,-0.3269231427551025,-0.3269231427551025,-0.3269231427551025,-0.323686279955524,0,highway_0,0,821.9388178654497,1140.9388178654497,,-1039.6055695200669
23.4,llm_1,1144.7961819238965,-11.8995,38.5736405844688,1000.0,,-0.32248224954108773,-0.32248224954108773,-0.32248224954108773,-0.32248224954108773,-0.3192893559813115,0,highway_0,0,825.7961819238965,1144.7961819238965,,-1039.5736405844689
23.5,llm_1,1148.6503963525306,-11.8995,38.54214428634145,1000.0,,-0.3181126110861936,-0.3181126110861936,-0.3181126110861936,-0.3181126110861936,-0.31496298127350997,0,highway_0,0,829.6503963525306,1148.6503963525306,,-1039.5421442863415
23.6,llm_1,1152.501503723745,-11.8995,38.511073712143386,1000.0,,-0.3138127994003972,-0.3138127994003972,-0.3138127994003972,-0.3138127994003972,-0.3107057419806125,0,highway_0,0,833.5015037237449,1152.501503723745,,-1039.5110737121433
23.7,llm_1,1156.3495459323588,-11.8995,38.480422086137224,1000.0,,-0.3095814226622249,-0.3095814226622249,-0.3095814226622249,-0.3095814226622249,-0.30651626006161337,0,highway_0,0,837.3495459323588,1156.3495459323588,,-1039.4804220861372
23.8,llm_1,1160.1945642090507,-11.8995,38.45018276692006,1000.0,,-0.30541712409340604,-0.30541712409340604,-0.30541712409340604,-0.30541712409340604,-0.3023931921716638,0,highway_0,0,841.1945642090507,1160.1945642090507,,-1039.45018276692
23.9,llm_1,1164.0365991334568,-11.8995,38.42034924406115,1000.0,,-0.3013185808750085,-0.3013185808750085,-0.3013185808750085,-0.3013185808750085,-0.2983352285890817,0,highway_0,0,845.0365991334568,1164.0365991334568,,-1039.420349244061
24.0,llm_1,1167.8756906469412,-11.8995,38.390915134843,1000.0,,-0.2972845031032698,-0.2972845031032698,-0.2972845031032698,-0.2972845031032698,-0.2943410921815115,0,highway_0,0,848.8756906469412,1167.8756906469412,,-1039.390915134843
24.1,llm_1,1171.7118780650515,-11.8995,38.36187418110206,1000.0,,-0.29331363278348,-0.29331363278348,-0.29331363278348,-0.29331363278348,-0.29040953740938846,0,highway_0,0,852.7118780650515,1171.7118780650515,,-1039.3618741811022
24.2,llm_1,1175.545200089668,-11.8995,38.333220246165396,1000.0,,-0.28940474286030105,-0.28940474286030105,-0.28940474286030105,-0.28940474286030105,-0.2865393493666346,0,highway_0,0,856.545200089668,1175.545200089668,,-1039.3332202461654
24.3,llm_1,1179.375694820856,-11.8995,38.30494731187996,1000.0,,-0.28555663628299155,-0.28555663628299155,-0.28555663628299155,-0.28555663628299155,-0.2827293428543953,0,highway_0,0,860.3756948208561,1179.375694820856,,-1039.30494731188
24.4,llm_1,1183.203399768429,-11.8995,38.27704947573103,1000.0,,-0.28176814510411785,-0.28176814510411785,-0.28176814510411785,-0.28176814510411785,-0.27897836148923716,0,highway_0,0,864.2033997684291,1183.203399768429,,-1039.277049475731
24.5,llm_1,1187.0283518632339,-11.8995,38.24952094804684,1000.0,,-0.2780381296103367,-0.2780381296103367,-0.2780381296103367,-0.2780381296103367,-0.27528527684189896,0,highway_0,0,868.0283518632339,1187.0283518632339,,-1039.249520948047
24.6,llm_1,1190.8505874681625,-11.8995,38.222356049286056,1000.0,,-0.27436547748396833,-0.27436547748396833,-0.27436547748396833,-0.27436547748396833,-0.27164898760787537,0,highway_0,0,871.8505874681625,1190.8505874681625,,-1039.222356049286
24.7,llm_1,1194.670142388903,-11.8995,38.195549207405456,1000.0,,-0.2707491029940632,-0.2707491029940632,-0.2707491029940632,-0.2707491029940632,-0.26806841880599563,0,highway_0,0,875.6701423889031,1194.670142388903,,-1039.1955492074055
24.8,llm_1,1198.4870518844336,-11.8995,38.169094955304885,1000.0,,-0.267187946215806,-0.267187946215806,-0.267187946215806,-0.267187946215806,-0.2645425210057084,0,highway_0,0,879.4870518844336,1198.4870518844336,,-1039.169094955305
24.9,llm_1,1202.3013506772684,-11.8995,38.142987928346756,1000.0,,-0.2636809722770803,-0.2636809722770803,-0.2636809722770803,-0.2636809722770803,-0.2610702695812961,0,highway_0,0,883.3013506772684,1202.3013506772684,,-1039.1429879283467
25.0,llm_1,1206.113072963463,-11.8995,38.11722286194763,1000.0,,-0.2602271706311243,-0.2602271706311243,-0.2602271706311243,-0.2602271706311243,-0.25765066399124237,0,highway_0,0,887.1130729634631,1206.113072963463,,-1039.1172228619475
25.1,llm_1,1209.922252422387,-11.8995,38.09179458923929,1000.0,,-0.25682555435423216,-0.25682555435423216,-0.25682555435423216,-0.25682555435423216,-0.2542827270833925,0,highway_0,0,890.9222524223869,1209.922252422387,,-1039.0917945892393
25.2,llm_1,1213.7289222262666,-11.8995,38.066698038796964,1000.0,,-0.25347515946749755,-0.25347515946749755,-0.25347515946749755,-0.25347515946749755,-0.25096550442327725,0,highway_0,0,894.7289222262666,1213.7289222262666,,-1039.0666980387969
25.3,llm_1,1217.53311504951,-11.8995,38.04192823243245,1000.0,,-0.2501750442816604,-0.2501750442816604,-0.2501750442816604,-0.2501750442816604,-0.24769806364517422,0,highway_0,0,898.5331150495099,1217.53311504951,,-1039.0419282324324
25.4,llm_1,1221.3348630778148,-11.8995,38.017480283049856,1000.0,,-0.24692428876414607,-0.24692428876414607,-0.24692428876414607,-0.24692428876414607,-0.2444794938259065,0,highway_0,0,902.3348630778148,1221.3348630778148,,-1039.01748028305
25.5,llm_1,1225.134198017071,-11.8995,37.99334939256199,1000.0,,-0.24372199392743088,-0.24372199392743088,-0.24372199392743088,-0.24372199392743088,-0.24130890487867873,0,highway_0,0,906.134198017071,1225.134198017071,,-1038.993349392562
25.6,llm_1,1228.9311511020576,-11.8995,37.969530849865166,1000.0,,-0.24056728123789872,-0.24056728123789872,-0.24056728123789872,-0.24056728123789872,-0.2381854269682293,0,highway_0,0,909.9311511020576,1228.9311511020576,,-1038.9695308498651
25.7,llm_1,1232.7257531049447,-11.8995,37.94602002887066,1000.0,,-0.23745929204441385,-0.23745929204441385,-0.23745929204441385,-0.23745929204441385,-0.23510820994502524,0,highway_0,0,913.7257531049447,1232.7257531049447,,-1038.9460200288706
25.8,llm_1,1236.5180343436039,-11.8995,37.92281238659088,1000.0,,-0.23439718702582635,-0.23439718702582635,-0.23439718702582635,-0.23439718702582635,-0.23207642279786,0,highway_0,0,917.5180343436039,1236.5180343436039,,-1038.922812386591
25.9,llm_1,1240.3080246897316,-11.8995,37.89990346127833,1000.0,,-0.23138014565671328,-0.23138014565671328,-0.23138014565671328,-0.23138014565671328,-0.229089253125494,0,highway_0,0,921.3080246897316,1240.3080246897316,,-1038.8999034612784
26.0,llm_1,1244.0957535767932,-11.8995,37.877288870615885,1000.0,,-0.22840736569063758,-0.22840736569063758,-0.22840736569063758,-0.22840736569063758,-0.22614590662442424,0,highway_0,0,925.0957535767932,1244.0957535767932,,-1038.877288870616
26.1,llm_1,1247.8812500077888,-11.8995,37.85496430995645,1000.0,,-0.22547806266028347,-0.22547806266028347,-0.22547806266028347,-0.22547806266028347,-0.22324560659434667,0,highway_0,0,928.8812500077888,1247.8812500077888,,-1038.8549643099564
26.2,llm_1,1251.6645425628499,-11.8995,37.832925550610526,1000.0,,-0.2225914693938138,-0.2225914693938138,-0.2225914693938138,-0.2225914693938138,-0.2203875934592503,0,highway_0,0,932.6645425628499,1251.6645425628499,,-1038.8329255506105
26.3,llm_1,1255.4456594066678,-11.8995,37.81116843818014,1000.0,,-0.2197468355468548,-0.2197468355468548,-0.2197468355468548,-0.2197468355468548,-0.21757112430385916,0,highway_0,0,936.4456594066678,1255.4456594066678,,-1038.8111684381802
26.4,llm_1,1259.2246282957615,-11.8995,37.78968889093761,1000.0,,-0.2169434271495192,-0.2169434271495192,-0.2169434271495192,-0.2169434271495192,-0.21479547242527985,0,highway_0,0,940.2246282957615,1259.2246282957615,,-1038.7896888909377
26.5,llm_1,1263.0014765855863,-11.8995,37.768482898247726,1000.0,,-0.21418052616791328,-0.21418052616791328,-0.21418052616791328,-0.21418052616791328,-0.21205992689885989,0,highway_0,0,944.0014765855863,1263.0014765855863,,-1038.7684828982478
26.6,llm_1,1266.7762312374894,-11.8995,37.74754651903193,1000.0,,-0.21145743007959394,-0.21145743007959394,-0.21145743007959394,-0.21145743007959394,-0.20936379215797274,0,highway_0,0,947.7762312374894,1266.7762312374894,,-1038.7475465190319
26.7,llm_1,1270.5489188255167,-11.8995,37.72687588027327,1000.0,,-0.20877345146245352,-0.20877345146245352,-0.20877345146245352,-0.20877345146245352,-0.20670638758659265,0,highway_0,0,951.5489188255167,1270.5489188255167,,-1038.7268758802734
26.8,llm_1,1274.3195655430727,-11.8995,37.70646717556074,1000.0,,-0.20612791759656002,-0.20612791759656002,-0.20612791759656002,-0.20612791759656002,-0.20408704712529868,0,highway_0,0,955.3195655430727,1274.3195655430727,,-1038.7064671755606
26.9,llm_1,1278.0881972094398,-11.8995,37.68631666367178,1000.0,,-0.20352017007847478,-0.20352017007847478,-0.20352017007847478,-0.20352017007847478,-0.20150511888957112,0,highway_0,0,959.0881972094398,1278.0881972094398,,-1038.6863166636717
27.0,llm_1,1281.854839276159,-11.8995,37.66642066719182,1000.0,,-0.20094956444757583,-0.20094956444757583,-0.20094956444757583,-0.20094956444757583,-0.19895996479959877,0,highway_0,0,962.854839276159,1281.854839276159,,-1038.666420667192
27.1,llm_1,1285.619516833276,-11.8995,37.64677557116965,1000.0,,-0.1984154698239955,-0.1984154698239955,-0.1984154698239955,-0.1984154698239955,-0.19645096022173902,0,highway_0,0,966.6195168332761,1285.619516833276,,-1038.6467755711697
27.2,llm_1,1289.3822546154568,-11.8995,37.6273778218075,1000.0,,-0.19591726855771752,-0.19591726855771752,-0.19591726855771752,-0.19591726855771752,-0.19397749362148886,0,highway_0,0,970.3822546154568,1289.3822546154568,,-1038.6273778218074
27.3,llm_1,1293.1430770079753,-11.8995,37.60822392518488,1000.0,,-0.19345435588845783,-0.19345435588845783,-0.19345435588845783,-0.19345435588845783,-0.19153896622619015,0,highway_0,0,974.1430770079753,1293.1430770079753,,-1038.6082239251848
27.4,llm_1,1296.9020080525768,-11.8995,37.589310446014984,1000.0,,-0.19102613961594228,-0.19102613961594228,-0.19102613961594228,-0.19102613961594228,-0.18913479169896164,0,highway_0,0,977.9020080525768,1296.9020080525768,,-1038.589310446015
27.5,llm_1,1300.6590714532201,-11.8995,37.57063400643278,1000.0,,-0.18863203978021126,-0.18863203978021126,-0.18863203978021126,-0.18863203978021126,-0.18676439582201,0,highway_0,0,981.6590714532201,1300.6590714532201,,-1038.5706340064328
27.6,llm_1,1304.4142905817016,-11.8995,37.552191284813816,1000.0,,-0.186271488351601,-0.186271488351601,-0.186271488351601,-0.186271488351601,-0.1844272161896754,0,highway_0,0,985.4142905817016,1304.4142905817016,,-1038.5521912848137
27.7,llm_1,1308.1676884831638,-11.8995,37.533979014622716,1000.0,,-0.18394392893006328,-0.18394392893006328,-0.18394392893006328,-0.18394392893006328,-0.18212270191099833,0,highway_0,0,989.1676884831638,1308.1676884831638,,-1038.5339790146227
27.8,llm_1,1311.919287881493,-11.8995,37.51599398329069,1000.0,,-0.18164881645349795,-0.18164881645349795,-0.18164881645349795,-0.18164881645349795,-0.17985031332024448,0,highway_0,0,992.9192878814929,1311.919287881493,,-1038.5159939832906
27.9,llm_1,1315.669111184605,-11.8995,37.49823303112091,1000.0,,-0.1793856169147865,-0.1793856169147865,-0.1793856169147865,-0.1793856169147865,-0.17760952169780353,0,highway_0,0,996.6691111846051,1315.669111184605,,-1038.498233031121
28.0,llm_1,1319.4171804896273,-11.8995,37.480693050221184,1000.0,,-0.17715380708722983,-0.17715380708722983,-0.17715380708722983,-0.17715380708722983,-0.1753998089972697,0,highway_0,0,1000.4171804896273,1319.4171804896273,,-1038.4806930502211
28.1,llm_1,1323.1635175879735,-11.8995,37.46337098346296,1000.0,,-0.17495287425809547,-0.17495287425809547,-0.17495287425809547,-0.17495287425809547,-0.17322066758225674,0,highway_0,0,1004.1635175879735,1323.1635175879735,,-1038.463370983463
28.2,llm_1,1326.90814397032,-11.8995,37.446263823465934,1000.0,,-0.17278231597000215,-0.17278231597000215,-0.17278231597000215,-0.17278231597000215,-0.17107159997024723,0,highway_0,0,1007.90814397032,1326.90814397032,,-1038.4462638234659
28.3,llm_1,1330.6510808314808,-11.8995,37.42936861160753,1000.0,,-0.17064163976987823,-0.17064163976987823,-0.17064163976987823,-0.17064163976987823,-0.1689521185840448,0,highway_0,0,1011.6510808314808,1330.6510808314808,,-1038.4293686116075
28.4,llm_1,1334.3923490751865,-11.8995,37.41268243705652,1000.0,,-0.16853036296522728,-0.16853036296522728,-0.16853036296522728,-0.16853036296522728,-0.16686174551011845,0,highway_0,0,1015.3923490751865,1334.3923490751865,,-1038.4126824370564
28.5,llm_1,1338.1319693187695,-11.8995,37.396202435830034,1000.0,,-0.16644801238746698,-0.16644801238746698,-0.16644801238746698,-0.16644801238746698,-0.1648000122648341,0,highway_0,0,1019.1319693187695,1338.1319693187695,,-1038.39620243583
28.6,llm_1,1341.8699618977569,-11.8995,37.37992578987339,1000.0,,-0.16439412416209676,-0.16439412416209676,-0.16439412416209676,-0.16439412416209676,-0.1627664595664413,0,highway_0,0,1022.8699618977569,1341.8699618977569,,-1038.3799257898734
28.7,llm_1,1345.606346870373,-11.8995,37.36384972616196,1000.0,,-0.1623682434854663,-0.1623682434854663,-0.1623682434854663,-0.1623682434854663,-0.16076063711430777,0,highway_0,0,1026.606346870373,1345.606346870373,,-1038.363849726162
28.8,llm_1,1349.3411440219554,-11.8995,37.34797151582454,1000.0,,-0.16036992440793574,-0.16036992440793574,-0.16036992440793574,-0.16036992440793574,-0.15878210337419318,0,highway_0,0,1030.3411440219554,1349.3411440219554,,-1038.3479715158246
28.9,llm_1,1353.0743728692842,-11.8995,37.33228847328759,1000.0,,-0.15839872962319368,-0.15839872962319368,-0.15839872962319368,-0.15839872962319368,-0.15683042536949188,0,highway_0,0,1034.0743728692842,1353.0743728692842,,-1038.3322884732877
29.0,llm_1,1356.806052664828,-11.8995,37.31679795543971,1000.0,,-0.15645423026356253,-0.15645423026356253,-0.15645423026356253,-0.15645423026356253,-0.15490517847879914,0,highway_0,0,1037.806052664828,1356.806052664828,,-1038.3167979554396
29.1,llm_1,1360.5362024009096,-11.8995,37.301497360815844,1000.0,,-0.1545360057010634,-0.1545360057010634,-0.1545360057010634,-0.1545360057010634,-0.1530059462386646,0,highway_0,0,1041.5362024009096,1360.5362024009096,,-1038.3014973608158
29.2,llm_1,1364.2648408137898,-11.8995,37.28638412880059,1000.0,,-0.1526436433540752,-0.1526436433540752,-0.1526436433540752,-0.1526436433540752,-0.1511323201525272,0,highway_0,0,1045.2648408137898,1364.2648408137898,,-1038.2863841288006
29.3,llm_1,1367.9919863876748,-11.8995,37.27145573885016,1000.0,,-0.15077673849939277,-0.15077673849939277,-0.15077673849939277,-0.15077673849939277,-0.14928389950433996,0,highway_0,0,1048.9919863876748,1367.9919863876748,,-1038.2714557388501
29.4,llm_1,1371.717657358648,-11.8995,37.256709709732384,1000.0,,-0.14893489408951854,-0.14893489408951854,-0.14893489408951854,-0.14893489408951854,-0.14746029117773674,0,highway_0,0,1052.717657358648,1371.717657358648,,-1038.2567097097324
29.5,llm_1,1375.4418717185265,-11.8995,37.24214359878436,1000.0,,-0.14711772057501138,-0.14711772057501138,-0.14711772057501138,-0.14711772057501138,-0.14566110948024402,0,highway_0,0,1056.4418717185265,1375.4418717185265,,-1038.2421435987844
29.6,llm_1,1379.1646472186453,-11.8995,37.227755001187155,1000.0,,-0.14532483573173893,-0.14532483573173893,-0.14532483573173893,-0.14532483573173893,-0.14388597597204011,0,highway_0,0,1060.1646472186453,1379.1646472186453,,-1038.2277550011872
29.7,llm_1,1382.886001373571,-11.8995,37.21354154925717,1000.0,,-0.14355586449287072,-0.14355586449287072,-0.14355586449287072,-0.14355586449287072,-0.14213451929983023,0,highway_0,0,1063.886001373571,1382.886001373571,,-1038.2135415492571
29.8,llm_1,1386.6059514647463,-11.8995,37.19950091175367,1000.0,,-0.14181043878546018,-0.14181043878546018,-0.14181043878546018,-0.14181043878546018,-0.14040637503505593,0,highway_0,0,1067.6059514647463,1386.6059514647463,,-1038.1995009117536
29.9,llm_1,1390.3245145440665,-11.8995,37.18563079320203,1000.0,,-0.14008819737147737,-0.14008819737147737,-0.14008819737147737,-0.14008819737147737,-0.1387011855163678,0,highway_0,0,1071.3245145440665,1390.3245145440665,,-1038.185630793202
30.0,llm_1,1394.0417074373897,-11.8995,37.17192893323241,1000.0,,-0.13838878569314939,-0.13838878569314939,-0.13838878569314939,-0.13838878569314939,-0.1370185996962192,0,highway_0,0,1075.0417074373897,1394.0417074373897,,-1038.1719289332325
30.1,llm_1,1397.757546747983,-11.8995,37.15839310593315,1000.0,,-0.13671185572246713,-0.13671185572246713,-0.13671185572246713,-0.13671185572246713,-0.1353582729925762,0,highway_0,0,1078.757546747983,1397.757546747983,,-1038.158393105933
30.2,llm_1,1401.4720488599048,-11.8995,37.14502111921882,1000.0,,-0.13505706581474275,-0.13505706581474275,-0.13505706581474275,-0.13505706581474275,-0.13371986714332706,0,highway_0,0,1082.4720488599048,1401.4720488599048,,-1038.1450211192189
30.3,llm_1,1405.185229941326,-11.8995,37.13181081421227,1000.0,,-0.1334240805660698,-0.1334240805660698,-0.1334240805660698,-0.1334240805660698,-0.13210305006545298,0,highway_0,0,1086.185229941326,1405.185229941326,,-1038.1318108142123
30.4,llm_1,1408.8971059477901,-11.8995,37.11876006464053,1000.0,,-0.1318125706745903,-0.1318125706745903,-0.1318125706745903,-0.1318125706745903,-0.13050749571739573,0,highway_0,0,1089.8971059477901,1408.8971059477901,,-1038.1187600646406
30.5,llm_1,1412.6076926254145,-11.8995,37.10586677624396,1000.0,,-0.1302222128054331,-0.1302222128054331,-0.1302222128054331,-0.1302222128054331,-0.12893288396575997,0,highway_0,0,1093.6076926254145,1412.6076926254145,,-1038.105866776244
30.6,llm_1,1416.3170055140345,-11.8995,37.093128886198485,1000.0,,-0.12865268945921882,-0.12865268945921882,-0.12865268945921882,-0.12865268945921882,-0.12737890045471545,0,highway_0,0,1097.3170055140345,1416.3170055140345,,-1038.0931288861984
30.7,llm_1,1420.0250599502895,-11.8995,37.08054436255057,1000.0,,-0.12710368884401668,-0.12710368884401668,-0.12710368884401668,-0.12710368884401668,-0.12584523647916512,0,highway_0,0,1101.0250599502895,1420.0250599502895,,-1038.0805443625507
30.8,llm_1,1423.7318710706559,-11.8995,37.068111203664365,1000.0,,-0.1255749047506629,-0.1255749047506629,-0.1255749047506629,-0.1255749047506629,-0.12433158886203444,0,highway_0,0,1104.7318710706559,1423.7318710706559,,-1038.0681112036643
30.9,llm_1,1427.437453814424,-11.8995,37.05582743768107,1000.0,,-0.12406603643131398,-0.12406603643131398,-0.12406603643131398,-0.12406603643131398,-0.12283765983298167,0,highway_0,0,1108.437453814424,1427.437453814424,,-1038.055827437681
31.0,llm_1,1431.141822926623,-11.8995,37.043691121989866,1000.0,,-0.12257678848115727,-0.12257678848115727,-0.12257678848115727,-0.12257678848115727,-0.12136315691201105,0,highway_0,0,1112.141822926623,1431.141822926623,,-1038.04369112199
31.1,llm_1,1434.8449929608942,-11.8995,37.031700342710344,1000.0,,-0.12110687072318438,-0.12110687072318438,-0.12110687072318438,-0.12110687072318438,-0.11990779279521746,0,highway_0,0,1115.8449929608942,1434.8449929608942,,-1038.0317003427103
31.2,llm_1,1438.5469782823127,-11.8995,37.01985321418599,1000.0,,-0.11965599809591376,-0.11965599809591376,-0.11965599809591376,-0.11965599809591376,-0.11847128524351547,0,highway_0,0,1119.5469782823127,1438.5469782823127,,-1038.019853214186
31.3,llm_1,1442.2477930701616,-11.8995,37.008147878488565,1000.0,,-0.11822389054400628,-0.11822389054400628,-0.11822389054400628,-0.11822389054400628,-0.11705335697428154,0,highway_0,0,1123.2477930701616,1442.2477930701616,,-1038.0081478784887
31.4,llm_1,1445.9474513206549,-11.8995,36.99658250493295,1000.0,,-0.11681027291166135,-0.11681027291166135,-0.11681027291166135,-0.11681027291166135,-0.11565373555612268,0,highway_0,0,1126.9474513206549,1445.9474513206549,,-1037.996582504933
31.5,llm_1,1449.6459668496152,-11.8995,36.98515528960238,1000.0,,-0.11541487483872115,-0.11541487483872115,-0.11541487483872115,-0.11541487483872115,-0.11427215330570561,0,highway_0,0,1130.6459668496152,1449.6459668496152,,-1037.9851552896023
31.6,llm_1,1453.3433532951035,-11.8995,36.97386445488363,1000.0,,-0.11403743065940963,-0.11403743065940963,-0.11403743065940963,-0.11403743065940963,-0.1129083471874992,0,highway_0,0,1134.3433532951035,1453.3433532951035,,-1037.9738644548836
31.7,llm_1,1457.0396241200046,-11.8995,36.96270824901199,1000.0,,-0.11267767930362127,-0.11267767930362127,-0.11267767930362127,-0.11267767930362127,-0.1115620587164301,0,highway_0,0,1138.0396241200046,1457.0396241200046,,-1037.962708249012
31.8,llm_1,1460.7347926145671,-11.8995,36.951684945625786,1000.0,,-0.1113353642006778,-0.1113353642006778,-0.1113353642006778,-0.1113353642006778,-0.11023303386203054,0,highway_0,0,1141.7347926145671,1460.7347926145671,,-1037.9516849456259
31.9,llm_1,1464.4288718989,-11.8995,36.94079284333019,1000.0,,-0.1100102331855044,-0.1100102331855044,-0.1100102331855044,-0.1100102331855044,-0.10892102295592565,0,highway_0,0,1145.4288718989,1464.4288718989,,-1037.9407928433302
32.0,llm_1,1468.1218749254272,-11.8995,36.930030265270084,1000.0,,-0.10870203840712689,-0.10870203840712689,-0.10870203840712689,-0.10870203840712689,-0.10762578060109718,0,highway_0,0,1149.1218749254272,1468.1218749254272,,-1037.93003026527
32.1,llm_1,1471.8138144812983,-11.8995,36.91939555871172,1000.0,,-0.10741053623945063,-0.10741053623945063,-0.10741053623945063,-0.10741053623945063,-0.10634706558363405,0,highway_0,0,1152.8138144812983,1471.8138144812983,,-1037.9193955587118
32.2,llm_1,1475.5047031907616,-11.8995,36.90888709463309,1000.0,,-0.10613548719422705,-0.10613548719422705,-0.10613548719422705,-0.10613548719422705,-0.1050846407863304,0,highway_0,0,1156.5047031907616,1475.5047031907616,,-1037.908887094633
32.3,llm_1,1479.194553517494,-11.8995,36.898503267322575,1000.0,,-0.10487665583617134,-0.10487665583617134,-0.10487665583617134,-0.10487665583617134,-0.10383827310512572,0,highway_0,0,1160.194553517494,1479.194553517494,,-1037.8985032673227
32.4,llm_1,1482.8833777668924,-11.8995,36.88824249398593,1000.0,,-0.10363381070015198,-0.10363381070015198,-0.10363381070015198,-0.10363381070015198,-0.10260773336646878,0,highway_0,0,1163.8833777668924,1482.8833777668924,,-1037.888242493986
32.5,llm_1,1486.5711880883284,-11.8995,36.87810321436113,1000.0,,-0.10240672421040276,-0.10240672421040276,-0.10240672421040276,-0.10240672421040276,-0.10139279624794995,0,highway_0,0,1167.5711880883284,1486.5711880883284,,-1037.878103214361
32.6,llm_1,1490.2579964773624,-11.8995,36.86808389034116,1000.0,,-0.10119517260169286,-0.10119517260169286,-0.10119517260169286,-0.10119517260169286,-0.1001932401997152,0,highway_0,0,1171.2579964773624,1490.2579964773624,,-1037.8680838903413
32.7,llm_1,1493.9438147779229,-11.8995,36.85818300560429,1000.0,,-0.09999893584241115,-0.09999893584241115,-0.09999893584241115,-0.09999893584241115,-0.09900884736872229,0,highway_0,0,1174.9438147779229,1493.9438147779229,,-1037.8581830056044
32.8,llm_1,1497.628654684448,-11.8995,36.84839906525186,1000.0,,-0.09881779755949327,-0.09881779755949327,-0.09881779755949327,-0.09881779755949327,-0.09783940352427578,0,highway_0,0,1178.628654684448,1497.628654684448,,-1037.848399065252
32.9,llm_1,1501.3125277439933,-11.8995,36.838730595453335,1000.0,,-0.09765154496516071,-0.09765154496516071,-0.09765154496516071,-0.09765154496516071,-0.09668469798526758,0,highway_0,0,1182.3125277439933,1501.3125277439933,,-1037.8387305954534
33.0,llm_1,1504.9954453583032,-11.8995,36.829176143098344,1000.0,,-0.09649996878540401,-0.09649996878540401,-0.09649996878540401,-0.09649996878540401,-0.09554452354990417,0,highway_0,0,1185.9954453583032,1504.9954453583032,,-1037.8291761430983
33.1,llm_1,1508.6774187858487,-11.8995,36.81973427545575,1000.0,,-0.09536286319016729,-0.09536286319016729,-0.09536286319016729,-0.09536286319016729,-0.09441867642593138,0,highway_0,0,1189.6774187858487,1508.6774187858487,,-1037.8197342754559
33.2,llm_1,1512.3584591438325,-11.8995,36.810403579839395,1000.0,,-0.09424002572519763,-0.09424002572519763,-0.09424002572519763,-0.09424002572519763,-0.09330695616355911,0,highway_0,0,1193.3584591438325,1512.3584591438325,,-1037.8104035798394
33.3,llm_1,1516.0385774101605,-11.8995,36.801182663280436,1000.0,,-0.09313125724549254,-0.09313125724549254,-0.09313125724549254,-0.09313125724549254,-0.09220916558959402,0,highway_0,0,1197.0385774101605,1516.0385774101605,,-1037.8011826632805
33.4,llm_1,1519.717784425381,-11.8995,36.79207015220614,1000.0,,-0.09203636185032193,-0.09203636185032193,-0.09203636185032193,-0.09203636185032193,-0.09112511074292229,0,highway_0,0,1200.717784425381,1519.717784425381,,-1037.7920701522062
33.5,llm_1,1523.3960908945935,-11.8995,36.78306469212498,1000.0,,-0.09095514681976757,-0.09095514681976757,-0.09095514681976757,-0.09095514681976757,-0.09005460081162653,0,highway_0,0,1204.3960908945935,1523.3960908945935,,-1037.783064692125
33.6,llm_1,1527.0735073893252,-11.8995,36.77416494731778,1000.0,,-0.08988742255274706,-0.08988742255274706,-0.08988742255274706,-0.08988742255274706,-0.08899744807202126,0,highway_0,0,1208.0735073893252,1527.0735073893252,,-1037.7741649473178
33.7,llm_1,1530.7500443493786,-11.8995,36.76536960053496,1000.0,,-0.08883300250647341,-0.08883300250647341,-0.08883300250647341,-0.08883300250647341,-0.0879534678281857,0,highway_0,0,1211.7500443493786,1530.7500443493786,,-1037.765369600535
33.8,llm_1,1534.4257120846487,-11.8995,36.75667735269958,1000.0,,-0.08779170313732876,-0.08779170313732876,-0.08779170313732876,-0.08779170313732876,-0.08692247835377032,0,highway_0,0,1215.4257120846487,1534.4257120846487,,-1037.7566773526996
33.9,llm_1,1538.1005207769103,-11.8995,36.7480869226161,1000.0,,-0.08676334384308593,-0.08676334384308593,-0.08676334384308593,-0.08676334384308593,-0.08590430083479816,0,highway_0,0,1219.1005207769103,1538.1005207769103,,-1037.748086922616
34.0,llm_1,1541.7744804815788,-11.8995,36.739597046684764,1000.0,,-0.08574774690647136,-0.08574774690647136,-0.08574774690647136,-0.08574774690647136,-0.08489875931338986,0,highway_0,0,1222.7744804815788,1541.7744804815788,,-1037.7395970466848
34.1,llm_1,1545.447601129441,-11.8995,36.731206478621395,1000.0,,-0.0847447374400141,-0.0847447374400141,-0.0847447374400141,-0.0847447374400141,-0.0839056806336913,0,highway_0,0,1226.447601129441,1545.447601129441,,-1037.7312064786213
34.2,llm_1,1549.1198925283593,-11.8995,36.722913989182565,1000.0,,-0.08375414333215625,-0.08375414333215625,-0.08375414333215625,-0.08375414333215625,-0.08292489438829875,0,highway_0,0,1230.1198925283593,1549.1198925283593,,-1037.7229139891826
34.3,llm_1,1552.7913643649488,-11.8995,36.714718365895976,1000.0,,-0.08277579519457912,-0.08277579519457912,-0.08277579519457912,-0.08277579519457912,-0.08195623286589182,0,highway_0,0,1233.7913643649488,1552.7913643649488,,-1037.714718365896
34.4,llm_1,1556.4620262062283,-11.8995,36.706618412795905,1000.0,,-0.0818095263107328,-0.0818095263107328,-0.0818095263107328,-0.0818095263107328,-0.08099953100071389,0,highway_0,0,1237.4620262062283,1556.4620262062283,,-1037.706618412796
34.5,llm_1,1560.1318875012446,-11.8995,36.69861295016368,1000.0,,-0.08085517258551889,-0.08085517258551889,-0.08085517258551889,-0.08085517258551889,-0.08005462632226568,0,highway_0,0,1241.1318875012446,1560.1318875012446,,-1037.6986129501636
34.6,llm_1,1563.8009575826718,-11.8995,36.69070081427297,1000.0,,-0.07991257249610872,-0.07991257249610872,-0.07991257249610872,-0.07991257249610872,-0.0791213589070594,0,highway_0,0,1244.8009575826718,1563.8009575826718,,-1037.690700814273
34.7,llm_1,1567.4692456683858,-11.8995,36.68288085713992,1000.0,,-0.07898156704385251,-0.07898156704385251,-0.07898156704385251,-0.07898156704385251,-0.07819957133051503,0,highway_0,0,1248.4692456683858,1567.4692456683858,,-1037.68288085714
34.8,llm_1,1571.1367608630137,-11.8995,36.675151946277815,1000.0,,-0.0780619997072789,-0.0780619997072789,-0.0780619997072789,-0.0780619997072789,-0.0772891086210592,0,highway_0,0,1252.1367608630137,1571.1367608630137,,-1037.6751519462778
34.9,llm_1,1574.8035121594594,-11.8995,36.667512964456414,1000.0,,-0.07715371639611202,-0.07715371639611202,-0.07715371639611202,-0.07715371639611202,-0.07638981821401103,0,highway_0,0,1255.8035121594594,1574.8035121594594,,-1037.6675129644564
35.0,llm_1,1578.469508440406,-11.8995,36.65996280946569,1000.0,,-0.07625656540633119,-0.07625656540633119,-0.07625656540633119,-0.07625656540633119,-0.07550154990724423,0,highway_0,0,1259.469508440406,1578.469508440406,,-1037.6599628094657
35.1,llm_1,1582.1347584797943,-11.8995,36.652500393883884,1000.0,,-0.07537039737620965,-0.07537039737620965,-0.07537039737620965,-0.07537039737620965,-0.07462415581805715,0,highway_0,0,1263.1347584797943,1582.1347584797943,,-1037.6525003938839
35.2,llm_1,1585.7992709442792,-11.8995,36.64512464484989,1000.0,,-0.07449506524331317,-0.07449506524331317,-0.07449506524331317,-0.07449506524331317,-0.07375749033990076,0,highway_0,0,1266.7992709442792,1585.7992709442792,,-1037.6451246448498
35.3,llm_1,1589.4630543946632,-11.8995,36.63783450383975,1000.0,,-0.07363042420245414,-0.07363042420245414,-0.07363042420245414,-0.07363042420245414,-0.07290141010145135,0,highway_0,0,1270.4630543946632,1589.4630543946632,,-1037.6378345038397
35.4,llm_1,1593.126117287308,-11.8995,36.63062892644722,1000.0,,-0.07277633166454822,-0.07277633166454822,-0.07277633166454822,-0.07277633166454822,-0.07205577392525697,0,highway_0,0,1274.126117287308,1593.126117287308,,-1037.6306289264471
35.5,llm_1,1596.7884679755248,-11.8995,36.62350688216838,1000.0,,-0.07193264721637305,-0.07193264721637305,-0.07193264721637305,-0.07193264721637305,-0.07122044278844442,0,highway_0,0,1277.7884679755248,1596.7884679755248,,-1037.6235068821684
35.6,llm_1,1600.4501147109438,-11.8995,36.61646735419004,1000.0,,-0.07109923258119633,-0.07109923258119633,-0.07109923258119633,-0.07109923258119633,-0.07039527978335514,0,highway_0,0,1281.4501147109438,1600.4501147109438,,-1037.61646735419
35.7,llm_1,1604.111065644862,-11.8995,36.609509339182104,1000.0,,-0.07027595158024624,-0.07027595158024624,-0.07027595158024624,-0.07027595158024624,-0.06958015007938911,0,highway_0,0,1285.111065644862,1604.111065644862,,-1037.609509339182
35.8,llm_1,1607.7713288295713,-11.8995,36.602631847093484,1000.0,,-0.06946267009502183,-0.06946267009502183,-0.06946267009502183,-0.06946267009502183,-0.06877492088619874,0,highway_0,0,1288.7713288295713,1607.7713288295713,,-1037.6026318470936
35.9,llm_1,1611.4309122196664,-11.8995,36.59583390095186,1000.0,,-0.06865925603039558,-0.06865925603039558,-0.06865925603039558,-0.06865925603039558,-0.06797946141624323,0,highway_0,0,1292.4309122196664,1611.4309122196664,,-1037.595833900952
36.0,llm_1,1615.089823673333,-11.8995,36.589114536666855,1000.0,,-0.06786557927851766,-0.06786557927851766,-0.06786557927851766,-0.06786557927851766,-0.06719364285004303,0,highway_0,0,1296.089823673333,1615.089823673333,,-1037.5891145366668
36.1,llm_1,1618.7480709536167,-11.8995,36.58247280283681,1000.0,,-0.06708151168347287,-0.06708151168347287,-0.06708151168347287,-0.06708151168347287,-0.06641733830043961,0,highway_0,0,1299.7480709536167,1618.7480709536167,,-1037.5824728028367
36.2,llm_1,1622.4056617296726,-11.8995,36.57590776055892,1000.0,,-0.06630692700669583,-0.06630692700669583,-0.06630692700669583,-0.06630692700669583,-0.06565042277891564,0,highway_0,0,1303.4056617296726,1622.4056617296726,,-1037.575907760559
36.3,llm_1,1626.062603577997,-11.8995,36.56941848324277,1000.0,,-0.06554170089310962,-0.06554170089310962,-0.06554170089310962,-0.06554170089310962,-0.064892773161489,0,highway_0,0,1307.062603577997,1626.062603577997,,-1037.5694184832428
36.4,llm_1,1629.7189039836396,-11.8995,36.56300405642713,1000.0,,-0.06478571083798035,-0.06478571083798035,-0.06478571083798035,-0.06478571083798035,-0.06414426815638308,0,highway_0,0,1310.7189039836396,1629.7189039836396,,-1037.5630040564272
36.5,llm_1,1633.3745703413997,-11.8995,36.556663577599956,1000.0,,-0.06403883615446393,-0.06403883615446393,-0.06403883615446393,-0.06403883615446393,-0.0634047882717681,0,highway_0,0,1314.3745703413997,1633.3745703413997,,-1037.5566635776
36.6,llm_1,1637.0296099570019,-11.8995,36.550396156021556,1000.0,,-0.06330095794182866,-0.06330095794182866,-0.06330095794182866,-0.06330095794182866,-0.0626742157839999,0,highway_0,0,1318.0296099570019,1637.0296099570019,,-1037.5503961560216
36.7,llm_1,1640.684030048257,-11.8995,36.54420091255083,1000.0,,-0.06257195905434232,-0.06257195905434232,-0.06257195905434232,-0.06257195905434232,-0.061952434707279735,0,highway_0,0,1321.684030048257,1640.684030048257,,-1037.5442009125509
36.8,llm_1,1644.3378377462045,-11.8995,36.53807697947451,1000.0,,-0.06185172407079853,-0.06185172407079853,-0.06185172407079853,-0.06185172407079853,-0.061239330763172006,0,highway_0,0,1325.3378377462045,1644.3378377462045,,-1037.5380769794745
36.9,llm_1,1647.9910400962385,-11.8995,36.53202350033939,1000.0,,-0.061140139264676874,-0.061140139264676874,-0.061140139264676874,-0.061140139264676874,-0.06053479135118778,0,highway_0,0,1328.9910400962385,1647.9910400962385,,-1037.5320235003394
37.0,llm_1,1651.6436440592172,-11.8995,36.52603962978742,1000.0,,-0.06043709257491292,-0.06043709257491292,-0.06043709257491292,-0.06043709257491292,-0.05983870551972359,0,highway_0,0,1332.6436440592172,1651.6436440592172,,-1037.5260396297874
37.1,llm_1,1655.2956565125567,-11.8995,36.52012453339363,1000.0,,-0.059742473577272914,-0.059742473577272914,-0.059742473577272914,-0.059742473577272914,-0.05915096393792396,0,highway_0,0,1336.2956565125567,1655.2956565125567,,-1037.5201245333935
37.2,llm_1,1658.9470842513074,-11.8995,36.514277387506866,1000.0,,-0.05905617345630687,-0.05905617345630687,-0.05905617345630687,-0.05905617345630687,-0.058471458867614956,0,highway_0,0,1339.9470842513074,1658.9470842513074,,-1037.5142773875068
37.3,llm_1,1662.5979339892167,-11.8995,36.508497379093214,1000.0,,-0.058378084977875666,-0.058378084977875666,-0.058378084977875666,-0.058378084977875666,-0.057800084136516716,0,highway_0,0,1343.5979339892167,1662.5979339892167,,-1037.5084973790931
37.4,llm_1,1666.248212359775,-11.8995,36.5027837055821,1000.0,,-0.05770810246223679,-0.05770810246223679,-0.05770810246223679,-0.05770810246223679,-0.05713673511117179,0,highway_0,0,1347.248212359775,1666.248212359775,,-1037.502783705582
37.5,llm_1,1669.8979259172463,-11.8995,36.497135574714996,1000.0,,-0.057046121757669876,-0.057046121757669876,-0.057046121757669876,-0.057046121757669876,-0.05648130867101031,0,highway_0,0,1350.8979259172463,1669.8979259172463,,-1037.497135574715
37.6,llm_1,1673.547081137686,-11.8995,36.49155220439672,1000.0,,-0.05639204021463562,-0.05639204021463562,-0.05639204021463562,-0.05639204021463562,-0.05583370318277048,0,highway_0,0,1354.547081137686,1673.547081137686,,-1037.4915522043966
37.7,llm_1,1677.195684419941,-11.8995,36.48603282254915,1000.0,,-0.05574575666045911,-0.05574575666045911,-0.05574575666045911,-0.05574575666045911,-0.055193818475700596,0,highway_0,0,1358.195684419941,1677.195684419941,,-1037.486032822549
37.8,llm_1,1680.8437420866378,-11.8995,36.480576666967515,1000.0,,-0.055107171374504604,-0.055107171374504604,-0.055107171374504604,-0.055107171374504604,-0.05456155581633482,0,highway_0,0,1361.8437420866378,1680.8437420866378,,-1037.4805766669674
37.9,llm_1,1684.4912603851558,-11.8995,36.47518298517901,1000.0,,-0.05447618606386295,-0.05447618606386295,-0.05447618606386295,-0.05447618606386295,-0.05393681788504523,0,highway_0,0,1365.4912603851558,1684.4912603851558,,-1037.4751829851791
38.0,llm_1,1688.138245488586,-11.8995,36.46985103430381,1000.0,,-0.05385270383950669,-0.05385270383950669,-0.05385270383950669,-0.05385270383950669,-0.05331950875202551,0,highway_0,0,1369.138245488586,1688.138245488586,,-1037.4698510343037
38.1,llm_1,1691.784703496678,-11.8995,36.46458008091837,1000.0,,-0.05323662919293071,-0.05323662919293071,-0.05323662919293071,-0.05323662919293071,-0.05270953385441146,0,highway_0,0,1372.784703496678,1691.784703496678,,-1037.4645800809183
38.2,llm_1,1695.43064043677,-11.8995,36.45936940092102,1000.0,,-0.05262786797324215,-0.05262786797324215,-0.05262786797324215,-0.05262786797324215,-0.05210679997347256,0,highway_0,0,1376.43064043677,1695.43064043677,,-1037.459369400921
38.3,llm_1,1699.0760622647101,-11.8995,36.45421827939976,1000.0,,-0.05202632736470725,-0.05202632736470725,-0.05202632736470725,-0.05202632736470725,-0.05151121521258517,0,highway_0,0,1380.0760622647101,1699.0760622647101,,-1037.4542182793998
38.4,llm_1,1702.7209748657604,-11.8995,36.44912601050226,1000.0,,-0.05143191586473406,-0.05143191586473406,-0.05143191586473406,-0.05143191586473406,-0.050922688974992525,0,highway_0,0,1383.7209748657604,1702.7209748657604,,-1037.4491260105024
38.5,llm_1,1706.3653840554912,-11.8995,36.44409189730798,1000.0,,-0.050844543262290376,-0.050844543262290376,-0.050844543262290376,-0.050844543262290376,-0.05034113194284373,0,highway_0,0,1387.3653840554912,1706.3653840554912,,-1037.444091897308
38.6,llm_1,1710.0092955806615,-11.8995,36.43911525170236,1000.0,,-0.050264120616737795,-0.050264120616737795,-0.050264120616737795,-0.050264120616737795,-0.0497664560561617,0,highway_0,0,1391.0092955806615,1710.0092955806615,,-1037.4391152517023
38.7,llm_1,1713.652715120087,-11.8995,36.434195394253145,1000.0,,-0.04969056023707652,-0.04969056023707652,-0.04969056023707652,-0.04969056023707652,-0.04919857449216636,0,highway_0,0,1394.652715120087,1713.652715120087,,-1037.434195394253
38.8,llm_1,1717.2956482854959,-11.8995,36.429331654088635,1000.0,,-0.04912377566159054,-0.04912377566159054,-0.04912377566159054,-0.04912377566159054,-0.048637401645095224,0,highway_0,0,1398.2956482854959,1717.2956482854959,,-1037.4293316540886
38.9,llm_1,1720.9381006223737,-11.8995,36.424523368777955,1000.0,,-0.04856368163789182,-0.04856368163789182,-0.04856368163789182,-0.04856368163789182,-0.0480828531068056,0,highway_0,0,1401.9381006223737,1720.9381006223737,,-1037.424523368778
39.0,llm_1,1724.580077610795,-11.8995,36.419769884213274,1000.0,,-0.048010194103332626,-0.048010194103332626,-0.048010194103332626,-0.048010194103332626,-0.04753484564680832,0,highway_0,0,1405.580077610795,1724.580077610795,,-1037.4197698842133
39.1,llm_1,1728.2215846662443,-11.8995,36.41507055449389,1000.0,,-0.04746323016581244,-0.04746323016581244,-0.04746323016581244,-0.04746323016581244,-0.04699329719386469,0,highway_0,0,1409.2215846662443,1728.2215846662443,,-1037.415070554494
39.2,llm_1,1731.8626271404255,-11.8995,36.410424741812214,1000.0,,-0.046922708084932596,-0.046922708084932596,-0.046922708084932596,-0.046922708084932596,-0.04645812681673078,0,highway_0,0,1412.8626271404255,1731.8626271404255,,-1037.4104247418122
39.3,llm_1,1735.5032103220597,-11.8995,36.40583181634157,1000.0,,-0.046388547253521706,-0.046388547253521706,-0.046388547253521706,-0.046388547253521706,-0.04592925470646492,0,highway_0,0,1416.5032103220597,1735.5032103220597,,-1037.4058318163416
39.4,llm_1,1739.1433394376722,-11.8995,36.40129115612577,1000.0,,-0.04586066817950307,-0.04586066817950307,-0.04586066817950307,-0.04586066817950307,-0.04540660215795356,0,highway_0,0,1420.1433394376722,1739.1433394376722,,-1037.4012911561258
39.5,llm_1,1742.7830196523694,-11.8995,36.396802146970515,1000.0,,-0.04533899246811379,-0.04533899246811379,-0.04533899246811379,-0.04533899246811379,-0.04489009155257406,0,highway_0,0,1423.7830196523694,1742.7830196523694,,-1037.3968021469705
39.6,llm_1,1746.422256070603,-11.8995,36.39236418233641,1000.0,,-0.04482344280444517,-0.04482344280444517,-0.04482344280444517,-0.04482344280444517,-0.04437964634107061,0,highway_0,0,1427.422256070603,1746.422256070603,,-1037.3923641823365
39.7,llm_1,1750.0610537369264,-11.8995,36.3879766632338,1000.0,,-0.04431394293632285,-0.04431394293632285,-0.04431394293632285,-0.04431394293632285,-0.043875191026074845,0,highway_0,0,1431.0610537369264,1750.0610537369264,,-1037.3879766632338
39.8,llm_1,1753.6994176367384,-11.8995,36.3836389981192,1000.0,,-0.043810417657501155,-0.043810417657501155,-0.043810417657501155,-0.043810417657501155,-0.04337665114597655,0,highway_0,0,1434.6994176367384,1753.6994176367384,,-1037.3836389981193
39.9,llm_1,1757.3373526970176,-11.8995,36.379350602793345,1000.0,,-0.04331279279117228,-0.04331279279117228,-0.04331279279117228,-0.04331279279117228,-0.04288395325858119,0,highway_0,0,1438.3373526970176,1757.3373526970176,,-1037.3793506027932
40.0,llm_1,1760.9748637870478,-11.8995,36.375110900300896,1000.0,,-0.042820995173778575,-0.042820995173778575,-0.042820995173778575,-0.042820995173778575,-0.04239702492448316,0,highway_0,0,1441.9748637870478,1760.9748637870478,,-1037.3751109003008
40.1,llm_1,1764.611955719131,-11.8995,36.370919320831675,1000.0,,-0.04233495263913034,-0.04233495263913034,-0.04233495263913034,-0.04233495263913034,-0.04191579469221551,0,highway_0,0,1445.611955719131,1764.611955719131,,-1037.3709193208317
40.2,llm_1,1768.2486332492933,-11.8995,36.36677530162348,1000.0,,-0.04185459400281211,-0.04185459400281211,-0.04185459400281211,-0.04185459400281211,-0.041440192081978466,0,highway_0,0,1449.2486332492933,1768.2486332492933,,-1037.3667753016234
40.3,llm_1,1771.88490107798,-11.8995,36.36267828686636,1000.0,,-0.041379849046877526,-0.041379849046877526,-0.041379849046877526,-0.041379849046877526,-0.040970147571144366,0,highway_0,0,1452.88490107798,1771.88490107798,,-1037.3626782868664
40.4,llm_1,1775.5207638507409,-11.8995,36.35862772760846,1000.0,,-0.04091064850482562,-0.04091064850482562,-0.04091064850482562,-0.04091064850482562,-0.04050559257905206,0,highway_0,0,1456.5207638507409,1775.5207638507409,,-1037.3586277276086
40.5,llm_1,1779.1562261589072,-11.8995,36.35462308166323,1000.0,,-0.04044692404684924,-0.04044692404684924,-0.04044692404684924,-0.04044692404684924,-0.04004645945229868,0,highway_0,0,1460.1562261589072,1779.1562261589072,,-1037.3546230816632
40.6,llm_1,1782.791292540259,-11.8995,36.350663813518146,1000.0,,-0.039988608265353554,-0.039988608265353554,-0.039988608265353554,-0.039988608265353554,-0.03959268145081296,0,highway_0,0,1463.791292540259,1782.791292540259,,-1037.3506638135182
40.7,llm_1,1786.4259674796835,-11.8995,36.3467493942448,1000.0,,-0.03953563466073895,-0.03953563466073895,-0.03953563466073895,-0.03953563466073895,-0.03914419273343128,0,highway_0,0,1467.4259674796835,1786.4259674796835,,-1037.3467493942449
40.8,llm_1,1790.0602554098245,-11.8995,36.3428793014104,1000.0,,-0.03908793762743823,-0.03908793762743823,-0.03908793762743823,-0.03908793762743823,-0.03870092834404204,0,highway_0,0,1471.0602554098245,1790.0602554098245,,-1037.3428793014104
40.9,llm_1,1793.6941607117235,-11.8995,36.339053018990576,1000.0,,-0.038645452440210226,-0.038645452440210226,-0.038645452440210226,-0.038645452440210226,-0.03826282419822746,0,highway_0,0,1474.6941607117235,1793.6941607117235,,-1037.3390530189906
41.0,llm_1,1797.327687715452,-11.8995,36.33527003728358,1000.0,,-0.03820811524067502,-0.03820811524067502,-0.03820811524067502,-0.03820811524067502,-0.03782981706997646,0,highway_0,0,1478.327687715452,1797.327687715452,,-1037.3352700372836
