time,id,x,y,speed,headway,leader_id,target_accel_with_noise_with_failsafe,target_accel_no_noise_no_failsafe,target_accel_with_noise_no_failsafe,target_accel_no_noise_with_failsafe,realized_accel,road_grade,edge_id,lane_number,distance,relative_position,follower_id,leader_rel_speed
0,ego_0,324.0,-8.0,20.5,1000.0,,,,,,0,0,highway_0,1,0.0,324.0,,-1021.5
0.1,ego_0,326.0577422067901,-8.0,20.577422067901235,1000.0,,0.7819628858024691,0.7819628858024691,0.7819628858024691,0.7819628858024691,0.7742206790123518,0,highway_0,1,2.057742206790124,326.0577422067901,,-1021.5774220679012
0.2,ego_0,328.1231938229669,-8.0,20.654516161767777,1000.0,,0.7786503480520746,0.7786503480520746,0.7786503480520746,0.7786503480520746,0.7709409386654187,0,highway_0,1,4.123193822966925,328.1231938229669,,-1021.6545161617678
0.3,ego_0,330.19632182013385,-8.0,20.731279971668997,1000.0,,0.7753144800023382,0.7753144800023382,0.7753144800023382,0.7753144800023382,0.7676380990121956,0,highway_0,1,6.196321820133846,330.19632182013385,,-1021.731279971669
0.4,ego_0,332.27709294186525,-8.0,20.807711217314278,1000.0,,0.7719555810173349,0.7719555810173349,0.7719555810173349,0.7719555810173349,0.7643124564528136,0,highway_0,1,8.277092941865249,332.27709294186525,,-1021.8077112173142
0.5,ego_0,334.36547370674225,-8.0,20.883807648770293,1000.0,,0.7685739577057377,0.7685739577057377,0.7685739577057377,0.7685739577057377,0.7609643145601552,0,highway_0,1,10.36547370674225,334.36547370674225,,-1021.8838076487702
0.6,ego_0,336.46143041145905,-8.0,20.959567047168086,1000.0,,0.7651699238177089,0.7651699238177089,0.7651699238177089,0.7651699238177089,0.7575939839779267,0,highway_0,1,12.461430411459048,336.46143041145905,,-1021.9595670471681
0.7,ego_0,338.564929133999,-8.0,21.034987225399483,1000.0,,0.7617438001371016,0.7617438001371016,0.7617438001371016,0.7617438001371016,0.7542017823139702,0,highway_0,1,14.564929133998987,338.564929133999,,-1022.0349872253995
0.8,ego_0,340.67593573687924,-8.0,21.110066028802358,1000.0,,0.7582959143690431,0.7582959143690431,0.7582959143690431,0.7582959143690431,0.7507880340287443,0,highway_0,1,16.67593573687924,340.67593573687924,,-1022.1100660288024
0.9,ego_0,342.7944158704627,-8.0,21.184801335834333,1000.0,,0.7548266010229694,0.7548266010229694,0.7548266010229694,0.7548266010229694,0.747353070319754,0,highway_0,1,18.79441587046267,342.7944158704627,,-1022.1848013358343
1.0,ego_0,344.9203349763361,-8.0,21.25919105873445,1000.0,,0.7513362012911924,0.7513362012911924,0.7513362012911924,0.7513362012911924,0.7438972290011847,0,highway_0,1,20.920334976336108,344.9203349763361,,-1022.2591910587345
1.1,ego_0,347.05365829075333,-8.0,21.333233144172382,1000.0,,0.7478250629230792,0.7478250629230792,0.7478250629230792,0.7478250629230792,0.7404208543793089,0,highway_0,1,23.053658290753333,347.05365829075333,,-1022.3332331441724
1.2,ego_0,349.1943508481418,-8.0,21.406925573884752,1000.0,,0.7442935400949351,0.7442935400949351,0.7442935400949351,0.7442935400949351,0.7369242971237,0,highway_0,1,25.194350848141823,349.1943508481418,,-1022.4069255738848
1.3,ego_0,351.34237748467166,-8.0,21.48026636529819,1000.0,,0.740741993275682,0.740741993275682,0.740741993275682,0.740741993275682,0.7334079141343608,0,highway_0,1,27.34237748467166,351.34237748467166,,-1022.4802663652982
1.4,ego_0,353.49770284188554,-8.0,21.553253572138626,1000.0,,0.7371707890884289,0.7371707890884289,0.7371707890884289,0.7371707890884289,0.7298720684043758,0,highway_0,1,29.49770284188554,353.49770284188554,,-1022.5532535721386
1.5,ego_0,355.6602913703882,-8.0,21.625885285026552,1000.0,,0.733580300168041,0.733580300168041,0.733580300168041,0.733580300168041,0.7263171288792591,0,highway_0,1,31.660291370388222,355.6602913703882,,-1022.6258852850266
1.6,ego_0,357.830107333594,-8.0,21.69815963205772,1000.0,,0.7299709050148108,0.7299709050148108,0.7299709050148108,0.7299709050148108,0.7227434703116842,0,highway_0,1,33.830107333594015,357.830107333594,,-1022.6981596320577
1.7,ego_0,360.0071148115309,-8.0,21.770074779369043,1000.0,,0.7263429878443475,0.7263429878443475,0.7263429878443475,0.7263429878443475,0.7191514731132287,0,highway_0,1,36.007114811530926,360.0071148115309,,-1022.770074779369
1.8,ego_0,362.19127770469987,-8.0,21.841628931689222,1000.0,,0.7226969384337967,0.7226969384337967,0.7226969384337967,0.7226969384337967,0.7155415232017859,0,highway_0,1,38.19127770469987,362.19127770469987,,-1022.8416289316892
1.9,ego_0,364.38255973798726,-8.0,21.912820332873828,1000.0,,0.7190331519645153,0.7190331519645153,0.7190331519645153,0.7190331519645153,0.7119140118460621,0,highway_0,1,40.382559737987265,364.38255973798726,,-1022.9128203328738
2.0,ego_0,366.58092446462973,-8.0,21.983647266424455,1000.0,,0.7153520288613222,0.7153520288613222,0.7153520288613222,0.7153520288613222,0.708269335506273,0,highway_0,1,42.58092446462973,366.58092446462973,,-1022.9836472664244
2.1,ego_0,368.7863352702289,-8.01,22.05410805599163,1000.0,,0.7116539746284574,0.7116539746284574,0.7116539746284574,0.7116539746284574,0.7046078956717494,0,highway_0,1,44.7863352702289,368.7863352702289,,-1023.0541080559916
2.2,ego_0,370.99875537681504,-8.03,22.124201065861172,1000.0,,0.7079393996823782,0.7079393996823782,0.7079393996823782,0.7079393996823782,0.7009300986954159,0,highway_0,1,46.99875537681504,370.99875537681504,,-1023.1242010658611
2.3,ego_0,373.21814784695744,-8.06,22.1939247014237,1000.0,,0.7042087191815318,0.7042087191815318,0.7042087191815318,0.7042087191815318,0.6972363556252859,0,highway_0,1,49.218147846957436,373.21814784695744,,-1023.1939247014237
2.4,ego_0,375.4444755879201,-8.08,22.263277409626994,1000.0,,0.7004623528532399,0.7004623528532399,0.7004623528532399,0.7004623528532399,0.6935270820329364,0,highway_0,1,51.444475587920124,375.4444755879201,,-1023.263277409627
2.5,ego_0,377.67770135586125,-8.09,22.33225767941094,1000.0,,0.6967007248178414,0.6967007248178414,0.6967007248178414,0.6967007248178414,0.6898026978394611,0,highway_0,1,53.677701355861245,377.67770135586125,,-1023.332257679411
2.6,ego_0,379.91778776007374,-8.09,22.400864042124823,1000.0,,0.692924263410236,0.692924263410236,0.692924263410236,0.692924263410236,0.6860636271388287,0,highway_0,1,55.917787760073736,379.91778776007374,,-1023.4008640421248
2.7,ego_0,382.16469726726643,-8.098500000000001,22.469095071926702,1000.0,,0.6891334009989791,0.6891334009989791,0.6891334009989791,0.6891334009989791,0.6823102980187912,0,highway_0,1,58.16469726726643,382.16469726726643,,-1023.4690950719267
2.8,ego_0,384.4183922058829,-8.098500000000001,22.536949386164633,1000.0,,0.6853285738030745,0.6853285738030745,0.6853285738030745,0.6853285738030745,0.6785431423793042,0,highway_0,1,60.418392205882924,384.4183922058829,,-1023.5369493861647
2.9,ego_0,386.6788347704569,-8.098500000000001,22.604425645739546,1000.0,,0.6815102217066251,0.6815102217066251,0.6815102217066251,0.6815102217066251,0.6747625957491366,0,highway_0,1,62.67883477045689,386.6788347704569,,-1023.6044256457395
3.0,ego_0,388.94598702600183,-8.098500000000001,22.671522555449595,1000.0,,0.6776787880714912,0.6776787880714912,0.6776787880714912,0.6776787880714912,0.6709690971004889,0,highway_0,1,64.94598702600183,388.94598702600183,,-1023.6715225554495
3.1,ego_0,391.2198109124334,-8.098500000000001,22.738238864315747,1000.0,,0.6738347195481145,0.6738347195481145,0.6738347195481145,0.6738347195481145,0.6671630886615176,0,highway_0,1,67.21981091243339,391.2198109124334,,-1023.7382388643157
3.2,ego_0,393.5002682490222,-8.098500000000001,22.804573365888487,1000.0,,0.6699784658846691,0.6699784658846691,0.6699784658846691,0.6699784658846691,0.6633450157274012,0,highway_0,1,69.50026824902221,393.5002682490222,,-1023.8045733658885
3.3,ego_0,395.78732073887574,-8.098500000000001,22.87052489853549,1000.0,,0.6661104797346995,0.6661104797346995,0.6661104797346995,0.6661104797346995,0.6595153264700215,0,highway_0,1,71.78732073887574,395.78732073887574,,-1023.8705248985355
3.4,ego_0,398.08092997344676,-8.098500000000001,22.936092345710087,1000.0,,0.6622312164634039,0.6622312164634039,0.6622312164634039,0.6622312164634039,0.655674471745975,0,highway_0,1,74.08092997344676,398.08092997344676,,-1023.9360923457101
3.5,ego_0,400.38105743706683,-8.098500000000001,23.001274636200456,1000.0,,0.6583411339527312,0.6583411339527312,0.6583411339527312,0.6583411339527312,0.6518229049036961,0,highway_0,1,76.38105743706683,400.38105743706683,,-1024.0012746362004
3.6,ego_0,402.68766451150276,-8.098500000000001,23.06607074435941,1000.0,,0.6544406924054518,0.6544406924054518,0.6544406924054518,0.6544406924054518,0.6479610815895498,0,highway_0,1,78.68766451150276,402.68766451150276,,-1024.0660707443594
3.7,ego_0,405.0007124805342,-8.098500000000001,23.130479690314697,1000.0,,0.6505303541483655,0.6505303541483655,0.6505303541483655,0.6505303541483655,0.644089459552859,0,highway_0,1,81.00071248053422,405.0007124805342,,-1024.1304796903146
3.8,ego_0,407.3201625345502,-8.098500000000001,23.19450054015973,1000.0,,0.6466105834348149,0.6466105834348149,0.6466105834348149,0.6466105834348149,0.6402084984503276,0,highway_0,1,83.3201625345502,407.3201625345502,,-1024.1945005401597
3.9,ego_0,409.6459757751627,-8.098500000000001,23.258132406124744,1000.0,,0.6426818462466674,0.6426818462466674,0.6426818462466674,0.6426818462466674,0.6363186596501436,0,highway_0,1,85.6459757751627,409.6459757751627,,-1024.2581324061248
4.0,ego_0,411.9781132198355,-8.098500000000001,23.321374446728303,1000.0,,0.638744610095928,0.638744610095928,0.638744610095928,0.638744610095928,0.6324204060355854,0,highway_0,1,87.9781132198355,411.9781132198355,,-1024.3213744467282
4.1,ego_0,414.3165358065264,-8.098500000000001,23.384225866909112,1000.0,,0.6347993438261509,0.6347993438261509,0.6347993438261509,0.6347993438261509,0.6285142018080947,0,highway_0,1,90.31653580652642,414.3165358065264,,-1024.3842258669092
4.2,ego_0,416.66120439834026,-8.098500000000001,23.4466859181382,1000.0,,0.6308465174138129,0.6308465174138129,0.6308465174138129,0.6308465174138129,0.6246005122908826,0,highway_0,1,92.66120439834026,416.66120439834026,,-1024.4466859181382
4.3,ego_0,419.0120797881914,-8.098500000000001,23.50875389851145,1000.0,,0.6268866017698105,0.6268866017698105,0.6268866017698105,0.6268866017698105,0.6206798037325001,0,highway_0,1,95.01207978819139,419.0120797881914,,-1024.5087538985115
4.4,ego_0,421.36912270347364,-8.098500000000001,23.570429152822467,1000.0,,0.6229200685412419,0.6229200685412419,0.6229200685412419,0.6229200685412419,0.6167525431101595,0,highway_0,1,97.36912270347364,421.36912270347364,,-1024.5704291528225
4.5,ego_0,423.7322938107352,-8.098500000000001,23.631711072615897,1000.0,,0.6189473899136404,0.6189473899136404,0.6189473899136404,0.6189473899136404,0.6128191979343001,0,highway_0,1,99.7322938107352,423.7322938107352,,-1024.6317110726159
4.6,ego_0,426.10155372035734,-8.098500000000001,23.692599096221223,1000.0,,0.6149690384138112,0.6149690384138112,0.6149690384138112,0.6149690384138112,0.6088802360532597,0,highway_0,1,102.10155372035734,426.10155372035734,,-1024.6925990962213
4.7,ego_0,428.47686299123404,-8.098500000000001,23.753092708767106,1000.0,,0.6109854867134349,0.6109854867134349,0.6109854867134349,0.6109854867134349,0.6049361254588348,0,highway_0,1,104.47686299123404,428.47686299123404,,-1024.753092708767
4.8,ego_0,430.85818213545167,-8.098500000000001,23.81319144217637,1000.0,,0.6069972074335914,0.6069972074335914,0.6069972074335914,0.6069972074335914,0.6009873340926575,0,highway_0,1,106.85818213545167,430.85818213545167,,-1024.8131914421763
4.9,ego_0,433.24547162296585,-8.098500000000001,23.872894875141753,1000.0,,0.6030046729503595,0.6030046729503595,0.6030046729503595,0.6030046729503595,0.5970343296538161,0,highway_0,1,109.24547162296585,433.24547162296585,,-1024.8728948751418
5.0,ego_0,435.6386918862741,-8.098500000000001,23.93220263308251,1000.0,,0.5990083552016434,0.5990083552016434,0.5990083552016434,0.5990083552016434,0.5930775794075771,0,highway_0,1,111.6386918862741,435.6386918862741,,-1024.9322026330824
5.1,ego_0,438.03780332508234,-8.098500000000001,23.991114388082053,1000.0,,0.5950087254953766,0.5950087254953766,0.5950087254953766,0.5950087254953766,0.5891175499954215,0,highway_0,1,114.03780332508234,438.03780332508234,,-1024.991114388082
5.2,ego_0,440.442766310963,-8.098500000000001,24.049629858806732,1000.0,,0.5910062543192485,0.5910062543192485,0.5910062543192485,0.5910062543192485,0.5851547072467866,0,highway_0,1,116.44276631096301,440.442766310963,,-1025.0496298588068
5.3,ego_0,442.8535411920036,-8.098500000000001,24.10774881040595,1000.0,,0.5870014111520969,0.5870014111520969,0.5870014111520969,0.5870014111520969,0.5811895159921932,0,highway_0,1,118.8535411920036,442.8535411920036,,-1025.107748810406
5.4,ego_0,445.270088297443,-8.098500000000001,24.165471054393784,1000.0,,0.5829946642771144,0.5829946642771144,0.5829946642771144,0.5829946642771144,0.5772224398783266,0,highway_0,1,121.27008829744301,445.270088297443,,-1025.1654710543937
5.5,ego_0,447.69236794229425,-8.098500000000001,24.222796448512298,1000.0,,0.5789864805969975,0.5789864805969975,0.5789864805969975,0.5789864805969975,0.5732539411851434,0,highway_0,1,123.69236794229425,447.69236794229425,,-1025.2227964485123
5.6,ego_0,450.1203404319519,-8.098500000000001,24.279724896576774,1000.0,,0.5749773254511784,0.5749773254511784,0.5749773254511784,0.5749773254511784,0.5692844806447539,0,highway_0,1,126.12034043195194,450.12034043195194,,-1025.2797248965767
5.7,ego_0,452.5539660667823,-8.098500000000001,24.33625634830304,1000.0,,0.570967662435272,0.570967662435272,0.570967662435272,0.570967662435272,0.5653145172626495,0,highway_0,1,128.55396606678227,452.55396606678227,,-1025.336256348303
5.8,ego_0,454.993205146694,-8.098500000000001,24.392390799117184,1000.0,,0.5669579532228624,0.5669579532228624,0.5669579532228624,0.5669579532228624,0.5613445081414525,0,highway_0,1,130.99320514669398,454.993205146694,,-1025.3923907991173
5.9,ego_0,457.4380179756887,-8.098500000000001,24.448128289947853,1000.0,,0.5629486573897564,0.5629486573897564,0.5629486573897564,0.5629486573897564,0.5573749083066915,0,highway_0,1,133.43801797568875,457.43801797568875,,-1025.4481282899478
6.0,ego_0,459.88836486638894,-8.098500000000001,24.5034689070014,1000.0,,0.558940232240822,0.558940232240822,0.558940232240822,0.558940232240822,0.5534061705354532,0,highway_0,1,135.88836486638888,459.8883648663889,,-1025.5034689070014
6.1,ego_0,462.34420614454086,-8.098500000000001,24.55841278152016,1000.0,,0.5549331326395293,0.5549331326395293,0.5549331326395293,0.5549331326395293,0.5494387451876293,0,highway_0,1,138.34420614454092,462.3442061445409,,-1025.5584127815202
6.2,ego_0,464.80550215349336,-8.098500000000001,24.61296008952415,1000.0,,0.5509278108403062,0.5509278108403062,0.5509278108403062,0.5509278108403062,0.5454730800398977,0,highway_0,1,140.8055021534933,464.8055021534933,,-1025.6129600895242
6.3,ego_0,467.27221325864696,-8.098500000000001,24.66711105153641,1000.0,,0.54692471632382,0.54692471632382,0.54692471632382,0.54692471632382,0.5415096201225822,0,highway_0,1,143.27221325864696,467.27221325864696,,-1025.6671110515365
6.4,ego_0,469.7442998518762,-8.098500000000001,24.720865932292376,1000.0,,0.5429242956352816,0.5429242956352816,0.5429242956352816,0.5429242956352816,0.5375488075596735,0,highway_0,1,145.74429985187618,469.7442998518762,,-1025.7208659322923
6.5,ego_0,472.22172235591955,-8.098500000000001,24.774225040433553,1000.0,,0.5389269922258803,0.5389269922258803,0.5389269922258803,0.5389269922258803,0.5335910814117639,0,highway_0,1,148.22172235591955,472.22172235591955,,-1025.7742250404335
6.6,ego_0,474.7044412287381,-8.098500000000001,24.827188728185774,1000.0,,0.5349332462974397,0.5349332462974397,0.5349332462974397,0.5349332462974397,0.5296368775222149,0,highway_0,1,150.70444122873812,474.7044412287381,,-1025.8271887281858
6.7,ego_0,477.19241696784036,-8.098500000000001,24.879757391022444,1000.0,,0.5309434946503864,0.5309434946503864,0.5309434946503864,0.5309434946503864,0.5256866283666994,0,highway_0,1,153.19241696784036,477.19241696784036,,-1025.8797573910224
6.8,ego_0,479.6856101145717,-8.098500000000001,24.93193146731305,1000.0,,0.5269581705351172,0.5269581705351172,0.5269581705351172,0.5269581705351172,0.5217407629060489,0,highway_0,1,155.68561011457166,479.68561011457166,,-1025.931931467313
6.9,ego_0,482.18398125836734,-8.098500000000001,24.98371143795729,1000.0,,0.5229777035068494,0.5229777035068494,0.5229777035068494,0.5229777035068494,0.5177997064424034,0,highway_0,1,158.1839812583674,482.1839812583674,,-1025.9837114379573
7.0,ego_0,484.6874910409679,-8.098500000000001,25.035097826005213,1000.0,,0.5190025192840276,0.5190025192840276,0.5190025192840276,0.5190025192840276,0.513863880479235,0,highway_0,1,160.68749104096793,484.6874910409679,,-1026.0350978260053
7.1,ego_0,487.1961001605943,-8.098500000000001,25.086091196263663,1000.0,,0.5150330396103597,0.5150330396103597,0.5150330396103597,0.5150330396103597,0.5099337025844974,0,highway_0,1,163.1961001605943,487.1961001605943,,-1026.0860911962636
7.2,ego_0,489.7097693760833,-8.098500000000001,25.136692154889463,1000.0,,0.5110696821205545,0.5110696821205545,0.5110696821205545,0.5110696821205545,0.5060095862580027,0,highway_0,1,165.70976937608327,489.7097693760833,,-1026.1366921548895
7.3,ego_0,492.22845951098026,-8.098500000000001,25.18690134896964,1000.0,,0.5071128602098136,0.5071128602098136,0.5071128602098136,0.5071128602098136,0.5020919408017832,0,highway_0,1,168.22845951098026,492.22845951098026,,-1026.1869013489697
7.4,ego_0,494.7521314575892,-8.098500000000001,25.23671946608916,1000.0,,0.5031629829071509,0.5031629829071509,0.5031629829071509,0.5031629829071509,0.4981811711951778,0,highway_0,1,170.7521314575892,494.7521314575892,,-1026.2367194660892
7.5,ego_0,497.28074618097787,-8.098500000000001,25.286147233886442,1000.0,,0.49922045475257537,0.49922045475257537,0.49922045475257537,0.49922045475257537,0.49427767797283195,0,highway_0,1,173.28074618097787,497.28074618097787,,-1026.2861472338864
7.6,ego_0,499.8142647229376,-8.098500000000001,25.335185419597153,1000.0,,0.49528567567820037,0.49528567567820037,0.49528567567820037,0.49528567567820037,0.4903818571071028,0,highway_0,1,175.8142647229376,499.8142647229376,,-1026.335185419597
7.7,ego_0,502.35264820589623,-8.098500000000001,25.38383482958659,1000.0,,0.49135904089331583,0.49135904089331583,0.49135904089331583,0.49135904089331583,0.4864940998943723,0,highway_0,1,178.35264820589623,502.35264820589623,,-1026.3838348295867
7.8,ego_0,504.8958578367833,-8.098500000000001,25.432096308871092,1000.0,,0.4874409407734642,0.4874409407734642,0.4874409407734642,0.4874409407734642,0.48261479284501974,0,highway_0,1,180.89585783678336,504.89585783678336,,-1026.432096308871
7.9,ego_0,507.44385491084626,-8.098500000000001,25.47997074062887,1000.0,,0.48353176075355486,0.48353176075355486,0.48353176075355486,0.48353176075355486,0.4787443175777639,0,highway_0,1,183.44385491084626,507.44385491084626,,-1026.479970740629
8.0,ego_0,509.9966008154164,-8.098500000000001,25.527459045700656,1000.0,,0.47963188122504696,0.47963188122504696,0.47963188122504696,0.47963188122504696,0.47488305071787806,0,highway_0,1,185.99660081541634,509.99660081541634,,-1026.5274590457007
8.1,ego_0,512.5540570336244,-8.098500000000001,25.57456218208058,1000.0,,0.4757416774372245,0.4757416774372245,0.4757416774372245,0.4757416774372245,0.4710313637992414,0,highway_0,1,188.55405703362442,512.5540570336244,,-1026.5745621820806
8.2,ego_0,515.1161851480642,-8.098500000000001,25.62128114439767,1000.0,,0.4718615194025858,0.4718615194025858,0.4718615194025858,0.4718615194025858,0.46718962317090273,0,highway_0,1,191.11618514806423,515.1161851480642,,-1026.6212811443977
8.3,ego_0,517.6829468444031,-8.098500000000001,25.667616963388397,1000.0,,0.4679917718063633,0.4679917718063633,0.4679917718063633,0.4679917718063633,0.46335818990726807,0,highway_0,1,193.6829468444031,517.6829468444031,,-1026.6676169633884
8.4,ego_0,520.2543039149392,-8.098500000000001,25.713570705360695,1000.0,,0.46413279392018547,0.46413279392018547,0.46413279392018547,0.46413279392018547,0.45953741972297735,0,highway_0,1,196.25430391493921,520.2543039149392,,-1026.7135707053608
8.5,ego_0,522.8302182621042,-8.098500000000001,25.75914347164979,1000.0,,0.46028493951988303,0.46028493951988303,0.46028493951988303,0.46028493951988303,0.45572766289094346,0,highway_0,1,198.83021826210415,522.8302182621042,,-1026.7591434716498
8.6,ego_0,525.4106519019108,-8.098500000000001,25.80433639806637,1000.0,,0.4564485568074539,0.4564485568074539,0.4564485568074539,0.4564485568074539,0.45192926416579127,0,highway_0,1,201.4106519019108,525.4106519019108,,-1026.8043363980664
8.7,ego_0,527.9955669673445,-8.098500000000001,25.849150654337375,1000.0,,0.45262398833717055,0.45262398833717055,0.45262398833717055,0.45262398833717055,0.4481425627100677,0,highway_0,1,203.99556696734453,527.9955669673445,,-1026.8491506543373
8.8,ego_0,530.5849257116985,-8.098500000000001,25.893587443539932,1000.0,,0.4488115709458398,0.4488115709458398,0.4488115709458398,0.4488115709458398,0.4443678920255678,0,highway_0,1,206.58492571169847,530.5849257116985,,-1026.89358744354
8.9,ego_0,533.1786905118513,-8.098500000000001,25.93764800152876,1000.0,,0.4450116356871905,0.4450116356871905,0.4450116356871905,0.4450116356871905,0.44060557988828464,0,highway_0,1,209.1786905118513,533.1786905118513,,-1026.9376480015287
9.0,ego_0,535.7768238714871,-8.098500000000001,25.981333596357512,1000.0,,0.44122450777038624,0.44122450777038624,0.44122450777038624,0.44122450777038624,0.4368559482875156,0,highway_0,1,211.77682387148707,535.7768238714871,,-1026.9813335963574
9.1,ego_0,538.3792884242565,-8.098500000000001,26.02464552769441,1000.0,,0.4374505065026415,0.4374505065026415,0.4374505065026415,0.4374505065026415,0.4331193133689837,0,highway_0,1,214.37928842425652,538.3792884242565,,-1027.0246455276945
9.2,ego_0,540.9860469368798,-8.098500000000001,26.067585126232622,1000.0,,0.4336899452359193,0.4336899452359193,0.4336899452359193,0.4336899452359193,0.429395985382115,0,highway_0,1,216.9860469368798,540.9860469368798,,-1027.0675851262326
9.3,ego_0,543.5970623121893,-8.098500000000001,26.11015375309576,1000.0,,0.42994313131768747,0.42994313131768747,0.42994313131768747,0.42994313131768747,0.4256862686313667,0,highway_0,1,219.59706231218934,543.5970623121893,,-1027.1101537530958
9.4,ego_0,546.2122975921133,-8.098500000000001,26.152352799238894,1000.0,,0.4262103660457023,0.4262103660457023,0.4262103660457023,0.4262103660457023,0.4219904614313563,0,highway_0,1,222.21229759211326,546.2122975921133,,-1027.152352799239
9.5,ego_0,548.8317159605978,-8.098500000000001,26.194183684845505,1000.0,,0.4224919446267882,0.4224919446267882,0.4224919446267882,0.4224919446267882,0.4183088560661119,0,highway_0,1,224.83171596059776,548.8317159605978,,-1027.1941836848455
9.6,ego_0,551.4552807464698,-8.098500000000001,26.23564785872071,1000.0,,0.418788156139581,0.418788156139581,0.418788156139581,0.418788156139581,0.4146417387520529,0,highway_0,1,227.45528074646984,551.4552807464698,,-1027.2356478587208
9.7,ego_0,554.082955426238,-8.098500000000001,26.276746797681227,1000.0,,0.4150992835011922,0.4150992835011922,0.4150992835011922,0.4150992835011922,0.41098938960516307,0,highway_0,1,230.08295542623796,554.082955426238,,-1027.2767467976812
9.8,ego_0,556.7147036268321,-8.098500000000001,26.31748200594239,1000.0,,0.41142560343775314,0.41142560343775314,0.41142560343775314,0.41142560343775314,0.407352082611645,0,highway_0,1,232.71470362683215,556.7147036268321,,-1027.3174820059423
9.9,ego_0,559.3504891282824,-8.098500000000001,26.357855014502668,1000.0,,0.4077673864587965,0.4077673864587965,0.4077673864587965,0.4077673864587965,0.403730085602767,0,highway_0,1,235.35048912828245,559.3504891282824,,-1027.3578550145028
10.0,ego_0,561.9902758663351,-8.098500000000001,26.39786738052598,1000.0,,0.40412489683542363,0.40412489683542363,0.40412489683542363,0.40412489683542363,0.4001236602331204,0,highway_0,1,237.99027586633508,561.9902758663351,,-1027.397867380526
10.1,ego_0,564.6340279350073,-8.098500000000001,26.437520686722237,1000.0,,0.40049839258220976,0.40049839258220976,0.40049839258220976,0.40049839258220976,0.39653306196257176,0,highway_0,1,240.63402793500734,564.6340279350073,,-1027.4375206867223
10.2,ego_0,567.28170958908,-8.098500000000001,26.476816540726475,1000.0,,0.3968881254427975,0.3968881254427975,0.3968881254427975,0.3968881254427975,0.39295854004237185,0,highway_0,1,243.28170958908004,567.28170958908,,-1027.4768165407265
10.3,ego_0,569.9332852465277,-8.098500000000001,26.51575657447688,1000.0,,0.3932943408791101,0.3932943408791101,0.3932943408791101,0.3932943408791101,0.3894003375040711,0,highway_0,1,245.9332852465277,569.9332852465277,,-1027.5157565744769
10.4,ego_0,572.5887194908869,-8.098500000000001,26.554342443592144,1000.0,,0.38971727806414425,0.38971727806414425,0.38971727806414425,0.38971727806414425,0.3858586911526274,0,highway_0,1,248.5887194908869,572.5887194908869,,-1027.554342443592
10.5,ego_0,575.2479770735617,-8.098500000000001,26.59257582674841,1000.0,,0.38615716987826687,0.38615716987826687,0.38615716987826687,0.38615716987826687,0.3823338315626401,0,highway_0,1,251.24797707356174,575.2479770735617,,-1027.5925758267483
10.6,ego_0,577.9110229160674,-8.098500000000001,26.63045842505623,1000.0,,0.3826142429089632,0.3826142429089632,0.3826142429089632,0.3826142429089632,0.37882598307820814,0,highway_0,1,253.9110229160674,577.9110229160674,,-1027.6304584250563
10.7,ego_0,580.5778221122112,-8.098500000000001,26.66799196143781,1000.0,,0.3790887174539638,0.3790887174539638,0.3790887174539638,0.3790887174539638,0.37533536381580745,0,highway_0,1,256.57782211221115,580.5778221122112,,-1027.6679919614378
10.8,ego_0,583.2483399302116,-8.098500000000001,26.70517818000491,1000.0,,0.3755808075276936,0.3755808075276936,0.3755808075276936,0.3755808075276936,0.3718621856710058,0,highway_0,1,259.2483399302116,583.2483399302116,,-1027.7051781800049
10.9,ego_0,585.9225418147554,-8.098500000000001,26.74201884543768,1000.0,,0.3720907208709645,0.3720907208709645,0.3720907208709645,0.3720907208709645,0.3684066543276998,0,highway_0,1,261.9225418147554,585.9225418147554,,-1027.7420188454378
11.0,ego_0,588.6003933889918,-8.098500000000001,26.778515742364792,1000.0,,0.36861865896384927,0.36861865896384927,0.36861865896384927,0.36861865896384927,0.36496896927111777,0,highway_0,1,264.60039338899185,588.6003933889918,,-1027.7785157423648
11.1,ego_0,591.2818604564663,-8.098500000000001,26.814670674745155,1000.0,,0.3651648170416628,0.3651648170416628,0.3651648170416628,0.3651648170416628,0.36154932380362936,0,highway_0,1,267.28186045646635,591.2818604564663,,-1027.8146706747452
11.2,ego_0,593.9669090029915,-8.098500000000001,26.850485465251488,1000.0,,0.3617293841139775,0.3617293841139775,0.3617293841139775,0.3617293841139775,0.3581479050633263,0,highway_0,1,269.96690900299154,593.9669090029915,,-1027.8504854652515
11.3,ego_0,596.6555051984571,-8.098500000000001,26.885961954656104,1000.0,,0.35831254298659954,0.35831254298659954,0.35831254298659954,0.35831254298659954,0.35476489404615563,0,highway_0,1,272.65550519845715,596.6555051984571,,-1027.885961954656
11.4,ego_0,599.347615398579,-8.098500000000001,26.92110200121912,1000.0,,0.35491447028643186,0.35491447028643186,0.35491447028643186,0.35491447028643186,0.3514004656301495,0,highway_0,1,275.347615398579,599.347615398579,,-1027.9211020012192
11.5,ego_0,602.043206146587,-8.098500000000001,26.955907480079432,1000.0,,0.3515353364891465,0.3515353364891465,0.3515353364891465,0.3515353364891465,0.348054788603136,0,highway_0,1,278.04320614658695,602.043206146587,,-1027.9559074800795
11.6,ego_0,604.7422441748519,-8.098500000000001,26.9903802826487,1000.0,,0.348175305949588,0.348175305949588,0.348175305949588,0.348175305949588,0.3447280256926888,0,highway_0,1,280.74224417485186,604.7422441748519,,-1027.9903802826486
11.7,ego_0,607.4446964064527,-8.098500000000001,27.024522316008586,1000.0,,0.3448345369348347,0.3448345369348347,0.3448345369348347,0.3448345369348347,0.3414203335988475,0,highway_0,1,283.44469640645275,607.4446964064527,,-1028.0245223160086
11.8,ego_0,610.150529956684,-8.098500000000001,27.05833550231154,1000.0,,0.34151318165983435,0.34151318165983435,0.34151318165983435,0.34151318165983435,0.33813186302953824,0,highway_0,1,286.15052995668395,610.150529956684,,-1028.0583355023116
11.9,ego_0,612.8597121345025,-8.098500000000001,27.091821778185356,1000.0,,0.3382113863255378,0.3382113863255378,0.3382113863255378,0.3382113863255378,0.3348627587381614,0,highway_0,1,288.8597121345025,612.8597121345025,,-1028.0918217781852
12.0,ego_0,615.5722104439167,-8.098500000000001,27.124983094141736,1000.0,,0.334929291159451,0.334929291159451,0.334929291159451,0.334929291159451,0.3316131595638083,0,highway_0,1,291.5722104439167,615.5722104439167,,-1028.1249830941417
12.1,ego_0,618.2879925853156,-8.098500000000001,27.157821413989115,1000.0,,0.33166703045852397,0.33166703045852397,0.33166703045852397,0.33166703045852397,0.3283831984737873,0,highway_0,1,294.2879925853156,618.2879925853156,,-1028.157821413989
12.2,ego_0,621.0070264567406,-8.098500000000001,27.190338714249936,1000.0,,0.3284247326343004,0.3284247326343004,0.3284247326343004,0.3284247326343004,0.32517300260821,0,highway_0,1,297.0070264567406,621.0070264567406,,-1028.19033871425
12.3,ego_0,623.7292801550989,-8.098500000000001,27.222536983582636,1000.0,,0.3252025202602412,0.3252025202602412,0.3252025202602412,0.3252025202602412,0.32198269332699425,0,highway_0,1,299.7292801550989,623.7292801550989,,-1028.2225369835826
12.4,ego_0,626.4547219773198,-8.098500000000001,27.254418222208493,1000.0,,0.3220005101211507,0.3220005101211507,0.3220005101211507,0.3220005101211507,0.3188123862585712,0,highway_0,1,302.45472197731976,626.4547219773198,,-1028.2544182222084
12.5,ego_0,629.1833204214541,-8.098500000000001,27.285984441343604,1000.0,,0.3188188132646148,0.3188188132646148,0.3188188132646148,0.3188188132646148,0.31566219135111595,0,highway_0,1,305.18332042145414,629.1833204214541,,-1028.2859844413435
12.6,ego_0,631.9150441877177,-8.098500000000001,27.317237662636117,1000.0,,0.31565753505438054,0.31565753505438054,0.31565753505438054,0.31565753505438054,0.31253221292512734,0,highway_0,1,307.91504418771774,631.9150441877177,,-1028.3172376626362
12.7,ego_0,634.6498621794786,-8.098500000000001,27.348179917608945,1000.0,,0.31251677522559107,0.31251677522559107,0.31251677522559107,0.31251677522559107,0.3094225497282821,0,highway_0,1,310.64986217947865,634.6498621794786,,-1028.3481799176088
12.8,ego_0,637.3877435041894,-8.098500000000001,27.37881324710813,1000.0,,0.30939662794179845,0.30939662794179845,0.30939662794179845,0.30939662794179845,0.3063332949918518,0,highway_0,1,313.3877435041894,637.3877435041894,,-1028.3788132471082
12.9,ego_0,640.1286574742651,-8.098500000000001,27.40913970075701,1000.0,,0.3062971818536766,0.3062971818536766,0.3062971818536766,0.3062971818536766,0.3032645364887898,0,highway_0,1,316.1286574742651,640.1286574742651,,-1028.409139700757
13.0,ego_0,642.8725736079067,-8.098500000000001,27.43916133641635,1000.0,,0.30321852015935225,0.30321852015935225,0.30321852015935225,0.30321852015935225,0.30021635659341683,0,highway_0,1,318.8725736079067,642.8725736079067,,-1028.4391613364164
13.1,ego_0,645.6194616298718,-8.098500000000001,27.468880219650636,1000.0,,0.30016072066627963,0.30016072066627963,0.30016072066627963,0.30016072066627963,0.2971888323428473,0,highway_0,1,321.6194616298718,645.6194616298718,,-1028.4688802196506
13.2,ego_0,648.3692914721919,-8.088500000000002,27.498298423200595,1000.0,,0.2971238558545801,0.2971238558545801,0.2971238558545801,0.2971238558545801,0.2941820354995883,0,highway_0,1,324.3692914721919,648.3692914721919,,-1028.4982984232006
13.3,ego_0,651.1220332748381,-8.0685,27.527418026462154,1000.0,,0.2941079929417657,0.2941079929417657,0.2941079929417657,0.2941079929417657,0.2911960326155949,0,highway_0,1,327.12203327483815,651.1220332748381,,-1028.527418026462
13.4,ego_0,653.8776573863354,-8.0385,27.556241114971936,1000.0,,0.2911131939487781,0.2911131939487781,0.2911131939487781,0.2911131939487781,0.2882308850978177,0,highway_0,1,329.8776573863354,653.8776573863354,,-1028.556241114972
13.5,ego_0,656.6361343643254,-8.018500000000001,27.58476977989939,1000.0,,0.2881395157672636,0.2881395157672636,0.2881395157672636,0.2881395157672636,0.28528664927453207,0,highway_0,1,332.63613436432536,656.6361343643254,,-1028.5847697798995
13.6,ego_0,659.3974349760799,-8.008500000000002,27.613006117545726,1000.0,,0.2851870102280072,0.2851870102280072,0.2851870102280072,0.2851870102280072,0.2823633764633726,0,highway_0,1,335.3974349760799,659.3974349760799,,-1028.6130061175456
13.7,ego_0,662.1615301989649,-8.008500000000002,27.640952228849734,1000.0,,0.2822557241704603,0.2822557241704603,0.2822557241704603,0.2822557241704603,0.27946111304007815,0,highway_0,1,338.1615301989649,662.1615301989649,,-1028.6409522288498
13.8,ego_0,664.9283912208549,-8.0,27.668610218900554,1000.0,,0.27934569951327903,0.27934569951327903,0.27934569951327903,0.27934569951327903,0.2765799005081959,0,highway_0,1,340.9283912208549,664.9283912208549,,-1028.6686102189005
13.9,ego_0,667.6979894405007,-8.0,27.695982196457564,1000.0,,0.276456973325813,0.276456973325813,0.276456973325813,0.276456973325813,0.2737197755701004,0,highway_0,1,343.6979894405007,667.6979894405007,,-1028.6959821964576
14.0,ego_0,670.4702964678485,-8.0,27.72307027347741,1000.0,,0.27358957790046445,0.27358957790046445,0.27358957790046445,0.27358957790046445,0.2708807701984739,0,highway_0,1,346.47029646784847,670.4702964678485,,-1028.7230702734773
14.1,ego_0,673.2452841243133,-8.0,27.74987656464829,1000.0,,0.2707435408258563,0.2707435408258563,0.2707435408258563,0.2707435408258563,0.2680629117087818,0,highway_0,1,349.24528412431334,673.2452841243133,,-1028.7498765646483
14.2,ego_0,676.0229244430064,-8.0,27.77640318693153,1000.0,,0.26791888506073636,0.26791888506073636,0.26791888506073636,0.26791888506073636,0.2652662228324232,0,highway_0,1,352.02292444300645,676.0229244430064,,-1028.7764031869315
14.3,ego_0,678.8031896689175,-8.0,27.802652259110594,1000.0,,0.2651156290085529,0.2651156290085529,0.2651156290085529,0.2651156290085529,0.26249072179062694,0,highway_0,1,354.8031896689175,678.8031896689175,,-1028.8026522591106
14.4,ego_0,681.5860522590523,-8.0,27.82862590134749,1000.0,,0.26233378659263806,0.26233378659263806,0.26233378659263806,0.26233378659263806,0.25973642236895245,0,highway_0,1,357.5860522590523,681.5860522590523,,-1028.8286259013476
14.5,ego_0,684.3714848825269,-8.0,27.85432623474669,1000.0,,0.25957336733192704,0.25957336733192704,0.25957336733192704,0.25957336733192704,0.25700333399200304,0,highway_0,1,360.37148488252694,684.3714848825269,,-1028.8543262347466
14.6,ego_0,687.1594604206196,-8.0,27.879755380926607,1000.0,,0.2568343764171639,0.2568343764171639,0.2568343764171639,0.2568343764171639,0.25429146179916984,0,highway_0,1,363.15946042061955,687.1594604206196,,-1028.8797553809266
14.7,ego_0,689.9499519667794,-8.0,27.904915461598637,1000.0,,0.25411681478751913,0.25411681478751913,0.25411681478751913,0.25411681478751913,0.2516008067203046,0,highway_0,1,365.9499519667794,689.9499519667794,,-1028.9049154615986
14.8,ego_0,692.7429328265948,-8.0,27.929808598153844,1000.0,,0.25142067920756594,0.25142067920756594,0.25142067920756594,0.25142067920756594,0.24893136555206752,0,highway_0,1,368.7429328265948,692.7429328265948,,-1028.9298085981538
14.9,ego_0,695.5383765177205,-8.0,27.954436911257265,1000.0,,0.24874596234455626,0.24874596234455626,0.24874596234455626,0.24874596234455626,0.24628313103420396,0,highway_0,1,371.5383765177205,695.5383765177205,,-1028.9544369112573
15.0,ego_0,698.3362567697656,-8.0,27.978802520449932,1000.0,,0.24609265284593773,0.24609265284593773,0.24609265284593773,0.24609265284593773,0.24365609192667392,0,highway_0,1,374.33625676976555,698.3362567697656,,-1028.97880252045
15.1,ego_0,701.1365475241414,-8.0,28.00290754375855,1000.0,,0.24346073541705304,0.24346073541705304,0.24346073541705304,0.24346073541705304,0.24105023308617746,0,highway_0,1,377.1365475241414,701.1365475241414,,-1029.0029075437585
15.2,ego_0,703.9392229338727,-8.0,28.026754097312907,1000.0,,0.24085019089897608,0.24085019089897608,0.24085019089897608,0.24085019089897608,0.2384655355435683,0,highway_0,1,379.93922293387266,703.9392229338727,,-1029.026754097313
15.3,ego_0,706.7442573633698,-8.0,28.05034429497097,1000.0,,0.23826099634641995,0.23826099634641995,0.23826099634641995,0.23826099634641995,0.23590197658062806,0,highway_0,1,382.7442573633698,706.7442573633698,,-1029.050344294971
15.4,ego_0,709.551625388165,-8.0,28.073680247951728,1000.0,,0.23569312510567852,0.23569312510567852,0.23569312510567852,0.23569312510567852,0.23335952980758634,0,highway_0,1,385.551625388165,709.551625388165,,-1029.0736802479516
15.5,ego_0,712.3613017946126,-8.0,28.096764064475742,1000.0,,0.23314654689253644,0.23314654689253644,0.23314654689253644,0.23314654689253644,0.23083816524014367,0,highway_0,1,388.3613017946126,712.3613017946126,,-1029.0967640644758
15.6,ego_0,715.1732615795539,-8.0,28.119597849413378,1000.0,,0.2306212278701142,0.2306212278701142,0.2306212278701142,0.2306212278701142,0.22833784937635215,0,highway_0,1,391.1732615795539,715.1732615795539,,-1029.1195978494134
15.7,ego_0,717.987479949948,-8.0,28.142183703940763,1000.0,,0.22811713072659145,0.22811713072659145,0.22811713072659145,0.22811713072659145,0.22585854527385152,0,highway_0,1,393.987479949948,717.987479949948,,-1029.1421837039409
15.8,ego_0,720.8039323224683,-8.0,28.164523725203413,1000.0,,0.22563421475276535,0.22563421475276535,0.22563421475276535,0.22563421475276535,0.22340021262650112,0,highway_0,1,396.8039323224683,720.8039323224683,,-1029.1645237252035
15.9,ego_0,723.6225943230671,-8.0,28.18662000598751,1000.0,,0.2231724359194004,0.2231724359194004,0.2231724359194004,0.2231724359194004,0.22096280784097644,0,highway_0,1,399.6225943230671,723.6225943230671,,-1029.1866200059876
16.0,ego_0,726.443441786507,-8.0,28.20847463439883,1000.0,,0.2207317469543283,0.2207317469543283,0.2207317469543283,0.2207317469543283,0.218546284113188,0,highway_0,1,402.44344178650704,726.443441786507,,-1029.2084746343987
16.1,ego_0,729.2664507558619,-8.0,28.23008969354925,1000.0,,0.21831209741925395,0.21831209741925395,0.21831209741925395,0.21831209741925395,0.2161505915042028,0,highway_0,1,405.2664507558619,729.2664507558619,,-1029.2300896935492
16.2,ego_0,732.091597481987,-8.0,28.25146726125086,1000.0,,0.2159134337862295,0.2159134337862295,0.2159134337862295,0.2159134337862295,0.2137756770160948,0,highway_0,1,408.09159748198704,732.091597481987,,-1029.2514672612508
16.3,ego_0,734.9188584229588,-8.0,28.272609409717568,1000.0,,0.21353569951376028,0.21353569951376028,0.21353569951376028,0.21353569951376028,0.21142148466708477,0,highway_0,1,410.9188584229588,734.9188584229588,,-1029.2726094097175
16.4,ego_0,737.7482102434863,-8.0,28.29351820527425,1000.0,,0.2111788351224999,0.2111788351224999,0.2111788351224999,0.2111788351224999,0.20908795556682236,0,highway_0,1,413.74821024348626,737.7482102434863,,-1029.2935182052743
16.5,ego_0,740.5796298142936,-8.0,28.31419570807331,1000.0,,0.20884277827050568,0.20884277827050568,0.20884277827050568,0.20884277827050568,0.2067750279906022,0,highway_0,1,416.57962981429364,740.5796298142936,,-1029.3141957080734
16.6,ego_0,743.4130942114755,-8.0,28.334643971818657,1000.0,,0.20652746382801646,0.20652746382801646,0.20652746382801646,0.20652746382801646,0.20448263745347361,0,highway_0,1,419.4130942114755,743.4130942114755,,-1029.3346439718187
16.7,ego_0,746.2485807158251,-8.0,28.354865043497046,1000.0,,0.2042328239517225,0.2042328239517225,0.2042328239517225,0.2042328239517225,0.20221071678388824,0,highway_0,1,422.24858071582514,746.2485807158251,,-1029.354865043497
16.8,ego_0,749.0860668121368,-8.0,28.3748609631167,1000.0,,0.20195878815849366,0.20195878815849366,0.20195878815849366,0.20195878815849366,0.1999591961965308,0,highway_0,1,425.0860668121368,749.0860668121368,,-1029.3748609631166
16.9,ego_0,751.9255301884821,-8.0,28.39463376345319,1000.0,,0.19970528339854,0.19970528339854,0.19970528339854,0.19970528339854,0.19772800336490093,0,highway_0,1,427.92553018848207,751.9255301884821,,-1029.3946337634532
17.0,ego_0,754.7669487354623,-8.0,28.414185469802494,1000.0,,0.19747223412797243,0.19747223412797243,0.19747223412797243,0.19747223412797243,0.19551706349304254,0,highway_0,1,430.7669487354623,754.7669487354623,,-1029.4141854698025
17.1,ego_0,757.6103005454364,-8.0,28.433518099741182,1000.0,,0.1952595623807396,0.1952595623807396,0.1952595623807396,0.1952595623807396,0.19332629938688228,0,highway_0,1,433.6103005454364,757.6103005454364,,-1029.4335180997411
17.2,ego_0,760.4555639117258,-8.0,28.452633662893646,1000.0,,0.1930671878399115,0.1930671878399115,0.1930671878399115,0.1930671878399115,0.19115563152464432,0,highway_0,1,436.4555639117258,760.4555639117258,,-1029.4526336628937
17.3,ego_0,763.3027173277965,-8.0,28.471534160706348,1000.0,,0.19089502790829138,0.19089502790829138,0.19089502790829138,0.19089502790829138,0.18900497812701644,0,highway_0,1,439.3027173277965,763.3027173277965,,-1029.4715341607064
17.4,ego_0,766.1517394864194,-8.0,28.49022158622895,1000.0,,0.18874299777832526,0.18874299777832526,0.18874299777832526,0.18874299777832526,0.18687425522603718,0,highway_0,1,442.1517394864194,766.1517394864194,,-1029.490221586229
17.5,ego_0,769.0026092788096,-8.0,28.508697923902346,1000.0,,0.1866110105012948,0.1866110105012948,0.1866110105012948,0.1866110105012948,0.18476337673394738,0,highway_0,1,445.0026092788096,769.0026092788096,,-1029.5086979239024
17.6,ego_0,771.855305793745,-8.0,28.526965149353412,1000.0,,0.18449897705576535,0.18449897705576535,0.18449897705576535,0.18449897705576535,0.18267225451065627,0,highway_0,1,447.85530579374495,771.855305793745,,-1029.5269651493534
17.7,ego_0,774.7098083166646,-8.0,28.54502522919651,1000.0,,0.18240680641527718,0.18240680641527718,0.18240680641527718,0.18240680641527718,0.1806007984309943,0,highway_0,1,450.70980831666463,774.7098083166646,,-1029.5450252291964
17.8,ego_0,777.5660963287488,-8.0,28.562880120841584,1000.0,,0.1803344056152555,0.1803344056152555,0.1803344056152555,0.1803344056152555,0.17854891645072257,0,highway_0,1,453.5660963287488,777.5660963287488,,-1029.5628801208416
17.9,ego_0,780.4241495059797,-8.0,28.580531772308827,1000.0,,0.17828167981912824,0.17828167981912824,0.17828167981912824,0.17828167981912824,0.17651651467243568,0,highway_0,1,456.4241495059797,780.4241495059797,,-1029.5805317723089
18.0,ego_0,783.2839477181847,-8.0,28.597982122049782,1000.0,,0.17624853238362448,0.17624853238362448,0.17624853238362448,0.17624853238362448,0.17450349740954607,0,highway_0,1,459.28394771818466,783.2839477181847,,-1029.5979821220499
18.1,ego_0,786.1454710280622,-8.0,28.61523309877486,1000.0,,0.17423486492325702,0.17423486492325702,0.17423486492325702,0.17423486492325702,0.17250976725076583,0,highway_0,1,462.14547102806216,786.1454710280622,,-1029.6152330987748
18.2,ego_0,789.0086996901908,-8.0,28.63228662128713,1000.0,,0.17224057737395582,0.17224057737395582,0.17224057737395582,0.17224057737395582,0.17053522512270547,0,highway_0,1,465.00869969019084,789.0086996901908,,-1029.6322866212872
18.3,ego_0,791.8736141500231,-8.0,28.649144598322362,1000.0,,0.17026556805585447,0.17026556805585447,0.17026556805585447,0.17026556805585447,0.16857977035233063,0,highway_0,1,467.87361415002306,791.8736141500231,,-1029.6491445983224
18.4,ego_0,794.7401950428625,-8.0,28.665808928395155,1000.0,,0.16830973373520697,0.16830973373520697,0.16830973373520697,0.16830973373520697,0.16664330072792666,0,highway_0,1,470.7401950428625,794.7401950428625,,-1029.665808928395
18.5,ego_0,797.6084231928277,-8.0,28.68228149965114,1000.0,,0.1663729696854348,0.1663729696854348,0.1663729696854348,0.1663729696854348,0.16472571255985002,0,highway_0,1,473.6084231928277,797.6084231928277,,-1029.6822814996513
18.6,ego_0,800.4782796118002,-8.0,28.698564189725126,1000.0,,0.16445516974728613,0.16445516974728613,0.16445516974728613,0.16445516974728613,0.16282690073985862,0,highway_0,1,476.4782796118002,800.4782796118002,,-1029.6985641897252
18.7,ego_0,803.3497454983607,-8.0,28.714658865605134,1000.0,,0.16255622638810274,0.16255622638810274,0.16255622638810274,0.16255622638810274,0.1609467588000868,0,highway_0,1,479.3497454983607,803.3497454983607,,-1029.714658865605
18.8,ego_0,806.2228022367109,-8.0,28.73056738350218,1000.0,,0.1606760307601831,0.1606760307601831,0.1606760307601831,0.1606760307601831,0.15908517897045726,0,highway_0,1,482.2228022367109,806.2228022367109,,-1029.7305673835021
18.9,ego_0,809.0974313955835,-8.0,28.746291588725768,1000.0,,0.15881447275824256,0.15881447275824256,0.15881447275824256,0.15881447275824256,0.15724205223587973,0,highway_0,1,485.0974313955835,809.0974313955835,,-1029.7462915887259
19.0,ego_0,811.97361472714,-8.0,28.76183331556497,1000.0,,0.15697144107595717,0.15697144107595717,0.15697144107595717,0.15697144107595717,0.15541726839202852,0,highway_0,1,487.97361472714,811.97361472714,,-1029.761833315565
19.1,ego_0,814.8513341658575,-8.0,28.77719438717503,1000.0,,0.1551468232615859,0.1551468232615859,0.1551468232615859,0.1551468232615859,0.1536107161005873,0,highway_0,1,490.85133416585745,814.8513341658575,,-1029.777194387175
19.2,ego_0,817.7305718274043,-8.0,28.79237661546935,1000.0,,0.15334050577267588,0.15334050577267588,0.15334050577267588,0.15334050577267588,0.15182228294321476,0,highway_0,1,493.73057182740433,817.7305718274043,,-1029.7923766154693
19.3,ego_0,820.6113100075061,-8.0,28.80738180101686,1000.0,,0.15155237402983412,0.15155237402983412,0.15155237402983412,0.15155237402983412,0.15005185547508404,0,highway_0,1,496.61131000750606,820.6113100075061,,-1029.8073818010168
19.4,ego_0,823.4935311808006,-8.0,28.822211732944538,1000.0,,0.1497823124695754,0.1497823124695754,0.1497823124695754,0.1497823124695754,0.14829931927678786,0,highway_0,1,499.4935311808006,823.4935311808006,,-1029.8222117329447
19.5,ego_0,826.3772179996851,-8.0,28.836868188845155,1000.0,,0.14803020459623717,0.14803020459623717,0.14803020459623717,0.14803020459623717,0.1465645590061726,0,highway_0,1,502.37721799968506,826.3772179996851,,-1029.836868188845
19.6,ego_0,829.2623532931541,-8.0,28.851352934690006,1000.0,,0.1462959330329593,0.1462959330329593,0.1462959330329593,0.1462959330329593,0.14484745844850266,0,highway_0,1,505.2623532931541,829.2623532931541,,-1029.85135293469
19.7,ego_0,832.1489200656288,-8.0,28.865667724746615,1000.0,,0.1445793795717356,0.1445793795717356,0.1445793795717356,0.1445793795717356,0.14314790056609183,0,highway_0,1,508.1489200656288,832.1489200656288,,-1029.8656677247466
19.8,ego_0,835.0369014957789,-8.0,28.87981430150132,1000.0,,0.14288042522253164,0.14288042522253164,0.14288042522253164,0.14288042522253164,0.14146576754704654,0,highway_0,1,511.0369014957789,835.0369014957789,,-1029.8798143015013
19.9,ego_0,837.9262809353376,-8.0,28.893794395586614,1000.0,,0.1411989502614669,0.1411989502614669,0.1411989502614669,0.1411989502614669,0.13980094085294326,0,highway_0,1,513.9262809353376,837.9262809353376,,-1029.8937943955866
20.0,ego_0,840.8170419079089,-8.0,28.907609725713154,1000.0,,0.13953483427806834,0.13953483427806834,0.13953483427806834,0.13953483427806834,0.1381533012654046,0,highway_0,1,516.8170419079089,840.8170419079089,,-1029.9076097257132
20.1,ego_0,843.7091681077695,-8.0,28.92126199860638,1000.0,,0.1378879562216001,0.1378879562216001,0.1378879562216001,0.1378879562216001,0.13652272893224904,0,highway_0,1,519.7091681077695,843.7091681077695,,-1029.9212619986063
20.2,ego_0,846.6026433986643,-8.0,28.934752908947612,1000.0,,0.13625819444646148,0.13625819444646148,0.13625819444646148,0.13625819444646148,0.1349091034123262,0,highway_0,1,522.6026433986643,846.6026433986643,,-1029.9347529089475
20.3,ego_0,849.4974518125963,-8.0,28.94808413931956,1000.0,,0.1346454267566629,0.1346454267566629,0.1346454267566629,0.1346454267566629,0.1333123037194639,0,highway_0,1,525.4974518125963,849.4974518125963,,-1029.9480841393195
20.4,ego_0,852.3935775486119,-8.0,28.961257360156132,1000.0,,0.13304953044938805,0.13304953044938805,0.13304953044938805,0.13304953044938805,0.13173220836574018,0,highway_0,1,528.3935775486119,852.3935775486119,,-1029.9612573601562
20.5,ego_0,855.2910049715815,-8.0,28.974274229696494,1000.0,,0.13147038235763553,0.13147038235763553,0.13147038235763553,0.13147038235763553,0.13016869540361853,0,highway_0,1,531.2910049715815,855.2910049715815,,-1029.9742742296964
20.6,ego_0,858.1897186109759,-8.0,28.98713639394322,1000.0,,0.12990785889195366,0.12990785889195366,0.12990785889195366,0.12990785889195366,0.12862164246726593,0,highway_0,1,534.1897186109759,858.1897186109759,,-1029.9871363939433
20.7,ego_0,861.0897031596384,-8.0,28.999845486624533,1000.0,,0.12836183608127094,0.12836183608127094,0.12836183608127094,0.12836183608127094,0.12709092681312484,0,highway_0,1,537.0897031596384,861.0897031596384,,-1029.9998454866245
20.8,ego_0,863.9909434725544,-8.0,29.012403129160457,1000.0,,0.12683218961282394,0.12683218961282394,0.12683218961282394,0.12683218961282394,0.12557642535924174,0,highway_0,1,539.9909434725544,863.9909434725544,,-1030.0124031291605
20.9,ego_0,866.8934245656177,-8.0,29.024810930632853,1000.0,,0.12531879487119468,0.12531879487119468,0.12531879487119468,0.12531879487119468,0.12407801472395619,0,highway_0,1,542.8934245656177,866.8934245656177,,-1030.0248109306328
21.0,ego_0,869.7971316143936,-8.0,29.037070487759237,1000.0,,0.12382152697646398,0.12382152697646398,0.12382152697646398,0.12382152697646398,0.1225955712638438,0,highway_0,1,545.7971316143936,869.7971316143936,,-1030.0370704877591
21.1,ego_0,872.7020499528807,-8.0,29.049183384870275,1000.0,,0.12234026082147598,0.12234026082147598,0.12234026082147598,0.12234026082147598,0.12112897111038023,0,highway_0,1,548.7020499528807,872.7020499528807,,-1030.0491833848703
21.2,ego_0,875.6081650722698,-8.0,29.061151193890893,1000.0,,0.12087487110824258,0.12087487110824258,0.12087487110824258,0.12087487110824258,0.11967809020617892,0,highway_0,1,551.6081650722698,875.6081650722698,,-1030.061151193891
21.3,ego_0,878.5154626197022,-8.0,29.0729754743249,1000.0,,0.11942523238346836,0.11942523238346836,0.11942523238346836,0.11942523238346836,0.1182428043400563,0,highway_0,1,554.5154626197022,878.5154626197022,,-1030.072975474325
21.4,ego_0,881.4239283970265,-8.0,29.08465777324304,1000.0,,0.11799121907323162,0.11799121907323162,0.11799121907323162,0.11799121907323162,0.11682298918142209,0,highway_0,1,557.4239283970265,881.4239283970265,,-1030.084657773243
21.5,ego_0,884.333548359554,-8.0,29.09619962527441,1000.0,,0.1165727055168041,0.1165727055168041,0.1165727055168041,0.1165727055168041,0.11541852031367483,0,highway_0,1,560.333548359554,884.333548359554,,-1030.0961996252745
21.6,ego_0,887.2443086148141,-8.0,29.107602552601108,1000.0,,0.11516956599964001,0.11516956599964001,0.11516956599964001,0.11516956599964001,0.11402927326699341,0,highway_0,1,563.2443086148141,887.2443086148141,,-1030.107602552601
21.7,ego_0,890.1561954213098,-8.0,29.118868064956107,1000.0,,0.11378167478552403,0.11378167478552403,0.11378167478552403,0.11378167478552403,0.11265512354999174,0,highway_0,1,566.1561954213098,890.1561954213098,,-1030.1188680649561
21.8,ego_0,893.0691951872723,-8.0,29.129997659624216,1000.0,,0.112408906147905,0.112408906147905,0.112408906147905,0.112408906147905,0.11129594668108922,0,highway_0,1,569.0691951872723,893.0691951872723,,-1030.1299976596242
21.9,ego_0,895.9832944694168,-8.0,29.14099282144604,1000.0,,0.11105113440040282,0.11105113440040282,0.11105113440040282,0.11105113440040282,0.10995161821824695,0,highway_0,1,571.9832944694168,895.9832944694168,,-1030.140992821446
22.0,ego_0,898.8984799716993,-8.0,29.151855022824908,1000.0,,0.10970823392652418,0.10970823392652418,0.10970823392652418,0.10970823392652418,0.10862201378866843,0,highway_0,1,574.8984799716993,898.8984799716993,,-1030.151855022825
22.1,ego_0,901.814738544073,-8.0,29.162585723736647,1000.0,,0.10838007920857418,0.10838007920857418,0.10838007920857418,0.10838007920857418,0.10730700911739888,0,highway_0,1,577.814738544073,901.814738544073,,-1030.1625857237366
22.2,ego_0,904.7320571812471,-8.0,29.17318637174217,1000.0,,0.10706654485578582,0.10706654485578582,0.10706654485578582,0.10706654485578582,0.10600648005521407,0,highway_0,1,580.7320571812471,904.7320571812471,,-1030.173186371742
22.3,ego_0,907.6504230214474,-8.0,29.18365840200273,1000.0,,0.10576750563167048,0.10576750563167048,0.10576750563167048,0.10576750563167048,0.10472030260562093,0,highway_0,1,583.6504230214474,907.6504230214474,,-1030.1836584020027
22.4,ego_0,910.5698233451772,-8.0,29.19400323729784,1000.0,,0.10448283648060674,0.10448283648060674,0.10448283648060674,0.10448283648060674,0.10344835295107657,0,highway_0,1,586.5698233451772,910.5698233451772,,-1030.194003237298
22.5,ego_0,913.4902455739818,-8.0,29.204222288045727,1000.0,,0.10321241255367208,0.10321241255367208,0.10321241255367208,0.10321241255367208,0.10219050747888758,0,highway_0,1,589.4902455739817,913.4902455739817,,-1030.2042222880457
22.6,ego_0,916.4116772692144,-8.0,29.214316952326293,1000.0,,0.10195610923372833,0.10195610923372833,0.10195610923372833,0.10195610923372833,0.10094664280565269,0,highway_0,1,592.4116772692144,916.4116772692144,,-1030.2143169523263
22.7,ego_0,919.3341061308051,-8.0,29.224288615906467,1000.0,,0.1007138021597761,0.1007138021597761,0.1007138021597761,0.1007138021597761,0.09971663580174095,0,highway_0,1,595.334106130805,919.334106130805,,-1030.2242886159065
22.8,ego_0,922.2575199960318,-8.0,29.234138652267912,1000.0,,0.09948536725057855,0.09948536725057855,0.09948536725057855,0.09948536725057855,0.09850036361445547,0,highway_0,1,598.2575199960318,922.2575199960318,,-1030.2341386522678
22.9,ego_0,925.1819068382955,-8.0,29.243868422636982,1000.0,,0.09827068072757916,0.09827068072757916,0.09827068072757916,0.09827068072757916,0.09729770369069968,0,highway_0,1,601.1819068382955,925.1819068382955,,-1030.243868422637
23.0,ego_0,928.1072547658972,-8.0,29.253479276016893,1000.0,,0.09706961913711265,0.09706961913711265,0.09706961913711265,0.09706961913711265,0.09610853379911077,0,highway_0,1,604.1072547658972,928.1072547658972,,-1030.2534792760168
23.1,ego_0,931.0335520208196,-8.0,29.262972549222035,1000.0,,0.0958820593719244,0.0958820593719244,0.0958820593719244,0.0958820593719244,0.0949327320514115,0,highway_0,1,607.0335520208195,931.0335520208195,,-1030.262972549222
23.2,ego_0,933.9607869775108,-8.0,29.272349566914315,1000.0,,0.09470787869200759,0.09470787869200759,0.09470787869200759,0.09470787869200759,0.09377017692280276,0,highway_0,1,609.9607869775109,933.9607869775109,,-1030.2723495669143
23.3,ego_0,936.888948141675,-8.0,29.281611641641522,1000.0,,0.09354695474477315,0.09354695474477315,0.09354695474477315,0.09354695474477315,0.09262074727207192,0,highway_0,1,612.8889481416751,936.8889481416751,,-1030.2816116416416
23.4,ego_0,939.8180241490628,-8.0,29.290760073877617,1000.0,,0.09239916558455952,0.09239916558455952,0.09239916558455952,0.09239916558455952,0.09148432236095516,0,highway_0,1,615.8180241490628,939.8180241490628,,-1030.2907600738777
23.5,ego_0,942.7480037642691,-8.0,29.299796152064893,1000.0,,0.09126438969149009,0.09126438969149009,0.09126438969149009,0.09126438969149009,0.09036078187275365,0,highway_0,1,618.7480037642692,942.7480037642692,,-1030.2997961520648
23.6,ego_0,945.678875879535,-8.0,29.30872115265793,1000.0,,0.09014250598970075,0.09014250598970075,0.09014250598970075,0.09014250598970075,0.08925000593038135,0,highway_0,1,621.678875879535,945.678875879535,,-1030.3087211526579
23.7,ego_0,948.6106295135518,-8.0,29.31753634016931,1000.0,,0.08903339386493159,0.08903339386493159,0.08903339386493159,0.08903339386493159,0.08815187511377331,0,highway_0,1,624.6106295135519,948.6106295135519,,-1030.3175363401692
23.8,ego_0,951.5432538102735,-8.0,29.32624296721698,1000.0,,0.08793693318151174,0.08793693318151174,0.08793693318151174,0.08793693318151174,0.08706627047672555,0,highway_0,1,627.5432538102735,951.5432538102735,,-1030.326242967217
23.9,ego_0,954.4767380377309,-8.0,29.334842274573294,1000.0,,0.08685300429873588,0.08685300429873588,0.08685300429873588,0.08685300429873588,0.0859930735631309,0,highway_0,1,630.4767380377309,954.4767380377309,,-1030.3348422745732
24.0,ego_0,957.4110715868525,-8.0,29.343335491215534,1000.0,,0.08578148808664443,0.08578148808664443,0.08578148808664443,0.08578148808664443,0.08493216642239787,0,highway_0,1,633.4110715868525,957.4110715868525,,-1030.3433354912156
24.1,ego_0,960.3462439702902,-8.0,29.35172383437803,1000.0,,0.08472226594122856,0.08472226594122856,0.08472226594122856,0.08472226594122856,0.08388343162497591,0,highway_0,1,636.3462439702903,960.3462439702903,,-1030.351723834378
24.2,ego_0,963.2822448212507,-8.0,29.36000850960566,1000.0,,0.08367521979905423,0.08367521979905423,0.08367521979905423,0.08367521979905423,0.08284675227628213,0,highway_0,1,639.2822448212509,963.2822448212509,,-1030.3600085096057
24.3,ego_0,966.2190638923317,-8.0,29.36819071080876,1000.0,,0.0826402321513321,0.0826402321513321,0.0826402321513321,0.0826402321513321,0.08182201203101869,0,highway_0,1,642.2190638923317,966.2190638923317,,-1030.3681907108087
24.4,ego_0,969.1566910543637,-8.0,29.3762716203194,1000.0,,0.08161718605743506,0.08161718605743506,0.08161718605743506,0.08161718605743506,0.0808090951063889,0,highway_0,1,645.1566910543637,969.1566910543637,,-1030.3762716203194
24.5,ego_0,972.0951162952585,-8.01,29.384252408948893,1000.0,,0.08060596515787455,0.08060596515787455,0.08060596515787455,0.08060596515787455,0.07980788629492253,0,highway_0,1,648.0951162952585,972.0951162952585,,-1030.384252408949
24.6,ego_0,975.0343297188632,-8.03,29.39213423604659,1000.0,,0.07960645368675245,0.07960645368675245,0.07960645368675245,0.07960645368675245,0.07881827097698135,0,highway_0,1,651.0343297188632,975.0343297188632,,-1030.3921342360466
24.7,ego_0,977.9743215438192,-8.06,29.399918249559825,1000.0,,0.078618536483689,0.078618536483689,0.078618536483689,0.078618536483689,0.077840135132341,0,highway_0,1,653.9743215438192,977.9743215438192,,-1030.3999182495597
24.8,ego_0,980.9150821024288,-8.08,29.407605586095,1000.0,,0.07764209900524865,0.07764209900524865,0.07764209900524865,0.07764209900524865,0.07687336535173728,0,highway_0,1,656.9150821024288,980.9150821024288,,-1030.407605586095
24.9,ego_0,983.8566018395268,-8.09,29.415197370979737,1000.0,,0.07667702733586423,0.07667702733586423,0.07667702733586423,0.07667702733586423,0.07591784884738217,0,highway_0,1,659.8566018395268,983.8566018395268,,-1030.4151973709797
25.0,ego_0,986.7988713113593,-8.09,29.422694718326103,1000.0,,0.07572320819827905,0.07572320819827905,0.07572320819827905,0.07572320819827905,0.07497347346365757,0,highway_0,1,662.7988713113593,986.7988713113593,,-1030.422694718326
25.1,ego_0,989.7418811844688,-8.098500000000001,29.430098731094766,1000.0,,0.07478052896350751,0.07478052896350751,0.07478052896350751,0.07478052896350751,0.07404012768663648,0,highway_0,1,665.7418811844689,989.7418811844689,,-1030.4300987310949
25.2,ego_0,992.6856222345849,-8.098500000000001,29.437410501160144,1000.0,,0.07384887766033454,0.07384887766033454,0.07384887766033454,0.07384887766033454,0.07311770065378198,0,highway_0,1,668.6856222345849,992.6856222345849,,-1030.4374105011602
25.3,ego_0,995.6300853455224,-8.098500000000001,29.444631109376417,1000.0,,0.07292814298435413,0.07292814298435413,0.07292814298435413,0.07292814298435413,0.0722060821627224,0,highway_0,1,671.6300853455225,995.6300853455225,,-1030.4446311093764
25.4,ego_0,998.5752615080869,-8.098500000000001,29.45176162564439,1000.0,,0.07201821430656485,0.07201821430656485,0.07201821430656485,0.07201821430656485,0.0713051626797423,0,highway_0,1,674.5752615080869,998.5752615080869,,-1030.4517616256444
25.5,ego_0,1001.5211418189848,-8.098500000000001,29.458803108979193,1000.0,,0.07111898168153097,0.07111898168153097,0.07111898168153097,0.07111898168153097,0.07041483334802479,0,highway_0,1,677.5211418189848,1001.5211418189848,,-1030.4588031089793
25.6,ego_0,1004.4677174797425,-8.098500000000001,29.465756607578708,1000.0,,0.07023033585511096,0.07023033585511096,0.07023033585511096,0.07023033585511096,0.06953498599514774,0,highway_0,1,680.4677174797426,1004.4677174797426,,-1030.4657566075787
25.7,ego_0,1007.4149797956319,-8.098500000000001,29.472623158892745,1000.0,,0.0693521682717767,0.0693521682717767,0.0693521682717767,0.0693521682717767,0.06866551314036684,0,highway_0,1,683.4149797956319,1007.4149797956319,,-1030.4726231588927
25.8,ego_0,1010.3629201746011,-8.098500000000001,29.479403789692896,1000.0,,0.06848437108152172,0.06848437108152172,0.06848437108152172,0.06848437108152172,0.06780630800150789,0,highway_0,1,686.3629201746012,1010.3629201746012,,-1030.479403789693
25.9,ego_0,1013.3115301262154,-8.098500000000001,29.48609951614303,1000.0,,0.06762683714637308,0.06762683714637308,0.06762683714637308,0.06762683714637308,0.06695726450136164,0,highway_0,1,689.3115301262155,1013.3115301262155,,-1030.486099516143
26.0,ego_0,1016.2608012606025,-8.088500000000002,29.492711343870408,1000.0,,0.06677946004651492,0.06677946004651492,0.06677946004651492,0.06677946004651492,0.06611827727375896,0,highway_0,1,692.2608012606025,1016.2608012606025,,-1030.4927113438705
26.1,ego_0,1019.2107252874064,-8.088500000000002,29.499240268037344,1000.0,,0.06594213408603444,0.06594213408603444,0.06594213408603444,0.06594213408603444,0.06528924166936179,0,highway_0,1,695.2107252874063,1019.2107252874063,,-1030.4992402680373
26.2,ego_0,1022.1612940147475,-8.0985,29.50568727341341,1000.0,,0.06511475429829561,0.06511475429829561,0.06511475429829561,0.06511475429829561,0.06447005376067239,0,highway_0,1,698.1612940147476,1022.1612940147476,,-1030.5056872734135
26.3,ego_0,1025.1124993481924,-8.0985,29.512053334448158,1000.0,,0.06429721645095843,0.06429721645095843,0.06429721645095843,0.06429721645095843,0.06366061034746906,0,highway_0,1,701.1124993481924,1025.1124993481924,,-1030.5120533344482
26.4,ego_0,1028.0643332897268,-8.088499999999998,29.51833941534426,1000.0,,0.0634894170506386,0.0634894170506386,0.0634894170506386,0.0634894170506386,0.06286080896103385,0,highway_0,1,704.0643332897268,1028.0643332897268,,-1030.5183394153444
26.5,ego_0,1031.01678793674,-8.088499999999998,29.524546470131114,1000.0,,0.0626912533472308,0.0626912533472308,0.0626912533472308,0.0626912533472308,0.0620705478685224,0,highway_0,1,707.01678793674,1031.01678793674,,-1030.524546470131
26.6,ego_0,1033.9698554810138,-8.098499999999998,29.530675442738826,1000.0,,0.06190262333789609,0.06190262333789609,0.06190262333789609,0.06190262333789609,0.061289726077120577,0,highway_0,1,709.9698554810138,1033.9698554810138,,-1030.5306754427388
26.7,ego_0,1036.9235282077211,-8.098499999999998,29.53672726707256,1000.0,,0.06112342577072216,0.06112342577072216,0.06112342577072216,0.06112342577072216,0.060518243337348565,0,highway_0,1,712.9235282077211,1036.9235282077211,,-1030.5367272670726
26.8,ego_0,1039.87779849443,-8.098499999999998,29.54270286708722,1000.0,,0.06035356014807036,0.06035356014807036,0.06035356014807036,0.06035356014807036,0.059756000146578,0,highway_0,1,715.87779849443,1039.87779849443,,-1030.5427028670872
26.9,ego_0,1042.8326588101163,-8.098499999999998,29.548603156862427,1000.0,,0.059592926729609585,0.059592926729609585,0.059592926729609585,0.059592926729609585,0.059002897752087335,0,highway_0,1,718.8326588101163,1042.8326588101163,,-1030.5486031568623
27.0,ego_0,1045.788101714184,-8.098499999999998,29.554429040677782,1000.0,,0.058841426535053865,0.058841426535053865,0.058841426535053865,0.058841426535053865,0.05825883815354871,0,highway_0,1,721.788101714184,1045.788101714184,,-1030.5544290406779
27.1,ego_0,1048.7441198554927,-8.098499999999998,29.560181413088337,1000.0,,0.05809896134660453,0.05809896134660453,0.05809896134660453,0.05809896134660453,0.0575237241055504,0,highway_0,1,724.7441198554927,1048.7441198554927,,-1030.5601814130882
27.2,ego_0,1051.7007059713928,-8.098499999999998,29.565861159000328,1000.0,,0.057365433711109914,0.057365433711109914,0.057365433711109914,0.057365433711109914,0.05679745911990608,0,highway_0,1,727.7007059713928,1051.7007059713928,,-1030.5658611590004
27.3,ego_0,1054.6578528867676,-8.098499999999998,29.571469153747056,1000.0,,0.05664074694194743,0.05664074694194743,0.05664074694194743,0.05664074694194743,0.05607994746728906,0,highway_0,1,730.6578528867676,1054.6578528867676,,-1030.571469153747
27.4,ego_0,1057.615553513084,-8.098499999999998,29.577006263164943,1000.0,,0.055924805120636134,0.055924805120636134,0.055924805120636134,0.055924805120636134,0.05537109417886654,0,highway_0,1,733.615553513084,1057.615553513084,,-1030.577006263165
27.5,ego_0,1060.573800847451,-8.098499999999998,29.58247334366971,1000.0,,0.055217513098189897,0.055217513098189897,0.055217513098189897,0.055217513098189897,0.05467080504768518,0,highway_0,1,736.5738008474509,1060.573800847451,,-1030.5824733436698
27.6,ego_0,1063.5325879716843,-8.098499999999998,29.587871242332703,1000.0,,0.05451877649621595,0.05451877649621595,0.05451877649621595,0.05451877649621595,0.053978986629914516,0,highway_0,1,739.5325879716843,1063.5325879716843,,-1030.5878712423328
27.7,ego_0,1066.49190805138,-8.098499999999998,29.593200796957234,1000.0,,0.053828501707763876,0.053828501707763876,0.053828501707763876,0.053828501707763876,0.053295546245308856,0,highway_0,1,742.49190805138,1066.49190805138,,-1030.5932007969573
27.8,ego_0,1069.4517543349955,-8.098499999999998,29.598462836155047,1000.0,,0.05314659589793991,0.05314659589793991,0.05314659589793991,0.05314659589793991,0.052620391978130954,0,highway_0,1,745.4517543349955,1069.4517543349955,,-1030.598462836155
27.9,ego_0,1072.4121201529379,-8.098499999999998,29.603658179422798,1000.0,,0.05247296700428539,0.05247296700428539,0.05247296700428539,0.05247296700428539,0.051953432677507294,0,highway_0,1,748.4121201529379,1072.4121201529379,,-1030.6036581794228
28.0,ego_0,1075.3729989166598,-8.098499999999998,29.608787637218533,1000.0,,0.05180752373693076,0.05180752373693076,0.05180752373693076,0.05180752373693076,0.051294577957357035,0,highway_0,1,751.3729989166598,1075.3729989166598,,-1030.6087876372185
28.1,ego_0,1078.3343841177636,-8.098499999999998,29.61385201103819,1000.0,,0.05115017557853174,0.05115017557853174,0.05115017557853174,0.05115017557853174,0.05064373819656964,0,highway_0,1,754.3343841177636,1078.3343841177636,,-1030.6138520110383
28.2,ego_0,1081.296269327113,-8.098499999999998,29.61885209349205,1000.0,,0.05050083278399198,0.05050083278399198,0.05050083278399198,0.05050083278399198,0.05000082453857857,0,highway_0,1,757.2962693271129,1081.296269327113,,-1030.618852093492
28.3,ego_0,1084.258648193951,-8.098499999999998,29.623788668381156,1000.0,,0.049859406379981985,0.049859406379981985,0.049859406379981985,0.049859406379981985,0.04936574889107703,0,highway_0,1,760.2586481939511,1084.258648193951,,-1030.6237886683812
28.4,ego_0,1087.2215144450286,-8.098499999999998,29.62866251077366,1000.0,,0.04922580816425459,0.04922580816425459,0.04922580816425459,0.04922580816425459,0.048738423925023255,0,highway_0,1,763.2215144450286,1087.2215144450286,,-1030.6286625107737
28.5,ego_0,1090.1848618837366,-8.098499999999998,29.633474387081062,1000.0,,0.04859995070477596,0.04859995070477596,0.04859995070477596,0.04859995070477596,0.04811876307403651,0,highway_0,1,766.1848618837366,1090.1848618837366,,-1030.6334743870812
28.6,ego_0,1093.14868438925,-8.098499999999998,29.638225055134395,1000.0,,0.047981747338662006,0.047981747338662006,0.047981747338662006,0.047981747338662006,0.04750668053333129,0,highway_0,1,769.1486843892501,1093.14868438925,,-1030.6382250551344
28.7,ego_0,1096.112975915676,-8.098499999999998,29.64291526426023,1000.0,,0.047371112170936924,0.047371112170936924,0.047371112170936924,0.047371112170936924,0.04690209125833178,0,highway_0,1,772.1129759156761,1096.112975915676,,-1030.6429152642602
28.8,ego_0,1099.0777304912117,-8.098499999999998,29.647545755356578,1000.0,,0.046767960073119896,0.046767960073119896,0.046767960073119896,0.046767960073119896,0.046304910963499424,0,highway_0,1,775.0777304912117,1099.0777304912117,,-1030.6475457553565
28.9,ego_0,1102.0429422173086,-8.098499999999998,29.65211726096862,1000.0,,0.046172206681637684,0.046172206681637684,0.046172206681637684,0.046172206681637684,0.04571505612041449,0,highway_0,1,778.0429422173086,1102.0429422173086,,-1030.6521172609687
29.0,ego_0,1105.008605267845,-8.098499999999998,29.65663050536427,1000.0,,0.04558376839608125,0.04558376839608125,0.04558376839608125,0.04558376839608125,0.04513244395649707,0,highway_0,1,781.008605267845,1105.008605267845,,-1030.6566305053643
29.1,ego_0,1107.974713888306,-8.098499999999998,29.661086204609546,1000.0,,0.045002562377296274,0.045002562377296274,0.045002562377296274,0.045002562377296274,0.044556992452768895,0,highway_0,1,783.974713888306,1107.974713888306,,-1030.6610862046095
29.2,ego_0,1110.9412623949704,-8.098499999999998,29.66548506664374,1000.0,,0.04442850654532937,0.04442850654532937,0.04442850654532937,0.04442850654532937,0.04398862034193485,0,highway_0,1,786.9412623949704,1110.9412623949704,,-1030.6654850666437
29.3,ego_0,1113.9082451741058,-8.098499999999998,29.669827791354354,1000.0,,0.043861519577222285,0.043861519577222285,0.043861519577222285,0.043861519577222285,0.04342724710614476,0,highway_0,1,789.9082451741058,1113.9082451741058,,-1030.6698277913545
29.4,ego_0,1116.875656681171,-8.098499999999998,29.674115070651848,1000.0,,0.0433015209046701,0.0433015209046701,0.0433015209046701,0.0433015209046701,0.04287279297493285,0,highway_0,1,792.875656681171,1116.875656681171,,-1030.6741150706519
29.5,ego_0,1119.8434914400254,-8.098499999999998,29.67834758854408,1000.0,,0.04274843071153511,0.04274843071153511,0.04274843071153511,0.04274843071153511,0.04232517892234,0,highway_0,1,795.8434914400254,1119.8434914400254,,-1030.678347588544
29.6,ego_0,1122.8117440421465,-8.098499999999998,29.68252602121054,1000.0,,0.04220216993123749,0.04220216993123749,0.04220216993123749,0.04220216993123749,0.041784326664568994,0,highway_0,1,798.8117440421465,1122.8117440421465,,-1030.6825260212106
29.7,ego_0,1125.7804091458543,-8.098499999999998,29.686651037076285,1000.0,,0.04166266024401666,0.04166266024401666,0.04166266024401666,0.04166266024401666,0.041250158657462066,0,highway_0,1,801.7804091458543,1125.7804091458543,,-1030.6866510370762
29.8,ego_0,1128.7494814755428,-8.098499999999998,29.690723296885597,1000.0,,0.041129824074065735,0.041129824074065735,0.041129824074065735,0.041129824074065735,0.04072259809312584,0,highway_0,1,804.7494814755428,1128.7494814755428,,-1030.6907232968856
29.9,ego_0,1131.7189558209204,-8.098499999999998,29.694743453775356,1000.0,,0.04060358458655944,0.04060358458655944,0.04060358458655944,0.04060358458655944,0.040201568897586526,0,highway_0,1,807.7189558209204,1131.7189558209204,,-1030.6947434537753
30.0,ego_0,1134.6888270362551,-8.098499999999998,29.698712153348083,1000.0,,0.040083865684559905,0.040083865684559905,0.040083865684559905,0.040083865684559905,0.039686995727272745,0,highway_0,1,810.6888270362551,1134.6888270362551,,-1030.698712153348
30.1,ego_0,1137.6590900396295,-8.098499999999998,29.7026300337447,1000.0,,0.039570592005822025,0.039570592005822025,0.039570592005822025,0.039570592005822025,0.03917880396617335,0,highway_0,1,813.6590900396295,1137.6590900396295,,-1030.7026300337448
30.2,ego_0,1140.6297398122013,-8.098499999999998,29.70649772571693,1000.0,,0.039063688919487416,0.039063688919487416,0.039063688919487416,0.039063688919487416,0.03867691972228471,0,highway_0,1,816.6297398122013,1140.6297398122013,,-1030.7064977257169
30.3,ego_0,1143.6007713974711,-8.098499999999998,29.71031585269937,1000.0,,0.038563082522688474,0.038563082522688474,0.038563082522688474,0.038563082522688474,0.03818126982441328,0,highway_0,1,819.6007713974711,1143.6007713974711,,-1030.7103158526993
30.4,ego_0,1146.5721799005591,-8.098499999999998,29.714085030881254,1000.0,,0.038068699637050285,0.038068699637050285,0.038068699637050285,0.038068699637050285,0.037691781818836034,0,highway_0,1,822.5721799005591,1146.5721799005591,,-1030.7140850308813
30.5,ego_0,1149.5439604874869,-8.098499999999998,29.7178058692778,1000.0,,0.03758046780510149,0.03758046780510149,0.03758046780510149,0.03758046780510149,0.037208383965463554,0,highway_0,1,825.5439604874869,1149.5439604874869,,-1030.7178058692778
30.6,ego_0,1152.516108384467,-8.098499999999998,29.721478969801225,1000.0,,0.0370983152866029,0.0370983152866029,0.0370983152866029,0.0370983152866029,0.03673100523425177,0,highway_0,1,828.5161083844671,1152.516108384467,,-1030.7214789698012
30.7,ego_0,1155.4886188772002,-8.098499999999998,29.7251049273314,1000.0,,0.03662217105479115,0.03662217105479115,0.03662217105479115,0.03662217105479115,0.03625957530175583,0,highway_0,1,831.4886188772002,1155.4886188772002,,-1030.7251049273314
30.8,ego_0,1158.4614873101789,-8.098499999999998,29.728684329786105,1000.0,,0.036151964792539015,0.036151964792539015,0.036151964792539015,0.036151964792539015,0.0357940245470445,0,highway_0,1,834.4614873101789,1158.4614873101789,,-1030.7286843297861
30.9,ego_0,1161.434709085998,-8.098499999999998,29.732217758190902,1000.0,,0.03568762688844529,0.03568762688844529,0.03568762688844529,0.03568762688844529,0.03533428404796979,0,highway_0,1,837.4347090859981,1161.434709085998,,-1030.732217758191
31.0,ego_0,1164.4082796646728,-8.098499999999998,29.73570578674861,1000.0,,0.03522908843284844,0.03522908843284844,0.03522908843284844,0.03522908843284844,0.03488028557708134,0,highway_0,1,840.4082796646728,1164.4082796646728,,-1030.7357057867487
31.1,ego_0,1167.3821945629636,-8.098499999999998,29.73914898290839,1000.0,,0.03477628121377596,0.03477628121377596,0.03477628121377596,0.03477628121377596,0.034431961597789495,0,highway_0,1,843.3821945629636,1167.3821945629636,,-1030.7391489829083
31.2,ego_0,1170.3564493537071,-8.098499999999998,29.74254790743441,1000.0,,0.03432913771282442,0.03432913771282442,0.03432913771282442,0.03432913771282442,0.033989245260208634,0,highway_0,1,846.3564493537071,1170.3564493537071,,-1030.7425479074343
31.3,ego_0,1173.3310396651545,-8.098499999999998,29.74590311447411,1000.0,,0.03388759110097839,0.03388759110097839,0.03388759110097839,0.03388759110097839,0.03355207039700048,0,highway_0,1,849.3310396651545,1173.3310396651545,,-1030.745903114474
31.4,ego_0,1176.3059611803171,-8.098499999999998,29.74921515162603,1000.0,,0.0334515752343737,0.0334515752343737,0.0334515752343737,0.0334515752343737,0.0331203715191819,0,highway_0,1,852.3059611803171,1176.3059611803171,,-1030.749215151626
31.5,ego_0,1179.281209636318,-8.098499999999998,29.752484560007215,1000.0,,0.03302102465000023,0.03302102465000023,0.03302102465000023,0.03302102465000023,0.032694083811861674,0,highway_0,1,855.281209636318,1179.281209636318,,-1030.7524845600071
31.6,ego_0,1182.25678082375,-8.098499999999998,29.75571187432022,1000.0,,0.03259587456135904,0.03259587456135904,0.03259587456135904,0.03259587456135904,0.032273143130048254,0,highway_0,1,858.25678082375,1182.25678082375,,-1030.7557118743202
31.7,ego_0,1185.2326705860419,-8.098499999999998,29.758897622919633,1000.0,,0.03217606085406233,0.03217606085406233,0.03217606085406233,0.03217606085406233,0.031857485994137846,0,highway_0,1,861.2326705860419,1185.2326705860419,,-1030.7588976229197
31.8,ego_0,1188.2088748188296,-8.098499999999998,29.762042327878184,1000.0,,0.031761520081391326,0.031761520081391326,0.031761520081391326,0.031761520081391326,0.031447049585509035,0,highway_0,1,864.2088748188296,1188.2088748188296,,-1030.7620423278781
31.9,ego_0,1191.185389469335,-8.098499999999998,29.765146505052424,1000.0,,0.031352189459812996,0.031352189459812996,0.031352189459812996,0.031352189459812996,0.031041771742401636,0,highway_0,1,867.185389469335,1191.185389469335,,-1030.7651465050524
32.0,ego_0,1194.1622105357496,-8.098499999999998,29.768210664147915,1000.0,,0.030948006864448208,0.030948006864448208,0.030948006864448208,0.030948006864448208,0.03064159095490737,0,highway_0,1,870.1622105357496,1194.1622105357496,,-1030.768210664148
32.1,ego_0,1197.139334066628,-8.098499999999998,29.771235308784004,1000.0,,0.0305489108245095,0.0305489108245095,0.0305489108245095,0.0305489108245095,0.03024644636088425,0,highway_0,1,873.139334066628,1197.139334066628,,-1030.771235308784
32.2,ego_0,1200.1167561602838,-8.098499999999998,29.77422093655813,1000.0,,0.03015484051869821,0.03015484051869821,0.03015484051869821,0.03015484051869821,0.02985627774126698,0,highway_0,1,876.1167561602838,1200.1167561602838,,-1030.774220936558
32.3,ego_0,1203.0944729641947,-8.098499999999998,29.77716803910967,1000.0,,0.029765735770569957,0.029765735770569957,0.029765735770569957,0.029765735770569957,0.02947102551541292,0,highway_0,1,879.0944729641947,1203.0944729641947,,-1030.7771680391097
32.4,ego_0,1206.072480674413,-8.098499999999998,29.780077102183323,1000.0,,0.029381537043870254,0.029381537043870254,0.029381537043870254,0.029381537043870254,0.029090630736519074,0,highway_0,1,882.0724806744131,1206.072480674413,,-1030.7800771021832
32.5,ego_0,1209.0507755349822,-8.098499999999998,29.78294860569202,1000.0,,0.02900218543784161,0.02900218543784161,0.02900218543784161,0.02900218543784161,0.028715035086968044,0,highway_0,1,885.0507755349822,1209.0507755349822,,-1030.7829486056921
32.6,ego_0,1212.02935383736,-8.098499999999998,29.7857830237794,1000.0,,0.028627622682503073,0.028627622682503073,0.028627622682503073,0.028627622682503073,0.028344180873780545,0,highway_0,1,888.0293538373601,1212.02935383736,,-1030.7857830237795
32.7,ego_0,1215.0082119198482,-8.098499999999998,29.788580824881766,1000.0,,0.028257791133908916,0.028257791133908916,0.028257791133908916,0.028257791133908916,0.02797801102367714,0,highway_0,1,891.0082119198482,1215.0082119198482,,-1030.7885808248818
32.8,ego_0,1217.9873461670272,-8.098499999999998,29.791342471789626,1000.0,,0.027892633769383224,0.027892633769383224,0.027892633769383224,0.027892633769383224,0.027616469078601824,0,highway_0,1,893.9873461670272,1217.9873461670272,,-1030.7913424717897
32.9,ego_0,1220.966753009198,-8.098499999999998,29.794068421708708,1000.0,,0.027532094182736166,0.027532094182736166,0.027532094182736166,0.027532094182736166,0.02725949919081927,0,highway_0,1,896.9667530091981,1220.966753009198,,-1030.7940684217087
33.0,ego_0,1223.9464289218301,-8.098499999999998,29.796759126320538,1000.0,,0.027176116579463505,0.027176116579463505,0.027176116579463505,0.027176116579463505,0.026907046118296307,0,highway_0,1,899.9464289218301,1223.9464289218301,,-1030.7967591263205
33.1,ego_0,1226.9263704250145,-8.098499999999998,29.799415031842514,1000.0,,0.026824645771929667,0.026824645771929667,0.026824645771929667,0.026824645771929667,0.02655905521976365,0,highway_0,1,902.9263704250145,1226.9263704250145,,-1030.7994150318425
33.2,ego_0,1229.9065740829233,-8.098499999999998,29.80203657908752,1000.0,,0.026477627174538387,0.026477627174538387,0.026477627174538387,0.026477627174538387,0.02621547245006184,0,highway_0,1,905.9065740829233,1229.9065740829233,,-1030.8020365790876
33.3,ego_0,1232.8870365032756,-8.098499999999998,29.804624203523055,1000.0,,0.026135006798893357,0.026135006798893357,0.026135006798893357,0.026135006798893357,0.02587624435534508,0,highway_0,1,908.8870365032756,1232.8870365032756,,-1030.804624203523
33.4,ego_0,1235.8677543368085,-8.098499999999998,29.807178335329883,1000.0,,0.025796731248944327,0.025796731248944327,0.025796731248944327,0.025796731248944327,0.02554131806828508,0,highway_0,1,911.8677543368085,1235.8677543368085,,-1030.8071783353298
33.5,ego_0,1238.8487242767544,-8.098499999999998,29.809699399460193,1000.0,,0.02546274771612944,0.02546274771612944,0.02546274771612944,0.02546274771612944,0.025210641303097248,0,highway_0,1,914.8487242767544,1238.8487242767544,,-1030.8096993994602
33.6,ego_0,1241.829943058324,-8.098499999999998,29.812187815695292,1000.0,,0.02513300397451268,0.02513300397451268,0.02513300397451268,0.02513300397451268,0.024884162350993222,0,highway_0,1,917.829943058324,1241.829943058324,,-1030.8121878156953
33.7,ego_0,1244.8114074581943,-8.098499999999998,29.81464399870281,1000.0,,0.024807448375911423,0.024807448375911423,0.024807448375911423,0.024807448375911423,0.024561830075171542,0,highway_0,1,920.8114074581943,1244.8114074581943,,-1030.8146439987029
33.8,ego_0,1247.7931142940035,-8.098499999999998,29.817068358093405,1000.0,,0.02448602984502546,0.02448602984502546,0.02448602984502546,0.02448602984502546,0.024243593905950434,0,highway_0,1,923.7931142940035,1247.7931142940035,,-1030.8170683580934
33.9,ego_0,1250.7750604238513,-8.098499999999998,29.819461298477027,1000.0,,0.024168697874563327,0.024168697874563327,0.024168697874563327,0.024168697874563327,0.02392940383622033,0,highway_0,1,926.7750604238513,1250.7750604238513,,-1030.819461298477
34.0,ego_0,1253.757242745803,-8.098499999999998,29.821823219518645,1000.0,,0.023855402520369107,0.023855402520369107,0.023855402520369107,0.023855402520369107,0.023619210416185865,0,highway_0,1,929.7572427458031,1253.757242745803,,-1030.8218232195186
34.1,ego_0,1256.7396581974024,-8.098499999999998,29.824154515993552,1000.0,,0.0235460943965502,0.0235460943965502,0.0235460943965502,0.0235460943965502,0.023312964749067078,0,highway_0,1,932.7396581974024,1256.7396581974024,,-1030.8241545159935
34.2,ego_0,1259.7223037551867,-8.098499999999998,29.82645557784213,1000.0,,0.02324072467060756,0.02324072467060756,0.02324072467060756,0.02324072467060756,0.02301061848577035,0,highway_0,1,935.7223037551867,1259.7223037551867,,-1030.8264555778421
34.3,ego_0,1262.705176434209,-8.098499999999998,29.828726790224167,1000.0,,0.022939245058572144,0.022939245058572144,0.022939245058572144,0.022939245058572144,0.022712123820376462,0,highway_0,1,938.7051764342091,1262.705176434209,,-1030.8287267902242
34.4,ego_0,1265.6882732875663,-8.098499999999998,29.830968533572698,1000.0,,0.022641607820146126,0.022641607820146126,0.022641607820146126,0.022641607820146126,0.02241743348530889,0,highway_0,1,941.6882732875663,1265.6882732875663,,-1030.8309685335728
34.5,ego_0,1268.671591405931,-8.098499999999998,29.833181183647337,1000.0,,0.022347765753848337,0.022347765753848337,0.022347765753848337,0.022347765753848337,0.02212650074639555,0,highway_0,1,944.6715914059309,1268.671591405931,,-1030.8331811836474
34.6,ego_0,1271.6551279170897,-8.098499999999998,29.835365111587155,1000.0,,0.022057672192173805,0.022057672192173805,0.022057672192173805,0.022057672192173805,0.0218392793981792,0,highway_0,1,947.6551279170897,1271.6551279170897,,-1030.8353651115872
34.7,ego_0,1274.638879985486,-8.098499999999998,29.83752068396307,1000.0,,0.021771280996756293,0.021771280996756293,0.021771280996756293,0.021771280996756293,0.02155572375915682,0,highway_0,1,950.638879985486,1274.638879985486,,-1030.837520683963
34.8,ego_0,1277.622844811769,-8.098499999999998,29.839648262829755,1000.0,,0.02148854655354493,0.02148854655354493,0.02148854655354493,0.02148854655354493,0.021275788666841322,0,highway_0,1,953.622844811769,1277.622844811769,,-1030.8396482628298
34.9,ego_0,1280.6070196323467,-8.098499999999998,29.84174820577708,1000.0,,0.021209423767991176,0.021209423767991176,0.021209423767991176,0.021209423767991176,0.02099942947324962,0,highway_0,1,956.6070196323467,1280.6070196323467,,-1030.841748205777
35.0,ego_0,1283.5914017189448,-8.098499999999998,29.843820865981066,1000.0,,0.02093386806024833,0.02093386806024833,0.02093386806024833,0.02093386806024833,0.020726602039857767,0,highway_0,1,959.5914017189448,1283.5914017189448,,-1030.8438208659811
35.1,ego_0,1286.5759883781702,-8.098499999999998,29.84586659225437,1000.0,,0.02066183536038535,0.02066183536038535,0.02066183536038535,0.02066183536038535,0.020457262733053483,0,highway_0,1,962.5759883781702,1286.5759883781702,,-1030.8458665922544
35.2,ego_0,1289.5607769510798,-8.098499999999998,29.847885729096312,1000.0,,0.020393282103615462,0.020393282103615462,0.020393282103615462,0.020393282103615462,0.02019136841941105,0,highway_0,1,965.5607769510798,1289.5607769510798,,-1030.8478857290963
35.3,ego_0,1292.545764812754,-8.098499999999998,29.849878616742405,1000.0,,0.020128165225536954,0.020128165225536954,0.020128165225536954,0.020128165225536954,0.019928876460930667,0,highway_0,1,968.545764812754,1292.545764812754,,-1030.8498786167424
35.4,ego_0,1295.5309493718753,-8.098499999999998,29.851845591213436,1000.0,,0.019866442157394526,0.019866442157394526,0.019866442157394526,0.019866442157394526,0.019669744710313353,0,highway_0,1,971.5309493718753,1295.5309493718753,,-1030.8518455912135
35.5,ego_0,1298.5163280703116,-8.098499999999998,29.853786984364064,1000.0,,0.019608070821356294,0.019608070821356294,0.019608070821356294,0.019608070821356294,0.019413931506271354,0,highway_0,1,974.5163280703116,1298.5163280703116,,-1030.853786984364
35.6,ego_0,1301.5018983827047,-8.098499999999998,29.855703123930976,1000.0,,0.019353009625809325,0.019353009625809325,0.019353009625809325,0.019353009625809325,0.019161395669122783,0,highway_0,1,977.5018983827047,1301.5018983827047,,-1030.8557031239309
35.7,ego_0,1304.4876578160627,-8.098499999999998,29.857594333580547,1000.0,,0.01910121746066984,0.01910121746066984,0.01910121746066984,0.01910121746066984,0.01891209649571124,0,highway_0,1,980.4876578160627,1304.4876578160627,,-1030.8575943335804
35.8,ego_0,1307.4736039093582,-8.098499999999998,29.85946093295606,1000.0,,0.018852653692721266,0.018852653692721266,0.018852653692721266,0.018852653692721266,0.01866599375514255,0,highway_0,1,983.4736039093582,1307.4736039093582,,-1030.8594609329562
35.9,ego_0,1310.4597342331306,-8.098499999999998,29.861303237724474,1000.0,,0.01860727816096519,0.01860727816096519,0.01860727816096519,0.01860727816096519,0.018423047684130722,0,highway_0,1,986.4597342331306,1310.4597342331306,,-1030.8613032377245
36.0,ego_0,1313.4460463890928,-8.098499999999998,29.86312155962269,1000.0,,0.018365051171996827,0.018365051171996827,0.018365051171996827,0.018365051171996827,0.018183218982166238,0,highway_0,1,989.4460463890928,1313.4460463890928,,-1030.8631215596226
36.1,ego_0,1316.4325380097432,-8.098499999999998,29.864916206503423,1000.0,,0.018125933495402147,0.018125933495402147,0.018125933495402147,0.018125933495402147,0.017946468807323868,0,highway_0,1,992.4325380097432,1316.4325380097432,,-1030.8649162065035
36.2,ego_0,1319.4192067579813,-8.098499999999998,29.866687482380566,1000.0,,0.017889886359174545,0.017889886359174545,0.017889886359174545,0.017889886359174545,0.01771275877143097,0,highway_0,1,995.4192067579813,1319.4192067579813,,-1030.8666874823805
36.3,ego_0,1322.4060503267287,-8.098499999999998,29.868435687474147,1000.0,,0.01765687144516026,0.01765687144516026,0.01765687144516026,0.01765687144516026,0.01748205093580424,0,highway_0,1,998.4060503267287,1322.4060503267287,,-1030.8684356874742
36.4,ego_0,1325.3930664385541,-8.098499999999998,29.870161118254792,1000.0,,0.01742685088451923,0.01742685088451923,0.01742685088451923,0.01742685088451923,0.01725430780645354,0,highway_0,1,1001.3930664385541,1325.3930664385541,,-1030.8701611182548
36.5,ego_0,1328.380252845303,-8.098499999999998,29.871864067487785,1000.0,,0.017199787253218912,0.017199787253218912,0.017199787253218912,0.017199787253218912,0.017029492329925233,0,highway_0,1,1004.380252845303,1328.380252845303,,-1030.8718640674879
36.6,ego_0,1331.3676073277306,-8.098499999999998,29.87354482427665,1000.0,,0.01697564356754555,0.01697564356754555,0.01697564356754555,0.01697564356754555,0.016807567888648123,0,highway_0,1,1007.3676073277306,1331.3676073277306,,-1030.8735448242767
36.7,ego_0,1334.3551276951412,-8.098499999999998,29.875203674106316,1000.0,,0.01675438327964418,0.01675438327964418,0.01675438327964418,0.01675438327964418,0.016588498296670195,0,highway_0,1,1010.3551276951412,1334.3551276951412,,-1030.8752036741064
36.8,ego_0,1337.3428117850297,-8.098499999999998,29.876840898885828,1000.0,,0.016535970273083733,0.016535970273083733,0.016535970273083733,0.016535970273083733,0.01637224779511115,0,highway_0,1,1013.3428117850297,1337.3428117850297,,-1030.8768408988858
36.9,ego_0,1340.3306574627288,-8.098499999999998,29.878456776990625,1000.0,,0.016320368858447343,0.016320368858447343,0.016320368858447343,0.016320368858447343,0.016158781047970194,0,highway_0,1,1016.3306574627288,1340.3306574627288,,-1030.8784567769906
37.0,ego_0,1343.3186626210593,-8.098499999999998,29.880051583304382,1000.0,,0.01610754376894863,0.01610754376894863,0.01610754376894863,0.01610754376894863,0.015948063137578572,0,highway_0,1,1019.3186626210593,1343.3186626210593,,-1030.8800515833043
37.1,ego_0,1346.3068251799853,-8.098499999999998,29.88162558926043,1000.0,,0.01589746015607929,0.01589746015607929,0.01589746015607929,0.01589746015607929,0.015740059560478414,0,highway_0,1,1022.3068251799853,1346.3068251799853,,-1030.8816255892605
37.2,ego_0,1349.2951430862736,-8.098499999999998,29.883179062882732,1000.0,,0.01569008358527646,0.01569008358527646,0.01569008358527646,0.01569008358527646,0.015534736223017376,0,highway_0,1,1025.2951430862736,1349.2951430862736,,-1030.8831790628828
37.3,ego_0,1352.2836143131562,-8.098499999999998,29.88471226882646,1000.0,,0.01548538003162625,0.01548538003162625,0.01548538003162625,0.01548538003162625,0.015332059437263013,0,highway_0,1,1028.2836143131562,1352.2836143131562,,-1030.8847122688264
37.4,ego_0,1355.272236859998,-8.098499999999998,29.8862254684181,1000.0,,0.015283315875585068,0.015283315875585068,0.015283315875585068,0.015283315875585068,0.015131995916419783,0,highway_0,1,1031.272236859998,1355.272236859998,,-1030.8862254684182
37.5,ego_0,1358.2610087519674,-8.098499999999998,29.887718919695207,1000.0,,0.015083857898741448,0.015083857898741448,0.015083857898741448,0.015083857898741448,0.014934512771063169,0,highway_0,1,1034.2610087519674,1358.2610087519674,,-1030.8877189196953
37.6,ego_0,1361.249928039712,-8.098499999999998,29.889192877445662,1000.0,,0.014886973279595206,0.014886973279595206,0.014886973279595206,0.014886973279595206,0.014739577504556678,0,highway_0,1,1037.249928039712,1361.249928039712,,-1030.8891928774456
37.7,ego_0,1364.2389927990366,-8.098499999999998,29.89064759324659,1000.0,,0.014692629589373452,0.014692629589373452,0.014692629589373452,0.014692629589373452,0.014547158009285965,0,highway_0,1,1040.2389927990366,1364.2389927990366,,-1030.8906475932465
37.8,ego_0,1367.228201130587,-8.098499999999998,29.892083315502816,1000.0,,0.014500794787870808,0.014500794787870808,0.014500794787870808,0.014500794787870808,0.014357222562253469,0,highway_0,1,1043.228201130587,1367.228201130587,,-1030.8920833155028
37.9,ego_0,1370.2175511595356,-8.098499999999998,29.893500289484926,1000.0,,0.014311437219320489,0.014311437219320489,0.014311437219320489,0.014311437219320489,0.01416973982109937,0,highway_0,1,1046.2175511595356,1370.2175511595356,,-1030.893500289485
38.0,ego_0,1373.2070410352721,-8.098499999999998,29.894898757366935,1000.0,,0.014124525608297134,0.014124525608297134,0.014124525608297134,0.014124525608297134,0.013984678820087026,0,highway_0,1,1049.2070410352721,1373.2070410352721,,-1030.894898757367
38.1,ego_0,1376.1966689310984,-8.098499999999998,29.896278958263533,1000.0,,0.013940029055647285,0.013940029055647285,0.013940029055647285,0.013940029055647285,0.013802008965981827,0,highway_0,1,1052.1966689310984,1376.1966689310984,,-1030.8962789582636
38.2,ego_0,1379.186433043925,-8.098499999999998,29.897641128266944,1000.0,,0.013757917034448064,0.013757917034448064,0.013757917034448064,0.013757917034448064,0.013621700034107675,0,highway_0,1,1055.186433043925,1379.186433043925,,-1030.897641128267
38.3,ego_0,1382.1763315939734,-8.098499999999998,29.89898550048338,1000.0,,0.013578159386001598,0.013578159386001598,0.013578159386001598,0.013578159386001598,0.013443722164367955,0,highway_0,1,1058.1763315939734,1382.1763315939734,,-1030.8989855004834
38.4,ego_0,1385.1663628244803,-8.098499999999998,29.900312305069107,1000.0,,0.013400726315854095,0.013400726315854095,0.013400726315854095,0.013400726315854095,0.013268045857266486,0,highway_0,1,1061.1663628244803,1385.1663628244803,,-1030.900312305069
38.5,ego_0,1388.1565250014069,-8.098499999999998,29.90162176926612,1000.0,,0.013225588389849108,0.013225588389849108,0.013225588389849108,0.013225588389849108,0.013094641970141652,0,highway_0,1,1064.1565250014069,1388.1565250014069,,-1030.901621769266
38.6,ego_0,1391.1468164131506,-8.098499999999998,29.90291411743743,1000.0,,0.013052716530208563,0.013052716530208563,0.013052716530208563,0.013052716530208563,0.012923481713080776,0,highway_0,1,1067.1468164131506,1391.1468164131506,,-1030.9029141174374
38.7,ego_0,1394.137235370261,-8.098499999999998,29.90418957110195,1000.0,,0.012882082011648088,0.012882082011648088,0.012882082011648088,0.012882082011648088,0.012754536645189773,0,highway_0,1,1070.137235370261,1394.137235370261,,-1030.904189571102
38.8,ego_0,1397.1277802051577,-8.098499999999998,29.90544834896903,1000.0,,0.012713656457519762,0.012713656457519762,0.012713656457519762,0.012713656457519762,0.012587778670827277,0,highway_0,1,1073.1277802051577,1397.1277802051577,,-1030.905448348969
38.9,ego_0,1400.118449271855,-8.098499999999998,29.906690666972594,1000.0,,0.012547411835988176,0.012547411835988176,0.012547411835988176,0.012547411835988176,0.012423180035625592,0,highway_0,1,1076.118449271855,1400.118449271855,,-1030.9066906669725
39.0,ego_0,1403.1092409456855,-8.098499999999998,29.907916738304895,1000.0,,0.012383320456236024,0.012383320456236024,0.012383320456236024,0.012383320456236024,0.012260713323009043,0,highway_0,1,1079.1092409456855,1403.1092409456855,,-1030.907916738305
39.1,ego_0,1406.1001536230306,-8.098499999999998,29.909126773449913,1000.0,,0.012221354964701114,0.012221354964701114,0.012221354964701114,0.012221354964701114,0.012100351450179403,0,highway_0,1,1082.1001536230306,1406.1001536230306,,-1030.90912677345
39.2,ego_0,1409.0911857210522,-8.098499999999998,29.910320980216383,1000.0,,0.012061488341346571,0.012061488341346571,0.012061488341346571,0.012061488341346571,0.011942067664705291,0,highway_0,1,1085.0911857210522,1409.0911857210522,,-1030.9103209802163
39.3,ego_0,1412.0823356774292,-8.098499999999998,29.91149956377044,1000.0,,0.011903693895956802,0.011903693895956802,0.011903693895956802,0.011903693895956802,0.01178583554057866,0,highway_0,1,1088.0823356774292,1412.0823356774292,,-1030.9114995637703
39.4,ego_0,1415.073601950096,-8.098499999999998,29.912662726667914,1000.0,,0.011747945264472648,0.011747945264472648,0.011747945264472648,0.011747945264472648,0.011631628974733133,0,highway_0,1,1091.073601950096,1415.073601950096,,-1030.9126627266678
39.5,ego_0,1418.0649830169846,-8.098499999999998,29.913810668886263,1000.0,,0.011594216405351299,0.011594216405351299,0.011594216405351299,0.011594216405351299,0.011479422183491295,0,highway_0,1,1094.0649830169846,1418.0649830169846,,-1030.9138106688863
39.6,ego_0,1421.05647737577,-8.098499999999998,29.914943587856158,1000.0,,0.01144248159595962,0.01144248159595962,0.01144248159595962,0.01144248159595962,0.011329189698940922,0,highway_0,1,1097.05647737577,1421.05647737577,,-1030.9149435878562
39.7,ego_0,1424.0480835436194,-8.098499999999998,29.916061678492692,1000.0,,0.011292715428998124,0.011292715428998124,0.011292715428998124,0.011292715428998124,0.011180906365346743,0,highway_0,1,1100.0480835436194,1424.0480835436194,,-1030.9160616784927
39.8,ego_0,1427.039800056942,-8.098499999999998,29.917165133226252,1000.0,,0.011144892808957585,0.011144892808957585,0.011144892808957585,0.011144892808957585,0.011034547335597722,0,highway_0,1,1103.039800056942,1427.039800056942,,-1030.9171651332263
39.9,ego_0,1430.0316254711454,-8.088499999999998,29.918254142033046,1000.0,,0.010998988948607069,0.010998988948607069,0.010998988948607069,0.010998988948607069,0.010890088067938564,0,highway_0,1,1106.0316254711454,1430.0316254711454,,-1030.918254142033
40.0,ego_0,1433.023558360392,-8.088499999999998,29.919328892465273,1000.0,,0.010854979365510165,0.010854979365510165,0.010854979365510165,0.010854979365510165,0.010747504322274892,0,highway_0,1,1109.023558360392,1433.023558360392,,-1030.9193288924653
40.1,ego_0,1436.01559731736,-8.098499999999998,29.920389569680975,1000.0,,0.010712839878576408,0.010712839878576408,0.010712839878576408,0.010712839878576408,0.010606772157011335,0,highway_0,1,1112.01559731736,1436.01559731736,,-1030.920389569681
40.2,ego_0,1439.0077409530074,-8.098499999999998,29.92143635647351,1000.0,,0.010572546604639466,0.010572546604639466,0.010572546604639466,0.010572546604639466,0.0104678679253567,0,highway_0,1,1115.0077409530074,1439.0077409530074,,-1030.9214363564736
40.3,ego_0,1441.9999878963374,-8.088499999999998,29.922469433300744,1000.0,,0.010434075955070177,0.010434075955070177,0.010434075955070177,0.010434075955070177,0.010330768272339697,0,highway_0,1,1117.9999878963374,1441.9999878963374,,-1030.9224694333006
40.4,ego_0,1444.9923367941688,-8.088499999999998,29.923488978313856,1000.0,,0.010297404632418572,0.010297404632418572,0.010297404632418572,0.010297404632418572,0.010195450131114114,0,highway_0,1,1120.9923367941688,1444.9923367941688,,-1030.9234889783138
40.5,ego_0,1447.9847863109073,-8.098499999999998,29.924495167385846,1000.0,,0.010162509627087646,0.010162509627087646,0.010162509627087646,0.010162509627087646,0.010061890719903488,0,highway_0,1,1123.9847863109073,1447.9847863109073,,-1030.9244951673859
40.6,ego_0,1450.9773351283213,-8.098499999999998,29.925488174139712,1000.0,,0.010029368214037437,0.010029368214037437,0.010029368214037437,0.010029368214037437,0.009930067538661547,0,highway_0,1,1126.9773351283213,1450.9773351283213,,-1030.9254881741397
40.7,ego_0,1453.969981945319,-8.098499999999998,29.926468169976296,1000.0,,0.009897957949520864,0.009897957949520864,0.009897957949520864,0.009897957949520864,0.009799958365839245,0,highway_0,1,1129.969981945319,1453.969981945319,,-1030.9264681699763
40.8,ego_0,1456.9627254777292,-8.098499999999998,29.927435324101825,1000.0,,0.009768256667847641,0.009768256667847641,0.009768256667847641,0.009768256667847641,0.009671541255293903,0,highway_0,1,1132.9627254777292,1456.9627254777292,,-1030.927435324102
40.9,ego_0,1459.9555644580848,-8.098499999999998,29.92838980355511,1000.0,,0.009640242478181404,0.009640242478181404,0.009640242478181404,0.009640242478181404,0.00954479453284307,0,highway_0,1,1135.9555644580848,1459.9555644580848,,-1030.928389803555
41.0,ego_0,1462.9484976354083,-8.098499999999998,29.929331773234452,1000.0,,0.009513893761367576,0.009513893761367576,0.009513893761367576,0.009513893761367576,0.00941969679342236,0,highway_0,1,1138.9484976354083,1462.9484976354083,,-1030.9293317732345
41.1,ego_0,1465.9415237750009,-8.098499999999998,29.93026139592423,1000.0,,0.009389189166788547,0.009389189166788547,0.009389189166788547,0.009389189166788547,0.009296226897781423,0,highway_0,1,1141.9415237750009,1465.9415237750009,,-1030.9302613959242
41.2,ego_0,1468.934641658233,-8.098499999999998,29.931178832321184,1000.0,,0.009266107609253726,0.009266107609253726,0.009266107609253726,0.009266107609253726,0.009174363969535193,0,highway_0,1,1144.934641658233,1468.934641658233,,-1030.9311788323212
41.3,ego_0,1471.927850082339,-8.098499999999998,29.932084241060384,1000.0,,0.009144628265913446,0.009144628265913446,0.009144628265913446,0.009144628265913446,0.009054087392001975,0,highway_0,1,1147.927850082339,1471.927850082339,,-1030.9320842410605
41.4,ego_0,1474.921147860213,-8.098499999999998,29.9329777787409,1000.0,,0.009024730573208406,0.009024730573208406,0.009024730573208406,0.009024730573208406,0.00893537680514811,0,highway_0,1,1150.921147860213,1474.921147860213,,-1030.932977778741
41.5,ego_0,1477.9145338202081,-8.098499999999998,29.93385959995118,1000.0,,0.008906394223849423,0.008906394223849423,0.008906394223849423,0.008906394223849423,0.008818212102816858,0,highway_0,1,1153.9145338202081,1477.9145338202081,,-1030.9338595999511
41.6,ego_0,1480.9080068059375,-8.098499999999998,29.934729857294133,1000.0,,0.008789599163819384,0.008789599163819384,0.008789599163819384,0.008789599163819384,0.008702573429530958,0,highway_0,1,1156.9080068059375,1480.9080068059375,,-1030.934729857294
41.7,ego_0,1483.9015656760787,-8.098499999999998,29.9355887014119,1000.0,,0.008674325589414611,0.008674325589414611,0.008674325589414611,0.008674325589414611,0.008588441177650452,0,highway_0,1,1159.9015656760787,1483.9015656760787,,-1030.935588701412
41.8,ego_0,1486.8952093041796,-8.098499999999998,29.936436281010344,1000.0,,0.008560553944307658,0.008560553944307658,0.008560553944307658,0.008560553944307658,0.008475795984459467,0,highway_0,1,1162.8952093041796,1486.8952093041796,,-1030.9364362810104
41.9,ego_0,1489.888936578468,-8.098499999999998,29.93727274288328,1000.0,,0.008448264916646298,0.008448264916646298,0.008448264916646298,0.008448264916646298,0.008364618729359563,0,highway_0,1,1165.888936578468,1489.888936578468,,-1030.9372727428834
42.0,ego_0,1492.8827464016617,-8.098499999999998,29.938098231936365,1000.0,,0.008337439436174487,0.008337439436174487,0.008337439436174487,0.008337439436174487,0.008254890530849934,0,highway_0,1,1168.8827464016617,1492.8827464016617,,-1030.9380982319365
42.1,ego_0,1495.876637690783,-8.098499999999998,29.93891289121076,1000.0,,0.00822805867138865,0.00822805867138865,0.00822805867138865,0.00822805867138865,0.008146592743933923,0,highway_0,1,1171.876637690783,1495.876637690783,,-1030.9389128912107
42.2,ego_0,1498.8706093769736,-8.098499999999998,29.939716861906472,1000.0,,0.008120104026718478,0.008120104026718478,0.008120104026718478,0.008120104026718478,0.00803970695713474,0,highway_0,1,1174.8706093769736,1498.8706093769736,,-1030.9397168619064
42.3,ego_0,1501.864660405314,-8.098499999999998,29.94051028340546,1000.0,,0.008013557139738947,0.008013557139738947,0.008013557139738947,0.008013557139738947,0.007934214989866462,0,highway_0,1,1177.864660405314,1501.864660405314,,-1030.9405102834055
42.4,ego_0,1504.8587897346436,-8.098499999999998,29.941293293294407,1000.0,,0.007908399878409966,0.007908399878409966,0.007908399878409966,0.007908399878409966,0.00783009888948527,0,highway_0,1,1180.8587897346436,1504.8587897346436,,-1030.9412932932944
42.5,ego_0,1507.8529963373824,-8.098499999999998,29.942066027387312,1000.0,,0.007804614338346227,0.007804614338346227,0.007804614338346227,0.007804614338346227,0.007727340929051252,0,highway_0,1,1183.8529963373824,1507.8529963373824,,-1030.9420660273872
42.6,ego_0,1510.8472791993572,-8.098499999999998,29.94282861974772,1000.0,,0.007702182840108263,0.007702182840108263,0.007702182840108263,0.007702182840108263,0.007625923604059892,0,highway_0,1,1186.8472791993572,1510.8472791993572,,-1030.9428286197476
42.7,ego_0,1513.8416373196283,-8.098499999999998,29.943581202710742,1000.0,,0.00760108792653269,0.00760108792653269,0.00760108792653269,0.00760108792653269,0.0075258296302394,0,highway_0,1,1189.8416373196283,1513.8416373196283,,-1030.9435812027107
42.8,ego_0,1516.8360697103187,-8.098499999999998,29.94432390690481,1000.0,,0.007501312360080448,0.007501312360080448,0.007501312360080448,0.007501312360080448,0.007427041940673007,0,highway_0,1,1192.8360697103187,1516.8360697103187,,-1030.9443239069049
42.9,ego_0,1519.830575396446,-8.098499999999998,29.945056861273148,1000.0,,0.0074028391202172195,0.0074028391202172195,0.0074028391202172195,0.0074028391202172195,0.007329543683383122,0,highway_0,1,1195.830575396446,1519.830575396446,,-1030.945056861273
43.0,ego_0,1522.8251534157555,-8.098499999999998,29.94578019309501,1000.0,,0.007305651400822288,0.007305651400822288,0.007305651400822288,0.007305651400822288,0.007233318218631268,0,highway_0,1,1198.8251534157555,1522.8251534157555,,-1030.945780193095
43.1,ego_0,1525.8198028185561,-8.098499999999998,29.946494028006658,1000.0,,0.007209732607621033,0.007209732607621033,0.007209732607621033,0.007209732607621033,0.0071383491164667134,0,highway_0,1,1201.8198028185561,1525.8198028185561,,-1030.9464940280066
43.2,ego_0,1528.8145226675583,-8.098499999999998,29.947198490022068,1000.0,,0.0071150663556464044,0.0071150663556464044,0.0071150663556464044,0.0071150663556464044,0.0070446201540974585,0,highway_0,1,1204.8145226675583,1528.8145226675583,,-1030.9471984900222
43.3,ego_0,1531.8093120377137,-8.098499999999998,29.947893701553426,1000.0,,0.007021636466730041,0.007021636466730041,0.007021636466730041,0.007021636466730041,0.0069521153135809755,0,highway_0,1,1207.8093120377137,1531.8093120377137,,-1030.9478937015533
43.4,ego_0,1534.8041700160568,-8.098499999999998,29.94857978343135,1000.0,,0.00692942696701393,0.00692942696701393,0.00692942696701393,0.00692942696701393,0.006860818779230726,0,highway_0,1,1210.8041700160568,1534.8041700160568,,-1030.9485797834313
43.5,ego_0,1537.7990957015493,-8.098499999999998,29.94925685492486,1000.0,,0.0068384220844937005,0.0068384220844937005,0.0068384220844937005,0.0068384220844937005,0.006770714935129263,0,highway_0,1,1213.7990957015493,1537.7990957015493,,-1030.949256854925
43.6,ego_0,1540.7940882049254,-8.098499999999998,29.949925033761158,1000.0,,0.006748606246587796,0.006748606246587796,0.006748606246587796,0.006748606246587796,0.006681788362961072,0,highway_0,1,1216.7940882049254,1540.7940882049254,,-1030.9499250337612
43.7,ego_0,1543.7891466485398,-8.098499999999998,29.95058443614509,1000.0,,0.006659964077730174,0.006659964077730174,0.006659964077730174,0.006659964077730174,0.006594023839312513,0,highway_0,1,1219.7891466485398,1543.7891466485398,,-1030.9505844361452
43.8,ego_0,1546.7842701662178,-8.098499999999998,29.951235176778454,1000.0,,0.0065724803969918755,0.0065724803969918755,0.0065724803969918755,0.0065724803969918755,0.00650740633364677,0,highway_0,1,1222.7842701662178,1546.7842701662178,,-1030.9512351767785
43.9,ego_0,1549.7794579031056,-8.098499999999998,29.951877368879018,1000.0,,0.006486140215723579,0.006486140215723579,0.006486140215723579,0.006486140215723579,0.0064219210056393194,0,highway_0,1,1225.7794579031056,1549.7794579031056,,-1030.951877368879
44.0,ego_0,1552.7747090155256,-8.098499999999998,29.95251112419934,1000.0,,0.006400928735232125,0.006400928735232125,0.006400928735232125,0.006400928735232125,0.0063375532032239335,0,highway_0,1,1228.7747090155256,1552.7747090155256,,-1030.9525111241994
44.1,ego_0,1555.77002267083,-8.098499999999998,29.953136553045326,1000.0,,0.006316831344472695,0.006316831344472695,0.006316831344472695,0.006316831344472695,0.006254288459857094,0,highway_0,1,1231.77002267083,1555.77002267083,,-1030.9531365530454
44.2,ego_0,1558.7653980472594,-8.098499999999998,29.95375376429461,1000.0,,0.006233833617774964,0.006233833617774964,0.006233833617774964,0.006233833617774964,0.006172112492848214,0,highway_0,1,1234.7653980472594,1558.7653980472594,,-1030.9537537642946
44.3,ego_0,1561.7608343338009,-8.098499999999998,29.95436286541467,1000.0,,0.006151921312586572,0.006151921312586572,0.006151921312586572,0.006151921312586572,0.006091011200588525,0,highway_0,1,1237.7608343338009,1561.7608343338009,,-1030.9543628654146
44.4,ego_0,1564.7563307300488,-8.098499999999998,29.954963962480733,1000.0,,0.006071080367245685,0.006071080367245685,0.006071080367245685,0.006071080367245685,0.0060109706606326085,0,highway_0,1,1240.7563307300488,1564.7563307300488,,-1030.9549639624806
44.5,ego_0,1567.7518864460683,-8.098499999999998,29.955557160193482,1000.0,,0.005991296898780418,0.005991296898780418,0.005991296898780418,0.005991296898780418,0.005931977127495713,0,highway_0,1,1243.7518864460683,1567.7518864460683,,-1030.9555571601934
44.6,ego_0,1570.7475007022579,-8.098499999999998,29.956142561896524,1000.0,,0.0059125572007241445,0.0059125572007241445,0.0059125572007241445,0.0059125572007241445,0.005854017030415548,0,highway_0,1,1246.7475007022579,1570.7475007022579,,-1030.9561425618965
44.7,ego_0,1573.7431727292171,-8.098499999999998,29.95672026959365,1000.0,,0.005834847740964988,0.005834847740964988,0.005834847740964988,0.005834847740964988,0.005777076971256179,0,highway_0,1,1249.7431727292171,1573.7431727292171,,-1030.9567202695937
44.8,ego_0,1576.7389017676137,-8.098499999999998,29.95729038396589,1000.0,,0.005758155159611089,0.005758155159611089,0.005758155159611089,0.005758155159611089,0.005701143722411928,0,highway_0,1,1252.7389017676137,1576.7389017676137,,-1030.957290383966
44.9,ego_0,1579.7346870680526,-8.098499999999998,29.957853004388355,1000.0,,0.005682466266886399,0.005682466266886399,0.005682466266886399,0.005682466266886399,0.005626204224640219,0,highway_0,1,1255.7346870680526,1579.7346870680526,,-1030.9578530043884
45.0,ego_0,1582.7305278909473,-8.098499999999998,29.958408228946872,1000.0,,0.005607768041044792,0.005607768041044792,0.005607768041044792,0.005607768041044792,0.005552245585178639,0,highway_0,1,1258.7305278909473,1582.7305278909473,,-1030.9584082289468
45.1,ego_0,1585.7264235063928,-8.098499999999998,29.958956154454427,1000.0,,0.005534047626309824,0.005534047626309824,0.005534047626309824,0.005534047626309824,0.005479255075542255,0,highway_0,1,1261.7264235063928,1585.7264235063928,,-1030.9589561544544
45.2,ego_0,1588.7223731940396,-8.098499999999998,29.95949687646738,1000.0,,0.005461292330836143,0.005461292330836143,0.005461292330836143,0.005461292330836143,0.005407220129534096,0,highway_0,1,1264.7223731940396,1588.7223731940396,,-1030.9594968764675
45.3,ego_0,1591.7183762429697,-8.098499999999998,29.960030489301506,1000.0,,0.005389489624698207,0.005389489624698207,0.005389489624698207,0.005389489624698207,0.00533612834125563,0,highway_0,1,1267.7183762429697,1591.7183762429697,,-1030.9600304893015
45.4,ego_0,1594.7144319515744,-8.098499999999998,29.96055708604783,1000.0,,0.0053186271378954375,0.0053186271378954375,0.0053186271378954375,0.0053186271378954375,0.005265967463259358,0,highway_0,1,1270.7144319515744,1594.7144319515744,,-1030.9605570860479
45.5,ego_0,1597.7105396274333,-8.098499999999998,29.961076758588266,1000.0,,0.005248692658383569,0.005248692658383569,0.005248692658383569,0.005248692658383569,0.005196725404346125,0,highway_0,1,1273.7105396274333,1597.7105396274333,,-1030.9610767585882
45.6,ego_0,1600.7066985871943,-8.098499999999998,29.961589597611052,1000.0,,0.0051796741301307625,0.0051796741301307625,0.0051796741301307625,0.0051796741301307625,0.005128390227859825,0,highway_0,1,1276.7066985871943,1600.7066985871943,,-1030.961589597611
45.7,ego_0,1603.702908156457,-8.098499999999998,29.96209569262602,1000.0,,0.00511155965118848,0.00511155965118848,0.00511155965118848,0.00511155965118848,0.005060950149662347,0,highway_0,1,1279.702908156457,1603.702908156457,,-1030.962095692626
45.8,ego_0,1606.6991676696548,-8.098499999999998,29.96259513197966,1000.0,,0.005044337471792226,0.005044337471792226,0.005044337471792226,0.005044337471792226,0.0049943935364282765,0,highway_0,1,1282.6991676696548,1606.6991676696548,,-1030.9625951319797
45.9,ego_0,1609.6954764699417,-8.098499999999998,29.963088002870006,1000.0,,0.004977995992477502,0.004977995992477502,0.004977995992477502,0.004977995992477502,0.004928708903442214,0,highway_0,1,1285.6954764699417,1609.6954764699417,,-1030.96308800287
46.0,ego_0,1612.6918339090778,-8.098499999999998,29.963574391361313,1000.0,,0.004912523762223842,0.004912523762223842,0.004912523762223842,0.004912523762223842,0.004863884913071104,0,highway_0,1,1288.6918339090778,1612.6918339090778,,-1030.9635743913614
46.1,ego_0,1615.6882393473177,-8.098499999999998,29.964054382398604,1000.0,,0.004847909476613954,0.004847909476613954,0.004847909476613954,0.004847909476613954,0.004799910372916827,0,highway_0,1,1291.6882393473177,1615.6882393473177,,-1030.9640543823987
46.2,ego_0,1618.6846921533,-8.098499999999998,29.964528059821973,1000.0,,0.004784141976016287,0.004784141976016287,0.004784141976016287,0.004784141976016287,0.004736774233684571,0,highway_0,1,1294.6846921533,1618.6846921533,,-1030.964528059822
46.3,ego_0,1621.6811917039379,-8.098499999999998,29.964995506380767,1000.0,,0.004721210243793017,0.004721210243793017,0.004721210243793017,0.004721210243793017,0.00467446558793938,0,highway_0,1,1297.6811917039379,1621.6811917039379,,-1030.9649955063808
46.4,ego_0,1624.6777373843126,-8.098499999999998,29.96545680374755,1000.0,,0.004659103404519249,0.004659103404519249,0.004659103404519249,0.004659103404519249,0.004612973667832421,0,highway_0,1,1300.6777373843126,1624.6777373843126,,-1030.9654568037477
46.5,ego_0,1627.674328587566,-8.098499999999998,29.96591203253193,1000.0,,0.004597810722232865,0.004597810722232865,0.004597810722232865,0.004597810722232865,0.004552287843786473,0,highway_0,1,1303.674328587566,1627.674328587566,,-1030.9659120325318
46.6,ego_0,1630.6709647147954,-8.098499999999998,29.966361272294176,1000.0,,0.004537321598696353,0.004537321598696353,0.004537321598696353,0.004537321598696353,0.0044923976224708895,0,highway_0,1,1306.6709647147954,1630.6709647147954,,-1030.966361272294
46.7,ego_0,1633.6676451749513,-8.098499999999998,29.9668046015587,1000.0,,0.004477625571684629,0.004477625571684629,0.004477625571684629,0.004477625571684629,0.004433292645238396,0,highway_0,1,1309.6676451749513,1633.6676451749513,,-1030.9668046015588
46.8,ego_0,1636.664369384734,-8.098499999999998,29.96724209782734,1000.0,,0.004418712313290385,0.004418712313290385,0.004418712313290385,0.004418712313290385,0.004374962686419792,0,highway_0,1,1312.664369384734,1636.664369384734,,-1030.9672420978272
46.9,ego_0,1639.6611367684934,-8.098499999999998,29.967673837592518,1000.0,,0.004360571628249876,0.004360571628249876,0.004360571628249876,0.004360571628249876,0.004317397651760757,0,highway_0,1,1315.6611367684934,1639.6611367684934,,-1030.9676738375924
47.0,ego_0,1642.6579467581284,-8.098499999999998,29.968099896350168,1000.0,,0.004303193452286358,0.004303193452286358,0.004303193452286358,0.004303193452286358,0.004260587576503383,0,highway_0,1,1318.6579467581284,1642.6579467581284,,-1030.9680998963502
47.1,ego_0,1645.6547987929896,-8.098499999999998,29.96852034861259,1000.0,,0.004246567850476279,0.004246567850476279,0.004246567850476279,0.004246567850476279,0.00420452262421378,0,highway_0,1,1321.6547987929896,1645.6547987929896,,-1030.9685203486126
47.2,ego_0,1648.6516923197817,-8.098499999999998,29.96893526792107,1000.0,,0.004190685015631468,0.004190685015631468,0.004190685015631468,0.004190685015631468,0.004149193084792557,0,highway_0,1,1324.6516923197817,1648.6516923197817,,-1030.968935267921
47.3,ego_0,1651.6486267924674,-8.098499999999998,29.969344726858367,1000.0,,0.0041355352667005185,0.0041355352667005185,0.0041355352667005185,0.0041355352667005185,0.004094589372982682,0,highway_0,1,1327.6486267924674,1651.6486267924674,,-1030.9693447268583
47.4,ego_0,1654.6456016721736,-8.098499999999998,29.969748797061058,1000.0,,0.004081109047194387,0.004081109047194387,0.004081109047194387,0.004081109047194387,0.004040702026912868,0,highway_0,1,1330.6456016721736,1654.6456016721736,,-1030.9697487970611
47.5,ego_0,1657.6426164270968,-8.098499999999998,29.970147549231715,1000.0,,0.004027396923621751,0.004027396923621751,0.004027396923621751,0.004027396923621751,0.0039875217065699076,0,highway_0,1,1333.6426164270968,1657.6426164270968,,-1030.9701475492318
47.6,ego_0,1660.6396705324119,-8.098499999999998,29.970541053150917,1000.0,,0.003974389583948357,0.003974389583948357,0.003974389583948357,0.003974389583948357,0.003935039192022316,0,highway_0,1,1336.6396705324119,1660.6396705324119,,-1030.970541053151
47.7,ego_0,1663.6367634701808,-8.098499999999998,29.970929377689142,1000.0,,0.003922077836076454,0.003922077836076454,0.003922077836076454,0.003922077836076454,0.003883245382247935,0,highway_0,1,1339.6367634701808,1663.6367634701808,,-1030.9709293776891
47.8,ego_0,1666.6338947292627,-8.098499999999998,29.97131259081848,1000.0,,0.0038704526063357836,0.0038704526063357836,0.0038704526063357836,0.0038704526063357836,0.003832131293393104,0,highway_0,1,1342.6338947292627,1666.6338947292627,,-1030.9713125908186
47.9,ego_0,1669.631063805225,-8.098499999999998,29.971690759624224,1000.0,,0.003819504937996432,0.003819504937996432,0.003819504937996432,0.003819504937996432,0.0037816880574226275,0,highway_0,1,1345.631063805225,1669.631063805225,,-1030.9716907596242
48.0,ego_0,1672.6282702002566,-8.098499999999998,29.972063950316283,1000.0,,0.0037692259898020053,0.0037692259898020053,0.0037692259898020053,0.0037692259898020053,0.0037319069205921096,0,highway_0,1,1348.6282702002566,1672.6282702002566,,-1030.9720639503162
48.1,ego_0,1675.6255134230805,-8.098499999999998,29.972432228240493,1000.0,,0.0037196070345134613,0.0037196070345134613,0.0037196070345134613,0.0037196070345134613,0.003682779242097922,0,highway_0,1,1351.6255134230805,1675.6255134230805,,-1030.9724322282405
48.2,ego_0,1678.6227929888696,-8.098499999999998,29.972795657889748,1000.0,,0.0036706394574763657,0.0036706394574763657,0.0036706394574763657,0.0036706394574763657,0.003634296492549538,0,highway_0,1,1354.6227929888696,1678.6227929888696,,-1030.9727956578897
48.3,ego_0,1681.6201084191612,-8.098499999999998,29.973154302915017,1000.0,,0.0036223147552023605,0.0036223147552023605,0.0036223147552023605,0.0036223147552023605,0.003586450252690554,0,highway_0,1,1357.6201084191612,1681.6201084191612,,-1030.973154302915
48.4,ego_0,1684.617459241775,-8.098499999999998,29.973508226136204,1000.0,,0.0035746245339675076,0.0035746245339675076,0.0035746245339675076,0.0035746245339675076,0.003539232211871024,0,highway_0,1,1360.617459241775,1684.617459241775,,-1030.9735082261361
48.5,ego_0,1687.6148449907303,-8.098499999999998,29.97385748955288,1000.0,,0.003527560508429728,0.003527560508429728,0.003527560508429728,0.003527560508429728,0.0034926341667684824,0,highway_0,1,1363.6148449907303,1687.6148449907303,,-1030.973857489553
48.6,ego_0,1690.6122652061658,-8.098499999999998,29.974202154354888,1000.0,,0.0034811145002596744,0.0034811145002596744,0.0034811145002596744,0.0034811145002596744,0.0034466480200734395,0,highway_0,1,1366.6122652061658,1690.6122652061658,,-1030.974202154355
48.7,ego_0,1693.6097194342592,-8.098499999999998,29.974542280932788,1000.0,,0.0034352784367884803,0.0034352784367884803,0.0034352784367884803,0.0034352784367884803,0.0034012657789972423,0,highway_0,1,1369.6097194342592,1693.6097194342592,,-1030.9745422809328
48.8,ego_0,1696.6072072271481,-8.098499999999998,29.9748779288882,1000.0,,0.003390044349676824,0.003390044349676824,0.003390044349676824,0.003390044349676824,0.0033564795541352055,0,highway_0,1,1372.6072072271481,1696.6072072271481,,-1030.9748779288882
48.9,ego_0,1699.6047281428525,-8.098499999999998,29.975209157044002,1000.0,,0.00334540437359121,0.00334540437359121,0.00334540437359121,0.00334540437359121,0.0033122815580099996,0,highway_0,1,1375.6047281428525,1699.6047281428525,,-1030.975209157044
49.0,ego_0,1702.602281745198,-8.098499999999998,29.97553602345439,1000.0,,0.003301350744903786,0.003301350744903786,0.003301350744903786,0.003301350744903786,0.0032686641038637276,0,highway_0,1,1378.602281745198,1702.602281745198,,-1030.9755360234544
49.1,ego_0,1705.5998676037395,-8.098499999999998,29.975858585414827,1000.0,,0.0032578758004054853,0.0032578758004054853,0.0032578758004054853,0.0032578758004054853,0.0032256196043789487,0,highway_0,1,1381.5998676037395,1705.5998676037395,,-1030.975858585415
49.2,ego_0,1708.5974852936868,-8.098499999999998,29.97617689947186,1000.0,,0.003214971976031711,0.003214971976031711,0.003214971976031711,0.003214971976031711,0.0031831405703286464,0,highway_0,1,1384.5974852936868,1708.5974852936868,,-1030.976176899472
49.3,ego_0,1711.59513439583,-8.098499999999998,29.976491021432814,1000.0,,0.0031726318056092273,0.0031726318056092273,0.0031726318056092273,0.0031726318056092273,0.003141219609545942,0,highway_0,1,1387.59513439583,1711.59513439583,,-1030.9764910214328
49.4,ego_0,1714.5928144964676,-8.098499999999998,29.97680100637535,1000.0,,0.0031308479196121564,0.0031308479196121564,0.0031308479196121564,0.0031308479196121564,0.003099849425360901,0,highway_0,1,1390.5928144964676,1714.5928144964676,,-1030.9768010063754
49.5,ego_0,1717.5905251873332,-8.098499999999998,29.97710690865693,1000.0,,0.0030896130439377334,0.0030896130439377334,0.0030896130439377334,0.0030896130439377334,0.0030590228157834076,0,highway_0,1,1393.5905251873332,1717.5905251873332,,-1030.9771069086569
49.6,ego_0,1720.5882660655257,-8.098499999999998,29.977408781924126,1000.0,,0.0030489199986950544,0.0030489199986950544,0.0030489199986950544,0.0030489199986950544,0.003018732671975499,0,highway_0,1,1396.5882660655257,1720.5882660655257,,-1030.9774087819242
49.7,ego_0,1723.5860367334378,-8.098499999999998,29.977706679121848,1000.0,,0.0030087616970079223,0.0030087616970079223,0.0030087616970079223,0.0030087616970079223,0.0029789719772210788,0,highway_0,1,1399.5860367334378,1723.5860367334378,,-1030.9777066791219
49.8,ego_0,1726.583836798688,-8.098499999999998,29.978000652502423,1000.0,,0.002969131143833015,0.002969131143833015,0.002969131143833015,0.002969131143833015,0.0029397338057535194,0,highway_0,1,1402.583836798688,1726.583836798688,,-1030.9780006525025
49.9,ego_0,1729.5816658740514,-8.098499999999998,29.97829075363458,1000.0,,0.002930021434793262,0.002930021434793262,0.002930021434793262,0.002930021434793262,0.002901011321583269,0,highway_0,1,1405.5816658740514,1729.5816658740514,,-1030.9782907536346
50.0,ego_0,1732.5795235773926,-8.098499999999998,29.978577033412307,1000.0,,0.0028914257550233247,0.0028914257550233247,0.0028914257550233247,0.0028914257550233247,0.0028627977772544,0,highway_0,1,1408.5795235773926,1732.5795235773926,,-1030.9785770334124
50.1,ego_0,1735.577409531599,-8.098499999999998,29.9788595420636,1000.0,,0.0028533373780318394,0.0028533373780318394,0.0028533373780318394,0.0028533373780318394,0.0028250865129209046,0,highway_0,1,1411.577409531599,1735.577409531599,,-1030.9788595420637
50.2,ego_0,1738.5753233645148,-8.098499999999998,29.979138329159102,1000.0,,0.002815749664575873,0.002815749664575873,0.002815749664575873,0.002815749664575873,0.00278787095503219,0,highway_0,1,1414.5753233645148,1738.5753233645148,,-1030.979138329159
50.3,ego_0,1741.5732647088769,-8.098499999999998,29.97941344362064,1000.0,,0.0027786560615495892,0.0027786560615495892,0.0027786560615495892,0.0027786560615495892,0.002751144615373846,0,highway_0,1,1417.5732647088769,1741.5732647088769,,-1030.9794134436206
50.4,ego_0,1744.57123320225,-8.098499999999998,29.97968493372964,1000.0,,0.0027420501008860176,0.0027420501008860176,0.0027420501008860176,0.0027420501008860176,0.002714901090001831,0,highway_0,1,1420.57123320225,1744.57123320225,,-1030.9796849337297
50.5,ego_0,1747.5692284869635,-8.098499999999998,29.97995284713543,1000.0,,0.002705925398471365,0.002705925398471365,0.002705925398471365,0.002705925398471365,0.0026791340578924405,0,highway_0,1,1423.5692284869635,1747.5692284869635,,-1030.9799528471353
50.6,ego_0,1750.56725021005,-8.098499999999998,29.980217230863456,1000.0,,0.0026702756530778693,0.0026702756530778693,0.0026702756530778693,0.0026702756530778693,0.0026438372802672916,0,highway_0,1,1426.56725021005,1750.56725021005,,-1030.9802172308634
50.7,ego_0,1753.5652980231823,-8.098499999999998,29.980478131323387,1000.0,,0.002635094645302982,0.002635094645302982,0.002635094645302982,0.002635094645302982,0.0026090045993143463,0,highway_0,1,1429.5652980231823,1753.5652980231823,,-1030.9804781313235
50.8,ego_0,1756.563371582614,-8.098499999999998,29.9807355943171,1000.0,,0.0026003762365249816,0.0026003762365249816,0.0026003762365249816,0.0026003762365249816,0.002574629937122097,0,highway_0,1,1432.563371582614,1756.563371582614,,-1030.9807355943171
50.9,ego_0,1759.5614705491187,-8.098499999999998,29.98098966504659,1000.0,,0.0025661143678714637,0.0025661143678714637,0.0025661143678714637,0.0025661143678714637,0.0025407072948979703,0,highway_0,1,1435.5614705491187,1759.5614705491187,,-1030.9809896650465
51.0,ego_0,1762.5595945879309,-8.098499999999998,29.98124038812176,1000.0,,0.0025323030592004914,0.0025323030592004914,0.0025323030592004914,0.0025323030592004914,0.002507230751689349,0,highway_0,1,1438.5595945879309,1762.5595945879309,,-1030.9812403881217
51.1,ego_0,1765.5577433686876,-8.098499999999998,29.981487807568104,1000.0,,0.0024989364080925114,0.0024989364080925114,0.0024989364080925114,0.0024989364080925114,0.0024741944634598667,0,highway_0,1,1441.5577433686876,1765.5577433686876,,-1030.981487807568
51.2,ego_0,1768.555916565371,-8.098499999999998,29.981731966834328,1000.0,,0.0024660085888578154,0.0024660085888578154,0.0024660085888578154,0.0024660085888578154,0.002441592662236758,0,highway_0,1,1444.555916565371,1768.555916565371,,-1030.9817319668343
51.3,ego_0,1771.554113856251,-8.098499999999998,29.98197290879983,1000.0,,0.0024335138515546584,0.0024335138515546584,0.0024335138515546584,0.0024335138515546584,0.002409419655009515,0,highway_0,1,1447.554113856251,1771.554113856251,,-1030.9819729088
51.4,ego_0,1774.5523349238292,-8.098499999999998,29.98221067578211,1000.0,,0.00240144652101848,0.00240144652101848,0.00240144652101848,0.00240144652101848,0.0023776698228061832,0,highway_0,1,1450.5523349238292,1774.5523349238292,,-1030.9822106757822
51.5,ego_0,1777.5505794547837,-8.098499999999998,29.98244530954408,1000.0,,0.0023698009959041144,0.0023698009959041144,0.0023698009959041144,0.0023698009959041144,0.002346337619698602,0,highway_0,1,1453.5505794547837,1777.5505794547837,,-1030.9824453095441
51.6,ego_0,1780.5488471399137,-8.098499999999998,29.98267685130128,1000.0,,0.0023385717477411028,0.0023385717477411028,0.0023385717477411028,0.0023385717477411028,0.002315417572020806,0,highway_0,1,1456.5488471399137,1780.5488471399137,,-1030.9826768513012
51.7,ego_0,1783.5471376740866,-8.098499999999998,29.982905341729005,1000.0,,0.002307753319998107,0.002307753319998107,0.002307753319998107,0.002307753319998107,0.002284904277232158,0,highway_0,1,1459.5471376740866,1783.5471376740866,,-1030.982905341729
51.8,ego_0,1786.5454507561835,-8.108499999999998,29.98313082096932,1000.0,,0.002277340327162758,0.002277340327162758,0.002277340327162758,0.002277340327162758,0.0022547924031357525,0,highway_0,1,1462.5454507561835,1786.5454507561835,,-1030.9831308209693
51.9,ego_0,1789.5437860890472,-8.128499999999997,29.983353328638014,1000.0,,0.0022473274538272747,0.0022473274538272747,0.0022473274538272747,0.0022473274538272747,0.002225076686954708,0,highway_0,1,1465.5437860890472,1789.5437860890472,,-1030.983353328638
52.0,ego_0,1792.5421433794304,-8.158499999999998,29.98357290383146,1000.0,,0.0022177094537927378,0.0022177094537927378,0.0022177094537927378,0.0022177094537927378,0.00219575193444399,0,highway_0,1,1468.5421433794304,1792.5421433794304,,-1030.9835729038314
52.1,ego_0,1795.5405223379437,-8.198499999999997,29.98378958513336,1000.0,,0.00218848114917658,0.00218848114917658,0.00218848114917658,0.00218848114917658,0.002166813019002234,0,highway_0,1,1471.5405223379437,1795.5405223379437,,-1030.9837895851333
52.2,ego_0,1798.5389226790057,-8.248499999999998,29.98400341062143,1000.0,,0.0021596374295376197,0.0021596374295376197,0.0021596374295376197,0.0021596374295376197,0.002138254880712509,0,highway_0,1,1474.5389226790057,1798.5389226790057,,-1030.9840034106214
0,llm_0,338.0,-4.8,21.3,1000.0,,,,,,0,0,highway_0,2,0.0,338.0,,-1022.3
0.1,llm_0,340.12690573724,-4.8,21.26905737240007,1000.0,,-0.31252053875931685,-0.31252053875931685,-0.31252053875931685,-0.31252053875931685,-0.30942627599930717,0,highway_0,2,2.1269057372400084,340.12690573724,,-1022.2690573724001
0.2,llm_0,342.2509916823876,-4.8,21.24085945147592,1000.0,,-0.2847990013338917,-0.2847990013338917,-0.2847990013338917,-0.2847990013338917,-0.28197920924149855,0,highway_0,2,4.250991682387621,342.2509916823876,,-1022.2408594514759
0.3,llm_0,344.3725186127398,-4.8,21.215269303521662,1000.0,,-0.25846049433798535,-0.25846049433798535,-0.25846049433798535,-0.25846049433798535,-0.2559014795425796,0,highway_0,2,6.372518612739782,344.3725186127398,,-1022.2152693035216
0.4,llm_0,346.4917345199289,-4.8,21.192159071891275,1000.0,,-0.23341333946689224,-0.23341333946689224,-0.23341333946689224,-0.23341333946689224,-0.23110231630386835,0,highway_0,2,8.491734519928912,346.4917345199289,,-1022.1921590718913
0.5,llm_0,348.6088754405976,-4.8,21.171409206687134,1000.0,,-0.209573638561819,-0.209573638561819,-0.209573638561819,-0.209573638561819,-0.2074986520414157,0,highway_0,2,10.608875440597615,348.6088754405976,,-1022.1714092066871
0.6,llm_0,350.724166217927,-4.8,21.152907773293755,1000.0,,-0.18686447727312583,-0.18686447727312583,-0.18686447727312583,-0.18686447727312583,-0.1850143339337862,0,highway_0,2,12.724166217927007,350.724166217927,,-1022.1529077732938
0.7,llm_0,352.83782120096237,-4.8,21.13654983035376,1000.0,,-0.16521522369396546,-0.16521522369396546,-0.16521522369396546,-0.16521522369396546,-0.1635794293999382,0,highway_0,2,14.837821200962367,352.83782120096237,,-1022.1365498303537
0.8,llm_0,354.95004488786816,-4.8,21.122236869058124,1000.0,,-0.14456090908596542,-0.14456090908596542,-0.14456090908596542,-0.14456090908596542,-0.14312961295637194,0,highway_0,2,16.95004488786816,354.95004488786816,,-1022.1222368690582
0.9,llm_0,357.06103251853864,-4.8,21.109876306704827,1000.0,,-0.12484167976829741,-0.12484167976829741,-0.12484167976829741,-0.12484167976829741,-0.12360562353297411,0,highway_0,2,19.06103251853864,357.06103251853864,,-1022.1098763067048
1.0,llm_0,359.1709706213788,-4.8,21.09938102840124,1000.0,,-0.1060023108662258,-0.1060023108662258,-0.1060023108662258,-0.1060023108662258,-0.10495278303586986,0,highway_0,2,21.170970621378785,359.1709706213788,,-1022.0993810284012
1.1,llm_0,361.280037518536,-4.8,21.090668971572125,1000.0,,-0.08799177397405211,-0.08799177397405211,-0.08799177397405211,-0.08799177397405211,-0.087120568291148,0,highway_0,2,23.280037518536005,361.280037518536,,-1022.0906689715721
1.2,llm_0,363.3884037933969,-4.8,21.083662748609,1000.0,,-0.07076285192757936,-0.07076285192757936,-0.07076285192757936,-0.07076285192757936,-0.07006222963124031,0,highway_0,2,25.38840379339689,363.3884037933969,,-1022.083662748609
1.3,llm_0,365.4962327237544,-4.8,21.078289303575215,1000.0,,-0.054271794841210586,-0.054271794841210586,-0.054271794841210586,-0.054271794841210586,-0.05373445033786339,0,highway_0,2,27.496232723754417,365.4962327237544,,-1022.0782893035752
1.4,llm_0,367.6036806836924,-4.8,21.07447959937962,1000.0,,-0.03847801237547088,-0.03847801237547088,-0.03847801237547088,-0.03847801237547088,-0.038097041955929,0,highway_0,2,29.603680683692403,367.6036806836924,,-1022.0744795993796
1.5,llm_0,369.71089751691864,-4.8,21.07216833226204,1000.0,,-0.023343797887575457,-0.023343797887575457,-0.023343797887575457,-0.023343797887575457,-0.02311267117580229,0,highway_0,2,31.710897516918635,369.71089751691864,,-1022.0721683322621
1.6,llm_0,371.81802688399927,-4.8,21.071293670806487,1000.0,,-0.00883408070108005,-0.00883408070108005,-0.00883408070108005,-0.00883408070108005,-0.008746614555548149,0,highway_0,2,33.818026883999266,371.81802688399927,,-1022.0712936708065
1.7,llm_0,373.9251562510799,-4.8,21.071293670806487,1000.0,,0.0,0.0,0.0,0.0,0.0,0,highway_0,2,35.9251562510799,373.9251562510799,,-1022.0712936708065
1.8,llm_0,376.03228561816053,-4.8,21.071293670806487,1000.0,,0.0,0.0,0.0,0.0,0.0,0,highway_0,2,38.03228561816053,376.03228561816053,,-1022.0712936708065
1.9,llm_0,378.13941498524116,-4.8,21.071293670806487,1000.0,,0.0,0.0,0.0,0.0,0.0,0,highway_0,2,40.13941498524116,378.13941498524116,,-1022.0712936708065
2.0,llm_0,380.2465443523218,-4.8,21.071293670806487,1000.0,,0.0,0.0,0.0,0.0,0.0,0,highway_0,2,42.24654435232179,380.2465443523218,,-1022.0712936708065
2.1,llm_0,382.3536737194024,-4.8,21.071293670806487,1000.0,,0.0,0.0,0.0,0.0,0.0,0,highway_0,2,44.35367371940242,382.3536737194024,,-1022.0712936708065
2.2,llm_0,384.46080308648305,-4.8,21.071293670806487,1000.0,,0.0,0.0,0.0,0.0,0.0,0,highway_0,2,46.460803086483054,384.46080308648305,,-1022.0712936708065
2.3,llm_0,386.5679324535637,-4.8,21.071293670806487,1000.0,,0.0,0.0,0.0,0.0,0.0,0,highway_0,2,48.567932453563685,386.5679324535637,,-1022.0712936708065
2.4,llm_0,388.6750618206443,-4.8,21.071293670806487,1000.0,,0.0,0.0,0.0,0.0,0.0,0,highway_0,2,50.675061820644316,388.6750618206443,,-1022.0712936708065
2.5,llm_0,390.78219118772495,-4.8,21.071293670806487,1000.0,,0.0,0.0,0.0,0.0,0.0,0,highway_0,2,52.78219118772495,390.78219118772495,,-1022.0712936708065
2.6,llm_0,392.8893205548056,-4.8,21.071293670806487,1000.0,,0.0,0.0,0.0,0.0,0.0,0,highway_0,2,54.88932055480558,392.8893205548056,,-1022.0712936708065
2.7,llm_0,394.9964499218862,-4.8,21.071293670806487,1000.0,,0.0,0.0,0.0,0.0,0.0,0,highway_0,2,56.99644992188621,394.9964499218862,,-1022.0712936708065
2.8,llm_0,397.10357928896684,-4.8,21.071293670806487,1000.0,,0.0,0.0,0.0,0.0,0.0,0,highway_0,2,59.10357928896684,397.10357928896684,,-1022.0712936708065
2.9,llm_0,399.2107086560475,-4.8,21.071293670806487,1000.0,,0.0,0.0,0.0,0.0,0.0,0,highway_0,2,61.21070865604747,399.2107086560475,,-1022.0712936708065
3.0,llm_0,401.3178380231281,-4.8,21.071293670806487,1000.0,,0.0,0.0,0.0,0.0,0.0,0,highway_0,2,63.317838023128104,401.3178380231281,,-1022.0712936708065
3.1,llm_0,403.42496739020874,-4.8,21.071293670806487,1000.0,,0.0,0.0,0.0,0.0,0.0,0,highway_0,2,65.42496739020874,403.42496739020874,,-1022.0712936708065
3.2,llm_0,405.53209675728937,-4.8,21.071293670806487,1000.0,,0.0,0.0,0.0,0.0,0.0,0,highway_0,2,67.53209675728937,405.53209675728937,,-1022.0712936708065
3.3,llm_0,407.63922612437,-4.8,21.071293670806487,1000.0,,0.0,0.0,0.0,0.0,0.0,0,highway_0,2,69.63922612437,407.63922612437,,-1022.0712936708065
3.4,llm_0,409.74635549145063,-4.8,21.071293670806487,1000.0,,0.0,0.0,0.0,0.0,0.0,0,highway_0,2,71.74635549145063,409.74635549145063,,-1022.0712936708065
3.5,llm_0,411.85348485853126,-4.8,21.071293670806487,1000.0,,0.0,0.0,0.0,0.0,0.0,0,highway_0,2,73.85348485853126,411.85348485853126,,-1022.0712936708065
3.6,llm_0,413.9606142256119,-4.8,21.071293670806487,1000.0,,0.0,0.0,0.0,0.0,0.0,0,highway_0,2,75.96061422561189,413.9606142256119,,-1022.0712936708065
3.7,llm_0,416.0677435926925,-4.8,21.071293670806487,1000.0,,0.0,0.0,0.0,0.0,0.0,0,highway_0,2,78.06774359269252,416.0677435926925,,-1022.0712936708065
3.8,llm_0,418.17487295977315,-4.8,21.071293670806487,1000.0,,0.0,0.0,0.0,0.0,0.0,0,highway_0,2,80.17487295977315,418.17487295977315,,-1022.0712936708065
3.9,llm_0,420.2820023268538,-4.8,21.071293670806487,1000.0,,0.0,0.0,0.0,0.0,0.0,0,highway_0,2,82.28200232685379,420.2820023268538,,-1022.0712936708065
4.0,llm_0,422.3891316939344,-4.8,21.071293670806487,1000.0,,0.0,0.0,0.0,0.0,0.0,0,highway_0,2,84.38913169393442,422.3891316939344,,-1022.0712936708065
4.1,llm_0,424.49626106101505,-4.8,21.071293670806487,1000.0,,0.0,0.0,0.0,0.0,0.0,0,highway_0,2,86.49626106101505,424.49626106101505,,-1022.0712936708065
4.2,llm_0,426.6033904280957,-4.8,21.071293670806487,1000.0,,0.0,0.0,0.0,0.0,0.0,0,highway_0,2,88.60339042809568,426.6033904280957,,-1022.0712936708065
4.3,llm_0,428.71325686769785,-4.8,21.098664396021462,1000.0,,0.27644432467122926,0.27644432467122926,0.27644432467122926,0.27644432467122926,0.2737072521497552,0,highway_0,2,90.71325686769785,428.71325686769785,,-1022.0986643960215
4.4,llm_0,430.8259008107341,-4.8,21.1264394303626,1000.0,,0.28052784684547605,0.28052784684547605,0.28052784684547605,0.28052784684547605,0.2777503434113626,0,highway_0,2,92.82590081073408,430.8259008107341,,-1022.1264394303626
4.5,llm_0,432.94141508883905,-4.8,21.155142781049957,1000.0,,0.28990384194231045,0.28990384194231045,0.28990384194231045,0.28990384194231045,0.2870335068735841,0,highway_0,2,94.94141508883905,432.94141508883905,,-1022.1551427810499
4.6,llm_0,435.05993147191765,-4.8,21.185163830786177,1000.0,,0.30321260233582215,0.30321260233582215,0.30321260233582215,0.30321260233582215,0.30021049736220107,0,highway_0,2,97.05993147191765,435.05993147191765,,-1022.1851638307862
4.7,llm_0,437.1818012522746,-4.8,21.218697803569913,1000.0,,0.33869312511571836,0.33869312511571836,0.33869312511571836,0.33869312511571836,0.3353397278373649,0,highway_0,2,99.18180125227462,437.1818012522746,,-1022.21869780357
4.8,llm_0,439.30705030841466,-4.8,21.25249056140053,1000.0,,0.341306854089248,0.341306854089248,0.341306854089248,0.341306854089248,0.3379275783061786,0,highway_0,2,101.30705030841466,439.30705030841466,,-1022.2524905614006
4.9,llm_0,441.43570355908076,-4.8,21.286532506661203,1000.0,,0.3438236471327579,0.3438236471327579,0.3438236471327579,0.3438236471327579,0.34041945260671724,0,highway_0,2,103.43570355908076,441.43570355908076,,-1022.2865325066612
5.0,llm_0,443.56778499016957,-4.8,21.32081431088834,1000.0,,0.3462462226940928,0.3462462226940928,0.3462462226940928,0.3462462226940928,0.34281804227138224,0,highway_0,2,105.56778499016957,443.56778499016957,,-1022.3208143108883
5.1,llm_0,445.7033176805917,-4.8,21.355326904221055,1000.0,,0.3485771926604,0.3485771926604,0.3485771926604,0.3485771926604,0.3451259333271395,0,highway_0,2,107.70331768059168,445.7033176805917,,-1022.3553269042211
5.2,llm_0,447.8423238271284,-4.8,21.39006146536729,1000.0,,0.35081906757696835,0.35081906757696835,0.35081906757696835,0.35081906757696835,0.34734561146233744,0,highway_0,2,109.84232382712838,447.8423238271284,,-1022.3900614653672
5.3,llm_0,449.98482476833414,-4.8,21.4250094120574,1000.0,,0.35297426157011635,0.35297426157011635,0.35297426157011635,0.35297426157011635,0.34947946690110143,0,highway_0,2,111.98482476833414,449.98482476833414,,-1022.4250094120574
5.4,llm_0,452.1308410075299,-4.8,21.46016239195773,1000.0,,0.35504509699335685,0.35504509699335685,0.35504509699335685,0.35504509699335685,0.35152979900331616,0,highway_0,2,114.13084100752991,452.1308410075299,,-1022.4601623919577
5.5,llm_0,454.2804498771519,-4.8,21.49608869621939,1000.0,,0.362855673042746,0.362855673042746,0.362855673042746,0.362855673042746,0.3592630426165755,0,highway_0,2,116.28044987715185,454.28044987715185,,-1022.4960886962194
5.6,llm_0,456.43375965777545,-4.8,21.533097806236682,1000.0,,0.37379201117466065,0.37379201117466065,0.37379201117466065,0.37379201117466065,0.37009110017294233,0,highway_0,2,118.43375965777551,456.4337596577755,,-1022.5330978062367
5.7,llm_0,458.59087498202206,-4.8,21.571153242465684,1000.0,,0.3843599059129206,0.3843599059129206,0.3843599059129206,0.3843599059129206,0.38055436229001316,0,highway_0,2,120.59087498202206,458.59087498202206,,-1022.5711532424657
5.8,llm_0,460.7518969642154,-4.8,21.610219821933004,1000.0,,0.39457245261991103,0.39457245261991103,0.39457245261991103,0.39457245261991103,0.39066579467320395,0,highway_0,2,122.75189696421535,460.75189696421535,,-1022.610219821933
5.9,llm_0,462.92678033254725,-4.8,21.748833683319145,1000.0,,1.4,1.4,1.4,1.4,1.3861386138614051,0,highway_0,2,124.92678033254725,462.92678033254725,,-1022.7488336833192
6.0,llm_0,465.1155250870178,-4.8,21.887447544705285,1000.0,,1.4,1.4,1.4,1.4,1.3861386138614051,0,highway_0,2,127.11552508701777,465.1155250870178,,-1022.8874475447053
6.1,llm_0,467.3181312276269,-4.8,22.026061406091426,1000.0,,1.4,1.4,1.4,1.4,1.3861386138614051,0,highway_0,2,129.3181312276269,467.3181312276269,,-1023.0260614060915
6.2,llm_0,469.53459875437466,-4.8,22.164675267477566,1000.0,,1.4,1.4,1.4,1.4,1.3861386138614051,0,highway_0,2,131.53459875437466,469.53459875437466,,-1023.1646752674776
6.3,llm_0,471.764927667261,-4.8,22.303289128863707,1000.0,,1.4,1.4,1.4,1.4,1.3861386138614051,0,highway_0,2,133.76492766726102,471.764927667261,,-1023.3032891288638
6.4,llm_0,474.00911796628594,-4.8,22.441902990249847,1000.0,,1.4,1.4,1.4,1.4,1.3861386138614051,0,highway_0,2,136.009117966286,474.009117966286,,-1023.4419029902499
6.5,llm_0,476.2671696514496,-4.8,22.580516851635988,1000.0,,1.4,1.4,1.4,1.4,1.3861386138614051,0,highway_0,2,138.2671696514496,476.2671696514496,,-1023.5805168516359
6.6,llm_0,478.53908272275174,-4.8,22.71913071302213,1000.0,,1.4,1.4,1.4,1.4,1.3861386138614051,0,highway_0,2,140.5390827227518,478.5390827227518,,-1023.7191307130221
6.7,llm_0,480.8248571801926,-4.8,22.85774457440827,1000.0,,1.4,1.4,1.4,1.4,1.3861386138614051,0,highway_0,2,142.82485718019262,480.8248571801926,,-1023.8577445744082
6.8,llm_0,483.12449302377206,-4.8,22.99635843579441,1000.0,,1.4,1.4,1.4,1.4,1.3861386138614051,0,highway_0,2,145.12449302377206,483.12449302377206,,-1023.9963584357944
6.9,llm_0,485.43799025349017,-4.8,23.13497229718055,1000.0,,1.4,1.4,1.4,1.4,1.3861386138614051,0,highway_0,2,147.4379902534901,485.4379902534901,,-1024.1349722971806
7.0,llm_0,487.76534886934684,-4.8,23.27358615856669,1000.0,,1.4,1.4,1.4,1.4,1.3861386138614051,0,highway_0,2,149.76534886934678,487.7653488693468,,-1024.2735861585668
7.1,llm_0,490.10656887134206,-4.8,23.41220001995283,1000.0,,1.4,1.4,1.4,1.4,1.3861386138614051,0,highway_0,2,152.10656887134206,490.10656887134206,,-1024.412200019953
7.2,llm_0,492.46165025947596,-4.8,23.55081388133897,1000.0,,1.4,1.4,1.4,1.4,1.3861386138614051,0,highway_0,2,154.46165025947596,492.46165025947596,,-1024.550813881339
7.3,llm_0,494.8305930337484,-4.8,23.689427742725112,1000.0,,1.4,1.4,1.4,1.4,1.3861386138614051,0,highway_0,2,156.83059303374847,494.83059303374847,,-1024.689427742725
7.4,llm_0,497.2133971941596,-4.8,23.828041604111252,1000.0,,1.4,1.4,1.4,1.4,1.3861386138614051,0,highway_0,2,159.2133971941596,497.2133971941596,,-1024.8280416041111
7.5,llm_0,499.6100627407093,-4.8,23.966655465497393,1000.0,,1.4,1.4,1.4,1.4,1.3861386138614051,0,highway_0,2,161.61006274070934,499.61006274070934,,-1024.9666554654973
7.6,llm_0,502.0205896733977,-4.8,24.105269326883533,1000.0,,1.4,1.4,1.4,1.4,1.3861386138614051,0,highway_0,2,164.0205896733977,502.0205896733977,,-1025.1052693268834
7.7,llm_0,504.44497799222466,-4.8,24.243883188269674,1000.0,,1.4,1.4,1.4,1.4,1.3861386138614051,0,highway_0,2,166.44497799222466,504.44497799222466,,-1025.2438831882696
7.8,llm_0,506.88322769719025,-4.8,24.382497049655814,1000.0,,1.4,1.4,1.4,1.4,1.3861386138614051,0,highway_0,2,168.88322769719025,506.88322769719025,,-1025.3824970496557
7.9,llm_0,509.33533878829445,-4.8,24.521110911041955,1000.0,,1.4,1.4,1.4,1.4,1.3861386138614051,0,highway_0,2,171.33533878829445,509.33533878829445,,-1025.521110911042
8.0,llm_0,511.80131126553727,-4.8,24.659724772428095,1000.0,,1.4,1.4,1.4,1.4,1.3861386138614051,0,highway_0,2,173.80131126553727,511.80131126553727,,-1025.659724772428
8.1,llm_0,514.2811451289186,-4.8,24.798338633814236,1000.0,,1.4,1.4,1.4,1.4,1.3861386138614051,0,highway_0,2,176.28114512891864,514.2811451289186,,-1025.7983386338142
8.2,llm_0,516.7748403784386,-4.8,24.936952495200376,1000.0,,1.4,1.4,1.4,1.4,1.3861386138614051,0,highway_0,2,178.77484037843863,516.7748403784386,,-1025.9369524952003
8.3,llm_0,519.2823970140972,-4.8,25.075566356586517,1000.0,,1.4,1.4,1.4,1.4,1.3861386138614051,0,highway_0,2,181.28239701409723,519.2823970140972,,-1026.0755663565865
8.4,llm_0,521.8038150358944,-4.8,25.214180217972658,1000.0,,1.4,1.4,1.4,1.4,1.3861386138614051,0,highway_0,2,183.80381503589444,521.8038150358944,,-1026.2141802179726
8.5,llm_0,524.3390944438303,-4.8,25.352794079358798,1000.0,,1.4,1.4,1.4,1.4,1.3861386138614051,0,highway_0,2,186.33909444383028,524.3390944438303,,-1026.3527940793588
8.6,llm_0,526.8882352379047,-4.8,25.49140794074494,1000.0,,1.4,1.4,1.4,1.4,1.3861386138614051,0,highway_0,2,188.88823523790472,526.8882352379047,,-1026.491407940745
8.7,llm_0,529.4512374181178,-4.8,25.63002180213108,1000.0,,1.4,1.4,1.4,1.4,1.3861386138614051,0,highway_0,2,191.45123741811778,529.4512374181178,,-1026.630021802131
8.8,llm_0,532.0281009844695,-4.8,25.76863566351722,1000.0,,1.4,1.4,1.4,1.4,1.3861386138614051,0,highway_0,2,194.02810098446946,532.0281009844695,,-1026.7686356635172
8.9,llm_0,534.6188259369598,-4.8,25.90724952490336,1000.0,,1.4,1.4,1.4,1.4,1.3861386138614051,0,highway_0,2,196.61882593695975,534.6188259369598,,-1026.9072495249034
9.0,llm_0,537.2234122755887,-4.8,26.0458633862895,1000.0,,1.4,1.4,1.4,1.4,1.3861386138614051,0,highway_0,2,199.22341227558866,537.2234122755887,,-1027.0458633862895
9.1,llm_0,539.8418600003562,-4.8,26.18447724767564,1000.0,,1.4,1.4,1.4,1.4,1.3861386138614051,0,highway_0,2,201.84186000035618,539.8418600003562,,-1027.1844772476757
9.2,llm_0,542.4741691112623,-4.8,26.32309110906178,1000.0,,1.4,1.4,1.4,1.4,1.3861386138614051,0,highway_0,2,204.4741691112623,542.4741691112623,,-1027.3230911090618
9.3,llm_0,545.1203396083071,-4.8,26.461704970447922,1000.0,,1.4,1.4,1.4,1.4,1.3861386138614051,0,highway_0,2,207.12033960830706,545.1203396083071,,-1027.461704970448
9.4,llm_0,547.7803714914904,-4.8,26.600318831834063,1000.0,,1.4,1.4,1.4,1.4,1.3861386138614051,0,highway_0,2,209.78037149149043,547.7803714914904,,-1027.600318831834
9.5,llm_0,550.4542647608124,-4.8,26.738932693220203,1000.0,,1.4,1.4,1.4,1.4,1.3861386138614051,0,highway_0,2,212.4542647608124,550.4542647608124,,-1027.7389326932202
9.6,llm_0,553.142019416273,-4.8,26.877546554606344,1000.0,,1.4,1.4,1.4,1.4,1.3861386138614051,0,highway_0,2,215.142019416273,553.142019416273,,-1027.8775465546064
9.7,llm_0,555.8436354578722,-4.8,27.016160415992484,1000.0,,1.4,1.4,1.4,1.4,1.3861386138614051,0,highway_0,2,217.8436354578722,555.8436354578722,,-1028.0161604159925
9.8,llm_0,558.55911288561,-4.8,27.154774277378625,1000.0,,1.4,1.4,1.4,1.4,1.3861386138614051,0,highway_0,2,220.55911288561003,558.55911288561,,-1028.1547742773787
9.9,llm_0,561.2884516994865,-4.8,27.293388138764765,1000.0,,1.4,1.4,1.4,1.4,1.3861386138614051,0,highway_0,2,223.28845169948647,561.2884516994865,,-1028.2933881387648
10.0,llm_0,564.0316518995015,-4.8,27.432002000150906,1000.0,,1.4,1.4,1.4,1.4,1.3861386138614051,0,highway_0,2,226.03165189950153,564.0316518995015,,-1028.432002000151
10.1,llm_0,566.7887134856552,-4.8,27.570615861537046,1000.0,,1.4,1.4,1.4,1.4,1.3861386138614051,0,highway_0,2,228.7887134856552,566.7887134856552,,-1028.5706158615371
10.2,llm_0,569.5596364579475,-4.8,27.709229722923187,1000.0,,1.4,1.4,1.4,1.4,1.3861386138614051,0,highway_0,2,231.55963645794748,569.5596364579475,,-1028.7092297229233
10.3,llm_0,572.3444208163784,-4.8,27.847843584309327,1000.0,,1.4,1.4,1.4,1.4,1.3861386138614051,0,highway_0,2,234.34442081637837,572.3444208163784,,-1028.8478435843094
10.4,llm_0,575.1430665609479,-4.8,27.986457445695468,1000.0,,1.4,1.4,1.4,1.4,1.3861386138614051,0,highway_0,2,237.1430665609479,575.1430665609479,,-1028.9864574456956
10.5,llm_0,577.955573691656,-4.8,28.12507130708161,1000.0,,1.4,1.4,1.4,1.4,1.3861386138614051,0,highway_0,2,239.955573691656,577.955573691656,,-1029.1250713070815
10.6,llm_0,580.7819422085028,-4.8,28.26368516846775,1000.0,,1.4,1.4,1.4,1.4,1.3861386138614051,0,highway_0,2,242.78194220850276,580.7819422085028,,-1029.2636851684676
10.7,llm_0,583.6221721114881,-4.8,28.40229902985389,1000.0,,1.4,1.4,1.4,1.4,1.3861386138614051,0,highway_0,2,245.6221721114881,583.6221721114881,,-1029.4022990298538
10.8,llm_0,586.4762634006121,-4.8,28.54091289124003,1000.0,,1.4,1.4,1.4,1.4,1.3861386138614051,0,highway_0,2,248.47626340061208,586.4762634006121,,-1029.54091289124
10.9,llm_0,589.3442160758747,-4.8,28.67952675262617,1000.0,,1.4,1.4,1.4,1.4,1.3861386138614051,0,highway_0,2,251.34421607587467,589.3442160758747,,-1029.679526752626
11.0,llm_0,592.2260301372759,-4.8,28.81814061401231,1000.0,,1.4,1.4,1.4,1.4,1.3861386138614051,0,highway_0,2,254.22603013727587,592.2260301372759,,-1029.8181406140122
11.1,llm_0,595.1217055848157,-4.8,28.95675447539845,1000.0,,1.4,1.4,1.4,1.4,1.3861386138614051,0,highway_0,2,257.1217055848157,595.1217055848157,,-1029.9567544753984
11.2,llm_0,598.0312424184941,-4.8,29.095368336784592,1000.0,,1.4,1.4,1.4,1.4,1.3861386138614051,0,highway_0,2,260.0312424184941,598.0312424184941,,-1030.0953683367845
11.3,llm_0,600.9546406383112,-4.8,29.233982198170732,1000.0,,1.4,1.4,1.4,1.4,1.3861386138614051,0,highway_0,2,262.95464063831116,600.9546406383112,,-1030.2339821981707
11.4,llm_0,603.8919002442668,-4.8,29.372596059556873,1000.0,,1.4,1.4,1.4,1.4,1.3861386138614051,0,highway_0,2,265.8919002442668,603.8919002442668,,-1030.3725960595568
11.5,llm_0,606.8430212363611,-4.8,29.511209920943013,1000.0,,1.4,1.4,1.4,1.4,1.3861386138614051,0,highway_0,2,268.8430212363611,606.8430212363611,,-1030.511209920943
11.6,llm_0,609.808003614594,-4.8,29.649823782329154,1000.0,,1.4,1.4,1.4,1.4,1.3861386138614051,0,highway_0,2,271.808003614594,609.808003614594,,-1030.6498237823291
11.7,llm_0,612.7868473789655,-4.8,29.788437643715294,1000.0,,1.4,1.4,1.4,1.4,1.3861386138614051,0,highway_0,2,274.7868473789655,612.7868473789655,,-1030.7884376437153
11.8,llm_0,615.7795525294756,-4.8,29.927051505101435,1000.0,,1.4,1.4,1.4,1.4,1.3861386138614051,0,highway_0,2,277.7795525294756,615.7795525294756,,-1030.9270515051014
11.9,llm_0,618.7861190661243,-4.8,30.065665366487575,1000.0,,1.4,1.4,1.4,1.4,1.3861386138614051,0,highway_0,2,280.78611906612434,618.7861190661243,,-1031.0656653664876
12.0,llm_0,621.8065469889117,-4.8,30.204279227873716,1000.0,,1.4,1.4,1.4,1.4,1.3861386138614051,0,highway_0,2,283.8065469889117,621.8065469889117,,-1031.2042792278737
12.1,llm_0,624.8230145156595,-4.8,30.164675267477676,1000.0,,-0.4,-0.4,-0.4,-0.4,-0.3960396039603964,0,highway_0,2,286.82301451565945,624.8230145156595,,-1031.1646752674776
12.2,llm_0,627.8355216463676,-4.8,30.125071307081637,1000.0,,-0.4,-0.4,-0.4,-0.4,-0.3960396039603964,0,highway_0,2,289.8355216463676,627.8355216463676,,-1031.1250713070817
12.3,llm_0,630.8440683810362,-4.8,30.085467346685597,1000.0,,-0.4,-0.4,-0.4,-0.4,-0.3960396039603964,0,highway_0,2,292.8440683810362,630.8440683810362,,-1031.0854673466856
12.4,llm_0,633.8486547196652,-4.8,30.045863386289557,1000.0,,-0.4,-0.4,-0.4,-0.4,-0.3960396039603964,0,highway_0,2,295.8486547196652,633.8486547196652,,-1031.0458633862895
12.5,llm_0,636.8492806622546,-4.8,30.006259425893518,1000.0,,-0.4,-0.4,-0.4,-0.4,-0.3960396039603964,0,highway_0,2,298.8492806622546,636.8492806622546,,-1031.0062594258934
12.6,llm_0,639.8459462088043,-4.8,29.966655465497478,1000.0,,-0.4,-0.4,-0.4,-0.4,-0.3960396039603964,0,highway_0,2,301.8459462088043,639.8459462088043,,-1030.9666554654975
12.7,llm_0,642.8386513593144,-4.8,29.92705150510144,1000.0,,-0.4,-0.4,-0.4,-0.4,-0.3960396039603964,0,highway_0,2,304.83865135931444,642.8386513593144,,-1030.9270515051014
12.8,llm_0,645.827396113785,-4.8,29.8874475447054,1000.0,,-0.4,-0.4,-0.4,-0.4,-0.3960396039603964,0,highway_0,2,307.82739611378497,645.827396113785,,-1030.8874475447053
12.9,llm_0,648.8121804722159,-4.8,29.84784358430936,1000.0,,-0.4,-0.4,-0.4,-0.4,-0.3960396039603964,0,highway_0,2,310.8121804722159,648.8121804722159,,-1030.8478435843094
13.0,llm_0,651.7930044346073,-4.8,29.80823962391332,1000.0,,-0.4,-0.4,-0.4,-0.4,-0.3960396039603964,0,highway_0,2,313.79300443460727,651.7930044346073,,-1030.8082396239133
13.1,llm_0,654.769868000959,-4.8,29.76863566351728,1000.0,,-0.4,-0.4,-0.4,-0.4,-0.3960396039603964,0,highway_0,2,316.76986800095904,654.769868000959,,-1030.7686356635172
13.2,llm_0,657.7427711712712,-4.8,29.72903170312124,1000.0,,-0.4,-0.4,-0.4,-0.4,-0.3960396039603964,0,highway_0,2,319.7427711712712,657.7427711712712,,-1030.7290317031213
13.3,llm_0,660.7117139455437,-4.8,29.6894277427252,1000.0,,-0.4,-0.4,-0.4,-0.4,-0.3960396039603964,0,highway_0,2,322.7117139455437,660.7117139455437,,-1030.6894277427252
13.4,llm_0,663.6766963237766,-4.8,29.64982378232916,1000.0,,-0.4,-0.4,-0.4,-0.4,-0.3960396039603964,0,highway_0,2,325.6766963237766,663.6766963237766,,-1030.6498237823291
13.5,llm_0,666.6377183059699,-4.8,29.61021982193312,1000.0,,-0.4,-0.4,-0.4,-0.4,-0.3960396039603964,0,highway_0,2,328.6377183059699,666.6377183059699,,-1030.610219821933
13.6,llm_0,669.5942873661284,-4.8,29.56569060158421,1000.0,,-0.44974512552405543,-0.44974512552405543,-0.44974512552405543,-0.44974512552405543,-0.44529220348913157,0,highway_0,2,331.59428736612836,669.5942873661284,,-1030.5656906015843
13.7,llm_0,672.5465492161283,-4.8,29.522618499999428,1000.0,,-0.43502822600630076,-0.43502822600630076,-0.43502822600630076,-0.43502822600630076,-0.4307210158478014,0,highway_0,2,334.54654921612826,672.5465492161283,,-1030.5226184999995
13.8,llm_0,675.4946447740068,-4.8,29.480955578785892,1000.0,,-0.4207955042567164,-0.4207955042567164,-0.4207955042567164,-0.4207955042567164,-0.4166292121353621,0,highway_0,2,337.4946447740068,675.4946447740068,,-1030.4809555787858
13.9,llm_0,678.4387103628529,-4.8,29.440655888461603,1000.0,,-0.40702687227533896,-0.40702687227533896,-0.40702687227533896,-0.40702687227533896,-0.4029969032428937,0,highway_0,2,340.43871036285293,678.4387103628529,,-1030.4406558884616
14.0,llm_0,681.3788778991279,-4.8,29.401675362750407,1000.0,,-0.3937033096830529,-0.3937033096830529,-0.3937033096830529,-0.3937033096830529,-0.38980525711195924,0,highway_0,2,343.37887789912793,681.3788778991279,,-1030.4016753627504
14.1,llm_0,684.3152750711009,-4.8,29.363971719729484,1000.0,,-0.3808067945113096,-0.3808067945113096,-0.3808067945113096,-0.3808067945113096,-0.3770364302092233,0,highway_0,2,346.3152750711009,684.3152750711009,,-1030.3639717197295
14.2,llm_0,687.2480255080318,-4.8,29.327504369308134,1000.0,,-0.3683202392556246,-0.3683202392556246,-0.3683202392556246,-0.3683202392556246,-0.3646735042135063,0,highway_0,2,349.2480255080318,687.2480255080318,,-1030.3275043693081
14.3,llm_0,690.177248940688,-4.8,29.29223432656212,1000.0,,-0.3562274317347289,-0.3562274317347289,-0.3562274317347289,-0.3562274317347289,-0.3527004274601353,0,highway_0,2,352.17724894068795,690.177248940688,,-1030.292234326562
14.4,llm_0,693.1030613537368,-4.8,29.258124130488643,1000.0,,-0.34451298034214406,-0.34451298034214406,-0.34451298034214406,-0.34451298034214406,-0.3411019607347754,0,highway_0,2,355.10306135373685,693.1030613537368,,-1030.2581241304886
14.5,llm_0,696.0255751305152,-4.8,29.225137767784013,1000.0,,-0.33316226331679144,-0.33316226331679144,-0.33316226331679144,-0.33316226331679144,-0.3298636270463007,0,highway_0,2,358.0255751305152,696.0255751305152,,-1030.225137767784
14.6,llm_0,698.9448991906431,-4.8,29.19324060127956,1000.0,,-0.32216138169497577,-0.32216138169497577,-0.32216138169497577,-0.32216138169497577,-0.3189716650445362,0,highway_0,2,360.9448991906431,698.9448991906431,,-1030.1932406012795
14.7,llm_0,701.8611391209133,-4.8,29.162399302701548,1000.0,,-0.3114971156379205,-0.3114971156379205,-0.3114971156379205,-0.3114971156379205,-0.3084129857801088,0,highway_0,2,363.8611391209133,701.8611391209133,,-1030.1623993027015
14.8,llm_0,704.7743972998582,-4.8,29.132581789448317,1000.0,,-0.30115688385762396,-0.30115688385762396,-0.30115688385762396,-0.30115688385762396,-0.29817513253231454,0,highway_0,2,366.77439729985815,704.7743972998582,,-1030.1325817894483
14.9,llm_0,707.6847730163685,-4.8,29.103757165102834,1000.0,,-0.2911287058893739,-0.2911287058893739,-0.2911287058893739,-0.2911287058893739,-0.28824624345482164,0,highway_0,2,369.68477301636847,707.6847730163685,,-1030.103757165103
15.0,llm_0,710.5923625827106,-4.8,29.075895663421424,1000.0,,-0.28140116698225137,-0.28140116698225137,-0.28140116698225137,-0.28140116698225137,-0.2786150168141077,0,highway_0,2,372.5923625827106,710.5923625827106,,-1030.0758956634215
15.1,llm_0,713.4972594422667,-4.8,29.04896859556008,1000.0,,-0.2719633853995955,-0.2719633853995955,-0.2719633853995955,-0.2719633853995955,-0.269270678613438,0,highway_0,2,375.4972594422667,713.4972594422667,,-1030.0489685955602
15.2,llm_0,716.3995542722986,-4.8,29.022948300318493,1000.0,,-0.262804981940026,-0.262804981940026,-0.262804981940026,-0.262804981940026,-0.26020295241586666,0,highway_0,2,378.3995542722986,716.3995542722986,,-1030.0229483003186
15.3,llm_0,719.2993350820185,-4.8,28.99780809719906,1000.0,,-0.2539160515062866,-0.2539160515062866,-0.2539160515062866,-0.2539160515062866,-0.25140203119434545,0,highway_0,2,381.2993350820185,719.2993350820185,,-1029.9978080971991
15.4,llm_0,722.1966873062279,-4.8,28.973522242093676,1000.0,,-0.24528713656437584,-0.24528713656437584,-0.24528713656437584,-0.24528713656437584,-0.24285855105382836,0,highway_0,2,384.1966873062279,722.1966873062279,,-1029.9735222420936
15.5,llm_0,725.0916938947704,-4.8,28.95006588542546,1000.0,,-0.2369092023489796,-0.2369092023489796,-0.2369092023489796,-0.2369092023489796,-0.23456356668216216,0,highway_0,2,387.0916938947704,725.0916938947704,,-1029.9500658854254
15.6,llm_0,727.984435398029,-4.8,28.927415032585497,1000.0,,-0.22877361368361626,-0.22877361368361626,-0.22877361368361626,-0.22877361368361626,-0.2265085283996271,0,highway_0,2,389.98443539802895,727.984435398029,,-1029.9274150325855
15.7,llm_0,730.8749900486806,-4.8,28.905546506516682,1000.0,,-0.22087211329502687,-0.22087211329502687,-0.22087211329502687,-0.22087211329502687,-0.2186852606881473,0,highway_0,2,392.8749900486806,730.8749900486806,,-1029.9055465065167
15.8,llm_0,733.7634338399114,-4.8,28.884437912307625,1000.0,,-0.2131968015114678,-0.2131968015114678,-0.2131968015114678,-0.2131968015114678,-0.21108594209056974,0,highway_0,2,395.7634338399114,733.7634338399114,,-1029.8844379123077
15.9,llm_0,736.6498406002784,-4.8,28.864067603669632,1000.0,,-0.20574011724372654,-0.20574011724372654,-0.20574011724372654,-0.20574011724372654,-0.20370308637993162,0,highway_0,2,398.64984060027837,736.6498406002784,,-1029.8640676036696
16.0,llm_0,739.5342820653963,-4.8,28.844414651178937,1000.0,,-0.19849482015601416,-0.19849482015601416,-0.19849482015601416,-0.19849482015601416,-0.19652952490694986,0,highway_0,2,401.53428206539627,739.5342820653963,,-1029.844414651179
16.1,llm_0,742.4168279466138,-4.8,28.825458812174833,1000.0,,-0.19145397394142716,-0.19145397394142716,-0.19145397394142716,-0.19145397394142716,-0.1895583900410358,0,highway_0,2,404.4168279466138,742.4168279466138,,-1029.825458812175
16.2,llm_0,745.297545996835,-4.8,28.807180502212102,1000.0,,-0.1846109306235939,-0.1846109306235939,-0.1846109306235939,-0.1846109306235939,-0.18278309962731498,0,highway_0,2,407.29754599683497,745.297545996835,,-1029.807180502212
16.3,llm_0,748.1765020736323,-4.8,28.789560767973256,1000.0,,-0.17795931581233426,-0.17795931581233426,-0.17795931581233426,-0.17795931581233426,-0.17619734238845552,0,highway_0,2,410.17650207363226,748.1765020736323,,-1029.7895607679732
16.4,llm_0,751.0537601997876,-4.8,28.77258126155277,1000.0,,-0.17149301484692048,-0.17149301484692048,-0.17149301484692048,-0.17149301484692048,-0.16979506420486956,0,highway_0,2,413.0537601997876,751.0537601997876,,-1029.7725812615527
16.5,llm_0,753.9293826213907,-4.8,28.756224216031416,1000.0,,-0.16520615976568576,-0.16520615976568576,-0.16520615976568576,-0.16520615976568576,-0.16357045521353086,0,highway_0,2,415.9293826213907,753.9293826213907,,-1029.7562242160313
16.6,llm_0,756.8034298636171,-4.8,28.74047242226453,1000.0,,-0.15909311704553186,-0.15909311704553186,-0.15909311704553186,-0.15909311704553186,-0.15751793766884958,0,highway_0,2,418.8034298636171,756.8034298636171,,-1029.7404724222645
16.7,llm_0,759.6759607842985,-4.8,28.725309206813126,1000.0,,-0.1531484760591908,-0.1531484760591908,-0.1531484760591908,-0.1531484760591908,-0.1516321545140542,0,highway_0,2,421.67596078429847,759.6759607842985,,-1029.725309206813
16.8,llm_0,762.5470326253936,-4.8,28.710718410951532,1000.0,,-0.1473670382020833,-0.1473670382020833,-0.1473670382020833,-0.1473670382020833,-0.1459079586159362,0,highway_0,2,424.5470326253936,762.5470326253936,,-1029.7107184109516
16.9,llm_0,765.4167010624626,-4.8,28.69668437068972,1000.0,,-0.14174380664427377,-0.14174380664427377,-0.14174380664427377,-0.14174380664427377,-0.14034040261812208,0,highway_0,2,427.4167010624626,765.4167010624626,,-1029.6966843706898
17.0,llm_0,768.2850202522378,-4.8,28.68319189775246,1000.0,,-0.13627397666631613,-0.13627397666631613,-0.13627397666631613,-0.13627397666631613,-0.13492472937258526,0,highway_0,2,430.2850202522378,768.2850202522378,,-1029.6831918977525
17.1,llm_0,771.1520428783839,-4.8,28.670226261461288,1000.0,,-0.13095292654087198,-0.13095292654087198,-0.13095292654087198,-0.13095292654087198,-0.12965636291173865,0,highway_0,2,433.1520428783839,771.1520428783839,,-1029.6702262614613
17.2,llm_0,774.0178201955308,-4.8,28.657773171468733,1000.0,,-0.12577620892477626,-0.12577620892477626,-0.12577620892477626,-0.12577620892477626,-0.12453089992554567,0,highway_0,2,436.0178201955308,774.0178201955308,,-1029.6577731714688
17.3,llm_0,776.8824020716605,-4.8,28.645818761297566,1000.0,,-0.12073954272879206,-0.12073954272879206,-0.12073954272879206,-0.12073954272879206,-0.11954410171167495,0,highway_0,2,438.8824020716605,776.8824020716605,,-1029.6458187612975
17.4,llm_0,779.7458370289246,-4.8,28.634349572640666,1000.0,,-0.11583880543467573,-0.11583880543467573,-0.11583880543467573,-0.11583880543467573,-0.11469188656899831,0,highway_0,2,441.7458370289246,779.7458370289246,,-1029.6343495726408
17.5,llm_0,782.6081722829626,-4.8,28.623352540380136,1000.0,,-0.11107002583134618,-0.11107002583134618,-0.11107002583134618,-0.11107002583134618,-0.10997032260529949,0,highway_0,2,444.60817228296264,782.6081722829626,,-1029.6233525403802
17.6,llm_0,785.4694537807914,-4.8,28.612814978286675,1000.0,,-0.10642937714393885,-0.10642937714393885,-0.10642937714393885,-0.10642937714393885,-0.10537562093460906,0,highway_0,2,447.46945378079135,785.4694537807914,,-1029.6128149782867
17.7,llm_0,788.3297262373276,-4.8,28.602724565362774,1000.0,,-0.10191317053141158,-0.10191317053141158,-0.10191317053141158,-0.10191317053141158,-0.10090412923901226,0,highway_0,2,450.3297262373276,788.3297262373276,,-1029.6027245653627
17.8,llm_0,791.1890331706071,-4.8,28.593069332795444,1000.0,,-0.09751784893001414,-0.09751784893001414,-0.09751784893001414,-0.09751784893001414,-0.09655232567329364,0,highway_0,2,453.1890331706071,791.1890331706071,,-1029.5930693327955
17.9,llm_0,794.0474169357558,-4.8,28.58383765148638,1000.0,,-0.09323998122155674,-0.09323998122155674,-0.09323998122155674,-0.09323998122155674,-0.09231681309064044,0,highway_0,2,456.0474169357558,794.0474169357558,,-1029.5838376514864
18.0,llm_0,796.9049187577688,-4.8,28.57501822012927,1000.0,,-0.08907625670681707,-0.08907625670681707,-0.08907625670681707,-0.08907625670681707,-0.0881943135711083,0,highway_0,2,458.90491875776877,796.9049187577688,,-1029.5750182201293
18.1,llm_0,799.7615787631494,-4.8,28.566600053805924,1000.0,,-0.08502347986579961,-0.08502347986579961,-0.08502347986579961,-0.08502347986579961,-0.08418166323345133,0,highway_0,2,461.7615787631494,799.7615787631494,,-1029.5666000538058
18.2,llm_0,802.6174360104568,-4.8,28.55857247307446,1000.0,,-0.08107856538776748,-0.08107856538776748,-0.08107856538776748,-0.08107856538776748,-0.08027580731464923,0,highway_0,2,464.6174360104568,802.6174360104568,,-1029.5585724730745
18.3,llm_0,805.4725285198092,-4.8,28.550925093524445,1000.0,,-0.07723853345513043,-0.07723853345513043,-0.07723853345513043,-0.07723853345513043,-0.07647379550014932,0,highway_0,2,467.4725285198092,805.4725285198092,,-1029.5509250935245
18.4,llm_0,808.3268933013867,-4.8,28.543647815775305,1000.0,,-0.07350050526631957,-0.07350050526631957,-0.07350050526631957,-0.07350050526631957,-0.07277277749139444,0,highway_0,2,470.3268933013867,808.3268933013867,,-1029.5436478157753
18.5,llm_0,811.1805663829763,-4.8,28.536730815895723,1000.0,,-0.06986169878377768,-0.06986169878377768,-0.06986169878377768,-0.06986169878377768,-0.06916999879582164,0,highway_0,2,473.1805663829763,811.1805663829763,,-1029.5367308158957
18.6,llm_0,814.0335828365986,-4.8,28.53016453622304,1000.0,,-0.0663194246940666,-0.0663194246940666,-0.0663194246940666,-0.0663194246940666,-0.0656627967268264,0,highway_0,2,476.0335828365986,814.0335828365986,,-1029.530164536223
18.7,llm_0,816.8859768042549,-4.8,28.523939676562843,1000.0,,-0.06287108256798235,-0.06287108256798235,-0.06287108256798235,-0.06287108256798235,-0.06224859660196813,0,highway_0,2,478.88597680425494,816.8859768042549,,-1029.5239396765628
18.8,llm_0,819.7377815228299,-4.8,28.51804718575004,1000.0,,-0.05951415720931297,-0.05951415720931297,-0.05951415720931297,-0.05951415720931297,-0.058924908128048514,0,highway_0,2,481.7377815228299,819.7377815228299,,-1029.51804718575
18.9,llm_0,822.5890293481852,-4.8,28.512478253553837,1000.0,,-0.05624621518161366,-0.05624621518161366,-0.05624621518161366,-0.05624621518161366,-0.055689321962013594,0,highway_0,2,484.58902934818525,822.5890293481852,,-1029.5124782535538
19.0,llm_0,825.4397517784762,-4.8,28.507224302909968,1000.0,,-0.05306490150305354,-0.05306490150305354,-0.05306490150305354,-0.05306490150305354,-0.05253950643869132,0,highway_0,2,487.4397517784762,825.4397517784762,,-1029.50722430291
19.1,llm_0,828.2899794767227,-4.8,28.502276982464423,1000.0,,-0.04996793650000364,-0.04996793650000364,-0.04996793650000364,-0.04996793650000364,-0.049473204455452446,0,highway_0,2,490.2899794767227,828.2899794767227,,-1029.5022769824645
19.2,llm_0,831.1397422926641,-4.8,28.497628159413868,1000.0,,-0.04695311281062842,-0.04695311281062842,-0.04695311281062842,-0.04695311281062842,-0.04648823050555251,0,highway_0,2,493.1397422926641,831.1397422926641,,-1029.4976281594138
19.3,llm_0,833.9890692839269,-4.8,28.493269912628694,1000.0,,-0.04401829253027256,-0.04401829253027256,-0.04401829253027256,-0.04401829253027256,-0.04358246785173492,0,highway_0,2,495.98906928392694,833.9890692839269,,-1029.4932699126286
19.4,llm_0,836.8379887365314,-4.8,28.48919452604543,1000.0,,-0.04116140449095762,-0.04116140449095762,-0.04116140449095762,-0.04116140449095762,-0.04075386583263452,0,highway_0,2,498.83798873653143,836.8379887365314,,-1029.4891945260454
19.5,llm_0,839.686528184763,-4.8,28.48539448231595,1000.0,,-0.038380441667752674,-0.038380441667752674,-0.038380441667752674,-0.038380441667752674,-0.03800043729480507,0,highway_0,2,501.686528184763,839.686528184763,,-1029.485394482316
19.6,llm_0,842.5347144304332,-4.8,28.481862456701567,1000.0,,-0.03567345870524474,-0.03567345870524474,-0.03567345870524474,-0.03567345870524474,-0.03532025614383372,0,highway_0,2,504.53471443043316,842.5347144304332,,-1029.4818624567015
19.7,llm_0,845.3825735615533,-4.8,28.478591311200802,1000.0,,-0.03303856955771911,-0.03303856955771911,-0.03303856955771911,-0.03303856955771911,-0.03271145500765016,0,highway_0,2,507.3825735615533,845.3825735615533,,-1029.4785913112007
19.8,llm_0,848.2301309704433,-4.8,28.475574088900103,1000.0,,-0.03047394523706104,-0.03047394523706104,-0.03047394523706104,-0.03047394523706104,-0.030172223006985632,0,highway_0,2,510.23013097044327,848.2301309704433,,-1029.4755740889002
19.9,llm_0,851.077411371297,-4.8,28.47280400853746,1000.0,,-0.027977811662731167,-0.027977811662731167,-0.027977811662731167,-0.027977811662731167,-0.02770080362644478,0,highway_0,2,513.077411371297,851.077411371297,,-1029.4728040085374
20.0,llm_0,853.924438817224,-4.8,28.470274459269287,1000.0,,-0.025548447608509273,-0.025548447608509273,-0.025548447608509273,-0.025548447608509273,-0.025295492681713938,0,highway_0,2,515.924438817224,853.924438817224,,-1029.4702744592694
20.1,llm_0,856.7712367167871,-4.8,28.467978995631565,1000.0,,-0.023184182741019077,-0.023184182741019077,-0.023184182741019077,-0.023184182741019077,-0.022954636377221505,0,highway_0,2,518.7712367167871,856.7712367167871,,-1029.4679789956315
20.2,llm_0,859.6178278500558,-4.8,28.465911332686485,1000.0,,-0.020883395745307842,-0.020883395745307842,-0.020883395745307842,-0.020883395745307842,-0.020676629450804285,0,highway_0,2,521.6178278500558,859.6178278500558,,-1029.4659113326866
20.3,llm_0,862.4642343841905,-4.8,28.46406534134658,1000.0,,-0.0186445125330561,-0.0186445125330561,-0.0186445125330561,-0.0186445125330561,-0.01845991339905595,0,highway_0,2,524.4642343841905,862.4642343841905,,-1029.4640653413467
20.4,llm_0,865.3104778885773,-4.8,28.462435043868435,1000.0,,-0.016466004529246625,-0.016466004529246625,-0.016466004529246625,-0.016466004529246625,-0.01630297478143916,0,highway_0,2,527.3104778885773,865.3104778885773,,-1029.4624350438685
20.5,llm_0,868.1565793495282,-4.8,28.461014609508698,1000.0,,-0.014346387033324914,-0.014346387033324914,-0.014346387033324914,-0.014346387033324914,-0.014204343597370439,0,highway_0,2,530.1565793495282,868.1565793495282,,-1029.4610146095088
20.6,llm_0,871.0025591845617,-4.8,28.459798350335316,1000.0,,-0.012284217651156615,-0.012284217651156615,-0.012284217651156615,-0.012284217651156615,-0.012162591733826389,0,highway_0,2,533.0025591845617,871.0025591845617,,-1029.4597983503354
20.7,llm_0,873.8484372562805,-4.8,28.45878071718737,1000.0,,-0.010278094794254455,-0.010278094794254455,-0.010278094794254455,-0.010278094794254455,-0.010176331479456735,0,highway_0,2,535.8484372562805,873.8484372562805,,-1029.4587807171874
20.8,llm_0,876.6942328858582,-4.8,28.457956295777173,1000.0,,-0.008326656242966246,-0.008326656242966246,-0.008326656242966246,-0.008326656242966246,-0.008244214101971181,0,highway_0,2,538.6942328858582,876.6942328858582,,-1029.4579562957772
20.9,llm_0,879.5399648661511,-4.8,28.45731980292861,1000.0,,-0.006428577770486887,-0.006428577770486887,-0.006428577770486887,-0.006428577770486887,-0.006364928485638188,0,highway_0,2,541.5399648661511,879.5399648661511,,-1029.4573198029286
21.0,llm_0,882.3856514744457,-4.8,28.456866082945957,1000.0,,-0.004582571824754078,-0.004582571824754078,-0.004582571824754078,-0.004582571824754078,-0.004537199826515348,0,highway_0,2,544.3856514744457,882.3856514744457,,-1029.456866082946
21.1,llm_0,885.2313104848565,-4.8,28.456590104107796,1000.0,,-0.0027873862653984283,-0.0027873862653984283,-0.0027873862653984283,-0.0027873862653984283,-0.002759788381609951,0,highway_0,2,547.2313104848565,885.2313104848565,,-1029.4565901041078
21.2,llm_0,888.0769591803846,-4.8,28.456486955280752,1000.0,,-0.0010418031531331806,-0.0010418031531331806,-0.0010418031531331806,-0.0010418031531331806,-0.0010314882704420825,0,highway_0,2,550.0769591803846,888.0769591803846,,-1029.4564869552808
21.3,llm_0,890.9226078759127,-4.8,28.456486955280752,1000.0,,0.0,0.0,0.0,0.0,0.0,0,highway_0,2,552.9226078759127,890.9226078759127,,-1029.4564869552808
21.4,llm_0,893.7682565714408,-4.8,28.456486955280752,1000.0,,0.0,0.0,0.0,0.0,0.0,0,highway_0,2,555.7682565714408,893.7682565714408,,-1029.4564869552808
21.5,llm_0,896.6139052669689,-4.8,28.456486955280752,1000.0,,0.0,0.0,0.0,0.0,0.0,0,highway_0,2,558.6139052669689,896.6139052669689,,-1029.4564869552808
21.6,llm_0,899.459553962497,-4.8,28.456486955280752,1000.0,,0.0,0.0,0.0,0.0,0.0,0,highway_0,2,561.459553962497,899.459553962497,,-1029.4564869552808
21.7,llm_0,902.3052026580251,-4.8,28.456486955280752,1000.0,,0.0,0.0,0.0,0.0,0.0,0,highway_0,2,564.3052026580251,902.3052026580251,,-1029.4564869552808
21.8,llm_0,905.1508513535532,-4.8,28.456486955280752,1000.0,,0.0,0.0,0.0,0.0,0.0,0,highway_0,2,567.1508513535532,905.1508513535532,,-1029.4564869552808
21.9,llm_0,907.9965000490814,-4.8,28.456486955280752,1000.0,,0.0,0.0,0.0,0.0,0.0,0,highway_0,2,569.9965000490813,907.9965000490813,,-1029.4564869552808
22.0,llm_0,910.8421487446093,-4.8,28.456486955280752,1000.0,,0.0,0.0,0.0,0.0,0.0,0,highway_0,2,572.8421487446094,910.8421487446094,,-1029.4564869552808
22.1,llm_0,913.6877974401375,-4.8,28.456486955280752,1000.0,,0.0,0.0,0.0,0.0,0.0,0,highway_0,2,575.6877974401375,913.6877974401375,,-1029.4564869552808
22.2,llm_0,916.5334461356656,-4.8,28.456486955280752,1000.0,,0.0,0.0,0.0,0.0,0.0,0,highway_0,2,578.5334461356656,916.5334461356656,,-1029.4564869552808
22.3,llm_0,919.3790948311938,-4.8,28.456486955280752,1000.0,,0.0,0.0,0.0,0.0,0.0,0,highway_0,2,581.3790948311937,919.3790948311937,,-1029.4564869552808
22.4,llm_0,922.2247435267217,-4.8,28.456486955280752,1000.0,,0.0,0.0,0.0,0.0,0.0,0,highway_0,2,584.2247435267218,922.2247435267218,,-1029.4564869552808
22.5,llm_0,925.0703922222499,-4.8,28.456486955280752,1000.0,,0.0,0.0,0.0,0.0,0.0,0,highway_0,2,587.0703922222499,925.0703922222499,,-1029.4564869552808
22.6,llm_0,927.916040917778,-4.8,28.456486955280752,1000.0,,0.0,0.0,0.0,0.0,0.0,0,highway_0,2,589.916040917778,927.916040917778,,-1029.4564869552808
22.7,llm_0,930.7616896133061,-4.8,28.456486955280752,1000.0,,0.0,0.0,0.0,0.0,0.0,0,highway_0,2,592.7616896133061,930.7616896133061,,-1029.4564869552808
22.8,llm_0,933.6073383088341,-4.8,28.456486955280752,1000.0,,0.0,0.0,0.0,0.0,0.0,0,highway_0,2,595.6073383088342,933.6073383088342,,-1029.4564869552808
22.9,llm_0,936.4529870043623,-4.8,28.456486955280752,1000.0,,0.0,0.0,0.0,0.0,0.0,0,highway_0,2,598.4529870043623,936.4529870043623,,-1029.4564869552808
23.0,llm_0,939.2986356998904,-4.8,28.456486955280752,1000.0,,0.0,0.0,0.0,0.0,0.0,0,highway_0,2,601.2986356998904,939.2986356998904,,-1029.4564869552808
23.1,llm_0,942.1442843954185,-4.8,28.456486955280752,1000.0,,0.0,0.0,0.0,0.0,0.0,0,highway_0,2,604.1442843954185,942.1442843954185,,-1029.4564869552808
23.2,llm_0,944.9899330909467,-4.8,28.456486955280752,1000.0,,0.0,0.0,0.0,0.0,0.0,0,highway_0,2,606.9899330909466,944.9899330909466,,-1029.4564869552808
23.3,llm_0,947.8355817864747,-4.8,28.456486955280752,1000.0,,0.0,0.0,0.0,0.0,0.0,0,highway_0,2,609.8355817864747,947.8355817864747,,-1029.4564869552808
23.4,llm_0,950.6812304820028,-4.8,28.456486955280752,1000.0,,0.0,0.0,0.0,0.0,0.0,0,highway_0,2,612.6812304820028,950.6812304820028,,-1029.4564869552808
23.5,llm_0,953.5268791775309,-4.8,28.456486955280752,1000.0,,0.0,0.0,0.0,0.0,0.0,0,highway_0,2,615.5268791775309,953.5268791775309,,-1029.4564869552808
23.6,llm_0,956.3725278730591,-4.8,28.456486955280752,1000.0,,0.0,0.0,0.0,0.0,0.0,0,highway_0,2,618.372527873059,956.372527873059,,-1029.4564869552808
23.7,llm_0,959.218176568587,-4.8,28.456486955280752,1000.0,,0.0,0.0,0.0,0.0,0.0,0,highway_0,2,621.2181765685871,959.2181765685871,,-1029.4564869552808
23.8,llm_0,962.0638252641152,-4.8,28.456486955280752,1000.0,,0.0,0.0,0.0,0.0,0.0,0,highway_0,2,624.0638252641152,962.0638252641152,,-1029.4564869552808
23.9,llm_0,964.9094739596433,-4.8,28.456486955280752,1000.0,,0.0,0.0,0.0,0.0,0.0,0,highway_0,2,626.9094739596433,964.9094739596433,,-1029.4564869552808
24.0,llm_0,967.7551226551715,-4.8,28.456486955280752,1000.0,,0.0,0.0,0.0,0.0,0.0,0,highway_0,2,629.7551226551714,967.7551226551714,,-1029.4564869552808
24.1,llm_0,970.6007713506993,-4.8,28.456486955280752,1000.0,,0.0,0.0,0.0,0.0,0.0,0,highway_0,2,632.6007713506995,970.6007713506995,,-1029.4564869552808
24.2,llm_0,973.4464200462276,-4.8,28.456486955280752,1000.0,,0.0,0.0,0.0,0.0,0.0,0,highway_0,2,635.4464200462276,973.4464200462276,,-1029.4564869552808
24.3,llm_0,976.2920687417557,-4.8,28.456486955280752,1000.0,,0.0,0.0,0.0,0.0,0.0,0,highway_0,2,638.2920687417557,976.2920687417557,,-1029.4564869552808
24.4,llm_0,979.1377174372839,-4.8,28.456486955280752,1000.0,,0.0,0.0,0.0,0.0,0.0,0,highway_0,2,641.1377174372838,979.1377174372838,,-1029.4564869552808
24.5,llm_0,981.9837989612257,-4.8,28.460815239419627,1000.0,,0.04371566980265429,0.04371566980265429,0.04371566980265429,0.04371566980265429,0.04328284138875205,0,highway_0,2,643.9837989612257,981.9837989612257,,-1029.4608152394196
24.6,llm_0,984.8303180544467,-4.8,28.465190932211037,1000.0,,0.04419449719324309,0.04419449719324309,0.04419449719324309,0.04419449719324309,0.04375692791409591,0,highway_0,2,646.8303180544468,984.8303180544468,,-1029.465190932211
24.7,llm_0,987.6772792603477,-4.8,28.469612059009037,1000.0,,0.04465338065979585,0.04465338065979585,0.04465338065979585,0.04465338065979585,0.0442112679800033,0,highway_0,2,649.6772792603477,987.6772792603477,,-1029.469612059009
24.8,llm_0,990.5246869294143,-4.8,28.474076690665182,1000.0,,0.04509277972704173,0.04509277972704173,0.04509277972704173,0.04509277972704173,0.04464631656144746,0,highway_0,2,652.5246869294143,990.5246869294143,,-1029.4740766906652
24.9,llm_0,993.3725452236677,-4.8,28.47858294253322,1000.0,,0.04551314386718064,0.04551314386718064,0.04551314386718064,0.04551314386718064,0.0450625186803677,0,highway_0,2,655.3725452236677,993.3725452236677,,-1029.4785829425332
25.0,llm_0,996.2208581210177,-4.8,28.483128973499205,1000.0,,0.04591491275648096,0.04591491275648096,0.04591491275648096,0.04591491275648096,0.04546030965986603,0,highway_0,2,658.2208581210176,996.2208581210176,,-1029.483128973499
25.1,llm_0,999.0696294195212,-4.8,28.487712985036204,1000.0,,0.046298516523679334,0.046298516523679334,0.046298516523679334,0.046298516523679334,0.04584011536998389,0,highway_0,2,661.0696294195212,999.0696294195212,,-1029.4877129850363
25.2,llm_0,1001.9188627415494,-4.8,28.492333220282788,1000.0,,0.04666437599048712,0.04666437599048712,0.04666437599048712,0.04666437599048712,0.04620235246584059,0,highway_0,2,663.9188627415494,1001.9188627415494,,-1029.4923332202827
25.3,llm_0,1004.7685615378639,-4.8,28.496987963144623,1000.0,,0.0470129029045151,0.0470129029045151,0.0470129029045151,0.0470129029045151,0.04654742861834649,0,highway_0,2,666.7685615378639,1004.7685615378639,,-1029.4969879631446
25.4,llm_0,1007.6187290916057,-4.8,28.501675537418375,1000.0,,0.04734450016488856,0.04734450016488856,0.04734450016488856,0.04734450016488856,0.04687574273752659,0,highway_0,2,669.6187290916057,1007.6187290916057,,-1029.5016755374184
25.5,llm_0,1010.4693685221995,-4.8,28.506394305937267,1000.0,,0.04765956204082922,0.04765956204082922,0.04765956204082922,0.04765956204082922,0.04718768518891636,0,highway_0,2,672.4693685221994,1010.4693685221994,,-1029.5063943059372
25.6,llm_0,1013.3209877782846,-4.8,28.51619256085047,1000.0,,0.09896237462335788,0.09896237462335788,0.09896237462335788,0.09896237462335788,0.09798254913203408,0,highway_0,2,675.3209877782845,1013.3209877782845,,-1029.5161925608504
25.7,llm_0,1016.1735830752158,-4.8,28.52595296931285,1000.0,,0.09858012547002848,0.09858012547002848,0.09858012547002848,0.09858012547002848,0.09760408462380354,0,highway_0,2,678.1735830752158,1016.1735830752158,,-1029.5259529693128
25.8,llm_0,1019.0271505702449,-4.8,28.5356749502893,1000.0,,0.09819200786215232,0.09819200786215232,0.09819200786215232,0.09819200786215232,0.0972198097645105,0,highway_0,2,681.0271505702448,1019.0271505702448,,-1029.5356749502894
25.9,llm_0,1021.8816863644502,-4.8,28.545357942054455,1000.0,,0.0977982168280519,0.0977982168280519,0.0977982168280519,0.0977982168280519,0.09682991765153304,0,highway_0,2,683.8816863644502,1021.8816863644502,,-1029.5453579420544
26.0,llm_0,1024.7371865046318,-4.8,28.555001401816618,1000.0,,0.09739894359785883,0.09739894359785883,0.09739894359785883,0.09739894359785883,0.09643459762163076,0,highway_0,2,686.7371865046318,1024.7371865046318,,-1029.5550014018165
26.1,llm_0,1027.5936469851667,-4.8,28.564604805348683,1000.0,,0.09699437567383051,0.09699437567383051,0.09699437567383051,0.09699437567383051,0.09603403532064902,0,highway_0,2,689.5936469851667,1027.5936469851667,,-1029.5646048053486
26.2,llm_0,1030.4510637498292,-4.8,28.57416764662581,1000.0,,0.09658469689900451,0.09658469689900451,0.09658469689900451,0.09658469689900451,0.09562841277126921,0,highway_0,2,692.4510637498292,1030.4510637498292,,-1029.5741676466257
26.3,llm_0,1033.3094326935761,-4.8,28.58368943746979,1000.0,,0.09617008752423217,0.09617008752423217,0.09617008752423217,0.09617008752423217,0.09521790843979971,0,highway_0,2,695.3094326935761,1033.3094326935761,,-1029.5836894374697
26.4,llm_0,1036.168749664296,-4.8,28.593169707199856,1000.0,,0.09575072427365816,0.09575072427365816,0.09575072427365816,0.09575072427365816,0.09480269730065771,0,highway_0,2,698.168749664296,1036.168749664296,,-1029.5931697071999
26.5,llm_0,1039.029010464525,-4.8,28.602608002289827,1000.0,,0.09532678040868015,0.09532678040868015,0.09532678040868015,0.09532678040868015,0.09438295089971405,0,highway_0,2,701.0290104645251,1039.029010464525,,-1029.6026080022898
26.6,llm_0,1041.890210853128,-4.8,28.612003886031456,1000.0,,0.09489842579045482,0.09489842579045482,0.09489842579045482,0.09489842579045482,0.09395883741628808,0,highway_0,2,703.8902108531281,1041.890210853128,,-1029.6120038860315
26.7,llm_0,1044.7523465469485,-4.8,28.62135693820383,1000.0,,0.09446582694098138,0.09446582694098138,0.09446582694098138,0.09446582694098138,0.09353052172375698,0,highway_0,2,706.7523465469485,1044.7523465469485,,-1029.621356938204
26.8,llm_0,1047.6156119545058,-4.8,28.63265407557264,1000.0,,0.11410108742497249,0.11410108742497249,0.11410108742497249,0.11410108742497249,0.11297137368806887,0,highway_0,2,709.6156119545058,1047.6156119545058,,-1029.6326540755726
26.9,llm_0,1050.4800349008742,-4.8,28.644229463684155,1000.0,,0.11691141992630971,0.11691141992630971,0.11691141992630971,0.11691141992630971,0.11575388111516816,0,highway_0,2,712.4800349008742,1050.4800349008742,,-1029.644229463684
27.0,llm_0,1053.3456424374904,-4.8,28.656075366161215,1000.0,,0.11964361501826626,0.11964361501826626,0.11964361501826626,0.11964361501826626,0.11845902477059411,0,highway_0,2,715.3456424374904,1053.3456424374904,,-1029.6560753661613
27.1,llm_0,1056.212460847869,-4.8,28.668184103786118,1000.0,,0.12229825001154881,0.12229825001154881,0.12229825001154881,0.12229825001154881,0.12108737624902943,0,highway_0,2,718.2124608478689,1056.212460847869,,-1029.6681841037862
27.2,llm_0,1059.0805156534043,-4.8,28.68054805535344,1000.0,,0.12487591082997362,0.12487591082997362,0.12487591082997362,0.12487591082997362,0.12363951567323284,0,highway_0,2,721.0805156534043,1059.0805156534043,,-1029.6805480553535
27.3,llm_0,1061.9498316192473,-4.8,28.69315965842938,1000.0,,0.12737719106700052,0.12737719106700052,0.12737719106700052,0.12737719106700052,0.12611603075939115,0,highway_0,2,723.9498316192473,1061.9498316192473,,-1029.6931596584293
27.4,llm_0,1064.8204327602498,-4.8,28.70601141002354,1000.0,,0.1298026911010327,0.1298026911010327,0.1298026911010327,0.1298026911010327,0.12851751594158856,0,highway_0,2,726.8204327602498,1064.8204327602498,,-1029.7060114100236
27.5,llm_0,1067.6923423469677,-4.8,28.71909586717869,1000.0,,0.13215301726701212,0.13215301726701212,0.13215301726701212,0.13215301726701212,0.13084457155152052,0,highway_0,2,729.6923423469677,1067.6923423469677,,-1029.7190958671788
27.6,llm_0,1070.565582911716,-4.8,28.732405647483837,1000.0,,0.13442878108197376,0.13442878108197376,0.13442878108197376,0.13442878108197376,0.1330978030514629,0,highway_0,2,732.5655829117161,1070.565582911716,,-1029.7324056474838
27.7,llm_0,1073.4401762546677,-4.8,28.74593342951574,1000.0,,0.13663059852224924,0.13663059852224924,0.13663059852224924,0.13663059852224924,0.13527782031903968,0,highway_0,2,735.4401762546677,1073.4401762546677,,-1029.7459334295158
27.8,llm_0,1076.316143449989,-4.8,28.759671953213772,1000.0,,0.13875908935009373,0.13875908935009373,0.13875908935009373,0.13875908935009373,0.13738523698030747,0,highway_0,2,738.3161434499891,1076.316143449989,,-1029.7596719532137
27.9,llm_0,1079.1935048520083,-4.8,28.77361402019275,1000.0,,0.1408148764876782,0.1408148764876782,0.1408148764876782,0.1408148764876782,0.13942066978977152,0,highway_0,2,741.1935048520083,1079.1935048520083,,-1029.7736140201928
28.0,llm_0,1082.071786065176,-4.8,28.782812131675286,1000.0,,0.09290092597361832,0.09290092597361832,0.09290092597361832,0.09290092597361832,0.09198111482536575,0,highway_0,2,744.071786065176,1082.071786065176,,-1029.7828121316752
28.1,llm_0,1084.951014001777,-4.8,28.792279366010423,1000.0,,0.09561906678488019,0.09561906678488019,0.09561906678488019,0.09561906678488019,0.09467234335136965,0,highway_0,2,746.9510140017769,1084.951014001777,,-1029.7922793660105
28.2,llm_0,1087.831214873526,-4.8,28.80200871749027,1000.0,,0.0982664499464666,0.0982664499464666,0.0982664499464666,0.0982664499464666,0.09729351479847992,0,highway_0,2,749.831214873526,1087.831214873526,,-1029.8020087174903
28.3,llm_0,1090.7124141954955,-4.8,28.811993219693555,1000.0,,0.10084347225315238,0.10084347225315238,0.10084347225315238,0.10084347225315238,0.09984502203284507,0,highway_0,2,752.7124141954955,1090.7124141954955,,-1029.8119932196935
28.4,llm_0,1093.5946367901777,-4.8,28.822225946821558,1000.0,,0.10335054399279697,0.10335054399279697,0.10335054399279697,0.10335054399279697,0.10232727128002495,0,highway_0,2,755.5946367901777,1093.5946367901777,,-1029.8222259468216
28.5,llm_0,1096.4779067916713,-4.8,28.832700014936545,1000.0,,0.10578808796135519,0.10578808796135519,0.10578808796135519,0.10578808796135519,0.10474068114987745,0,highway_0,2,758.4779067916713,1096.4779067916713,,-1029.8327000149366
28.6,llm_0,1099.362247649982,-4.8,28.843408583107852,1000.0,,0.10815653853017382,0.10815653853017382,0.10815653853017382,0.10815653853017382,0.1070856817130661,0,highway_0,2,761.362247649982,1099.362247649982,,-1029.843408583108
28.7,llm_0,1102.2476821354292,-4.8,28.8543448544706,1000.0,,0.11045634076375188,0.11045634076375188,0.11045634076375188,0.11045634076375188,0.10936271362748329,0,highway_0,2,764.2476821354292,1102.2476821354292,,-1029.8543448544706
28.8,llm_0,1105.1342323431493,-4.8,28.865502077201896,1000.0,,0.11268794958605155,0.11268794958605155,0.11268794958605155,0.11268794958605155,0.11157222731295491,0,highway_0,2,767.1342323431493,1105.1342323431493,,-1029.8655020772019
28.9,llm_0,1108.0219196976911,-4.8,28.8768735454191,1000.0,,0.11485182899378876,0.11485182899378876,0.11485182899378876,0.11485182899378876,0.11371468217205916,0,highway_0,2,770.0219196976911,1108.0219196976911,,-1029.8768735454191
29.0,llm_0,1110.9234684383716,-4.8,29.015487406805242,1000.0,,1.4,1.4,1.4,1.4,1.3861386138614051,0,highway_0,2,772.9234684383716,1110.9234684383716,,-1030.0154874068053
29.1,llm_0,1113.8388785651907,-4.8,29.154101268191383,1000.0,,1.4,1.4,1.4,1.4,1.3861386138614051,0,highway_0,2,775.8388785651907,1113.8388785651907,,-1030.1541012681914
29.2,llm_0,1116.7681500781484,-4.8,29.292715129577523,1000.0,,1.4,1.4,1.4,1.4,1.3861386138614051,0,highway_0,2,778.7681500781484,1116.7681500781484,,-1030.2927151295776
29.3,llm_0,1119.7112829772448,-4.8,29.431328990963664,1000.0,,1.4,1.4,1.4,1.4,1.3861386138614051,0,highway_0,2,781.7112829772448,1119.7112829772448,,-1030.4313289909637
29.4,llm_0,1122.6682772624797,-4.8,29.569942852349804,1000.0,,1.4,1.4,1.4,1.4,1.3861386138614051,0,highway_0,2,784.6682772624797,1122.6682772624797,,-1030.5699428523499
29.5,llm_0,1125.6391329338533,-4.8,29.708556713735945,1000.0,,1.4,1.4,1.4,1.4,1.3861386138614051,0,highway_0,2,787.6391329338533,1125.6391329338533,,-1030.708556713736
29.6,llm_0,1128.6238499913654,-4.8,29.847170575122085,1000.0,,1.4,1.4,1.4,1.4,1.3861386138614051,0,highway_0,2,790.6238499913654,1128.6238499913654,,-1030.8471705751222
29.7,llm_0,1131.6224284350162,-4.8,29.985784436508226,1000.0,,1.4,1.4,1.4,1.4,1.3861386138614051,0,highway_0,2,793.6224284350162,1131.6224284350162,,-1030.9857844365083
29.8,llm_0,1134.6348682648056,-4.8,30.124398297894366,1000.0,,1.4,1.4,1.4,1.4,1.3861386138614051,0,highway_0,2,796.6348682648056,1134.6348682648056,,-1031.1243982978945
29.9,llm_0,1137.6611694807336,-4.8,30.263012159280507,1000.0,,1.4,1.4,1.4,1.4,1.3861386138614051,0,highway_0,2,799.6611694807336,1137.6611694807336,,-1031.2630121592806
30.0,llm_0,1140.7013320828003,-4.8,30.401626020666647,1000.0,,1.4,1.4,1.4,1.4,1.3861386138614051,0,highway_0,2,802.7013320828003,1140.7013320828003,,-1031.4016260206668
30.1,llm_0,1143.7407060879693,-4.8,30.39374005169034,1000.0,,-0.0796482866606929,-0.0796482866606929,-0.0796482866606929,-0.0796482866606929,-0.07885968976307112,0,highway_0,2,805.7407060879693,1143.7407060879693,,-1031.3937400516904
30.2,llm_0,1146.7792764812584,-4.8,30.385703932890312,1000.0,,-0.0811647998803029,-0.0811647998803029,-0.0811647998803029,-0.0811647998803029,-0.08036118800028191,0,highway_0,2,808.7792764812584,1146.7792764812584,,-1031.3857039328902
30.3,llm_0,1149.8170289014286,-4.8,30.377524201700947,1000.0,,-0.08261528501258963,-0.08261528501258963,-0.08261528501258963,-0.08261528501258963,-0.08179731189365214,0,highway_0,2,811.8170289014286,1149.8170289014286,,-1031.377524201701
30.4,llm_0,1152.853949640679,-4.8,30.36920739250441,1000.0,,-0.08399977288501925,-0.08399977288501925,-0.08399977288501925,-0.08399977288501925,-0.08316809196536212,0,highway_0,2,814.853949640679,1152.853949640679,,-1031.3692073925044
30.5,llm_0,1155.8900256439188,-4.8,30.360760032396588,1000.0,,-0.08531833708900516,-0.08531833708900516,-0.08531833708900516,-0.08531833708900516,-0.08447360107822988,0,highway_0,2,817.8900256439188,1155.8900256439188,,-1031.3607600323967
30.6,llm_0,1158.9252445076177,-4.8,30.352188636988988,1000.0,,-0.08657109361673587,-0.08657109361673587,-0.08657109361673587,-0.08657109361673587,-0.0857139540759988,0,highway_0,2,820.9252445076177,1158.9252445076177,,-1031.352188636989
30.7,llm_0,1161.959594478243,-4.8,30.34349970625206,1000.0,,-0.08775820044294891,-0.08775820044294891,-0.08775820044294891,-0.08775820044294891,-0.08688930736926892,0,highway_0,2,823.9595944782429,1161.959594478243,,-1031.343499706252
30.8,llm_0,1164.9930644502836,-4.8,30.33469972040523,1000.0,,-0.08887985705299184,-0.08887985705299184,-0.08887985705299184,-0.08887985705299184,-0.08799985846831504,0,highway_0,2,826.9930644502836,1164.9930644502836,,-1031.3346997204053
30.9,llm_0,1168.0256439638695,-4.8,30.325795135858844,1000.0,,-0.08993630391848972,-0.08993630391848972,-0.08993630391848972,-0.08993630391848972,-0.08904584546385763,0,highway_0,2,830.0256439638695,1168.0256439638695,,-1031.325795135859
31.0,llm_0,1171.0573232019908,-4.8,30.316792381213066,1000.0,,-0.09092782192236237,-0.09092782192236237,-0.09092782192236237,-0.09092782192236237,-0.090027546457776,0,highway_0,2,833.0573232019908,1171.0573232019908,,-1031.316792381213
31.1,llm_0,1174.0880929873226,-4.8,30.30769785331854,1000.0,,-0.09185473173471825,-0.09185473173471825,-0.09185473173471825,-0.09185473173471825,-0.09094527894525584,0,highway_0,2,836.0880929873226,1174.0880929873226,,-1031.3076978533186
31.2,llm_0,1177.117944778663,-4.8,30.298517913403554,1000.0,,-0.09271739314135763,-0.09271739314135763,-0.09271739314135763,-0.09271739314135763,-0.09179939914986335,0,highway_0,2,839.1179447786631,1177.117944778663,,-1031.2985179134037
31.3,llm_0,1180.1468706669903,-4.8,30.28925888327218,1000.0,,-0.09351620432688423,-0.09351620432688423,-0.09351620432688423,-0.09351620432688423,-0.09259030131374857,0,highway_0,2,842.1468706669903,1180.1468706669903,,-1031.2892588832722
31.4,llm_0,1183.174863371148,-4.8,30.279927041577704,1000.0,,-0.09425160111419517,-0.09425160111419517,-0.09425160111419517,-0.09425160111419517,-0.09331841694475429,0,highway_0,2,845.1748633711479,1183.174863371148,,-1031.2799270415776
31.5,llm_0,1186.2019162331655,-4.8,30.27052862017548,1000.0,,-0.09492405616245381,-0.09492405616245381,-0.09492405616245381,-0.09492405616245381,-0.09398421402224244,0,highway_0,2,848.2019162331655,1186.2019162331655,,-1031.2705286201756
31.6,llm_0,1189.2286178482886,-4.8,30.267016151231864,1000.0,,-0.035475936330528146,-0.035475936330528146,-0.035475936330528146,-0.035475936330528146,-0.03512468943615232,0,highway_0,2,851.2286178482886,1189.2286178482886,,-1031.267016151232
31.7,llm_0,1192.2549550132878,-4.8,30.263371649992468,1000.0,,-0.036809462517915836,-0.036809462517915836,-0.036809462517915836,-0.036809462517915836,-0.03644501239396192,0,highway_0,2,854.2549550132878,1192.2549550132878,,-1031.2633716499925
31.8,llm_0,1195.280914922693,-4.8,30.259599094050756,1000.0,,-0.03810281501127877,-0.03810281501127877,-0.03810281501127877,-0.03810281501127877,-0.03772555941711886,0,highway_0,2,857.280914922693,1195.280914922693,,-1031.2595990940508
31.9,llm_0,1198.3064851698273,-4.8,30.255702471342158,1000.0,,-0.0393558893568664,-0.0393558893568664,-0.0393558893568664,-0.0393558893568664,-0.03896622708598585,0,highway_0,2,860.3064851698273,1198.3064851698273,,-1031.2557024713421
32.0,llm_0,1201.3316537476207,-4.8,30.25168577793576,1000.0,,-0.0405686034046191,-0.0405686034046191,-0.0405686034046191,-0.0405686034046191,-0.040166934063989856,0,highway_0,2,863.3316537476207,1201.3316537476207,,-1031.2516857779358
32.1,llm_0,1204.3564090492039,-4.8,30.247553015831567,1000.0,,-0.04174089725232055,-0.04174089725232055,-0.04174089725232055,-0.04174089725232055,-0.04132762104191556,0,highway_0,2,866.3564090492039,1204.3564090492039,,-1031.2475530158315
32.2,llm_0,1207.3807398682804,-4.8,30.24330819076557,1000.0,,-0.04287273316654949,-0.04287273316654949,-0.04287273316654949,-0.04287273316654949,-0.04244825065995883,0,highway_0,2,869.3807398682804,1207.3807398682804,,-1031.2433081907657
32.3,llm_0,1210.4046353992828,-4.8,30.238955310024895,1000.0,,-0.04396409548081226,-0.04396409548081226,-0.04396409548081226,-0.04396409548081226,-0.043528807406758574,0,highway_0,2,872.4046353992828,1210.4046353992828,,-1031.238955310025
32.4,llm_0,1213.4280852373104,-4.8,30.23449838027528,1000.0,,-0.04501499047112878,-0.04501499047112878,-0.04501499047112878,-0.04501499047112878,-0.044569297496153126,0,highway_0,2,875.4280852373104,1213.4280852373104,,-1031.2344983802752
32.5,llm_0,1216.4510793778506,-4.8,30.229941405403068,1000.0,,-0.046025446209331466,-0.046025446209331466,-0.046025446209331466,-0.046025446209331466,-0.04556974872212294,0,highway_0,2,878.4510793778506,1216.4510793778506,,-1031.229941405403
32.6,llm_0,1219.473608216288,-4.8,30.225288384373904,1000.0,,-0.046995512394544914,-0.046995512394544914,-0.046995512394544914,-0.046995512394544914,-0.0465302102916354,0,highway_0,2,881.4736082162881,1219.473608216288,,-1031.225288384374
32.7,llm_0,1222.4956625471991,-4.8,30.220543309110223,1000.0,,-0.04792526016315657,-0.04792526016315657,-0.04792526016315657,-0.04792526016315657,-0.047450752636812865,0,highway_0,2,884.4956625471991,1222.4956625471991,,-1031.2205433091103
32.8,llm_0,1225.5168435162961,-4.8,30.211809690969243,1000.0,,-0.08820954322388252,-0.08820954322388252,-0.08820954322388252,-0.08820954322388252,-0.08733618140979615,0,highway_0,2,887.5168435162961,1225.5168435162961,,-1031.2118096909692
32.9,llm_0,1228.5371675900687,-4.8,30.20324073772491,1000.0,,-0.08654642776777388,-0.08654642776777388,-0.08654642776777388,-0.08654642776777388,-0.08568953244331823,0,highway_0,2,890.5371675900687,1228.5371675900687,,-1031.2032407377249
33.0,llm_0,1231.5566509269815,-4.8,30.194833369127558,1000.0,,-0.08491442283324524,-0.08491442283324524,-0.08491442283324524,-0.08491442283324524,-0.08407368597353582,0,highway_0,2,893.5566509269815,1231.5566509269815,,-1031.1948333691275
33.1,llm_0,1234.575309383636,-4.8,30.18658456654537,1000.0,,-0.08331290608008057,-0.08331290608008057,-0.08331290608008057,-0.08331290608008057,-0.08248802582187409,0,highway_0,2,896.5753093836361,1234.575309383636,,-1031.1865845665454
33.2,llm_0,1237.593158520791,-4.8,30.17849137154736,1000.0,,-0.0817412694799291,-0.0817412694799291,-0.0817412694799291,-0.0817412694799291,-0.080931949980112,0,highway_0,2,899.5931585207909,1237.593158520791,,-1031.1784913715474
33.3,llm_0,1240.6102136092434,-4.8,30.170550884525483,1000.0,,-0.08019891892097553,-0.08019891892097553,-0.08019891892097553,-0.08019891892097553,-0.07940487021876663,0,highway_0,2,902.6102136092434,1240.6102136092434,,-1031.1705508845255
33.4,llm_0,1243.6264896355788,-4.8,30.16276026335462,1000.0,,-0.0786852738256889,-0.0786852738256889,-0.0786852738256889,-0.0786852738256889,-0.07790621170862266,0,highway_0,2,905.6264896355788,1243.6264896355788,,-1031.1627602633546
33.5,llm_0,1246.6420013077877,-4.8,30.15511672208916,1000.0,,-0.07719976678112528,-0.07719976678112528,-0.07719976678112528,-0.07719976678112528,-0.07643541265458964,0,highway_0,2,908.6420013077877,1246.6420013077877,,-1031.1551167220891
33.6,llm_0,1249.6567630607572,-4.8,30.14761752969497,1000.0,,-0.07574184318132304,-0.07574184318132304,-0.07574184318132304,-0.07574184318132304,-0.07499192394192278,0,highway_0,2,911.6567630607572,1249.6567630607572,,-1031.147617529695
33.7,llm_0,1252.6707890616387,-4.8,30.140260008815634,1000.0,,-0.0743109608813124,-0.0743109608813124,-0.0743109608813124,-0.0743109608813124,-0.07357520879335055,0,highway_0,2,914.6707890616387,1252.6707890616387,,-1031.1402600088156
33.8,llm_0,1255.684093215096,-4.8,30.13304153457184,1000.0,,-0.07290658986232068,-0.07290658986232068,-0.07290658986232068,-0.07290658986232068,-0.07218474243792627,0,highway_0,2,917.684093215096,1255.684093215096,,-1031.133041534572
33.9,llm_0,1258.6966891684353,-4.8,30.125959533392855,1000.0,,-0.07152821190773673,-0.07152821190773673,-0.07152821190773673,-0.07152821190773673,-0.07082001178986275,0,highway_0,2,920.6966891684353,1258.6966891684353,,-1031.125959533393
34.0,llm_0,1261.7085903166233,-4.8,30.11901148187905,1000.0,,-0.07017532028943552,-0.07017532028943552,-0.07017532028943552,-0.07017532028943552,-0.06948051513806064,0,highway_0,2,923.7085903166233,1261.7085903166233,,-1031.119011481879
34.1,llm_0,1264.7198098071926,-4.8,30.112194905694487,1000.0,,-0.06884741946408912,-0.06884741946408912,-0.06884741946408912,-0.06884741946408912,-0.06816576184561995,0,highway_0,2,926.7198098071926,1264.7198098071926,,-1031.1121949056944
34.2,llm_0,1267.7303605450415,-4.8,30.10550737848864,1000.0,,-0.06754402477907684,-0.06754402477907684,-0.06754402477907684,-0.06754402477907684,-0.06687527205848198,0,highway_0,2,929.7303605450415,1267.7303605450415,,-1031.1055073784887
34.3,llm_0,1270.740255197126,-4.8,30.098946520846297,1000.0,,-0.06626466218765237,-0.06626466218765237,-0.06626466218765237,-0.06626466218765237,-0.06560857642341489,0,highway_0,2,932.7402551971261,1270.740255197126,,-1031.0989465208463
34.4,llm_0,1273.7495061970526,-4.8,30.09250999926481,1000.0,,-0.06500886797302585,-0.06500886797302585,-0.06500886797302585,-0.06500886797302585,-0.06436521581488108,0,highway_0,2,935.7495061970526,1273.7495061970526,,-1031.0925099992648
34.5,llm_0,1276.7581257495683,-4.8,30.086195525157773,1000.0,,-0.06377618848103972,-0.06377618848103972,-0.06377618848103972,-0.06377618848103972,-0.06314474107036006,0,highway_0,2,938.7581257495683,1276.7581257495683,,-1031.0861955251578
34.6,llm_0,1279.7661258349567,-4.8,30.080000853884396,1000.0,,-0.06256617986111324,-0.06256617986111324,-0.06256617986111324,-0.06256617986111324,-0.06194671273377139,0,highway_0,2,941.7661258349567,1279.7661258349567,,-1031.0800008538845
34.7,llm_0,1282.7735182133372,-4.8,30.073923783803686,1000.0,,-0.06137840781517845,-0.06137840781517845,-0.06137840781517845,-0.06137840781517845,-0.06077070080710456,0,highway_0,2,944.7735182133372,1282.7735182133372,,-1031.0739237838036
34.8,llm_0,1285.7803144288725,-4.8,30.067962155352767,1000.0,,-0.0602124473543002,-0.0602124473543002,-0.0602124473543002,-0.0602124473543002,-0.059616284509189654,0,highway_0,2,947.7803144288725,1285.7803144288725,,-1031.0679621553527
34.9,llm_0,1288.7865258138875,-4.8,30.06211385014854,1000.0,,-0.059067882562718665,-0.059067882562718665,-0.059067882562718665,-0.059067882562718665,-0.0584830520422841,0,highway_0,2,950.7865258138875,1288.7865258138875,,-1031.0621138501485
35.0,llm_0,1291.7921634928987,-4.8,30.056376790112,1000.0,,-0.05794430636904524,-0.05794430636904524,-0.05794430636904524,-0.05794430636904524,-0.057370600365374,0,highway_0,2,953.7921634928987,1291.7921634928987,,-1031.056376790112
35.1,llm_0,1294.7972383865601,-4.8,30.05074893661454,1000.0,,-0.05684132032435918,-0.05684132032435918,-0.05684132032435918,-0.05684132032435918,-0.056278534974616434,0,highway_0,2,956.7972383865601,1294.7972383865601,,-1031.0507489366146
35.2,llm_0,1297.8018163205093,-4.8,30.04577933949208,1000.0,,-0.05019293093683852,-0.05019293093683852,-0.05019293093683852,-0.05019293093683852,-0.049695971224608115,0,highway_0,2,959.8018163205093,1297.8018163205093,,-1031.0457793394921
35.3,llm_0,1300.8058981294287,-4.8,30.04081808919381,1000.0,,-0.050108628012539125,-0.050108628012539125,-0.050108628012539125,-0.050108628012539125,-0.04961250298268993,0,highway_0,2,962.8058981294287,1300.8058981294287,,-1031.0408180891939
35.4,llm_0,1303.8094849116828,-4.8,30.03586782254226,1000.0,,-0.04999769318065872,-0.04999769318065872,-0.04999769318065872,-0.04999769318065872,-0.04950266651547963,0,highway_0,2,965.8094849116828,1303.8094849116828,,-1031.0358678225423
35.5,llm_0,1306.8125780245105,-4.8,30.03093112827536,1000.0,,-0.04986061209571924,-0.04986061209571924,-0.04986061209571924,-0.04986061209571924,-0.04936694266902464,0,highway_0,2,968.8125780245105,1306.8125780245105,,-1031.0309311282754
35.6,llm_0,1309.8151790791492,-4.8,30.026010546386797,1000.0,,-0.04969787707447271,-0.04969787707447271,-0.04969787707447271,-0.04969787707447271,-0.04920581888562481,0,highway_0,2,971.8151790791492,1309.8151790791492,,-1031.0260105463867
35.7,llm_0,1312.8172899359001,-4.8,30.021108567509188,1000.0,,-0.04950998666384643,-0.04950998666384643,-0.04950998666384643,-0.04950998666384643,-0.049019788776085704,0,highway_0,2,974.8172899359001,1312.8172899359001,,-1031.0211085675091
35.8,llm_0,1315.8189126991342,-4.8,30.016227632339767,1000.0,,-0.04929744521113877,-0.04929744521113877,-0.04929744521113877,-0.04929744521113877,-0.04880935169421008,0,highway_0,2,977.8189126991342,1315.8189126991342,,-1031.0162276323397
35.9,llm_0,1318.820050410964,-4.8,30.011377118298817,1000.0,,-0.048990191813584216,-0.048990191813584216,-0.048990191813584216,-0.048990191813584216,-0.04850514040949605,0,highway_0,2,980.8200504109641,1318.820050410964,,-1031.011377118299
36.0,llm_0,1321.8207123616082,-4.8,30.0066195064409,1000.0,,-0.04805187976497938,-0.04805187976497938,-0.04805187976497938,-0.04805187976497938,-0.047576118579186755,0,highway_0,2,983.8207123616082,1321.8207123616082,,-1031.006619506441
36.1,llm_0,1324.820907671975,-4.8,30.001953103666356,1000.0,,-0.04713066802289978,-0.04713066802289978,-0.04713066802289978,-0.04713066802289978,-0.04666402774542888,0,highway_0,2,986.820907671975,1324.820907671975,,-1031.0019531036664
36.2,llm_0,1327.8206452968084,-4.8,29.99737624833312,1000.0,,-0.0462262388656971,-0.0462262388656971,-0.0462262388656971,-0.0462262388656971,-0.04576855333237262,0,highway_0,2,989.8206452968084,1327.8206452968084,,-1030.997376248333
36.3,llm_0,1330.8199340277702,-4.8,29.992887309618425,1000.0,,-0.04533828101841775,-0.04533828101841775,-0.04533828101841775,-0.04533828101841775,-0.04488938714693802,0,highway_0,2,992.8199340277702,1330.8199340277702,,-1030.9928873096185
36.4,llm_0,1333.8187824964598,-4.8,29.988484686895568,1000.0,,-0.04446648950084886,-0.04446648950084886,-0.04446648950084886,-0.04446648950084886,-0.04402622722857075,0,highway_0,2,995.8187824964598,1333.8187824964598,,-1030.9884846868956
36.5,llm_0,1336.8171991773722,-4.8,29.984166809125288,1000.0,,-0.04361056547982667,-0.04361056547982667,-0.04361056547982667,-0.04361056547982667,-0.04317877770279921,0,highway_0,2,998.8171991773722,1336.8171991773722,,-1030.9841668091253
36.6,llm_0,1339.8151923907983,-4.8,29.979932134261357,1000.0,,-0.04277021612568088,-0.04277021612568088,-0.04277021612568088,-0.04277021612568088,-0.042346748639303655,0,highway_0,2,1001.8151923907983,1339.8151923907983,,-1030.9799321342614
36.7,llm_0,1342.8127703056653,-4.8,29.975779148670004,1000.0,,-0.04194515447267322,-0.04194515447267322,-0.04194515447267322,-0.04194515447267322,-0.04152985591353797,0,highway_0,2,1004.8127703056653,1342.8127703056653,,-1030.97577914867
36.8,llm_0,1345.8099409423214,-4.8,29.971706366562746,1000.0,,-0.0411350992832924,-0.0411350992832924,-0.0411350992832924,-0.0411350992832924,-0.04072782107257922,0,highway_0,2,1007.8099409423214,1345.8099409423214,,-1030.9717063665628
36.9,llm_0,1348.8067121752656,-4.8,29.96771232944232,1000.0,,-0.04033977491629814,-0.04033977491629814,-0.04033977491629814,-0.04033977491629814,-0.03994037120424565,0,highway_0,2,1010.8067121752656,1348.8067121752656,,-1030.9677123294423
37.0,llm_0,1351.8030917358217,-4.8,29.963795605561295,1000.0,,-0.03955891119837607,-0.03955891119837607,-0.03955891119837607,-0.03955891119837607,-0.03916723881026485,0,highway_0,2,1013.8030917358217,1351.8030917358217,,-1030.9637956055612
37.1,llm_0,1354.799087214761,-4.8,29.95995478939305,1000.0,,-0.03879224329929154,-0.03879224329929154,-0.03879224329929154,-0.03879224329929154,-0.03840816168246164,0,highway_0,2,1016.7990872147609,1354.799087214761,,-1030.9599547893931
37.2,llm_0,1357.7947060648723,-4.8,29.956188501114788,1000.0,,-0.03803951161043795,-0.03803951161043795,-0.03803951161043795,-0.03803951161043795,-0.03766288278260532,0,highway_0,2,1019.7947060648723,1357.7947060648723,,-1030.9561885011149
37.3,llm_0,1360.7899556034827,-4.8,29.952495386102246,1000.0,,-0.03730046162666523,-0.03730046162666523,-0.03730046162666523,-0.03730046162666523,-0.03693115012541881,0,highway_0,2,1022.7899556034827,1360.7899556034827,,-1030.9524953861023
37.4,llm_0,1363.7848430149263,-4.8,29.948874114435785,1000.0,,-0.03657484383127496,-0.03657484383127496,-0.03657484383127496,-0.03657484383127496,-0.03621271666460757,0,highway_0,2,1025.7848430149263,1363.7848430149263,,-1030.9488741144357
37.5,llm_0,1366.7793753529681,-4.8,29.94532338041756,1000.0,,-0.03586241358410813,-0.03586241358410813,-0.03586241358410813,-0.03586241358410813,-0.03550734018226365,0,highway_0,2,1028.7793753529681,1366.7793753529681,,-1030.9453233804174
37.6,llm_0,1369.7735595431782,-4.8,29.94184190209948,1000.0,,-0.035162931012595156,-0.035162931012595156,-0.035162931012595156,-0.035162931012595156,-0.03481478318079212,0,highway_0,2,1031.7735595431782,1369.7735595431782,,-1030.9418419020994
37.7,llm_0,1372.7674023852603,-4.8,29.938428420821687,1000.0,,-0.034476160905707154,-0.034476160905707154,-0.034476160905707154,-0.034476160905707154,-0.0341348127779284,0,highway_0,2,1034.7674023852603,1372.7674023852603,,-1030.9384284208218
37.8,llm_0,1375.7609105553365,-4.8,29.935081700761224,1000.0,,-0.03380187261069101,-0.03380187261069101,-0.03380187261069101,-0.03380187261069101,-0.03346720060463326,0,highway_0,2,1037.7609105553365,1375.7609105553365,,-1030.9350817007612
37.9,llm_0,1378.7540906081856,-4.8,29.931800528490676,1000.0,,-0.03313983993251912,-0.03313983993251912,-0.03313983993251912,-0.03313983993251912,-0.03281172270547472,0,highway_0,2,1040.7540906081856,1378.7540906081856,,-1030.9318005284906
38.0,llm_0,1381.7469489794403,-4.8,29.928583712546523,1000.0,,-0.03248984103596686,-0.03248984103596686,-0.03248984103596686,-0.03248984103596686,-0.032168159441532396,0,highway_0,2,1043.7469489794403,1381.7469489794403,,-1030.9285837125465
38.1,llm_0,1384.739491987741,-4.8,29.925430083006894,1000.0,,-0.03185165835023018,-0.03185165835023018,-0.03185165835023018,-0.03185165835023018,-0.03153629539628611,0,highway_0,2,1046.739491987741,1384.739491987741,,-1030.9254300830069
38.2,llm_0,1387.731725836849,-4.8,29.922338491078577,1000.0,,-0.0312250784760133,-0.0312250784760133,-0.0312250784760133,-0.0312250784760133,-0.030915919283174276,0,highway_0,2,1049.731725836849,1387.731725836849,,-1030.9223384910786
38.3,llm_0,1390.7236566177182,-4.8,29.91930780869293,1000.0,,-0.030609892095006197,-0.030609892095006197,-0.030609892095006197,-0.030609892095006197,-0.030306823856456333,0,highway_0,2,1052.7236566177182,1390.7236566177182,,-1030.919307808693
38.4,llm_0,1393.7152903105293,-4.8,29.916336928110585,1000.0,,-0.03000589388168451,-0.03000589388168451,-0.03000589388168451,-0.03000589388168451,-0.029708805823460693,0,highway_0,2,1055.7152903105293,1393.7152903105293,,-1030.9163369281107
38.5,llm_0,1396.7066327866828,-4.8,29.91342476153461,1000.0,,-0.029412882417354957,-0.029412882417354957,-0.029412882417354957,-0.029412882417354957,-0.02912166575974595,0,highway_0,2,1058.7066327866828,1396.7066327866828,,-1030.9134247615345
38.6,llm_0,1399.697689810756,-4.8,29.910570240731996,1000.0,,-0.028830660106382577,-0.028830660106382577,-0.028830660106382577,-0.028830660106382577,-0.02854520802614502,0,highway_0,2,1061.697689810756,1399.697689810756,,-1030.9105702407319
38.7,llm_0,1402.6884670424222,-4.8,29.90777231666323,1000.0,,-0.028259033094538255,-0.028259033094538255,-0.028259033094538255,-0.028259033094538255,-0.02797924068765667,0,highway_0,2,1064.6884670424222,1402.6884670424222,,-1030.9077723166633
38.8,llm_0,1405.6789700383342,-4.8,29.905029959119727,1000.0,,-0.027697811189396848,-0.027697811189396848,-0.027697811189396848,-0.027697811189396848,-0.02742357543503715,0,highway_0,2,1067.6789700383342,1405.6789700383342,,-1030.9050299591197
38.9,llm_0,1408.6692042539712,-4.8,29.902342156368963,1000.0,,-0.02714680778272527,-0.02714680778272527,-0.02714680778272527,-0.02714680778272527,-0.026878027507635238,0,highway_0,2,1070.6692042539712,1408.6692042539712,,-1030.902342156369
39.0,llm_0,1411.659175045452,-4.8,29.899707914807102,1000.0,,-0.026605839774809237,-0.026605839774809237,-0.026605839774809237,-0.026605839774809237,-0.026342415618607617,0,highway_0,2,1073.659175045452,1411.659175045452,,-1030.899707914807
39.1,llm_0,1414.6488876713138,-4.8,29.89712625861892,1000.0,,-0.026074727500650763,-0.026074727500650763,-0.026074727500650763,-0.026074727500650763,-0.02581656188183956,0,highway_0,2,1076.6488876713138,1414.6488876713138,,-1030.897126258619
39.2,llm_0,1417.6383472942582,-4.8,29.894596229444858,1000.0,,-0.02555329465799616,-0.02555329465799616,-0.02555329465799616,-0.02555329465799616,-0.02530029174060644,0,highway_0,2,1079.6383472942582,1417.6383472942582,,-1030.894596229445
39.3,llm_0,1420.6275589828638,-4.8,29.892116886055042,1000.0,,-0.025041368237121997,-0.025041368237121997,-0.025041368237121997,-0.025041368237121997,-0.024793433898153694,0,highway_0,2,1082.6275589828638,1420.6275589828638,,-1030.892116886055
39.4,llm_0,1423.6165277132668,-4.8,29.88968730403006,1000.0,,-0.02453877845234631,-0.02453877845234631,-0.02453877845234631,-0.02453877845234631,-0.024295820249840006,0,highway_0,2,1085.6165277132668,1423.6165277132668,,-1030.88968730403
39.5,llm_0,1426.6052583708117,-4.8,29.887306575448356,1000.0,,-0.024045358675208295,-0.024045358675208295,-0.024045358675208295,-0.024045358675208295,-0.023807285817021295,0,highway_0,2,1088.6052583708117,1426.6052583708117,,-1030.8873065754483
39.6,llm_0,1429.5937557516697,-4.8,29.884973808580114,1000.0,,-0.023560945369258235,-0.023560945369258235,-0.023560945369258235,-0.023560945369258235,-0.02332766868242686,0,highway_0,2,1091.5937557516697,1429.5937557516697,,-1030.88497380858
39.7,llm_0,1432.5820245644284,-4.8,29.882688127587397,1000.0,,-0.023085378026433956,-0.023085378026433956,-0.023085378026433956,-0.023085378026433956,-0.022856809927169763,0,highway_0,2,1094.5820245644284,1432.5820245644284,,-1030.8826881275875
39.8,llm_0,1435.5700694316515,-4.8,29.880448672230468,1000.0,,-0.022618499104955836,-0.022618499104955836,-0.022618499104955836,-0.022618499104955836,-0.02239455356928488,0,highway_0,2,1097.5700694316515,1435.5700694316515,,-1030.8804486722304
39.9,llm_0,1438.5578948914094,-4.8,29.8782545975801,1000.0,,-0.022160153968713958,-0.022160153968713958,-0.022160153968713958,-0.022160153968713958,-0.021940746503688047,0,highway_0,2,1100.5578948914094,1438.5578948914094,,-1030.87825459758
40.0,llm_0,1441.545505398783,-4.8,29.876105073735733,1000.0,,-0.021710190828094555,-0.021710190828094555,-0.021710190828094555,-0.021710190828094555,-0.021495238443662856,0,highway_0,2,1103.545505398783,1441.545505398783,,-1030.8761050737357
40.1,llm_0,1444.5329053273379,-4.8,29.873999285549374,1000.0,,-0.021268460682211776,-0.021268460682211776,-0.021268460682211776,-0.021268460682211776,-0.02105788186359092,0,highway_0,2,1106.5329053273379,1444.5329053273379,,-1030.8739992855494
40.2,llm_0,1447.5200989705734,-4.8,29.871936432355067,1000.0,,-0.02083481726249925,-0.02083481726249925,-0.02083481726249925,-0.02083481726249925,-0.020628531943067685,0,highway_0,2,1109.5200989705734,1447.5200989705734,,-1030.8719364323551
40.3,llm_0,1450.5070905433438,-4.8,29.869915727703816,1000.0,,-0.020409116977636144,-0.020409116977636144,-0.020409116977636144,-0.020409116977636144,-0.020207046512510374,0,highway_0,2,1112.5070905433438,1450.5070905433438,,-1030.8699157277038
40.4,llm_0,1453.493884183254,-4.8,29.86793639910384,1000.0,,-0.019991218859747306,-0.019991218859747306,-0.019991218859747306,-0.019991218859747306,-0.019793285999760712,0,highway_0,2,1115.493884183254,1453.493884183254,,-1030.8679363991039
40.5,llm_0,1456.4804839520307,-4.8,29.865997687766033,1000.0,,-0.019580984511871957,-0.019580984511871957,-0.019580984511871957,-0.019580984511871957,-0.019387113378073195,0,highway_0,2,1118.4804839520307,1456.4804839520307,,-1030.8659976877661
40.6,llm_0,1459.4668938368661,-4.8,29.864098848354484,1000.0,,-0.019178278056644515,-0.019178278056644515,-0.019178278056644515,-0.019178278056644515,-0.018988394115488916,0,highway_0,2,1121.4668938368661,1459.4668938368661,,-1030.8640988483544
40.7,llm_0,1462.4531177517404,-4.8,29.862239148741992,1000.0,,-0.01878296608615515,-0.01878296608615515,-0.01878296608615515,-0.01878296608615515,-0.01859699612491994,0,highway_0,2,1124.4531177517404,1462.4531177517404,,-1030.862239148742
40.8,llm_0,1465.4391595387174,-4.8,29.86041786977041,1000.0,,-0.0183949176129774,-0.0183949176129774,-0.0183949176129774,-0.0183949176129774,-0.0182127897158324,0,highway_0,2,1127.4391595387174,1465.4391595387174,,-1030.8604178697703
40.9,llm_0,1468.4250229692188,-4.8,29.858634305015727,1000.0,,-0.0180140040223018,-0.0180140040223018,-0.0180140040223018,-0.0180140040223018,-0.017835647546817768,0,highway_0,2,1130.4250229692188,1468.4250229692188,,-1030.8586343050158
41.0,llm_0,1471.4107117452745,-4.8,29.85688776055779,1000.0,,-0.017640099025173717,-0.017640099025173717,-0.017640099025173717,-0.017640099025173717,-0.017465444579372047,0,highway_0,2,1133.4107117452745,1471.4107117452745,,-1030.8568877605578
41.1,llm_0,1474.39622950075,-4.8,29.855177554754544,1000.0,,-0.017273078612784154,-0.017273078612784154,-0.017273078612784154,-0.017273078612784154,-0.01710205803245657,0,highway_0,2,1136.39622950075,1474.39622950075,,-1030.8551775547546
41.2,llm_0,1477.381579802552,-4.8,29.853503018020703,1000.0,,-0.016912821011801915,-0.016912821011801915,-0.016912821011801915,-0.016912821011801915,-0.016745367338408812,0,highway_0,2,1139.381579802552,1477.381579802552,,-1030.8535030180208
41.3,llm_0,1480.3667661518132,-4.8,29.851863492610732,1000.0,,-0.016559206640707425,-0.016559206640707425,-0.016559206640707425,-0.016559206640707425,-0.01639525409970588,0,highway_0,2,1142.3667661518132,1480.3667661518132,,-1030.8518634926108
41.4,llm_0,1483.3517919850538,-4.8,29.850258332406067,1000.0,,-0.01621211806710443,-0.01621211806710443,-0.01621211806710443,-0.01621211806710443,-0.01605160204665168,0,highway_0,2,1145.3517919850538,1483.3517919850538,,-1030.8502583324062
41.5,llm_0,1486.3366606753243,-4.8,29.848686902706465,1000.0,,-0.015871439965991163,-0.015871439965991163,-0.015871439965991163,-0.015871439965991163,-0.015714296996023336,0,highway_0,2,1148.3366606753243,1486.3366606753243,,-1030.8486869027065
41.6,llm_0,1489.3213755333268,-4.8,29.84714858002538,1000.0,,-0.015537059078954307,-0.015537059078954307,-0.015537059078954307,-0.015537059078954307,-0.015383226810854467,0,highway_0,2,1151.3213755333268,1489.3213755333268,,-1030.8471485800253
41.7,llm_0,1492.3059398085156,-4.8,29.84564275188931,1000.0,,-0.015208864174267589,-0.015208864174267589,-0.015208864174267589,-0.015208864174267589,-0.015058281360680326,0,highway_0,2,1154.3059398085156,1492.3059398085156,,-1030.8456427518893
41.8,llm_0,1495.2903566901798,-4.8,29.84416881664101,1000.0,,-0.01488674600787765,-0.01488674600787765,-0.01488674600787765,-0.01488674600787765,-0.01473935248302638,0,highway_0,2,1157.2903566901798,1495.2903566901798,,-1030.844168816641
41.9,llm_0,1498.2746293085045,-4.8,29.84272618324643,1000.0,,-0.014570597285237463,-0.014570597285237463,-0.014570597285237463,-0.014570597285237463,-0.014426333945785075,0,highway_0,2,1160.2746293085045,1498.2746293085045,,-1030.8427261832464
42.0,llm_0,1501.258760735615,-4.8,29.841314271105443,1000.0,,-0.014260312623981086,-0.014260312623981086,-0.014260312623981086,-0.014260312623981086,-0.014119121409876811,0,highway_0,2,1163.258760735615,1501.258760735615,,-1030.8413142711054
42.1,llm_0,1504.2427539866017,-4.8,29.839932509866095,1000.0,,-0.013955788517412637,-0.013955788517412637,-0.013955788517412637,-0.013955788517412637,-0.013817612393474121,0,highway_0,2,1166.2427539866017,1504.2427539866017,,-1030.839932509866
42.2,llm_0,1507.2266120205259,-4.8,29.838580339242455,1000.0,,-0.013656923298785761,-0.013656923298785761,-0.013656923298785761,-0.013656923298785761,-0.013521706236403475,0,highway_0,2,1169.2266120205259,1507.2266120205259,,-1030.8385803392425
42.3,llm_0,1510.2103377414094,-4.8,29.837257208835887,1000.0,,-0.01336361710635714,-0.01336361710635714,-0.01336361710635714,-0.01336361710635714,-0.013231304065683958,0,highway_0,2,1172.2103377414094,1510.2103377414094,,-1030.8372572088358
42.4,llm_0,1513.1939339992055,-4.8,29.835962577959727,1000.0,,-0.013075771849194284,-0.013075771849194284,-0.013075771849194284,-0.013075771849194284,-0.012946308761598857,0,highway_0,2,1175.1939339992055,1513.1939339992055,,-1030.8359625779597
42.5,llm_0,1516.1774035907522,-4.8,29.834695915467282,1000.0,,-0.012793291173716748,-0.012793291173716748,-0.012793291173716748,-0.012793291173716748,-0.01266662492444226,0,highway_0,2,1178.1774035907522,1516.1774035907522,,-1030.8346959154674
42.6,llm_0,1519.1607492607104,-4.8,29.83345669958303,1000.0,,-0.012516080430948762,-0.012516080430948762,-0.012516080430948762,-0.012516080430948762,-0.012392158842509104,0,highway_0,2,1181.1607492607104,1519.1607492607104,,-1030.833456699583
42.7,llm_0,1522.1439737024841,-4.8,29.832244417737044,1000.0,,-0.012244046644477535,-0.012244046644477535,-0.012244046644477535,-0.012244046644477535,-0.012122818459872065,0,highway_0,2,1184.1439737024841,1522.1439737024841,,-1030.832244417737
42.8,llm_0,1525.1270795591245,-4.8,29.831058566402483,1000.0,,-0.011977098479084125,-0.011977098479084125,-0.011977098479084125,-0.011977098479084125,-0.011858513345615052,0,highway_0,2,1187.1270795591245,1525.1270795591245,,-1030.8310585664026
42.9,llm_0,1528.1100694242182,-4.8,29.829898650936144,1000.0,,-0.011715146210043326,-0.011715146210043326,-0.011715146210043326,-0.011715146210043326,-0.011599154663386457,0,highway_0,2,1190.1100694242182,1528.1100694242182,,-1030.8298986509362
43.0,llm_0,1531.0929458427604,-4.8,29.82876418542198,1000.0,,-0.011458101693066602,-0.011458101693066602,-0.011458101693066602,-0.011458101693066602,-0.011344655141627413,0,highway_0,2,1193.0929458427604,1531.0929458427604,,-1030.828764185422
43.1,llm_0,1534.0757113120121,-4.8,29.827654692517537,1000.0,,-0.011205878334875408,-0.011205878334875408,-0.011205878334875408,-0.011205878334875408,-0.011094929044439539,0,highway_0,2,1196.0757113120121,1534.0757113120121,,-1030.8276546925176
43.2,llm_0,1537.0583682823424,-4.8,29.82656970330324,1000.0,,-0.010958391064394224,-0.010958391064394224,-0.010958391064394224,-0.010958391064394224,-0.010849892142985595,0,highway_0,2,1199.0583682823424,1537.0583682823424,,-1030.8265697033032
43.3,llm_0,1540.0409191580559,-4.8,29.82550875713447,1000.0,,-0.010715556304541352,-0.010715556304541352,-0.010715556304541352,-0.010715556304541352,-0.01060946168767174,0,highway_0,2,1202.0409191580559,1540.0409191580559,,-1030.8255087571345
43.4,llm_0,1543.0233662982055,-4.8,29.824471401496393,1000.0,,-0.010477291944602785,-0.010477291944602785,-0.010477291944602785,-0.010477291944602785,-0.010373556380791626,0,highway_0,2,1205.0233662982055,1543.0233662982055,,-1030.8244714014963
43.5,llm_0,1546.0057120173917,-4.8,29.823457191861426,1000.0,,-0.010243517313181183,-0.010243517313181183,-0.010243517313181183,-0.010243517313181183,-0.010142096349667895,0,highway_0,2,1208.0057120173917,1546.0057120173917,,-1030.8234571918615
43.6,llm_0,1548.9879585865467,-4.8,29.822465691549375,1000.0,,-0.01001415315170151,-0.01001415315170151,-0.01001415315170151,-0.01001415315170151,-0.009915003120504196,0,highway_0,2,1210.9879585865467,1548.9879585865467,,-1030.8224656915493
43.7,llm_0,1551.9701082337058,-4.8,29.821496471590123,1000.0,,-0.009789121588460903,-0.009789121588460903,-0.009789121588460903,-0.009789121588460903,-0.009692199592521433,0,highway_0,2,1213.9701082337058,1551.9701082337058,,-1030.82149647159
43.8,llm_0,1554.9521631447647,-4.8,29.820549110588818,1000.0,,-0.009568346113208115,-0.009568346113208115,-0.009568346113208115,-0.009568346113208115,-0.009473610013053246,0,highway_0,2,1216.9521631447647,1554.9521631447647,,-1030.820549110589
43.9,llm_0,1557.934125464224,-4.8,29.819623194593547,1000.0,,-0.009351751552244325,-0.009351751552244325,-0.009351751552244325,-0.009351751552244325,-0.009259159952712537,0,highway_0,2,1219.934125464224,1557.934125464224,,-1030.8196231945935
44.0,llm_0,1560.9159972959205,-4.8,29.818718316965423,1000.0,,-0.009139264044027096,-0.009139264044027096,-0.009139264044027096,-0.009139264044027096,-0.009048776281233017,0,highway_0,2,1222.9159972959205,1560.9159972959205,,-1030.8187183169655
44.1,llm_0,1563.8977807037456,-4.8,29.81783407825104,1000.0,,-0.008930811015270823,-0.008930811015270823,-0.008930811015270823,-0.008930811015270823,-0.008842387143843666,0,highway_0,2,1225.8977807037456,1563.8977807037456,,-1030.817834078251
44.2,llm_0,1566.8794777123514,-4.8,29.81697008605722,1000.0,,-0.008726321157532357,-0.008726321157532357,-0.008726321157532357,-0.008726321157532357,-0.008639921938176087,0,highway_0,2,1228.8794777123514,1566.8794777123514,,-1030.8169700860572
44.3,llm_0,1569.8610903078443,-4.8,29.816125954928086,1000.0,,-0.008525724404256696,-0.008525724404256696,-0.008525724404256696,-0.008525724404256696,-0.008441311291349507,0,highway_0,2,1231.8610903078443,1569.8610903078443,,-1030.816125954928
44.4,llm_0,1572.8426204384666,-4.8,29.815301306224296,1000.0,,-0.008328951908299187,-0.008328951908299187,-0.008328951908299187,-0.008328951908299187,-0.008246487037908423,0,highway_0,2,1234.8426204384666,1572.8426204384666,,-1030.8153013062242
44.5,llm_0,1575.8240700152671,-4.8,29.814495768004505,1000.0,,-0.008135936019882495,-0.008135936019882495,-0.008135936019882495,-0.008135936019882495,-0.008055382197902361,0,highway_0,2,1237.8240700152671,1575.8240700152671,,-1030.8144957680045
44.6,llm_0,1578.805440912758,-4.8,29.81370897490896,1000.0,,-0.00794661026500143,-0.00794661026500143,-0.00794661026500143,-0.00794661026500143,-0.00786793095546301,0,highway_0,2,1240.805440912758,1578.805440912758,,-1030.8137089749089
44.7,llm_0,1581.7867349695625,-4.8,29.81294056804517,1000.0,,-0.007760909324255216,-0.007760909324255216,-0.007760909324255216,-0.007760909324255216,-0.007684068637878738,0,highway_0,2,1243.7867349695625,1581.7867349695625,,-1030.8129405680452
44.8,llm_0,1584.76795398905,-4.8,29.812190194875654,1000.0,,-0.007578769012095865,-0.007578769012095865,-0.007578769012095865,-0.007578769012095865,-0.007503731695166493,0,highway_0,2,1246.76795398905,1584.76795398905,,-1030.8121901948757
44.9,llm_0,1587.749099739961,-4.8,29.811457509107687,1000.0,,-0.007400126256488226,-0.007400126256488226,-0.007400126256488226,-0.007400126256488226,-0.007326857679679222,0,highway_0,2,1249.749099739961,1587.749099739961,,-1030.8114575091076
45.0,llm_0,1590.7301739570194,-4.8,29.810742170585016,1000.0,,-0.007224919078974157,-0.007224919078974157,-0.007224919078974157,-0.007224919078974157,-0.007153385226708053,0,highway_0,2,1252.7301739570194,1590.7301739570194,,-1030.810742170585
45.1,llm_0,1593.7111783415376,-4.8,29.81004384518154,1000.0,,-0.007053086575115719,-0.007053086575115719,-0.007053086575115719,-0.007053086575115719,-0.006983254034764741,0,highway_0,2,1255.7111783415376,1593.7111783415376,,-1030.8100438451816
45.2,llm_0,1596.6921145620072,-4.8,29.809362204696853,1000.0,,-0.0068845688953345086,-0.0068845688953345086,-0.0068845688953345086,-0.0068845688953345086,-0.006816404846858859,0,highway_0,2,1258.6921145620072,1596.6921145620072,,-1030.8093622046968
45.3,llm_0,1599.6729842546827,-4.8,29.808696926753676,1000.0,,-0.006719307226116689,-0.006719307226116689,-0.006719307226116689,-0.006719307226116689,-0.006652779431775002,0,highway_0,2,1261.6729842546827,1599.6729842546827,,-1030.8086969267538
45.4,llm_0,1602.6537890241523,-4.8,29.808047694697084,1000.0,,-0.006557243771586174,-0.006557243771586174,-0.006557243771586174,-0.006557243771586174,-0.006492320565918419,0,highway_0,2,1264.6537890241523,1602.6537890241523,,-1030.808047694697
45.5,llm_0,1605.634530443902,-4.8,29.807414197495554,1000.0,,-0.006398321735430201,-0.006398321735430201,-0.006398321735430201,-0.006398321735430201,-0.006334972015302753,0,highway_0,2,1267.634530443902,1605.634530443902,,-1030.8074141974955
45.6,llm_0,1608.6152100568663,-4.8,29.806796129643754,1000.0,,-0.006242485303182388,-0.006242485303182388,-0.006242485303182388,-0.006242485303182388,-0.006180678517999638,0,highway_0,2,1270.6152100568663,1608.6152100568663,,-1030.8067961296438
45.7,llm_0,1611.595829375973,-4.8,29.806193191067035,1000.0,,-0.006089679624839972,-0.006089679624839972,-0.006089679624839972,-0.006089679624839972,-0.006029385767192252,0,highway_0,2,1273.595829375973,1611.595829375973,,-1030.806193191067
45.8,llm_0,1614.5763898846758,-4.8,29.805605087027647,1000.0,,-0.005939850797814783,-0.005939850797814783,-0.005939850797814783,-0.005939850797814783,-0.0058810403938736044,0,highway_0,2,1276.5763898846758,1614.5763898846758,,-1030.8056050870277
45.9,llm_0,1617.556893037479,-4.8,29.805031528032575,1000.0,,-0.005792945850219056,-0.005792945850219056,-0.005792945850219056,-0.005792945850219056,-0.0057355899507172126,0,highway_0,2,1279.556893037479,1617.556893037479,,-1030.8050315280325
46.0,llm_0,1620.5373402604534,-4.8,29.804472229743023,1000.0,,-0.005648912724456556,-0.005648912724456556,-0.005648912724456556,-0.005648912724456556,-0.005592982895521459,0,highway_0,2,1282.5373402604534,1620.5373402604534,,-1030.804472229743
46.1,llm_0,1623.517732951742,-4.8,29.803926912885487,1000.0,,-0.005507700261142112,-0.005507700261142112,-0.005507700261142112,-0.005507700261142112,-0.0054531685753644865,0,highway_0,2,1285.517732951742,1623.517732951742,,-1030.8039269128856
46.2,llm_0,1626.4980724820584,-4.8,29.80339530316437,1000.0,,-0.00536925818331202,-0.00536925818331202,-0.00536925818331202,-0.00536925818331202,-0.005316097211185422,0,highway_0,2,1288.4980724820584,1626.4980724820584,,-1030.8033953031643
46.3,llm_0,1629.478360195176,-4.8,29.802877131176157,1000.0,,-0.005233537080945538,-0.005233537080945538,-0.005233537080945538,-0.005233537080945538,-0.005181719882116909,0,highway_0,2,1291.478360195176,1629.478360195176,,-1030.802877131176
46.4,llm_0,1632.4585974084087,-4.8,29.80237213232509,1000.0,,-0.005100488395768155,-0.005100488395768155,-0.005100488395768155,-0.005100488395768155,-0.005049988510670289,0,highway_0,2,1294.4585974084087,1632.4585974084087,,-1030.802372132325
46.5,llm_0,1635.4387854130828,-4.8,29.8018800467403,1000.0,,-0.004970064406349062,-0.004970064406349062,-0.004970064406349062,-0.004970064406349062,-0.004920855847885264,0,highway_0,2,1297.4387854130828,1635.4387854130828,,-1030.8018800467403
46.6,llm_0,1638.4189254750022,-4.8,29.80140061919441,1000.0,,-0.004842218213474858,-0.004842218213474858,-0.004842218213474858,-0.004842218213474858,-0.004794275458905872,0,highway_0,2,1300.4189254750022,1638.4189254750022,,-1030.8014006191945
46.7,llm_0,1641.3990188349046,-4.8,29.800933599023537,1000.0,,-0.004716903725797916,-0.004716903725797916,-0.004716903725797916,-0.004716903725797916,-0.004670201708734112,0,highway_0,2,1303.3990188349046,1641.3990188349046,,-1030.8009335990234
46.8,llm_0,1644.3790667089095,-4.8,29.800478740048707,1000.0,,-0.004594075645753648,-0.004594075645753648,-0.004594075645753648,-0.004594075645753648,-0.0045485897483033,0,highway_0,2,1306.3790667089095,1644.3790667089095,,-1030.8004787400487
46.9,llm_0,1647.3590702889594,-4.8,29.80003580049863,1000.0,,-0.004473689455740892,-0.004473689455740892,-0.004473689455740892,-0.004473689455740892,-0.004429395500764599,0,highway_0,2,1309.3590702889594,1647.3590702889594,,-1030.8000358004986
47.0,llm_0,1650.3390307432528,-4.8,29.79960454293382,1000.0,,-0.004355701404554768,-0.004355701404554768,-0.004355701404554768,-0.004355701404554768,-0.004312575648093286,0,highway_0,2,1312.3390307432528,1650.3390307432528,,-1030.7996045429338
47.1,llm_0,1653.31894921667,-4.8,29.79918473417203,1000.0,,-0.004240068494079319,-0.004240068494079319,-0.004240068494079319,-0.004240068494079319,-0.004198087617908186,0,highway_0,2,1315.31894921667,1653.31894921667,,-1030.799184734172
47.2,llm_0,1656.2991121197965,-4.8,29.80162903126589,1000.0,,0.024687400648000013,0.024687400648000013,0.024687400648000013,0.024687400648000013,0.024442970938594044,0,highway_0,2,1318.2991121197965,1656.2991121197965,,-1030.801629031266
47.3,llm_0,1659.2795237136993,-4.8,29.804115939027707,1000.0,,0.02511776839432356,0.02511776839432356,0.02511776839432356,0.02511776839432356,0.024869077618170365,0,highway_0,2,1321.2795237136993,1659.2795237136993,,-1030.8041159390277
47.4,llm_0,1662.2601881086705,-4.8,29.80664394971215,1000.0,,0.025532907912870995,0.025532907912870995,0.025532907912870995,0.025532907912870995,0.025280106844434158,0,highway_0,2,1324.2601881086705,1662.2601881086705,,-1030.8066439497122
47.5,llm_0,1665.2411092646166,-4.8,29.809211559460568,1000.0,,0.02593285845900628,0.02593285845900628,0.02593285845900628,0.02593285845900628,0.02567609748417965,0,highway_0,2,1327.2411092646166,1665.2411092646166,,-1030.8092115594607
47.6,llm_0,1668.222290991498,-4.8,29.811817268814544,1000.0,,0.026317664475141167,0.026317664475141167,0.026317664475141167,0.026317664475141167,0.02605709353975527,0,highway_0,2,1330.222290991498,1668.222290991498,,-1030.8118172688146
47.7,llm_0,1671.20373694982,-4.8,29.814459583218866,1000.0,,0.026687375483649856,0.026687375483649856,0.026687375483649856,0.026687375483649856,0.02642314404322832,0,highway_0,2,1333.20373694982,1671.20373694982,,-1030.8144595832189
47.8,llm_0,1674.1854506511715,-4.8,29.817137013514003,1000.0,,0.027042045980899876,0.027042045980899876,0.027042045980899876,0.027042045980899876,0.026774302951366735,0,highway_0,2,1336.1854506511715,1674.1854506511715,,-1030.817137013514
47.9,llm_0,1677.1674354588133,-4.8,29.819848076418218,1000.0,,0.02738173533255328,0.02738173533255328,0.02738173533255328,0.02738173533255328,0.02711062904214856,0,highway_0,2,1339.1674354588133,1677.1674354588133,,-1030.819848076418
48.0,llm_0,1680.1496945883132,-4.8,29.822591294999405,1000.0,,0.027706507670007596,0.027706507670007596,0.027706507670007596,0.027706507670007596,0.027432185811875343,0,highway_0,2,1342.1496945883132,1680.1496945883132,,-1030.8225912949995
48.1,llm_0,1683.132231108227,-4.8,29.825365199136836,1000.0,,0.028016431788055796,0.028016431788055796,0.028016431788055796,0.028016431788055796,0.027739041374310602,0,highway_0,2,1345.132231108227,1683.132231108227,,-1030.8253651991367
48.2,llm_0,1686.1150479408243,-4.8,29.828168325972847,1000.0,,0.028311581043700906,0.028311581043700906,0.028311581043700906,0.028311581043700906,0.0280312683601025,0,highway_0,2,1348.1150479408243,1686.1150479408243,,-1030.828168325973
48.3,llm_0,1689.0981478628598,-4.8,29.830999220354645,1000.0,,0.028592033256173988,0.028592033256173988,0.028592033256173988,0.028592033256173988,0.02830894381798288,0,highway_0,2,1351.0981478628598,1689.0981478628598,,-1030.8309992203547
48.4,llm_0,1692.0815335063864,-4.8,29.83385643526633,1000.0,,0.028857870608027025,0.028857870608027025,0.028857870608027025,0.028857870608027025,0.02857214911685446,0,highway_0,2,1354.0815335063864,1692.0815335063864,,-1030.8338564352664
48.5,llm_0,1695.0652073596116,-4.8,29.83673853225123,1000.0,,0.02910917954745673,0.02910917954745673,0.02910917954745673,0.02910917954745673,0.028820969848979416,0,highway_0,2,1357.0652073596116,1695.0652073596116,,-1030.8367385322513
48.6,llm_0,1698.049171767794,-4.8,29.839644081824662,1000.0,,0.029346050691677616,0.029346050691677616,0.029346050691677616,0.029346050691677616,0.029055495734340298,0,highway_0,2,1360.049171767794,1698.049171767794,,-1030.8396440818246
48.7,llm_0,1701.0334289341818,-4.8,29.84257166387728,1000.0,,0.029568578731455797,0.029568578731455797,0.029568578731455797,0.029568578731455797,0.02927582052617339,0,highway_0,2,1363.0334289341818,1701.0334289341818,,-1030.8425716638774
48.8,llm_0,1704.0179809209887,-4.8,29.84551986806903,1000.0,,0.029776862336673426,0.029776862336673426,0.029776862336673426,0.029776862336673426,0.029482041917496815,0,highway_0,2,1366.0179809209887,1704.0179809209887,,-1030.845519868069
48.9,llm_0,1707.0028296504101,-4.8,29.848487294213886,1000.0,,0.02997100406302955,0.02997100406302955,0.02997100406302955,0.02997100406302955,0.029674261448562333,0,highway_0,2,1369.0028296504101,1707.0028296504101,,-1030.8484872942138
49.0,llm_0,1709.9879769056756,-4.8,29.851472552655444,1000.0,,0.030151110259726832,0.030151110259726832,0.030151110259726832,0.030151110259726832,0.029852584415586136,0,highway_0,2,1371.9879769056756,1709.9879769056756,,-1030.8514725526554
49.1,llm_0,1712.973424332139,-4.8,29.854474264633488,1000.0,,0.030317290978231437,0.030317290978231437,0.030317290978231437,0.030317290978231437,0.03001711978043886,0,highway_0,2,1374.973424332139,1712.973424332139,,-1030.8544742646334
49.2,llm_0,1715.9591734384032,-4.8,29.857491062641603,1000.0,,0.03046965988198025,0.03046965988198025,0.03046965988198025,0.03046965988198025,0.030167980081152734,0,highway_0,2,1377.9591734384032,1715.9591734384032,,-1030.8574910626417
49.3,llm_0,1718.9452255974809,-4.8,29.860521590775978,1000.0,,0.030608334157177564,0.030608334157177564,0.030608334157177564,0.030608334157177564,0.030305281343743218,0,highway_0,2,1380.9452255974809,1718.9452255974809,,-1030.860521590776
49.4,llm_0,1721.9315820479885,-4.8,29.863564505075423,1000.0,,0.030733434424417783,0.030733434424417783,0.030733434424417783,0.030733434424417783,0.03042914299445698,0,highway_0,2,1383.9315820479885,1721.9315820479885,,-1030.8635645050754
49.5,llm_0,1724.9182438953737,-4.8,29.866618473852785,1000.0,,0.03084508465136826,0.03084508465136826,0.03084508465136826,0.03084508465136826,0.030539687773618596,0,highway_0,2,1386.9182438953737,1724.9182438953737,,-1030.866618473853
49.6,llm_0,1727.9052121131756,-4.8,29.86968217801776,1000.0,,0.03094341206627893,0.03094341206627893,0.03094341206627893,0.03094341206627893,0.030637041649761443,0,highway_0,2,1389.9052121131756,1727.9052121131756,,-1030.8696821780177
49.7,llm_0,1730.8924875443147,-4.8,29.872754311391265,1000.0,,0.031028547072416868,0.031028547072416868,0.031028547072416868,0.031028547072416868,0.030721333735037604,0,highway_0,2,1392.8924875443147,1730.8924875443147,,-1030.8727543113912
49.8,llm_0,1733.8800709024158,-4.8,29.875833581011403,1000.0,,0.031100623163388907,0.031100623163388907,0.031100623163388907,0.031100623163388907,0.030792696201373815,0,highway_0,2,1395.8800709024158,1733.8800709024158,,-1030.8758335810114
49.9,llm_0,1736.867962773159,-4.8,29.878918707431133,1000.0,,0.03115977683925053,0.03115977683925053,0.03115977683925053,0.03115977683925053,0.03085126419730244,0,highway_0,2,1398.867962773159,1736.867962773159,,-1030.8789187074312
50.0,llm_0,1739.8561636156599,-4.8,29.882008425007715,1000.0,,0.03120614752347395,0.03120614752347395,0.03120614752347395,0.03120614752347395,0.030897175765822738,0,highway_0,2,1401.8561636156599,1739.8561636156599,,-1030.8820084250078
50.1,llm_0,1742.8446737638783,-4.8,29.885101482184023,1000.0,,0.031239877480707223,0.031239877480707223,0.031239877480707223,0.031239877480707223,0.03093057176307923,0,highway_0,2,1404.8446737638783,1742.8446737638783,,-1030.885101482184
50.2,llm_0,1745.8334934280545,-4.8,29.88819664176177,1000.0,,0.03126111173527224,0.03126111173527224,0.03126111173527224,0.03126111173527224,0.030951595777466423,0,highway_0,2,1407.8334934280545,1745.8334934280545,,-1030.8881966417619
50.3,llm_0,1748.822622696171,-4.8,29.891292681166764,1000.0,,0.03126999799041941,0.03126999799041941,0.03126999799041941,0.03126999799041941,0.030960394049941442,0,highway_0,2,1410.822622696171,1748.822622696171,,-1030.8912926811668
50.4,llm_0,1751.8120615354417,-4.8,29.8943883927062,1000.0,,0.03126668654831877,0.03126668654831877,0.03126668654831877,0.03126668654831877,0.03095711539437218,0,highway_0,2,1413.8120615354417,1751.8120615354417,,-1030.894388392706
50.5,llm_0,1754.8018097938234,-4.8,29.897482583818153,1000.0,,0.031251330230716134,0.031251330230716134,0.031251330230716134,0.031251330230716134,0.030941911119519716,0,highway_0,2,1416.8018097938234,1754.8018097938234,,-1030.8974825838181
50.6,llm_0,1757.7918672015546,-4.8,29.900574077313234,1000.0,,0.031224084300289112,0.031224084300289112,0.031224084300289112,0.031224084300289112,0.03091493495080755,0,highway_0,2,1419.7918672015546,1757.7918672015546,,-1030.9005740773132
50.7,llm_0,1760.7822333727154,-4.8,29.903661711608542,1000.0,,0.031185106382621175,0.031185106382621175,0.031185106382621175,0.031185106382621175,0.03087634295308561,0,highway_0,2,1422.7822333727154,1760.7822333727154,,-1030.9036617116085
50.8,llm_0,1763.772434707349,-4.8,29.90201334633604,1000.0,,-0.016648489252266696,-0.016648489252266696,-0.016648489252266696,-0.016648489252266696,-0.016483652725014508,0,highway_0,2,1425.772434707349,1763.772434707349,,-1030.902013346336
50.9,llm_0,1766.7624737726935,-4.8,29.90039065344446,1000.0,,-0.0163891982049722,-0.0163891982049722,-0.0163891982049722,-0.0163891982049722,-0.01622692891579902,0,highway_0,2,1428.7624737726935,1766.7624737726935,,-1030.9003906534444
51.0,llm_0,1769.7523530963151,-4.8,29.89879323621561,1000.0,,-0.01613391401141362,-0.01613391401141362,-0.01613391401141362,-0.01613391401141362,-0.015974172288508726,0,highway_0,2,1431.7523530963151,1769.7523530963151,,-1030.8987932362156
51.1,llm_0,1772.7372819248872,-4.8,29.84928828572056,1000.0,,-0.5,-0.5,-0.5,-0.5,-0.4950495049504866,0,highway_0,2,1434.7372819248872,1772.7372819248872,,-1030.8492882857206
51.2,llm_0,1775.7172602584096,-4.8,29.799783335225513,1000.0,,-0.5,-0.5,-0.5,-0.5,-0.4950495049504866,0,highway_0,2,1437.7172602584096,1775.7172602584096,,-1030.7997833352256
51.3,llm_0,1778.6922880968827,-4.8,29.750278384730464,1000.0,,-0.5,-0.5,-0.5,-0.5,-0.4950495049504866,0,highway_0,2,1440.6922880968827,1778.6922880968827,,-1030.7502783847306
51.4,llm_0,1781.6623654403063,-4.8,29.700773434235415,1000.0,,-0.5,-0.5,-0.5,-0.5,-0.4950495049504866,0,highway_0,2,1443.6623654403063,1781.6623654403063,,-1030.7007734342353
51.5,llm_0,1784.6274922886803,-4.8,29.651268483740367,1000.0,,-0.5,-0.5,-0.5,-0.5,-0.4950495049504866,0,highway_0,2,1446.6274922886803,1784.6274922886803,,-1030.6512684837403
51.6,llm_0,1787.587668642005,-4.8,29.601763533245318,1000.0,,-0.5,-0.5,-0.5,-0.5,-0.4950495049504866,0,highway_0,2,1449.587668642005,1787.587668642005,,-1030.6017635332453
51.7,llm_0,1790.54289450028,-4.8,29.55225858275027,1000.0,,-0.5,-0.5,-0.5,-0.5,-0.4950495049504866,0,highway_0,2,1452.54289450028,1790.54289450028,,-1030.5522585827503
51.8,llm_0,1793.4931698635055,-4.8,29.50275363225522,1000.0,,-0.5,-0.5,-0.5,-0.5,-0.4950495049504866,0,highway_0,2,1455.4931698635055,1793.4931698635055,,-1030.5027536322552
51.9,llm_0,1796.4384947316814,-4.8,29.453248681760172,1000.0,,-0.5,-0.5,-0.5,-0.5,-0.4950495049504866,0,highway_0,2,1458.4384947316814,1796.4384947316814,,-1030.4532486817602
52.0,llm_0,1799.378869104808,-4.8,29.403743731265124,1000.0,,-0.5,-0.5,-0.5,-0.5,-0.4950495049504866,0,highway_0,2,1461.378869104808,1799.378869104808,,-1030.4037437312652
0,llm_1,319.0,-11.200000000000001,23.5,1000.0,,,,,,0,0,highway_0,0,0.0,319.0,,-1024.5
0.1,llm_1,321.351886139659,-11.200000000000001,23.518861396589923,1000.0,,0.19050010555823182,0.19050010555823182,0.19050010555823182,0.19050010555823182,0.18861396589922919,0,highway_0,0,2.3518861396589728,321.351886139659,,-1024.51886139659
0.2,llm_1,323.70552220728945,-11.200000000000001,23.536360676304763,1000.0,,0.17674272511989075,0.17674272511989075,0.17674272511989075,0.17674272511989075,0.17499279714840554,0,highway_0,0,4.705522207289448,323.70552220728945,,-1024.5363606763049
0.3,llm_1,326.0607752023424,-11.200000000000001,23.55252995052987,1000.0,,0.16330966967354799,0.16330966967354799,0.16330966967354799,0.16330966967354799,0.16169274225106278,0,highway_0,0,7.060775202342427,326.0607752023424,,-1024.5525299505298
0.4,llm_1,328.4190485160706,-11.190000000000001,23.58273313728176,1000.0,,0.3050521861941037,0.3050521861941037,0.3050521861941037,0.3050521861941037,0.302031867518906,0,highway_0,0,9.419048516070575,328.4190485160706,,-1024.5827331372818
0.5,llm_1,330.7802244656147,-11.170000000000002,23.611759495441273,1000.0,,0.2931662174110722,0.2931662174110722,0.2931662174110722,0.2931662174110722,0.2902635815951271,0,highway_0,0,11.780224465614708,330.7802244656147,,-1024.6117594954412
0.6,llm_1,333.14418707279896,-11.14,23.639626071842418,1000.0,,0.2814524216515506,0.2814524216515506,0.2814524216515506,0.2814524216515506,0.2786657640114498,0,highway_0,0,14.144187072798957,333.14418707279896,,-1024.6396260718425
0.7,llm_1,335.5108222574349,-11.100000000000001,23.666351846359454,1000.0,,0.2699303226220865,0.2699303226220865,0.2699303226220865,0.2699303226220865,0.2672577451703617,0,highway_0,0,16.51082225743488,335.5108222574349,,-1024.6663518463595
0.8,llm_1,337.88001802954193,-11.05,23.691957721070416,1000.0,,0.2586193345807041,0.2586193345807041,0.2586193345807041,0.2586193345807041,0.25605874710961984,0,highway_0,0,18.88001802954193,337.88001802954193,,-1024.6919577210704
0.9,llm_1,340.2516646796048,-10.99,23.716466500628645,1000.0,,0.24753867353812398,0.24753867353812398,0.24753867353812398,0.24753867353812398,0.2450877955822861,0,highway_0,0,21.2516646796048,340.2516646796048,,-1024.7164665006287
1.0,llm_1,342.6256549659753,-10.920000000000002,23.7399028637051,1000.0,,0.2367072670721817,0.2367072670721817,0.2367072670721817,0.2367072670721817,0.23436363076456246,0,highway_0,0,23.625654965975286,342.6256549659753,,-1024.739902863705
1.1,llm_1,345.00188429851914,-10.840000000000002,23.76229332543875,1000.0,,0.2261436635098607,0.2261436635098607,0.2261436635098607,0.2261436635098607,0.22390461733650113,0,highway_0,0,26.001884298519144,345.00188429851914,,-1024.7622933254388
1.2,llm_1,347.3803503730326,-10.770000000000001,23.784660745134794,1000.0,,0.22591093893002878,0.22591093893002878,0.22591093893002878,0.22591093893002878,0.2236741969604239,0,highway_0,0,28.380350373032627,347.3803503730326,,-1024.7846607451347
1.3,llm_1,349.7611131592266,-10.71,23.807627861940194,1000.0,,0.23196787973454502,0.23196787973454502,0.23196787973454502,0.23196787973454502,0.22967116805400423,0,highway_0,0,30.761113159226625,349.7611131592266,,-1024.80762786194
1.4,llm_1,352.14423075355825,-10.66,23.831175943316353,1000.0,,0.2378356218991915,0.2378356218991915,0.2378356218991915,0.2378356218991915,0.23548081376159047,0,highway_0,0,33.14423075355825,352.14423075355825,,-1024.8311759433163
1.5,llm_1,354.529759443498,-10.610000000000001,23.855286899397644,1000.0,,0.24352065642107112,0.24352065642107112,0.24352065642107112,0.24352065642107112,0.2411095608129088,0,highway_0,0,35.529759443497994,354.529759443498,,-1024.8552868993977
1.6,llm_1,356.9177537688287,-10.57,23.879943253306635,1000.0,,0.24902917448080708,0.24902917448080708,0.24902917448080708,0.24902917448080708,0.24656353908991235,0,highway_0,0,37.917753768828675,356.9177537688287,,-1024.8799432533067
1.7,llm_1,359.3082665801424,-10.540000000000001,23.905128113137486,1000.0,,0.2543670842915784,0.2543670842915784,0.2543670842915784,0.2543670842915784,0.2518485983085128,0,highway_0,0,40.3082665801424,359.3082665801424,,-1024.9051281131374
1.8,llm_1,361.7013490946922,-10.520000000000001,23.930825145497995,1000.0,,0.259540026841126,0.259540026841126,0.259540026841126,0.259540026841126,0.2569703236050813,0,highway_0,0,42.701349094692205,361.7013490946922,,-1024.930825145498
1.9,llm_1,364.0970509497431,-10.510000000000002,23.95701855050889,1000.0,,0.2645533906100429,0.2645533906100429,0.2645533906100429,0.2645533906100429,0.26193405010896953,0,highway_0,0,45.09705094974311,364.0970509497431,,-1024.9570185505088
2.0,llm_1,366.49542025355976,-10.510000000000002,23.983693038166578,1000.0,,0.26941232534263937,0.26941232534263937,0.26941232534263937,0.26941232534263937,0.2667448765768654,0,highway_0,0,47.49542025355976,366.49542025355976,,-1024.9836930381666
2.1,llm_1,368.896503634158,-10.501500000000002,24.010833805982447,1000.0,,0.2741217549402717,0.2741217549402717,0.2741217549402717,0.2741217549402717,0.27140767815868827,0,highway_0,0,49.89650363415802,368.896503634158,,-1025.0108338059824
2.2,llm_1,371.29876520405315,-10.501500000000002,24.022615698951494,1000.0,,0.11899711898739884,0.11899711898739884,0.11899711898739884,0.11899711898739884,0.11781892969047192,0,highway_0,0,52.298765204053154,371.29876520405315,,-1025.0226156989515
2.3,llm_1,373.70213925013115,-10.501500000000002,24.033740460779708,1000.0,,0.11236009446494954,0.11236009446494954,0.11236009446494954,0.11236009446494954,0.11124761828213536,0,highway_0,0,54.702139250131154,373.70213925013115,,-1025.0337404607797
2.4,llm_1,376.10656456084666,-10.501500000000002,24.044253107154898,1000.0,,0.1061777283894233,0.1061777283894233,0.1061777283894233,0.1061777283894233,0.10512646375190116,0,highway_0,0,57.106564560846664,376.10656456084666,,-1025.0442531071549
2.5,llm_1,378.5109898715622,-10.501500000000002,24.044253107154898,1000.0,,0.0,0.0,0.0,0.0,0.0,0,highway_0,0,59.510989871562174,378.5109898715622,,-1025.0442531071549
2.6,llm_1,380.9154151822777,-10.501500000000002,24.044253107154898,1000.0,,0.0,0.0,0.0,0.0,0.0,0,highway_0,0,61.915415182277684,380.9154151822777,,-1025.0442531071549
2.7,llm_1,383.3198404929932,-10.501500000000002,24.044253107154898,1000.0,,0.0,0.0,0.0,0.0,0.0,0,highway_0,0,64.3198404929932,383.3198404929932,,-1025.0442531071549
2.8,llm_1,385.7242658037087,-10.501500000000002,24.044253107154898,1000.0,,0.0,0.0,0.0,0.0,0.0,0,highway_0,0,66.7242658037087,385.7242658037087,,-1025.0442531071549
2.9,llm_1,388.1286911144242,-10.501500000000002,24.044253107154898,1000.0,,0.0,0.0,0.0,0.0,0.0,0,highway_0,0,69.12869111442421,388.1286911144242,,-1025.0442531071549
3.0,llm_1,390.5331164251397,-10.501500000000002,24.044253107154898,1000.0,,0.0,0.0,0.0,0.0,0.0,0,highway_0,0,71.53311642513972,390.5331164251397,,-1025.0442531071549
3.1,llm_1,392.93754173585523,-10.501500000000002,24.044253107154898,1000.0,,0.0,0.0,0.0,0.0,0.0,0,highway_0,0,73.93754173585523,392.93754173585523,,-1025.0442531071549
3.2,llm_1,395.34196704657074,-10.501500000000002,24.044253107154898,1000.0,,0.0,0.0,0.0,0.0,0.0,0,highway_0,0,76.34196704657074,395.34196704657074,,-1025.0442531071549
3.3,llm_1,397.74639235728625,-10.501500000000002,24.044253107154898,1000.0,,0.0,0.0,0.0,0.0,0.0,0,highway_0,0,78.74639235728625,397.74639235728625,,-1025.0442531071549
3.4,llm_1,400.15081766800176,-10.501500000000002,24.044253107154898,1000.0,,0.0,0.0,0.0,0.0,0.0,0,highway_0,0,81.15081766800176,400.15081766800176,,-1025.0442531071549
3.5,llm_1,402.5552429787173,-10.501500000000002,24.044253107154898,1000.0,,0.0,0.0,0.0,0.0,0.0,0,highway_0,0,83.55524297871727,402.5552429787173,,-1025.0442531071549
3.6,llm_1,404.9596682894328,-10.501500000000002,24.044253107154898,1000.0,,0.0,0.0,0.0,0.0,0.0,0,highway_0,0,85.95966828943278,404.9596682894328,,-1025.0442531071549
3.7,llm_1,407.3640936001483,-10.501500000000002,24.044253107154898,1000.0,,0.0,0.0,0.0,0.0,0.0,0,highway_0,0,88.3640936001483,407.3640936001483,,-1025.0442531071549
3.8,llm_1,409.7685189108638,-10.501500000000002,24.044253107154898,1000.0,,0.0,0.0,0.0,0.0,0.0,0,highway_0,0,90.7685189108638,409.7685189108638,,-1025.0442531071549
3.9,llm_1,412.1729442215793,-10.501500000000002,24.044253107154898,1000.0,,0.0,0.0,0.0,0.0,0.0,0,highway_0,0,93.17294422157931,412.1729442215793,,-1025.0442531071549
4.0,llm_1,414.5773695322948,-10.501500000000002,24.044253107154898,1000.0,,0.0,0.0,0.0,0.0,0.0,0,highway_0,0,95.57736953229482,414.5773695322948,,-1025.0442531071549
4.1,llm_1,416.98179484301033,-10.501500000000002,24.044253107154898,1000.0,,0.0,0.0,0.0,0.0,0.0,0,highway_0,0,97.98179484301033,416.98179484301033,,-1025.0442531071549
4.2,llm_1,419.38622015372584,-10.501500000000002,24.044253107154898,1000.0,,0.0,0.0,0.0,0.0,0.0,0,highway_0,0,100.38622015372584,419.38622015372584,,-1025.0442531071549
4.3,llm_1,421.79064546444135,-10.501500000000002,24.044253107154898,1000.0,,0.0,0.0,0.0,0.0,0.0,0,highway_0,0,102.79064546444135,421.79064546444135,,-1025.0442531071549
4.4,llm_1,424.19507077515686,-10.501500000000002,24.044253107154898,1000.0,,0.0,0.0,0.0,0.0,0.0,0,highway_0,0,105.19507077515686,424.19507077515686,,-1025.0442531071549
4.5,llm_1,426.5994960858724,-10.501500000000002,24.044253107154898,1000.0,,0.0,0.0,0.0,0.0,0.0,0,highway_0,0,107.59949608587237,426.5994960858724,,-1025.0442531071549
4.6,llm_1,429.0039213965879,-10.501500000000002,24.044253107154898,1000.0,,0.0,0.0,0.0,0.0,0.0,0,highway_0,0,110.00392139658788,429.0039213965879,,-1025.0442531071549
4.7,llm_1,431.4083467073034,-10.501500000000002,24.044253107154898,1000.0,,0.0,0.0,0.0,0.0,0.0,0,highway_0,0,112.4083467073034,431.4083467073034,,-1025.0442531071549
4.8,llm_1,433.8127720180189,-10.501500000000002,24.044253107154898,1000.0,,0.0,0.0,0.0,0.0,0.0,0,highway_0,0,114.8127720180189,433.8127720180189,,-1025.0442531071549
4.9,llm_1,436.2171973287344,-10.501500000000002,24.044253107154898,1000.0,,0.0,0.0,0.0,0.0,0.0,0,highway_0,0,117.21719732873441,436.2171973287344,,-1025.0442531071549
5.0,llm_1,438.6216226394499,-10.501500000000002,24.044253107154898,1000.0,,0.0,0.0,0.0,0.0,0.0,0,highway_0,0,119.62162263944992,438.6216226394499,,-1025.0442531071549
5.1,llm_1,441.02604795016543,-10.501500000000002,24.044253107154898,1000.0,,0.0,0.0,0.0,0.0,0.0,0,highway_0,0,122.02604795016543,441.02604795016543,,-1025.0442531071549
5.2,llm_1,443.43047326088094,-10.501500000000002,24.044253107154898,1000.0,,0.0,0.0,0.0,0.0,0.0,0,highway_0,0,124.43047326088094,443.43047326088094,,-1025.0442531071549
5.3,llm_1,445.83489857159645,-10.501500000000002,24.044253107154898,1000.0,,0.0,0.0,0.0,0.0,0.0,0,highway_0,0,126.83489857159645,445.83489857159645,,-1025.0442531071549
5.4,llm_1,448.23932388231196,-10.501500000000002,24.044253107154898,1000.0,,0.0,0.0,0.0,0.0,0.0,0,highway_0,0,129.23932388231196,448.23932388231196,,-1025.0442531071549
5.5,llm_1,450.6437491930274,-10.501500000000002,24.044253107154898,1000.0,,0.0,0.0,0.0,0.0,0.0,0,highway_0,0,131.64374919302747,450.6437491930275,,-1025.0442531071549
5.6,llm_1,453.0481745037429,-10.501500000000002,24.044253107154898,1000.0,,0.0,0.0,0.0,0.0,0.0,0,highway_0,0,134.04817450374298,453.048174503743,,-1025.0442531071549
5.7,llm_1,455.45259981445844,-10.501500000000002,24.044253107154898,1000.0,,0.0,0.0,0.0,0.0,0.0,0,highway_0,0,136.4525998144585,455.4525998144585,,-1025.0442531071549
5.8,llm_1,457.85702512517395,-10.501500000000002,24.044253107154898,1000.0,,0.0,0.0,0.0,0.0,0.0,0,highway_0,0,138.857025125174,457.857025125174,,-1025.0442531071549
5.9,llm_1,460.26145043588957,-10.501500000000002,24.044253107154898,1000.0,,0.0,0.0,0.0,0.0,0.0,0,highway_0,0,141.26145043588951,460.2614504358895,,-1025.0442531071549
6.0,llm_1,462.6658757466051,-10.501500000000002,24.044253107154898,1000.0,,0.0,0.0,0.0,0.0,0.0,0,highway_0,0,143.66587574660502,462.665875746605,,-1025.0442531071549
6.1,llm_1,465.0703010573206,-10.501500000000002,24.044253107154898,1000.0,,0.0,0.0,0.0,0.0,0.0,0,highway_0,0,146.07030105732053,465.07030105732053,,-1025.0442531071549
6.2,llm_1,467.4747263680361,-10.501500000000002,24.044253107154898,1000.0,,0.0,0.0,0.0,0.0,0.0,0,highway_0,0,148.47472636803604,467.47472636803604,,-1025.0442531071549
6.3,llm_1,469.8791516787516,-10.501500000000002,24.044253107154898,1000.0,,0.0,0.0,0.0,0.0,0.0,0,highway_0,0,150.87915167875155,469.87915167875155,,-1025.0442531071549
6.4,llm_1,472.2835769894671,-10.501500000000002,24.044253107154898,1000.0,,0.0,0.0,0.0,0.0,0.0,0,highway_0,0,153.28357698946706,472.28357698946706,,-1025.0442531071549
6.5,llm_1,474.68800230018263,-10.501500000000002,24.044253107154898,1000.0,,0.0,0.0,0.0,0.0,0.0,0,highway_0,0,155.68800230018257,474.6880023001826,,-1025.0442531071549
6.6,llm_1,477.09242761089814,-10.501500000000002,24.044253107154898,1000.0,,0.0,0.0,0.0,0.0,0.0,0,highway_0,0,158.09242761089808,477.0924276108981,,-1025.0442531071549
6.7,llm_1,479.49685292161365,-10.501500000000002,24.044253107154898,1000.0,,0.0,0.0,0.0,0.0,0.0,0,highway_0,0,160.4968529216136,479.4968529216136,,-1025.0442531071549
6.8,llm_1,481.9012782323291,-10.501500000000002,24.044253107154898,1000.0,,0.0,0.0,0.0,0.0,0.0,0,highway_0,0,162.9012782323291,481.9012782323291,,-1025.0442531071549
6.9,llm_1,484.3057035430446,-10.501500000000002,24.044253107154898,1000.0,,0.0,0.0,0.0,0.0,0.0,0,highway_0,0,165.30570354304461,484.3057035430446,,-1025.0442531071549
7.0,llm_1,486.7101288537601,-10.501500000000002,24.044253107154898,1000.0,,0.0,0.0,0.0,0.0,0.0,0,highway_0,0,167.71012885376012,486.7101288537601,,-1025.0442531071549
7.1,llm_1,489.11455416447563,-10.501500000000002,24.044253107154898,1000.0,,0.0,0.0,0.0,0.0,0.0,0,highway_0,0,170.11455416447563,489.11455416447563,,-1025.0442531071549
7.2,llm_1,491.51897947519114,-10.501500000000002,24.044253107154898,1000.0,,0.0,0.0,0.0,0.0,0.0,0,highway_0,0,172.51897947519114,491.51897947519114,,-1025.0442531071549
7.3,llm_1,493.92340478590665,-10.501500000000002,24.044253107154898,1000.0,,0.0,0.0,0.0,0.0,0.0,0,highway_0,0,174.92340478590665,493.92340478590665,,-1025.0442531071549
7.4,llm_1,496.32783009662217,-10.501500000000002,24.044253107154898,1000.0,,0.0,0.0,0.0,0.0,0.0,0,highway_0,0,177.32783009662217,496.32783009662217,,-1025.0442531071549
7.5,llm_1,498.7322554073377,-10.501500000000002,24.044253107154898,1000.0,,0.0,0.0,0.0,0.0,0.0,0,highway_0,0,179.73225540733768,498.7322554073377,,-1025.0442531071549
7.6,llm_1,501.1366807180532,-10.501500000000002,24.044253107154898,1000.0,,0.0,0.0,0.0,0.0,0.0,0,highway_0,0,182.13668071805319,501.1366807180532,,-1025.0442531071549
7.7,llm_1,503.5411060287687,-10.501500000000002,24.044253107154898,1000.0,,0.0,0.0,0.0,0.0,0.0,0,highway_0,0,184.5411060287687,503.5411060287687,,-1025.0442531071549
7.8,llm_1,505.9455313394842,-10.501500000000002,24.044253107154898,1000.0,,0.0,0.0,0.0,0.0,0.0,0,highway_0,0,186.9455313394842,505.9455313394842,,-1025.0442531071549
7.9,llm_1,508.3499566501997,-10.501500000000002,24.044253107154898,1000.0,,0.0,0.0,0.0,0.0,0.0,0,highway_0,0,189.34995665019972,508.3499566501997,,-1025.0442531071549
8.0,llm_1,510.7543819609152,-10.501500000000002,24.044253107154898,1000.0,,0.0,0.0,0.0,0.0,0.0,0,highway_0,0,191.75438196091523,510.7543819609152,,-1025.0442531071549
8.1,llm_1,513.1588072716307,-10.501500000000002,24.044253107154898,1000.0,,0.0,0.0,0.0,0.0,0.0,0,highway_0,0,194.15880727163074,513.1588072716307,,-1025.0442531071549
8.2,llm_1,515.5632325823462,-10.501500000000002,24.044253107154898,1000.0,,0.0,0.0,0.0,0.0,0.0,0,highway_0,0,196.56323258234625,515.5632325823462,,-1025.0442531071549
8.3,llm_1,517.9723004085071,-10.501500000000002,24.090678261608268,1000.0,,0.46889405997905254,0.46889405997905254,0.46889405997905254,0.46889405997905254,0.46425154453370254,0,highway_0,0,198.97230040850707,517.9723004085071,,-1025.0906782616082
8.4,llm_1,520.3860689922666,-10.501500000000002,24.137685837595484,1000.0,,0.47477651747087446,0.47477651747087446,0.47477651747087446,0.47477651747087446,0.47007575987215944,0,highway_0,0,201.3860689922666,520.3860689922666,,-1025.1376858375954
8.5,llm_1,522.8045947373706,-10.501500000000002,24.18525745104025,1000.0,,0.4804732957921699,0.4804732957921699,0.4804732957921699,0.4804732957921699,0.4757161344476657,0,highway_0,0,203.80459473737062,522.8045947373706,,-1025.1852574510403
8.6,llm_1,525.227932245514,-10.501500000000002,24.233375081433834,1000.0,,0.48598806697518937,0.48598806697518937,0.48598806697518937,0.48598806697518937,0.48117630393583966,0,highway_0,0,206.227932245514,525.227932245514,,-1025.233375081434
8.7,llm_1,527.6561343522231,-10.501500000000002,24.282021067091232,1000.0,,0.49132445513972556,0.49132445513972556,0.49132445513972556,0.49132445513972556,0.4864598565739797,0,highway_0,0,208.65613435222315,527.6561343522231,,-1025.2820210670911
8.8,llm_1,530.0892521622036,-10.501500000000002,24.331178099804124,1000.0,,0.4964860304002019,0.4964860304002019,0.4964860304002019,0.4964860304002019,0.4915703271289118,0,highway_0,0,211.0892521622036,530.0892521622036,,-1025.3311780998042
8.9,llm_1,532.5273350841004,-10.501500000000002,24.38082921896755,1000.0,,0.5014763035505889,0.5014763035505889,0.5014763035505889,0.5014763035505889,0.49651119163424795,0,highway_0,0,213.5273350841004,532.5273350841004,,-1025.3808292189676
9.0,llm_1,534.9704308646254,-10.501500000000002,24.43095780525056,1000.0,,0.5062987214584076,0.5062987214584076,0.5062987214584076,0.5062987214584076,0.5012858628301231,0,highway_0,0,215.97043086462543,534.9704308646254,,-1025.4309578052505
9.1,llm_1,537.4185856220129,-10.501500000000002,24.481547573874714,1000.0,,0.5109566631039697,0.5109566631039697,0.5109566631039697,0.5109566631039697,0.5058976862415321,0,highway_0,0,218.41858562201287,537.4185856220129,,-1025.4815475738746
9.2,llm_1,539.8718438787687,-10.501500000000002,24.532582567558435,1000.0,,0.515453436205616,0.515453436205616,0.515453436205616,0.515453436205616,0.5103499368372155,0,highway_0,0,220.8718438787687,539.8718438787687,,-1025.5325825675584
9.3,llm_1,542.3302485936866,-10.501500000000002,24.58404714917984,1000.0,,0.5197922743761562,0.5197922743761562,0.5197922743761562,0.5197922743761562,0.5146458162140277,0,highway_0,0,223.33024859368663,542.3302485936866,,-1025.58404714918
9.4,llm_1,544.7938411931071,-10.501500000000002,24.635925994205554,1000.0,,0.5239763347597363,0.5239763347597363,0.5239763347597363,0.5239763347597363,0.5187884502571549,0,highway_0,0,225.79384119310714,544.7938411931071,,-1025.6359259942055
9.5,llm_1,547.2629224386105,-10.501500000000002,24.690812455033857,1000.0,,0.5543532543658655,0.5543532543658655,0.5543532543658655,0.5543532543658655,0.5488646082830329,0,highway_0,0,228.26292243861053,547.2629224386105,,-1025.690812455034
9.6,llm_1,549.7374774962699,-10.501500000000002,24.745550576593303,1000.0,,0.5528550277503756,0.5528550277503756,0.5528550277503756,0.5528550277503756,0.5473812155944557,0,highway_0,0,230.7374774962699,549.7374774962699,,-1025.7455505765934
9.7,llm_1,552.2174914269996,-10.501500000000002,24.800139307296547,1000.0,,0.5513461801027871,0.5513461801027871,0.5513461801027871,0.5513461801027871,0.5458873070324444,0,highway_0,0,233.21749142699957,552.2174914269996,,-1025.8001393072966
9.8,llm_1,554.7029491873384,-10.501500000000002,24.854577603388247,1000.0,,0.5498267905261827,0.5498267905261827,0.5498267905261827,0.5498267905261827,0.5443829609169981,0,highway_0,0,235.7029491873384,554.7029491873384,,-1025.8545776033882
9.9,llm_1,557.1938356302438,-10.501500000000002,24.908864429054596,1000.0,,0.5482969392301236,0.5482969392301236,0.5482969392301236,0.5482969392301236,0.542868256663489,0,highway_0,0,238.19383563024383,557.1938356302438,,-1025.9088644290546
10.0,llm_1,559.6901355058972,-10.501500000000002,24.962998756533057,1000.0,,0.5467567075324484,0.5467567075324484,0.5467567075324484,0.5467567075324484,0.5413432747846159,0,highway_0,0,240.69013550589716,559.6901355058972,,-1025.9629987565331
10.1,llm_1,562.1918334625194,-10.501500000000002,25.016979566222208,1000.0,,0.5452061778604387,0.5452061778604387,0.5452061778604387,0.5452061778604387,0.5398080968915053,0,highway_0,0,243.1918334625194,562.1918334625194,,-1026.0169795662223
10.2,llm_1,564.6989140471986,-10.501500000000002,25.07080584679165,1000.0,,0.5436454337513514,0.5436454337513514,0.5436454337513514,0.5436454337513514,0.5382628056944228,0,highway_0,0,245.69891404719863,564.6989140471986,,-1026.0708058467917
10.3,llm_1,567.2113617067279,-10.501500000000002,25.12447659529188,1000.0,,0.542074559852328,0.542074559852328,0.542074559852328,0.542074559852328,0.5367074850023101,0,highway_0,0,248.21136170672787,567.2113617067279,,-1026.124476595292
10.4,llm_1,569.7291607884542,-10.501500000000002,25.177990817264128,1000.0,,0.5404936419196774,0.5404936419196774,0.5404936419196774,0.5404936419196774,0.5351422197224665,0,highway_0,0,250.72916078845424,569.7291607884542,,-1026.1779908172641
10.5,llm_1,572.2522955411392,-10.501500000000002,25.231347526850026,1000.0,,0.5389027668175415,0.5389027668175415,0.5389027668175415,0.5389027668175415,0.5335670958589844,0,highway_0,0,253.25229554113923,572.2522955411392,,-1026.23134752685
10.6,llm_1,574.7807501158294,-10.501500000000002,25.28454574690111,1000.0,,0.5373020225159455,0.5373020225159455,0.5373020225159455,0.5373020225159455,0.5319822005108321,0,highway_0,0,255.7807501158294,574.7807501158294,,-1026.2845457469011
10.7,llm_1,577.3145085667383,-10.501500000000002,25.337584509088064,1000.0,,0.5356914980882366,0.5356914980882366,0.5356914980882366,0.5356914980882366,0.5303876218695436,0,highway_0,0,258.31450856673825,577.3145085667383,,-1026.3375845090882
10.8,llm_1,579.8535548521393,-10.501500000000002,25.39046285400964,1000.0,,0.5340712837079155,0.5340712837079155,0.5340712837079155,0.5340712837079155,0.5287834492157728,0,highway_0,0,260.85355485213927,579.8535548521393,,-1026.3904628540097
10.9,llm_1,582.3978728352694,-10.501500000000002,25.44317983130121,1000.0,,0.5324414706448675,0.5324414706448675,0.5324414706448675,0.5324414706448675,0.5271697729157054,0,highway_0,0,263.39787283526937,582.3978728352694,,-1026.4431798313012
11.0,llm_1,584.9474462852437,-10.501500000000002,25.49573449974289,1000.0,,0.5308021512609945,0.5308021512609945,0.5308021512609945,0.5308021512609945,0.5255466844167955,0,highway_0,0,265.9474462852437,584.9474462852437,,-1026.4957344997429
11.1,llm_1,587.5022588779805,-10.501500000000002,25.548125927367174,1000.0,,0.5291534190052548,0.5291534190052548,0.5291534190052548,0.5291534190052548,0.5239142762428273,0,highway_0,0,268.50225887798047,587.5022588779805,,-1026.5481259273672
11.2,llm_1,590.062294197137,-10.501500000000002,25.600353191565997,1000.0,,0.5274953684081152,0.5274953684081152,0.5274953684081152,0.5274953684081152,0.5222726419882306,0,highway_0,0,271.062294197137,590.062294197137,,-1026.600353191566
11.3,llm_1,592.6275357350568,-10.501500000000002,25.652415379197226,1000.0,,0.5258280950754197,0.5258280950754197,0.5258280950754197,0.5258280950754197,0.5206218763122905,0,highway_0,0,273.62753573505677,592.6275357350568,,-1026.6524153791972
11.4,llm_1,595.1979668937258,-10.501500000000002,25.704311586690462,1000.0,,0.5241516956816832,0.5241516956816832,0.5241516956816832,0.5241516956816832,0.5189620749323609,0,highway_0,0,276.19796689372583,595.1979668937258,,-1026.7043115866904
11.5,llm_1,597.773570985741,-10.501500000000002,25.756040920152124,1000.0,,0.5224662679628089,0.5224662679628089,0.5224662679628089,0.5224662679628089,0.5172933346166175,0,highway_0,0,278.773570985741,597.773570985741,,-1026.7560409201521
11.6,llm_1,600.354331235288,-10.501500000000002,25.807602495469773,1000.0,,0.5207719107082465,0.5207719107082465,0.5207719107082465,0.5207719107082465,0.5156157531764904,0,highway_0,0,281.354331235288,600.354331235288,,-1026.8076024954698
11.7,llm_1,602.9402307791296,-10.501500000000002,25.858995438415572,1000.0,,0.5190687237525821,0.5190687237525821,0.5190687237525821,0.5190687237525821,0.5139294294579955,0,highway_0,0,283.9402307791296,602.9402307791296,,-1026.8589954384156
11.8,llm_1,605.5312526676045,-10.501500000000002,25.910218884748897,1000.0,,0.5173568079665812,0.5173568079665812,0.5173568079665812,0.5173568079665812,0.5122344633332432,0,highway_0,0,286.53125266760446,605.5312526676045,,-1026.910218884749
11.9,llm_1,608.1273798656363,-10.501500000000002,25.961271980317974,1000.0,,0.5156362652476807,0.5156362652476807,0.5156362652476807,0.5156362652476807,0.5105309556907756,0,highway_0,0,289.12737986563627,608.1273798656363,,-1026.961271980318
12.0,llm_1,610.7285952537524,-10.501500000000002,26.01215388116054,1000.0,,0.5139071985099379,0.5139071985099379,0.5139071985099379,0.5139071985099379,0.5088190084256539,0,highway_0,0,291.72859525375236,610.7285952537524,,-1027.0121538811604
12.1,llm_1,613.3348816291127,-10.501500000000002,26.062863753603455,1000.0,,0.51216971167345,0.51216971167345,0.51216971167345,0.51216971167345,0.5070987244291558,0,highway_0,0,294.3348816291127,613.3348816291127,,-1027.0628637536036
12.2,llm_1,615.9462217065488,-10.501500000000002,26.113400774361203,1000.0,,0.5104239096532392,0.5104239096532392,0.5104239096532392,0.5104239096532392,0.505370207577478,0,highway_0,0,296.94622170654884,615.9462217065488,,-1027.1134007743613
12.3,llm_1,618.5625981196122,-10.501500000000002,26.163764130633247,1000.0,,0.5086698983476226,0.5086698983476226,0.5086698983476226,0.5086698983476226,0.503633562720438,0,highway_0,0,299.5625981196122,618.5625981196122,,-1027.1637641306334
12.4,llm_1,621.1839934216322,-10.501500000000002,26.213953020200183,1000.0,,0.5069077846260677,0.5069077846260677,0.5069077846260677,0.5069077846260677,0.5018888956693601,0,highway_0,0,302.1839934216322,621.1839934216322,,-1027.2139530202003
12.5,llm_1,623.8103900867841,-10.501500000000002,26.26396665151865,1000.0,,0.5051376763165385,0.5051376763165385,0.5051376763165385,0.5051376763165385,0.5001363131846759,0,highway_0,0,304.8103900867841,623.8103900867841,,-1027.2639666515186
12.6,llm_1,626.4417705111656,-10.501500000000002,26.31380424381492,1000.0,,0.503359682192347,0.503359682192347,0.503359682192347,0.503359682192347,0.4983759229627083,0,highway_0,0,307.4417705111656,626.4417705111656,,-1027.313804243815
12.7,llm_1,629.0781170138833,-10.501500000000002,26.363465027177153,1000.0,,0.5015739119585132,0.5015739119585132,0.5015739119585132,0.5015739119585132,0.4966078336223134,0,highway_0,0,310.07811701388334,629.0781170138833,,-1027.3634650271772
12.8,llm_1,631.719411838148,-10.501500000000002,26.412948242646227,1000.0,,0.49978047623764166,0.49978047623764166,0.49978047623764166,0.49978047623764166,0.4948321546907408,0,highway_0,0,312.71941183814795,631.719411838148,,-1027.4129482426463
12.9,llm_1,634.3656371523784,-10.501500000000002,26.462253142305173,1000.0,,0.49797948655532676,0.49797948655532676,0.49797948655532676,0.49797948655532676,0.493048996589458,0,highway_0,0,315.36563715237844,634.3656371523784,,-1027.4622531423051
13.0,llm_1,637.0167750513151,-10.501500000000002,26.511378989367063,1000.0,,0.4961710553250883,0.4961710553250883,0.4961710553250883,0.4961710553250883,0.49125847061890937,0,highway_0,0,318.0167750513151,637.0167750513151,,-1027.5113789893671
13.1,llm_1,639.6728075571413,-10.501500000000002,26.560325058261405,1000.0,,0.49435529583285287,0.49435529583285287,0.49435529583285287,0.49435529583285287,0.4894606889434172,0,highway_0,0,320.67280755714125,639.6728075571413,,-1027.5603250582615
13.2,llm_1,642.3337166206131,-10.501500000000002,26.609090634718928,1000.0,,0.4925323222209863,0.4925323222209863,0.4925323222209863,0.4925323222209863,0.48765576457522997,0,highway_0,0,323.33371662061313,642.3337166206131,,-1027.609090634719
13.3,llm_1,644.9994841221986,-10.501500000000002,26.65767501585476,1000.0,,0.4907022494718868,0.4907022494718868,0.4907022494718868,0.4907022494718868,0.4858438113583219,0,highway_0,0,325.9994841221986,644.9994841221986,,-1027.6576750158547
13.4,llm_1,647.6700918732237,-10.501500000000002,26.706077510249923,1000.0,,0.4888651933911472,0.4888651933911472,0.4888651933911472,0.4888651933911472,0.4840249439516242,0,highway_0,0,328.67009187322367,647.6700918732237,,-1027.70607751025
13.5,llm_1,650.3455216170267,-10.501500000000002,26.75429743803114,1000.0,,0.4870212705903,0.4870212705903,0.4870212705903,0.4870212705903,0.4821992778121853,0,highway_0,0,331.34552161702675,650.3455216170267,,-1027.7542974380312
13.6,llm_1,653.0257550301217,-10.501500000000002,26.80233413094888,1000.0,,0.48517059846914523,0.48517059846914523,0.48517059846914523,0.48517059846914523,0.48036692917737156,0,highway_0,0,334.0257550301217,653.0257550301217,,-1027.8023341309488
13.7,llm_1,655.7107737233671,-10.501500000000002,26.8501869324536,1000.0,,0.4833132951976824,0.4833132951976824,0.4833132951976824,0.4833132951976824,0.47852801504721043,0,highway_0,0,336.7107737233671,655.7107737233671,,-1027.8501869324537
13.8,llm_1,658.4005592431441,-10.501500000000002,26.8978551977702,1000.0,,0.4814494796976495,0.4814494796976495,0.4814494796976495,0.4814494796976495,0.47668265316598735,0,highway_0,0,339.40055924314413,658.4005592431441,,-1027.8978551977702
13.9,llm_1,661.0950930725412,-10.501500000000002,26.945338293970565,1000.0,,0.47957927162367797,0.47957927162367797,0.47957927162367797,0.47957927162367797,0.47483096200366504,0,highway_0,0,342.0950930725412,661.0950930725412,,-1027.9453382939705
14.0,llm_1,663.7943566325456,-10.501500000000002,26.992635600044235,1000.0,,0.47770279134407967,0.47770279134407967,0.47770279134407967,0.47770279134407967,0.47297306073669887,0,highway_0,0,344.7943566325456,663.7943566325456,,-1027.9926356000442
14.1,llm_1,666.4983312832424,-10.501500000000002,27.039746506967134,1000.0,,0.47582015992127225,0.47582015992127225,0.47582015992127225,0.47582015992127225,0.4711090692289943,0,highway_0,0,347.49833128324235,666.4983312832424,,-1028.039746506967
14.2,llm_1,669.2069983250192,-10.501500000000002,27.08667041776831,1000.0,,0.47393149909185195,0.47393149909185195,0.47393149909185195,0.47393149909185195,0.46923910801176305,0,highway_0,0,350.2069983250192,669.2069983250192,,-1028.0866704177683
14.3,llm_1,671.9203389997787,-10.501500000000002,27.13340674759468,1000.0,,0.4720369312463285,0.4720369312463285,0.4720369312463285,0.4720369312463285,0.4673632982636988,0,highway_0,0,352.92033899977866,671.9203389997787,,-1028.1334067475948
14.4,llm_1,674.638334492156,-10.501500000000002,27.179954923773742,1000.0,,0.4701365794085327,0.4701365794085327,0.4701365794085327,0.4701365794085327,0.4654817617906204,0,highway_0,0,355.638334492156,674.638334492156,,-1028.1799549237737
14.5,llm_1,677.3609659307434,-10.501500000000002,27.22631438587421,1000.0,,0.4682305672147026,0.4682305672147026,0.4682305672147026,0.4682305672147026,0.4635946210046882,0,highway_0,0,358.3609659307434,677.3609659307434,,-1028.2263143858743
14.6,llm_1,680.0882143893199,-10.501500000000002,27.272484585764534,1000.0,,0.4663190188922631,0.4663190188922631,0.4663190188922631,0.4663190188922631,0.46170199890323005,0,highway_0,0,361.0882143893199,680.0882143893199,,-1028.2724845857645
14.7,llm_1,682.8200608880868,-10.501500000000002,27.31846498766932,1000.0,,0.46440205923831424,0.46440205923831424,0.46440205923831424,0.46440205923831424,0.4598040190478514,0,highway_0,0,363.8200608880868,682.8200608880868,,-1028.3184649876694
14.8,llm_1,685.5564863949091,-10.501500000000002,27.36425506822356,1000.0,,0.46247981359782875,0.46247981359782875,0.46247981359782875,0.46247981359782875,0.4579008055424083,0,highway_0,0,366.55648639490914,685.5564863949091,,-1028.3642550682237
14.9,llm_1,688.2974718265616,-10.501500000000002,27.409854316524708,1000.0,,0.46055240784158147,0.46055240784158147,0.46055240784158147,0.46055240784158147,0.4559924830114781,0,highway_0,0,369.2974718265616,688.2974718265616,,-1028.4098543165246
15.0,llm_1,691.0429980499798,-10.501500000000002,27.455262234182513,1000.0,,0.4586199683438139,0.4586199683438139,0.4586199683438139,0.4586199683438139,0.4540791765780483,0,highway_0,0,372.0429980499798,691.0429980499798,,-1028.4552622341826
15.1,llm_1,693.7930458835165,-10.501500000000002,27.500478335366637,1000.0,,0.4566826219596517,0.4566826219596517,0.4566826219596517,0.4566826219596517,0.45216101184124113,0,highway_0,0,374.79304588351647,693.7930458835165,,-1028.5004783353666
15.2,llm_1,696.5475960982017,-10.501500000000002,27.54550214685201,1000.0,,0.45474049600228117,0.45474049600228117,0.45474049600228117,0.45474049600228117,0.45023811485371823,0,highway_0,0,377.54759609820167,696.5475960982017,,-1028.545502146852
15.3,llm_1,699.3066294190079,-10.501500000000002,27.5903332080619,1000.0,,0.452793718219901,0.452793718219901,0.452793718219901,0.452793718219901,0.44831061209890777,0,highway_0,0,380.3066294190079,699.3066294190079,,-1028.5903332080618
15.4,llm_1,702.0701265261188,-10.501500000000002,27.634971071108676,1000.0,,0.4508424167724595,0.4508424167724595,0.4508424167724595,0.4508424167724595,0.4463786304677697,0,highway_0,0,383.07012652611877,702.0701265261188,,-1028.6349710711086
15.5,llm_1,704.838068056202,-10.501500000000002,27.679415300832257,1000.0,,0.4488867202081873,0.4488867202081873,0.4488867202081873,0.4488867202081873,0.44444229723580975,0,highway_0,0,385.838068056202,704.838068056202,,-1028.6794153008323
15.6,llm_1,707.6104346036857,-10.501500000000002,27.723665474836213,1000.0,,0.44692675743994204,0.44692675743994204,0.44692675743994204,0.44692675743994204,0.44250174003956033,0,highway_0,0,388.6104346036857,707.6104346036857,,-1028.7236654748363
15.7,llm_1,710.3872067220378,-10.501500000000002,27.767721183521495,1000.0,,0.444962657721372,0.444962657721372,0.444962657721372,0.444962657721372,0.44055708685281303,0,highway_0,0,391.38720672203783,710.3872067220378,,-1028.7677211835214
15.8,llm_1,713.1683649250496,-10.501500000000002,27.811582030117822,1000.0,,0.4429945506229144,0.4429945506229144,0.4429945506229144,0.4429945506229144,0.4386084659632772,0,highway_0,0,394.16836492504956,713.1683649250496,,-1028.8115820301177
15.9,llm_1,715.9538896881209,-10.501500000000002,27.855247630712636,1000.0,,0.4410225660076402,0.4410225660076402,0.4410225660076402,0.4410225660076402,0.43665600594813725,0,highway_0,0,396.95388968812085,715.9538896881209,,-1028.8552476307127
16.0,llm_1,718.7437614495486,-10.501500000000002,27.89871761427768,1000.0,,0.43904683400695266,0.43904683400695266,0.43904683400695266,0.43904683400695266,0.43469983565042725,0,highway_0,0,399.74376144954863,718.7437614495486,,-1028.8987176142778
16.1,llm_1,721.537960611818,-10.501500000000002,27.94199162269314,1000.0,,0.43706748499616044,0.43706748499616044,0.43706748499616044,0.43706748499616044,0.4327400841546236,0,highway_0,0,402.537960611818,721.537960611818,,-1028.9419916226932
16.2,llm_1,724.336467542895,-10.501500000000002,27.985069310769372,1000.0,,0.43508464956993087,0.43508464956993087,0.43508464956993087,0.43508464956993087,0.43077688076230913,0,highway_0,0,405.336467542895,724.336467542895,,-1028.9850693107694
16.3,llm_1,727.1392625775215,-10.501500000000002,28.027950346266167,1000.0,,0.4330984585176365,0.4330984585176365,0.4330984585176365,0.4330984585176365,0.4288103549679434,0,highway_0,0,408.13926257752155,727.1392625775215,,-1029.0279503462662
16.4,llm_1,729.9463260185125,-10.501500000000002,28.070634409909594,1000.0,,0.43110904279860895,0.43110904279860895,0.43110904279860895,0.43110904279860895,0.42684063643427805,0,highway_0,0,410.94632601851254,729.9463260185125,,-1029.0706344099096
16.5,llm_1,732.7576381380532,-10.501500000000002,28.113121195406357,1000.0,,0.4291165335173124,0.4291165335173124,0.4291165335173124,0.4291165335173124,0.4248678549676299,0,highway_0,0,413.75763813805315,732.7576381380532,,-1029.1131211954064
16.6,llm_1,735.5731791789988,-10.501500000000002,28.15541040945571,1000.0,,0.42712106189844656,0.42712106189844656,0.42712106189844656,0.42712106189844656,0.4228921404935093,0,highway_0,0,416.57317917899877,735.5731791789988,,-1029.1554104094557
16.7,llm_1,738.3929293561747,-10.501500000000002,28.197501771758876,1000.0,,0.4251227592619923,0.4251227592619923,0.4251227592619923,0.4251227592619923,0.4209136230316801,0,highway_0,0,419.3929293561747,738.3929293561747,,-1029.1975017717589
16.8,llm_1,741.2168688576774,-10.501500000000002,28.239395015026023,1000.0,,0.42312175699821575,0.42312175699821575,0.42312175699821575,0.42312175699821575,0.4189324326714683,0,highway_0,0,422.21686885767735,741.2168688576774,,-1029.239395015026
16.9,llm_1,744.0449778461755,-10.501500000000002,28.281089884980737,1000.0,,0.4211181865426349,0.4211181865426349,0.4211181865426349,0.4211181865426349,0.41694869954714164,0,highway_0,0,425.04497784617547,744.0449778461755,,-1029.2810898849807
17.0,llm_1,746.8772364602116,-10.501500000000002,28.322586140362024,1000.0,,0.41911217935096634,0.41911217935096634,0.41911217935096634,0.41911217935096634,0.4149625538128632,0,highway_0,0,427.87723646021163,746.8772364602116,,-1029.322586140362
17.1,llm_1,749.713624815504,-10.501500000000002,28.363883552923813,1000.0,,0.417103866874069,0.417103866874069,0.417103866874069,0.417103866874069,0.41297412561789315,0,highway_0,0,430.713624815504,749.713624815504,,-1029.3638835529239
17.2,llm_1,752.5541230062472,-10.501500000000002,28.40498190743202,1000.0,,0.415093380532884,0.415093380532884,0.415093380532884,0.415093380532884,0.41098354508207535,0,highway_0,0,433.5541230062472,752.5541230062472,,-1029.404981907432
17.3,llm_1,755.3987111064131,-10.501500000000002,28.44588100165909,1000.0,,0.4130808516933918,0.4130808516933918,0.4130808516933918,0.4130808516933918,0.4089909422706839,0,highway_0,0,436.3987111064131,755.3987111064131,,-1029.445881001659
17.4,llm_1,758.2473691710507,-10.501500000000002,28.48658064637608,1000.0,,0.4110664116415983,0.4110664116415983,0.4110664116415983,0.4110664116415983,0.40699644716990946,0,highway_0,0,439.24736917105065,758.2473691710507,,-1029.486580646376
17.5,llm_1,761.1000772375849,-10.501500000000002,28.52708066534227,1000.0,,0.4090501915585577,0.4090501915585577,0.4090501915585577,0.4090501915585577,0.4050001896619193,0,highway_0,0,442.10007723758486,761.1000772375849,,-1029.5270806653423
17.6,llm_1,763.9568153271141,-10.501500000000002,28.567380895292317,1000.0,,0.4070323224954451,0.4070323224954451,0.4070323224954451,0.4070323224954451,0.4030022995004501,0,highway_0,0,444.9568153271141,763.9568153271141,,-1029.5673808952922
17.7,llm_1,766.8175634457062,-10.501500000000002,28.6074811859209,1000.0,,0.4050129353486923,0.4050129353486923,0.4050129353486923,0.4050129353486923,0.40100290628583224,0,highway_0,0,447.81756344570624,766.8175634457062,,-1029.607481185921
17.8,llm_1,769.6823015856927,-10.501500000000002,28.647381399864976,1000.0,,0.40299216083519473,0.40299216083519473,0.40299216083519473,0.40299216083519473,0.3990021394407606,0,highway_0,0,450.6823015856927,769.6823015856927,,-1029.647381399865
17.9,llm_1,772.5510097269611,-10.501500000000002,28.68708141268355,1000.0,,0.4009701294676067,0.4009701294676067,0.4009701294676067,0.4009701294676067,0.3970001281857449,0,highway_0,0,453.55100972696107,772.5510097269611,,-1029.6870814126835
18.0,llm_1,775.4236678382446,-10.501500000000002,28.72658111283501,1000.0,,0.39894697152972647,0.39894697152972647,0.39894697152972647,0.39894697152972647,0.3949970015145965,0,highway_0,0,456.42366783824457,775.4236678382446,,-1029.726581112835
18.1,llm_1,778.3002558784098,-10.501500000000002,28.76588040165204,1000.0,,0.3969228170519927,0.3969228170519927,0.3969228170519927,0.3969228170519927,0.39299288817030487,0,highway_0,0,459.30025587840976,778.3002558784098,,-1029.765880401652
18.2,llm_1,781.1807537977412,-10.501500000000002,28.80497919331413,1000.0,,0.3948977957870967,0.3948977957870967,0.3948977957870967,0.3948977957870967,0.3909879166208796,0,highway_0,0,462.1807537977412,781.1807537977412,,-1029.8049791933142
18.3,llm_1,784.065141539223,-10.501500000000002,28.843877414817666,1000.0,,0.3928720371857246,0.3928720371857246,0.3928720371857246,0.3928720371857246,0.38898221503536945,0,highway_0,0,465.06514153922296,784.065141539223,,-1029.8438774148176
18.4,llm_1,786.9533990398173,-10.501500000000002,28.88257500594365,1000.0,,0.3908456703724352,0.3908456703724352,0.3908456703724352,0.3908456703724352,0.3869759112598459,0,highway_0,0,467.9533990398173,786.9533990398173,,-1029.8825750059436
18.5,llm_1,789.8455062317396,-10.501500000000002,28.921071919223028,1000.0,,0.38881882412168933,0.38881882412168933,0.38881882412168933,0.38881882412168933,0.38496913279377765,0,highway_0,0,470.8455062317396,789.8455062317396,,-1029.921071919223
18.6,llm_1,792.7414430437295,-10.501500000000002,28.959368119899665,1000.0,,0.38679162683404245,0.38679162683404245,0.38679162683404245,0.38679162683404245,0.3829620067663697,0,highway_0,0,473.74144304372953,792.7414430437295,,-1029.9593681198996
18.7,llm_1,795.6411894023187,-10.501500000000002,28.997463585891,1000.0,,0.3847642065124989,0.3847642065124989,0.3847642065124989,0.3847642065124989,0.38095465991336397,0,highway_0,0,476.6411894023187,795.6411894023187,,-1029.997463585891
18.8,llm_1,798.5447252330933,-10.501500000000002,29.035358307746353,1000.0,,0.38273669073905514,0.38273669073905514,0.38273669073905514,0.38273669073905514,0.3789472185535203,0,highway_0,0,479.54472523309335,798.5447252330933,,-1030.0353583077463
18.9,llm_1,801.4520304619537,-10.501500000000002,29.07305228860293,1000.0,,0.3807092066514285,0.3807092066514285,0.3807092066514285,0.3807092066514285,0.3769398085657727,0,highway_0,0,482.45203046195365,801.4520304619537,,-1030.0730522886029
19.0,llm_1,804.3630850163676,-10.501500000000002,29.110545544139562,1000.0,,0.37868188091998445,0.37868188091998445,0.37868188091998445,0.37868188091998445,0.3749325553663141,0,highway_0,0,485.36308501636756,804.3630850163676,,-1030.1105455441395
19.1,llm_1,807.2778688266204,-10.501500000000002,29.147838102528166,1000.0,,0.3766548397248749,0.3766548397248749,0.3766548397248749,0.3766548397248749,0.3729255838860368,0,highway_0,0,488.2778688266204,807.2778688266204,,-1030.147838102528
19.2,llm_1,810.1963618270587,-10.501500000000002,29.18493000438296,1000.0,,0.37462820873339464,0.37462820873339464,0.37462820873339464,0.37462820873339464,0.3709190185479372,0,highway_0,0,491.1963618270587,810.1963618270587,,-1030.184930004383
19.3,llm_1,813.1185439573294,-10.501500000000002,29.221821302707472,1000.0,,0.37260211307756474,0.37260211307756474,0.37260211307756474,0.37260211307756474,0.36891298324512434,0,highway_0,0,494.1185439573294,813.1185439573294,,-1030.2218213027074
19.4,llm_1,816.0443951636133,-10.501500000000002,29.258512062839348,1000.0,,0.3705766773319521,0.3705766773319521,0.3705766773319521,0.3705766773319521,0.36690760131875777,0,highway_0,0,497.04439516361333,816.0443951636133,,-1030.2585120628394
19.5,llm_1,818.9738953998526,-10.501500000000002,29.295002362392985,1000.0,,0.3685520254917337,0.3685520254917337,0.3685520254917337,0.3685520254917337,0.36490299553637584,0,highway_0,0,499.9738953998526,818.9738953998526,,-1030.295002362393
19.6,llm_1,821.9070246289726,-10.501500000000002,29.331292291200015,1000.0,,0.3665282809510143,0.3665282809510143,0.3665282809510143,0.3665282809510143,0.36289928807029526,0,highway_0,0,502.90702462897264,821.9070246289726,,-1030.3312922912
19.7,llm_1,824.8437628240974,-10.501500000000002,29.36738195124768,1000.0,,0.3645055664814063,0.3645055664814063,0.3645055664814063,0.3645055664814063,0.36089660047665006,0,highway_0,0,505.84376282409744,824.8437628240974,,-1030.3673819512476
19.8,llm_1,827.784089969759,-10.501500000000002,29.403271456615094,1000.0,,0.36248400421087934,0.36248400421087934,0.36248400421087934,0.36248400421087934,0.3588950536741464,0,highway_0,0,508.78408996975895,827.784089969759,,-1030.4032714566151
19.9,llm_1,830.7279860630997,-10.501500000000002,29.43896093340746,1000.0,,0.36046371560288626,0.36046371560288626,0.36046371560288626,0.36046371560288626,0.35689476792367003,0,highway_0,0,511.7279860630997,830.7279860630997,,-1030.4389609334075
20.0,llm_1,833.6754311150685,-10.501500000000002,29.47445051968823,1000.0,,0.3584448214357766,0.3584448214357766,0.3584448214357766,0.3584448214357766,0.3548958628076804,0,highway_0,0,514.6754311150685,833.6754311150685,,-1030.4744505196882
20.1,llm_1,836.6264051516094,-10.501500000000002,29.509740365409268,1000.0,,0.35642744178249997,0.35642744178249997,0.35642744178249997,0.35642744178249997,0.3528984572103866,0,highway_0,0,517.6264051516094,836.6264051516094,,-1030.5097403654092
20.2,llm_1,839.5808882148433,-10.501500000000002,29.544830632339032,1000.0,,0.3544116959906075,0.3544116959906075,0.3544116959906075,0.3544116959906075,0.35090266929763914,0,highway_0,0,520.5808882148433,839.5808882148433,,-1030.544830632339
20.3,llm_1,842.5388603642422,-10.501500000000002,29.579721493988792,1000.0,,0.3523977026625684,0.3523977026625684,0.3523977026625684,0.3523977026625684,0.34890861649760296,0,highway_0,0,523.5388603642422,842.5388603642422,,-1030.5797214939887
20.4,llm_1,845.5003016777958,-10.501500000000002,29.61441313553695,1000.0,,0.35038557963638883,0.35038557963638883,0.35038557963638883,0.35038557963638883,0.3469164154815729,0,highway_0,0,526.5003016777958,845.5003016777958,,-1030.614413135537
20.5,llm_1,848.465192253171,-10.501500000000002,29.64890575375146,1000.0,,0.34837544396655784,0.34837544396655784,0.34837544396655784,0.34837544396655784,0.34492618214510884,0,highway_0,0,529.465192253171,848.465192253171,,-1030.6489057537515
20.6,llm_1,851.4335122088621,-10.501500000000002,29.683199556910402,1000.0,,0.34636741190531606,0.34636741190531606,0.34636741190531606,0.34636741190531606,0.34293803158941927,0,highway_0,0,532.4335122088621,851.4335122088621,,-1030.6831995569105
20.7,llm_1,854.4052416853342,-10.501500000000002,29.717294764720723,1000.0,,0.3443615988842581,0.3443615988842581,0.3443615988842581,0.3443615988842581,0.34095207810320716,0,highway_0,0,535.4052416853342,854.4052416853342,,-1030.7172947647207
20.8,llm_1,857.3803608461577,-10.501500000000002,29.751191608235207,1000.0,,0.3423581194962716,0.3423581194962716,0.3423581194962716,0.3423581194962716,0.3389684351448352,0,highway_0,0,538.3803608461577,857.3803608461577,,-1030.751191608235
20.9,llm_1,860.3588498791345,-10.501500000000002,29.784890329767666,1000.0,,0.3403570874778167,0.3403570874778167,0.3403570874778167,0.3403570874778167,0.33698721532459786,0,highway_0,0,541.3588498791345,860.3588498791345,,-1030.7848903297677
21.0,llm_1,863.3406889974151,-10.501500000000002,29.818391182806433,1000.0,,0.3383586156915602,0.3383586156915602,0.3383586156915602,0.3383586156915602,0.3350085303876682,0,highway_0,0,544.3406889974151,863.3406889974151,,-1030.8183911828064
21.1,llm_1,866.3258584406077,-10.501500000000002,29.85169443192617,1000.0,,0.3363628161093598,0.3363628161093598,0.3363628161093598,0.3363628161093598,0.3330324911973648,0,highway_0,0,547.3258584406077,866.3258584406077,,-1030.8516944319263
21.2,llm_1,869.3143384758775,-10.501500000000002,29.88480035269801,1000.0,,0.33436979979560266,0.33436979979560266,0.33436979979560266,0.33436979979560266,0.33105920771841824,0,highway_0,0,550.3143384758775,869.3143384758775,,-1030.884800352698
21.3,llm_1,872.3061093990374,-10.501500000000002,29.9177092315981,1000.0,,0.33237967689091164,0.33237967689091164,0.33237967689091164,0.33237967689091164,0.32908878900087757,0,highway_0,0,553.3061093990374,872.3061093990374,,-1030.917709231598
21.4,llm_1,875.3011515356288,-10.501500000000002,29.950421365914554,1000.0,,0.3303925565962187,0.3303925565962187,0.3303925565962187,0.3303925565962187,0.3271213431645492,0,highway_0,0,556.3011515356288,875.3011515356288,,-1030.9504213659145
21.5,llm_1,878.2994452419941,-10.501500000000002,29.98293706365289,1000.0,,0.32840854715720524,0.32840854715720524,0.32840854715720524,0.32840854715720524,0.32515697738336513,0,highway_0,0,559.2994452419941,878.2994452419941,,-1030.9829370636528
21.6,llm_1,881.3009709063381,-10.501500000000002,30.01525664343993,1000.0,,0.32642775584911987,0.32642775584911987,0.32642775584911987,0.32642775584911987,0.3231957978703903,0,highway_0,0,562.3009709063381,881.3009709063381,,-1031.01525664344
21.7,llm_1,884.3057089497808,-10.501500000000002,30.047380434426266,1000.0,,0.3244502889619739,0.3244502889619739,0.3244502889619739,0.3244502889619739,0.3212379098633633,0,highway_0,0,565.3057089497808,884.3057089497808,,-1031.0473804344263
21.8,llm_1,887.3136398273995,-10.501500000000002,30.07930877618727,1000.0,,0.3224762517861157,0.3224762517861157,0.3224762517861157,0.3224762517861157,0.31928341761002343,0,highway_0,0,568.3136398273995,887.3136398273995,,-1031.0793087761872
21.9,llm_1,890.3247440292618,-10.501500000000002,30.111042018622733,1000.0,,0.3205057485981986,0.3205057485981986,0.3205057485981986,0.3205057485981986,0.31733242435464604,0,highway_0,0,571.3247440292618,890.3247440292618,,-1031.1110420186228
22.0,llm_1,893.3390020814472,-10.501500000000002,30.142580521855162,1000.0,,0.3185388826475217,0.3185388826475217,0.3185388826475217,0.3185388826475217,0.3153850323242935,0,highway_0,0,574.3390020814472,893.3390020814472,,-1031.142580521855
22.1,llm_1,896.35639454706,-10.501500000000002,30.173924656126722,1000.0,,0.3165757561427708,0.3165757561427708,0.3165757561427708,0.3165757561427708,0.3134413427155991,0,highway_0,0,577.35639454706,896.35639454706,,-1031.1739246561267
22.2,llm_1,899.3769020272294,-10.501500000000002,30.205074801694952,1000.0,,0.3146164702391513,0.3146164702391513,0.3146164702391513,0.3146164702391513,0.31150145568229703,0,highway_0,0,580.3769020272294,899.3769020272294,,-1031.205074801695
22.3,llm_1,902.400505162102,-10.501500000000002,30.23603134872722,1000.0,,0.31266112502590937,0.31266112502590937,0.31266112502590937,0.31266112502590937,0.30956547032268134,0,highway_0,0,583.4005051621021,902.4005051621021,,-1031.2360313487272
22.4,llm_1,905.4271846318217,-10.501500000000002,30.26679469719398,1000.0,,0.31070981951425336,0.31070981951425336,0.31070981951425336,0.31070981951425336,0.30763348466759766,0,highway_0,0,586.4271846318215,905.4271846318215,,-1031.266794697194
22.5,llm_1,908.4569211574975,-10.501500000000002,30.29736525676088,1000.0,,0.30876265162567185,0.30876265162567185,0.30876265162567185,0.30876265162567185,0.30570559566900357,0,highway_0,0,589.4569211574976,908.4569211574976,,-1031.297365256761
22.6,llm_1,911.4896955021655,-10.501500000000002,30.327743446679758,1000.0,,0.30681971818065323,0.30681971818065323,0.30681971818065323,0.30681971818065323,0.3037818991887775,0,highway_0,0,592.4896955021655,911.4896955021655,,-1031.3277434466797
22.7,llm_1,914.5254884717335,-10.501500000000002,30.35792969567855,1000.0,,0.304881114887797,0.304881114887797,0.304881114887797,0.304881114887797,0.30186248998791854,0,highway_0,0,595.5254884717334,914.5254884717334,,-1031.3579296956786
22.8,llm_1,917.5642809159185,-10.501500000000002,30.387924441850167,1000.0,,0.30294693633333614,0.30294693633333614,0.30294693633333614,0.30294693633333614,0.29994746171617237,0,highway_0,0,598.5642809159184,917.5642809159184,,-1031.3879244418501
22.9,llm_1,920.6060537291725,-10.501500000000002,30.417728132540372,1000.0,,0.30101727597105454,0.30101727597105454,0.30101727597105454,0.30101727597105454,0.2980369069020483,0,highway_0,0,601.6060537291725,920.6060537291725,,-1031.4177281325403
23.0,llm_1,923.6507878515961,-10.501500000000002,30.447341224234687,1000.0,,0.299092226112607,0.299092226112607,0.299092226112607,0.299092226112607,0.29613091694315585,0,highway_0,0,604.650787851596,923.650787851596,,-1031.4473412242346
23.1,llm_1,926.6984642698404,-10.501500000000002,30.476764182444416,1000.0,,0.29717187791824573,0.29717187791824573,0.29717187791824573,0.29717187791824573,0.29422958209728733,0,highway_0,0,607.6984642698404,926.6984642698404,,-1031.4767641824444
23.2,llm_1,929.7490640179996,-10.501500000000002,30.505997481591738,1000.0,,0.2952563213879428,0.2952563213879428,0.2952563213879428,0.2952563213879428,0.29233299147321645,0,highway_0,0,610.7490640179996,929.7490640179996,,-1031.5059974815917
23.3,llm_1,932.802568178489,-10.501500000000002,30.535041604894005,1000.0,,0.29334564535291796,0.29334564535291796,0.29334564535291796,0.29334564535291796,0.2904412330226691,0,highway_0,0,613.802568178489,932.802568178489,,-1031.535041604894
23.4,llm_1,935.8589578829137,-10.501500000000002,30.56389704424723,1000.0,,0.2914399374675686,0.2914399374675686,0.2914399374675686,0.2914399374675686,0.28855439353225876,0,highway_0,0,616.8589578829137,935.8589578829137,,-1031.5638970442471
23.5,llm_1,938.9182143129245,-10.501500000000002,30.592564300108794,1000.0,,0.2895392842017974,0.2895392842017974,0.2895392842017974,0.2895392842017974,0.2866725586156349,0,highway_0,0,619.9182143129246,938.9182143129246,,-1031.5925643001087
23.6,llm_1,941.9803187010626,-10.501500000000002,30.62104388137946,1000.0,,0.28764377083374215,0.28764377083374215,0.28764377083374215,0.28764377083374215,0.2847958127066619,0,highway_0,0,622.9803187010626,941.9803187010626,,-1031.6210438813794
23.7,llm_1,945.0452523315912,-10.501500000000002,30.6493363052847,1000.0,,0.2857534814429057,0.2857534814429057,0.2857534814429057,0.2857534814429057,0.2829242390523845,0,highway_0,0,626.0452523315911,945.0452523315911,,-1031.6493363052848
23.8,llm_1,948.1129965413168,-10.501500000000002,30.67744209725536,1000.0,,0.28386849890367805,0.28386849890367805,0.28386849890367805,0.28386849890367805,0.28105791970659766,0,highway_0,0,629.1129965413166,948.1129965413166,,-1031.6774420972554
23.9,llm_1,951.1835327203974,-10.501500000000002,30.70536179080776,1000.0,,0.28198890487926,0.28198890487926,0.28198890487926,0.28198890487926,0.2791969355240198,0,highway_0,0,632.1835327203975,951.1835327203975,,-1031.7053617908077
24.0,llm_1,954.2568423131397,-10.501500000000002,30.733095927423204,1000.0,,0.28011477981597876,0.28011477981597876,0.28011477981597876,0.28011477981597876,0.27734136615443106,0,highway_0,0,635.2568423131398,954.2568423131398,,-1031.7330959274232
24.1,llm_1,957.3329068187826,-10.501500000000002,30.760645056426966,1000.0,,0.27824620293799684,0.27824620293799684,0.27824620293799684,0.27824620293799684,0.2754912900376283,0,highway_0,0,638.3329068187825,957.3329068187825,,-1031.760645056427
24.2,llm_1,960.4117077922691,-10.501500000000002,30.78800973486681,1000.0,,0.2763832522424101,0.2763832522424101,0.2763832522424101,0.2763832522424101,0.27364678439845136,0,highway_0,0,641.4117077922691,960.4117077922691,,-1031.7880097348668
24.3,llm_1,963.4932268450083,-10.501500000000002,30.815190527391042,1000.0,,0.27452600449473374,0.27452600449473374,0.27452600449473374,0.27452600449473374,0.2718079252423067,0,highway_0,0,644.4932268450082,963.4932268450082,,-1031.815190527391
24.4,llm_1,966.5774456456207,-10.501500000000002,30.842188006126168,1000.0,,0.27267453522477825,0.27267453522477825,0.27267453522477825,0.27267453522477825,0.26997478735125924,0,highway_0,0,647.5774456456207,966.5774456456207,,-1031.8421880061262
24.5,llm_1,969.6643459206763,-10.501500000000002,30.869002750554177,1000.0,,0.27082891872290327,0.27082891872290327,0.27082891872290327,0.27082891872290327,0.2681474442800891,0,highway_0,0,650.6643459206762,969.6643459206762,,-1031.8690027505543
24.6,llm_1,972.7539094554152,-10.501500000000002,30.895635347389486,1000.0,,0.26898922803665426,0.26898922803665426,0.26898922803665426,0.26898922803665426,0.26632596835309386,0,highway_0,0,653.7539094554152,972.7539094554152,,-1031.8956353473895
24.7,llm_1,975.8461180944607,-10.501500000000002,30.922086390455604,1000.0,,0.2671555349677768,0.2671555349677768,0.2671555349677768,0.2671555349677768,0.26451043066117563,0,highway_0,0,656.8461180944607,975.8461180944607,,-1031.9220863904557
24.8,llm_1,978.940953742517,-10.501500000000002,30.948356480561507,1000.0,,0.26532791006960676,0.26532791006960676,0.26532791006960676,0.26532791006960676,0.2627009010590342,0,highway_0,0,659.9409537425169,978.9409537425169,,-1031.9483564805614
24.9,llm_1,982.0383983650546,-10.501500000000002,30.974446225377825,1000.0,,0.26350642264482904,0.26350642264482904,0.26350642264482904,0.26350642264482904,0.2608974481631776,0,highway_0,0,663.0383983650546,982.0383983650546,,-1031.9744462253777
25.0,llm_1,985.138433988986,-10.501500000000002,31.000356239312836,1000.0,,0.261691140743605,0.261691140743605,0.261691140743605,0.261691140743605,0.2591001393501102,0,highway_0,0,666.1384339889859,985.1384339889859,,-1032.0003562393129
25.1,llm_1,988.2410427033249,-10.501500000000002,31.02608714338829,1000.0,,0.25988213116206527,0.25988213116206527,0.25988213116206527,0.25988213116206527,0.2573090407545209,0,highway_0,0,669.2410427033248,988.2410427033248,,-1032.0260871433884
25.2,llm_1,991.3462066598363,-10.501500000000002,31.051639565115135,1000.0,,0.2580794594411653,0.2580794594411653,0.2580794594411653,0.2580794594411653,0.25552421726846575,0,highway_0,0,672.3462066598363,991.3462066598363,,-1032.0516395651152
25.3,llm_1,994.4539080736733,-10.501500000000002,31.077014138369183,1000.0,,0.2562831898658904,0.2562831898658904,0.2562831898658904,0.2562831898658904,0.25374573254048016,0,highway_0,0,675.4539080736732,994.4539080736732,,-1032.0770141383691
25.4,llm_1,997.564129224,-10.501500000000002,31.10221150326669,1000.0,,0.2544933854648227,0.2544933854648227,0.2544933854648227,0.2544933854648227,0.25197364897508123,0,highway_0,0,678.5641292239999,997.5641292239999,,-1032.1022115032667
25.5,llm_1,1000.6768524546039,-10.501500000000002,31.127232306039964,1000.0,,0.252710108010052,0.252710108010052,0.252710108010052,0.252710108010052,0.2502080277327323,0,highway_0,0,681.6768524546039,1000.6768524546039,,-1032.12723230604
25.6,llm_1,1003.7920601744951,-10.501500000000002,31.152077198912977,1000.0,,0.25093341801743196,0.25093341801743196,0.25093341801743196,0.25093341801743196,0.24844892873012725,0,highway_0,0,684.7920601744952,1003.7920601744952,,-1032.152077198913
25.7,llm_1,1006.909734858493,-10.501500000000002,31.176746839977053,1000.0,,0.2491633747471791,0.2491633747471791,0.2491633747471791,0.2491633747471791,0.24669641064075876,0,highway_0,0,687.9097348584929,1006.9097348584929,,-1032.176746839977
25.8,llm_1,1010.0298590477997,-10.501500000000002,31.201241893066637,1000.0,,0.24740003620480278,0.24740003620480278,0.24740003620480278,0.24740003620480278,0.24495053089584218,0,highway_0,0,691.0298590477996,1010.0298590477996,,-1032.2012418930667
25.9,llm_1,1013.1524153505633,-10.501500000000002,31.225563027635186,1000.0,,0.24564345914237418,0.24564345914237418,0.24564345914237418,0.24564345914237418,0.24321134568548786,0,highway_0,0,694.1524153505632,1013.1524153505632,,-1032.2255630276352
26.0,llm_1,1016.2773864424262,-10.501500000000002,31.249710918631237,1000.0,,0.24389369906011438,0.24389369906011438,0.24389369906011438,0.24389369906011438,0.24147890996051302,0,highway_0,0,697.2773864424263,1016.2773864424263,,-1032.2497109186313
26.1,llm_1,1019.4035554326728,-10.501500000000002,31.26168990246385,1000.0,,0.12098773670937801,0.12098773670937801,0.12098773670937801,0.12098773670937801,0.11978983832612755,0,highway_0,0,700.4035554326726,1019.4035554326726,,-1032.2616899024638
26.2,llm_1,1022.5308106140237,-10.501500000000002,31.272551813511235,1000.0,,0.10970530157859615,0.10970530157859615,0.10970530157859615,0.10970530157859615,0.1086191104738532,0,highway_0,0,703.5308106140237,1022.5308106140237,,-1032.2725518135112
26.3,llm_1,1025.659039483076,-10.501500000000002,31.28228869052159,1000.0,,0.09834245780458295,0.09834245780458295,0.09834245780458295,0.09834245780458295,0.09736877010354306,0,highway_0,0,706.659039483076,1025.659039483076,,-1032.2822886905217
26.4,llm_1,1028.7872683521282,-10.501500000000002,31.28228869052159,1000.0,,0.0,0.0,0.0,0.0,0.0,0,highway_0,0,709.7872683521282,1028.7872683521282,,-1032.2822886905217
26.5,llm_1,1031.9154972211804,-10.501500000000002,31.28228869052159,1000.0,,0.0,0.0,0.0,0.0,0.0,0,highway_0,0,712.9154972211804,1031.9154972211804,,-1032.2822886905217
26.6,llm_1,1035.0437260902327,-10.501500000000002,31.28228869052159,1000.0,,0.0,0.0,0.0,0.0,0.0,0,highway_0,0,716.0437260902327,1035.0437260902327,,-1032.2822886905217
26.7,llm_1,1038.171954959285,-10.501500000000002,31.28228869052159,1000.0,,0.0,0.0,0.0,0.0,0.0,0,highway_0,0,719.1719549592849,1038.171954959285,,-1032.2822886905217
26.8,llm_1,1041.3001838283371,-10.501500000000002,31.28228869052159,1000.0,,0.0,0.0,0.0,0.0,0.0,0,highway_0,0,722.3001838283371,1041.3001838283371,,-1032.2822886905217
26.9,llm_1,1044.4284126973894,-10.501500000000002,31.28228869052159,1000.0,,0.0,0.0,0.0,0.0,0.0,0,highway_0,0,725.4284126973894,1044.4284126973894,,-1032.2822886905217
27.0,llm_1,1047.5566415664416,-10.501500000000002,31.28228869052159,1000.0,,0.0,0.0,0.0,0.0,0.0,0,highway_0,0,728.5566415664416,1047.5566415664416,,-1032.2822886905217
27.1,llm_1,1050.6848704354938,-10.501500000000002,31.28228869052159,1000.0,,0.0,0.0,0.0,0.0,0.0,0,highway_0,0,731.6848704354938,1050.6848704354938,,-1032.2822886905217
27.2,llm_1,1053.813099304546,-10.501500000000002,31.28228869052159,1000.0,,0.0,0.0,0.0,0.0,0.0,0,highway_0,0,734.8130993045461,1053.813099304546,,-1032.2822886905217
27.3,llm_1,1056.9412156628912,-10.501500000000002,31.281163583451946,1000.0,,-0.01136358140339322,-0.01136358140339322,-0.01136358140339322,-0.01136358140339322,-0.011251070696438603,0,highway_0,0,737.9412156628912,1056.9412156628912,,-1032.2811635834519
27.4,llm_1,1060.0691066179193,-10.501500000000002,31.278909550279657,1000.0,,-0.022765735040122692,-0.022765735040122692,-0.022765735040122692,-0.022765735040122692,-0.02254033172288672,0,highway_0,0,741.0691066179193,1060.0691066179193,,-1032.2789095502796
27.5,llm_1,1063.1966596238478,-10.501500000000002,31.275530059285977,1000.0,,-0.034132859036146046,-0.034132859036146046,-0.034132859036146046,-0.034132859036146046,-0.03379490993680179,0,highway_0,0,744.1966596238478,1063.1966596238478,,-1032.275530059286
27.6,llm_1,1066.323762598127,-10.501500000000002,31.271029742789587,1000.0,,-0.0454531966135403,-0.0454531966135403,-0.0454531966135403,-0.0454531966135403,-0.045003164963901554,0,highway_0,0,747.3237625981269,1066.323762598127,,-1032.2710297427896
27.7,llm_1,1069.450304040629,-10.501500000000002,31.265414425019333,1000.0,,-0.05671470947955215,-0.05671470947955215,-0.05671470947955215,-0.05671470947955215,-0.056153177702533696,0,highway_0,0,750.4503040406289,1069.450304040629,,-1032.2654144250193
27.8,llm_1,1072.576173155386,-10.501500000000002,31.258691147571067,1000.0,,-0.0679051022275059,-0.0679051022275059,-0.0679051022275059,-0.0679051022275059,-0.06723277448266174,0,highway_0,0,753.576173155386,1072.576173155386,,-1032.258691147571
27.9,llm_1,1075.6871907849945,-10.501500000000002,31.11017629608592,1000.0,,-1.5,-1.5,-1.5,-1.5,-1.4851485148514598,0,highway_0,0,756.6871907849945,1075.6871907849945,,-1032.110176296086
28.0,llm_1,1078.7833569294546,-10.501500000000002,30.961661444600775,1000.0,,-1.5,-1.5,-1.5,-1.5,-1.4851485148514598,0,highway_0,0,759.7833569294546,1078.7833569294546,,-1031.9616614446008
28.1,llm_1,1081.8646715887662,-10.501500000000002,30.81314659311563,1000.0,,-1.5,-1.5,-1.5,-1.5,-1.4851485148514598,0,highway_0,0,762.8646715887662,1081.8646715887662,,-1031.8131465931156
28.2,llm_1,1084.9311347629293,-10.501500000000002,30.664631741630483,1000.0,,-1.5,-1.5,-1.5,-1.5,-1.4851485148514598,0,highway_0,0,765.9311347629293,1084.9311347629293,,-1031.6646317416305
28.3,llm_1,1087.982746451944,-10.501500000000002,30.516116890145337,1000.0,,-1.5,-1.5,-1.5,-1.5,-1.4851485148514598,0,highway_0,0,768.982746451944,1087.982746451944,,-1031.5161168901454
28.4,llm_1,1091.01950665581,-10.501500000000002,30.36760203866019,1000.0,,-1.5,-1.5,-1.5,-1.5,-1.4851485148514598,0,highway_0,0,772.0195066558099,1091.01950665581,,-1031.3676020386602
28.5,llm_1,1094.0414153745273,-10.501500000000002,30.219087187175045,1000.0,,-1.5,-1.5,-1.5,-1.5,-1.4851485148514598,0,highway_0,0,775.0414153745273,1094.0414153745273,,-1031.219087187175
28.6,llm_1,1097.0484726080963,-10.501500000000002,30.0705723356899,1000.0,,-1.5,-1.5,-1.5,-1.5,-1.4851485148514598,0,highway_0,0,778.0484726080963,1097.0484726080963,,-1031.0705723356898
28.7,llm_1,1100.0406783565168,-10.501500000000002,29.922057484204753,1000.0,,-1.5,-1.5,-1.5,-1.5,-1.4851485148514598,0,highway_0,0,781.0406783565168,1100.0406783565168,,-1030.9220574842047
28.8,llm_1,1103.0180326197888,-10.501500000000002,29.773542632719607,1000.0,,-1.5,-1.5,-1.5,-1.5,-1.4851485148514598,0,highway_0,0,784.0180326197888,1103.0180326197888,,-1030.7735426327197
28.9,llm_1,1105.9805353979123,-10.501500000000002,29.62502778123446,1000.0,,-1.5,-1.5,-1.5,-1.5,-1.4851485148514598,0,highway_0,0,786.9805353979123,1105.9805353979123,,-1030.6250277812344
29.0,llm_1,1108.9281866908873,-10.501500000000002,29.476512929749315,1000.0,,-1.5,-1.5,-1.5,-1.5,-1.4851485148514598,0,highway_0,0,789.9281866908873,1108.9281866908873,,-1030.4765129297493
29.1,llm_1,1111.8609864987136,-10.501500000000002,29.32799807826417,1000.0,,-1.5,-1.5,-1.5,-1.5,-1.4851485148514598,0,highway_0,0,792.8609864987136,1111.8609864987136,,-1030.3279980782643
29.2,llm_1,1114.7789348213914,-10.501500000000002,29.179483226779023,1000.0,,-1.5,-1.5,-1.5,-1.5,-1.4851485148514598,0,highway_0,0,795.7789348213914,1114.7789348213914,,-1030.179483226779
29.3,llm_1,1117.6820316589208,-10.501500000000002,29.030968375293877,1000.0,,-1.5,-1.5,-1.5,-1.5,-1.4851485148514598,0,highway_0,0,798.6820316589208,1117.6820316589208,,-1030.030968375294
29.4,llm_1,1120.5702770113016,-10.501500000000002,28.88245352380873,1000.0,,-1.5,-1.5,-1.5,-1.5,-1.4851485148514598,0,highway_0,0,801.5702770113016,1120.5702770113016,,-1029.8824535238086
29.5,llm_1,1123.443670878534,-10.501500000000002,28.733938672323585,1000.0,,-1.5,-1.5,-1.5,-1.5,-1.4851485148514598,0,highway_0,0,804.443670878534,1123.443670878534,,-1029.7339386723236
29.6,llm_1,1126.302213260618,-10.501500000000002,28.58542382083844,1000.0,,-1.5,-1.5,-1.5,-1.5,-1.4851485148514598,0,highway_0,0,807.3022132606179,1126.302213260618,,-1029.5854238208385
29.7,llm_1,1129.1459041575533,-10.501500000000002,28.436908969353293,1000.0,,-1.5,-1.5,-1.5,-1.5,-1.4851485148514598,0,highway_0,0,810.1459041575533,1129.1459041575533,,-1029.4369089693532
29.8,llm_1,1131.97474356934,-10.501500000000002,28.288394117868148,1000.0,,-1.5,-1.5,-1.5,-1.5,-1.4851485148514598,0,highway_0,0,812.97474356934,1131.97474356934,,-1029.2883941178682
29.9,llm_1,1134.7887314959783,-10.501500000000002,28.139879266383,1000.0,,-1.5,-1.5,-1.5,-1.5,-1.4851485148514598,0,highway_0,0,815.7887314959783,1134.7887314959783,,-1029.139879266383
30.0,llm_1,1137.587867937468,-10.501500000000002,27.991364414897856,1000.0,,-1.5,-1.5,-1.5,-1.5,-1.4851485148514598,0,highway_0,0,818.587867937468,1137.587867937468,,-1028.9913644148978
30.1,llm_1,1140.3870043789577,-10.501500000000002,27.991364414897856,1000.0,,0.0,0.0,0.0,0.0,0.0,0,highway_0,0,821.3870043789577,1140.3870043789577,,-1028.9913644148978
30.2,llm_1,1143.1861408204475,-10.501500000000002,27.991364414897856,1000.0,,0.0,0.0,0.0,0.0,0.0,0,highway_0,0,824.1861408204475,1143.1861408204475,,-1028.9913644148978
30.3,llm_1,1145.9852772619372,-10.501500000000002,27.991364414897856,1000.0,,0.0,0.0,0.0,0.0,0.0,0,highway_0,0,826.9852772619372,1145.9852772619372,,-1028.9913644148978
30.4,llm_1,1148.784413703427,-10.501500000000002,27.991364414897856,1000.0,,0.0,0.0,0.0,0.0,0.0,0,highway_0,0,829.7844137034269,1148.784413703427,,-1028.9913644148978
30.5,llm_1,1151.5835501449167,-10.501500000000002,27.991364414897856,1000.0,,0.0,0.0,0.0,0.0,0.0,0,highway_0,0,832.5835501449167,1151.5835501449167,,-1028.9913644148978
30.6,llm_1,1154.3826865864064,-10.501500000000002,27.991364414897856,1000.0,,0.0,0.0,0.0,0.0,0.0,0,highway_0,0,835.3826865864064,1154.3826865864064,,-1028.9913644148978
30.7,llm_1,1157.1818230278961,-10.501500000000002,27.991364414897856,1000.0,,0.0,0.0,0.0,0.0,0.0,0,highway_0,0,838.1818230278961,1157.1818230278961,,-1028.9913644148978
30.8,llm_1,1159.9809594693859,-10.501500000000002,27.991364414897856,1000.0,,0.0,0.0,0.0,0.0,0.0,0,highway_0,0,840.9809594693859,1159.9809594693859,,-1028.9913644148978
30.9,llm_1,1162.7800959108756,-10.501500000000002,27.991364414897856,1000.0,,0.0,0.0,0.0,0.0,0.0,0,highway_0,0,843.7800959108756,1162.7800959108756,,-1028.9913644148978
31.0,llm_1,1165.5792323523654,-10.501500000000002,27.991364414897856,1000.0,,0.0,0.0,0.0,0.0,0.0,0,highway_0,0,846.5792323523654,1165.5792323523654,,-1028.9913644148978
31.1,llm_1,1168.378368793855,-10.501500000000002,27.991364414897856,1000.0,,0.0,0.0,0.0,0.0,0.0,0,highway_0,0,849.3783687938551,1168.378368793855,,-1028.9913644148978
31.2,llm_1,1171.1775052353448,-10.501500000000002,27.991364414897856,1000.0,,0.0,0.0,0.0,0.0,0.0,0,highway_0,0,852.1775052353448,1171.1775052353448,,-1028.9913644148978
31.3,llm_1,1173.9766416768346,-10.501500000000002,27.991364414897856,1000.0,,0.0,0.0,0.0,0.0,0.0,0,highway_0,0,854.9766416768346,1173.9766416768346,,-1028.9913644148978
31.4,llm_1,1176.7757781183243,-10.501500000000002,27.991364414897856,1000.0,,0.0,0.0,0.0,0.0,0.0,0,highway_0,0,857.7757781183243,1176.7757781183243,,-1028.9913644148978
31.5,llm_1,1179.5792180139722,-10.501500000000002,28.034398956480022,1000.0,,0.4346488699798985,0.4346488699798985,0.4346488699798985,0.4346488699798985,0.4303454158216624,0,highway_0,0,860.5792180139722,1179.5792180139722,,-1029.0343989564801
31.6,llm_1,1182.3869945754234,-10.501500000000002,28.07776561451151,1000.0,,0.4380032461180249,0.4380032461180249,0.4380032461180249,0.4380032461180249,0.4336665803148776,0,highway_0,0,863.3869945754234,1182.3869945754234,,-1029.0777656145115
31.7,llm_1,1185.1991388728911,-10.501500000000002,28.121442974677027,1000.0,,0.44114133767175023,0.44114133767175023,0.44114133767175023,0.44114133767175023,0.436773601655176,0,highway_0,0,866.1991388728911,1185.1991388728911,,-1029.121442974677
31.8,llm_1,1188.0156798885935,-10.501500000000002,28.165410157023025,1000.0,,0.444068541694587,0.444068541694587,0.444068541694587,0.444068541694587,0.4396718234599817,0,highway_0,0,869.0156798885935,1188.0156798885935,,-1029.165410157023
31.9,llm_1,1190.8366445673353,-10.501500000000002,28.209646787417654,1000.0,,0.44678996698575424,0.44678996698575424,0.44678996698575424,0.44678996698575424,0.4423663039462866,0,highway_0,0,871.8366445673353,1190.8366445673353,,-1029.2096467874176
32.0,llm_1,1193.6620578643622,-10.501500000000002,28.254132970269055,1000.0,,0.4493104467991339,0.4493104467991339,0.4493104467991339,0.4493104467991339,0.44486182851400713,0,highway_0,0,874.6620578643622,1193.6620578643622,,-1029.254132970269
32.1,llm_1,1196.4919427906061,-10.501500000000002,28.298849262440093,1000.0,,0.4516345509274732,0.4516345509274732,0.4516345509274732,0.4516345509274732,0.44716292171038674,0,highway_0,0,877.4919427906061,1196.4919427906061,,-1029.2988492624402
32.2,llm_1,1199.3263204554362,-10.501500000000002,28.343776648300818,1000.0,,0.4537665971932999,0.4537665971932999,0.4537665971932999,0.4537665971932999,0.449273858607242,0,highway_0,0,880.3263204554362,1199.3263204554362,,-1029.3437766483007
32.3,llm_1,1202.1652101070224,-10.501500000000002,28.38889651586287,1000.0,,0.4557106623767335,0.4557106623767335,0.4557106623767335,0.4557106623767335,0.45119867562053884,0,highway_0,0,883.1652101070224,1202.1652101070224,,-1029.3888965158628
32.4,llm_1,1205.0086291704167,-10.501500000000002,28.434190633943047,1000.0,,0.45747059260973943,0.45747059260973943,0.45747059260973943,0.45747059260973943,0.4529411808017514,0,highway_0,0,886.0086291704167,1205.0086291704167,,-1029.434190633943
32.5,llm_1,1207.8565932834474,-10.501500000000002,28.47964113030594,1000.0,,0.4590500132652011,0.4590500132652011,0.4590500132652011,0.4590500132652011,0.4545049636289278,0,highway_0,0,888.8565932834474,1207.8565932834474,,-1029.479641130306
32.6,llm_1,1210.7091163305213,-10.501500000000002,28.52523047073844,1000.0,,0.46045233836823163,0.46045233836823163,0.46045233836823163,0.46045233836823163,0.45589340432499625,0,highway_0,0,891.7091163305213,1210.7091163305213,,-1029.5252304707385
32.7,llm_1,1213.5665093097452,-10.501500000000002,28.57392979223982,1000.0,,0.4918631471639342,0.4918631471639342,0.4918631471639342,0.4918631471639342,0.4869932150138112,0,highway_0,0,894.5665093097452,1213.5665093097452,,-1029.5739297922398
32.8,llm_1,1216.4287394537585,-10.501500000000002,28.622301440132816,1000.0,,0.4885536437192515,0.4885536437192515,0.4885536437192515,0.4885536437192515,0.4837164789299564,0,highway_0,0,897.4287394537585,1216.4287394537585,,-1029.6223014401328
32.9,llm_1,1219.2957740524412,-10.501500000000002,28.670345986826536,1000.0,,0.4852499216065672,0.4852499216065672,0.4852499216065672,0.4852499216065672,0.4804454669372049,0,highway_0,0,900.2957740524412,1219.2957740524412,,-1029.6703459868265
33.0,llm_1,1222.167580455251,-10.501500000000002,28.718064028099054,1000.0,,0.4819522168524556,0.4819522168524556,0.4819522168524556,0.4819522168524556,0.47718041272517553,0,highway_0,0,903.167580455251,1222.167580455251,,-1029.718064028099
33.1,llm_1,1225.0441260735367,-10.501500000000002,28.765456182857616,1000.0,,0.4786607630614764,0.4786607630614764,0.4786607630614764,0.4786607630614764,0.47392154758561844,0,highway_0,0,906.0441260735367,1225.0441260735367,,-1029.7654561828576
33.2,llm_1,1227.9253783828262,-10.501500000000002,28.8125230928941,1000.0,,0.4753757913685056,0.4753757913685056,0.4753757913685056,0.4753757913685056,0.47066910036484444,0,highway_0,0,908.9253783828262,1227.9253783828262,,-1029.812523092894
33.3,llm_1,1230.8113049250899,-10.501500000000002,28.859265422635936,1000.0,,0.4720975303925501,0.4720975303925501,0.4720975303925501,0.4720975303925501,0.46742329741835675,0,highway_0,0,911.8113049250899,1230.8113049250899,,-1029.8592654226359
33.4,llm_1,1233.7018733109792,-10.501500000000002,28.905683858892573,1000.0,,0.4688262061920445,0.4688262061920445,0.4688262061920445,0.4688262061920445,0.4641843625663711,0,highway_0,0,914.7018733109792,1233.7018733109792,,-1029.9056838588926
33.5,llm_1,1236.597051222039,-10.501500000000002,28.951779110597684,1000.0,,0.4655620422216473,0.4655620422216473,0.4655620422216473,0.4655620422216473,0.46095251705111195,0,highway_0,0,917.597051222039,1236.597051222039,,-1029.9517791105977
33.6,llm_1,1239.4968064128936,-10.501500000000002,28.997551908547244,1000.0,,0.46230525929053956,0.46230525929053956,0.46230525929053956,0.46230525929053956,0.4577279794956013,0,highway_0,0,920.4968064128936,1239.4968064128936,,-1029.9975519085472
33.7,llm_1,1242.401106713407,-10.501500000000002,29.043003005133606,1000.0,,0.45905607552223204,0.45905607552223204,0.45905607552223204,0.45905607552223204,0.4545109658636193,0,highway_0,0,923.401106713407,1242.401106713407,,-1030.0430030051336
33.8,llm_1,1245.3099200308145,-10.501500000000002,29.088133174075775,1000.0,,0.45581470631589127,0.45581470631589127,0.45581470631589127,0.45581470631589127,0.45130168942169036,0,highway_0,0,926.3099200308145,1245.3099200308145,,-1030.0881331740757
33.9,llm_1,1248.223214351829,-10.501500000000002,29.13294321014599,1000.0,,0.45258136430918305,0.45258136430918305,0.45258136430918305,0.45258136430918305,0.448100360702135,0,highway_0,0,929.223214351829,1248.223214351829,,-1030.132943210146
34.0,llm_1,1251.1409577447182,-10.501500000000002,29.177433928892786,1000.0,,0.4493562593426328,0.4493562593426328,0.4493562593426328,0.4493562593426328,0.44490718746796887,0,highway_0,0,932.1409577447182,1251.1409577447182,,-1030.1774339288927
34.1,llm_1,1254.0631183613543,-10.501500000000002,29.221606166360658,1000.0,,0.446139598425518,0.446139598425518,0.446139598425518,0.446139598425518,0.44172237467872577,0,highway_0,0,935.0631183613543,1254.0631183613543,,-1030.2216061663607
34.2,llm_1,1256.989664439235,-10.501500000000002,29.265460778806524,1000.0,,0.4429315857032766,0.4429315857032766,0.4429315857032766,0.4429315857032766,0.4385461244586608,0,highway_0,0,937.989664439235,1256.989664439235,,-1030.2654607788065
34.3,llm_1,1259.9205643034763,-10.501500000000002,29.3089986424131,1000.0,,0.43973242242644295,0.43973242242644295,0.43973242242644295,0.43973242242644295,0.43537863606577076,0,highway_0,0,940.9205643034763,1259.9205643034763,,-1030.3089986424131
34.4,llm_1,1262.8557863687763,-10.501500000000002,29.352220652999346,1000.0,,0.43654230692110374,0.43654230692110374,0.43654230692110374,0.43654230692110374,0.43222010586244863,0,highway_0,0,943.8557863687763,1262.8557863687763,,-1030.3522206529994
34.5,llm_1,1265.7952991413492,-10.501500000000002,29.395127725728145,1000.0,,0.4333614345608692,0.4333614345608692,0.4333614345608692,0.4333614345608692,0.4290707272879857,0,highway_0,0,946.7952991413492,1265.7952991413492,,-1030.3951277257281
34.6,llm_1,1268.7390712208303,-10.501500000000002,29.43772079481135,1000.0,,0.4301899977403627,0.4301899977403627,0.4301899977403627,0.4301899977403627,0.42593069083206814,0,highway_0,0,949.7390712208303,1268.7390712208303,,-1030.4377207948114
34.7,llm_1,1271.6870713021515,-10.501500000000002,29.48000081321236,1000.0,,0.4270281858502174,0.4270281858502174,0.4270281858502174,0.4270281858502174,0.4228001840100859,0,highway_0,0,952.6870713021515,1271.6870713021515,,-1030.4800008132124
34.8,llm_1,1274.6392681773862,-10.501500000000002,29.52196875234638,1000.0,,0.42387618525357806,0.42387618525357806,0.42387618525357806,0.42387618525357806,0.41967939134018195,0,highway_0,0,955.6392681773862,1274.6392681773862,,-1030.5219687523463
34.9,llm_1,1277.595630737564,-10.501500000000002,29.56362560177847,1000.0,,0.42073417926409185,0.42073417926409185,0.42073417926409185,0.42073417926409185,0.4165684943209058,0,highway_0,0,958.5956307375641,1277.595630737564,,-1030.5636256017785
35.0,llm_1,1280.556127974456,-10.501500000000002,29.604972368919597,1000.0,,0.4176023481253963,0.4176023481253963,0.4176023481253963,0.4176023481253963,0.4134676714112828,0,highway_0,0,961.5561279744561,1280.556127974456,,-1030.6049723689196
35.1,llm_1,1283.5207289823281,-10.501500000000002,29.646010078720792,1000.0,,0.4144808689920817,0.4144808689920817,0.4144808689920817,0.4144808689920817,0.4103770980119492,0,highway_0,0,964.5207289823281,1283.5207289823281,,-1030.6460100787208
35.2,llm_1,1286.4894029596646,-10.501500000000002,29.686739773365556,1000.0,,0.41136991591211824,0.41136991591211824,0.41136991591211824,0.41136991591211824,0.40729694644763725,0,highway_0,0,967.4894029596646,1286.4894029596646,,-1030.6867397733656
35.3,llm_1,1289.4621192108607,-10.501500000000002,29.72716251196068,1000.0,,0.4082696598107515,0.4082696598107515,0.4082696598107515,0.4082696598107515,0.40422738595125907,0,highway_0,0,970.4621192108607,1289.4621192108607,,-1030.7271625119606
35.4,llm_1,1292.4388471478833,-10.501500000000002,29.767279370225616,1000.0,,0.40518026847583166,0.40518026847583166,0.40518026847583166,0.40518026847583166,0.4011685826493405,0,highway_0,0,973.4388471478833,1292.4388471478833,,-1030.7672793702257
35.5,llm_1,1295.4195562919012,-10.501500000000002,29.807091440180525,1000.0,,0.4021019065445889,0.4021019065445889,0.4021019065445889,0.4021019065445889,0.39812069954908935,0,highway_0,0,976.4195562919012,1295.4195562919012,,-1030.8070914401806
35.6,llm_1,1298.4042162748847,-10.501500000000002,29.846599829833178,1000.0,,0.3990347354918178,0.3990347354918178,0.3990347354918178,0.3990347354918178,0.3950838965265291,0,highway_0,0,979.4042162748847,1298.4042162748847,,-1030.8465998298332
35.7,llm_1,1301.392796841171,-10.501500000000002,29.885805662864808,1000.0,,0.3959789136194758,0.3959789136194758,0.3959789136194758,0.3959789136194758,0.39205833031630277,0,highway_0,0,982.392796841171,1301.392796841171,,-1030.8858056628649
35.8,llm_1,1304.3852678490025,-10.501500000000002,29.924710078315073,1000.0,,0.39293459604766756,0.39293459604766756,0.39293459604766756,0.39293459604766756,0.38904415450264906,0,highway_0,0,985.3852678490025,1304.3852678490025,,-1030.924710078315
35.9,llm_1,1307.3815992720292,-10.501500000000002,29.96331423026626,1000.0,,0.3899019347070083,0.3899019347070083,0.3899019347070083,0.3899019347070083,0.3860415195118705,0,highway_0,0,988.3815992720292,1307.3815992720292,,-1030.9633142302662
36.0,llm_1,1310.381761200782,-10.501500000000002,30.00161928752689,1000.0,,0.38688107833234575,0.38688107833234575,0.38688107833234575,0.38688107833234575,0.3830505726062938,0,highway_0,0,991.381761200782,1310.381761200782,,-1031.0016192875269
36.1,llm_1,1313.3857238441135,-10.501500000000002,30.03962643331479,1000.0,,0.38387217245781924,0.38387217245781924,0.38387217245781924,0.38387217245781924,0.3800714578790121,0,highway_0,0,994.3857238441135,1313.3857238441135,,-1031.0396264333149
36.2,llm_1,1316.3934575306075,-10.501500000000002,30.077336864939866,1000.0,,0.3808753594132468,0.3808753594132468,0.3808753594132468,0.3808753594132468,0.37710431625075813,0,highway_0,0,997.3934575306075,1316.3934575306075,,-1031.0773368649398
36.3,llm_1,1319.4049327099563,-10.501500000000002,30.114751793486583,1000.0,,0.37789077832181783,0.37789077832181783,0.37789077832181783,0.37789077832181783,0.3741492854671691,0,highway_0,0,1000.4049327099563,1319.4049327099563,,-1031.1147517934867
36.4,llm_1,1322.4201199543058,-10.501500000000002,30.15187244349639,1000.0,,0.3749185650990703,0.3749185650990703,0.3749185650990703,0.3749185650990703,0.37120650009807576,0,highway_0,0,1003.4201199543058,1322.4201199543058,,-1031.1518724434964
36.5,llm_1,1325.4389899595708,-10.501500000000002,30.188700052650166,1000.0,,0.3719588524531373,0.3719588524531373,0.3719588524531373,0.3719588524531373,0.3682760915377514,0,highway_0,0,1006.4389899595708,1325.4389899595708,,-1031.1887000526501
36.6,llm_1,1328.4615135467159,-10.501500000000002,30.225235871450785,1000.0,,0.36901176988623585,0.36901176988623585,0.36901176988623585,0.36901176988623585,0.3653581880061907,0,highway_0,0,1009.4615135467159,1328.4615135467159,,-1031.2252358714509
36.7,llm_1,1331.4876616630065,-10.501500000000002,30.261481162905973,1000.0,,0.3660774436973857,0.3660774436973857,0.3660774436973857,0.3660774436973857,0.36245291455188067,0,highway_0,0,1012.4876616630065,1331.4876616630065,,-1031.261481162906
36.8,llm_1,1334.5174053832277,-10.501500000000002,30.29743720221155,1000.0,,0.3631559969863343,0.3631559969863343,0.3631559969863343,0.3631559969863343,0.35956039305578,0,highway_0,0,1015.5174053832277,1334.5174053832277,,-1031.2974372022115
36.9,llm_1,1337.5507159108713,-10.501500000000002,30.33310527643518,1000.0,,0.3602475496586589,0.3602475496586589,0.3602475496586589,0.3602475496586589,0.35668074223629276,0,highway_0,0,1018.5507159108713,1337.5507159108713,,-1031.3331052764352
37.0,llm_1,1340.5875645792914,-10.501500000000002,30.36848668420073,1000.0,,0.3573522184320366,0.3573522184320366,0.3573522184320366,0.3573522184320366,0.35381407765548545,0,highway_0,0,1021.5875645792914,1340.5875645792914,,-1031.3684866842007
37.1,llm_1,1343.6279228528288,-10.501500000000002,30.403582735373366,1000.0,,0.3544701168436495,0.3544701168436495,0.3544701168436495,0.3544701168436495,0.35096051172637033,0,highway_0,0,1024.6279228528288,1343.6279228528288,,-1031.4035827353734
37.2,llm_1,1346.6717623279033,-10.501500000000002,30.438394750745516,1000.0,,0.35160135525870784,0.35160135525870784,0.35160135525870784,0.35160135525870784,0.34812015372150285,0,highway_0,0,1027.6717623279033,1346.6717623279033,,-1031.4383947507456
37.3,llm_1,1349.7190547340756,-10.501500000000002,30.47292406172374,1000.0,,0.348746040880063,0.348746040880063,0.348746040880063,0.348746040880063,0.34529310978225425,0,highway_0,0,1030.7190547340756,1349.7190547340756,,-1031.4729240617237
37.4,llm_1,1352.7697719350772,-10.501500000000002,30.507172010016703,1000.0,,0.3459042777588963,0.3459042777588963,0.3459042777588963,0.3459042777588963,0.34247948292961183,0,highway_0,0,1033.7697719350772,1352.7697719350772,,-1031.5071720100168
37.5,llm_1,1355.8238859298096,-10.501500000000002,30.54113994732427,1000.0,,0.3430761668064457,0.3430761668064457,0.3430761668064457,0.3430761668064457,0.33967937307568974,0,highway_0,0,1036.8238859298096,1355.8238859298096,,-1031.5411399473244
37.6,llm_1,1358.8813688533126,-10.501500000000002,30.57482923502791,1000.0,,0.3402618058067607,0.3402618058067607,0.3402618058067607,0.3402618058067607,0.3368928770363766,0,highway_0,0,1039.8813688533126,1358.8813688533126,,-1031.574829235028
37.7,llm_1,1361.9421929777009,-10.501500000000002,30.60824124388241,1000.0,,0.33746128943045417,0.33746128943045417,0.33746128943045417,0.33746128943045417,0.3341200885450135,0,highway_0,0,1042.9421929777009,1361.9421929777009,,-1031.6082412438825
37.8,llm_1,1365.0063307130717,-10.501500000000002,30.64137735370909,1000.0,,0.334674709249419,0.334674709249419,0.334674709249419,0.334674709249419,0.3313610982667825,0,highway_0,0,1046.0063307130717,1365.0063307130717,,-1031.641377353709
37.9,llm_1,1368.0737546083808,-10.501500000000002,30.674238953090523,1000.0,,0.33190215375250864,0.33190215375250864,0.33190215375250864,0.33190215375250864,0.3286159938143385,0,highway_0,0,1049.0737546083808,1368.0737546083808,,-1031.6742389530905
38.0,llm_1,1371.1444373522875,-10.501500000000002,30.70682743906697,1000.0,,0.3291437083621285,0.3291437083621285,0.3291437083621285,0.3291437083621285,0.32588485976447146,0,highway_0,0,1052.1444373522875,1371.1444373522875,,-1031.706827439067
38.1,llm_1,1374.2183517739709,-10.501500000000002,30.739144216834468,1000.0,,0.3263994554517291,0.3263994554517291,0.3263994554517291,0.3263994554517291,0.32316777767498195,0,highway_0,0,1055.2183517739709,1374.2183517739709,,-1031.7391442168346
38.2,llm_1,1377.2954708439154,-10.501500000000002,30.771190699444784,1000.0,,0.3236694743641788,0.3236694743641788,0.3236694743641788,0.3236694743641788,0.3204648261031551,0,highway_0,0,1058.2954708439154,1377.2954708439154,,-1031.7711906994448
38.3,llm_1,1380.3757676746661,-10.501500000000002,30.802968307507257,1000.0,,0.3209538414309764,0.3209538414309764,0.3209538414309764,0.3209538414309764,0.31777608062473206,0,highway_0,0,1061.3757676746661,1380.3757676746661,,-1031.8029683075072
38.4,llm_1,1383.4592155215553,-10.501500000000002,30.834478468892634,1000.0,,0.3182526299922983,0.3182526299922983,0.3182526299922983,0.3182526299922983,0.3151016138537699,0,highway_0,0,1064.4592155215553,1383.4592155215553,,-1031.8344784688927
38.5,llm_1,1386.5457877833992,-10.501500000000002,30.865722618438955,1000.0,,0.31556591041783155,0.31556591041783155,0.31556591041783155,0.31556591041783155,0.31244149546321154,0,highway_0,0,1067.5457877833992,1386.5457877833992,,-1031.865722618439
38.6,llm_1,1389.6354580031652,-10.501500000000002,30.89670219765959,1000.0,,0.3128937501283904,0.3128937501283904,0.3128937501283904,0.3128937501283904,0.30979579220634434,0,highway_0,0,1070.6354580031652,1389.6354580031652,,-1031.8967021976596
38.7,llm_1,1392.7281998686105,-10.501500000000002,30.92741865445348,1000.0,,0.31023621361827725,0.31023621361827725,0.31023621361827725,0.31023621361827725,0.3071645679388979,0,highway_0,0,1073.7281998686105,1392.7281998686105,,-1031.9274186544535
38.8,llm_1,1395.8239872128922,-10.501500000000002,30.957873442817675,1000.0,,0.307593362478364,0.307593362478364,0.307593362478364,0.307593362478364,0.30454788364195906,0,highway_0,0,1076.8239872128922,1395.8239872128922,,-1031.9578734428176
38.9,llm_1,1398.9227940151484,-10.501500000000002,30.988068022562217,1000.0,,0.30496525541987607,0.30496525541987607,0.30496525541987607,0.30496525541987607,0.30194579744541983,0,highway_0,0,1079.9227940151484,1398.9227940151484,,-1031.9880680225622
39.0,llm_1,1402.0245944010512,-10.501500000000002,31.01800385902745,1000.0,,0.30235194829884626,0.30235194829884626,0.30235194829884626,0.30235194829884626,0.29935836465231347,0,highway_0,0,1083.0245944010512,1402.0245944010512,,-1032.0180038590274
39.1,llm_1,1405.1293626433317,-10.501500000000002,31.047682422803806,1000.0,,0.2997534941412142,0.2997534941412142,0.2997534941412142,0.2997534941412142,0.2967856377635769,0,highway_0,0,1086.1293626433317,1405.1293626433317,,-1032.0476824228037
39.2,llm_1,1408.237073162277,-10.501500000000002,31.07710518945416,1000.0,,0.2971699431685553,0.2971699431685553,0.2971699431685553,0.2971699431685553,0.2942276665035237,0,highway_0,0,1089.237073162277,1408.237073162277,,-1032.0771051894542
39.3,llm_1,1411.347700526201,-10.501500000000002,31.106273639238754,1000.0,,0.2946013428244004,0.2946013428244004,0.2946013428244004,0.2946013428244004,0.2916844978459565,0,highway_0,0,1092.347700526201,1411.347700526201,,-1032.1062736392387
39.4,llm_1,1414.4612194518852,-10.501500000000002,31.135189256842825,1000.0,,0.2920477378011349,0.2920477378011349,0.2920477378011349,0.2920477378011349,0.28915617604070576,0,highway_0,0,1095.4612194518852,1414.4612194518852,,-1032.1351892568428
39.5,llm_1,1417.5776048049959,-10.501500000000002,31.16385353110693,1000.0,,0.2895091700674439,0.2895091700674439,0.2895091700674439,0.2895091700674439,0.2866427426410567,0,highway_0,0,1098.5776048049959,1417.5776048049959,,-1032.163853531107
39.6,llm_1,1420.6968316004718,-10.501500000000002,31.192267954760027,1000.0,,0.28698567889628024,0.28698567889628024,0.28698567889628024,0.28698567889628024,0.2841442365309632,0,highway_0,0,1101.6968316004718,1420.6968316004718,,-1032.19226795476
39.7,llm_1,1423.8188750028874,-10.501500000000002,31.220434024155406,1000.0,,0.2844773008933431,0.2844773008933431,0.2844773008933431,0.2844773008933431,0.2816606939537891,0,highway_0,0,1104.8188750028874,1423.8188750028874,,-1032.2204340241553
39.8,llm_1,1426.9437103267883,-10.501500000000002,31.248353239009468,1000.0,,0.28198407002602,0.28198407002602,0.28198407002602,0.28198407002602,0.27919214854062346,0,highway_0,0,1107.9437103267883,1426.9437103267883,,-1032.2483532390095
39.9,llm_1,1430.0713130370027,-10.501500000000002,31.27602710214341,1000.0,,0.2795060176527904,0.2795060176527904,0.2795060176527904,0.2795060176527904,0.2767386313394127,0,highway_0,0,1111.0713130370027,1430.0713130370027,,-1032.2760271021434
40.0,llm_1,1433.2005171747298,-10.501500000000002,31.292041377270188,1000.0,,0.1617441787804348,0.1617441787804348,0.1617441787804348,0.1617441787804348,0.16014275126778443,0,highway_0,0,1114.2005171747298,1433.2005171747298,,-1032.2920413772702
40.1,llm_1,1436.3312295505077,-10.501500000000002,31.30712375777956,1000.0,,0.15233204314466942,0.15233204314466942,0.15233204314466942,0.15233204314466942,0.1508238050937294,0,highway_0,0,1117.3312295505077,1436.3312295505077,,-1032.3071237577797
40.2,llm_1,1439.463355951781,-10.501500000000002,31.321264012734247,1000.0,,0.14281657504233114,0.14281657504233114,0.14281657504233114,0.14281657504233114,0.1414025495468607,0,highway_0,0,1120.463355951781,1439.463355951781,,-1032.3212640127342
40.3,llm_1,1442.59680118927,-10.501500000000002,31.33445237488937,1000.0,,0.13320245776677409,0.13320245776677409,0.13320245776677409,0.13320245776677409,0.131883621551232,0,highway_0,0,1123.59680118927,1442.59680118927,,-1032.3344523748895
40.4,llm_1,1445.730246426759,-10.501500000000002,31.33445237488937,1000.0,,0.0,0.0,0.0,0.0,0.0,0,highway_0,0,1126.730246426759,1445.730246426759,,-1032.3344523748895
40.5,llm_1,1448.863691664248,-10.501500000000002,31.33445237488937,1000.0,,0.0,0.0,0.0,0.0,0.0,0,highway_0,0,1129.863691664248,1448.863691664248,,-1032.3344523748895
40.6,llm_1,1451.9971369017371,-10.501500000000002,31.33445237488937,1000.0,,0.0,0.0,0.0,0.0,0.0,0,highway_0,0,1132.9971369017371,1451.9971369017371,,-1032.3344523748895
40.7,llm_1,1455.1305821392261,-10.501500000000002,31.33445237488937,1000.0,,0.0,0.0,0.0,0.0,0.0,0,highway_0,0,1136.1305821392261,1455.1305821392261,,-1032.3344523748895
40.8,llm_1,1458.2640273767151,-10.501500000000002,31.33445237488937,1000.0,,0.0,0.0,0.0,0.0,0.0,0,highway_0,0,1139.2640273767151,1458.2640273767151,,-1032.3344523748895
40.9,llm_1,1461.3974726142042,-10.501500000000002,31.33445237488937,1000.0,,0.0,0.0,0.0,0.0,0.0,0,highway_0,0,1142.3974726142042,1461.3974726142042,,-1032.3344523748895
41.0,llm_1,1464.5309178516932,-10.501500000000002,31.33445237488937,1000.0,,0.0,0.0,0.0,0.0,0.0,0,highway_0,0,1145.5309178516932,1464.5309178516932,,-1032.3344523748895
41.1,llm_1,1467.6643630891822,-10.501500000000002,31.33445237488937,1000.0,,0.0,0.0,0.0,0.0,0.0,0,highway_0,0,1148.6643630891822,1467.6643630891822,,-1032.3344523748895
41.2,llm_1,1470.7978083266712,-10.501500000000002,31.33445237488937,1000.0,,0.0,0.0,0.0,0.0,0.0,0,highway_0,0,1151.7978083266712,1470.7978083266712,,-1032.3344523748895
41.3,llm_1,1473.9312535641602,-10.501500000000002,31.33445237488937,1000.0,,0.0,0.0,0.0,0.0,0.0,0,highway_0,0,1154.9312535641602,1473.9312535641602,,-1032.3344523748895
41.4,llm_1,1477.0646988016492,-10.501500000000002,31.33445237488937,1000.0,,0.0,0.0,0.0,0.0,0.0,0,highway_0,0,1158.0646988016492,1477.0646988016492,,-1032.3344523748895
41.5,llm_1,1480.1981440391382,-10.501500000000002,31.33445237488937,1000.0,,0.0,0.0,0.0,0.0,0.0,0,highway_0,0,1161.1981440391382,1480.1981440391382,,-1032.3344523748895
41.6,llm_1,1483.3315892766273,-10.501500000000002,31.33445237488937,1000.0,,0.0,0.0,0.0,0.0,0.0,0,highway_0,0,1164.3315892766273,1483.3315892766273,,-1032.3344523748895
41.7,llm_1,1486.4650345141163,-10.501500000000002,31.33445237488937,1000.0,,0.0,0.0,0.0,0.0,0.0,0,highway_0,0,1167.4650345141163,1486.4650345141163,,-1032.3344523748895
41.8,llm_1,1489.5984559904798,-10.501500000000002,31.334214763635206,1000.0,,-0.0023998736670383103,-0.0023998736670383103,-0.0023998736670383103,-0.0023998736670383103,-0.002376112541639941,0,highway_0,0,1170.5984559904798,1489.5984559904798,,-1032.3342147636351
41.9,llm_1,1492.7317570380123,-10.501500000000002,31.333010475325512,1000.0,,-0.012163311927907206,-0.012163311927907206,-0.012163311927907206,-0.012163311927907206,-0.012042883096938795,0,highway_0,0,1173.7317570380123,1492.7317570380123,,-1032.3330104753254
42.0,llm_1,1495.8648411877257,-10.501500000000002,31.330841497133267,1000.0,,-0.021906679741662494,-0.021906679741662494,-0.021906679741662494,-0.021906679741662494,-0.021689781922447082,0,highway_0,0,1176.8648411877257,1495.8648411877257,,-1032.3308414971332
42.1,llm_1,1498.997612259578,-10.501500000000002,31.327710718523097,1000.0,,-0.03162086396274599,-0.03162086396274599,-0.03162086396274599,-0.03162086396274599,-0.03130778610170637,0,highway_0,0,1179.997612259578,1498.997612259578,,-1032.3277107185231
42.2,llm_1,1502.1155318462818,-10.501500000000002,31.17919586703795,1000.0,,-1.5,-1.5,-1.5,-1.5,-1.4851485148514598,0,highway_0,0,1183.1155318462818,1502.1155318462818,,-1032.179195867038
42.3,llm_1,1505.218599947837,-10.501500000000002,31.030681015552805,1000.0,,-1.5,-1.5,-1.5,-1.5,-1.4851485148514598,0,highway_0,0,1186.218599947837,1505.218599947837,,-1032.0306810155528
42.4,llm_1,1508.3068165642437,-10.501500000000002,30.88216616406766,1000.0,,-1.5,-1.5,-1.5,-1.5,-1.4851485148514598,0,highway_0,0,1189.3068165642437,1508.3068165642437,,-1031.8821661640677
42.5,llm_1,1511.380181695502,-10.501500000000002,30.733651312582513,1000.0,,-1.5,-1.5,-1.5,-1.5,-1.4851485148514598,0,highway_0,0,1192.380181695502,1511.380181695502,,-1031.7336513125824
42.6,llm_1,1514.4386953416117,-10.501500000000002,30.585136461097367,1000.0,,-1.5,-1.5,-1.5,-1.5,-1.4851485148514598,0,highway_0,0,1195.4386953416117,1514.4386953416117,,-1031.5851364610974
42.7,llm_1,1517.482357502573,-10.501500000000002,30.43662160961222,1000.0,,-1.5,-1.5,-1.5,-1.5,-1.4851485148514598,0,highway_0,0,1198.482357502573,1517.482357502573,,-1031.4366216096123
42.8,llm_1,1520.5111681783858,-10.501500000000002,30.288106758127075,1000.0,,-1.5,-1.5,-1.5,-1.5,-1.4851485148514598,0,highway_0,0,1201.5111681783858,1520.5111681783858,,-1031.288106758127
42.9,llm_1,1523.5251273690499,-10.501500000000002,30.13959190664193,1000.0,,-1.5,-1.5,-1.5,-1.5,-1.4851485148514598,0,highway_0,0,1204.5251273690499,1523.5251273690499,,-1031.139591906642
43.0,llm_1,1526.5242350745655,-10.501500000000002,29.991077055156783,1000.0,,-1.5,-1.5,-1.5,-1.5,-1.4851485148514598,0,highway_0,0,1207.5242350745655,1526.5242350745655,,-1030.991077055157
43.1,llm_1,1529.5084912949326,-10.501500000000002,29.842562203671637,1000.0,,-1.5,-1.5,-1.5,-1.5,-1.4851485148514598,0,highway_0,0,1210.5084912949326,1529.5084912949326,,-1030.8425622036716
43.2,llm_1,1532.4778960301512,-10.501500000000002,29.69404735218649,1000.0,,-1.5,-1.5,-1.5,-1.5,-1.4851485148514598,0,highway_0,0,1213.4778960301512,1532.4778960301512,,-1030.6940473521865
43.3,llm_1,1535.4324492802214,-10.501500000000002,29.545532500701345,1000.0,,-1.5,-1.5,-1.5,-1.5,-1.4851485148514598,0,highway_0,0,1216.4324492802214,1535.4324492802214,,-1030.5455325007013
43.4,llm_1,1538.372151045143,-10.501500000000002,29.3970176492162,1000.0,,-1.5,-1.5,-1.5,-1.5,-1.4851485148514598,0,highway_0,0,1219.372151045143,1538.372151045143,,-1030.3970176492162
43.5,llm_1,1541.2970013249162,-10.501500000000002,29.248502797731053,1000.0,,-1.5,-1.5,-1.5,-1.5,-1.4851485148514598,0,highway_0,0,1222.2970013249162,1541.2970013249162,,-1030.2485027977311
43.6,llm_1,1544.207000119541,-10.501500000000002,29.099987946245907,1000.0,,-1.5,-1.5,-1.5,-1.5,-1.4851485148514598,0,highway_0,0,1225.207000119541,1544.207000119541,,-1030.0999879462458
43.7,llm_1,1547.102147429017,-10.501500000000002,28.95147309476076,1000.0,,-1.5,-1.5,-1.5,-1.5,-1.4851485148514598,0,highway_0,0,1228.102147429017,1547.102147429017,,-1029.9514730947608
43.8,llm_1,1549.9824432533444,-10.501500000000002,28.802958243275615,1000.0,,-1.5,-1.5,-1.5,-1.5,-1.4851485148514598,0,highway_0,0,1230.9824432533444,1549.9824432533444,,-1029.8029582432757
43.9,llm_1,1552.8478875925234,-10.501500000000002,28.65444339179047,1000.0,,-1.5,-1.5,-1.5,-1.5,-1.4851485148514598,0,highway_0,0,1233.8478875925234,1552.8478875925234,,-1029.6544433917904
44.0,llm_1,1555.698480446554,-10.501500000000002,28.505928540305323,1000.0,,-1.5,-1.5,-1.5,-1.5,-1.4851485148514598,0,highway_0,0,1236.698480446554,1555.698480446554,,-1029.5059285403054
44.1,llm_1,1558.5490733005845,-10.501500000000002,28.505928540305323,1000.0,,0.0,0.0,0.0,0.0,0.0,0,highway_0,0,1239.5490733005845,1558.5490733005845,,-1029.5059285403054
44.2,llm_1,1561.399666154615,-10.501500000000002,28.505928540305323,1000.0,,0.0,0.0,0.0,0.0,0.0,0,highway_0,0,1242.399666154615,1561.399666154615,,-1029.5059285403054
44.3,llm_1,1564.2502590086456,-10.501500000000002,28.505928540305323,1000.0,,0.0,0.0,0.0,0.0,0.0,0,highway_0,0,1245.2502590086456,1564.2502590086456,,-1029.5059285403054
44.4,llm_1,1567.100851862676,-10.501500000000002,28.505928540305323,1000.0,,0.0,0.0,0.0,0.0,0.0,0,highway_0,0,1248.100851862676,1567.100851862676,,-1029.5059285403054
44.5,llm_1,1569.9514447167066,-10.501500000000002,28.505928540305323,1000.0,,0.0,0.0,0.0,0.0,0.0,0,highway_0,0,1250.9514447167066,1569.9514447167066,,-1029.5059285403054
44.6,llm_1,1572.8020375707372,-10.501500000000002,28.505928540305323,1000.0,,0.0,0.0,0.0,0.0,0.0,0,highway_0,0,1253.8020375707372,1572.8020375707372,,-1029.5059285403054
44.7,llm_1,1575.6526304247677,-10.501500000000002,28.505928540305323,1000.0,,0.0,0.0,0.0,0.0,0.0,0,highway_0,0,1256.6526304247677,1575.6526304247677,,-1029.5059285403054
44.8,llm_1,1578.5032232787983,-10.501500000000002,28.505928540305323,1000.0,,0.0,0.0,0.0,0.0,0.0,0,highway_0,0,1259.5032232787983,1578.5032232787983,,-1029.5059285403054
44.9,llm_1,1581.3538161328288,-10.501500000000002,28.505928540305323,1000.0,,0.0,0.0,0.0,0.0,0.0,0,highway_0,0,1262.3538161328288,1581.3538161328288,,-1029.5059285403054
45.0,llm_1,1584.2044089868593,-10.501500000000002,28.505928540305323,1000.0,,0.0,0.0,0.0,0.0,0.0,0,highway_0,0,1265.2044089868593,1584.2044089868593,,-1029.5059285403054
45.1,llm_1,1587.0550018408899,-10.501500000000002,28.505928540305323,1000.0,,0.0,0.0,0.0,0.0,0.0,0,highway_0,0,1268.0550018408899,1587.0550018408899,,-1029.5059285403054
45.2,llm_1,1589.9055946949204,-10.501500000000002,28.505928540305323,1000.0,,0.0,0.0,0.0,0.0,0.0,0,highway_0,0,1270.9055946949204,1589.9055946949204,,-1029.5059285403054
45.3,llm_1,1592.756187548951,-10.501500000000002,28.505928540305323,1000.0,,0.0,0.0,0.0,0.0,0.0,0,highway_0,0,1273.756187548951,1592.756187548951,,-1029.5059285403054
45.4,llm_1,1595.6067804029815,-10.501500000000002,28.505928540305323,1000.0,,0.0,0.0,0.0,0.0,0.0,0,highway_0,0,1276.6067804029815,1595.6067804029815,,-1029.5059285403054
45.5,llm_1,1598.457373257012,-10.501500000000002,28.505928540305323,1000.0,,0.0,0.0,0.0,0.0,0.0,0,highway_0,0,1279.457373257012,1598.457373257012,,-1029.5059285403054
45.6,llm_1,1601.3079661110426,-10.501500000000002,28.505928540305323,1000.0,,0.0,0.0,0.0,0.0,0.0,0,highway_0,0,1282.3079661110426,1601.3079661110426,,-1029.5059285403054
45.7,llm_1,1604.158558965073,-10.501500000000002,28.505928540305323,1000.0,,0.0,0.0,0.0,0.0,0.0,0,highway_0,0,1285.158558965073,1604.158558965073,,-1029.5059285403054
45.8,llm_1,1607.0131940394604,-10.501500000000002,28.546350743872736,1000.0,,0.4082642560308586,0.4082642560308586,0.4082642560308586,0.4082642560308586,0.40422203567413106,0,highway_0,0,1288.0131940394604,1607.0131940394604,,-1029.5463507438728
45.9,llm_1,1609.8718945369208,-10.501500000000002,28.587004974604866,1000.0,,0.41060773039449383,0.41060773039449383,0.41060773039449383,0.41060773039449383,0.4065423073213026,0,highway_0,0,1290.8718945369208,1609.8718945369208,,-1029.587004974605
46.0,llm_1,1612.7346817140306,-10.501500000000002,28.627871771098075,1000.0,,0.41275464458143396,0.41275464458143396,0.41275464458143396,0.41275464458143396,0.4086679649320857,0,highway_0,0,1293.7346817140306,1612.7346817140306,,-1029.6278717710982
46.1,llm_1,1615.6015749214307,-10.501500000000002,28.668932074002495,1000.0,,0.4147090593346412,0.4147090593346412,0.4147090593346412,0.4147090593346412,0.41060302904419643,0,highway_0,0,1296.6015749214307,1615.6015749214307,,-1029.6689320740024
46.2,llm_1,1618.4725916418645,-10.501500000000002,28.710167204337075,1000.0,,0.4164748163792704,0.4164748163792704,0.4164748163792704,0.4164748163792704,0.41235130334580816,0,highway_0,0,1299.4725916418645,1618.4725916418645,,-1029.710167204337
46.3,llm_1,1621.3477475261368,-10.501500000000002,28.7515588427235,1000.0,,0.41805554770287423,0.41805554770287423,0.41805554770287423,0.41805554770287423,0.41391638386425456,0,highway_0,0,1302.3477475261368,1621.3477475261368,,-1029.7515588427234
46.4,llm_1,1624.2270564270866,-10.501500000000002,28.793089009498924,1000.0,,0.4194546844317666,0.4194546844317666,0.4194546844317666,0.4194546844317666,0.4153016677542354,0,highway_0,0,1305.2270564270866,1624.2270564270866,,-1029.793089009499
46.5,llm_1,1627.1105304316536,-10.501500000000002,28.834740045669694,1000.0,,0.4206754653247664,0.4206754653247664,0.4206754653247664,0.4206754653247664,0.41651036170769373,0,highway_0,0,1308.1105304316536,1627.1105304316536,,-1029.8347400456696
46.6,llm_1,1629.9981798911206,-10.501500000000002,28.876494594670202,1000.0,,0.42172094490513934,0.42172094490513934,0.42172094490513934,0.42172094490513934,0.41754549000508234,0,highway_0,0,1310.9981798911206,1629.9981798911206,,-1029.8764945946702
46.7,llm_1,1632.8900134496098,-10.501500000000002,28.91833558489308,1000.0,,0.4225940012510593,0.4225940012510593,0.4225940012510593,0.4225940012510593,0.41840990222876684,0,highway_0,0,1313.8900134496098,1632.8900134496098,,-1029.9183355848932
46.8,llm_1,1635.7860380709058,-10.501500000000002,28.96024621295884,1000.0,,0.42329734346417525,0.42329734346417525,0.42329734346417525,0.42329734346417525,0.41910628065760847,0,highway_0,0,1316.7860380709058,1635.7860380709058,,-1029.9602462129587
46.9,llm_1,1638.6862590636752,-10.501500000000002,29.00220992769503,1000.0,,0.4238335188355561,0.4238335188355561,0.4238335188355561,0.4238335188355561,0.41963714736191093,0,highway_0,0,1319.6862590636752,1638.6862590636752,,-1030.002209927695
47.0,llm_1,1641.590680105155,-10.501500000000002,29.04421041479677,1000.0,,0.4242049197275558,0.4242049197275558,0.4242049197275558,0.4242049197275558,0.42000487101738315,0,highway_0,0,1322.590680105155,1641.590680105155,,-1030.0442104147967
47.1,llm_1,1644.4997099896286,-10.501500000000002,29.090298844738157,1000.0,,0.46549314240803497,0.46549314240803497,0.46549314240803497,0.46549314240803497,0.460884299413884,0,highway_0,0,1325.4997099896286,1644.4997099896286,,-1030.090298844738
47.2,llm_1,1647.4133153096363,-10.501500000000002,29.136053200076653,1000.0,,0.462118988918781,0.462118988918781,0.462118988918781,0.462118988918781,0.45754355338495145,0,highway_0,0,1328.4133153096363,1647.4133153096363,,-1030.1360532000767
47.3,llm_1,1650.331462742925,-10.501500000000002,29.18147433288583,1000.0,,0.45875344137269736,0.45875344137269736,0.45875344137269736,0.45875344137269736,0.45421132809178033,0,highway_0,0,1331.331462742925,1650.331462742925,,-1030.1814743328857
47.4,llm_1,1653.2541190547577,-10.501500000000002,29.226563118327938,1000.0,,0.45539673296526006,0.45539673296526006,0.45539673296526006,0.45539673296526006,0.45088785442107593,0,highway_0,0,1334.2541190547577,1653.2541190547577,,-1030.226563118328
47.5,llm_1,1656.1812511001901,-10.501500000000002,29.27132045432501,1000.0,,0.452049093570433,0.452049093570433,0.452049093570433,0.452049093570433,0.44757335997072545,0,highway_0,0,1337.1812511001901,1656.1812511001901,,-1030.271320454325
47.6,llm_1,1659.1128258263127,-10.501500000000002,29.31574726122645,1000.0,,0.448710749704502,0.448710749704502,0.448710749704502,0.448710749704502,0.44426806901437743,0,highway_0,0,1340.1128258263127,1659.1128258263127,,-1030.3157472612265
47.7,llm_1,1662.04881027446,-10.501500000000002,29.35984448147316,1000.0,,0.4453819244917797,0.4453819244917797,0.4453819244917797,0.4453819244917797,0.44097220246712254,0,highway_0,0,1343.04881027446,1662.04881027446,,-1030.3598444814731
47.8,llm_1,1664.9891715823858,-10.501500000000002,29.403613079258523,1000.0,,0.4420628376321747,0.4420628376321747,0.4420628376321747,0.4420628376321747,0.43768597785362573,0,highway_0,0,1345.9891715823858,1664.9891715823858,,-1030.4036130792585
47.9,llm_1,1667.9338769864044,-10.501500000000002,29.44705404018631,1000.0,,0.4387537053706202,0.4387537053706202,0.4387537053706202,0.4387537053706202,0.4344096092778571,0,highway_0,0,1348.9338769864044,1667.9338769864044,,-1030.4470540401862
48.0,llm_1,1670.882893823497,-10.501500000000002,29.490168370925748,1000.0,,0.4354547404683522,0.4354547404683522,0.4354547404683522,0.4354547404683522,0.431143307394386,0,highway_0,0,1351.882893823497,1670.882893823497,,-1030.4901683709259
48.1,llm_1,1673.8361895333833,-10.501500000000002,29.532957098863967,1000.0,,0.4321661521760305,0.4321661521760305,0.4321661521760305,0.4321661521760305,0.4278872793821975,0,highway_0,0,1354.8361895333833,1673.8361895333833,,-1030.532957098864
48.2,llm_1,1676.793731660559,-10.501500000000002,29.575421271755918,1000.0,,0.4288881462086892,0.4288881462086892,0.4288881462086892,0.4288881462086892,0.4246417289195037,0,highway_0,0,1357.793731660559,1676.793731660559,,-1030.5754212717559
48.3,llm_1,1679.7554878562962,-10.501500000000002,29.617561957372008,1000.0,,0.42562092472250757,0.42562092472250757,0.42562092472250757,0.42562092472250757,0.4214068561608997,0,highway_0,0,1360.7554878562962,1679.7554878562962,,-1030.6175619573721
48.4,llm_1,1682.7214258806105,-10.501500000000002,29.659380243143634,1000.0,,0.4223646862933924,0.4223646862933924,0.4223646862933924,0.4223646862933924,0.4181828577162605,0,highway_0,0,1363.7214258806105,1682.7214258806105,,-1030.6593802431437
48.5,llm_1,1685.6915136041912,-10.501500000000002,29.700877235806736,1000.0,,0.41911962589734386,0.41911962589734386,0.41911962589734386,0.41911962589734386,0.4149699266310236,0,highway_0,0,1366.6915136041912,1685.6915136041912,,-1030.7008772358067
48.6,llm_1,1688.6657190102956,-10.501500000000002,29.74205406104363,1000.0,,0.41588593489261216,0.41588593489261216,0.41588593489261216,0.41588593489261216,0.41176825236892256,0,highway_0,0,1369.6657190102956,1688.6657190102956,,-1030.7420540610435
48.7,llm_1,1691.644010196608,-10.501500000000002,29.782911863123193,1000.0,,0.412663801003603,0.412663801003603,0.412663801003603,0.412663801003603,0.40857802079564465,0,highway_0,0,1372.644010196608,1691.644010196608,,-1030.7829118631232
48.8,llm_1,1694.6263553770618,-10.501500000000002,29.82345180453968,1000.0,,0.4094534083065411,0.4094534083065411,0.4094534083065411,0.4094534083065411,0.4053994141648687,0,highway_0,0,1375.6263553770618,1694.6263553770618,,-1030.8234518045397
48.9,llm_1,1697.612722883627,-10.501500000000002,29.86367506565026,1000.0,,0.4062549372168476,0.4062549372168476,0.4062549372168476,0.4062549372168476,0.402232611105795,0,highway_0,0,1378.612722883627,1697.612722883627,,-1030.8636750656503
49.0,llm_1,1700.603081168058,-10.501500000000002,29.903582844311472,1000.0,,0.40306856447823436,0.40306856447823436,0.40306856447823436,0.40306856447823436,0.399077786612132,0,highway_0,0,1381.603081168058,1700.603081168058,,-1030.9035828443116
49.1,llm_1,1703.5973988036094,-10.501500000000002,29.94317635551479,1000.0,,0.3998944631534823,0.3998944631534823,0.3998944631534823,0.3998944631534823,0.3959351120331789,0,highway_0,0,1384.5973988036094,1703.5973988036094,,-1030.9431763555149
49.2,llm_1,1706.5956444867115,-10.501500000000002,29.982456831021413,1000.0,,0.39673280261688415,0.39673280261688415,0.39673280261688415,0.39673280261688415,0.3928047550662228,0,highway_0,0,1387.5956444867115,1706.5956444867115,,-1030.9824568310214
49.3,llm_1,1709.5977870386112,-10.501500000000002,30.021425518996494,1000.0,,0.3935837485483339,0.3935837485483339,0.3935837485483339,0.3935837485483339,0.38968687975081906,0,highway_0,0,1390.5977870386112,1709.5977870386112,,-1031.0214255189965
49.4,llm_1,1712.6037954069755,-10.501500000000002,30.060083683642937,1000.0,,0.39044746292903565,0.39044746292903565,0.39044746292903565,0.39044746292903565,0.38658164646442117,0,highway_0,0,1393.6037954069755,1712.6037954069755,,-1031.060083683643
49.5,llm_1,1715.6136386674589,-10.501500000000002,30.098432604834898,1000.0,,0.38732410403881057,0.38732410403881057,0.38732410403881057,0.38732410403881057,0.38348921191960983,0,highway_0,0,1396.6136386674589,1715.6136386674589,,-1031.098432604835
49.6,llm_1,1718.627286025234,-10.501500000000002,30.136473577751232,1000.0,,0.38421382645497915,0.38421382645497915,0.38421382645497915,0.38421382645497915,0.3804097291633468,0,highway_0,0,1399.627286025234,1718.627286025234,,-1031.1364735777513
49.7,llm_1,1721.644706816485,-10.501500000000002,30.174207912508933,1000.0,,0.38111678105278946,0.38111678105278946,0.38111678105278946,0.38111678105278946,0.3773433475770105,0,highway_0,0,1402.644706816485,1721.644706816485,,-1031.174207912509
49.8,llm_1,1724.6658705098648,-10.501500000000002,30.211636933796793,1000.0,,0.37803311500736836,0.37803311500736836,0.37803311500736836,0.37803311500736836,0.37429021287859854,0,highway_0,0,1405.6658705098648,1724.6658705098648,,-1031.2116369337969
49.9,llm_1,1727.6907467079157,-10.501500000000002,30.248761980509386,1000.0,,0.374962971797168,0.374962971797168,0.374962971797168,0.374962971797168,0.37125046712592535,0,highway_0,0,1408.6907467079157,1727.6907467079157,,-1031.2487619805095
50.0,llm_1,1730.7193051484537,-10.501500000000002,30.285584405381552,1000.0,,0.3719064912088861,0.3719064912088861,0.3719064912088861,0.3719064912088861,0.3682242487216669,0,highway_0,0,1411.7193051484537,1730.7193051484537,,-1031.2855844053815
50.1,llm_1,1733.751515705916,-10.501500000000002,30.322105574623517,1000.0,,0.3688638093438187,0.3688638093438187,0.3688638093438187,0.3688638093438187,0.3652116924196491,0,highway_0,0,1414.751515705916,1733.751515705916,,-1031.3221055746235
50.2,llm_1,1736.7873483926717,-10.501500000000002,30.358326867556748,1000.0,,0.36583505862563437,0.36583505862563437,0.36583505862563437,0.36583505862563437,0.3622129293323084,0,highway_0,0,1417.7873483926717,1736.7873483926717,,-1031.3583268675568
50.3,llm_1,1739.8267733602968,-10.501500000000002,30.394249676250762,1000.0,,0.36282036780952953,0.36282036780952953,0.36282036780952953,0.36282036780952953,0.3592280869401421,0,highway_0,0,1420.8267733602968,1739.8267733602968,,-1031.3942496762509
50.4,llm_1,1742.869760900813,-10.501500000000002,30.429875405160935,1000.0,,0.35981986199273963,0.35981986199273963,0.35981986199273963,0.35981986199273963,0.3562572891017268,0,highway_0,0,1423.869760900813,1742.869760900813,,-1031.4298754051608
50.5,llm_1,1745.9162814478898,-10.501500000000002,30.465205470767508,1000.0,,0.3568336626263767,0.3568336626263767,0.3568336626263767,0.3568336626263767,0.353300656065727,0,highway_0,0,1426.9162814478898,1745.9162814478898,,-1031.4652054707676
50.6,llm_1,1748.9663055780113,-10.501500000000002,30.50024130121588,1000.0,,0.3538618875285614,0.3538618875285614,0.3538618875285614,0.3538618875285614,0.35035830448371996,0,highway_0,0,1429.9663055780113,1748.9663055780113,,-1031.500241301216
50.7,llm_1,1752.0198040116072,-10.501500000000002,30.534984335958338,1000.0,,0.35090465089882616,0.35090465089882616,0.35090465089882616,0.35090465089882616,0.34743034742458434,0,highway_0,0,1433.0198040116072,1752.0198040116072,,-1031.5349843359584
50.8,llm_1,1755.076747614147,-10.501500000000002,30.569436025397323,1000.0,,0.3479620633337458,0.3479620633337458,0.3479620633337458,0.3479620633337458,0.344516894389848,0,highway_0,0,1436.076747614147,1755.076747614147,,-1031.5694360253974
50.9,llm_1,1758.1371073972,-10.501500000000002,30.603597830530372,1000.0,,0.3450342318437798,0.3450342318437798,0.3450342318437798,0.3450342318437798,0.3416180513304923,0,highway_0,0,1439.1371073972,1758.1371073972,,-1031.6035978305304
51.0,llm_1,1761.2008545194597,-10.501500000000002,30.637471222596837,1000.0,,0.3421212598712864,0.3421212598712864,0.3421212598712864,0.3421212598712864,0.3387339206646445,0,highway_0,0,1442.2008545194597,1761.2008545194597,,-1031.6374712225968
51.1,llm_1,1764.2679602877322,-10.501500000000002,30.671057682726506,1000.0,,0.33922324730967335,0.33922324730967335,0.33922324730967335,0.33922324730967335,0.3358646012966915,0,highway_0,0,1445.2679602877322,1764.2679602877322,,-1031.6710576827265
51.2,llm_1,1767.338396157891,-10.501500000000002,30.704358701590234,1000.0,,0.33634029052366876,0.33634029052366876,0.33634029052366876,0.33634029052366876,0.3330101886372816,0,highway_0,0,1448.338396157891,1767.338396157891,,-1031.7043587015903
51.3,llm_1,1770.4121337357965,-10.501500000000002,30.737375779052677,1000.0,,0.3334724823706664,0.3334724823706664,0.3334724823706664,0.3334724823706664,0.33017077462442757,0,highway_0,0,1451.4121337357965,1770.4121337357965,,-1031.7373757790526
51.4,llm_1,1771.3380983220125,-10.501500000000002,9.259645862159651,1000.0,,-216.92507216061955,-216.92507216061955,-216.92507216061955,-216.92507216061955,-214.77729916893026,0,highway_0,0,1452.3380983220125,1771.3380983220125,,-1010.2596458621597
51.5,llm_1,1772.2477582811148,-10.501500000000002,9.096599591022736,1000.0,,-1.6467673384828418,-1.6467673384828418,-1.6467673384828418,-1.6467673384828418,-1.6304627113691517,0,highway_0,0,1453.2477582811148,1772.2477582811148,,-1010.0965995910227
51.6,llm_1,1773.1405895519413,-10.501500000000002,8.928312708264466,1000.0,,-1.699697515858528,-1.699697515858528,-1.699697515858528,-1.699697515858528,-1.682868827582702,0,highway_0,0,1454.1405895519413,1773.1405895519413,,-1009.9283127082645
51.7,llm_1,1774.0160165556404,-10.501500000000002,8.754270036989862,1000.0,,-1.757830979873508,-1.757830979873508,-1.757830979873508,-1.757830979873508,-1.7404267127460393,0,highway_0,0,1455.0160165556404,1774.0160165556404,,-1009.7542700369899
51.8,llm_1,1774.8734033720568,-10.4915,8.57386816416412,1000.0,,-1.822058915540007,-1.822058915540007,-1.822058915540007,-1.822058915540007,-1.8040187282574216,0,highway_0,0,1455.8734033720568,1774.8734033720568,,-1009.5738681641641
51.9,llm_1,1775.7120426797178,-10.4715,8.386393076610569,1000.0,,-1.8934983842908695,-1.8934983842908695,-1.8934983842908695,-1.8934983842908695,-1.8747508755355113,0,highway_0,0,1456.7120426797178,1775.7120426797178,,-1009.3863930766106
52.0,llm_1,1776.5311416829832,-10.441500000000001,8.19099003265322,1000.0,,-1.973570743969228,-1.973570743969228,-1.973570743969228,-1.973570743969228,-1.9540304395734864,0,highway_0,0,1457.5311416829832,1776.5311416829832,,-1009.1909900326532
52.1,llm_1,1777.3298038964067,-10.4015,7.986622134235259,1000.0,,-2.0641157740214067,-2.0641157740214067,-2.0641157740214067,-2.0641157740214067,-2.043678984179609,0,highway_0,0,1458.3298038964067,1777.3298038964067,,-1008.9866221342353
52.2,llm_1,1778.10700509724,-10.351500000000001,7.772012008334387,1000.0,,-2.1675622715988125,-2.1675622715988125,-2.1675622715988125,-2.1675622715988125,-2.1461012590087236,0,highway_0,0,1459.10700509724,1778.10700509724,,-1008.7720120083344
52.3,llm_1,1778.8615608419689,-10.291500000000001,7.545557447288568,1000.0,,-2.287191066562777,-2.287191066562777,-2.287191066562777,-2.287191066562777,-2.2645456104581907,0,highway_0,0,1459.8615608419689,1778.8615608419689,,-1008.5455574472886
52.4,llm_1,1779.5920813845412,-10.2215,7.305205425722633,1000.0,,-2.4275554178159333,-2.4275554178159333,-2.4275554178159333,-2.4275554178159333,-2.403520215659345,0,highway_0,0,1460.5920813845412,1779.5920813845412,,-1008.3052054257226
52.5,llm_1,1780.2969070532974,-10.1415,7.048256687563314,1000.0,,-2.5951822554091244,-2.5951822554091244,-2.5951822554091244,-2.5951822554091244,-2.5694873815931896,0,highway_0,0,1461.2969070532974,1780.2969070532974,,-1008.0482566875634
52.6,llm_1,1780.9740118959435,-10.0515,6.771048426460981,1000.0,,-2.7998034371335643,-2.7998034371335643,-2.7998034371335643,-2.7998034371335643,-2.7720826110233343,0,highway_0,0,1461.9740118959435,1780.9740118959435,,-1007.771048426461
52.7,llm_1,1781.62085279938,-9.951500000000001,6.468409034364106,1000.0,,-3.056657860178441,-3.056657860178441,-3.056657860178441,-3.056657860178441,-3.0263939209687507,0,highway_0,0,1462.62085279938,1781.62085279938,,-1007.4684090343641
52.8,llm_1,1782.2341179659948,-9.851500000000001,6.132651666147703,1000.0,,-3.3911494189856626,-3.3911494189856626,-3.3911494189856626,-3.3911494189856626,-3.3575736821640234,0,highway_0,0,1463.2341179659948,1782.2341179659948,,-1007.1326516661477
52.9,llm_1,1782.8092713692718,-9.7515,5.751534032768934,1000.0,,-3.8492880971255694,-3.8492880971255694,-3.8492880971255694,-3.8492880971255694,-3.811176333787696,0,highway_0,0,1463.8092713692718,1782.8092713692718,,-1006.751534032769
53.0,llm_1,1783.3396269575069,-9.6515,5.303555882352046,1000.0,,-4.524579319210565,-4.524579319210565,-4.524579319210565,-4.524579319210565,-4.479781504168878,0,highway_0,0,1464.3396269575069,1783.3396269575069,,-1006.303555882352
53.1,llm_1,1783.8141146336525,-9.551499999999999,4.744876761455298,1000.0,,-5.642659121057161,-5.642659121057161,-5.642659121057161,-5.642659121057161,-5.586791208967483,0,highway_0,1,1464.8141146336525,1783.8141146336525,,-1005.7448767614553
53.2,llm_1,1784.210096234954,-9.4515,3.9598160130158435,1000.0,,-7.929113559238488,-7.929113559238488,-7.929113559238488,-7.929113559238488,-7.850607484394541,0,highway_0,1,1465.210096234954,1784.210096234954,,-1004.9598160130158
53.3,llm_1,1784.450966096469,-9.3515,2.4086986151498655,1000.0,,-15.666285718446378,-15.666285718446378,-15.666285718446378,-15.666285718446378,-15.51117397865978,0,highway_0,1,1465.450966096469,1784.450966096469,,-1003.4086986151499
53.4,llm_1,1784.453350946583,-9.2515,0.02384850114009751,1000.0,,-1205.4718334672568,-1205.4718334672568,-1205.4718334672568,-1205.4718334672568,-23.848501140097678,0,highway_0,1,1465.453350946583,1784.453350946583,,-1001.0238485011402
53.5,llm_1,1784.4656047593003,-9.151499999999999,0.12253812717223439,1000.0,,0.9967652229245824,0.9967652229245824,0.9967652229245824,0.9967652229245824,0.9868962603213688,0,highway_0,1,1465.4656047593003,1784.4656047593003,,-1001.1225381271722
53.6,llm_1,1784.4657260841786,-9.051499999999999,0.0012132487838835138,1000.0,,-1.254680214558746,-1.254680214558746,-1.254680214558746,-1.254680214558746,-1.2132487838835087,0,highway_0,1,1465.4657260841786,1784.4657260841786,,-1001.0012132487839
53.7,llm_1,1784.4757483989415,-8.9515,0.10022314762873166,1000.0,,0.9999999783329663,0.9999999783329663,0.9999999783329663,0.9999999783329663,0.9900989884484814,0,highway_0,1,1465.4757483989415,1784.4757483989415,,-1001.1002231476288
53.8,llm_1,1784.4856820421544,-8.8515,0.09933643212981975,1000.0,,-0.00895582653901017,-0.00895582653901017,-0.00895582653901017,-0.00895582653901017,-0.00886715498911908,0,highway_0,1,1465.4856820421544,1784.4856820421544,,-1001.0993364321298
53.9,llm_1,1784.4958758803002,-8.751499999999998,0.10193838145777452,1000.0,,0.026279688212343055,0.026279688212343055,0.026279688212343055,0.026279688212343055,0.026019493279547667,0,highway_0,1,1465.4958758803002,1784.4958758803002,,-1001.1019383814578
54.0,llm_1,1784.505279432054,-8.651499999999999,0.09403551753800748,1000.0,,-0.0798189255896471,-0.0798189255896471,-0.0798189255896471,-0.0798189255896471,-0.07902863919767036,0,highway_0,1,1465.505279432054,1784.505279432054,,-1001.094035517538
54.1,llm_1,1784.516842096274,-8.551499999999999,0.11562664219994043,1000.0,,0.21807035908552264,0.21807035908552264,0.21807035908552264,0.21807035908552264,0.21591124661932942,0,highway_0,1,1465.516842096274,1784.516842096274,,-1001.1156266421999
54.2,llm_1,1784.520608317389,-8.4515,0.03766221114721896,1000.0,,-0.7874407536324868,-0.7874407536324868,-0.7874407536324868,-0.7874407536324868,-0.7796443105272146,0,highway_0,1,1465.520608317389,1784.520608317389,,-1001.0376622111472
54.3,llm_1,1784.5340763228473,-8.3515,0.13468005458421423,1000.0,,0.9798802187136522,0.9798802187136522,0.9798802187136522,0.9798802187136522,0.9701784343699527,0,highway_0,1,1465.5340763228473,1784.5340763228473,,-1001.1346800545842
54.4,llm_1,1784.534209669436,-8.2515,0.001333465886972418,1000.0,,-2.290130581356603,-2.290130581356603,-2.290130581356603,-2.290130581356603,-1.333465886972418,0,highway_0,1,1465.534209669436,1784.534209669436,,-1001.001333465887
54.5,llm_1,1784.5442440058107,-8.151499999999999,0.10034336374662507,1000.0,,0.9999999683824918,0.9999999683824918,0.9999999683824918,0.9999999683824918,0.9900989785965265,0,highway_0,1,1465.5442440058107,1784.5442440058107,,-1001.1003433637467
54.6,llm_1,1784.5541416545504,-8.051499999999999,0.09897648739711938,1000.0,,-0.013805451130007418,-0.013805451130007418,-0.013805451130007418,-0.013805451130007418,-0.013668763495056913,0,highway_0,1,1465.5541416545504,1784.5541416545504,,-1001.0989764873971
54.7,llm_1,1784.5644384739353,-7.951499999999999,0.10296819384755639,1000.0,,0.04031623514941374,0.04031623514941374,0.04031623514941374,0.04031623514941374,0.03991706450437005,0,highway_0,1,1465.5644384739353,1784.5644384739353,,-1001.1029681938476
54.8,llm_1,1784.5735063899917,-7.851499999999999,0.09067916056541747,1000.0,,-0.12411923614960307,-0.12411923614960307,-0.12411923614960307,-0.12411923614960307,-0.12289033282138914,0,highway_0,1,1465.5735063899917,1784.5735063899917,,-1001.0906791605654
54.9,llm_1,1784.5857809434356,-7.751499999999999,0.12274553443737243,1000.0,,0.3238703761067451,0.3238703761067451,0.3238703761067451,0.3238703761067451,0.3206637387195496,0,highway_0,1,1465.5857809434356,1784.5857809434356,,-1001.1227455344374
55.0,llm_1,1784.5859024736676,-7.661499999999999,0.0012153023211620984,1000.0,,-1.2699840448846018,-1.2699840448846018,-1.2699840448846018,-1.2699840448846018,-1.2153023211621032,0,highway_0,1,1465.5859024736676,1784.5859024736676,,-1001.0012153023212
55.1,llm_1,1784.5959249937828,-7.581499999999999,0.10022520115144919,1000.0,,0.9999999781858995,0.9999999781858995,0.9999999781858995,0.9999999781858995,0.9900989883028708,0,highway_0,1,1465.5959249937828,1784.5959249937828,,-1001.1002252011515
55.2,llm_1,1784.60585802359,-7.511499999999999,0.09933029807187842,1000.0,,-0.009038521103664765,-0.009038521103664765,-0.009038521103664765,-0.009038521103664765,-0.008949030795707691,0,highway_0,1,1465.60585802359,1784.60585802359,,-1001.0993302980719
55.3,llm_1,1784.6160536293987,-7.451499999999999,0.10195605808741087,1000.0,,0.02652017615687785,0.02652017615687785,0.02652017615687785,0.02652017615687785,0.02625760015532455,0,highway_0,1,1465.6160536293987,1784.6160536293987,,-1001.1019560580875
55.4,llm_1,1784.6254515312012,-7.401499999999999,0.09397901802536246,1000.0,,-0.08056810462668906,-0.08056810462668906,-0.08056810462668906,-0.08056810462668906,-0.07977040062048413,0,highway_0,1,1465.6254515312012,1784.6254515312012,,-1001.0939790180254
55.5,llm_1,1784.6370271349674,-7.3614999999999995,0.11575603766221959,1000.0,,0.21994789833225714,0.21994789833225714,0.21994789833225714,0.21994789833225714,0.2177701963685713,0,highway_0,1,1465.6370271349674,1784.6370271349674,,-1001.1157560376622
55.6,llm_1,1784.6407269431759,-7.331499999999999,0.036998082085766826,1000.0,,-0.7954553513221729,-0.7954553513221729,-0.7954553513221729,-0.7954553513221729,-0.7875795557645277,0,highway_0,1,1465.6407269431759,1784.6407269431759,,-1001.0369980820858
55.7,llm_1,1784.65414221946,-7.311499999999999,0.13415276284044536,1000.0,,0.9812622756222532,0.9812622756222532,0.9812622756222532,0.9812622756222532,0.9715468075467854,0,highway_0,1,1465.65414221946,1784.65414221946,,-1001.1341527628405
55.8,llm_1,1784.6542750439778,-7.301499999999999,0.001328245176638071,1000.0,,-2.238907052167376,-2.238907052167376,-2.238907052167376,-2.238907052167376,-1.3282451766380727,0,highway_0,1,1465.6542750439778,1784.6542750439778,,-1001.0013282451766
55.9,llm_1,1784.6643088582864,-7.301499999999999,0.10033814308502816,1000.0,,0.9999999688747399,0.9999999688747399,0.9999999688747399,0.9999999688747399,0.9900989790839008,0,highway_0,1,1465.6643088582864,1784.6643088582864,,-1001.1003381430851
56.0,llm_1,1784.674208073757,-7.301499999999999,0.09899215470546718,1000.0,,-0.013594482633565885,-0.013594482633565885,-0.013594482633565885,-0.013594482633565885,-0.013459883795609723,0,highway_0,1,1465.674208073757,1784.674208073757,,-1001.0989921547055
56.1,llm_1,1784.6845004421489,-7.301499999999999,0.10292368391984451,1000.0,,0.039708445065211095,0.039708445065211095,0.039708445065211095,0.039708445065211095,0.039315292143773245,0,highway_0,1,1465.6845004421489,1784.6845004421489,,-1001.1029236839198
56.2,llm_1,1784.6935831391565,-7.301499999999999,0.09082697007657967,1000.0,,-0.12217680981697487,-0.12217680981697487,-0.12217680981697487,-0.12217680981697487,-0.12096713843264842,0,highway_0,1,1465.6935831391565,1784.6935831391565,,-1001.0908269700766
56.3,llm_1,1784.7058287188026,-7.301499999999999,0.12245579646043636,1000.0,,0.3194511464769526,0.3194511464769526,0.3194511464769526,0.3194511464769526,0.31628826383856695,0,highway_0,1,1465.7058287188026,1784.7058287188026,,-1001.1224557964605
56.4,llm_1,1784.7059499621655,-7.301499999999999,0.0012124336283211579,1000.0,,-1.248626835600842,-1.248626835600842,-1.248626835600842,-1.248626835600842,-1.2124336283211519,0,highway_0,1,1465.7059499621655,1784.7059499621655,,-1001.0012124336283
56.5,llm_1,1784.7159721954133,-7.301499999999999,0.1002223324789289,1000.0,,0.9999999783911381,0.9999999783911381,0.9999999783911381,0.9999999783911381,0.9900989885060774,0,highway_0,1,1465.7159721954133,1784.7159721954133,,-1001.1002223324789
56.6,llm_1,1784.725906082105,-7.301499999999999,0.09933886691641208,1000.0,,-0.008923002181419726,-0.008923002181419726,-0.008923002181419726,-0.008923002181419726,-0.008834655625168109,0,highway_0,1,1465.725906082105,1784.725906082105,,-1001.0993388669165
56.7,llm_1,1784.7360992184915,-7.301499999999999,0.10193136386467734,1000.0,,0.02618421917747915,0.02618421917747915,0.02618421917747915,0.02618421917747915,0.025924969482652577,0,highway_0,1,1465.7360992184915,1784.7360992184915,,-1001.1019313638647
56.8,llm_1,1784.7455050121969,-7.301499999999999,0.09405793705384768,1000.0,,-0.07952161078937947,-0.07952161078937947,-0.07952161078937947,-0.07952161078937947,-0.07873426810829656,0,highway_0,1,1465.7455050121969,1784.7455050121969,,-1001.0940579370539
56.9,llm_1,1784.7570625325961,-7.301499999999999,0.11557520399266831,1000.0,,0.2173243960820883,0.2173243960820883,0.2173243960820883,0.2173243960820883,0.21517266938820626,0,highway_0,1,1465.7570625325961,1784.7570625325961,,-1001.1155752039926
57.0,llm_1,1784.7608550807327,-7.301499999999999,0.037925481364768934,1000.0,,-0.7842621985417837,-0.7842621985417837,-0.7842621985417837,-0.7842621985417837,-0.7764972262789938,0,highway_0,1,1465.7608550807327,1784.7608550807327,,-1001.0379254813648
57.1,llm_1,1784.7743437845027,-7.301499999999999,0.13488703769907695,1000.0,,0.9793117189765107,0.9793117189765107,0.9793117189765107,0.9793117189765107,0.9696155633430801,0,highway_0,1,1465.7743437845027,1784.7743437845027,,-1001.1348870376991
57.2,llm_1,1784.774477336025,-7.301499999999999,0.0013355152247433444,1000.0,,-2.310403010958882,-2.310403010958882,-2.310403010958882,-2.310403010958882,-1.335515224743336,0,highway_0,1,1465.774477336025,1784.774477336025,,-1001.0013355152247
57.3,llm_1,1784.7845118773316,-7.301499999999999,0.10034541306510748,1000.0,,0.9999999681876778,0.9999999681876778,0.9999999681876778,0.9999999681876778,0.9900989784036414,0,highway_0,1,1465.7845118773316,1784.7845118773316,,-1001.1003454130652
57.4,llm_1,1784.7944089109776,-7.301499999999999,0.09897033646083386,1000.0,,-0.01388827370316359,-0.01388827370316359,-0.01388827370316359,-0.01388827370316359,-0.013750766042736201,0,highway_0,1,1465.7944089109776,1784.7944089109776,,-1001.0989703364609
57.5,llm_1,1784.8047074770273,-7.301499999999999,0.10298566049547814,1000.0,,0.04055477274990715,0.04055477274990715,0.04055477274990715,0.04055477274990715,0.04015324034644274,0,highway_0,1,1465.8047074770273,1784.8047074770273,,-1001.1029856604955
57.6,llm_1,1784.8137695859052,-7.301499999999999,0.09062108878025188,1000.0,,-0.12488217432378512,-0.12488217432378512,-0.12488217432378512,-0.12488217432378512,-0.12364571715226258,0,highway_0,1,1465.8137695859052,1784.8137695859052,,-1001.0906210887803
57.7,llm_1,1784.8260554642095,-7.301499999999999,0.12285878304285815,1000.0,,0.3256007120523233,0.3256007120523233,0.3256007120523233,0.3256007120523233,0.32237694262606265,0,highway_0,1,1465.8260554642095,1784.8260554642095,,-1001.1228587830428
57.8,llm_1,1784.826177106569,-7.301499999999999,0.0012164235944837481,1000.0,,-1.2783730594918765,-1.2783730594918765,-1.2783730594918765,-1.2783730594918765,-1.2164235944837438,0,highway_0,1,1465.826177106569,1784.826177106569,,-1001.0012164235944
57.9,llm_1,1784.8361997388108,-7.301499999999999,0.10022632241678897,1000.0,,0.9999999781052827,0.9999999781052827,0.9999999781052827,0.9999999781052827,0.9900989882230522,0,highway_0,1,1465.8361997388108,1784.8361997388108,,-1001.1002263224168
58.0,llm_1,1784.8461324336647,-7.301499999999999,0.0993269485385514,1000.0,,-0.009083676170199562,-0.009083676170199562,-0.009083676170199562,-0.009083676170199562,-0.008993738782375749,0,highway_0,1,1465.8461324336647,1784.8461324336647,,-1001.0993269485385
58.1,llm_1,1784.8563290045286,-7.301499999999999,0.10196570863841327,1000.0,,0.02665147700860493,0.02665147700860493,0.02665147700860493,0.02665147700860493,0.026387600998618727,0,highway_0,1,1465.8563290045286,1784.8563290045286,,-1001.1019657086384
58.2,llm_1,1784.8657238201133,-7.301499999999999,0.09394815584753524,1000.0,,-0.08097728318786812,-0.08097728318786812,-0.08097728318786812,-0.08097728318786812,-0.08017552790878027,0,highway_0,1,1465.8657238201133,1784.8657238201133,,-1001.0939481558476
58.3,llm_1,1784.877306477802,-7.301499999999999,0.11582657688639651,1000.0,,0.22097205249249874,0.22097205249249874,0.22097205249249874,0.22097205249249874,0.2187842103886127,0,highway_0,1,1465.877306477802,1784.877306477802,,-1001.1158265768864
58.4,llm_1,1784.8809699691556,-7.301499999999999,0.03663491353473407,1000.0,,-0.7998357998517907,-0.7998357998517907,-0.7998357998517907,-0.7998357998517907,-0.7919166335166244,0,highway_0,1,1465.8809699691556,1784.8809699691556,,-1001.0366349135347
58.5,llm_1,1784.8943561062767,-7.301499999999999,0.1338613712123468,1000.0,,0.9819872225438887,0.9819872225438887,0.9819872225438887,0.9819872225438887,0.9722645767761274,0,highway_0,1,1465.8943561062767,1784.8943561062767,,-1001.1338613712123
58.6,llm_1,1784.8944886422878,-7.301499999999999,0.001325360111013335,1000.0,,-2.21085783914496,-2.21085783914496,-2.21085783914496,-2.21085783914496,-1.3253601110133346,0,highway_0,1,1465.8944886422878,1784.8944886422878,,-1001.001325360111
58.7,llm_1,1784.9045221680924,-7.301499999999999,0.1003352580460913,1000.0,,0.9999999691442872,0.9999999691442872,0.9999999691442872,0.9999999691442872,0.9900989793507795,0,highway_0,1,1465.9045221680924,1784.9045221680924,,-1001.1003352580461
58.8,llm_1,1784.914422249229,-7.301499999999999,0.09900081136552254,1000.0,,-0.013477911473744442,-0.013477911473744442,-0.013477911473744442,-0.013477911473744442,-0.013344466805687571,0,highway_0,1,1465.914422249229,1784.914422249229,,-1001.0990008113655
58.9,llm_1,1784.9247121570875,-7.301499999999999,0.1028990785859843,1000.0,,0.039372498926663724,0.039372498926663724,0.039372498926663724,0.039372498926663724,0.03898267220461757,0,highway_0,1,1465.9247121570875,1784.9247121570875,,-1001.102899078586
59.0,llm_1,1784.933803014383,-7.301499999999999,0.09090857295717517,1000.0,,-0.12110410685097217,-0.12110410685097217,-0.12110410685097217,-0.12110410685097217,-0.11990505628809128,0,highway_0,1,1465.933803014383,1784.933803014383,,-1001.0909085729571
59.1,llm_1,1784.9460325064342,-7.301499999999999,0.12229492051158306,1000.0,,0.31700211029951963,0.31700211029951963,0.31700211029951963,0.31700211029951963,0.3138634755440789,0,highway_0,1,1465.9460325064342,1784.9460325064342,,-1001.1222949205115
59.2,llm_1,1784.9461535905139,-7.301499999999999,0.001210840797144383,1000.0,,-1.2368335930299832,-1.2368335930299832,-1.2368335930299832,-1.2368335930299832,-1.2108407971443866,0,highway_0,1,1465.9461535905139,1784.9461535905139,,-1001.0012108407972
59.3,llm_1,1784.9561756644798,-7.301499999999999,0.10022073965897298,1000.0,,0.9999999785044689,0.9999999785044689,0.9999999785044689,0.9999999785044689,0.9900989886182859,0,highway_0,1,1465.9561756644798,1784.9561756644798,,-1001.100220739659
59.4,llm_1,1784.966110026911,-7.301499999999999,0.09934362431204947,1000.0,,-0.008858865003927407,-0.008858865003927407,-0.008858865003927407,-0.008858865003927407,-0.008771153469235016,0,highway_0,1,1465.966110026911,1784.966110026911,,-1001.099343624312
59.5,llm_1,1784.9763017919104,-7.301499999999999,0.10191764999308758,1000.0,,0.02599765937848486,0.02599765937848486,0.02599765937848486,0.02599765937848486,0.025740256810381085,0,highway_0,1,1465.9763017919104,1784.9763017919104,,-1001.1019176499931
59.6,llm_1,1784.985711965112,-7.301499999999999,0.09410173201538026,1000.0,,-0.07894077157484403,-0.07894077157484403,-0.07894077157484403,-0.07894077157484403,-0.07815917977707323,0,highway_0,1,1465.985711965112,1784.985711965112,,-1001.0941017320154
59.7,llm_1,1784.997259422173,-7.301499999999999,0.11547457061242786,1000.0,,0.21586566983018063,0.21586566983018063,0.21586566983018063,0.21586566983018063,0.21372838597047597,0,highway_0,1,1465.997259422173,1784.997259422173,,-1001.1154745706124
59.8,llm_1,1785.0011033549247,-7.301499999999999,0.038439327516400945,1000.0,,-0.7780559552698718,-0.7780559552698718,-0.7780559552698718,-0.7780559552698718,-0.7703524309602691,0,highway_0,1,1466.0011033549247,1785.0011033549247,,-1001.0384393275164
59.9,llm_1,1785.01463211458,-7.301499999999999,0.1352875965550634,1000.0,,0.9781675172904908,0.9781675172904908,0.9781675172904908,0.9781675172904908,0.9684826903866245,0,highway_0,1,1466.01463211458,1785.01463211458,,-1001.135287596555
60.0,llm_1,1785.0281608742355,-7.301499999999999,0.1352875965550634,1000.0,,0.0,0.0,0.0,0.0,0.0,0,highway_0,1,1466.0281608742355,1785.0281608742355,,-1001.135287596555
60.1,llm_1,1785.0416896338909,-7.301499999999999,0.1352875965550634,1000.0,,0.0,0.0,0.0,0.0,0.0,0,highway_0,1,1466.0416896338909,1785.0416896338909,,-1001.135287596555
60.2,llm_1,1785.0552183935463,-7.301499999999999,0.1352875965550634,1000.0,,0.0,0.0,0.0,0.0,0.0,0,highway_0,1,1466.0552183935463,1785.0552183935463,,-1001.135287596555
60.3,llm_1,1785.0687471532017,-7.301499999999999,0.1352875965550634,1000.0,,0.0,0.0,0.0,0.0,0.0,0,highway_0,1,1466.0687471532017,1785.0687471532017,,-1001.135287596555
60.4,llm_1,1785.082275912857,-7.301499999999999,0.1352875965550634,1000.0,,0.0,0.0,0.0,0.0,0.0,0,highway_0,1,1466.082275912857,1785.082275912857,,-1001.135287596555
60.5,llm_1,1785.0958046725125,-7.301499999999999,0.1352875965550634,1000.0,,0.0,0.0,0.0,0.0,0.0,0,highway_0,1,1466.0958046725125,1785.0958046725125,,-1001.135287596555
60.6,llm_1,1785.109333432168,-7.301499999999999,0.1352875965550634,1000.0,,0.0,0.0,0.0,0.0,0.0,0,highway_0,1,1466.109333432168,1785.109333432168,,-1001.135287596555
60.7,llm_1,1785.1228621918233,-7.301499999999999,0.1352875965550634,1000.0,,0.0,0.0,0.0,0.0,0.0,0,highway_0,1,1466.1228621918233,1785.1228621918233,,-1001.135287596555
60.8,llm_1,1785.1363909514787,-7.301499999999999,0.1352875965550634,1000.0,,0.0,0.0,0.0,0.0,0.0,0,highway_0,1,1466.1363909514787,1785.1363909514787,,-1001.135287596555
60.9,llm_1,1785.149919711134,-7.301499999999999,0.1352875965550634,1000.0,,0.0,0.0,0.0,0.0,0.0,0,highway_0,1,1466.149919711134,1785.149919711134,,-1001.135287596555
61.0,llm_1,1785.1634484707895,-7.301499999999999,0.1352875965550634,1000.0,,0.0,0.0,0.0,0.0,0.0,0,highway_0,1,1466.1634484707895,1785.1634484707895,,-1001.135287596555
61.1,llm_1,1785.176977230445,-7.301499999999999,0.1352875965550634,1000.0,,0.0,0.0,0.0,0.0,0.0,0,highway_0,1,1466.176977230445,1785.176977230445,,-1001.135287596555
61.2,llm_1,1785.1905059901003,-7.301499999999999,0.1352875965550634,1000.0,,0.0,0.0,0.0,0.0,0.0,0,highway_0,1,1466.1905059901003,1785.1905059901003,,-1001.135287596555
61.3,llm_1,1785.2040347497557,-7.301499999999999,0.1352875965550634,1000.0,,0.0,0.0,0.0,0.0,0.0,0,highway_0,1,1466.2040347497557,1785.2040347497557,,-1001.135287596555
61.4,llm_1,1785.217563509411,-7.301499999999999,0.1352875965550634,1000.0,,0.0,0.0,0.0,0.0,0.0,0,highway_0,1,1466.217563509411,1785.217563509411,,-1001.135287596555
61.5,llm_1,1785.2310922690665,-7.301499999999999,0.1352875965550634,1000.0,,0.0,0.0,0.0,0.0,0.0,0,highway_0,1,1466.2310922690665,1785.2310922690665,,-1001.135287596555
61.6,llm_1,1785.244621028722,-7.301499999999999,0.1352875965550634,1000.0,,0.0,0.0,0.0,0.0,0.0,0,highway_0,1,1466.244621028722,1785.244621028722,,-1001.135287596555
61.7,llm_1,1785.2581497883773,-7.301499999999999,0.1352875965550634,1000.0,,0.0,0.0,0.0,0.0,0.0,0,highway_0,1,1466.2581497883773,1785.2581497883773,,-1001.135287596555
61.8,llm_1,1785.2716785480327,-7.301499999999999,0.1352875965550634,1000.0,,0.0,0.0,0.0,0.0,0.0,0,highway_0,1,1466.2716785480327,1785.2716785480327,,-1001.135287596555
61.9,llm_1,1785.285207307688,-7.301499999999999,0.1352875965550634,1000.0,,0.0,0.0,0.0,0.0,0.0,0,highway_0,1,1466.285207307688,1785.285207307688,,-1001.135287596555
62.0,llm_1,1785.2987360673435,-7.301499999999999,0.1352875965550634,1000.0,,0.0,0.0,0.0,0.0,0.0,0,highway_0,1,1466.2987360673435,1785.2987360673435,,-1001.135287596555
62.1,llm_1,1785.312264826999,-7.301499999999999,0.1352875965550634,1000.0,,0.0,0.0,0.0,0.0,0.0,0,highway_0,1,1466.312264826999,1785.312264826999,,-1001.135287596555
62.2,llm_1,1785.3257935866543,-7.301499999999999,0.1352875965550634,1000.0,,0.0,0.0,0.0,0.0,0.0,0,highway_0,1,1466.3257935866543,1785.3257935866543,,-1001.135287596555
62.3,llm_1,1785.3393223463097,-7.301499999999999,0.1352875965550634,1000.0,,0.0,0.0,0.0,0.0,0.0,0,highway_0,1,1466.3393223463097,1785.3393223463097,,-1001.135287596555
62.4,llm_1,1785.352851105965,-7.301499999999999,0.1352875965550634,1000.0,,0.0,0.0,0.0,0.0,0.0,0,highway_0,1,1466.352851105965,1785.352851105965,,-1001.135287596555
62.5,llm_1,1785.3663798656205,-7.301499999999999,0.1352875965550634,1000.0,,0.0,0.0,0.0,0.0,0.0,0,highway_0,1,1466.3663798656205,1785.3663798656205,,-1001.135287596555
62.6,llm_1,1785.379908625276,-7.301499999999999,0.1352875965550634,1000.0,,0.0,0.0,0.0,0.0,0.0,0,highway_0,1,1466.379908625276,1785.379908625276,,-1001.135287596555
62.7,llm_1,1785.3934373849313,-7.301499999999999,0.1352875965550634,1000.0,,0.0,0.0,0.0,0.0,0.0,0,highway_0,1,1466.3934373849313,1785.3934373849313,,-1001.135287596555
62.8,llm_1,1785.4069661445867,-7.301499999999999,0.1352875965550634,1000.0,,0.0,0.0,0.0,0.0,0.0,0,highway_0,1,1466.4069661445867,1785.4069661445867,,-1001.135287596555
62.9,llm_1,1785.420494904242,-7.301499999999999,0.1352875965550634,1000.0,,0.0,0.0,0.0,0.0,0.0,0,highway_0,1,1466.420494904242,1785.420494904242,,-1001.135287596555
63.0,llm_1,1785.4340236638975,-7.301499999999999,0.1352875965550634,1000.0,,0.0,0.0,0.0,0.0,0.0,0,highway_0,1,1466.4340236638975,1785.4340236638975,,-1001.135287596555
63.1,llm_1,1785.447552423553,-7.301499999999999,0.1352875965550634,1000.0,,0.0,0.0,0.0,0.0,0.0,0,highway_0,1,1466.447552423553,1785.447552423553,,-1001.135287596555
63.2,llm_1,1785.4610811832083,-7.301499999999999,0.1352875965550634,1000.0,,0.0,0.0,0.0,0.0,0.0,0,highway_0,1,1466.4610811832083,1785.4610811832083,,-1001.135287596555
63.3,llm_1,1785.4746099428637,-7.301499999999999,0.1352875965550634,1000.0,,0.0,0.0,0.0,0.0,0.0,0,highway_0,1,1466.4746099428637,1785.4746099428637,,-1001.135287596555
63.4,llm_1,1785.488138702519,-7.301499999999999,0.1352875965550634,1000.0,,0.0,0.0,0.0,0.0,0.0,0,highway_0,1,1466.488138702519,1785.488138702519,,-1001.135287596555
63.5,llm_1,1785.5016674621745,-7.301499999999999,0.1352875965550634,1000.0,,0.0,0.0,0.0,0.0,0.0,0,highway_0,1,1466.5016674621745,1785.5016674621745,,-1001.135287596555
63.6,llm_1,1785.51519622183,-7.301499999999999,0.1352875965550634,1000.0,,0.0,0.0,0.0,0.0,0.0,0,highway_0,1,1466.51519622183,1785.51519622183,,-1001.135287596555
63.7,llm_1,1785.5287249814853,-7.301499999999999,0.1352875965550634,1000.0,,0.0,0.0,0.0,0.0,0.0,0,highway_0,1,1466.5287249814853,1785.5287249814853,,-1001.135287596555
63.8,llm_1,1785.5422537411407,-7.301499999999999,0.1352875965550634,1000.0,,0.0,0.0,0.0,0.0,0.0,0,highway_0,1,1466.5422537411407,1785.5422537411407,,-1001.135287596555
63.9,llm_1,1785.555782500796,-7.301499999999999,0.1352875965550634,1000.0,,0.0,0.0,0.0,0.0,0.0,0,highway_0,1,1466.555782500796,1785.555782500796,,-1001.135287596555
64.0,llm_1,1785.5693112604515,-7.301499999999999,0.1352875965550634,1000.0,,0.0,0.0,0.0,0.0,0.0,0,highway_0,1,1466.5693112604515,1785.5693112604515,,-1001.135287596555
64.1,llm_1,1785.582840020107,-7.301499999999999,0.1352875965550634,1000.0,,0.0,0.0,0.0,0.0,0.0,0,highway_0,1,1466.582840020107,1785.582840020107,,-1001.135287596555
64.2,llm_1,1785.5963687797623,-7.301499999999999,0.1352875965550634,1000.0,,0.0,0.0,0.0,0.0,0.0,0,highway_0,1,1466.5963687797623,1785.5963687797623,,-1001.135287596555
64.3,llm_1,1785.6098975394177,-7.301499999999999,0.1352875965550634,1000.0,,0.0,0.0,0.0,0.0,0.0,0,highway_0,1,1466.6098975394177,1785.6098975394177,,-1001.135287596555
64.4,llm_1,1785.6234262990731,-7.301499999999999,0.1352875965550634,1000.0,,0.0,0.0,0.0,0.0,0.0,0,highway_0,1,1466.6234262990731,1785.6234262990731,,-1001.135287596555
64.5,llm_1,1785.6369550587285,-7.301499999999999,0.1352875965550634,1000.0,,0.0,0.0,0.0,0.0,0.0,0,highway_0,1,1466.6369550587285,1785.6369550587285,,-1001.135287596555
64.6,llm_1,1785.650483818384,-7.301499999999999,0.1352875965550634,1000.0,,0.0,0.0,0.0,0.0,0.0,0,highway_0,1,1466.650483818384,1785.650483818384,,-1001.135287596555
64.7,llm_1,1785.6640125780393,-7.301499999999999,0.1352875965550634,1000.0,,0.0,0.0,0.0,0.0,0.0,0,highway_0,1,1466.6640125780393,1785.6640125780393,,-1001.135287596555
64.8,llm_1,1785.6775413376947,-7.301499999999999,0.1352875965550634,1000.0,,0.0,0.0,0.0,0.0,0.0,0,highway_0,1,1466.6775413376947,1785.6775413376947,,-1001.135287596555
64.9,llm_1,1785.6910700973501,-7.301499999999999,0.1352875965550634,1000.0,,0.0,0.0,0.0,0.0,0.0,0,highway_0,1,1466.6910700973501,1785.6910700973501,,-1001.135287596555
65.0,llm_1,1785.7045988570055,-7.301499999999999,0.1352875965550634,1000.0,,0.0,0.0,0.0,0.0,0.0,0,highway_0,1,1466.7045988570055,1785.7045988570055,,-1001.135287596555
65.1,llm_1,1785.718127616661,-7.301499999999999,0.1352875965550634,1000.0,,0.0,0.0,0.0,0.0,0.0,0,highway_0,1,1466.718127616661,1785.718127616661,,-1001.135287596555
65.2,llm_1,1785.7316563763163,-7.301499999999999,0.1352875965550634,1000.0,,0.0,0.0,0.0,0.0,0.0,0,highway_0,1,1466.7316563763163,1785.7316563763163,,-1001.135287596555
65.3,llm_1,1785.7451851359717,-7.301499999999999,0.1352875965550634,1000.0,,0.0,0.0,0.0,0.0,0.0,0,highway_0,1,1466.7451851359717,1785.7451851359717,,-1001.135287596555
65.4,llm_1,1785.7587138956271,-7.301499999999999,0.1352875965550634,1000.0,,0.0,0.0,0.0,0.0,0.0,0,highway_0,1,1466.7587138956271,1785.7587138956271,,-1001.135287596555
65.5,llm_1,1785.7722426552825,-7.301499999999999,0.1352875965550634,1000.0,,0.0,0.0,0.0,0.0,0.0,0,highway_0,1,1466.7722426552825,1785.7722426552825,,-1001.135287596555
65.6,llm_1,1785.785771414938,-7.301499999999999,0.1352875965550634,1000.0,,0.0,0.0,0.0,0.0,0.0,0,highway_0,1,1466.785771414938,1785.785771414938,,-1001.135287596555
65.7,llm_1,1785.7993001745933,-7.301499999999999,0.1352875965550634,1000.0,,0.0,0.0,0.0,0.0,0.0,0,highway_0,1,1466.7993001745933,1785.7993001745933,,-1001.135287596555
65.8,llm_1,1785.8128289342487,-7.301499999999999,0.1352875965550634,1000.0,,0.0,0.0,0.0,0.0,0.0,0,highway_0,1,1466.8128289342487,1785.8128289342487,,-1001.135287596555
65.9,llm_1,1785.8263576939041,-7.301499999999999,0.1352875965550634,1000.0,,0.0,0.0,0.0,0.0,0.0,0,highway_0,1,1466.8263576939041,1785.8263576939041,,-1001.135287596555
66.0,llm_1,1785.8398864535595,-7.301499999999999,0.1352875965550634,1000.0,,0.0,0.0,0.0,0.0,0.0,0,highway_0,1,1466.8398864535595,1785.8398864535595,,-1001.135287596555
66.1,llm_1,1785.853415213215,-7.301499999999999,0.1352875965550634,1000.0,,0.0,0.0,0.0,0.0,0.0,0,highway_0,1,1466.853415213215,1785.853415213215,,-1001.135287596555
66.2,llm_1,1785.8669439728703,-7.301499999999999,0.1352875965550634,1000.0,,0.0,0.0,0.0,0.0,0.0,0,highway_0,1,1466.8669439728703,1785.8669439728703,,-1001.135287596555
66.3,llm_1,1785.8804727325257,-7.301499999999999,0.1352875965550634,1000.0,,0.0,0.0,0.0,0.0,0.0,0,highway_0,1,1466.8804727325257,1785.8804727325257,,-1001.135287596555
66.4,llm_1,1785.8940014921811,-7.301499999999999,0.1352875965550634,1000.0,,0.0,0.0,0.0,0.0,0.0,0,highway_0,1,1466.8940014921811,1785.8940014921811,,-1001.135287596555
66.5,llm_1,1785.9075302518365,-7.301499999999999,0.1352875965550634,1000.0,,0.0,0.0,0.0,0.0,0.0,0,highway_0,1,1466.9075302518365,1785.9075302518365,,-1001.135287596555
66.6,llm_1,1785.921059011492,-7.301499999999999,0.1352875965550634,1000.0,,0.0,0.0,0.0,0.0,0.0,0,highway_0,1,1466.921059011492,1785.921059011492,,-1001.135287596555
66.7,llm_1,1785.9345877711473,-7.301499999999999,0.1352875965550634,1000.0,,0.0,0.0,0.0,0.0,0.0,0,highway_0,1,1466.9345877711473,1785.9345877711473,,-1001.135287596555
66.8,llm_1,1785.9481165308027,-7.301499999999999,0.1352875965550634,1000.0,,0.0,0.0,0.0,0.0,0.0,0,highway_0,1,1466.9481165308027,1785.9481165308027,,-1001.135287596555
66.9,llm_1,1785.9616452904581,-7.301499999999999,0.1352875965550634,1000.0,,0.0,0.0,0.0,0.0,0.0,0,highway_0,1,1466.9616452904581,1785.9616452904581,,-1001.135287596555
67.0,llm_1,1785.9751740501135,-7.301499999999999,0.1352875965550634,1000.0,,0.0,0.0,0.0,0.0,0.0,0,highway_0,1,1466.9751740501135,1785.9751740501135,,-1001.135287596555
67.1,llm_1,1785.988702809769,-7.301499999999999,0.1352875965550634,1000.0,,0.0,0.0,0.0,0.0,0.0,0,highway_0,1,1466.988702809769,1785.988702809769,,-1001.135287596555
67.2,llm_1,1786.0022315694243,-7.301499999999999,0.1352875965550634,1000.0,,0.0,0.0,0.0,0.0,0.0,0,highway_0,1,1467.0022315694243,1786.0022315694243,,-1001.135287596555
67.3,llm_1,1786.0157603290797,-7.301499999999999,0.1352875965550634,1000.0,,0.0,0.0,0.0,0.0,0.0,0,highway_0,1,1467.0157603290797,1786.0157603290797,,-1001.135287596555
67.4,llm_1,1786.0292890887351,-7.301499999999999,0.1352875965550634,1000.0,,0.0,0.0,0.0,0.0,0.0,0,highway_0,1,1467.0292890887351,1786.0292890887351,,-1001.135287596555
67.5,llm_1,1786.0428178483905,-7.301499999999999,0.1352875965550634,1000.0,,0.0,0.0,0.0,0.0,0.0,0,highway_0,1,1467.0428178483905,1786.0428178483905,,-1001.135287596555
67.6,llm_1,1786.056346608046,-7.301499999999999,0.1352875965550634,1000.0,,0.0,0.0,0.0,0.0,0.0,0,highway_0,1,1467.056346608046,1786.056346608046,,-1001.135287596555
67.7,llm_1,1786.0698753677013,-7.301499999999999,0.1352875965550634,1000.0,,0.0,0.0,0.0,0.0,0.0,0,highway_0,1,1467.0698753677013,1786.0698753677013,,-1001.135287596555
67.8,llm_1,1786.0834041273567,-7.301499999999999,0.1352875965550634,1000.0,,0.0,0.0,0.0,0.0,0.0,0,highway_0,1,1467.0834041273567,1786.0834041273567,,-1001.135287596555
67.9,llm_1,1786.0969328870121,-7.301499999999999,0.1352875965550634,1000.0,,0.0,0.0,0.0,0.0,0.0,0,highway_0,1,1467.0969328870121,1786.0969328870121,,-1001.135287596555
68.0,llm_1,1786.1104616466675,-7.301499999999999,0.1352875965550634,1000.0,,0.0,0.0,0.0,0.0,0.0,0,highway_0,1,1467.1104616466675,1786.1104616466675,,-1001.135287596555
68.1,llm_1,1786.123990406323,-7.301499999999999,0.1352875965550634,1000.0,,0.0,0.0,0.0,0.0,0.0,0,highway_0,1,1467.123990406323,1786.123990406323,,-1001.135287596555
68.2,llm_1,1786.1375191659783,-7.301499999999999,0.1352875965550634,1000.0,,0.0,0.0,0.0,0.0,0.0,0,highway_0,1,1467.1375191659783,1786.1375191659783,,-1001.135287596555
68.3,llm_1,1786.1510479256337,-7.301499999999999,0.1352875965550634,1000.0,,0.0,0.0,0.0,0.0,0.0,0,highway_0,1,1467.1510479256337,1786.1510479256337,,-1001.135287596555
68.4,llm_1,1786.1645766852891,-7.301499999999999,0.1352875965550634,1000.0,,0.0,0.0,0.0,0.0,0.0,0,highway_0,1,1467.1645766852891,1786.1645766852891,,-1001.135287596555
68.5,llm_1,1786.1781054449445,-7.301499999999999,0.1352875965550634,1000.0,,0.0,0.0,0.0,0.0,0.0,0,highway_0,1,1467.1781054449445,1786.1781054449445,,-1001.135287596555
68.6,llm_1,1786.1916342046,-7.301499999999999,0.1352875965550634,1000.0,,0.0,0.0,0.0,0.0,0.0,0,highway_0,1,1467.1916342046,1786.1916342046,,-1001.135287596555
68.7,llm_1,1786.2051629642554,-7.301499999999999,0.1352875965550634,1000.0,,0.0,0.0,0.0,0.0,0.0,0,highway_0,1,1467.2051629642554,1786.2051629642554,,-1001.135287596555
68.8,llm_1,1786.2186917239108,-7.301499999999999,0.1352875965550634,1000.0,,0.0,0.0,0.0,0.0,0.0,0,highway_0,1,1467.2186917239108,1786.2186917239108,,-1001.135287596555
68.9,llm_1,1786.2322204835662,-7.301499999999999,0.1352875965550634,1000.0,,0.0,0.0,0.0,0.0,0.0,0,highway_0,1,1467.2322204835662,1786.2322204835662,,-1001.135287596555
69.0,llm_1,1786.2457492432216,-7.301499999999999,0.1352875965550634,1000.0,,0.0,0.0,0.0,0.0,0.0,0,highway_0,1,1467.2457492432216,1786.2457492432216,,-1001.135287596555
69.1,llm_1,1786.259278002877,-7.301499999999999,0.1352875965550634,1000.0,,0.0,0.0,0.0,0.0,0.0,0,highway_0,1,1467.259278002877,1786.259278002877,,-1001.135287596555
69.2,llm_1,1786.2728067625324,-7.301499999999999,0.1352875965550634,1000.0,,0.0,0.0,0.0,0.0,0.0,0,highway_0,1,1467.2728067625324,1786.2728067625324,,-1001.135287596555
69.3,llm_1,1786.2863355221878,-7.301499999999999,0.1352875965550634,1000.0,,0.0,0.0,0.0,0.0,0.0,0,highway_0,1,1467.2863355221878,1786.2863355221878,,-1001.135287596555
69.4,llm_1,1786.2998642818432,-7.301499999999999,0.1352875965550634,1000.0,,0.0,0.0,0.0,0.0,0.0,0,highway_0,1,1467.2998642818432,1786.2998642818432,,-1001.135287596555
69.5,llm_1,1786.3133930414986,-7.301499999999999,0.1352875965550634,1000.0,,0.0,0.0,0.0,0.0,0.0,0,highway_0,1,1467.3133930414986,1786.3133930414986,,-1001.135287596555
69.6,llm_1,1786.326921801154,-7.301499999999999,0.1352875965550634,1000.0,,0.0,0.0,0.0,0.0,0.0,0,highway_0,1,1467.326921801154,1786.326921801154,,-1001.135287596555
69.7,llm_1,1786.3404505608094,-7.301499999999999,0.1352875965550634,1000.0,,0.0,0.0,0.0,0.0,0.0,0,highway_0,1,1467.3404505608094,1786.3404505608094,,-1001.135287596555
69.8,llm_1,1786.3539793204648,-7.301499999999999,0.1352875965550634,1000.0,,0.0,0.0,0.0,0.0,0.0,0,highway_0,1,1467.3539793204648,1786.3539793204648,,-1001.135287596555
69.9,llm_1,1786.3675080801202,-7.301499999999999,0.1352875965550634,1000.0,,0.0,0.0,0.0,0.0,0.0,0,highway_0,1,1467.3675080801202,1786.3675080801202,,-1001.135287596555
70.0,llm_1,1786.3810368397756,-7.301499999999999,0.1352875965550634,1000.0,,0.0,0.0,0.0,0.0,0.0,0,highway_0,1,1467.3810368397756,1786.3810368397756,,-1001.135287596555
70.1,llm_1,1786.394565599431,-7.301499999999999,0.1352875965550634,1000.0,,0.0,0.0,0.0,0.0,0.0,0,highway_0,1,1467.394565599431,1786.394565599431,,-1001.135287596555
70.2,llm_1,1786.4080943590864,-7.301499999999999,0.1352875965550634,1000.0,,0.0,0.0,0.0,0.0,0.0,0,highway_0,1,1467.4080943590864,1786.4080943590864,,-1001.135287596555
70.3,llm_1,1786.4216231187418,-7.301499999999999,0.1352875965550634,1000.0,,0.0,0.0,0.0,0.0,0.0,0,highway_0,1,1467.4216231187418,1786.4216231187418,,-1001.135287596555
70.4,llm_1,1786.4351518783972,-7.301499999999999,0.1352875965550634,1000.0,,0.0,0.0,0.0,0.0,0.0,0,highway_0,1,1467.4351518783972,1786.4351518783972,,-1001.135287596555
70.5,llm_1,1786.4486806380526,-7.301499999999999,0.1352875965550634,1000.0,,0.0,0.0,0.0,0.0,0.0,0,highway_0,1,1467.4486806380526,1786.4486806380526,,-1001.135287596555
70.6,llm_1,1786.462209397708,-7.301499999999999,0.1352875965550634,1000.0,,0.0,0.0,0.0,0.0,0.0,0,highway_0,1,1467.462209397708,1786.462209397708,,-1001.135287596555
70.7,llm_1,1786.4757381573634,-7.301499999999999,0.1352875965550634,1000.0,,0.0,0.0,0.0,0.0,0.0,0,highway_0,1,1467.4757381573634,1786.4757381573634,,-1001.135287596555
70.8,llm_1,1786.4892669170188,-7.301499999999999,0.1352875965550634,1000.0,,0.0,0.0,0.0,0.0,0.0,0,highway_0,1,1467.4892669170188,1786.4892669170188,,-1001.135287596555
70.9,llm_1,1786.5027956766742,-7.301499999999999,0.1352875965550634,1000.0,,0.0,0.0,0.0,0.0,0.0,0,highway_0,1,1467.5027956766742,1786.5027956766742,,-1001.135287596555
71.0,llm_1,1786.5163244363296,-7.301499999999999,0.1352875965550634,1000.0,,0.0,0.0,0.0,0.0,0.0,0,highway_0,1,1467.5163244363296,1786.5163244363296,,-1001.135287596555
71.1,llm_1,1786.529853195985,-7.301499999999999,0.1352875965550634,1000.0,,0.0,0.0,0.0,0.0,0.0,0,highway_0,1,1467.529853195985,1786.529853195985,,-1001.135287596555
71.2,llm_1,1786.5433819556404,-7.301499999999999,0.1352875965550634,1000.0,,0.0,0.0,0.0,0.0,0.0,0,highway_0,1,1467.5433819556404,1786.5433819556404,,-1001.135287596555
71.3,llm_1,1786.5569107152958,-7.301499999999999,0.1352875965550634,1000.0,,0.0,0.0,0.0,0.0,0.0,0,highway_0,1,1467.5569107152958,1786.5569107152958,,-1001.135287596555
71.4,llm_1,1786.5704394749512,-7.301499999999999,0.1352875965550634,1000.0,,0.0,0.0,0.0,0.0,0.0,0,highway_0,1,1467.5704394749512,1786.5704394749512,,-1001.135287596555
71.5,llm_1,1786.5839682346066,-7.301499999999999,0.1352875965550634,1000.0,,0.0,0.0,0.0,0.0,0.0,0,highway_0,1,1467.5839682346066,1786.5839682346066,,-1001.135287596555
71.6,llm_1,1786.597496994262,-7.301499999999999,0.1352875965550634,1000.0,,0.0,0.0,0.0,0.0,0.0,0,highway_0,1,1467.597496994262,1786.597496994262,,-1001.135287596555
71.7,llm_1,1786.6110257539174,-7.301499999999999,0.1352875965550634,1000.0,,0.0,0.0,0.0,0.0,0.0,0,highway_0,1,1467.6110257539174,1786.6110257539174,,-1001.135287596555
71.8,llm_1,1786.6245545135728,-7.301499999999999,0.1352875965550634,1000.0,,0.0,0.0,0.0,0.0,0.0,0,highway_0,1,1467.6245545135728,1786.6245545135728,,-1001.135287596555
71.9,llm_1,1786.6380832732282,-7.301499999999999,0.1352875965550634,1000.0,,0.0,0.0,0.0,0.0,0.0,0,highway_0,1,1467.6380832732282,1786.6380832732282,,-1001.135287596555
72.0,llm_1,1786.6516120328836,-7.301499999999999,0.1352875965550634,1000.0,,0.0,0.0,0.0,0.0,0.0,0,highway_0,1,1467.6516120328836,1786.6516120328836,,-1001.135287596555
72.1,llm_1,1786.665140792539,-7.301499999999999,0.1352875965550634,1000.0,,0.0,0.0,0.0,0.0,0.0,0,highway_0,1,1467.665140792539,1786.665140792539,,-1001.135287596555
72.2,llm_1,1786.6786695521944,-7.301499999999999,0.1352875965550634,1000.0,,0.0,0.0,0.0,0.0,0.0,0,highway_0,1,1467.6786695521944,1786.6786695521944,,-1001.135287596555
72.3,llm_1,1786.6921983118498,-7.301499999999999,0.1352875965550634,1000.0,,0.0,0.0,0.0,0.0,0.0,0,highway_0,1,1467.6921983118498,1786.6921983118498,,-1001.135287596555
72.4,llm_1,1786.7057270715052,-7.301499999999999,0.1352875965550634,1000.0,,0.0,0.0,0.0,0.0,0.0,0,highway_0,1,1467.7057270715052,1786.7057270715052,,-1001.135287596555
72.5,llm_1,1786.7192558311606,-7.301499999999999,0.1352875965550634,1000.0,,0.0,0.0,0.0,0.0,0.0,0,highway_0,1,1467.7192558311606,1786.7192558311606,,-1001.135287596555
72.6,llm_1,1786.732784590816,-7.301499999999999,0.1352875965550634,1000.0,,0.0,0.0,0.0,0.0,0.0,0,highway_0,1,1467.732784590816,1786.732784590816,,-1001.135287596555
72.7,llm_1,1786.7463133504714,-7.301499999999999,0.1352875965550634,1000.0,,0.0,0.0,0.0,0.0,0.0,0,highway_0,1,1467.7463133504714,1786.7463133504714,,-1001.135287596555
72.8,llm_1,1786.7598421101268,-7.301499999999999,0.1352875965550634,1000.0,,0.0,0.0,0.0,0.0,0.0,0,highway_0,1,1467.7598421101268,1786.7598421101268,,-1001.135287596555
72.9,llm_1,1786.7733708697822,-7.301499999999999,0.1352875965550634,1000.0,,0.0,0.0,0.0,0.0,0.0,0,highway_0,1,1467.7733708697822,1786.7733708697822,,-1001.135287596555
73.0,llm_1,1786.7868996294376,-7.301499999999999,0.1352875965550634,1000.0,,0.0,0.0,0.0,0.0,0.0,0,highway_0,1,1467.7868996294376,1786.7868996294376,,-1001.135287596555
73.1,llm_1,1786.800428389093,-7.301499999999999,0.1352875965550634,1000.0,,0.0,0.0,0.0,0.0,0.0,0,highway_0,1,1467.800428389093,1786.800428389093,,-1001.135287596555
73.2,llm_1,1786.8139571487484,-7.301499999999999,0.1352875965550634,1000.0,,0.0,0.0,0.0,0.0,0.0,0,highway_0,1,1467.8139571487484,1786.8139571487484,,-1001.135287596555
73.3,llm_1,1786.8274859084038,-7.301499999999999,0.1352875965550634,1000.0,,0.0,0.0,0.0,0.0,0.0,0,highway_0,1,1467.8274859084038,1786.8274859084038,,-1001.135287596555
73.4,llm_1,1786.8410146680592,-7.301499999999999,0.1352875965550634,1000.0,,0.0,0.0,0.0,0.0,0.0,0,highway_0,1,1467.8410146680592,1786.8410146680592,,-1001.135287596555
73.5,llm_1,1786.8545434277146,-7.301499999999999,0.1352875965550634,1000.0,,0.0,0.0,0.0,0.0,0.0,0,highway_0,1,1467.8545434277146,1786.8545434277146,,-1001.135287596555
73.6,llm_1,1786.86807218737,-7.301499999999999,0.1352875965550634,1000.0,,0.0,0.0,0.0,0.0,0.0,0,highway_0,1,1467.86807218737,1786.86807218737,,-1001.135287596555
73.7,llm_1,1786.8816009470254,-7.301499999999999,0.1352875965550634,1000.0,,0.0,0.0,0.0,0.0,0.0,0,highway_0,1,1467.8816009470254,1786.8816009470254,,-1001.135287596555
73.8,llm_1,1786.8951297066808,-7.301499999999999,0.1352875965550634,1000.0,,0.0,0.0,0.0,0.0,0.0,0,highway_0,1,1467.8951297066808,1786.8951297066808,,-1001.135287596555
73.9,llm_1,1786.9086584663362,-7.301499999999999,0.1352875965550634,1000.0,,0.0,0.0,0.0,0.0,0.0,0,highway_0,1,1467.9086584663362,1786.9086584663362,,-1001.135287596555
74.0,llm_1,1786.9221872259916,-7.301499999999999,0.1352875965550634,1000.0,,0.0,0.0,0.0,0.0,0.0,0,highway_0,1,1467.9221872259916,1786.9221872259916,,-1001.135287596555
74.1,llm_1,1786.935715985647,-7.301499999999999,0.1352875965550634,1000.0,,0.0,0.0,0.0,0.0,0.0,0,highway_0,1,1467.935715985647,1786.935715985647,,-1001.135287596555
74.2,llm_1,1786.9492447453024,-7.301499999999999,0.1352875965550634,1000.0,,0.0,0.0,0.0,0.0,0.0,0,highway_0,1,1467.9492447453024,1786.9492447453024,,-1001.135287596555
74.3,llm_1,1786.9627735049578,-7.301499999999999,0.1352875965550634,1000.0,,0.0,0.0,0.0,0.0,0.0,0,highway_0,1,1467.9627735049578,1786.9627735049578,,-1001.135287596555
74.4,llm_1,1786.9763022646132,-7.301499999999999,0.1352875965550634,1000.0,,0.0,0.0,0.0,0.0,0.0,0,highway_0,1,1467.9763022646132,1786.9763022646132,,-1001.135287596555
74.5,llm_1,1786.9898310242686,-7.301499999999999,0.1352875965550634,1000.0,,0.0,0.0,0.0,0.0,0.0,0,highway_0,1,1467.9898310242686,1786.9898310242686,,-1001.135287596555
74.6,llm_1,1787.003359783924,-7.301499999999999,0.1352875965550634,1000.0,,0.0,0.0,0.0,0.0,0.0,0,highway_0,1,1468.003359783924,1787.003359783924,,-1001.135287596555
74.7,llm_1,1787.0168885435794,-7.301499999999999,0.1352875965550634,1000.0,,0.0,0.0,0.0,0.0,0.0,0,highway_0,1,1468.0168885435794,1787.0168885435794,,-1001.135287596555
74.8,llm_1,1787.0304173032348,-7.301499999999999,0.1352875965550634,1000.0,,0.0,0.0,0.0,0.0,0.0,0,highway_0,1,1468.0304173032348,1787.0304173032348,,-1001.135287596555
74.9,llm_1,1787.0439460628902,-7.301499999999999,0.1352875965550634,1000.0,,0.0,0.0,0.0,0.0,0.0,0,highway_0,1,1468.0439460628902,1787.0439460628902,,-1001.135287596555
75.0,llm_1,1787.0574748225456,-7.301499999999999,0.1352875965550634,1000.0,,0.0,0.0,0.0,0.0,0.0,0,highway_0,1,1468.0574748225456,1787.0574748225456,,-1001.135287596555
75.1,llm_1,1787.071003582201,-7.301499999999999,0.1352875965550634,1000.0,,0.0,0.0,0.0,0.0,0.0,0,highway_0,1,1468.071003582201,1787.071003582201,,-1001.135287596555
75.2,llm_1,1787.0845323418564,-7.301499999999999,0.1352875965550634,1000.0,,0.0,0.0,0.0,0.0,0.0,0,highway_0,1,1468.0845323418564,1787.0845323418564,,-1001.135287596555
75.3,llm_1,1787.0980611015118,-7.301499999999999,0.1352875965550634,1000.0,,0.0,0.0,0.0,0.0,0.0,0,highway_0,1,1468.0980611015118,1787.0980611015118,,-1001.135287596555
75.4,llm_1,1787.1115898611672,-7.301499999999999,0.1352875965550634,1000.0,,0.0,0.0,0.0,0.0,0.0,0,highway_0,1,1468.1115898611672,1787.1115898611672,,-1001.135287596555
75.5,llm_1,1787.1251186208226,-7.301499999999999,0.1352875965550634,1000.0,,0.0,0.0,0.0,0.0,0.0,0,highway_0,1,1468.1251186208226,1787.1251186208226,,-1001.135287596555
75.6,llm_1,1787.138647380478,-7.301499999999999,0.1352875965550634,1000.0,,0.0,0.0,0.0,0.0,0.0,0,highway_0,1,1468.138647380478,1787.138647380478,,-1001.135287596555
75.7,llm_1,1787.1521761401334,-7.301499999999999,0.1352875965550634,1000.0,,0.0,0.0,0.0,0.0,0.0,0,highway_0,1,1468.1521761401334,1787.1521761401334,,-1001.135287596555
75.8,llm_1,1787.1657048997888,-7.301499999999999,0.1352875965550634,1000.0,,0.0,0.0,0.0,0.0,0.0,0,highway_0,1,1468.1657048997888,1787.1657048997888,,-1001.135287596555
75.9,llm_1,1787.1792336594442,-7.301499999999999,0.1352875965550634,1000.0,,0.0,0.0,0.0,0.0,0.0,0,highway_0,1,1468.1792336594442,1787.1792336594442,,-1001.135287596555
76.0,llm_1,1787.1927624190996,-7.301499999999999,0.1352875965550634,1000.0,,0.0,0.0,0.0,0.0,0.0,0,highway_0,1,1468.1927624190996,1787.1927624190996,,-1001.135287596555
76.1,llm_1,1787.206291178755,-7.301499999999999,0.1352875965550634,1000.0,,0.0,0.0,0.0,0.0,0.0,0,highway_0,1,1468.206291178755,1787.206291178755,,-1001.135287596555
76.2,llm_1,1787.2198199384104,-7.301499999999999,0.1352875965550634,1000.0,,0.0,0.0,0.0,0.0,0.0,0,highway_0,1,1468.2198199384104,1787.2198199384104,,-1001.135287596555
76.3,llm_1,1787.2333486980658,-7.301499999999999,0.1352875965550634,1000.0,,0.0,0.0,0.0,0.0,0.0,0,highway_0,1,1468.2333486980658,1787.2333486980658,,-1001.135287596555
76.4,llm_1,1787.2468774577212,-7.301499999999999,0.1352875965550634,1000.0,,0.0,0.0,0.0,0.0,0.0,0,highway_0,1,1468.2468774577212,1787.2468774577212,,-1001.135287596555
76.5,llm_1,1787.2604062173766,-7.301499999999999,0.1352875965550634,1000.0,,0.0,0.0,0.0,0.0,0.0,0,highway_0,1,1468.2604062173766,1787.2604062173766,,-1001.135287596555
76.6,llm_1,1787.273934977032,-7.301499999999999,0.1352875965550634,1000.0,,0.0,0.0,0.0,0.0,0.0,0,highway_0,1,1468.273934977032,1787.273934977032,,-1001.135287596555
76.7,llm_1,1787.2874637366874,-7.301499999999999,0.1352875965550634,1000.0,,0.0,0.0,0.0,0.0,0.0,0,highway_0,1,1468.2874637366874,1787.2874637366874,,-1001.135287596555
76.8,llm_1,1787.3009924963428,-7.301499999999999,0.1352875965550634,1000.0,,0.0,0.0,0.0,0.0,0.0,0,highway_0,1,1468.3009924963428,1787.3009924963428,,-1001.135287596555
76.9,llm_1,1787.3145212559982,-7.301499999999999,0.1352875965550634,1000.0,,0.0,0.0,0.0,0.0,0.0,0,highway_0,1,1468.3145212559982,1787.3145212559982,,-1001.135287596555
77.0,llm_1,1787.3280500156536,-7.301499999999999,0.1352875965550634,1000.0,,0.0,0.0,0.0,0.0,0.0,0,highway_0,1,1468.3280500156536,1787.3280500156536,,-1001.135287596555
77.1,llm_1,1787.341578775309,-7.301499999999999,0.1352875965550634,1000.0,,0.0,0.0,0.0,0.0,0.0,0,highway_0,1,1468.341578775309,1787.341578775309,,-1001.135287596555
77.2,llm_1,1787.3551075349644,-7.301499999999999,0.1352875965550634,1000.0,,0.0,0.0,0.0,0.0,0.0,0,highway_0,1,1468.3551075349644,1787.3551075349644,,-1001.135287596555
77.3,llm_1,1787.3686362946198,-7.301499999999999,0.1352875965550634,1000.0,,0.0,0.0,0.0,0.0,0.0,0,highway_0,1,1468.3686362946198,1787.3686362946198,,-1001.135287596555
77.4,llm_1,1787.3821650542752,-7.301499999999999,0.1352875965550634,1000.0,,0.0,0.0,0.0,0.0,0.0,0,highway_0,1,1468.3821650542752,1787.3821650542752,,-1001.135287596555
77.5,llm_1,1787.3956938139306,-7.301499999999999,0.1352875965550634,1000.0,,0.0,0.0,0.0,0.0,0.0,0,highway_0,1,1468.3956938139306,1787.3956938139306,,-1001.135287596555
77.6,llm_1,1787.409222573586,-7.301499999999999,0.1352875965550634,1000.0,,0.0,0.0,0.0,0.0,0.0,0,highway_0,1,1468.409222573586,1787.409222573586,,-1001.135287596555
77.7,llm_1,1787.4227513332414,-7.301499999999999,0.1352875965550634,1000.0,,0.0,0.0,0.0,0.0,0.0,0,highway_0,1,1468.4227513332414,1787.4227513332414,,-1001.135287596555
77.8,llm_1,1787.4362800928968,-7.301499999999999,0.1352875965550634,1000.0,,0.0,0.0,0.0,0.0,0.0,0,highway_0,1,1468.4362800928968,1787.4362800928968,,-1001.135287596555
77.9,llm_1,1787.4498088525522,-7.301499999999999,0.1352875965550634,1000.0,,0.0,0.0,0.0,0.0,0.0,0,highway_0,1,1468.4498088525522,1787.4498088525522,,-1001.135287596555
78.0,llm_1,1787.4633376122076,-7.301499999999999,0.1352875965550634,1000.0,,0.0,0.0,0.0,0.0,0.0,0,highway_0,1,1468.4633376122076,1787.4633376122076,,-1001.135287596555
78.1,llm_1,1787.476866371863,-7.301499999999999,0.1352875965550634,1000.0,,0.0,0.0,0.0,0.0,0.0,0,highway_0,1,1468.476866371863,1787.476866371863,,-1001.135287596555
78.2,llm_1,1787.4903951315184,-7.301499999999999,0.1352875965550634,1000.0,,0.0,0.0,0.0,0.0,0.0,0,highway_0,1,1468.4903951315184,1787.4903951315184,,-1001.135287596555
78.3,llm_1,1787.5039238911738,-7.301499999999999,0.1352875965550634,1000.0,,0.0,0.0,0.0,0.0,0.0,0,highway_0,1,1468.5039238911738,1787.5039238911738,,-1001.135287596555
78.4,llm_1,1787.5174526508292,-7.301499999999999,0.1352875965550634,1000.0,,0.0,0.0,0.0,0.0,0.0,0,highway_0,1,1468.5174526508292,1787.5174526508292,,-1001.135287596555
78.5,llm_1,1787.5309814104846,-7.301499999999999,0.1352875965550634,1000.0,,0.0,0.0,0.0,0.0,0.0,0,highway_0,1,1468.5309814104846,1787.5309814104846,,-1001.135287596555
78.6,llm_1,1787.54451017014,-7.301499999999999,0.1352875965550634,1000.0,,0.0,0.0,0.0,0.0,0.0,0,highway_0,1,1468.54451017014,1787.54451017014,,-1001.135287596555
78.7,llm_1,1787.5580389297954,-7.301499999999999,0.1352875965550634,1000.0,,0.0,0.0,0.0,0.0,0.0,0,highway_0,1,1468.5580389297954,1787.5580389297954,,-1001.135287596555
78.8,llm_1,1787.5715676894508,-7.301499999999999,0.1352875965550634,1000.0,,0.0,0.0,0.0,0.0,0.0,0,highway_0,1,1468.5715676894508,1787.5715676894508,,-1001.135287596555
78.9,llm_1,1787.5850964491062,-7.301499999999999,0.1352875965550634,1000.0,,0.0,0.0,0.0,0.0,0.0,0,highway_0,1,1468.5850964491062,1787.5850964491062,,-1001.135287596555
79.0,llm_1,1787.5986252087616,-7.301499999999999,0.1352875965550634,1000.0,,0.0,0.0,0.0,0.0,0.0,0,highway_0,1,1468.5986252087616,1787.5986252087616,,-1001.135287596555
79.1,llm_1,1787.612153968417,-7.301499999999999,0.1352875965550634,1000.0,,0.0,0.0,0.0,0.0,0.0,0,highway_0,1,1468.612153968417,1787.612153968417,,-1001.135287596555
79.2,llm_1,1787.6256827280724,-7.301499999999999,0.1352875965550634,1000.0,,0.0,0.0,0.0,0.0,0.0,0,highway_0,1,1468.6256827280724,1787.6256827280724,,-1001.135287596555
79.3,llm_1,1787.6392114877278,-7.301499999999999,0.1352875965550634,1000.0,,0.0,0.0,0.0,0.0,0.0,0,highway_0,1,1468.6392114877278,1787.6392114877278,,-1001.135287596555
79.4,llm_1,1787.6527402473832,-7.301499999999999,0.1352875965550634,1000.0,,0.0,0.0,0.0,0.0,0.0,0,highway_0,1,1468.6527402473832,1787.6527402473832,,-1001.135287596555
79.5,llm_1,1787.6662690070386,-7.301499999999999,0.1352875965550634,1000.0,,0.0,0.0,0.0,0.0,0.0,0,highway_0,1,1468.6662690070386,1787.6662690070386,,-1001.135287596555
79.6,llm_1,1787.679797766694,-7.301499999999999,0.1352875965550634,1000.0,,0.0,0.0,0.0,0.0,0.0,0,highway_0,1,1468.679797766694,1787.679797766694,,-1001.135287596555
79.7,llm_1,1787.6933265263494,-7.301499999999999,0.1352875965550634,1000.0,,0.0,0.0,0.0,0.0,0.0,0,highway_0,1,1468.6933265263494,1787.6933265263494,,-1001.135287596555
79.8,llm_1,1787.7068552860048,-7.301499999999999,0.1352875965550634,1000.0,,0.0,0.0,0.0,0.0,0.0,0,highway_0,1,1468.7068552860048,1787.7068552860048,,-1001.135287596555
79.9,llm_1,1787.7203840456602,-7.301499999999999,0.1352875965550634,1000.0,,0.0,0.0,0.0,0.0,0.0,0,highway_0,1,1468.7203840456602,1787.7203840456602,,-1001.135287596555
80.0,llm_1,1787.7339128053156,-7.301499999999999,0.1352875965550634,1000.0,,0.0,0.0,0.0,0.0,0.0,0,highway_0,1,1468.7339128053156,1787.7339128053156,,-1001.135287596555
80.1,llm_1,1787.747441564971,-7.301499999999999,0.1352875965550634,1000.0,,0.0,0.0,0.0,0.0,0.0,0,highway_0,1,1468.747441564971,1787.747441564971,,-1001.135287596555
80.2,llm_1,1787.7609703246264,-7.301499999999999,0.1352875965550634,1000.0,,0.0,0.0,0.0,0.0,0.0,0,highway_0,1,1468.7609703246264,1787.7609703246264,,-1001.135287596555
80.3,llm_1,1787.7744990842818,-7.301499999999999,0.1352875965550634,1000.0,,0.0,0.0,0.0,0.0,0.0,0,highway_0,1,1468.7744990842818,1787.7744990842818,,-1001.135287596555
80.4,llm_1,1787.7880278439372,-7.301499999999999,0.1352875965550634,1000.0,,0.0,0.0,0.0,0.0,0.0,0,highway_0,1,1468.7880278439372,1787.7880278439372,,-1001.135287596555
80.5,llm_1,1787.8015566035926,-7.301499999999999,0.1352875965550634,1000.0,,0.0,0.0,0.0,0.0,0.0,0,highway_0,1,1468.8015566035926,1787.8015566035926,,-1001.135287596555
80.6,llm_1,1787.815085363248,-7.301499999999999,0.1352875965550634,1000.0,,0.0,0.0,0.0,0.0,0.0,0,highway_0,1,1468.815085363248,1787.815085363248,,-1001.135287596555
80.7,llm_1,1787.8286141229034,-7.301499999999999,0.1352875965550634,1000.0,,0.0,0.0,0.0,0.0,0.0,0,highway_0,1,1468.8286141229034,1787.8286141229034,,-1001.135287596555
80.8,llm_1,1787.8421428825588,-7.301499999999999,0.1352875965550634,1000.0,,0.0,0.0,0.0,0.0,0.0,0,highway_0,1,1468.8421428825588,1787.8421428825588,,-1001.135287596555
80.9,llm_1,1787.8556716422142,-7.301499999999999,0.1352875965550634,1000.0,,0.0,0.0,0.0,0.0,0.0,0,highway_0,1,1468.8556716422142,1787.8556716422142,,-1001.135287596555
81.0,llm_1,1787.8692004018696,-7.301499999999999,0.1352875965550634,1000.0,,0.0,0.0,0.0,0.0,0.0,0,highway_0,1,1468.8692004018696,1787.8692004018696,,-1001.135287596555
81.1,llm_1,1787.882729161525,-7.301499999999999,0.1352875965550634,1000.0,,0.0,0.0,0.0,0.0,0.0,0,highway_0,1,1468.882729161525,1787.882729161525,,-1001.135287596555
81.2,llm_1,1787.8962579211804,-7.301499999999999,0.1352875965550634,1000.0,,0.0,0.0,0.0,0.0,0.0,0,highway_0,1,1468.8962579211804,1787.8962579211804,,-1001.135287596555
81.3,llm_1,1787.9097866808359,-7.301499999999999,0.1352875965550634,1000.0,,0.0,0.0,0.0,0.0,0.0,0,highway_0,1,1468.9097866808359,1787.9097866808359,,-1001.135287596555
81.4,llm_1,1787.9233154404913,-7.301499999999999,0.1352875965550634,1000.0,,0.0,0.0,0.0,0.0,0.0,0,highway_0,1,1468.9233154404913,1787.9233154404913,,-1001.135287596555
81.5,llm_1,1787.9368442001467,-7.301499999999999,0.1352875965550634,1000.0,,0.0,0.0,0.0,0.0,0.0,0,highway_0,1,1468.9368442001467,1787.9368442001467,,-1001.135287596555
81.6,llm_1,1787.950372959802,-7.301499999999999,0.1352875965550634,1000.0,,0.0,0.0,0.0,0.0,0.0,0,highway_0,1,1468.950372959802,1787.950372959802,,-1001.135287596555
81.7,llm_1,1787.9639017194575,-7.301499999999999,0.1352875965550634,1000.0,,0.0,0.0,0.0,0.0,0.0,0,highway_0,1,1468.9639017194575,1787.9639017194575,,-1001.135287596555
81.8,llm_1,1787.9774304791129,-7.301499999999999,0.1352875965550634,1000.0,,0.0,0.0,0.0,0.0,0.0,0,highway_0,1,1468.9774304791129,1787.9774304791129,,-1001.135287596555
81.9,llm_1,1787.9909592387683,-7.301499999999999,0.1352875965550634,1000.0,,0.0,0.0,0.0,0.0,0.0,0,highway_0,1,1468.9909592387683,1787.9909592387683,,-1001.135287596555
82.0,llm_1,1788.0044879984237,-7.301499999999999,0.1352875965550634,1000.0,,0.0,0.0,0.0,0.0,0.0,0,highway_0,1,1469.0044879984237,1788.0044879984237,,-1001.135287596555
82.1,llm_1,1788.018016758079,-7.301499999999999,0.1352875965550634,1000.0,,0.0,0.0,0.0,0.0,0.0,0,highway_0,1,1469.018016758079,1788.018016758079,,-1001.135287596555
82.2,llm_1,1788.0315455177345,-7.301499999999999,0.1352875965550634,1000.0,,0.0,0.0,0.0,0.0,0.0,0,highway_0,1,1469.0315455177345,1788.0315455177345,,-1001.135287596555
82.3,llm_1,1788.0450742773899,-7.301499999999999,0.1352875965550634,1000.0,,0.0,0.0,0.0,0.0,0.0,0,highway_0,1,1469.0450742773899,1788.0450742773899,,-1001.135287596555
82.4,llm_1,1788.0586030370453,-7.301499999999999,0.1352875965550634,1000.0,,0.0,0.0,0.0,0.0,0.0,0,highway_0,1,1469.0586030370453,1788.0586030370453,,-1001.135287596555
82.5,llm_1,1788.0721317967007,-7.301499999999999,0.1352875965550634,1000.0,,0.0,0.0,0.0,0.0,0.0,0,highway_0,1,1469.0721317967007,1788.0721317967007,,-1001.135287596555
82.6,llm_1,1788.085660556356,-7.301499999999999,0.1352875965550634,1000.0,,0.0,0.0,0.0,0.0,0.0,0,highway_0,1,1469.085660556356,1788.085660556356,,-1001.135287596555
82.7,llm_1,1788.0991893160115,-7.301499999999999,0.1352875965550634,1000.0,,0.0,0.0,0.0,0.0,0.0,0,highway_0,1,1469.0991893160115,1788.0991893160115,,-1001.135287596555
82.8,llm_1,1788.1127180756669,-7.301499999999999,0.1352875965550634,1000.0,,0.0,0.0,0.0,0.0,0.0,0,highway_0,1,1469.1127180756669,1788.1127180756669,,-1001.135287596555
82.9,llm_1,1788.1262468353223,-7.301499999999999,0.1352875965550634,1000.0,,0.0,0.0,0.0,0.0,0.0,0,highway_0,1,1469.1262468353223,1788.1262468353223,,-1001.135287596555
83.0,llm_1,1788.1397755949777,-7.301499999999999,0.1352875965550634,1000.0,,0.0,0.0,0.0,0.0,0.0,0,highway_0,1,1469.1397755949777,1788.1397755949777,,-1001.135287596555
83.1,llm_1,1788.153304354633,-7.301499999999999,0.1352875965550634,1000.0,,0.0,0.0,0.0,0.0,0.0,0,highway_0,1,1469.153304354633,1788.153304354633,,-1001.135287596555
83.2,llm_1,1788.1668331142885,-7.301499999999999,0.1352875965550634,1000.0,,0.0,0.0,0.0,0.0,0.0,0,highway_0,1,1469.1668331142885,1788.1668331142885,,-1001.135287596555
83.3,llm_1,1788.1803618739439,-7.301499999999999,0.1352875965550634,1000.0,,0.0,0.0,0.0,0.0,0.0,0,highway_0,1,1469.1803618739439,1788.1803618739439,,-1001.135287596555
83.4,llm_1,1788.1938906335993,-7.301499999999999,0.1352875965550634,1000.0,,0.0,0.0,0.0,0.0,0.0,0,highway_0,1,1469.1938906335993,1788.1938906335993,,-1001.135287596555
83.5,llm_1,1788.2074193932547,-7.301499999999999,0.1352875965550634,1000.0,,0.0,0.0,0.0,0.0,0.0,0,highway_0,1,1469.2074193932547,1788.2074193932547,,-1001.135287596555
83.6,llm_1,1788.22094815291,-7.301499999999999,0.1352875965550634,1000.0,,0.0,0.0,0.0,0.0,0.0,0,highway_0,1,1469.22094815291,1788.22094815291,,-1001.135287596555
83.7,llm_1,1788.2344769125655,-7.301499999999999,0.1352875965550634,1000.0,,0.0,0.0,0.0,0.0,0.0,0,highway_0,1,1469.2344769125655,1788.2344769125655,,-1001.135287596555
83.8,llm_1,1788.2480056722209,-7.301499999999999,0.1352875965550634,1000.0,,0.0,0.0,0.0,0.0,0.0,0,highway_0,1,1469.2480056722209,1788.2480056722209,,-1001.135287596555
83.9,llm_1,1788.2615344318763,-7.301499999999999,0.1352875965550634,1000.0,,0.0,0.0,0.0,0.0,0.0,0,highway_0,1,1469.2615344318763,1788.2615344318763,,-1001.135287596555
84.0,llm_1,1788.2750631915317,-7.301499999999999,0.1352875965550634,1000.0,,0.0,0.0,0.0,0.0,0.0,0,highway_0,1,1469.2750631915317,1788.2750631915317,,-1001.135287596555
84.1,llm_1,1788.288591951187,-7.301499999999999,0.1352875965550634,1000.0,,0.0,0.0,0.0,0.0,0.0,0,highway_0,1,1469.288591951187,1788.288591951187,,-1001.135287596555
84.2,llm_1,1788.3021207108425,-7.301499999999999,0.1352875965550634,1000.0,,0.0,0.0,0.0,0.0,0.0,0,highway_0,1,1469.3021207108425,1788.3021207108425,,-1001.135287596555
84.3,llm_1,1788.3156494704979,-7.301499999999999,0.1352875965550634,1000.0,,0.0,0.0,0.0,0.0,0.0,0,highway_0,1,1469.3156494704979,1788.3156494704979,,-1001.135287596555
84.4,llm_1,1788.3291782301533,-7.301499999999999,0.1352875965550634,1000.0,,0.0,0.0,0.0,0.0,0.0,0,highway_0,1,1469.3291782301533,1788.3291782301533,,-1001.135287596555
84.5,llm_1,1788.3427069898087,-7.301499999999999,0.1352875965550634,1000.0,,0.0,0.0,0.0,0.0,0.0,0,highway_0,1,1469.3427069898087,1788.3427069898087,,-1001.135287596555
84.6,llm_1,1788.356235749464,-7.301499999999999,0.1352875965550634,1000.0,,0.0,0.0,0.0,0.0,0.0,0,highway_0,1,1469.356235749464,1788.356235749464,,-1001.135287596555
84.7,llm_1,1788.3697645091195,-7.301499999999999,0.1352875965550634,1000.0,,0.0,0.0,0.0,0.0,0.0,0,highway_0,1,1469.3697645091195,1788.3697645091195,,-1001.135287596555
84.8,llm_1,1788.3832932687749,-7.301499999999999,0.1352875965550634,1000.0,,0.0,0.0,0.0,0.0,0.0,0,highway_0,1,1469.3832932687749,1788.3832932687749,,-1001.135287596555
84.9,llm_1,1788.3968220284303,-7.301499999999999,0.1352875965550634,1000.0,,0.0,0.0,0.0,0.0,0.0,0,highway_0,1,1469.3968220284303,1788.3968220284303,,-1001.135287596555
85.0,llm_1,1788.4103507880857,-7.301499999999999,0.1352875965550634,1000.0,,0.0,0.0,0.0,0.0,0.0,0,highway_0,1,1469.4103507880857,1788.4103507880857,,-1001.135287596555
85.1,llm_1,1788.423879547741,-7.301499999999999,0.1352875965550634,1000.0,,0.0,0.0,0.0,0.0,0.0,0,highway_0,1,1469.423879547741,1788.423879547741,,-1001.135287596555
85.2,llm_1,1788.4374083073965,-7.301499999999999,0.1352875965550634,1000.0,,0.0,0.0,0.0,0.0,0.0,0,highway_0,1,1469.4374083073965,1788.4374083073965,,-1001.135287596555
85.3,llm_1,1788.4509370670519,-7.301499999999999,0.1352875965550634,1000.0,,0.0,0.0,0.0,0.0,0.0,0,highway_0,1,1469.4509370670519,1788.4509370670519,,-1001.135287596555
85.4,llm_1,1788.4644658267073,-7.301499999999999,0.1352875965550634,1000.0,,0.0,0.0,0.0,0.0,0.0,0,highway_0,1,1469.4644658267073,1788.4644658267073,,-1001.135287596555
85.5,llm_1,1788.4779945863627,-7.301499999999999,0.1352875965550634,1000.0,,0.0,0.0,0.0,0.0,0.0,0,highway_0,1,1469.4779945863627,1788.4779945863627,,-1001.135287596555
85.6,llm_1,1788.491523346018,-7.301499999999999,0.1352875965550634,1000.0,,0.0,0.0,0.0,0.0,0.0,0,highway_0,1,1469.491523346018,1788.491523346018,,-1001.135287596555
85.7,llm_1,1788.5050521056735,-7.301499999999999,0.1352875965550634,1000.0,,0.0,0.0,0.0,0.0,0.0,0,highway_0,1,1469.5050521056735,1788.5050521056735,,-1001.135287596555
85.8,llm_1,1788.5185808653289,-7.301499999999999,0.1352875965550634,1000.0,,0.0,0.0,0.0,0.0,0.0,0,highway_0,1,1469.5185808653289,1788.5185808653289,,-1001.135287596555
85.9,llm_1,1788.5321096249843,-7.301499999999999,0.1352875965550634,1000.0,,0.0,0.0,0.0,0.0,0.0,0,highway_0,1,1469.5321096249843,1788.5321096249843,,-1001.135287596555
86.0,llm_1,1788.5456383846397,-7.301499999999999,0.1352875965550634,1000.0,,0.0,0.0,0.0,0.0,0.0,0,highway_0,1,1469.5456383846397,1788.5456383846397,,-1001.135287596555
86.1,llm_1,1788.559167144295,-7.301499999999999,0.1352875965550634,1000.0,,0.0,0.0,0.0,0.0,0.0,0,highway_0,1,1469.559167144295,1788.559167144295,,-1001.135287596555
86.2,llm_1,1788.5726959039505,-7.301499999999999,0.1352875965550634,1000.0,,0.0,0.0,0.0,0.0,0.0,0,highway_0,1,1469.5726959039505,1788.5726959039505,,-1001.135287596555
86.3,llm_1,1788.586224663606,-7.301499999999999,0.1352875965550634,1000.0,,0.0,0.0,0.0,0.0,0.0,0,highway_0,1,1469.586224663606,1788.586224663606,,-1001.135287596555
86.4,llm_1,1788.5997534232613,-7.301499999999999,0.1352875965550634,1000.0,,0.0,0.0,0.0,0.0,0.0,0,highway_0,1,1469.5997534232613,1788.5997534232613,,-1001.135287596555
86.5,llm_1,1788.6132821829167,-7.301499999999999,0.1352875965550634,1000.0,,0.0,0.0,0.0,0.0,0.0,0,highway_0,1,1469.6132821829167,1788.6132821829167,,-1001.135287596555
86.6,llm_1,1788.626810942572,-7.301499999999999,0.1352875965550634,1000.0,,0.0,0.0,0.0,0.0,0.0,0,highway_0,1,1469.626810942572,1788.626810942572,,-1001.135287596555
86.7,llm_1,1788.6403397022275,-7.301499999999999,0.1352875965550634,1000.0,,0.0,0.0,0.0,0.0,0.0,0,highway_0,1,1469.6403397022275,1788.6403397022275,,-1001.135287596555
86.8,llm_1,1788.653868461883,-7.301499999999999,0.1352875965550634,1000.0,,0.0,0.0,0.0,0.0,0.0,0,highway_0,1,1469.653868461883,1788.653868461883,,-1001.135287596555
86.9,llm_1,1788.6673972215383,-7.301499999999999,0.1352875965550634,1000.0,,0.0,0.0,0.0,0.0,0.0,0,highway_0,1,1469.6673972215383,1788.6673972215383,,-1001.135287596555
87.0,llm_1,1788.6809259811937,-7.301499999999999,0.1352875965550634,1000.0,,0.0,0.0,0.0,0.0,0.0,0,highway_0,1,1469.6809259811937,1788.6809259811937,,-1001.135287596555
87.1,llm_1,1788.694454740849,-7.301499999999999,0.1352875965550634,1000.0,,0.0,0.0,0.0,0.0,0.0,0,highway_0,1,1469.694454740849,1788.694454740849,,-1001.135287596555
87.2,llm_1,1788.7079835005045,-7.301499999999999,0.1352875965550634,1000.0,,0.0,0.0,0.0,0.0,0.0,0,highway_0,1,1469.7079835005045,1788.7079835005045,,-1001.135287596555
87.3,llm_1,1788.72151226016,-7.301499999999999,0.1352875965550634,1000.0,,0.0,0.0,0.0,0.0,0.0,0,highway_0,1,1469.72151226016,1788.72151226016,,-1001.135287596555
87.4,llm_1,1788.7350410198153,-7.301499999999999,0.1352875965550634,1000.0,,0.0,0.0,0.0,0.0,0.0,0,highway_0,1,1469.7350410198153,1788.7350410198153,,-1001.135287596555
87.5,llm_1,1788.7485697794707,-7.301499999999999,0.1352875965550634,1000.0,,0.0,0.0,0.0,0.0,0.0,0,highway_0,1,1469.7485697794707,1788.7485697794707,,-1001.135287596555
87.6,llm_1,1788.762098539126,-7.301499999999999,0.1352875965550634,1000.0,,0.0,0.0,0.0,0.0,0.0,0,highway_0,1,1469.762098539126,1788.762098539126,,-1001.135287596555
87.7,llm_1,1788.7756272987815,-7.301499999999999,0.1352875965550634,1000.0,,0.0,0.0,0.0,0.0,0.0,0,highway_0,1,1469.7756272987815,1788.7756272987815,,-1001.135287596555
87.8,llm_1,1788.789156058437,-7.301499999999999,0.1352875965550634,1000.0,,0.0,0.0,0.0,0.0,0.0,0,highway_0,1,1469.789156058437,1788.789156058437,,-1001.135287596555
87.9,llm_1,1788.8026848180923,-7.301499999999999,0.1352875965550634,1000.0,,0.0,0.0,0.0,0.0,0.0,0,highway_0,1,1469.8026848180923,1788.8026848180923,,-1001.135287596555
88.0,llm_1,1788.8162135777477,-7.301499999999999,0.1352875965550634,1000.0,,0.0,0.0,0.0,0.0,0.0,0,highway_0,1,1469.8162135777477,1788.8162135777477,,-1001.135287596555
88.1,llm_1,1788.829742337403,-7.301499999999999,0.1352875965550634,1000.0,,0.0,0.0,0.0,0.0,0.0,0,highway_0,1,1469.829742337403,1788.829742337403,,-1001.135287596555
88.2,llm_1,1788.8432710970585,-7.301499999999999,0.1352875965550634,1000.0,,0.0,0.0,0.0,0.0,0.0,0,highway_0,1,1469.8432710970585,1788.8432710970585,,-1001.135287596555
88.3,llm_1,1788.856799856714,-7.301499999999999,0.1352875965550634,1000.0,,0.0,0.0,0.0,0.0,0.0,0,highway_0,1,1469.856799856714,1788.856799856714,,-1001.135287596555
88.4,llm_1,1788.8703286163693,-7.301499999999999,0.1352875965550634,1000.0,,0.0,0.0,0.0,0.0,0.0,0,highway_0,1,1469.8703286163693,1788.8703286163693,,-1001.135287596555
88.5,llm_1,1788.8838573760247,-7.301499999999999,0.1352875965550634,1000.0,,0.0,0.0,0.0,0.0,0.0,0,highway_0,1,1469.8838573760247,1788.8838573760247,,-1001.135287596555
88.6,llm_1,1788.89738613568,-7.301499999999999,0.1352875965550634,1000.0,,0.0,0.0,0.0,0.0,0.0,0,highway_0,1,1469.89738613568,1788.89738613568,,-1001.135287596555
88.7,llm_1,1788.9109148953355,-7.301499999999999,0.1352875965550634,1000.0,,0.0,0.0,0.0,0.0,0.0,0,highway_0,1,1469.9109148953355,1788.9109148953355,,-1001.135287596555
88.8,llm_1,1788.924443654991,-7.301499999999999,0.1352875965550634,1000.0,,0.0,0.0,0.0,0.0,0.0,0,highway_0,1,1469.924443654991,1788.924443654991,,-1001.135287596555
88.9,llm_1,1788.9379724146463,-7.301499999999999,0.1352875965550634,1000.0,,0.0,0.0,0.0,0.0,0.0,0,highway_0,1,1469.9379724146463,1788.9379724146463,,-1001.135287596555
89.0,llm_1,1788.9515011743017,-7.301499999999999,0.1352875965550634,1000.0,,0.0,0.0,0.0,0.0,0.0,0,highway_0,1,1469.9515011743017,1788.9515011743017,,-1001.135287596555
89.1,llm_1,1788.965029933957,-7.301499999999999,0.1352875965550634,1000.0,,0.0,0.0,0.0,0.0,0.0,0,highway_0,1,1469.965029933957,1788.965029933957,,-1001.135287596555
89.2,llm_1,1788.9785586936125,-7.301499999999999,0.1352875965550634,1000.0,,0.0,0.0,0.0,0.0,0.0,0,highway_0,1,1469.9785586936125,1788.9785586936125,,-1001.135287596555
89.3,llm_1,1788.992087453268,-7.301499999999999,0.1352875965550634,1000.0,,0.0,0.0,0.0,0.0,0.0,0,highway_0,1,1469.992087453268,1788.992087453268,,-1001.135287596555
89.4,llm_1,1789.0056162129233,-7.301499999999999,0.1352875965550634,1000.0,,0.0,0.0,0.0,0.0,0.0,0,highway_0,1,1470.0056162129233,1789.0056162129233,,-1001.135287596555
89.5,llm_1,1789.0191449725787,-7.301499999999999,0.1352875965550634,1000.0,,0.0,0.0,0.0,0.0,0.0,0,highway_0,1,1470.0191449725787,1789.0191449725787,,-1001.135287596555
89.6,llm_1,1789.0326737322341,-7.301499999999999,0.1352875965550634,1000.0,,0.0,0.0,0.0,0.0,0.0,0,highway_0,1,1470.0326737322341,1789.0326737322341,,-1001.135287596555
89.7,llm_1,1789.0462024918895,-7.301499999999999,0.1352875965550634,1000.0,,0.0,0.0,0.0,0.0,0.0,0,highway_0,1,1470.0462024918895,1789.0462024918895,,-1001.135287596555
89.8,llm_1,1789.059731251545,-7.301499999999999,0.1352875965550634,1000.0,,0.0,0.0,0.0,0.0,0.0,0,highway_0,1,1470.059731251545,1789.059731251545,,-1001.135287596555
89.9,llm_1,1789.0732600112003,-7.301499999999999,0.1352875965550634,1000.0,,0.0,0.0,0.0,0.0,0.0,0,highway_0,1,1470.0732600112003,1789.0732600112003,,-1001.135287596555
90.0,llm_1,1789.0867887708557,-7.301499999999999,0.1352875965550634,1000.0,,0.0,0.0,0.0,0.0,0.0,0,highway_0,1,1470.0867887708557,1789.0867887708557,,-1001.135287596555
90.1,llm_1,1789.1003175305111,-7.301499999999999,0.1352875965550634,1000.0,,0.0,0.0,0.0,0.0,0.0,0,highway_0,1,1470.1003175305111,1789.1003175305111,,-1001.135287596555
90.2,llm_1,1789.1138462901665,-7.301499999999999,0.1352875965550634,1000.0,,0.0,0.0,0.0,0.0,0.0,0,highway_0,1,1470.1138462901665,1789.1138462901665,,-1001.135287596555
90.3,llm_1,1789.127375049822,-7.301499999999999,0.1352875965550634,1000.0,,0.0,0.0,0.0,0.0,0.0,0,highway_0,1,1470.127375049822,1789.127375049822,,-1001.135287596555
90.4,llm_1,1789.1409038094773,-7.301499999999999,0.1352875965550634,1000.0,,0.0,0.0,0.0,0.0,0.0,0,highway_0,1,1470.1409038094773,1789.1409038094773,,-1001.135287596555
90.5,llm_1,1789.1544325691327,-7.301499999999999,0.1352875965550634,1000.0,,0.0,0.0,0.0,0.0,0.0,0,highway_0,1,1470.1544325691327,1789.1544325691327,,-1001.135287596555
90.6,llm_1,1789.1679613287881,-7.301499999999999,0.1352875965550634,1000.0,,0.0,0.0,0.0,0.0,0.0,0,highway_0,1,1470.1679613287881,1789.1679613287881,,-1001.135287596555
90.7,llm_1,1789.1814900884435,-7.301499999999999,0.1352875965550634,1000.0,,0.0,0.0,0.0,0.0,0.0,0,highway_0,1,1470.1814900884435,1789.1814900884435,,-1001.135287596555
90.8,llm_1,1789.195018848099,-7.301499999999999,0.1352875965550634,1000.0,,0.0,0.0,0.0,0.0,0.0,0,highway_0,1,1470.195018848099,1789.195018848099,,-1001.135287596555
90.9,llm_1,1789.2085476077543,-7.301499999999999,0.1352875965550634,1000.0,,0.0,0.0,0.0,0.0,0.0,0,highway_0,1,1470.2085476077543,1789.2085476077543,,-1001.135287596555
91.0,llm_1,1789.2220763674097,-7.301499999999999,0.1352875965550634,1000.0,,0.0,0.0,0.0,0.0,0.0,0,highway_0,1,1470.2220763674097,1789.2220763674097,,-1001.135287596555
91.1,llm_1,1789.2356051270651,-7.301499999999999,0.1352875965550634,1000.0,,0.0,0.0,0.0,0.0,0.0,0,highway_0,1,1470.2356051270651,1789.2356051270651,,-1001.135287596555
91.2,llm_1,1789.2491338867205,-7.301499999999999,0.1352875965550634,1000.0,,0.0,0.0,0.0,0.0,0.0,0,highway_0,1,1470.2491338867205,1789.2491338867205,,-1001.135287596555
91.3,llm_1,1789.262662646376,-7.301499999999999,0.1352875965550634,1000.0,,0.0,0.0,0.0,0.0,0.0,0,highway_0,1,1470.262662646376,1789.262662646376,,-1001.135287596555
91.4,llm_1,1789.2761914060313,-7.301499999999999,0.1352875965550634,1000.0,,0.0,0.0,0.0,0.0,0.0,0,highway_0,1,1470.2761914060313,1789.2761914060313,,-1001.135287596555
91.5,llm_1,1789.2897201656867,-7.301499999999999,0.1352875965550634,1000.0,,0.0,0.0,0.0,0.0,0.0,0,highway_0,1,1470.2897201656867,1789.2897201656867,,-1001.135287596555
91.6,llm_1,1789.3032489253421,-7.301499999999999,0.1352875965550634,1000.0,,0.0,0.0,0.0,0.0,0.0,0,highway_0,1,1470.3032489253421,1789.3032489253421,,-1001.135287596555
91.7,llm_1,1789.3167776849975,-7.301499999999999,0.1352875965550634,1000.0,,0.0,0.0,0.0,0.0,0.0,0,highway_0,1,1470.3167776849975,1789.3167776849975,,-1001.135287596555
91.8,llm_1,1789.330306444653,-7.301499999999999,0.1352875965550634,1000.0,,0.0,0.0,0.0,0.0,0.0,0,highway_0,1,1470.330306444653,1789.330306444653,,-1001.135287596555
91.9,llm_1,1789.3438352043083,-7.301499999999999,0.1352875965550634,1000.0,,0.0,0.0,0.0,0.0,0.0,0,highway_0,1,1470.3438352043083,1789.3438352043083,,-1001.135287596555
92.0,llm_1,1789.3573639639637,-7.301499999999999,0.1352875965550634,1000.0,,0.0,0.0,0.0,0.0,0.0,0,highway_0,1,1470.3573639639637,1789.3573639639637,,-1001.135287596555
92.1,llm_1,1789.3708927236191,-7.301499999999999,0.1352875965550634,1000.0,,0.0,0.0,0.0,0.0,0.0,0,highway_0,1,1470.3708927236191,1789.3708927236191,,-1001.135287596555
92.2,llm_1,1789.3844214832745,-7.301499999999999,0.1352875965550634,1000.0,,0.0,0.0,0.0,0.0,0.0,0,highway_0,1,1470.3844214832745,1789.3844214832745,,-1001.135287596555
92.3,llm_1,1789.39795024293,-7.301499999999999,0.1352875965550634,1000.0,,0.0,0.0,0.0,0.0,0.0,0,highway_0,1,1470.39795024293,1789.39795024293,,-1001.135287596555
92.4,llm_1,1789.4114790025853,-7.301499999999999,0.1352875965550634,1000.0,,0.0,0.0,0.0,0.0,0.0,0,highway_0,1,1470.4114790025853,1789.4114790025853,,-1001.135287596555
92.5,llm_1,1789.4250077622407,-7.301499999999999,0.1352875965550634,1000.0,,0.0,0.0,0.0,0.0,0.0,0,highway_0,1,1470.4250077622407,1789.4250077622407,,-1001.135287596555
92.6,llm_1,1789.4385365218961,-7.301499999999999,0.1352875965550634,1000.0,,0.0,0.0,0.0,0.0,0.0,0,highway_0,1,1470.4385365218961,1789.4385365218961,,-1001.135287596555
92.7,llm_1,1789.4520652815515,-7.301499999999999,0.1352875965550634,1000.0,,0.0,0.0,0.0,0.0,0.0,0,highway_0,1,1470.4520652815515,1789.4520652815515,,-1001.135287596555
92.8,llm_1,1789.465594041207,-7.301499999999999,0.1352875965550634,1000.0,,0.0,0.0,0.0,0.0,0.0,0,highway_0,1,1470.465594041207,1789.465594041207,,-1001.135287596555
92.9,llm_1,1789.4791228008623,-7.301499999999999,0.1352875965550634,1000.0,,0.0,0.0,0.0,0.0,0.0,0,highway_0,1,1470.4791228008623,1789.4791228008623,,-1001.135287596555
93.0,llm_1,1789.4926515605177,-7.301499999999999,0.1352875965550634,1000.0,,0.0,0.0,0.0,0.0,0.0,0,highway_0,1,1470.4926515605177,1789.4926515605177,,-1001.135287596555
93.1,llm_1,1789.5061803201731,-7.301499999999999,0.1352875965550634,1000.0,,0.0,0.0,0.0,0.0,0.0,0,highway_0,1,1470.5061803201731,1789.5061803201731,,-1001.135287596555
93.2,llm_1,1789.5197090798285,-7.301499999999999,0.1352875965550634,1000.0,,0.0,0.0,0.0,0.0,0.0,0,highway_0,1,1470.5197090798285,1789.5197090798285,,-1001.135287596555
93.3,llm_1,1789.533237839484,-7.301499999999999,0.1352875965550634,1000.0,,0.0,0.0,0.0,0.0,0.0,0,highway_0,1,1470.533237839484,1789.533237839484,,-1001.135287596555
93.4,llm_1,1789.5467665991393,-7.301499999999999,0.1352875965550634,1000.0,,0.0,0.0,0.0,0.0,0.0,0,highway_0,1,1470.5467665991393,1789.5467665991393,,-1001.135287596555
93.5,llm_1,1789.5602953587947,-7.301499999999999,0.1352875965550634,1000.0,,0.0,0.0,0.0,0.0,0.0,0,highway_0,1,1470.5602953587947,1789.5602953587947,,-1001.135287596555
93.6,llm_1,1789.5738241184501,-7.301499999999999,0.1352875965550634,1000.0,,0.0,0.0,0.0,0.0,0.0,0,highway_0,1,1470.5738241184501,1789.5738241184501,,-1001.135287596555
93.7,llm_1,1789.5873528781055,-7.301499999999999,0.1352875965550634,1000.0,,0.0,0.0,0.0,0.0,0.0,0,highway_0,1,1470.5873528781055,1789.5873528781055,,-1001.135287596555
93.8,llm_1,1789.600881637761,-7.301499999999999,0.1352875965550634,1000.0,,0.0,0.0,0.0,0.0,0.0,0,highway_0,1,1470.600881637761,1789.600881637761,,-1001.135287596555
93.9,llm_1,1789.6144103974163,-7.301499999999999,0.1352875965550634,1000.0,,0.0,0.0,0.0,0.0,0.0,0,highway_0,1,1470.6144103974163,1789.6144103974163,,-1001.135287596555
94.0,llm_1,1789.6279391570718,-7.301499999999999,0.1352875965550634,1000.0,,0.0,0.0,0.0,0.0,0.0,0,highway_0,1,1470.6279391570718,1789.6279391570718,,-1001.135287596555
94.1,llm_1,1789.6414679167272,-7.301499999999999,0.1352875965550634,1000.0,,0.0,0.0,0.0,0.0,0.0,0,highway_0,1,1470.6414679167272,1789.6414679167272,,-1001.135287596555
94.2,llm_1,1789.6549966763826,-7.301499999999999,0.1352875965550634,1000.0,,0.0,0.0,0.0,0.0,0.0,0,highway_0,1,1470.6549966763826,1789.6549966763826,,-1001.135287596555
94.3,llm_1,1789.668525436038,-7.301499999999999,0.1352875965550634,1000.0,,0.0,0.0,0.0,0.0,0.0,0,highway_0,1,1470.668525436038,1789.668525436038,,-1001.135287596555
94.4,llm_1,1789.6820541956934,-7.301499999999999,0.1352875965550634,1000.0,,0.0,0.0,0.0,0.0,0.0,0,highway_0,1,1470.6820541956934,1789.6820541956934,,-1001.135287596555
94.5,llm_1,1789.6955829553488,-7.301499999999999,0.1352875965550634,1000.0,,0.0,0.0,0.0,0.0,0.0,0,highway_0,1,1470.6955829553488,1789.6955829553488,,-1001.135287596555
94.6,llm_1,1789.7091117150042,-7.301499999999999,0.1352875965550634,1000.0,,0.0,0.0,0.0,0.0,0.0,0,highway_0,1,1470.7091117150042,1789.7091117150042,,-1001.135287596555
94.7,llm_1,1789.7226404746596,-7.301499999999999,0.1352875965550634,1000.0,,0.0,0.0,0.0,0.0,0.0,0,highway_0,1,1470.7226404746596,1789.7226404746596,,-1001.135287596555
94.8,llm_1,1789.736169234315,-7.301499999999999,0.1352875965550634,1000.0,,0.0,0.0,0.0,0.0,0.0,0,highway_0,1,1470.736169234315,1789.736169234315,,-1001.135287596555
94.9,llm_1,1789.7496979939704,-7.301499999999999,0.1352875965550634,1000.0,,0.0,0.0,0.0,0.0,0.0,0,highway_0,1,1470.7496979939704,1789.7496979939704,,-1001.135287596555
95.0,llm_1,1789.7632267536258,-7.301499999999999,0.1352875965550634,1000.0,,0.0,0.0,0.0,0.0,0.0,0,highway_0,1,1470.7632267536258,1789.7632267536258,,-1001.135287596555
95.1,llm_1,1789.7767555132812,-7.301499999999999,0.1352875965550634,1000.0,,0.0,0.0,0.0,0.0,0.0,0,highway_0,1,1470.7767555132812,1789.7767555132812,,-1001.135287596555
95.2,llm_1,1789.7902842729366,-7.301499999999999,0.1352875965550634,1000.0,,0.0,0.0,0.0,0.0,0.0,0,highway_0,1,1470.7902842729366,1789.7902842729366,,-1001.135287596555
95.3,llm_1,1789.803813032592,-7.301499999999999,0.1352875965550634,1000.0,,0.0,0.0,0.0,0.0,0.0,0,highway_0,1,1470.803813032592,1789.803813032592,,-1001.135287596555
95.4,llm_1,1789.8173417922474,-7.301499999999999,0.1352875965550634,1000.0,,0.0,0.0,0.0,0.0,0.0,0,highway_0,1,1470.8173417922474,1789.8173417922474,,-1001.135287596555
95.5,llm_1,1789.8308705519028,-7.301499999999999,0.1352875965550634,1000.0,,0.0,0.0,0.0,0.0,0.0,0,highway_0,1,1470.8308705519028,1789.8308705519028,,-1001.135287596555
95.6,llm_1,1789.8443993115582,-7.301499999999999,0.1352875965550634,1000.0,,0.0,0.0,0.0,0.0,0.0,0,highway_0,1,1470.8443993115582,1789.8443993115582,,-1001.135287596555
95.7,llm_1,1789.8579280712136,-7.301499999999999,0.1352875965550634,1000.0,,0.0,0.0,0.0,0.0,0.0,0,highway_0,1,1470.8579280712136,1789.8579280712136,,-1001.135287596555
95.8,llm_1,1789.871456830869,-7.301499999999999,0.1352875965550634,1000.0,,0.0,0.0,0.0,0.0,0.0,0,highway_0,1,1470.871456830869,1789.871456830869,,-1001.135287596555
95.9,llm_1,1789.8849855905244,-7.301499999999999,0.1352875965550634,1000.0,,0.0,0.0,0.0,0.0,0.0,0,highway_0,1,1470.8849855905244,1789.8849855905244,,-1001.135287596555
96.0,llm_1,1789.8985143501798,-7.301499999999999,0.1352875965550634,1000.0,,0.0,0.0,0.0,0.0,0.0,0,highway_0,1,1470.8985143501798,1789.8985143501798,,-1001.135287596555
96.1,llm_1,1789.9120431098352,-7.301499999999999,0.1352875965550634,1000.0,,0.0,0.0,0.0,0.0,0.0,0,highway_0,1,1470.9120431098352,1789.9120431098352,,-1001.135287596555
96.2,llm_1,1789.9255718694906,-7.301499999999999,0.1352875965550634,1000.0,,0.0,0.0,0.0,0.0,0.0,0,highway_0,1,1470.9255718694906,1789.9255718694906,,-1001.135287596555
96.3,llm_1,1789.939100629146,-7.301499999999999,0.1352875965550634,1000.0,,0.0,0.0,0.0,0.0,0.0,0,highway_0,1,1470.939100629146,1789.939100629146,,-1001.135287596555
96.4,llm_1,1789.9526293888014,-7.301499999999999,0.1352875965550634,1000.0,,0.0,0.0,0.0,0.0,0.0,0,highway_0,1,1470.9526293888014,1789.9526293888014,,-1001.135287596555
96.5,llm_1,1789.9661581484568,-7.301499999999999,0.1352875965550634,1000.0,,0.0,0.0,0.0,0.0,0.0,0,highway_0,1,1470.9661581484568,1789.9661581484568,,-1001.135287596555
96.6,llm_1,1789.9796869081122,-7.301499999999999,0.1352875965550634,1000.0,,0.0,0.0,0.0,0.0,0.0,0,highway_0,1,1470.9796869081122,1789.9796869081122,,-1001.135287596555
96.7,llm_1,1789.9932156677676,-7.301499999999999,0.1352875965550634,1000.0,,0.0,0.0,0.0,0.0,0.0,0,highway_0,1,1470.9932156677676,1789.9932156677676,,-1001.135287596555
96.8,llm_1,1790.006744427423,-7.301499999999999,0.1352875965550634,1000.0,,0.0,0.0,0.0,0.0,0.0,0,highway_0,1,1471.006744427423,1790.006744427423,,-1001.135287596555
96.9,llm_1,1790.0202731870784,-7.301499999999999,0.1352875965550634,1000.0,,0.0,0.0,0.0,0.0,0.0,0,highway_0,1,1471.0202731870784,1790.0202731870784,,-1001.135287596555
97.0,llm_1,1790.0338019467338,-7.301499999999999,0.1352875965550634,1000.0,,0.0,0.0,0.0,0.0,0.0,0,highway_0,1,1471.0338019467338,1790.0338019467338,,-1001.135287596555
97.1,llm_1,1790.0473307063892,-7.301499999999999,0.1352875965550634,1000.0,,0.0,0.0,0.0,0.0,0.0,0,highway_0,1,1471.0473307063892,1790.0473307063892,,-1001.135287596555
97.2,llm_1,1790.0608594660446,-7.301499999999999,0.1352875965550634,1000.0,,0.0,0.0,0.0,0.0,0.0,0,highway_0,1,1471.0608594660446,1790.0608594660446,,-1001.135287596555
97.3,llm_1,1790.0743882257,-7.301499999999999,0.1352875965550634,1000.0,,0.0,0.0,0.0,0.0,0.0,0,highway_0,1,1471.0743882257,1790.0743882257,,-1001.135287596555
97.4,llm_1,1790.0879169853554,-7.301499999999999,0.1352875965550634,1000.0,,0.0,0.0,0.0,0.0,0.0,0,highway_0,1,1471.0879169853554,1790.0879169853554,,-1001.135287596555
97.5,llm_1,1790.1014457450108,-7.301499999999999,0.1352875965550634,1000.0,,0.0,0.0,0.0,0.0,0.0,0,highway_0,1,1471.1014457450108,1790.1014457450108,,-1001.135287596555
97.6,llm_1,1790.1149745046662,-7.301499999999999,0.1352875965550634,1000.0,,0.0,0.0,0.0,0.0,0.0,0,highway_0,1,1471.1149745046662,1790.1149745046662,,-1001.135287596555
97.7,llm_1,1790.1285032643216,-7.301499999999999,0.1352875965550634,1000.0,,0.0,0.0,0.0,0.0,0.0,0,highway_0,1,1471.1285032643216,1790.1285032643216,,-1001.135287596555
97.8,llm_1,1790.142032023977,-7.301499999999999,0.1352875965550634,1000.0,,0.0,0.0,0.0,0.0,0.0,0,highway_0,1,1471.142032023977,1790.142032023977,,-1001.135287596555
97.9,llm_1,1790.1555607836324,-7.301499999999999,0.1352875965550634,1000.0,,0.0,0.0,0.0,0.0,0.0,0,highway_0,1,1471.1555607836324,1790.1555607836324,,-1001.135287596555
98.0,llm_1,1790.1690895432878,-7.301499999999999,0.1352875965550634,1000.0,,0.0,0.0,0.0,0.0,0.0,0,highway_0,1,1471.1690895432878,1790.1690895432878,,-1001.135287596555
98.1,llm_1,1790.1826183029432,-7.301499999999999,0.1352875965550634,1000.0,,0.0,0.0,0.0,0.0,0.0,0,highway_0,1,1471.1826183029432,1790.1826183029432,,-1001.135287596555
98.2,llm_1,1790.1961470625986,-7.301499999999999,0.1352875965550634,1000.0,,0.0,0.0,0.0,0.0,0.0,0,highway_0,1,1471.1961470625986,1790.1961470625986,,-1001.135287596555
98.3,llm_1,1790.209675822254,-7.301499999999999,0.1352875965550634,1000.0,,0.0,0.0,0.0,0.0,0.0,0,highway_0,1,1471.209675822254,1790.209675822254,,-1001.135287596555
98.4,llm_1,1790.2232045819094,-7.301499999999999,0.1352875965550634,1000.0,,0.0,0.0,0.0,0.0,0.0,0,highway_0,1,1471.2232045819094,1790.2232045819094,,-1001.135287596555
98.5,llm_1,1790.2367333415648,-7.301499999999999,0.1352875965550634,1000.0,,0.0,0.0,0.0,0.0,0.0,0,highway_0,1,1471.2367333415648,1790.2367333415648,,-1001.135287596555
98.6,llm_1,1790.2502621012202,-7.301499999999999,0.1352875965550634,1000.0,,0.0,0.0,0.0,0.0,0.0,0,highway_0,1,1471.2502621012202,1790.2502621012202,,-1001.135287596555
98.7,llm_1,1790.2637908608756,-7.301499999999999,0.1352875965550634,1000.0,,0.0,0.0,0.0,0.0,0.0,0,highway_0,1,1471.2637908608756,1790.2637908608756,,-1001.135287596555
98.8,llm_1,1790.277319620531,-7.301499999999999,0.1352875965550634,1000.0,,0.0,0.0,0.0,0.0,0.0,0,highway_0,1,1471.277319620531,1790.277319620531,,-1001.135287596555
98.9,llm_1,1790.2908483801864,-7.301499999999999,0.1352875965550634,1000.0,,0.0,0.0,0.0,0.0,0.0,0,highway_0,1,1471.2908483801864,1790.2908483801864,,-1001.135287596555
99.0,llm_1,1790.3043771398418,-7.301499999999999,0.1352875965550634,1000.0,,0.0,0.0,0.0,0.0,0.0,0,highway_0,1,1471.3043771398418,1790.3043771398418,,-1001.135287596555
99.1,llm_1,1790.3179058994972,-7.301499999999999,0.1352875965550634,1000.0,,0.0,0.0,0.0,0.0,0.0,0,highway_0,1,1471.3179058994972,1790.3179058994972,,-1001.135287596555
99.2,llm_1,1790.3314346591526,-7.301499999999999,0.1352875965550634,1000.0,,0.0,0.0,0.0,0.0,0.0,0,highway_0,1,1471.3314346591526,1790.3314346591526,,-1001.135287596555
99.3,llm_1,1790.344963418808,-7.301499999999999,0.1352875965550634,1000.0,,0.0,0.0,0.0,0.0,0.0,0,highway_0,1,1471.344963418808,1790.344963418808,,-1001.135287596555
99.4,llm_1,1790.3584921784634,-7.301499999999999,0.1352875965550634,1000.0,,0.0,0.0,0.0,0.0,0.0,0,highway_0,1,1471.3584921784634,1790.3584921784634,,-1001.135287596555
99.5,llm_1,1790.3720209381188,-7.301499999999999,0.1352875965550634,1000.0,,0.0,0.0,0.0,0.0,0.0,0,highway_0,1,1471.3720209381188,1790.3720209381188,,-1001.135287596555
99.6,llm_1,1790.3855496977742,-7.301499999999999,0.1352875965550634,1000.0,,0.0,0.0,0.0,0.0,0.0,0,highway_0,1,1471.3855496977742,1790.3855496977742,,-1001.135287596555
99.7,llm_1,1790.3990784574296,-7.301499999999999,0.1352875965550634,1000.0,,0.0,0.0,0.0,0.0,0.0,0,highway_0,1,1471.3990784574296,1790.3990784574296,,-1001.135287596555
99.8,llm_1,1790.412607217085,-7.301499999999999,0.1352875965550634,1000.0,,0.0,0.0,0.0,0.0,0.0,0,highway_0,1,1471.412607217085,1790.412607217085,,-1001.135287596555
99.9,llm_1,1790.4261359767404,-7.301499999999999,0.1352875965550634,1000.0,,0.0,0.0,0.0,0.0,0.0,0,highway_0,1,1471.4261359767404,1790.4261359767404,,-1001.135287596555
100.0,llm_1,1790.4396647363958,-7.301499999999999,0.1352875965550634,1000.0,,0.0,0.0,0.0,0.0,0.0,0,highway_0,1,1471.4396647363958,1790.4396647363958,,-1001.135287596555
100.1,llm_1,1790.4531934960512,-7.301499999999999,0.1352875965550634,1000.0,,0.0,0.0,0.0,0.0,0.0,0,highway_0,1,1471.4531934960512,1790.4531934960512,,-1001.135287596555
100.2,llm_1,1790.4667222557066,-7.301499999999999,0.1352875965550634,1000.0,,0.0,0.0,0.0,0.0,0.0,0,highway_0,1,1471.4667222557066,1790.4667222557066,,-1001.135287596555
100.3,llm_1,1790.480251015362,-7.301499999999999,0.1352875965550634,1000.0,,0.0,0.0,0.0,0.0,0.0,0,highway_0,1,1471.480251015362,1790.480251015362,,-1001.135287596555
100.4,llm_1,1790.4937797750174,-7.301499999999999,0.1352875965550634,1000.0,,0.0,0.0,0.0,0.0,0.0,0,highway_0,1,1471.4937797750174,1790.4937797750174,,-1001.135287596555
100.5,llm_1,1790.5073085346728,-7.301499999999999,0.1352875965550634,1000.0,,0.0,0.0,0.0,0.0,0.0,0,highway_0,1,1471.5073085346728,1790.5073085346728,,-1001.135287596555
100.6,llm_1,1790.5208372943282,-7.301499999999999,0.1352875965550634,1000.0,,0.0,0.0,0.0,0.0,0.0,0,highway_0,1,1471.5208372943282,1790.5208372943282,,-1001.135287596555
100.7,llm_1,1790.5343660539836,-7.301499999999999,0.1352875965550634,1000.0,,0.0,0.0,0.0,0.0,0.0,0,highway_0,1,1471.5343660539836,1790.5343660539836,,-1001.135287596555
100.8,llm_1,1790.547894813639,-7.301499999999999,0.1352875965550634,1000.0,,0.0,0.0,0.0,0.0,0.0,0,highway_0,1,1471.547894813639,1790.547894813639,,-1001.135287596555
100.9,llm_1,1790.5614235732944,-7.301499999999999,0.1352875965550634,1000.0,,0.0,0.0,0.0,0.0,0.0,0,highway_0,1,1471.5614235732944,1790.5614235732944,,-1001.135287596555
101.0,llm_1,1790.5749523329498,-7.301499999999999,0.1352875965550634,1000.0,,0.0,0.0,0.0,0.0,0.0,0,highway_0,1,1471.5749523329498,1790.5749523329498,,-1001.135287596555
101.1,llm_1,1790.5884810926052,-7.301499999999999,0.1352875965550634,1000.0,,0.0,0.0,0.0,0.0,0.0,0,highway_0,1,1471.5884810926052,1790.5884810926052,,-1001.135287596555
101.2,llm_1,1790.6020098522606,-7.301499999999999,0.1352875965550634,1000.0,,0.0,0.0,0.0,0.0,0.0,0,highway_0,1,1471.6020098522606,1790.6020098522606,,-1001.135287596555
101.3,llm_1,1790.615538611916,-7.301499999999999,0.1352875965550634,1000.0,,0.0,0.0,0.0,0.0,0.0,0,highway_0,1,1471.615538611916,1790.615538611916,,-1001.135287596555
101.4,llm_1,1790.6290673715714,-7.301499999999999,0.1352875965550634,1000.0,,0.0,0.0,0.0,0.0,0.0,0,highway_0,1,1471.6290673715714,1790.6290673715714,,-1001.135287596555
101.5,llm_1,1790.6425961312268,-7.301499999999999,0.1352875965550634,1000.0,,0.0,0.0,0.0,0.0,0.0,0,highway_0,1,1471.6425961312268,1790.6425961312268,,-1001.135287596555
101.6,llm_1,1790.6561248908822,-7.301499999999999,0.1352875965550634,1000.0,,0.0,0.0,0.0,0.0,0.0,0,highway_0,1,1471.6561248908822,1790.6561248908822,,-1001.135287596555
101.7,llm_1,1790.6696536505376,-7.301499999999999,0.1352875965550634,1000.0,,0.0,0.0,0.0,0.0,0.0,0,highway_0,1,1471.6696536505376,1790.6696536505376,,-1001.135287596555
101.8,llm_1,1790.683182410193,-7.301499999999999,0.1352875965550634,1000.0,,0.0,0.0,0.0,0.0,0.0,0,highway_0,1,1471.683182410193,1790.683182410193,,-1001.135287596555
101.9,llm_1,1790.6967111698484,-7.301499999999999,0.1352875965550634,1000.0,,0.0,0.0,0.0,0.0,0.0,0,highway_0,1,1471.6967111698484,1790.6967111698484,,-1001.135287596555
102.0,llm_1,1790.7102399295038,-7.301499999999999,0.1352875965550634,1000.0,,0.0,0.0,0.0,0.0,0.0,0,highway_0,1,1471.7102399295038,1790.7102399295038,,-1001.135287596555
102.1,llm_1,1790.7237686891592,-7.301499999999999,0.1352875965550634,1000.0,,0.0,0.0,0.0,0.0,0.0,0,highway_0,1,1471.7237686891592,1790.7237686891592,,-1001.135287596555
102.2,llm_1,1790.7372974488146,-7.301499999999999,0.1352875965550634,1000.0,,0.0,0.0,0.0,0.0,0.0,0,highway_0,1,1471.7372974488146,1790.7372974488146,,-1001.135287596555
102.3,llm_1,1790.75082620847,-7.301499999999999,0.1352875965550634,1000.0,,0.0,0.0,0.0,0.0,0.0,0,highway_0,1,1471.75082620847,1790.75082620847,,-1001.135287596555
102.4,llm_1,1790.7643549681254,-7.301499999999999,0.1352875965550634,1000.0,,0.0,0.0,0.0,0.0,0.0,0,highway_0,1,1471.7643549681254,1790.7643549681254,,-1001.135287596555
102.5,llm_1,1790.7778837277808,-7.301499999999999,0.1352875965550634,1000.0,,0.0,0.0,0.0,0.0,0.0,0,highway_0,1,1471.7778837277808,1790.7778837277808,,-1001.135287596555
102.6,llm_1,1790.7914124874362,-7.301499999999999,0.1352875965550634,1000.0,,0.0,0.0,0.0,0.0,0.0,0,highway_0,1,1471.7914124874362,1790.7914124874362,,-1001.135287596555
102.7,llm_1,1790.8049412470916,-7.301499999999999,0.1352875965550634,1000.0,,0.0,0.0,0.0,0.0,0.0,0,highway_0,1,1471.8049412470916,1790.8049412470916,,-1001.135287596555
102.8,llm_1,1790.818470006747,-7.301499999999999,0.1352875965550634,1000.0,,0.0,0.0,0.0,0.0,0.0,0,highway_0,1,1471.818470006747,1790.818470006747,,-1001.135287596555
102.9,llm_1,1790.8319987664024,-7.301499999999999,0.1352875965550634,1000.0,,0.0,0.0,0.0,0.0,0.0,0,highway_0,1,1471.8319987664024,1790.8319987664024,,-1001.135287596555
103.0,llm_1,1790.8455275260578,-7.301499999999999,0.1352875965550634,1000.0,,0.0,0.0,0.0,0.0,0.0,0,highway_0,1,1471.8455275260578,1790.8455275260578,,-1001.135287596555
103.1,llm_1,1790.8590562857132,-7.301499999999999,0.1352875965550634,1000.0,,0.0,0.0,0.0,0.0,0.0,0,highway_0,1,1471.8590562857132,1790.8590562857132,,-1001.135287596555
103.2,llm_1,1790.8725850453686,-7.301499999999999,0.1352875965550634,1000.0,,0.0,0.0,0.0,0.0,0.0,0,highway_0,1,1471.8725850453686,1790.8725850453686,,-1001.135287596555
103.3,llm_1,1790.886113805024,-7.301499999999999,0.1352875965550634,1000.0,,0.0,0.0,0.0,0.0,0.0,0,highway_0,1,1471.886113805024,1790.886113805024,,-1001.135287596555
103.4,llm_1,1790.8996425646794,-7.301499999999999,0.1352875965550634,1000.0,,0.0,0.0,0.0,0.0,0.0,0,highway_0,1,1471.8996425646794,1790.8996425646794,,-1001.135287596555
103.5,llm_1,1790.9131713243348,-7.301499999999999,0.1352875965550634,1000.0,,0.0,0.0,0.0,0.0,0.0,0,highway_0,1,1471.9131713243348,1790.9131713243348,,-1001.135287596555
103.6,llm_1,1790.9267000839902,-7.301499999999999,0.1352875965550634,1000.0,,0.0,0.0,0.0,0.0,0.0,0,highway_0,1,1471.9267000839902,1790.9267000839902,,-1001.135287596555
103.7,llm_1,1790.9402288436456,-7.301499999999999,0.1352875965550634,1000.0,,0.0,0.0,0.0,0.0,0.0,0,highway_0,1,1471.9402288436456,1790.9402288436456,,-1001.135287596555
103.8,llm_1,1790.953757603301,-7.301499999999999,0.1352875965550634,1000.0,,0.0,0.0,0.0,0.0,0.0,0,highway_0,1,1471.953757603301,1790.953757603301,,-1001.135287596555
103.9,llm_1,1790.9672863629564,-7.301499999999999,0.1352875965550634,1000.0,,0.0,0.0,0.0,0.0,0.0,0,highway_0,1,1471.9672863629564,1790.9672863629564,,-1001.135287596555
104.0,llm_1,1790.9808151226118,-7.301499999999999,0.1352875965550634,1000.0,,0.0,0.0,0.0,0.0,0.0,0,highway_0,1,1471.9808151226118,1790.9808151226118,,-1001.135287596555
104.1,llm_1,1790.9943438822672,-7.301499999999999,0.1352875965550634,1000.0,,0.0,0.0,0.0,0.0,0.0,0,highway_0,1,1471.9943438822672,1790.9943438822672,,-1001.135287596555
104.2,llm_1,1791.0078726419226,-7.301499999999999,0.1352875965550634,1000.0,,0.0,0.0,0.0,0.0,0.0,0,highway_0,1,1472.0078726419226,1791.0078726419226,,-1001.135287596555
104.3,llm_1,1791.021401401578,-7.301499999999999,0.1352875965550634,1000.0,,0.0,0.0,0.0,0.0,0.0,0,highway_0,1,1472.021401401578,1791.021401401578,,-1001.135287596555
104.4,llm_1,1791.0349301612334,-7.301499999999999,0.1352875965550634,1000.0,,0.0,0.0,0.0,0.0,0.0,0,highway_0,1,1472.0349301612334,1791.0349301612334,,-1001.135287596555
104.5,llm_1,1791.0484589208888,-7.301499999999999,0.1352875965550634,1000.0,,0.0,0.0,0.0,0.0,0.0,0,highway_0,1,1472.0484589208888,1791.0484589208888,,-1001.135287596555
104.6,llm_1,1791.0619876805442,-7.301499999999999,0.1352875965550634,1000.0,,0.0,0.0,0.0,0.0,0.0,0,highway_0,1,1472.0619876805442,1791.0619876805442,,-1001.135287596555
104.7,llm_1,1791.0755164401996,-7.301499999999999,0.1352875965550634,1000.0,,0.0,0.0,0.0,0.0,0.0,0,highway_0,1,1472.0755164401996,1791.0755164401996,,-1001.135287596555
104.8,llm_1,1791.089045199855,-7.301499999999999,0.1352875965550634,1000.0,,0.0,0.0,0.0,0.0,0.0,0,highway_0,1,1472.089045199855,1791.089045199855,,-1001.135287596555
104.9,llm_1,1791.1025739595104,-7.301499999999999,0.1352875965550634,1000.0,,0.0,0.0,0.0,0.0,0.0,0,highway_0,1,1472.1025739595104,1791.1025739595104,,-1001.135287596555
105.0,llm_1,1791.1161027191658,-7.301499999999999,0.1352875965550634,1000.0,,0.0,0.0,0.0,0.0,0.0,0,highway_0,1,1472.1161027191658,1791.1161027191658,,-1001.135287596555
105.1,llm_1,1791.1296314788212,-7.301499999999999,0.1352875965550634,1000.0,,0.0,0.0,0.0,0.0,0.0,0,highway_0,1,1472.1296314788212,1791.1296314788212,,-1001.135287596555
105.2,llm_1,1791.1431602384766,-7.301499999999999,0.1352875965550634,1000.0,,0.0,0.0,0.0,0.0,0.0,0,highway_0,1,1472.1431602384766,1791.1431602384766,,-1001.135287596555
105.3,llm_1,1791.156688998132,-7.301499999999999,0.1352875965550634,1000.0,,0.0,0.0,0.0,0.0,0.0,0,highway_0,1,1472.156688998132,1791.156688998132,,-1001.135287596555
105.4,llm_1,1791.1702177577874,-7.301499999999999,0.1352875965550634,1000.0,,0.0,0.0,0.0,0.0,0.0,0,highway_0,1,1472.1702177577874,1791.1702177577874,,-1001.135287596555
105.5,llm_1,1791.1837465174428,-7.301499999999999,0.1352875965550634,1000.0,,0.0,0.0,0.0,0.0,0.0,0,highway_0,1,1472.1837465174428,1791.1837465174428,,-1001.135287596555
105.6,llm_1,1791.1972752770982,-7.301499999999999,0.1352875965550634,1000.0,,0.0,0.0,0.0,0.0,0.0,0,highway_0,1,1472.1972752770982,1791.1972752770982,,-1001.135287596555
105.7,llm_1,1791.2108040367536,-7.301499999999999,0.1352875965550634,1000.0,,0.0,0.0,0.0,0.0,0.0,0,highway_0,1,1472.2108040367536,1791.2108040367536,,-1001.135287596555
105.8,llm_1,1791.224332796409,-7.301499999999999,0.1352875965550634,1000.0,,0.0,0.0,0.0,0.0,0.0,0,highway_0,1,1472.224332796409,1791.224332796409,,-1001.135287596555
105.9,llm_1,1791.2378615560644,-7.301499999999999,0.1352875965550634,1000.0,,0.0,0.0,0.0,0.0,0.0,0,highway_0,1,1472.2378615560644,1791.2378615560644,,-1001.135287596555
106.0,llm_1,1791.2513903157198,-7.301499999999999,0.1352875965550634,1000.0,,0.0,0.0,0.0,0.0,0.0,0,highway_0,1,1472.2513903157198,1791.2513903157198,,-1001.135287596555
106.1,llm_1,1791.2649190753752,-7.301499999999999,0.1352875965550634,1000.0,,0.0,0.0,0.0,0.0,0.0,0,highway_0,1,1472.2649190753752,1791.2649190753752,,-1001.135287596555
106.2,llm_1,1791.2784478350306,-7.301499999999999,0.1352875965550634,1000.0,,0.0,0.0,0.0,0.0,0.0,0,highway_0,1,1472.2784478350306,1791.2784478350306,,-1001.135287596555
106.3,llm_1,1791.291976594686,-7.301499999999999,0.1352875965550634,1000.0,,0.0,0.0,0.0,0.0,0.0,0,highway_0,1,1472.291976594686,1791.291976594686,,-1001.135287596555
106.4,llm_1,1791.3055053543414,-7.301499999999999,0.1352875965550634,1000.0,,0.0,0.0,0.0,0.0,0.0,0,highway_0,1,1472.3055053543414,1791.3055053543414,,-1001.135287596555
106.5,llm_1,1791.3190341139968,-7.301499999999999,0.1352875965550634,1000.0,,0.0,0.0,0.0,0.0,0.0,0,highway_0,1,1472.3190341139968,1791.3190341139968,,-1001.135287596555
106.6,llm_1,1791.3325628736523,-7.301499999999999,0.1352875965550634,1000.0,,0.0,0.0,0.0,0.0,0.0,0,highway_0,1,1472.3325628736523,1791.3325628736523,,-1001.135287596555
106.7,llm_1,1791.3460916333077,-7.301499999999999,0.1352875965550634,1000.0,,0.0,0.0,0.0,0.0,0.0,0,highway_0,1,1472.3460916333077,1791.3460916333077,,-1001.135287596555
106.8,llm_1,1791.359620392963,-7.301499999999999,0.1352875965550634,1000.0,,0.0,0.0,0.0,0.0,0.0,0,highway_0,1,1472.359620392963,1791.359620392963,,-1001.135287596555
106.9,llm_1,1791.3731491526185,-7.301499999999999,0.1352875965550634,1000.0,,0.0,0.0,0.0,0.0,0.0,0,highway_0,1,1472.3731491526185,1791.3731491526185,,-1001.135287596555
107.0,llm_1,1791.3866779122739,-7.301499999999999,0.1352875965550634,1000.0,,0.0,0.0,0.0,0.0,0.0,0,highway_0,1,1472.3866779122739,1791.3866779122739,,-1001.135287596555
107.1,llm_1,1791.4002066719293,-7.301499999999999,0.1352875965550634,1000.0,,0.0,0.0,0.0,0.0,0.0,0,highway_0,1,1472.4002066719293,1791.4002066719293,,-1001.135287596555
107.2,llm_1,1791.4137354315847,-7.301499999999999,0.1352875965550634,1000.0,,0.0,0.0,0.0,0.0,0.0,0,highway_0,1,1472.4137354315847,1791.4137354315847,,-1001.135287596555
107.3,llm_1,1791.42726419124,-7.301499999999999,0.1352875965550634,1000.0,,0.0,0.0,0.0,0.0,0.0,0,highway_0,1,1472.42726419124,1791.42726419124,,-1001.135287596555
107.4,llm_1,1791.4407929508955,-7.301499999999999,0.1352875965550634,1000.0,,0.0,0.0,0.0,0.0,0.0,0,highway_0,1,1472.4407929508955,1791.4407929508955,,-1001.135287596555
107.5,llm_1,1791.4543217105509,-7.301499999999999,0.1352875965550634,1000.0,,0.0,0.0,0.0,0.0,0.0,0,highway_0,1,1472.4543217105509,1791.4543217105509,,-1001.135287596555
107.6,llm_1,1791.4678504702063,-7.301499999999999,0.1352875965550634,1000.0,,0.0,0.0,0.0,0.0,0.0,0,highway_0,1,1472.4678504702063,1791.4678504702063,,-1001.135287596555
107.7,llm_1,1791.4813792298617,-7.301499999999999,0.1352875965550634,1000.0,,0.0,0.0,0.0,0.0,0.0,0,highway_0,1,1472.4813792298617,1791.4813792298617,,-1001.135287596555
107.8,llm_1,1791.494907989517,-7.301499999999999,0.1352875965550634,1000.0,,0.0,0.0,0.0,0.0,0.0,0,highway_0,1,1472.494907989517,1791.494907989517,,-1001.135287596555
107.9,llm_1,1791.5084367491725,-7.301499999999999,0.1352875965550634,1000.0,,0.0,0.0,0.0,0.0,0.0,0,highway_0,1,1472.5084367491725,1791.5084367491725,,-1001.135287596555
108.0,llm_1,1791.5219655088279,-7.301499999999999,0.1352875965550634,1000.0,,0.0,0.0,0.0,0.0,0.0,0,highway_0,1,1472.5219655088279,1791.5219655088279,,-1001.135287596555
108.1,llm_1,1791.5354942684833,-7.301499999999999,0.1352875965550634,1000.0,,0.0,0.0,0.0,0.0,0.0,0,highway_0,1,1472.5354942684833,1791.5354942684833,,-1001.135287596555
108.2,llm_1,1791.5490230281387,-7.301499999999999,0.1352875965550634,1000.0,,0.0,0.0,0.0,0.0,0.0,0,highway_0,1,1472.5490230281387,1791.5490230281387,,-1001.135287596555
108.3,llm_1,1791.562551787794,-7.301499999999999,0.1352875965550634,1000.0,,0.0,0.0,0.0,0.0,0.0,0,highway_0,1,1472.562551787794,1791.562551787794,,-1001.135287596555
108.4,llm_1,1791.5760805474495,-7.301499999999999,0.1352875965550634,1000.0,,0.0,0.0,0.0,0.0,0.0,0,highway_0,1,1472.5760805474495,1791.5760805474495,,-1001.135287596555
108.5,llm_1,1791.5896093071049,-7.301499999999999,0.1352875965550634,1000.0,,0.0,0.0,0.0,0.0,0.0,0,highway_0,1,1472.5896093071049,1791.5896093071049,,-1001.135287596555
108.6,llm_1,1791.6031380667603,-7.301499999999999,0.1352875965550634,1000.0,,0.0,0.0,0.0,0.0,0.0,0,highway_0,1,1472.6031380667603,1791.6031380667603,,-1001.135287596555
108.7,llm_1,1791.6166668264157,-7.301499999999999,0.1352875965550634,1000.0,,0.0,0.0,0.0,0.0,0.0,0,highway_0,1,1472.6166668264157,1791.6166668264157,,-1001.135287596555
108.8,llm_1,1791.630195586071,-7.301499999999999,0.1352875965550634,1000.0,,0.0,0.0,0.0,0.0,0.0,0,highway_0,1,1472.630195586071,1791.630195586071,,-1001.135287596555
108.9,llm_1,1791.6437243457265,-7.301499999999999,0.1352875965550634,1000.0,,0.0,0.0,0.0,0.0,0.0,0,highway_0,1,1472.6437243457265,1791.6437243457265,,-1001.135287596555
109.0,llm_1,1791.6572531053819,-7.301499999999999,0.1352875965550634,1000.0,,0.0,0.0,0.0,0.0,0.0,0,highway_0,1,1472.6572531053819,1791.6572531053819,,-1001.135287596555
109.1,llm_1,1791.6707818650373,-7.301499999999999,0.1352875965550634,1000.0,,0.0,0.0,0.0,0.0,0.0,0,highway_0,1,1472.6707818650373,1791.6707818650373,,-1001.135287596555
109.2,llm_1,1791.6843106246927,-7.301499999999999,0.1352875965550634,1000.0,,0.0,0.0,0.0,0.0,0.0,0,highway_0,1,1472.6843106246927,1791.6843106246927,,-1001.135287596555
109.3,llm_1,1791.697839384348,-7.301499999999999,0.1352875965550634,1000.0,,0.0,0.0,0.0,0.0,0.0,0,highway_0,1,1472.697839384348,1791.697839384348,,-1001.135287596555
109.4,llm_1,1791.7113681440035,-7.301499999999999,0.1352875965550634,1000.0,,0.0,0.0,0.0,0.0,0.0,0,highway_0,1,1472.7113681440035,1791.7113681440035,,-1001.135287596555
109.5,llm_1,1791.7248969036589,-7.301499999999999,0.1352875965550634,1000.0,,0.0,0.0,0.0,0.0,0.0,0,highway_0,1,1472.7248969036589,1791.7248969036589,,-1001.135287596555
109.6,llm_1,1791.7384256633143,-7.301499999999999,0.1352875965550634,1000.0,,0.0,0.0,0.0,0.0,0.0,0,highway_0,1,1472.7384256633143,1791.7384256633143,,-1001.135287596555
109.7,llm_1,1791.7519544229697,-7.301499999999999,0.1352875965550634,1000.0,,0.0,0.0,0.0,0.0,0.0,0,highway_0,1,1472.7519544229697,1791.7519544229697,,-1001.135287596555
109.8,llm_1,1791.765483182625,-7.301499999999999,0.1352875965550634,1000.0,,0.0,0.0,0.0,0.0,0.0,0,highway_0,1,1472.765483182625,1791.765483182625,,-1001.135287596555
109.9,llm_1,1791.7790119422805,-7.301499999999999,0.1352875965550634,1000.0,,0.0,0.0,0.0,0.0,0.0,0,highway_0,1,1472.7790119422805,1791.7790119422805,,-1001.135287596555
110.0,llm_1,1791.7925407019359,-7.301499999999999,0.1352875965550634,1000.0,,0.0,0.0,0.0,0.0,0.0,0,highway_0,1,1472.7925407019359,1791.7925407019359,,-1001.135287596555
110.1,llm_1,1791.8060694615913,-7.301499999999999,0.1352875965550634,1000.0,,0.0,0.0,0.0,0.0,0.0,0,highway_0,1,1472.8060694615913,1791.8060694615913,,-1001.135287596555
110.2,llm_1,1791.8195982212467,-7.301499999999999,0.1352875965550634,1000.0,,0.0,0.0,0.0,0.0,0.0,0,highway_0,1,1472.8195982212467,1791.8195982212467,,-1001.135287596555
110.3,llm_1,1791.833126980902,-7.301499999999999,0.1352875965550634,1000.0,,0.0,0.0,0.0,0.0,0.0,0,highway_0,1,1472.833126980902,1791.833126980902,,-1001.135287596555
110.4,llm_1,1791.8466557405575,-7.301499999999999,0.1352875965550634,1000.0,,0.0,0.0,0.0,0.0,0.0,0,highway_0,1,1472.8466557405575,1791.8466557405575,,-1001.135287596555
110.5,llm_1,1791.8601845002129,-7.301499999999999,0.1352875965550634,1000.0,,0.0,0.0,0.0,0.0,0.0,0,highway_0,1,1472.8601845002129,1791.8601845002129,,-1001.135287596555
110.6,llm_1,1791.8737132598683,-7.301499999999999,0.1352875965550634,1000.0,,0.0,0.0,0.0,0.0,0.0,0,highway_0,1,1472.8737132598683,1791.8737132598683,,-1001.135287596555
110.7,llm_1,1791.8872420195237,-7.301499999999999,0.1352875965550634,1000.0,,0.0,0.0,0.0,0.0,0.0,0,highway_0,1,1472.8872420195237,1791.8872420195237,,-1001.135287596555
110.8,llm_1,1791.900770779179,-7.301499999999999,0.1352875965550634,1000.0,,0.0,0.0,0.0,0.0,0.0,0,highway_0,1,1472.900770779179,1791.900770779179,,-1001.135287596555
110.9,llm_1,1791.9142995388345,-7.301499999999999,0.1352875965550634,1000.0,,0.0,0.0,0.0,0.0,0.0,0,highway_0,1,1472.9142995388345,1791.9142995388345,,-1001.135287596555
111.0,llm_1,1791.9278282984899,-7.301499999999999,0.1352875965550634,1000.0,,0.0,0.0,0.0,0.0,0.0,0,highway_0,1,1472.9278282984899,1791.9278282984899,,-1001.135287596555
111.1,llm_1,1791.9413570581453,-7.301499999999999,0.1352875965550634,1000.0,,0.0,0.0,0.0,0.0,0.0,0,highway_0,1,1472.9413570581453,1791.9413570581453,,-1001.135287596555
111.2,llm_1,1791.9548858178007,-7.301499999999999,0.1352875965550634,1000.0,,0.0,0.0,0.0,0.0,0.0,0,highway_0,1,1472.9548858178007,1791.9548858178007,,-1001.135287596555
111.3,llm_1,1791.968414577456,-7.301499999999999,0.1352875965550634,1000.0,,0.0,0.0,0.0,0.0,0.0,0,highway_0,1,1472.968414577456,1791.968414577456,,-1001.135287596555
111.4,llm_1,1791.9819433371115,-7.301499999999999,0.1352875965550634,1000.0,,0.0,0.0,0.0,0.0,0.0,0,highway_0,1,1472.9819433371115,1791.9819433371115,,-1001.135287596555
111.5,llm_1,1791.995472096767,-7.301499999999999,0.1352875965550634,1000.0,,0.0,0.0,0.0,0.0,0.0,0,highway_0,1,1472.995472096767,1791.995472096767,,-1001.135287596555
111.6,llm_1,1792.0090008564223,-7.301499999999999,0.1352875965550634,1000.0,,0.0,0.0,0.0,0.0,0.0,0,highway_0,1,1473.0090008564223,1792.0090008564223,,-1001.135287596555
111.7,llm_1,1792.0225296160777,-7.301499999999999,0.1352875965550634,1000.0,,0.0,0.0,0.0,0.0,0.0,0,highway_0,1,1473.0225296160777,1792.0225296160777,,-1001.135287596555
111.8,llm_1,1792.036058375733,-7.301499999999999,0.1352875965550634,1000.0,,0.0,0.0,0.0,0.0,0.0,0,highway_0,1,1473.036058375733,1792.036058375733,,-1001.135287596555
111.9,llm_1,1792.0495871353885,-7.301499999999999,0.1352875965550634,1000.0,,0.0,0.0,0.0,0.0,0.0,0,highway_0,1,1473.0495871353885,1792.0495871353885,,-1001.135287596555
112.0,llm_1,1792.063115895044,-7.301499999999999,0.1352875965550634,1000.0,,0.0,0.0,0.0,0.0,0.0,0,highway_0,1,1473.063115895044,1792.063115895044,,-1001.135287596555
112.1,llm_1,1792.0766446546993,-7.301499999999999,0.1352875965550634,1000.0,,0.0,0.0,0.0,0.0,0.0,0,highway_0,1,1473.0766446546993,1792.0766446546993,,-1001.135287596555
112.2,llm_1,1792.0901734143547,-7.301499999999999,0.1352875965550634,1000.0,,0.0,0.0,0.0,0.0,0.0,0,highway_0,1,1473.0901734143547,1792.0901734143547,,-1001.135287596555
112.3,llm_1,1792.10370217401,-7.301499999999999,0.1352875965550634,1000.0,,0.0,0.0,0.0,0.0,0.0,0,highway_0,1,1473.10370217401,1792.10370217401,,-1001.135287596555
112.4,llm_1,1792.1172309336655,-7.301499999999999,0.1352875965550634,1000.0,,0.0,0.0,0.0,0.0,0.0,0,highway_0,1,1473.1172309336655,1792.1172309336655,,-1001.135287596555
112.5,llm_1,1792.130759693321,-7.301499999999999,0.1352875965550634,1000.0,,0.0,0.0,0.0,0.0,0.0,0,highway_0,1,1473.130759693321,1792.130759693321,,-1001.135287596555
112.6,llm_1,1792.1442884529763,-7.301499999999999,0.1352875965550634,1000.0,,0.0,0.0,0.0,0.0,0.0,0,highway_0,1,1473.1442884529763,1792.1442884529763,,-1001.135287596555
112.7,llm_1,1792.1578172126317,-7.301499999999999,0.1352875965550634,1000.0,,0.0,0.0,0.0,0.0,0.0,0,highway_0,1,1473.1578172126317,1792.1578172126317,,-1001.135287596555
112.8,llm_1,1792.171345972287,-7.301499999999999,0.1352875965550634,1000.0,,0.0,0.0,0.0,0.0,0.0,0,highway_0,1,1473.171345972287,1792.171345972287,,-1001.135287596555
112.9,llm_1,1792.1848747319425,-7.301499999999999,0.1352875965550634,1000.0,,0.0,0.0,0.0,0.0,0.0,0,highway_0,1,1473.1848747319425,1792.1848747319425,,-1001.135287596555
113.0,llm_1,1792.198403491598,-7.301499999999999,0.1352875965550634,1000.0,,0.0,0.0,0.0,0.0,0.0,0,highway_0,1,1473.198403491598,1792.198403491598,,-1001.135287596555
113.1,llm_1,1792.2119322512533,-7.301499999999999,0.1352875965550634,1000.0,,0.0,0.0,0.0,0.0,0.0,0,highway_0,1,1473.2119322512533,1792.2119322512533,,-1001.135287596555
113.2,llm_1,1792.2254610109087,-7.301499999999999,0.1352875965550634,1000.0,,0.0,0.0,0.0,0.0,0.0,0,highway_0,1,1473.2254610109087,1792.2254610109087,,-1001.135287596555
113.3,llm_1,1792.238989770564,-7.301499999999999,0.1352875965550634,1000.0,,0.0,0.0,0.0,0.0,0.0,0,highway_0,1,1473.238989770564,1792.238989770564,,-1001.135287596555
113.4,llm_1,1792.2525185302195,-7.301499999999999,0.1352875965550634,1000.0,,0.0,0.0,0.0,0.0,0.0,0,highway_0,1,1473.2525185302195,1792.2525185302195,,-1001.135287596555
113.5,llm_1,1792.266047289875,-7.301499999999999,0.1352875965550634,1000.0,,0.0,0.0,0.0,0.0,0.0,0,highway_0,1,1473.266047289875,1792.266047289875,,-1001.135287596555
113.6,llm_1,1792.2795760495303,-7.301499999999999,0.1352875965550634,1000.0,,0.0,0.0,0.0,0.0,0.0,0,highway_0,1,1473.2795760495303,1792.2795760495303,,-1001.135287596555
113.7,llm_1,1792.2931048091857,-7.301499999999999,0.1352875965550634,1000.0,,0.0,0.0,0.0,0.0,0.0,0,highway_0,1,1473.2931048091857,1792.2931048091857,,-1001.135287596555
113.8,llm_1,1792.306633568841,-7.301499999999999,0.1352875965550634,1000.0,,0.0,0.0,0.0,0.0,0.0,0,highway_0,1,1473.306633568841,1792.306633568841,,-1001.135287596555
113.9,llm_1,1792.3201623284965,-7.301499999999999,0.1352875965550634,1000.0,,0.0,0.0,0.0,0.0,0.0,0,highway_0,1,1473.3201623284965,1792.3201623284965,,-1001.135287596555
114.0,llm_1,1792.333691088152,-7.301499999999999,0.1352875965550634,1000.0,,0.0,0.0,0.0,0.0,0.0,0,highway_0,1,1473.333691088152,1792.333691088152,,-1001.135287596555
114.1,llm_1,1792.3472198478073,-7.301499999999999,0.1352875965550634,1000.0,,0.0,0.0,0.0,0.0,0.0,0,highway_0,1,1473.3472198478073,1792.3472198478073,,-1001.135287596555
114.2,llm_1,1792.3607486074627,-7.301499999999999,0.1352875965550634,1000.0,,0.0,0.0,0.0,0.0,0.0,0,highway_0,1,1473.3607486074627,1792.3607486074627,,-1001.135287596555
114.3,llm_1,1792.374277367118,-7.301499999999999,0.1352875965550634,1000.0,,0.0,0.0,0.0,0.0,0.0,0,highway_0,1,1473.374277367118,1792.374277367118,,-1001.135287596555
114.4,llm_1,1792.3878061267735,-7.301499999999999,0.1352875965550634,1000.0,,0.0,0.0,0.0,0.0,0.0,0,highway_0,1,1473.3878061267735,1792.3878061267735,,-1001.135287596555
114.5,llm_1,1792.401334886429,-7.301499999999999,0.1352875965550634,1000.0,,0.0,0.0,0.0,0.0,0.0,0,highway_0,1,1473.401334886429,1792.401334886429,,-1001.135287596555
114.6,llm_1,1792.4148636460843,-7.301499999999999,0.1352875965550634,1000.0,,0.0,0.0,0.0,0.0,0.0,0,highway_0,1,1473.4148636460843,1792.4148636460843,,-1001.135287596555
114.7,llm_1,1792.4283924057397,-7.301499999999999,0.1352875965550634,1000.0,,0.0,0.0,0.0,0.0,0.0,0,highway_0,1,1473.4283924057397,1792.4283924057397,,-1001.135287596555
114.8,llm_1,1792.4419211653951,-7.301499999999999,0.1352875965550634,1000.0,,0.0,0.0,0.0,0.0,0.0,0,highway_0,1,1473.4419211653951,1792.4419211653951,,-1001.135287596555
114.9,llm_1,1792.4554499250505,-7.301499999999999,0.1352875965550634,1000.0,,0.0,0.0,0.0,0.0,0.0,0,highway_0,1,1473.4554499250505,1792.4554499250505,,-1001.135287596555
115.0,llm_1,1792.468978684706,-7.301499999999999,0.1352875965550634,1000.0,,0.0,0.0,0.0,0.0,0.0,0,highway_0,1,1473.468978684706,1792.468978684706,,-1001.135287596555
115.1,llm_1,1792.4825074443613,-7.301499999999999,0.1352875965550634,1000.0,,0.0,0.0,0.0,0.0,0.0,0,highway_0,1,1473.4825074443613,1792.4825074443613,,-1001.135287596555
115.2,llm_1,1792.4960362040167,-7.301499999999999,0.1352875965550634,1000.0,,0.0,0.0,0.0,0.0,0.0,0,highway_0,1,1473.4960362040167,1792.4960362040167,,-1001.135287596555
115.3,llm_1,1792.5095649636721,-7.301499999999999,0.1352875965550634,1000.0,,0.0,0.0,0.0,0.0,0.0,0,highway_0,1,1473.5095649636721,1792.5095649636721,,-1001.135287596555
115.4,llm_1,1792.5230937233275,-7.301499999999999,0.1352875965550634,1000.0,,0.0,0.0,0.0,0.0,0.0,0,highway_0,1,1473.5230937233275,1792.5230937233275,,-1001.135287596555
115.5,llm_1,1792.536622482983,-7.301499999999999,0.1352875965550634,1000.0,,0.0,0.0,0.0,0.0,0.0,0,highway_0,1,1473.536622482983,1792.536622482983,,-1001.135287596555
115.6,llm_1,1792.5501512426383,-7.301499999999999,0.1352875965550634,1000.0,,0.0,0.0,0.0,0.0,0.0,0,highway_0,1,1473.5501512426383,1792.5501512426383,,-1001.135287596555
115.7,llm_1,1792.5636800022937,-7.301499999999999,0.1352875965550634,1000.0,,0.0,0.0,0.0,0.0,0.0,0,highway_0,1,1473.5636800022937,1792.5636800022937,,-1001.135287596555
115.8,llm_1,1792.5772087619491,-7.301499999999999,0.1352875965550634,1000.0,,0.0,0.0,0.0,0.0,0.0,0,highway_0,1,1473.5772087619491,1792.5772087619491,,-1001.135287596555
115.9,llm_1,1792.5907375216045,-7.301499999999999,0.1352875965550634,1000.0,,0.0,0.0,0.0,0.0,0.0,0,highway_0,1,1473.5907375216045,1792.5907375216045,,-1001.135287596555
116.0,llm_1,1792.60426628126,-7.301499999999999,0.1352875965550634,1000.0,,0.0,0.0,0.0,0.0,0.0,0,highway_0,1,1473.60426628126,1792.60426628126,,-1001.135287596555
116.1,llm_1,1792.6177950409153,-7.301499999999999,0.1352875965550634,1000.0,,0.0,0.0,0.0,0.0,0.0,0,highway_0,1,1473.6177950409153,1792.6177950409153,,-1001.135287596555
116.2,llm_1,1792.6313238005707,-7.301499999999999,0.1352875965550634,1000.0,,0.0,0.0,0.0,0.0,0.0,0,highway_0,1,1473.6313238005707,1792.6313238005707,,-1001.135287596555
116.3,llm_1,1792.6448525602261,-7.301499999999999,0.1352875965550634,1000.0,,0.0,0.0,0.0,0.0,0.0,0,highway_0,1,1473.6448525602261,1792.6448525602261,,-1001.135287596555
116.4,llm_1,1792.6583813198815,-7.301499999999999,0.1352875965550634,1000.0,,0.0,0.0,0.0,0.0,0.0,0,highway_0,1,1473.6583813198815,1792.6583813198815,,-1001.135287596555
116.5,llm_1,1792.671910079537,-7.301499999999999,0.1352875965550634,1000.0,,0.0,0.0,0.0,0.0,0.0,0,highway_0,1,1473.671910079537,1792.671910079537,,-1001.135287596555
116.6,llm_1,1792.6854388391923,-7.301499999999999,0.1352875965550634,1000.0,,0.0,0.0,0.0,0.0,0.0,0,highway_0,1,1473.6854388391923,1792.6854388391923,,-1001.135287596555
116.7,llm_1,1792.6989675988477,-7.301499999999999,0.1352875965550634,1000.0,,0.0,0.0,0.0,0.0,0.0,0,highway_0,1,1473.6989675988477,1792.6989675988477,,-1001.135287596555
116.8,llm_1,1792.7124963585031,-7.301499999999999,0.1352875965550634,1000.0,,0.0,0.0,0.0,0.0,0.0,0,highway_0,1,1473.7124963585031,1792.7124963585031,,-1001.135287596555
116.9,llm_1,1792.7260251181585,-7.301499999999999,0.1352875965550634,1000.0,,0.0,0.0,0.0,0.0,0.0,0,highway_0,1,1473.7260251181585,1792.7260251181585,,-1001.135287596555
117.0,llm_1,1792.739553877814,-7.301499999999999,0.1352875965550634,1000.0,,0.0,0.0,0.0,0.0,0.0,0,highway_0,1,1473.739553877814,1792.739553877814,,-1001.135287596555
117.1,llm_1,1792.7530826374693,-7.301499999999999,0.1352875965550634,1000.0,,0.0,0.0,0.0,0.0,0.0,0,highway_0,1,1473.7530826374693,1792.7530826374693,,-1001.135287596555
117.2,llm_1,1792.7666113971247,-7.301499999999999,0.1352875965550634,1000.0,,0.0,0.0,0.0,0.0,0.0,0,highway_0,1,1473.7666113971247,1792.7666113971247,,-1001.135287596555
117.3,llm_1,1792.7801401567801,-7.301499999999999,0.1352875965550634,1000.0,,0.0,0.0,0.0,0.0,0.0,0,highway_0,1,1473.7801401567801,1792.7801401567801,,-1001.135287596555
117.4,llm_1,1792.7936689164355,-7.301499999999999,0.1352875965550634,1000.0,,0.0,0.0,0.0,0.0,0.0,0,highway_0,1,1473.7936689164355,1792.7936689164355,,-1001.135287596555
117.5,llm_1,1792.807197676091,-7.301499999999999,0.1352875965550634,1000.0,,0.0,0.0,0.0,0.0,0.0,0,highway_0,1,1473.807197676091,1792.807197676091,,-1001.135287596555
117.6,llm_1,1792.8207264357463,-7.301499999999999,0.1352875965550634,1000.0,,0.0,0.0,0.0,0.0,0.0,0,highway_0,1,1473.8207264357463,1792.8207264357463,,-1001.135287596555
117.7,llm_1,1792.8342551954017,-7.301499999999999,0.1352875965550634,1000.0,,0.0,0.0,0.0,0.0,0.0,0,highway_0,1,1473.8342551954017,1792.8342551954017,,-1001.135287596555
117.8,llm_1,1792.8477839550571,-7.301499999999999,0.1352875965550634,1000.0,,0.0,0.0,0.0,0.0,0.0,0,highway_0,1,1473.8477839550571,1792.8477839550571,,-1001.135287596555
117.9,llm_1,1792.8613127147125,-7.301499999999999,0.1352875965550634,1000.0,,0.0,0.0,0.0,0.0,0.0,0,highway_0,1,1473.8613127147125,1792.8613127147125,,-1001.135287596555
118.0,llm_1,1792.874841474368,-7.301499999999999,0.1352875965550634,1000.0,,0.0,0.0,0.0,0.0,0.0,0,highway_0,1,1473.874841474368,1792.874841474368,,-1001.135287596555
118.1,llm_1,1792.8883702340233,-7.301499999999999,0.1352875965550634,1000.0,,0.0,0.0,0.0,0.0,0.0,0,highway_0,1,1473.8883702340233,1792.8883702340233,,-1001.135287596555
118.2,llm_1,1792.9018989936787,-7.301499999999999,0.1352875965550634,1000.0,,0.0,0.0,0.0,0.0,0.0,0,highway_0,1,1473.9018989936787,1792.9018989936787,,-1001.135287596555
118.3,llm_1,1792.9154277533341,-7.301499999999999,0.1352875965550634,1000.0,,0.0,0.0,0.0,0.0,0.0,0,highway_0,1,1473.9154277533341,1792.9154277533341,,-1001.135287596555
118.4,llm_1,1792.9289565129895,-7.301499999999999,0.1352875965550634,1000.0,,0.0,0.0,0.0,0.0,0.0,0,highway_0,1,1473.9289565129895,1792.9289565129895,,-1001.135287596555
118.5,llm_1,1792.942485272645,-7.301499999999999,0.1352875965550634,1000.0,,0.0,0.0,0.0,0.0,0.0,0,highway_0,1,1473.942485272645,1792.942485272645,,-1001.135287596555
118.6,llm_1,1792.9560140323003,-7.301499999999999,0.1352875965550634,1000.0,,0.0,0.0,0.0,0.0,0.0,0,highway_0,1,1473.9560140323003,1792.9560140323003,,-1001.135287596555
118.7,llm_1,1792.9695427919557,-7.301499999999999,0.1352875965550634,1000.0,,0.0,0.0,0.0,0.0,0.0,0,highway_0,1,1473.9695427919557,1792.9695427919557,,-1001.135287596555
118.8,llm_1,1792.9830715516111,-7.301499999999999,0.1352875965550634,1000.0,,0.0,0.0,0.0,0.0,0.0,0,highway_0,1,1473.9830715516111,1792.9830715516111,,-1001.135287596555
118.9,llm_1,1792.9966003112665,-7.301499999999999,0.1352875965550634,1000.0,,0.0,0.0,0.0,0.0,0.0,0,highway_0,1,1473.9966003112665,1792.9966003112665,,-1001.135287596555
119.0,llm_1,1793.010129070922,-7.301499999999999,0.1352875965550634,1000.0,,0.0,0.0,0.0,0.0,0.0,0,highway_0,1,1474.010129070922,1793.010129070922,,-1001.135287596555
119.1,llm_1,1793.0236578305773,-7.301499999999999,0.1352875965550634,1000.0,,0.0,0.0,0.0,0.0,0.0,0,highway_0,1,1474.0236578305773,1793.0236578305773,,-1001.135287596555
119.2,llm_1,1793.0371865902327,-7.301499999999999,0.1352875965550634,1000.0,,0.0,0.0,0.0,0.0,0.0,0,highway_0,1,1474.0371865902327,1793.0371865902327,,-1001.135287596555
119.3,llm_1,1793.0507153498882,-7.301499999999999,0.1352875965550634,1000.0,,0.0,0.0,0.0,0.0,0.0,0,highway_0,1,1474.0507153498882,1793.0507153498882,,-1001.135287596555
119.4,llm_1,1793.0642441095436,-7.301499999999999,0.1352875965550634,1000.0,,0.0,0.0,0.0,0.0,0.0,0,highway_0,1,1474.0642441095436,1793.0642441095436,,-1001.135287596555
119.5,llm_1,1793.077772869199,-7.301499999999999,0.1352875965550634,1000.0,,0.0,0.0,0.0,0.0,0.0,0,highway_0,1,1474.077772869199,1793.077772869199,,-1001.135287596555
119.6,llm_1,1793.0913016288544,-7.301499999999999,0.1352875965550634,1000.0,,0.0,0.0,0.0,0.0,0.0,0,highway_0,1,1474.0913016288544,1793.0913016288544,,-1001.135287596555
119.7,llm_1,1793.1048303885098,-7.301499999999999,0.1352875965550634,1000.0,,0.0,0.0,0.0,0.0,0.0,0,highway_0,1,1474.1048303885098,1793.1048303885098,,-1001.135287596555
119.8,llm_1,1793.1183591481652,-7.301499999999999,0.1352875965550634,1000.0,,0.0,0.0,0.0,0.0,0.0,0,highway_0,1,1474.1183591481652,1793.1183591481652,,-1001.135287596555
119.9,llm_1,1793.1318879078206,-7.301499999999999,0.1352875965550634,1000.0,,0.0,0.0,0.0,0.0,0.0,0,highway_0,1,1474.1318879078206,1793.1318879078206,,-1001.135287596555
120.0,llm_1,1793.145416667476,-7.301499999999999,0.1352875965550634,1000.0,,0.0,0.0,0.0,0.0,0.0,0,highway_0,1,1474.145416667476,1793.145416667476,,-1001.135287596555
120.1,llm_1,1793.1589454271314,-7.301499999999999,0.1352875965550634,1000.0,,0.0,0.0,0.0,0.0,0.0,0,highway_0,1,1474.1589454271314,1793.1589454271314,,-1001.135287596555
120.2,llm_1,1793.1724741867868,-7.301499999999999,0.1352875965550634,1000.0,,0.0,0.0,0.0,0.0,0.0,0,highway_0,1,1474.1724741867868,1793.1724741867868,,-1001.135287596555
120.3,llm_1,1793.1860029464422,-7.301499999999999,0.1352875965550634,1000.0,,0.0,0.0,0.0,0.0,0.0,0,highway_0,1,1474.1860029464422,1793.1860029464422,,-1001.135287596555
120.4,llm_1,1793.1995317060976,-7.301499999999999,0.1352875965550634,1000.0,,0.0,0.0,0.0,0.0,0.0,0,highway_0,1,1474.1995317060976,1793.1995317060976,,-1001.135287596555
120.5,llm_1,1793.213060465753,-7.301499999999999,0.1352875965550634,1000.0,,0.0,0.0,0.0,0.0,0.0,0,highway_0,1,1474.213060465753,1793.213060465753,,-1001.135287596555
120.6,llm_1,1793.2265892254084,-7.301499999999999,0.1352875965550634,1000.0,,0.0,0.0,0.0,0.0,0.0,0,highway_0,1,1474.2265892254084,1793.2265892254084,,-1001.135287596555
120.7,llm_1,1793.2401179850638,-7.301499999999999,0.1352875965550634,1000.0,,0.0,0.0,0.0,0.0,0.0,0,highway_0,1,1474.2401179850638,1793.2401179850638,,-1001.135287596555
120.8,llm_1,1793.2536467447192,-7.301499999999999,0.1352875965550634,1000.0,,0.0,0.0,0.0,0.0,0.0,0,highway_0,1,1474.2536467447192,1793.2536467447192,,-1001.135287596555
120.9,llm_1,1793.2671755043746,-7.301499999999999,0.1352875965550634,1000.0,,0.0,0.0,0.0,0.0,0.0,0,highway_0,1,1474.2671755043746,1793.2671755043746,,-1001.135287596555
121.0,llm_1,1793.28070426403,-7.301499999999999,0.1352875965550634,1000.0,,0.0,0.0,0.0,0.0,0.0,0,highway_0,1,1474.28070426403,1793.28070426403,,-1001.135287596555
121.1,llm_1,1793.2942330236854,-7.301499999999999,0.1352875965550634,1000.0,,0.0,0.0,0.0,0.0,0.0,0,highway_0,1,1474.2942330236854,1793.2942330236854,,-1001.135287596555
121.2,llm_1,1793.3077617833408,-7.301499999999999,0.1352875965550634,1000.0,,0.0,0.0,0.0,0.0,0.0,0,highway_0,1,1474.3077617833408,1793.3077617833408,,-1001.135287596555
121.3,llm_1,1793.3212905429962,-7.301499999999999,0.1352875965550634,1000.0,,0.0,0.0,0.0,0.0,0.0,0,highway_0,1,1474.3212905429962,1793.3212905429962,,-1001.135287596555
121.4,llm_1,1793.3348193026516,-7.301499999999999,0.1352875965550634,1000.0,,0.0,0.0,0.0,0.0,0.0,0,highway_0,1,1474.3348193026516,1793.3348193026516,,-1001.135287596555
121.5,llm_1,1793.348348062307,-7.301499999999999,0.1352875965550634,1000.0,,0.0,0.0,0.0,0.0,0.0,0,highway_0,1,1474.348348062307,1793.348348062307,,-1001.135287596555
121.6,llm_1,1793.3618768219624,-7.301499999999999,0.1352875965550634,1000.0,,0.0,0.0,0.0,0.0,0.0,0,highway_0,1,1474.3618768219624,1793.3618768219624,,-1001.135287596555
121.7,llm_1,1793.3754055816178,-7.301499999999999,0.1352875965550634,1000.0,,0.0,0.0,0.0,0.0,0.0,0,highway_0,1,1474.3754055816178,1793.3754055816178,,-1001.135287596555
121.8,llm_1,1793.3889343412732,-7.301499999999999,0.1352875965550634,1000.0,,0.0,0.0,0.0,0.0,0.0,0,highway_0,1,1474.3889343412732,1793.3889343412732,,-1001.135287596555
121.9,llm_1,1793.4024631009286,-7.301499999999999,0.1352875965550634,1000.0,,0.0,0.0,0.0,0.0,0.0,0,highway_0,1,1474.4024631009286,1793.4024631009286,,-1001.135287596555
122.0,llm_1,1793.415991860584,-7.301499999999999,0.1352875965550634,1000.0,,0.0,0.0,0.0,0.0,0.0,0,highway_0,1,1474.415991860584,1793.415991860584,,-1001.135287596555
122.1,llm_1,1793.4295206202394,-7.301499999999999,0.1352875965550634,1000.0,,0.0,0.0,0.0,0.0,0.0,0,highway_0,1,1474.4295206202394,1793.4295206202394,,-1001.135287596555
122.2,llm_1,1793.4430493798948,-7.301499999999999,0.1352875965550634,1000.0,,0.0,0.0,0.0,0.0,0.0,0,highway_0,1,1474.4430493798948,1793.4430493798948,,-1001.135287596555
122.3,llm_1,1793.4565781395502,-7.301499999999999,0.1352875965550634,1000.0,,0.0,0.0,0.0,0.0,0.0,0,highway_0,1,1474.4565781395502,1793.4565781395502,,-1001.135287596555
122.4,llm_1,1793.4701068992056,-7.301499999999999,0.1352875965550634,1000.0,,0.0,0.0,0.0,0.0,0.0,0,highway_0,1,1474.4701068992056,1793.4701068992056,,-1001.135287596555
122.5,llm_1,1793.483635658861,-7.301499999999999,0.1352875965550634,1000.0,,0.0,0.0,0.0,0.0,0.0,0,highway_0,1,1474.483635658861,1793.483635658861,,-1001.135287596555
122.6,llm_1,1793.4971644185164,-7.301499999999999,0.1352875965550634,1000.0,,0.0,0.0,0.0,0.0,0.0,0,highway_0,1,1474.4971644185164,1793.4971644185164,,-1001.135287596555
122.7,llm_1,1793.5106931781718,-7.301499999999999,0.1352875965550634,1000.0,,0.0,0.0,0.0,0.0,0.0,0,highway_0,1,1474.5106931781718,1793.5106931781718,,-1001.135287596555
122.8,llm_1,1793.5242219378272,-7.301499999999999,0.1352875965550634,1000.0,,0.0,0.0,0.0,0.0,0.0,0,highway_0,1,1474.5242219378272,1793.5242219378272,,-1001.135287596555
122.9,llm_1,1793.5377506974826,-7.301499999999999,0.1352875965550634,1000.0,,0.0,0.0,0.0,0.0,0.0,0,highway_0,1,1474.5377506974826,1793.5377506974826,,-1001.135287596555
123.0,llm_1,1793.551279457138,-7.301499999999999,0.1352875965550634,1000.0,,0.0,0.0,0.0,0.0,0.0,0,highway_0,1,1474.551279457138,1793.551279457138,,-1001.135287596555
123.1,llm_1,1793.5648082167934,-7.301499999999999,0.1352875965550634,1000.0,,0.0,0.0,0.0,0.0,0.0,0,highway_0,1,1474.5648082167934,1793.5648082167934,,-1001.135287596555
123.2,llm_1,1793.5783369764488,-7.301499999999999,0.1352875965550634,1000.0,,0.0,0.0,0.0,0.0,0.0,0,highway_0,1,1474.5783369764488,1793.5783369764488,,-1001.135287596555
123.3,llm_1,1793.5918657361042,-7.301499999999999,0.1352875965550634,1000.0,,0.0,0.0,0.0,0.0,0.0,0,highway_0,1,1474.5918657361042,1793.5918657361042,,-1001.135287596555
123.4,llm_1,1793.6053944957596,-7.301499999999999,0.1352875965550634,1000.0,,0.0,0.0,0.0,0.0,0.0,0,highway_0,1,1474.6053944957596,1793.6053944957596,,-1001.135287596555
123.5,llm_1,1793.618923255415,-7.301499999999999,0.1352875965550634,1000.0,,0.0,0.0,0.0,0.0,0.0,0,highway_0,1,1474.618923255415,1793.618923255415,,-1001.135287596555
123.6,llm_1,1793.6324520150704,-7.301499999999999,0.1352875965550634,1000.0,,0.0,0.0,0.0,0.0,0.0,0,highway_0,1,1474.6324520150704,1793.6324520150704,,-1001.135287596555
123.7,llm_1,1793.6459807747258,-7.301499999999999,0.1352875965550634,1000.0,,0.0,0.0,0.0,0.0,0.0,0,highway_0,1,1474.6459807747258,1793.6459807747258,,-1001.135287596555
123.8,llm_1,1793.6595095343812,-7.301499999999999,0.1352875965550634,1000.0,,0.0,0.0,0.0,0.0,0.0,0,highway_0,1,1474.6595095343812,1793.6595095343812,,-1001.135287596555
123.9,llm_1,1793.6730382940366,-7.301499999999999,0.1352875965550634,1000.0,,0.0,0.0,0.0,0.0,0.0,0,highway_0,1,1474.6730382940366,1793.6730382940366,,-1001.135287596555
124.0,llm_1,1793.686567053692,-7.301499999999999,0.1352875965550634,1000.0,,0.0,0.0,0.0,0.0,0.0,0,highway_0,1,1474.686567053692,1793.686567053692,,-1001.135287596555
124.1,llm_1,1793.7000958133474,-7.301499999999999,0.1352875965550634,1000.0,,0.0,0.0,0.0,0.0,0.0,0,highway_0,1,1474.7000958133474,1793.7000958133474,,-1001.135287596555
124.2,llm_1,1793.7136245730028,-7.301499999999999,0.1352875965550634,1000.0,,0.0,0.0,0.0,0.0,0.0,0,highway_0,1,1474.7136245730028,1793.7136245730028,,-1001.135287596555
124.3,llm_1,1793.7271533326582,-7.301499999999999,0.1352875965550634,1000.0,,0.0,0.0,0.0,0.0,0.0,0,highway_0,1,1474.7271533326582,1793.7271533326582,,-1001.135287596555
124.4,llm_1,1793.7406820923136,-7.301499999999999,0.1352875965550634,1000.0,,0.0,0.0,0.0,0.0,0.0,0,highway_0,1,1474.7406820923136,1793.7406820923136,,-1001.135287596555
124.5,llm_1,1793.754210851969,-7.301499999999999,0.1352875965550634,1000.0,,0.0,0.0,0.0,0.0,0.0,0,highway_0,1,1474.754210851969,1793.754210851969,,-1001.135287596555
124.6,llm_1,1793.7677396116244,-7.301499999999999,0.1352875965550634,1000.0,,0.0,0.0,0.0,0.0,0.0,0,highway_0,1,1474.7677396116244,1793.7677396116244,,-1001.135287596555
124.7,llm_1,1793.7812683712798,-7.301499999999999,0.1352875965550634,1000.0,,0.0,0.0,0.0,0.0,0.0,0,highway_0,1,1474.7812683712798,1793.7812683712798,,-1001.135287596555
124.8,llm_1,1793.7947971309352,-7.301499999999999,0.1352875965550634,1000.0,,0.0,0.0,0.0,0.0,0.0,0,highway_0,1,1474.7947971309352,1793.7947971309352,,-1001.135287596555
124.9,llm_1,1793.8083258905906,-7.301499999999999,0.1352875965550634,1000.0,,0.0,0.0,0.0,0.0,0.0,0,highway_0,1,1474.8083258905906,1793.8083258905906,,-1001.135287596555
125.0,llm_1,1793.821854650246,-7.301499999999999,0.1352875965550634,1000.0,,0.0,0.0,0.0,0.0,0.0,0,highway_0,1,1474.821854650246,1793.821854650246,,-1001.135287596555
125.1,llm_1,1793.8353834099014,-7.301499999999999,0.1352875965550634,1000.0,,0.0,0.0,0.0,0.0,0.0,0,highway_0,1,1474.8353834099014,1793.8353834099014,,-1001.135287596555
125.2,llm_1,1793.8489121695568,-7.301499999999999,0.1352875965550634,1000.0,,0.0,0.0,0.0,0.0,0.0,0,highway_0,1,1474.8489121695568,1793.8489121695568,,-1001.135287596555
125.3,llm_1,1793.8624409292122,-7.301499999999999,0.1352875965550634,1000.0,,0.0,0.0,0.0,0.0,0.0,0,highway_0,1,1474.8624409292122,1793.8624409292122,,-1001.135287596555
125.4,llm_1,1793.8759696888676,-7.301499999999999,0.1352875965550634,1000.0,,0.0,0.0,0.0,0.0,0.0,0,highway_0,1,1474.8759696888676,1793.8759696888676,,-1001.135287596555
125.5,llm_1,1793.889498448523,-7.301499999999999,0.1352875965550634,1000.0,,0.0,0.0,0.0,0.0,0.0,0,highway_0,1,1474.889498448523,1793.889498448523,,-1001.135287596555
125.6,llm_1,1793.9030272081784,-7.301499999999999,0.1352875965550634,1000.0,,0.0,0.0,0.0,0.0,0.0,0,highway_0,1,1474.9030272081784,1793.9030272081784,,-1001.135287596555
125.7,llm_1,1793.9165559678338,-7.301499999999999,0.1352875965550634,1000.0,,0.0,0.0,0.0,0.0,0.0,0,highway_0,1,1474.9165559678338,1793.9165559678338,,-1001.135287596555
125.8,llm_1,1793.9300847274892,-7.301499999999999,0.1352875965550634,1000.0,,0.0,0.0,0.0,0.0,0.0,0,highway_0,1,1474.9300847274892,1793.9300847274892,,-1001.135287596555
125.9,llm_1,1793.9436134871446,-7.301499999999999,0.1352875965550634,1000.0,,0.0,0.0,0.0,0.0,0.0,0,highway_0,1,1474.9436134871446,1793.9436134871446,,-1001.135287596555
126.0,llm_1,1793.9571422468,-7.301499999999999,0.1352875965550634,1000.0,,0.0,0.0,0.0,0.0,0.0,0,highway_0,1,1474.9571422468,1793.9571422468,,-1001.135287596555
126.1,llm_1,1793.9706710064554,-7.301499999999999,0.1352875965550634,1000.0,,0.0,0.0,0.0,0.0,0.0,0,highway_0,1,1474.9706710064554,1793.9706710064554,,-1001.135287596555
126.2,llm_1,1793.9841997661108,-7.301499999999999,0.1352875965550634,1000.0,,0.0,0.0,0.0,0.0,0.0,0,highway_0,1,1474.9841997661108,1793.9841997661108,,-1001.135287596555
126.3,llm_1,1793.9977285257662,-7.301499999999999,0.1352875965550634,1000.0,,0.0,0.0,0.0,0.0,0.0,0,highway_0,1,1474.9977285257662,1793.9977285257662,,-1001.135287596555
126.4,llm_1,1794.0112572854216,-7.301499999999999,0.1352875965550634,1000.0,,0.0,0.0,0.0,0.0,0.0,0,highway_0,1,1475.0112572854216,1794.0112572854216,,-1001.135287596555
126.5,llm_1,1794.024786045077,-7.301499999999999,0.1352875965550634,1000.0,,0.0,0.0,0.0,0.0,0.0,0,highway_0,1,1475.024786045077,1794.024786045077,,-1001.135287596555
126.6,llm_1,1794.0383148047324,-7.301499999999999,0.1352875965550634,1000.0,,0.0,0.0,0.0,0.0,0.0,0,highway_0,1,1475.0383148047324,1794.0383148047324,,-1001.135287596555
126.7,llm_1,1794.0518435643878,-7.301499999999999,0.1352875965550634,1000.0,,0.0,0.0,0.0,0.0,0.0,0,highway_0,1,1475.0518435643878,1794.0518435643878,,-1001.135287596555
126.8,llm_1,1794.0653723240432,-7.301499999999999,0.1352875965550634,1000.0,,0.0,0.0,0.0,0.0,0.0,0,highway_0,1,1475.0653723240432,1794.0653723240432,,-1001.135287596555
126.9,llm_1,1794.0789010836986,-7.301499999999999,0.1352875965550634,1000.0,,0.0,0.0,0.0,0.0,0.0,0,highway_0,1,1475.0789010836986,1794.0789010836986,,-1001.135287596555
127.0,llm_1,1794.092429843354,-7.301499999999999,0.1352875965550634,1000.0,,0.0,0.0,0.0,0.0,0.0,0,highway_0,1,1475.092429843354,1794.092429843354,,-1001.135287596555
127.1,llm_1,1794.1059586030094,-7.301499999999999,0.1352875965550634,1000.0,,0.0,0.0,0.0,0.0,0.0,0,highway_0,1,1475.1059586030094,1794.1059586030094,,-1001.135287596555
127.2,llm_1,1794.1194873626648,-7.301499999999999,0.1352875965550634,1000.0,,0.0,0.0,0.0,0.0,0.0,0,highway_0,1,1475.1194873626648,1794.1194873626648,,-1001.135287596555
127.3,llm_1,1794.1330161223202,-7.301499999999999,0.1352875965550634,1000.0,,0.0,0.0,0.0,0.0,0.0,0,highway_0,1,1475.1330161223202,1794.1330161223202,,-1001.135287596555
127.4,llm_1,1794.1465448819756,-7.301499999999999,0.1352875965550634,1000.0,,0.0,0.0,0.0,0.0,0.0,0,highway_0,1,1475.1465448819756,1794.1465448819756,,-1001.135287596555
127.5,llm_1,1794.160073641631,-7.301499999999999,0.1352875965550634,1000.0,,0.0,0.0,0.0,0.0,0.0,0,highway_0,1,1475.160073641631,1794.160073641631,,-1001.135287596555
127.6,llm_1,1794.1736024012864,-7.301499999999999,0.1352875965550634,1000.0,,0.0,0.0,0.0,0.0,0.0,0,highway_0,1,1475.1736024012864,1794.1736024012864,,-1001.135287596555
127.7,llm_1,1794.1871311609418,-7.301499999999999,0.1352875965550634,1000.0,,0.0,0.0,0.0,0.0,0.0,0,highway_0,1,1475.1871311609418,1794.1871311609418,,-1001.135287596555
127.8,llm_1,1794.2006599205972,-7.301499999999999,0.1352875965550634,1000.0,,0.0,0.0,0.0,0.0,0.0,0,highway_0,1,1475.2006599205972,1794.2006599205972,,-1001.135287596555
127.9,llm_1,1794.2141886802526,-7.301499999999999,0.1352875965550634,1000.0,,0.0,0.0,0.0,0.0,0.0,0,highway_0,1,1475.2141886802526,1794.2141886802526,,-1001.135287596555
128.0,llm_1,1794.227717439908,-7.301499999999999,0.1352875965550634,1000.0,,0.0,0.0,0.0,0.0,0.0,0,highway_0,1,1475.227717439908,1794.227717439908,,-1001.135287596555
128.1,llm_1,1794.2412461995634,-7.301499999999999,0.1352875965550634,1000.0,,0.0,0.0,0.0,0.0,0.0,0,highway_0,1,1475.2412461995634,1794.2412461995634,,-1001.135287596555
128.2,llm_1,1794.2547749592188,-7.301499999999999,0.1352875965550634,1000.0,,0.0,0.0,0.0,0.0,0.0,0,highway_0,1,1475.2547749592188,1794.2547749592188,,-1001.135287596555
128.3,llm_1,1794.2683037188742,-7.301499999999999,0.1352875965550634,1000.0,,0.0,0.0,0.0,0.0,0.0,0,highway_0,1,1475.2683037188742,1794.2683037188742,,-1001.135287596555
128.4,llm_1,1794.2818324785296,-7.301499999999999,0.1352875965550634,1000.0,,0.0,0.0,0.0,0.0,0.0,0,highway_0,1,1475.2818324785296,1794.2818324785296,,-1001.135287596555
128.5,llm_1,1794.295361238185,-7.301499999999999,0.1352875965550634,1000.0,,0.0,0.0,0.0,0.0,0.0,0,highway_0,1,1475.295361238185,1794.295361238185,,-1001.135287596555
128.6,llm_1,1794.3088899978404,-7.301499999999999,0.1352875965550634,1000.0,,0.0,0.0,0.0,0.0,0.0,0,highway_0,1,1475.3088899978404,1794.3088899978404,,-1001.135287596555
128.7,llm_1,1794.3224187574958,-7.301499999999999,0.1352875965550634,1000.0,,0.0,0.0,0.0,0.0,0.0,0,highway_0,1,1475.3224187574958,1794.3224187574958,,-1001.135287596555
128.8,llm_1,1794.3359475171512,-7.301499999999999,0.1352875965550634,1000.0,,0.0,0.0,0.0,0.0,0.0,0,highway_0,1,1475.3359475171512,1794.3359475171512,,-1001.135287596555
128.9,llm_1,1794.3494762768066,-7.301499999999999,0.1352875965550634,1000.0,,0.0,0.0,0.0,0.0,0.0,0,highway_0,1,1475.3494762768066,1794.3494762768066,,-1001.135287596555
129.0,llm_1,1794.363005036462,-7.301499999999999,0.1352875965550634,1000.0,,0.0,0.0,0.0,0.0,0.0,0,highway_0,1,1475.363005036462,1794.363005036462,,-1001.135287596555
129.1,llm_1,1794.3765337961174,-7.301499999999999,0.1352875965550634,1000.0,,0.0,0.0,0.0,0.0,0.0,0,highway_0,1,1475.3765337961174,1794.3765337961174,,-1001.135287596555
129.2,llm_1,1794.3900625557728,-7.301499999999999,0.1352875965550634,1000.0,,0.0,0.0,0.0,0.0,0.0,0,highway_0,1,1475.3900625557728,1794.3900625557728,,-1001.135287596555
129.3,llm_1,1794.4035913154282,-7.301499999999999,0.1352875965550634,1000.0,,0.0,0.0,0.0,0.0,0.0,0,highway_0,1,1475.4035913154282,1794.4035913154282,,-1001.135287596555
129.4,llm_1,1794.4171200750836,-7.301499999999999,0.1352875965550634,1000.0,,0.0,0.0,0.0,0.0,0.0,0,highway_0,1,1475.4171200750836,1794.4171200750836,,-1001.135287596555
129.5,llm_1,1794.430648834739,-7.301499999999999,0.1352875965550634,1000.0,,0.0,0.0,0.0,0.0,0.0,0,highway_0,1,1475.430648834739,1794.430648834739,,-1001.135287596555
129.6,llm_1,1794.4441775943944,-7.301499999999999,0.1352875965550634,1000.0,,0.0,0.0,0.0,0.0,0.0,0,highway_0,1,1475.4441775943944,1794.4441775943944,,-1001.135287596555
129.7,llm_1,1794.4577063540498,-7.301499999999999,0.1352875965550634,1000.0,,0.0,0.0,0.0,0.0,0.0,0,highway_0,1,1475.4577063540498,1794.4577063540498,,-1001.135287596555
129.8,llm_1,1794.4712351137052,-7.301499999999999,0.1352875965550634,1000.0,,0.0,0.0,0.0,0.0,0.0,0,highway_0,1,1475.4712351137052,1794.4712351137052,,-1001.135287596555
129.9,llm_1,1794.4847638733606,-7.301499999999999,0.1352875965550634,1000.0,,0.0,0.0,0.0,0.0,0.0,0,highway_0,1,1475.4847638733606,1794.4847638733606,,-1001.135287596555
130.0,llm_1,1794.498292633016,-7.301499999999999,0.1352875965550634,1000.0,,0.0,0.0,0.0,0.0,0.0,0,highway_0,1,1475.498292633016,1794.498292633016,,-1001.135287596555
130.1,llm_1,1794.5118213926714,-7.301499999999999,0.1352875965550634,1000.0,,0.0,0.0,0.0,0.0,0.0,0,highway_0,1,1475.5118213926714,1794.5118213926714,,-1001.135287596555
130.2,llm_1,1794.5253501523268,-7.301499999999999,0.1352875965550634,1000.0,,0.0,0.0,0.0,0.0,0.0,0,highway_0,1,1475.5253501523268,1794.5253501523268,,-1001.135287596555
130.3,llm_1,1794.5388789119822,-7.301499999999999,0.1352875965550634,1000.0,,0.0,0.0,0.0,0.0,0.0,0,highway_0,1,1475.5388789119822,1794.5388789119822,,-1001.135287596555
130.4,llm_1,1794.5524076716376,-7.301499999999999,0.1352875965550634,1000.0,,0.0,0.0,0.0,0.0,0.0,0,highway_0,1,1475.5524076716376,1794.5524076716376,,-1001.135287596555
130.5,llm_1,1794.565936431293,-7.301499999999999,0.1352875965550634,1000.0,,0.0,0.0,0.0,0.0,0.0,0,highway_0,1,1475.565936431293,1794.565936431293,,-1001.135287596555
130.6,llm_1,1794.5794651909484,-7.301499999999999,0.1352875965550634,1000.0,,0.0,0.0,0.0,0.0,0.0,0,highway_0,1,1475.5794651909484,1794.5794651909484,,-1001.135287596555
130.7,llm_1,1794.5929939506038,-7.301499999999999,0.1352875965550634,1000.0,,0.0,0.0,0.0,0.0,0.0,0,highway_0,1,1475.5929939506038,1794.5929939506038,,-1001.135287596555
130.8,llm_1,1794.6065227102592,-7.301499999999999,0.1352875965550634,1000.0,,0.0,0.0,0.0,0.0,0.0,0,highway_0,1,1475.6065227102592,1794.6065227102592,,-1001.135287596555
130.9,llm_1,1794.6200514699146,-7.301499999999999,0.1352875965550634,1000.0,,0.0,0.0,0.0,0.0,0.0,0,highway_0,1,1475.6200514699146,1794.6200514699146,,-1001.135287596555
131.0,llm_1,1794.63358022957,-7.301499999999999,0.1352875965550634,1000.0,,0.0,0.0,0.0,0.0,0.0,0,highway_0,1,1475.63358022957,1794.63358022957,,-1001.135287596555
131.1,llm_1,1794.6471089892254,-7.301499999999999,0.1352875965550634,1000.0,,0.0,0.0,0.0,0.0,0.0,0,highway_0,1,1475.6471089892254,1794.6471089892254,,-1001.135287596555
131.2,llm_1,1794.6606377488808,-7.301499999999999,0.1352875965550634,1000.0,,0.0,0.0,0.0,0.0,0.0,0,highway_0,1,1475.6606377488808,1794.6606377488808,,-1001.135287596555
131.3,llm_1,1794.6741665085362,-7.301499999999999,0.1352875965550634,1000.0,,0.0,0.0,0.0,0.0,0.0,0,highway_0,1,1475.6741665085362,1794.6741665085362,,-1001.135287596555
131.4,llm_1,1794.6876952681916,-7.301499999999999,0.1352875965550634,1000.0,,0.0,0.0,0.0,0.0,0.0,0,highway_0,1,1475.6876952681916,1794.6876952681916,,-1001.135287596555
131.5,llm_1,1794.701224027847,-7.301499999999999,0.1352875965550634,1000.0,,0.0,0.0,0.0,0.0,0.0,0,highway_0,1,1475.701224027847,1794.701224027847,,-1001.135287596555
131.6,llm_1,1794.7147527875024,-7.301499999999999,0.1352875965550634,1000.0,,0.0,0.0,0.0,0.0,0.0,0,highway_0,1,1475.7147527875024,1794.7147527875024,,-1001.135287596555
131.7,llm_1,1794.7282815471578,-7.301499999999999,0.1352875965550634,1000.0,,0.0,0.0,0.0,0.0,0.0,0,highway_0,1,1475.7282815471578,1794.7282815471578,,-1001.135287596555
131.8,llm_1,1794.7418103068132,-7.301499999999999,0.1352875965550634,1000.0,,0.0,0.0,0.0,0.0,0.0,0,highway_0,1,1475.7418103068132,1794.7418103068132,,-1001.135287596555
131.9,llm_1,1794.7553390664687,-7.301499999999999,0.1352875965550634,1000.0,,0.0,0.0,0.0,0.0,0.0,0,highway_0,1,1475.7553390664687,1794.7553390664687,,-1001.135287596555
132.0,llm_1,1794.768867826124,-7.301499999999999,0.1352875965550634,1000.0,,0.0,0.0,0.0,0.0,0.0,0,highway_0,1,1475.768867826124,1794.768867826124,,-1001.135287596555
132.1,llm_1,1794.7823965857795,-7.301499999999999,0.1352875965550634,1000.0,,0.0,0.0,0.0,0.0,0.0,0,highway_0,1,1475.7823965857795,1794.7823965857795,,-1001.135287596555
132.2,llm_1,1794.7959253454349,-7.301499999999999,0.1352875965550634,1000.0,,0.0,0.0,0.0,0.0,0.0,0,highway_0,1,1475.7959253454349,1794.7959253454349,,-1001.135287596555
132.3,llm_1,1794.8094541050903,-7.301499999999999,0.1352875965550634,1000.0,,0.0,0.0,0.0,0.0,0.0,0,highway_0,1,1475.8094541050903,1794.8094541050903,,-1001.135287596555
132.4,llm_1,1794.8229828647457,-7.301499999999999,0.1352875965550634,1000.0,,0.0,0.0,0.0,0.0,0.0,0,highway_0,1,1475.8229828647457,1794.8229828647457,,-1001.135287596555
132.5,llm_1,1794.836511624401,-7.301499999999999,0.1352875965550634,1000.0,,0.0,0.0,0.0,0.0,0.0,0,highway_0,1,1475.836511624401,1794.836511624401,,-1001.135287596555
132.6,llm_1,1794.8500403840565,-7.301499999999999,0.1352875965550634,1000.0,,0.0,0.0,0.0,0.0,0.0,0,highway_0,1,1475.8500403840565,1794.8500403840565,,-1001.135287596555
132.7,llm_1,1794.8635691437119,-7.301499999999999,0.1352875965550634,1000.0,,0.0,0.0,0.0,0.0,0.0,0,highway_0,1,1475.8635691437119,1794.8635691437119,,-1001.135287596555
132.8,llm_1,1794.8770979033673,-7.301499999999999,0.1352875965550634,1000.0,,0.0,0.0,0.0,0.0,0.0,0,highway_0,1,1475.8770979033673,1794.8770979033673,,-1001.135287596555
132.9,llm_1,1794.8906266630227,-7.301499999999999,0.1352875965550634,1000.0,,0.0,0.0,0.0,0.0,0.0,0,highway_0,1,1475.8906266630227,1794.8906266630227,,-1001.135287596555
133.0,llm_1,1794.904155422678,-7.301499999999999,0.1352875965550634,1000.0,,0.0,0.0,0.0,0.0,0.0,0,highway_0,1,1475.904155422678,1794.904155422678,,-1001.135287596555
133.1,llm_1,1794.9176841823335,-7.301499999999999,0.1352875965550634,1000.0,,0.0,0.0,0.0,0.0,0.0,0,highway_0,1,1475.9176841823335,1794.9176841823335,,-1001.135287596555
133.2,llm_1,1794.9312129419889,-7.301499999999999,0.1352875965550634,1000.0,,0.0,0.0,0.0,0.0,0.0,0,highway_0,1,1475.9312129419889,1794.9312129419889,,-1001.135287596555
133.3,llm_1,1794.9447417016443,-7.301499999999999,0.1352875965550634,1000.0,,0.0,0.0,0.0,0.0,0.0,0,highway_0,1,1475.9447417016443,1794.9447417016443,,-1001.135287596555
133.4,llm_1,1794.9582704612997,-7.301499999999999,0.1352875965550634,1000.0,,0.0,0.0,0.0,0.0,0.0,0,highway_0,1,1475.9582704612997,1794.9582704612997,,-1001.135287596555
133.5,llm_1,1794.971799220955,-7.301499999999999,0.1352875965550634,1000.0,,0.0,0.0,0.0,0.0,0.0,0,highway_0,1,1475.971799220955,1794.971799220955,,-1001.135287596555
133.6,llm_1,1794.9853279806105,-7.301499999999999,0.1352875965550634,1000.0,,0.0,0.0,0.0,0.0,0.0,0,highway_0,1,1475.9853279806105,1794.9853279806105,,-1001.135287596555
133.7,llm_1,1794.9988567402659,-7.301499999999999,0.1352875965550634,1000.0,,0.0,0.0,0.0,0.0,0.0,0,highway_0,1,1475.9988567402659,1794.9988567402659,,-1001.135287596555
133.8,llm_1,1795.0123854999213,-7.301499999999999,0.1352875965550634,1000.0,,0.0,0.0,0.0,0.0,0.0,0,highway_0,1,1476.0123854999213,1795.0123854999213,,-1001.135287596555
133.9,llm_1,1795.0259142595767,-7.301499999999999,0.1352875965550634,1000.0,,0.0,0.0,0.0,0.0,0.0,0,highway_0,1,1476.0259142595767,1795.0259142595767,,-1001.135287596555
134.0,llm_1,1795.039443019232,-7.301499999999999,0.1352875965550634,1000.0,,0.0,0.0,0.0,0.0,0.0,0,highway_0,1,1476.039443019232,1795.039443019232,,-1001.135287596555
134.1,llm_1,1795.0529717788875,-7.301499999999999,0.1352875965550634,1000.0,,0.0,0.0,0.0,0.0,0.0,0,highway_0,1,1476.0529717788875,1795.0529717788875,,-1001.135287596555
134.2,llm_1,1795.0665005385429,-7.301499999999999,0.1352875965550634,1000.0,,0.0,0.0,0.0,0.0,0.0,0,highway_0,1,1476.0665005385429,1795.0665005385429,,-1001.135287596555
134.3,llm_1,1795.0800292981983,-7.301499999999999,0.1352875965550634,1000.0,,0.0,0.0,0.0,0.0,0.0,0,highway_0,1,1476.0800292981983,1795.0800292981983,,-1001.135287596555
134.4,llm_1,1795.0935580578537,-7.301499999999999,0.1352875965550634,1000.0,,0.0,0.0,0.0,0.0,0.0,0,highway_0,1,1476.0935580578537,1795.0935580578537,,-1001.135287596555
134.5,llm_1,1795.107086817509,-7.301499999999999,0.1352875965550634,1000.0,,0.0,0.0,0.0,0.0,0.0,0,highway_0,1,1476.107086817509,1795.107086817509,,-1001.135287596555
134.6,llm_1,1795.1206155771645,-7.301499999999999,0.1352875965550634,1000.0,,0.0,0.0,0.0,0.0,0.0,0,highway_0,1,1476.1206155771645,1795.1206155771645,,-1001.135287596555
134.7,llm_1,1795.1341443368199,-7.301499999999999,0.1352875965550634,1000.0,,0.0,0.0,0.0,0.0,0.0,0,highway_0,1,1476.1341443368199,1795.1341443368199,,-1001.135287596555
134.8,llm_1,1795.1476730964753,-7.301499999999999,0.1352875965550634,1000.0,,0.0,0.0,0.0,0.0,0.0,0,highway_0,1,1476.1476730964753,1795.1476730964753,,-1001.135287596555
134.9,llm_1,1795.1612018561307,-7.301499999999999,0.1352875965550634,1000.0,,0.0,0.0,0.0,0.0,0.0,0,highway_0,1,1476.1612018561307,1795.1612018561307,,-1001.135287596555
135.0,llm_1,1795.174730615786,-7.301499999999999,0.1352875965550634,1000.0,,0.0,0.0,0.0,0.0,0.0,0,highway_0,1,1476.174730615786,1795.174730615786,,-1001.135287596555
135.1,llm_1,1795.1882593754415,-7.301499999999999,0.1352875965550634,1000.0,,0.0,0.0,0.0,0.0,0.0,0,highway_0,1,1476.1882593754415,1795.1882593754415,,-1001.135287596555
135.2,llm_1,1795.2017881350969,-7.301499999999999,0.1352875965550634,1000.0,,0.0,0.0,0.0,0.0,0.0,0,highway_0,1,1476.2017881350969,1795.2017881350969,,-1001.135287596555
135.3,llm_1,1795.2153168947523,-7.301499999999999,0.1352875965550634,1000.0,,0.0,0.0,0.0,0.0,0.0,0,highway_0,1,1476.2153168947523,1795.2153168947523,,-1001.135287596555
135.4,llm_1,1795.2288456544077,-7.301499999999999,0.1352875965550634,1000.0,,0.0,0.0,0.0,0.0,0.0,0,highway_0,1,1476.2288456544077,1795.2288456544077,,-1001.135287596555
135.5,llm_1,1795.242374414063,-7.301499999999999,0.1352875965550634,1000.0,,0.0,0.0,0.0,0.0,0.0,0,highway_0,1,1476.242374414063,1795.242374414063,,-1001.135287596555
135.6,llm_1,1795.2559031737185,-7.301499999999999,0.1352875965550634,1000.0,,0.0,0.0,0.0,0.0,0.0,0,highway_0,1,1476.2559031737185,1795.2559031737185,,-1001.135287596555
135.7,llm_1,1795.2694319333739,-7.301499999999999,0.1352875965550634,1000.0,,0.0,0.0,0.0,0.0,0.0,0,highway_0,1,1476.2694319333739,1795.2694319333739,,-1001.135287596555
135.8,llm_1,1795.2829606930293,-7.301499999999999,0.1352875965550634,1000.0,,0.0,0.0,0.0,0.0,0.0,0,highway_0,1,1476.2829606930293,1795.2829606930293,,-1001.135287596555
135.9,llm_1,1795.2964894526847,-7.301499999999999,0.1352875965550634,1000.0,,0.0,0.0,0.0,0.0,0.0,0,highway_0,1,1476.2964894526847,1795.2964894526847,,-1001.135287596555
136.0,llm_1,1795.31001821234,-7.301499999999999,0.1352875965550634,1000.0,,0.0,0.0,0.0,0.0,0.0,0,highway_0,1,1476.31001821234,1795.31001821234,,-1001.135287596555
136.1,llm_1,1795.3235469719955,-7.301499999999999,0.1352875965550634,1000.0,,0.0,0.0,0.0,0.0,0.0,0,highway_0,1,1476.3235469719955,1795.3235469719955,,-1001.135287596555
136.2,llm_1,1795.3370757316509,-7.301499999999999,0.1352875965550634,1000.0,,0.0,0.0,0.0,0.0,0.0,0,highway_0,1,1476.3370757316509,1795.3370757316509,,-1001.135287596555
136.3,llm_1,1795.3506044913063,-7.301499999999999,0.1352875965550634,1000.0,,0.0,0.0,0.0,0.0,0.0,0,highway_0,1,1476.3506044913063,1795.3506044913063,,-1001.135287596555
136.4,llm_1,1795.3641332509617,-7.301499999999999,0.1352875965550634,1000.0,,0.0,0.0,0.0,0.0,0.0,0,highway_0,1,1476.3641332509617,1795.3641332509617,,-1001.135287596555
136.5,llm_1,1795.377662010617,-7.301499999999999,0.1352875965550634,1000.0,,0.0,0.0,0.0,0.0,0.0,0,highway_0,1,1476.377662010617,1795.377662010617,,-1001.135287596555
136.6,llm_1,1795.3911907702725,-7.301499999999999,0.1352875965550634,1000.0,,0.0,0.0,0.0,0.0,0.0,0,highway_0,1,1476.3911907702725,1795.3911907702725,,-1001.135287596555
136.7,llm_1,1795.404719529928,-7.301499999999999,0.1352875965550634,1000.0,,0.0,0.0,0.0,0.0,0.0,0,highway_0,1,1476.404719529928,1795.404719529928,,-1001.135287596555
136.8,llm_1,1795.4182482895833,-7.301499999999999,0.1352875965550634,1000.0,,0.0,0.0,0.0,0.0,0.0,0,highway_0,1,1476.4182482895833,1795.4182482895833,,-1001.135287596555
136.9,llm_1,1795.4317770492387,-7.301499999999999,0.1352875965550634,1000.0,,0.0,0.0,0.0,0.0,0.0,0,highway_0,1,1476.4317770492387,1795.4317770492387,,-1001.135287596555
137.0,llm_1,1795.445305808894,-7.301499999999999,0.1352875965550634,1000.0,,0.0,0.0,0.0,0.0,0.0,0,highway_0,1,1476.445305808894,1795.445305808894,,-1001.135287596555
137.1,llm_1,1795.4588345685495,-7.301499999999999,0.1352875965550634,1000.0,,0.0,0.0,0.0,0.0,0.0,0,highway_0,1,1476.4588345685495,1795.4588345685495,,-1001.135287596555
137.2,llm_1,1795.472363328205,-7.301499999999999,0.1352875965550634,1000.0,,0.0,0.0,0.0,0.0,0.0,0,highway_0,1,1476.472363328205,1795.472363328205,,-1001.135287596555
137.3,llm_1,1795.4858920878603,-7.301499999999999,0.1352875965550634,1000.0,,0.0,0.0,0.0,0.0,0.0,0,highway_0,1,1476.4858920878603,1795.4858920878603,,-1001.135287596555
137.4,llm_1,1795.4994208475157,-7.301499999999999,0.1352875965550634,1000.0,,0.0,0.0,0.0,0.0,0.0,0,highway_0,1,1476.4994208475157,1795.4994208475157,,-1001.135287596555
137.5,llm_1,1795.512949607171,-7.301499999999999,0.1352875965550634,1000.0,,0.0,0.0,0.0,0.0,0.0,0,highway_0,1,1476.512949607171,1795.512949607171,,-1001.135287596555
137.6,llm_1,1795.5264783668265,-7.301499999999999,0.1352875965550634,1000.0,,0.0,0.0,0.0,0.0,0.0,0,highway_0,1,1476.5264783668265,1795.5264783668265,,-1001.135287596555
137.7,llm_1,1795.540007126482,-7.301499999999999,0.1352875965550634,1000.0,,0.0,0.0,0.0,0.0,0.0,0,highway_0,1,1476.540007126482,1795.540007126482,,-1001.135287596555
137.8,llm_1,1795.5535358861373,-7.301499999999999,0.1352875965550634,1000.0,,0.0,0.0,0.0,0.0,0.0,0,highway_0,1,1476.5535358861373,1795.5535358861373,,-1001.135287596555
137.9,llm_1,1795.5670646457927,-7.301499999999999,0.1352875965550634,1000.0,,0.0,0.0,0.0,0.0,0.0,0,highway_0,1,1476.5670646457927,1795.5670646457927,,-1001.135287596555
138.0,llm_1,1795.580593405448,-7.301499999999999,0.1352875965550634,1000.0,,0.0,0.0,0.0,0.0,0.0,0,highway_0,1,1476.580593405448,1795.580593405448,,-1001.135287596555
138.1,llm_1,1795.5941221651035,-7.301499999999999,0.1352875965550634,1000.0,,0.0,0.0,0.0,0.0,0.0,0,highway_0,1,1476.5941221651035,1795.5941221651035,,-1001.135287596555
138.2,llm_1,1795.607650924759,-7.301499999999999,0.1352875965550634,1000.0,,0.0,0.0,0.0,0.0,0.0,0,highway_0,1,1476.607650924759,1795.607650924759,,-1001.135287596555
138.3,llm_1,1795.6211796844143,-7.301499999999999,0.1352875965550634,1000.0,,0.0,0.0,0.0,0.0,0.0,0,highway_0,1,1476.6211796844143,1795.6211796844143,,-1001.135287596555
138.4,llm_1,1795.6347084440697,-7.301499999999999,0.1352875965550634,1000.0,,0.0,0.0,0.0,0.0,0.0,0,highway_0,1,1476.6347084440697,1795.6347084440697,,-1001.135287596555
138.5,llm_1,1795.648237203725,-7.301499999999999,0.1352875965550634,1000.0,,0.0,0.0,0.0,0.0,0.0,0,highway_0,1,1476.648237203725,1795.648237203725,,-1001.135287596555
138.6,llm_1,1795.6617659633805,-7.301499999999999,0.1352875965550634,1000.0,,0.0,0.0,0.0,0.0,0.0,0,highway_0,1,1476.6617659633805,1795.6617659633805,,-1001.135287596555
138.7,llm_1,1795.675294723036,-7.301499999999999,0.1352875965550634,1000.0,,0.0,0.0,0.0,0.0,0.0,0,highway_0,1,1476.675294723036,1795.675294723036,,-1001.135287596555
138.8,llm_1,1795.6888234826913,-7.301499999999999,0.1352875965550634,1000.0,,0.0,0.0,0.0,0.0,0.0,0,highway_0,1,1476.6888234826913,1795.6888234826913,,-1001.135287596555
138.9,llm_1,1795.7023522423467,-7.301499999999999,0.1352875965550634,1000.0,,0.0,0.0,0.0,0.0,0.0,0,highway_0,1,1476.7023522423467,1795.7023522423467,,-1001.135287596555
139.0,llm_1,1795.715881002002,-7.301499999999999,0.1352875965550634,1000.0,,0.0,0.0,0.0,0.0,0.0,0,highway_0,1,1476.715881002002,1795.715881002002,,-1001.135287596555
139.1,llm_1,1795.7294097616575,-7.301499999999999,0.1352875965550634,1000.0,,0.0,0.0,0.0,0.0,0.0,0,highway_0,1,1476.7294097616575,1795.7294097616575,,-1001.135287596555
139.2,llm_1,1795.742938521313,-7.301499999999999,0.1352875965550634,1000.0,,0.0,0.0,0.0,0.0,0.0,0,highway_0,1,1476.742938521313,1795.742938521313,,-1001.135287596555
139.3,llm_1,1795.7564672809683,-7.301499999999999,0.1352875965550634,1000.0,,0.0,0.0,0.0,0.0,0.0,0,highway_0,1,1476.7564672809683,1795.7564672809683,,-1001.135287596555
139.4,llm_1,1795.7699960406237,-7.301499999999999,0.1352875965550634,1000.0,,0.0,0.0,0.0,0.0,0.0,0,highway_0,1,1476.7699960406237,1795.7699960406237,,-1001.135287596555
139.5,llm_1,1795.783524800279,-7.301499999999999,0.1352875965550634,1000.0,,0.0,0.0,0.0,0.0,0.0,0,highway_0,1,1476.783524800279,1795.783524800279,,-1001.135287596555
139.6,llm_1,1795.7970535599345,-7.301499999999999,0.1352875965550634,1000.0,,0.0,0.0,0.0,0.0,0.0,0,highway_0,1,1476.7970535599345,1795.7970535599345,,-1001.135287596555
139.7,llm_1,1795.81058231959,-7.301499999999999,0.1352875965550634,1000.0,,0.0,0.0,0.0,0.0,0.0,0,highway_0,1,1476.81058231959,1795.81058231959,,-1001.135287596555
139.8,llm_1,1795.8241110792453,-7.301499999999999,0.1352875965550634,1000.0,,0.0,0.0,0.0,0.0,0.0,0,highway_0,1,1476.8241110792453,1795.8241110792453,,-1001.135287596555
139.9,llm_1,1795.8376398389007,-7.301499999999999,0.1352875965550634,1000.0,,0.0,0.0,0.0,0.0,0.0,0,highway_0,1,1476.8376398389007,1795.8376398389007,,-1001.135287596555
140.0,llm_1,1795.8511685985561,-7.301499999999999,0.1352875965550634,1000.0,,0.0,0.0,0.0,0.0,0.0,0,highway_0,1,1476.8511685985561,1795.8511685985561,,-1001.135287596555
140.1,llm_1,1795.8646973582115,-7.301499999999999,0.1352875965550634,1000.0,,0.0,0.0,0.0,0.0,0.0,0,highway_0,1,1476.8646973582115,1795.8646973582115,,-1001.135287596555
140.2,llm_1,1795.878226117867,-7.301499999999999,0.1352875965550634,1000.0,,0.0,0.0,0.0,0.0,0.0,0,highway_0,1,1476.878226117867,1795.878226117867,,-1001.135287596555
140.3,llm_1,1795.8917548775223,-7.301499999999999,0.1352875965550634,1000.0,,0.0,0.0,0.0,0.0,0.0,0,highway_0,1,1476.8917548775223,1795.8917548775223,,-1001.135287596555
140.4,llm_1,1795.9052836371777,-7.301499999999999,0.1352875965550634,1000.0,,0.0,0.0,0.0,0.0,0.0,0,highway_0,1,1476.9052836371777,1795.9052836371777,,-1001.135287596555
140.5,llm_1,1795.9188123968331,-7.301499999999999,0.1352875965550634,1000.0,,0.0,0.0,0.0,0.0,0.0,0,highway_0,1,1476.9188123968331,1795.9188123968331,,-1001.135287596555
140.6,llm_1,1795.9323411564885,-7.301499999999999,0.1352875965550634,1000.0,,0.0,0.0,0.0,0.0,0.0,0,highway_0,1,1476.9323411564885,1795.9323411564885,,-1001.135287596555
140.7,llm_1,1795.945869916144,-7.301499999999999,0.1352875965550634,1000.0,,0.0,0.0,0.0,0.0,0.0,0,highway_0,1,1476.945869916144,1795.945869916144,,-1001.135287596555
140.8,llm_1,1795.9593986757993,-7.301499999999999,0.1352875965550634,1000.0,,0.0,0.0,0.0,0.0,0.0,0,highway_0,1,1476.9593986757993,1795.9593986757993,,-1001.135287596555
140.9,llm_1,1795.9729274354547,-7.301499999999999,0.1352875965550634,1000.0,,0.0,0.0,0.0,0.0,0.0,0,highway_0,1,1476.9729274354547,1795.9729274354547,,-1001.135287596555
141.0,llm_1,1795.9864561951101,-7.301499999999999,0.1352875965550634,1000.0,,0.0,0.0,0.0,0.0,0.0,0,highway_0,1,1476.9864561951101,1795.9864561951101,,-1001.135287596555
141.1,llm_1,1795.9999849547655,-7.301499999999999,0.1352875965550634,1000.0,,0.0,0.0,0.0,0.0,0.0,0,highway_0,1,1476.9999849547655,1795.9999849547655,,-1001.135287596555
141.2,llm_1,1796.013513714421,-7.301499999999999,0.1352875965550634,1000.0,,0.0,0.0,0.0,0.0,0.0,0,highway_0,1,1477.013513714421,1796.013513714421,,-1001.135287596555
141.3,llm_1,1796.0270424740763,-7.301499999999999,0.1352875965550634,1000.0,,0.0,0.0,0.0,0.0,0.0,0,highway_0,1,1477.0270424740763,1796.0270424740763,,-1001.135287596555
141.4,llm_1,1796.0405712337317,-7.301499999999999,0.1352875965550634,1000.0,,0.0,0.0,0.0,0.0,0.0,0,highway_0,1,1477.0405712337317,1796.0405712337317,,-1001.135287596555
141.5,llm_1,1796.0540999933871,-7.301499999999999,0.1352875965550634,1000.0,,0.0,0.0,0.0,0.0,0.0,0,highway_0,1,1477.0540999933871,1796.0540999933871,,-1001.135287596555
141.6,llm_1,1796.0676287530425,-7.301499999999999,0.1352875965550634,1000.0,,0.0,0.0,0.0,0.0,0.0,0,highway_0,1,1477.0676287530425,1796.0676287530425,,-1001.135287596555
141.7,llm_1,1796.081157512698,-7.301499999999999,0.1352875965550634,1000.0,,0.0,0.0,0.0,0.0,0.0,0,highway_0,1,1477.081157512698,1796.081157512698,,-1001.135287596555
141.8,llm_1,1796.0946862723533,-7.301499999999999,0.1352875965550634,1000.0,,0.0,0.0,0.0,0.0,0.0,0,highway_0,1,1477.0946862723533,1796.0946862723533,,-1001.135287596555
141.9,llm_1,1796.1082150320087,-7.301499999999999,0.1352875965550634,1000.0,,0.0,0.0,0.0,0.0,0.0,0,highway_0,1,1477.1082150320087,1796.1082150320087,,-1001.135287596555
142.0,llm_1,1796.1217437916641,-7.301499999999999,0.1352875965550634,1000.0,,0.0,0.0,0.0,0.0,0.0,0,highway_0,1,1477.1217437916641,1796.1217437916641,,-1001.135287596555
142.1,llm_1,1796.1352725513195,-7.301499999999999,0.1352875965550634,1000.0,,0.0,0.0,0.0,0.0,0.0,0,highway_0,1,1477.1352725513195,1796.1352725513195,,-1001.135287596555
142.2,llm_1,1796.148801310975,-7.301499999999999,0.1352875965550634,1000.0,,0.0,0.0,0.0,0.0,0.0,0,highway_0,1,1477.148801310975,1796.148801310975,,-1001.135287596555
142.3,llm_1,1796.1623300706303,-7.301499999999999,0.1352875965550634,1000.0,,0.0,0.0,0.0,0.0,0.0,0,highway_0,1,1477.1623300706303,1796.1623300706303,,-1001.135287596555
142.4,llm_1,1796.1758588302857,-7.301499999999999,0.1352875965550634,1000.0,,0.0,0.0,0.0,0.0,0.0,0,highway_0,1,1477.1758588302857,1796.1758588302857,,-1001.135287596555
142.5,llm_1,1796.1893875899411,-7.301499999999999,0.1352875965550634,1000.0,,0.0,0.0,0.0,0.0,0.0,0,highway_0,1,1477.1893875899411,1796.1893875899411,,-1001.135287596555
142.6,llm_1,1796.2029163495965,-7.301499999999999,0.1352875965550634,1000.0,,0.0,0.0,0.0,0.0,0.0,0,highway_0,1,1477.2029163495965,1796.2029163495965,,-1001.135287596555
142.7,llm_1,1796.216445109252,-7.301499999999999,0.1352875965550634,1000.0,,0.0,0.0,0.0,0.0,0.0,0,highway_0,1,1477.216445109252,1796.216445109252,,-1001.135287596555
142.8,llm_1,1796.2299738689073,-7.301499999999999,0.1352875965550634,1000.0,,0.0,0.0,0.0,0.0,0.0,0,highway_0,1,1477.2299738689073,1796.2299738689073,,-1001.135287596555
142.9,llm_1,1796.2435026285627,-7.301499999999999,0.1352875965550634,1000.0,,0.0,0.0,0.0,0.0,0.0,0,highway_0,1,1477.2435026285627,1796.2435026285627,,-1001.135287596555
143.0,llm_1,1796.2570313882181,-7.301499999999999,0.1352875965550634,1000.0,,0.0,0.0,0.0,0.0,0.0,0,highway_0,1,1477.2570313882181,1796.2570313882181,,-1001.135287596555
143.1,llm_1,1796.2705601478735,-7.301499999999999,0.1352875965550634,1000.0,,0.0,0.0,0.0,0.0,0.0,0,highway_0,1,1477.2705601478735,1796.2705601478735,,-1001.135287596555
143.2,llm_1,1796.284088907529,-7.301499999999999,0.1352875965550634,1000.0,,0.0,0.0,0.0,0.0,0.0,0,highway_0,1,1477.284088907529,1796.284088907529,,-1001.135287596555
143.3,llm_1,1796.2976176671843,-7.301499999999999,0.1352875965550634,1000.0,,0.0,0.0,0.0,0.0,0.0,0,highway_0,1,1477.2976176671843,1796.2976176671843,,-1001.135287596555
143.4,llm_1,1796.3111464268397,-7.301499999999999,0.1352875965550634,1000.0,,0.0,0.0,0.0,0.0,0.0,0,highway_0,1,1477.3111464268397,1796.3111464268397,,-1001.135287596555
143.5,llm_1,1796.3246751864951,-7.301499999999999,0.1352875965550634,1000.0,,0.0,0.0,0.0,0.0,0.0,0,highway_0,1,1477.3246751864951,1796.3246751864951,,-1001.135287596555
143.6,llm_1,1796.3382039461505,-7.301499999999999,0.1352875965550634,1000.0,,0.0,0.0,0.0,0.0,0.0,0,highway_0,1,1477.3382039461505,1796.3382039461505,,-1001.135287596555
143.7,llm_1,1796.351732705806,-7.301499999999999,0.1352875965550634,1000.0,,0.0,0.0,0.0,0.0,0.0,0,highway_0,1,1477.351732705806,1796.351732705806,,-1001.135287596555
143.8,llm_1,1796.3652614654613,-7.301499999999999,0.1352875965550634,1000.0,,0.0,0.0,0.0,0.0,0.0,0,highway_0,1,1477.3652614654613,1796.3652614654613,,-1001.135287596555
143.9,llm_1,1796.3787902251167,-7.301499999999999,0.1352875965550634,1000.0,,0.0,0.0,0.0,0.0,0.0,0,highway_0,1,1477.3787902251167,1796.3787902251167,,-1001.135287596555
144.0,llm_1,1796.3923189847721,-7.301499999999999,0.1352875965550634,1000.0,,0.0,0.0,0.0,0.0,0.0,0,highway_0,1,1477.3923189847721,1796.3923189847721,,-1001.135287596555
144.1,llm_1,1796.4058477444275,-7.301499999999999,0.1352875965550634,1000.0,,0.0,0.0,0.0,0.0,0.0,0,highway_0,1,1477.4058477444275,1796.4058477444275,,-1001.135287596555
144.2,llm_1,1796.419376504083,-7.301499999999999,0.1352875965550634,1000.0,,0.0,0.0,0.0,0.0,0.0,0,highway_0,1,1477.419376504083,1796.419376504083,,-1001.135287596555
144.3,llm_1,1796.4329052637383,-7.301499999999999,0.1352875965550634,1000.0,,0.0,0.0,0.0,0.0,0.0,0,highway_0,1,1477.4329052637383,1796.4329052637383,,-1001.135287596555
144.4,llm_1,1796.4464340233937,-7.301499999999999,0.1352875965550634,1000.0,,0.0,0.0,0.0,0.0,0.0,0,highway_0,1,1477.4464340233937,1796.4464340233937,,-1001.135287596555
144.5,llm_1,1796.4599627830491,-7.301499999999999,0.1352875965550634,1000.0,,0.0,0.0,0.0,0.0,0.0,0,highway_0,1,1477.4599627830491,1796.4599627830491,,-1001.135287596555
144.6,llm_1,1796.4734915427046,-7.301499999999999,0.1352875965550634,1000.0,,0.0,0.0,0.0,0.0,0.0,0,highway_0,1,1477.4734915427046,1796.4734915427046,,-1001.135287596555
144.7,llm_1,1796.48702030236,-7.301499999999999,0.1352875965550634,1000.0,,0.0,0.0,0.0,0.0,0.0,0,highway_0,1,1477.48702030236,1796.48702030236,,-1001.135287596555
144.8,llm_1,1796.5005490620154,-7.301499999999999,0.1352875965550634,1000.0,,0.0,0.0,0.0,0.0,0.0,0,highway_0,1,1477.5005490620154,1796.5005490620154,,-1001.135287596555
144.9,llm_1,1796.5140778216708,-7.301499999999999,0.1352875965550634,1000.0,,0.0,0.0,0.0,0.0,0.0,0,highway_0,1,1477.5140778216708,1796.5140778216708,,-1001.135287596555
145.0,llm_1,1796.5276065813262,-7.301499999999999,0.1352875965550634,1000.0,,0.0,0.0,0.0,0.0,0.0,0,highway_0,1,1477.5276065813262,1796.5276065813262,,-1001.135287596555
145.1,llm_1,1796.5411353409816,-7.301499999999999,0.1352875965550634,1000.0,,0.0,0.0,0.0,0.0,0.0,0,highway_0,1,1477.5411353409816,1796.5411353409816,,-1001.135287596555
145.2,llm_1,1796.554664100637,-7.301499999999999,0.1352875965550634,1000.0,,0.0,0.0,0.0,0.0,0.0,0,highway_0,1,1477.554664100637,1796.554664100637,,-1001.135287596555
145.3,llm_1,1796.5681928602924,-7.301499999999999,0.1352875965550634,1000.0,,0.0,0.0,0.0,0.0,0.0,0,highway_0,1,1477.5681928602924,1796.5681928602924,,-1001.135287596555
145.4,llm_1,1796.5817216199478,-7.301499999999999,0.1352875965550634,1000.0,,0.0,0.0,0.0,0.0,0.0,0,highway_0,1,1477.5817216199478,1796.5817216199478,,-1001.135287596555
145.5,llm_1,1796.5952503796032,-7.301499999999999,0.1352875965550634,1000.0,,0.0,0.0,0.0,0.0,0.0,0,highway_0,1,1477.5952503796032,1796.5952503796032,,-1001.135287596555
145.6,llm_1,1796.6087791392586,-7.301499999999999,0.1352875965550634,1000.0,,0.0,0.0,0.0,0.0,0.0,0,highway_0,1,1477.6087791392586,1796.6087791392586,,-1001.135287596555
145.7,llm_1,1796.622307898914,-7.301499999999999,0.1352875965550634,1000.0,,0.0,0.0,0.0,0.0,0.0,0,highway_0,1,1477.622307898914,1796.622307898914,,-1001.135287596555
145.8,llm_1,1796.6358366585694,-7.301499999999999,0.1352875965550634,1000.0,,0.0,0.0,0.0,0.0,0.0,0,highway_0,1,1477.6358366585694,1796.6358366585694,,-1001.135287596555
145.9,llm_1,1796.6493654182248,-7.301499999999999,0.1352875965550634,1000.0,,0.0,0.0,0.0,0.0,0.0,0,highway_0,1,1477.6493654182248,1796.6493654182248,,-1001.135287596555
146.0,llm_1,1796.6628941778802,-7.301499999999999,0.1352875965550634,1000.0,,0.0,0.0,0.0,0.0,0.0,0,highway_0,1,1477.6628941778802,1796.6628941778802,,-1001.135287596555
146.1,llm_1,1796.6764229375356,-7.301499999999999,0.1352875965550634,1000.0,,0.0,0.0,0.0,0.0,0.0,0,highway_0,1,1477.6764229375356,1796.6764229375356,,-1001.135287596555
146.2,llm_1,1796.689951697191,-7.301499999999999,0.1352875965550634,1000.0,,0.0,0.0,0.0,0.0,0.0,0,highway_0,1,1477.689951697191,1796.689951697191,,-1001.135287596555
146.3,llm_1,1796.7034804568464,-7.301499999999999,0.1352875965550634,1000.0,,0.0,0.0,0.0,0.0,0.0,0,highway_0,1,1477.7034804568464,1796.7034804568464,,-1001.135287596555
146.4,llm_1,1796.7170092165018,-7.301499999999999,0.1352875965550634,1000.0,,0.0,0.0,0.0,0.0,0.0,0,highway_0,1,1477.7170092165018,1796.7170092165018,,-1001.135287596555
146.5,llm_1,1796.7305379761572,-7.301499999999999,0.1352875965550634,1000.0,,0.0,0.0,0.0,0.0,0.0,0,highway_0,1,1477.7305379761572,1796.7305379761572,,-1001.135287596555
146.6,llm_1,1796.7440667358126,-7.301499999999999,0.1352875965550634,1000.0,,0.0,0.0,0.0,0.0,0.0,0,highway_0,1,1477.7440667358126,1796.7440667358126,,-1001.135287596555
146.7,llm_1,1796.757595495468,-7.301499999999999,0.1352875965550634,1000.0,,0.0,0.0,0.0,0.0,0.0,0,highway_0,1,1477.757595495468,1796.757595495468,,-1001.135287596555
146.8,llm_1,1796.7711242551234,-7.301499999999999,0.1352875965550634,1000.0,,0.0,0.0,0.0,0.0,0.0,0,highway_0,1,1477.7711242551234,1796.7711242551234,,-1001.135287596555
146.9,llm_1,1796.7846530147788,-7.301499999999999,0.1352875965550634,1000.0,,0.0,0.0,0.0,0.0,0.0,0,highway_0,1,1477.7846530147788,1796.7846530147788,,-1001.135287596555
147.0,llm_1,1796.7981817744342,-7.301499999999999,0.1352875965550634,1000.0,,0.0,0.0,0.0,0.0,0.0,0,highway_0,1,1477.7981817744342,1796.7981817744342,,-1001.135287596555
147.1,llm_1,1796.8117105340896,-7.301499999999999,0.1352875965550634,1000.0,,0.0,0.0,0.0,0.0,0.0,0,highway_0,1,1477.8117105340896,1796.8117105340896,,-1001.135287596555
147.2,llm_1,1796.825239293745,-7.301499999999999,0.1352875965550634,1000.0,,0.0,0.0,0.0,0.0,0.0,0,highway_0,1,1477.825239293745,1796.825239293745,,-1001.135287596555
147.3,llm_1,1796.8387680534004,-7.301499999999999,0.1352875965550634,1000.0,,0.0,0.0,0.0,0.0,0.0,0,highway_0,1,1477.8387680534004,1796.8387680534004,,-1001.135287596555
147.4,llm_1,1796.8522968130558,-7.301499999999999,0.1352875965550634,1000.0,,0.0,0.0,0.0,0.0,0.0,0,highway_0,1,1477.8522968130558,1796.8522968130558,,-1001.135287596555
147.5,llm_1,1796.8658255727112,-7.301499999999999,0.1352875965550634,1000.0,,0.0,0.0,0.0,0.0,0.0,0,highway_0,1,1477.8658255727112,1796.8658255727112,,-1001.135287596555
147.6,llm_1,1796.8793543323666,-7.301499999999999,0.1352875965550634,1000.0,,0.0,0.0,0.0,0.0,0.0,0,highway_0,1,1477.8793543323666,1796.8793543323666,,-1001.135287596555
147.7,llm_1,1796.892883092022,-7.301499999999999,0.1352875965550634,1000.0,,0.0,0.0,0.0,0.0,0.0,0,highway_0,1,1477.892883092022,1796.892883092022,,-1001.135287596555
147.8,llm_1,1796.9064118516774,-7.301499999999999,0.1352875965550634,1000.0,,0.0,0.0,0.0,0.0,0.0,0,highway_0,1,1477.9064118516774,1796.9064118516774,,-1001.135287596555
147.9,llm_1,1796.9199406113328,-7.301499999999999,0.1352875965550634,1000.0,,0.0,0.0,0.0,0.0,0.0,0,highway_0,1,1477.9199406113328,1796.9199406113328,,-1001.135287596555
148.0,llm_1,1796.9334693709882,-7.301499999999999,0.1352875965550634,1000.0,,0.0,0.0,0.0,0.0,0.0,0,highway_0,1,1477.9334693709882,1796.9334693709882,,-1001.135287596555
148.1,llm_1,1796.9469981306436,-7.301499999999999,0.1352875965550634,1000.0,,0.0,0.0,0.0,0.0,0.0,0,highway_0,1,1477.9469981306436,1796.9469981306436,,-1001.135287596555
148.2,llm_1,1796.960526890299,-7.301499999999999,0.1352875965550634,1000.0,,0.0,0.0,0.0,0.0,0.0,0,highway_0,1,1477.960526890299,1796.960526890299,,-1001.135287596555
148.3,llm_1,1796.9740556499544,-7.301499999999999,0.1352875965550634,1000.0,,0.0,0.0,0.0,0.0,0.0,0,highway_0,1,1477.9740556499544,1796.9740556499544,,-1001.135287596555
148.4,llm_1,1796.9875844096098,-7.301499999999999,0.1352875965550634,1000.0,,0.0,0.0,0.0,0.0,0.0,0,highway_0,1,1477.9875844096098,1796.9875844096098,,-1001.135287596555
148.5,llm_1,1797.0011131692652,-7.301499999999999,0.1352875965550634,1000.0,,0.0,0.0,0.0,0.0,0.0,0,highway_0,1,1478.0011131692652,1797.0011131692652,,-1001.135287596555
148.6,llm_1,1797.0146419289206,-7.301499999999999,0.1352875965550634,1000.0,,0.0,0.0,0.0,0.0,0.0,0,highway_0,1,1478.0146419289206,1797.0146419289206,,-1001.135287596555
148.7,llm_1,1797.028170688576,-7.301499999999999,0.1352875965550634,1000.0,,0.0,0.0,0.0,0.0,0.0,0,highway_0,1,1478.028170688576,1797.028170688576,,-1001.135287596555
148.8,llm_1,1797.0416994482314,-7.301499999999999,0.1352875965550634,1000.0,,0.0,0.0,0.0,0.0,0.0,0,highway_0,1,1478.0416994482314,1797.0416994482314,,-1001.135287596555
148.9,llm_1,1797.0552282078868,-7.301499999999999,0.1352875965550634,1000.0,,0.0,0.0,0.0,0.0,0.0,0,highway_0,1,1478.0552282078868,1797.0552282078868,,-1001.135287596555
149.0,llm_1,1797.0687569675422,-7.301499999999999,0.1352875965550634,1000.0,,0.0,0.0,0.0,0.0,0.0,0,highway_0,1,1478.0687569675422,1797.0687569675422,,-1001.135287596555
149.1,llm_1,1797.0822857271976,-7.301499999999999,0.1352875965550634,1000.0,,0.0,0.0,0.0,0.0,0.0,0,highway_0,1,1478.0822857271976,1797.0822857271976,,-1001.135287596555
149.2,llm_1,1797.095814486853,-7.301499999999999,0.1352875965550634,1000.0,,0.0,0.0,0.0,0.0,0.0,0,highway_0,1,1478.095814486853,1797.095814486853,,-1001.135287596555
149.3,llm_1,1797.1093432465084,-7.301499999999999,0.1352875965550634,1000.0,,0.0,0.0,0.0,0.0,0.0,0,highway_0,1,1478.1093432465084,1797.1093432465084,,-1001.135287596555
149.4,llm_1,1797.1228720061638,-7.301499999999999,0.1352875965550634,1000.0,,0.0,0.0,0.0,0.0,0.0,0,highway_0,1,1478.1228720061638,1797.1228720061638,,-1001.135287596555
149.5,llm_1,1797.1364007658192,-7.301499999999999,0.1352875965550634,1000.0,,0.0,0.0,0.0,0.0,0.0,0,highway_0,1,1478.1364007658192,1797.1364007658192,,-1001.135287596555
149.6,llm_1,1797.1499295254746,-7.301499999999999,0.1352875965550634,1000.0,,0.0,0.0,0.0,0.0,0.0,0,highway_0,1,1478.1499295254746,1797.1499295254746,,-1001.135287596555
149.7,llm_1,1797.16345828513,-7.301499999999999,0.1352875965550634,1000.0,,0.0,0.0,0.0,0.0,0.0,0,highway_0,1,1478.16345828513,1797.16345828513,,-1001.135287596555
149.8,llm_1,1797.1769870447854,-7.301499999999999,0.1352875965550634,1000.0,,0.0,0.0,0.0,0.0,0.0,0,highway_0,1,1478.1769870447854,1797.1769870447854,,-1001.135287596555
149.9,llm_1,1797.1905158044408,-7.301499999999999,0.1352875965550634,1000.0,,0.0,0.0,0.0,0.0,0.0,0,highway_0,1,1478.1905158044408,1797.1905158044408,,-1001.135287596555
150.0,llm_1,1797.2040445640962,-7.301499999999999,0.1352875965550634,1000.0,,0.0,0.0,0.0,0.0,0.0,0,highway_0,1,1478.2040445640962,1797.2040445640962,,-1001.135287596555
