time,id,x,y,speed,headway,leader_id,target_accel_with_noise_with_failsafe,target_accel_no_noise_no_failsafe,target_accel_with_noise_no_failsafe,target_accel_no_noise_with_failsafe,realized_accel,road_grade,edge_id,lane_number,distance,relative_position,follower_id,leader_rel_speed
0,ego_0,324.0,-8.0,20.5,1000.0,,,,,,0,0,highway_0,1,0.0,324.0,,-1021.5
0.1,ego_0,326.0577422067901,-8.0,20.577422067901235,1000.0,,0.7819628858024691,0.7819628858024691,0.7819628858024691,0.7819628858024691,0.7742206790123518,0,highway_0,1,2.057742206790124,326.0577422067901,,-1021.5774220679012
0.2,ego_0,328.1231938229669,-8.0,20.654516161767777,1000.0,,0.7786503480520746,0.7786503480520746,0.7786503480520746,0.7786503480520746,0.7709409386654187,0,highway_0,1,4.123193822966925,328.1231938229669,,-1021.6545161617678
0.3,ego_0,330.19632182013385,-8.0,20.731279971668997,1000.0,,0.7753144800023382,0.7753144800023382,0.7753144800023382,0.7753144800023382,0.7676380990121956,0,highway_0,1,6.196321820133846,330.19632182013385,,-1021.731279971669
0.4,ego_0,332.27709294186525,-8.0,20.807711217314278,1000.0,,0.7719555810173349,0.7719555810173349,0.7719555810173349,0.7719555810173349,0.7643124564528136,0,highway_0,1,8.277092941865249,332.27709294186525,,-1021.8077112173142
0.5,ego_0,334.36547370674225,-8.0,20.883807648770293,1000.0,,0.7685739577057377,0.7685739577057377,0.7685739577057377,0.7685739577057377,0.7609643145601552,0,highway_0,1,10.36547370674225,334.36547370674225,,-1021.8838076487702
0.6,ego_0,336.46143041145905,-8.0,20.959567047168086,1000.0,,0.7651699238177089,0.7651699238177089,0.7651699238177089,0.7651699238177089,0.7575939839779267,0,highway_0,1,12.461430411459048,336.46143041145905,,-1021.9595670471681
0.7,ego_0,338.564929133999,-8.0,21.034987225399483,1000.0,,0.7617438001371016,0.7617438001371016,0.7617438001371016,0.7617438001371016,0.7542017823139702,0,highway_0,1,14.564929133998987,338.564929133999,,-1022.0349872253995
0.8,ego_0,340.67593573687924,-8.0,21.110066028802358,1000.0,,0.7582959143690431,0.7582959143690431,0.7582959143690431,0.7582959143690431,0.7507880340287443,0,highway_0,1,16.67593573687924,340.67593573687924,,-1022.1100660288024
0.9,ego_0,342.7944158704627,-8.0,21.184801335834333,1000.0,,0.7548266010229694,0.7548266010229694,0.7548266010229694,0.7548266010229694,0.747353070319754,0,highway_0,1,18.79441587046267,342.7944158704627,,-1022.1848013358343
1.0,ego_0,344.9203349763361,-8.0,21.25919105873445,1000.0,,0.7513362012911924,0.7513362012911924,0.7513362012911924,0.7513362012911924,0.7438972290011847,0,highway_0,1,20.920334976336108,344.9203349763361,,-1022.2591910587345
1.1,ego_0,347.05365829075333,-8.0,21.333233144172382,1000.0,,0.7478250629230792,0.7478250629230792,0.7478250629230792,0.7478250629230792,0.7404208543793089,0,highway_0,1,23.053658290753333,347.05365829075333,,-1022.3332331441724
1.2,ego_0,349.1943508481418,-8.0,21.406925573884752,1000.0,,0.7442935400949351,0.7442935400949351,0.7442935400949351,0.7442935400949351,0.7369242971237,0,highway_0,1,25.194350848141823,349.1943508481418,,-1022.4069255738848
1.3,ego_0,351.34237748467166,-8.0,21.48026636529819,1000.0,,0.740741993275682,0.740741993275682,0.740741993275682,0.740741993275682,0.7334079141343608,0,highway_0,1,27.34237748467166,351.34237748467166,,-1022.4802663652982
1.4,ego_0,353.49770284188554,-8.0,21.553253572138626,1000.0,,0.7371707890884289,0.7371707890884289,0.7371707890884289,0.7371707890884289,0.7298720684043758,0,highway_0,1,29.49770284188554,353.49770284188554,,-1022.5532535721386
1.5,ego_0,355.6602913703882,-8.0,21.625885285026552,1000.0,,0.733580300168041,0.733580300168041,0.733580300168041,0.733580300168041,0.7263171288792591,0,highway_0,1,31.660291370388222,355.6602913703882,,-1022.6258852850266
1.6,ego_0,357.830107333594,-8.0,21.69815963205772,1000.0,,0.7299709050148108,0.7299709050148108,0.7299709050148108,0.7299709050148108,0.7227434703116842,0,highway_0,1,33.830107333594015,357.830107333594,,-1022.6981596320577
1.7,ego_0,360.0071148115309,-8.0,21.770074779369043,1000.0,,0.7263429878443475,0.7263429878443475,0.7263429878443475,0.7263429878443475,0.7191514731132287,0,highway_0,1,36.007114811530926,360.0071148115309,,-1022.770074779369
1.8,ego_0,362.19127770469987,-8.0,21.841628931689222,1000.0,,0.7226969384337967,0.7226969384337967,0.7226969384337967,0.7226969384337967,0.7155415232017859,0,highway_0,1,38.19127770469987,362.19127770469987,,-1022.8416289316892
1.9,ego_0,364.38255973798726,-8.0,21.912820332873828,1000.0,,0.7190331519645153,0.7190331519645153,0.7190331519645153,0.7190331519645153,0.7119140118460621,0,highway_0,1,40.382559737987265,364.38255973798726,,-1022.9128203328738
2.0,ego_0,366.58092446462973,-8.0,21.983647266424455,1000.0,,0.7153520288613222,0.7153520288613222,0.7153520288613222,0.7153520288613222,0.708269335506273,0,highway_0,1,42.58092446462973,366.58092446462973,,-1022.9836472664244
2.1,ego_0,368.7863352702289,-8.0,22.05410805599163,1000.0,,0.7116539746284574,0.7116539746284574,0.7116539746284574,0.7116539746284574,0.7046078956717494,0,highway_0,1,44.7863352702289,368.7863352702289,,-1023.0541080559916
2.2,ego_0,370.99875537681504,-8.0,22.124201065861172,1000.0,,0.7079393996823782,0.7079393996823782,0.7079393996823782,0.7079393996823782,0.7009300986954159,0,highway_0,1,46.99875537681504,370.99875537681504,,-1023.1242010658611
2.3,ego_0,373.21814784695744,-8.0,22.1939247014237,1000.0,,0.7042087191815318,0.7042087191815318,0.7042087191815318,0.7042087191815318,0.6972363556252859,0,highway_0,1,49.218147846957436,373.21814784695744,,-1023.1939247014237
2.4,ego_0,375.4444755879201,-8.0,22.263277409626994,1000.0,,0.7004623528532399,0.7004623528532399,0.7004623528532399,0.7004623528532399,0.6935270820329364,0,highway_0,1,51.444475587920124,375.4444755879201,,-1023.263277409627
2.5,ego_0,377.67770135586125,-8.0,22.33225767941094,1000.0,,0.6967007248178414,0.6967007248178414,0.6967007248178414,0.6967007248178414,0.6898026978394611,0,highway_0,1,53.677701355861245,377.67770135586125,,-1023.332257679411
2.6,ego_0,379.91778776007374,-8.01,22.400864042124823,1000.0,,0.692924263410236,0.692924263410236,0.692924263410236,0.692924263410236,0.6860636271388287,0,highway_0,1,55.917787760073736,379.91778776007374,,-1023.4008640421248
2.7,ego_0,382.16469726726643,-8.03,22.469095071926702,1000.0,,0.6891334009989791,0.6891334009989791,0.6891334009989791,0.6891334009989791,0.6823102980187912,0,highway_0,1,58.16469726726643,382.16469726726643,,-1023.4690950719267
2.8,ego_0,384.4183922058829,-8.03,22.536949386164633,1000.0,,0.6853285738030745,0.6853285738030745,0.6853285738030745,0.6853285738030745,0.6785431423793042,0,highway_0,1,60.418392205882924,384.4183922058829,,-1023.5369493861647
2.9,ego_0,386.6788347704569,-8.03,22.604425645739546,1000.0,,0.6815102217066251,0.6815102217066251,0.6815102217066251,0.6815102217066251,0.6747625957491366,0,highway_0,1,62.67883477045689,386.6788347704569,,-1023.6044256457395
3.0,ego_0,388.94598702600183,-8.03,22.671522555449595,1000.0,,0.6776787880714912,0.6776787880714912,0.6776787880714912,0.6776787880714912,0.6709690971004889,0,highway_0,1,64.94598702600183,388.94598702600183,,-1023.6715225554495
3.1,ego_0,391.2198109124334,-8.03,22.738238864315747,1000.0,,0.6738347195481145,0.6738347195481145,0.6738347195481145,0.6738347195481145,0.6671630886615176,0,highway_0,1,67.21981091243339,391.2198109124334,,-1023.7382388643157
3.2,ego_0,393.5002682490222,-8.03,22.804573365888487,1000.0,,0.6699784658846691,0.6699784658846691,0.6699784658846691,0.6699784658846691,0.6633450157274012,0,highway_0,1,69.50026824902221,393.5002682490222,,-1023.8045733658885
3.3,ego_0,395.78732073887574,-8.03,22.87052489853549,1000.0,,0.6661104797346995,0.6661104797346995,0.6661104797346995,0.6661104797346995,0.6595153264700215,0,highway_0,1,71.78732073887574,395.78732073887574,,-1023.8705248985355
3.4,ego_0,398.08092997344676,-8.03,22.936092345710087,1000.0,,0.6622312164634039,0.6622312164634039,0.6622312164634039,0.6622312164634039,0.655674471745975,0,highway_0,1,74.08092997344676,398.08092997344676,,-1023.9360923457101
3.5,ego_0,400.38105743706683,-8.03,23.001274636200456,1000.0,,0.6583411339527312,0.6583411339527312,0.6583411339527312,0.6583411339527312,0.6518229049036961,0,highway_0,1,76.38105743706683,400.38105743706683,,-1024.0012746362004
3.6,ego_0,402.68766451150276,-8.03,23.06607074435941,1000.0,,0.6544406924054518,0.6544406924054518,0.6544406924054518,0.6544406924054518,0.6479610815895498,0,highway_0,1,78.68766451150276,402.68766451150276,,-1024.0660707443594
3.7,ego_0,405.0007124805342,-8.04,23.130479690314697,1000.0,,0.6505303541483655,0.6505303541483655,0.6505303541483655,0.6505303541483655,0.644089459552859,0,highway_0,1,81.00071248053422,405.0007124805342,,-1024.1304796903146
3.8,ego_0,407.3201625345502,-8.06,23.19450054015973,1000.0,,0.6466105834348149,0.6466105834348149,0.6466105834348149,0.6466105834348149,0.6402084984503276,0,highway_0,1,83.3201625345502,407.3201625345502,,-1024.1945005401597
3.9,ego_0,409.6459757751627,-8.06,23.258132406124744,1000.0,,0.6426818462466674,0.6426818462466674,0.6426818462466674,0.6426818462466674,0.6363186596501436,0,highway_0,1,85.6459757751627,409.6459757751627,,-1024.2581324061248
4.0,ego_0,411.9781132198355,-8.06,23.321374446728303,1000.0,,0.638744610095928,0.638744610095928,0.638744610095928,0.638744610095928,0.6324204060355854,0,highway_0,1,87.9781132198355,411.9781132198355,,-1024.3213744467282
4.1,ego_0,414.3165358065264,-8.06,23.384225866909112,1000.0,,0.6347993438261509,0.6347993438261509,0.6347993438261509,0.6347993438261509,0.6285142018080947,0,highway_0,1,90.31653580652642,414.3165358065264,,-1024.3842258669092
4.2,ego_0,416.66120439834026,-8.06,23.4466859181382,1000.0,,0.6308465174138129,0.6308465174138129,0.6308465174138129,0.6308465174138129,0.6246005122908826,0,highway_0,1,92.66120439834026,416.66120439834026,,-1024.4466859181382
4.3,ego_0,419.0120797881914,-8.06,23.50875389851145,1000.0,,0.6268866017698105,0.6268866017698105,0.6268866017698105,0.6268866017698105,0.6206798037325001,0,highway_0,1,95.01207978819139,419.0120797881914,,-1024.5087538985115
4.4,ego_0,421.36912270347364,-8.06,23.570429152822467,1000.0,,0.6229200685412419,0.6229200685412419,0.6229200685412419,0.6229200685412419,0.6167525431101595,0,highway_0,1,97.36912270347364,421.36912270347364,,-1024.5704291528225
4.5,ego_0,423.7322938107352,-8.06,23.631711072615897,1000.0,,0.6189473899136404,0.6189473899136404,0.6189473899136404,0.6189473899136404,0.6128191979343001,0,highway_0,1,99.7322938107352,423.7322938107352,,-1024.6317110726159
4.6,ego_0,426.10155372035734,-8.06,23.692599096221223,1000.0,,0.6149690384138112,0.6149690384138112,0.6149690384138112,0.6149690384138112,0.6088802360532597,0,highway_0,1,102.10155372035734,426.10155372035734,,-1024.6925990962213
4.7,ego_0,428.47686299123404,-8.06,23.753092708767106,1000.0,,0.6109854867134349,0.6109854867134349,0.6109854867134349,0.6109854867134349,0.6049361254588348,0,highway_0,1,104.47686299123404,428.47686299123404,,-1024.753092708767
4.8,ego_0,430.85818213545167,-8.07,23.81319144217637,1000.0,,0.6069972074335914,0.6069972074335914,0.6069972074335914,0.6069972074335914,0.6009873340926575,0,highway_0,1,106.85818213545167,430.85818213545167,,-1024.8131914421763
4.9,ego_0,433.24547162296585,-8.08,23.872894875141753,1000.0,,0.6030046729503595,0.6030046729503595,0.6030046729503595,0.6030046729503595,0.5970343296538161,0,highway_0,1,109.24547162296585,433.24547162296585,,-1024.8728948751418
5.0,ego_0,435.6386918862741,-8.08,23.93220263308251,1000.0,,0.5990083552016434,0.5990083552016434,0.5990083552016434,0.5990083552016434,0.5930775794075771,0,highway_0,1,111.6386918862741,435.6386918862741,,-1024.9322026330824
5.1,ego_0,438.03780332508234,-8.08,23.991114388082053,1000.0,,0.5950087254953766,0.5950087254953766,0.5950087254953766,0.5950087254953766,0.5891175499954215,0,highway_0,1,114.03780332508234,438.03780332508234,,-1024.991114388082
5.2,ego_0,440.442766310963,-8.08,24.049629858806732,1000.0,,0.5910062543192485,0.5910062543192485,0.5910062543192485,0.5910062543192485,0.5851547072467866,0,highway_0,1,116.44276631096301,440.442766310963,,-1025.0496298588068
5.3,ego_0,442.8535411920036,-8.08,24.10774881040595,1000.0,,0.5870014111520969,0.5870014111520969,0.5870014111520969,0.5870014111520969,0.5811895159921932,0,highway_0,1,118.8535411920036,442.8535411920036,,-1025.107748810406
5.4,ego_0,445.270088297443,-8.08,24.165471054393784,1000.0,,0.5829946642771144,0.5829946642771144,0.5829946642771144,0.5829946642771144,0.5772224398783266,0,highway_0,1,121.27008829744301,445.270088297443,,-1025.1654710543937
5.5,ego_0,447.69236794229425,-8.08,24.222796448512298,1000.0,,0.5789864805969975,0.5789864805969975,0.5789864805969975,0.5789864805969975,0.5732539411851434,0,highway_0,1,123.69236794229425,447.69236794229425,,-1025.2227964485123
5.6,ego_0,450.1203404319519,-8.08,24.279724896576774,1000.0,,0.5749773254511784,0.5749773254511784,0.5749773254511784,0.5749773254511784,0.5692844806447539,0,highway_0,1,126.12034043195194,450.12034043195194,,-1025.2797248965767
5.7,ego_0,452.5539660667823,-8.08,24.33625634830304,1000.0,,0.570967662435272,0.570967662435272,0.570967662435272,0.570967662435272,0.5653145172626495,0,highway_0,1,128.55396606678227,452.55396606678227,,-1025.336256348303
5.8,ego_0,454.993205146694,-8.08,24.392390799117184,1000.0,,0.5669579532228624,0.5669579532228624,0.5669579532228624,0.5669579532228624,0.5613445081414525,0,highway_0,1,130.99320514669398,454.993205146694,,-1025.3923907991173
5.9,ego_0,457.4380179756887,-8.09,24.448128289947853,1000.0,,0.5629486573897564,0.5629486573897564,0.5629486573897564,0.5629486573897564,0.5573749083066915,0,highway_0,1,133.43801797568875,457.43801797568875,,-1025.4481282899478
6.0,ego_0,459.88836486638894,-8.09,24.5034689070014,1000.0,,0.558940232240822,0.558940232240822,0.558940232240822,0.558940232240822,0.5534061705354532,0,highway_0,1,135.88836486638888,459.8883648663889,,-1025.5034689070014
6.1,ego_0,462.34420614454086,-8.09,24.55841278152016,1000.0,,0.5549331326395293,0.5549331326395293,0.5549331326395293,0.5549331326395293,0.5494387451876293,0,highway_0,1,138.34420614454092,462.3442061445409,,-1025.5584127815202
6.2,ego_0,464.80550215349336,-8.09,24.61296008952415,1000.0,,0.5509278108403062,0.5509278108403062,0.5509278108403062,0.5509278108403062,0.5454730800398977,0,highway_0,1,140.8055021534933,464.8055021534933,,-1025.6129600895242
6.3,ego_0,467.27221325864696,-8.09,24.66711105153641,1000.0,,0.54692471632382,0.54692471632382,0.54692471632382,0.54692471632382,0.5415096201225822,0,highway_0,1,143.27221325864696,467.27221325864696,,-1025.6671110515365
6.4,ego_0,469.7442998518762,-8.09,24.720865932292376,1000.0,,0.5429242956352816,0.5429242956352816,0.5429242956352816,0.5429242956352816,0.5375488075596735,0,highway_0,1,145.74429985187618,469.7442998518762,,-1025.7208659322923
6.5,ego_0,472.22172235591955,-8.09,24.774225040433553,1000.0,,0.5389269922258803,0.5389269922258803,0.5389269922258803,0.5389269922258803,0.5335910814117639,0,highway_0,1,148.22172235591955,472.22172235591955,,-1025.7742250404335
6.6,ego_0,474.7044412287381,-8.09,24.827188728185774,1000.0,,0.5349332462974397,0.5349332462974397,0.5349332462974397,0.5349332462974397,0.5296368775222149,0,highway_0,1,150.70444122873812,474.7044412287381,,-1025.8271887281858
6.7,ego_0,477.19241696784036,-8.09,24.879757391022444,1000.0,,0.5309434946503864,0.5309434946503864,0.5309434946503864,0.5309434946503864,0.5256866283666994,0,highway_0,1,153.19241696784036,477.19241696784036,,-1025.8797573910224
6.8,ego_0,479.6856101145717,-8.09,24.93193146731305,1000.0,,0.5269581705351172,0.5269581705351172,0.5269581705351172,0.5269581705351172,0.5217407629060489,0,highway_0,1,155.68561011457166,479.68561011457166,,-1025.931931467313
6.9,ego_0,482.18398125836734,-8.09,24.98371143795729,1000.0,,0.5229777035068494,0.5229777035068494,0.5229777035068494,0.5229777035068494,0.5177997064424034,0,highway_0,1,158.1839812583674,482.1839812583674,,-1025.9837114379573
7.0,ego_0,484.6874910409679,-8.09,25.035097826005213,1000.0,,0.5190025192840276,0.5190025192840276,0.5190025192840276,0.5190025192840276,0.513863880479235,0,highway_0,1,160.68749104096793,484.6874910409679,,-1026.0350978260053
7.1,ego_0,487.1961001605943,-8.09,25.086091196263663,1000.0,,0.5150330396103597,0.5150330396103597,0.5150330396103597,0.5150330396103597,0.5099337025844974,0,highway_0,1,163.1961001605943,487.1961001605943,,-1026.0860911962636
7.2,ego_0,489.7097693760833,-8.09,25.136692154889463,1000.0,,0.5110696821205545,0.5110696821205545,0.5110696821205545,0.5110696821205545,0.5060095862580027,0,highway_0,1,165.70976937608327,489.7097693760833,,-1026.1366921548895
7.3,ego_0,492.22845951098026,-8.09,25.18690134896964,1000.0,,0.5071128602098136,0.5071128602098136,0.5071128602098136,0.5071128602098136,0.5020919408017832,0,highway_0,1,168.22845951098026,492.22845951098026,,-1026.1869013489697
7.4,ego_0,494.7521314575892,-8.09,25.23671946608916,1000.0,,0.5031629829071509,0.5031629829071509,0.5031629829071509,0.5031629829071509,0.4981811711951778,0,highway_0,1,170.7521314575892,494.7521314575892,,-1026.2367194660892
7.5,ego_0,497.28074618097787,-8.09,25.286147233886442,1000.0,,0.49922045475257537,0.49922045475257537,0.49922045475257537,0.49922045475257537,0.49427767797283195,0,highway_0,1,173.28074618097787,497.28074618097787,,-1026.2861472338864
7.6,ego_0,499.8142647229376,-8.09,25.335185419597153,1000.0,,0.49528567567820037,0.49528567567820037,0.49528567567820037,0.49528567567820037,0.4903818571071028,0,highway_0,1,175.8142647229376,499.8142647229376,,-1026.335185419597
7.7,ego_0,502.35264820589623,-8.09,25.38383482958659,1000.0,,0.49135904089331583,0.49135904089331583,0.49135904089331583,0.49135904089331583,0.4864940998943723,0,highway_0,1,178.35264820589623,502.35264820589623,,-1026.3838348295867
7.8,ego_0,504.8958578367833,-8.09,25.432096308871092,1000.0,,0.4874409407734642,0.4874409407734642,0.4874409407734642,0.4874409407734642,0.48261479284501974,0,highway_0,1,180.89585783678336,504.89585783678336,,-1026.432096308871
7.9,ego_0,507.44385491084626,-8.09,25.47997074062887,1000.0,,0.48353176075355486,0.48353176075355486,0.48353176075355486,0.48353176075355486,0.4787443175777639,0,highway_0,1,183.44385491084626,507.44385491084626,,-1026.479970740629
8.0,ego_0,509.9966008154164,-8.09,25.527459045700656,1000.0,,0.47963188122504696,0.47963188122504696,0.47963188122504696,0.47963188122504696,0.47488305071787806,0,highway_0,1,185.99660081541634,509.99660081541634,,-1026.5274590457007
8.1,ego_0,512.5540570336244,-8.09,25.57456218208058,1000.0,,0.4757416774372245,0.4757416774372245,0.4757416774372245,0.4757416774372245,0.4710313637992414,0,highway_0,1,188.55405703362442,512.5540570336244,,-1026.5745621820806
8.2,ego_0,515.1161851480642,-8.09,25.62128114439767,1000.0,,0.4718615194025858,0.4718615194025858,0.4718615194025858,0.4718615194025858,0.46718962317090273,0,highway_0,1,191.11618514806423,515.1161851480642,,-1026.6212811443977
8.3,ego_0,517.6829468444031,-8.09,25.667616963388397,1000.0,,0.4679917718063633,0.4679917718063633,0.4679917718063633,0.4679917718063633,0.46335818990726807,0,highway_0,1,193.6829468444031,517.6829468444031,,-1026.6676169633884
8.4,ego_0,520.2543039149392,-8.09,25.713570705360695,1000.0,,0.46413279392018547,0.46413279392018547,0.46413279392018547,0.46413279392018547,0.45953741972297735,0,highway_0,1,196.25430391493921,520.2543039149392,,-1026.7135707053608
8.5,ego_0,522.8302182621042,-8.09,25.75914347164979,1000.0,,0.46028493951988303,0.46028493951988303,0.46028493951988303,0.46028493951988303,0.45572766289094346,0,highway_0,1,198.83021826210415,522.8302182621042,,-1026.7591434716498
8.6,ego_0,525.4106519019108,-8.09,25.80433639806637,1000.0,,0.4564485568074539,0.4564485568074539,0.4564485568074539,0.4564485568074539,0.45192926416579127,0,highway_0,1,201.4106519019108,525.4106519019108,,-1026.8043363980664
8.7,ego_0,527.9955669673445,-8.09,25.849150654337375,1000.0,,0.45262398833717055,0.45262398833717055,0.45262398833717055,0.45262398833717055,0.4481425627100677,0,highway_0,1,203.99556696734453,527.9955669673445,,-1026.8491506543373
8.8,ego_0,530.5849257116985,-8.09,25.893587443539932,1000.0,,0.4488115709458398,0.4488115709458398,0.4488115709458398,0.4488115709458398,0.4443678920255678,0,highway_0,1,206.58492571169847,530.5849257116985,,-1026.89358744354
8.9,ego_0,533.1786905118513,-8.09,25.93764800152876,1000.0,,0.4450116356871905,0.4450116356871905,0.4450116356871905,0.4450116356871905,0.44060557988828464,0,highway_0,1,209.1786905118513,533.1786905118513,,-1026.9376480015287
9.0,ego_0,535.7768238714871,-8.09,25.981333596357512,1000.0,,0.44122450777038624,0.44122450777038624,0.44122450777038624,0.44122450777038624,0.4368559482875156,0,highway_0,1,211.77682387148707,535.7768238714871,,-1026.9813335963574
9.1,ego_0,538.3792884242565,-8.09,26.02464552769441,1000.0,,0.4374505065026415,0.4374505065026415,0.4374505065026415,0.4374505065026415,0.4331193133689837,0,highway_0,1,214.37928842425652,538.3792884242565,,-1027.0246455276945
9.2,ego_0,540.9860469368798,-8.09,26.067585126232622,1000.0,,0.4336899452359193,0.4336899452359193,0.4336899452359193,0.4336899452359193,0.429395985382115,0,highway_0,1,216.9860469368798,540.9860469368798,,-1027.0675851262326
9.3,ego_0,543.5970623121893,-8.09,26.11015375309576,1000.0,,0.42994313131768747,0.42994313131768747,0.42994313131768747,0.42994313131768747,0.4256862686313667,0,highway_0,1,219.59706231218934,543.5970623121893,,-1027.1101537530958
9.4,ego_0,546.2122975921133,-8.09,26.152352799238894,1000.0,,0.4262103660457023,0.4262103660457023,0.4262103660457023,0.4262103660457023,0.4219904614313563,0,highway_0,1,222.21229759211326,546.2122975921133,,-1027.152352799239
9.5,ego_0,548.8317159605978,-8.09,26.194183684845505,1000.0,,0.4224919446267882,0.4224919446267882,0.4224919446267882,0.4224919446267882,0.4183088560661119,0,highway_0,1,224.83171596059776,548.8317159605978,,-1027.1941836848455
9.6,ego_0,551.4552807464698,-8.09,26.23564785872071,1000.0,,0.418788156139581,0.418788156139581,0.418788156139581,0.418788156139581,0.4146417387520529,0,highway_0,1,227.45528074646984,551.4552807464698,,-1027.2356478587208
9.7,ego_0,554.082955426238,-8.09,26.276746797681227,1000.0,,0.4150992835011922,0.4150992835011922,0.4150992835011922,0.4150992835011922,0.41098938960516307,0,highway_0,1,230.08295542623796,554.082955426238,,-1027.2767467976812
9.8,ego_0,556.7147036268321,-8.09,26.31748200594239,1000.0,,0.41142560343775314,0.41142560343775314,0.41142560343775314,0.41142560343775314,0.407352082611645,0,highway_0,1,232.71470362683215,556.7147036268321,,-1027.3174820059423
9.9,ego_0,559.3504891282824,-8.09,26.357855014502668,1000.0,,0.4077673864587965,0.4077673864587965,0.4077673864587965,0.4077673864587965,0.403730085602767,0,highway_0,1,235.35048912828245,559.3504891282824,,-1027.3578550145028
10.0,ego_0,561.9902758663351,-8.09,26.39786738052598,1000.0,,0.40412489683542363,0.40412489683542363,0.40412489683542363,0.40412489683542363,0.4001236602331204,0,highway_0,1,237.99027586633508,561.9902758663351,,-1027.397867380526
10.1,ego_0,564.6340279350073,-8.09,26.437520686722237,1000.0,,0.40049839258220976,0.40049839258220976,0.40049839258220976,0.40049839258220976,0.39653306196257176,0,highway_0,1,240.63402793500734,564.6340279350073,,-1027.4375206867223
10.2,ego_0,567.28170958908,-8.09,26.476816540726475,1000.0,,0.3968881254427975,0.3968881254427975,0.3968881254427975,0.3968881254427975,0.39295854004237185,0,highway_0,1,243.28170958908004,567.28170958908,,-1027.4768165407265
10.3,ego_0,569.9332852465277,-8.09,26.51575657447688,1000.0,,0.3932943408791101,0.3932943408791101,0.3932943408791101,0.3932943408791101,0.3894003375040711,0,highway_0,1,245.9332852465277,569.9332852465277,,-1027.5157565744769
10.4,ego_0,572.5887194908869,-8.09,26.554342443592144,1000.0,,0.38971727806414425,0.38971727806414425,0.38971727806414425,0.38971727806414425,0.3858586911526274,0,highway_0,1,248.5887194908869,572.5887194908869,,-1027.554342443592
10.5,ego_0,575.2479770735617,-8.09,26.59257582674841,1000.0,,0.38615716987826687,0.38615716987826687,0.38615716987826687,0.38615716987826687,0.3823338315626401,0,highway_0,1,251.24797707356174,575.2479770735617,,-1027.5925758267483
10.6,ego_0,577.9110229160674,-8.09,26.63045842505623,1000.0,,0.3826142429089632,0.3826142429089632,0.3826142429089632,0.3826142429089632,0.37882598307820814,0,highway_0,1,253.9110229160674,577.9110229160674,,-1027.6304584250563
10.7,ego_0,580.5778221122112,-8.09,26.66799196143781,1000.0,,0.3790887174539638,0.3790887174539638,0.3790887174539638,0.3790887174539638,0.37533536381580745,0,highway_0,1,256.57782211221115,580.5778221122112,,-1027.6679919614378
10.8,ego_0,583.2483399302116,-8.09,26.70517818000491,1000.0,,0.3755808075276936,0.3755808075276936,0.3755808075276936,0.3755808075276936,0.3718621856710058,0,highway_0,1,259.2483399302116,583.2483399302116,,-1027.7051781800049
10.9,ego_0,585.9225418147554,-8.09,26.74201884543768,1000.0,,0.3720907208709645,0.3720907208709645,0.3720907208709645,0.3720907208709645,0.3684066543276998,0,highway_0,1,261.9225418147554,585.9225418147554,,-1027.7420188454378
11.0,ego_0,588.6003933889918,-8.08,26.778515742364792,1000.0,,0.36861865896384927,0.36861865896384927,0.36861865896384927,0.36861865896384927,0.36496896927111777,0,highway_0,1,264.60039338899185,588.6003933889918,,-1027.7785157423648
11.1,ego_0,591.2818604564663,-8.06,26.814670674745155,1000.0,,0.3651648170416628,0.3651648170416628,0.3651648170416628,0.3651648170416628,0.36154932380362936,0,highway_0,1,267.28186045646635,591.2818604564663,,-1027.8146706747452
11.2,ego_0,593.9669090029915,-8.03,26.850485465251488,1000.0,,0.3617293841139775,0.3617293841139775,0.3617293841139775,0.3617293841139775,0.3581479050633263,0,highway_0,1,269.96690900299154,593.9669090029915,,-1027.8504854652515
11.3,ego_0,596.6555051984571,-8.01,26.885961954656104,1000.0,,0.35831254298659954,0.35831254298659954,0.35831254298659954,0.35831254298659954,0.35476489404615563,0,highway_0,1,272.65550519845715,596.6555051984571,,-1027.885961954656
11.4,ego_0,599.347615398579,-8.0,26.92110200121912,1000.0,,0.35491447028643186,0.35491447028643186,0.35491447028643186,0.35491447028643186,0.3514004656301495,0,highway_0,1,275.347615398579,599.347615398579,,-1027.9211020012192
11.5,ego_0,602.043206146587,-8.0,26.955907480079432,1000.0,,0.3515353364891465,0.3515353364891465,0.3515353364891465,0.3515353364891465,0.348054788603136,0,highway_0,1,278.04320614658695,602.043206146587,,-1027.9559074800795
11.6,ego_0,604.7422441748519,-8.0,26.9903802826487,1000.0,,0.348175305949588,0.348175305949588,0.348175305949588,0.348175305949588,0.3447280256926888,0,highway_0,1,280.74224417485186,604.7422441748519,,-1027.9903802826486
11.7,ego_0,607.4446964064527,-8.0,27.024522316008586,1000.0,,0.3448345369348347,0.3448345369348347,0.3448345369348347,0.3448345369348347,0.3414203335988475,0,highway_0,1,283.44469640645275,607.4446964064527,,-1028.0245223160086
11.8,ego_0,610.150529956684,-8.0,27.05833550231154,1000.0,,0.34151318165983435,0.34151318165983435,0.34151318165983435,0.34151318165983435,0.33813186302953824,0,highway_0,1,286.15052995668395,610.150529956684,,-1028.0583355023116
11.9,ego_0,612.8597121345025,-8.0,27.091821778185356,1000.0,,0.3382113863255378,0.3382113863255378,0.3382113863255378,0.3382113863255378,0.3348627587381614,0,highway_0,1,288.8597121345025,612.8597121345025,,-1028.0918217781852
12.0,ego_0,615.5722104439167,-8.0,27.124983094141736,1000.0,,0.334929291159451,0.334929291159451,0.334929291159451,0.334929291159451,0.3316131595638083,0,highway_0,1,291.5722104439167,615.5722104439167,,-1028.1249830941417
12.1,ego_0,618.2879925853156,-8.0,27.157821413989115,1000.0,,0.33166703045852397,0.33166703045852397,0.33166703045852397,0.33166703045852397,0.3283831984737873,0,highway_0,1,294.2879925853156,618.2879925853156,,-1028.157821413989
12.2,ego_0,621.0070264567406,-8.0,27.190338714249936,1000.0,,0.3284247326343004,0.3284247326343004,0.3284247326343004,0.3284247326343004,0.32517300260821,0,highway_0,1,297.0070264567406,621.0070264567406,,-1028.19033871425
12.3,ego_0,623.7292801550989,-8.0,27.222536983582636,1000.0,,0.3252025202602412,0.3252025202602412,0.3252025202602412,0.3252025202602412,0.32198269332699425,0,highway_0,1,299.7292801550989,623.7292801550989,,-1028.2225369835826
12.4,ego_0,626.4547219773198,-8.0,27.254418222208493,1000.0,,0.3220005101211507,0.3220005101211507,0.3220005101211507,0.3220005101211507,0.3188123862585712,0,highway_0,1,302.45472197731976,626.4547219773198,,-1028.2544182222084
12.5,ego_0,629.1833204214541,-8.0,27.285984441343604,1000.0,,0.3188188132646148,0.3188188132646148,0.3188188132646148,0.3188188132646148,0.31566219135111595,0,highway_0,1,305.18332042145414,629.1833204214541,,-1028.2859844413435
12.6,ego_0,631.9150441877177,-8.0,27.317237662636117,1000.0,,0.31565753505438054,0.31565753505438054,0.31565753505438054,0.31565753505438054,0.31253221292512734,0,highway_0,1,307.91504418771774,631.9150441877177,,-1028.3172376626362
12.7,ego_0,634.6498621794786,-8.0,27.348179917608945,1000.0,,0.31251677522559107,0.31251677522559107,0.31251677522559107,0.31251677522559107,0.3094225497282821,0,highway_0,1,310.64986217947865,634.6498621794786,,-1028.3481799176088
12.8,ego_0,637.3877435041894,-8.0,27.37881324710813,1000.0,,0.30939662794179845,0.30939662794179845,0.30939662794179845,0.30939662794179845,0.3063332949918518,0,highway_0,1,313.3877435041894,637.3877435041894,,-1028.3788132471082
12.9,ego_0,640.1286574742651,-8.0,27.40913970075701,1000.0,,0.3062971818536766,0.3062971818536766,0.3062971818536766,0.3062971818536766,0.3032645364887898,0,highway_0,1,316.1286574742651,640.1286574742651,,-1028.409139700757
13.0,ego_0,642.8725736079067,-8.0,27.43916133641635,1000.0,,0.30321852015935225,0.30321852015935225,0.30321852015935225,0.30321852015935225,0.30021635659341683,0,highway_0,1,318.8725736079067,642.8725736079067,,-1028.4391613364164
13.1,ego_0,645.6194616298718,-8.0,27.468880219650636,1000.0,,0.30016072066627963,0.30016072066627963,0.30016072066627963,0.30016072066627963,0.2971888323428473,0,highway_0,1,321.6194616298718,645.6194616298718,,-1028.4688802196506
13.2,ego_0,648.3692914721919,-8.0,27.498298423200595,1000.0,,0.2971238558545801,0.2971238558545801,0.2971238558545801,0.2971238558545801,0.2941820354995883,0,highway_0,1,324.3692914721919,648.3692914721919,,-1028.4982984232006
13.3,ego_0,651.1220332748381,-8.0,27.527418026462154,1000.0,,0.2941079929417657,0.2941079929417657,0.2941079929417657,0.2941079929417657,0.2911960326155949,0,highway_0,1,327.12203327483815,651.1220332748381,,-1028.527418026462
13.4,ego_0,653.8776573863354,-8.0,27.556241114971936,1000.0,,0.2911131939487781,0.2911131939487781,0.2911131939487781,0.2911131939487781,0.2882308850978177,0,highway_0,1,329.8776573863354,653.8776573863354,,-1028.556241114972
13.5,ego_0,656.6361343643254,-8.0,27.58476977989939,1000.0,,0.2881395157672636,0.2881395157672636,0.2881395157672636,0.2881395157672636,0.28528664927453207,0,highway_0,1,332.63613436432536,656.6361343643254,,-1028.5847697798995
13.6,ego_0,659.3974349760799,-8.0,27.613006117545726,1000.0,,0.2851870102280072,0.2851870102280072,0.2851870102280072,0.2851870102280072,0.2823633764633726,0,highway_0,1,335.3974349760799,659.3974349760799,,-1028.6130061175456
13.7,ego_0,662.1615301989649,-8.0,27.640952228849734,1000.0,,0.2822557241704603,0.2822557241704603,0.2822557241704603,0.2822557241704603,0.27946111304007815,0,highway_0,1,338.1615301989649,662.1615301989649,,-1028.6409522288498
13.8,ego_0,664.9283912208549,-8.0,27.668610218900554,1000.0,,0.27934569951327903,0.27934569951327903,0.27934569951327903,0.27934569951327903,0.2765799005081959,0,highway_0,1,340.9283912208549,664.9283912208549,,-1028.6686102189005
13.9,ego_0,667.6979894405007,-8.0,27.695982196457564,1000.0,,0.276456973325813,0.276456973325813,0.276456973325813,0.276456973325813,0.2737197755701004,0,highway_0,1,343.6979894405007,667.6979894405007,,-1028.6959821964576
14.0,ego_0,670.4702964678485,-8.0,27.72307027347741,1000.0,,0.27358957790046445,0.27358957790046445,0.27358957790046445,0.27358957790046445,0.2708807701984739,0,highway_0,1,346.47029646784847,670.4702964678485,,-1028.7230702734773
14.1,ego_0,673.2452841243133,-8.0,27.74987656464829,1000.0,,0.2707435408258563,0.2707435408258563,0.2707435408258563,0.2707435408258563,0.2680629117087818,0,highway_0,1,349.24528412431334,673.2452841243133,,-1028.7498765646483
14.2,ego_0,676.0229244430064,-8.0,27.77640318693153,1000.0,,0.26791888506073636,0.26791888506073636,0.26791888506073636,0.26791888506073636,0.2652662228324232,0,highway_0,1,352.02292444300645,676.0229244430064,,-1028.7764031869315
14.3,ego_0,678.8031896689175,-8.0,27.802652259110594,1000.0,,0.2651156290085529,0.2651156290085529,0.2651156290085529,0.2651156290085529,0.26249072179062694,0,highway_0,1,354.8031896689175,678.8031896689175,,-1028.8026522591106
14.4,ego_0,681.5860522590523,-8.0,27.82862590134749,1000.0,,0.26233378659263806,0.26233378659263806,0.26233378659263806,0.26233378659263806,0.25973642236895245,0,highway_0,1,357.5860522590523,681.5860522590523,,-1028.8286259013476
14.5,ego_0,684.3714848825269,-8.0,27.85432623474669,1000.0,,0.25957336733192704,0.25957336733192704,0.25957336733192704,0.25957336733192704,0.25700333399200304,0,highway_0,1,360.37148488252694,684.3714848825269,,-1028.8543262347466
14.6,ego_0,687.1594604206196,-8.0,27.879755380926607,1000.0,,0.2568343764171639,0.2568343764171639,0.2568343764171639,0.2568343764171639,0.25429146179916984,0,highway_0,1,363.15946042061955,687.1594604206196,,-1028.8797553809266
14.7,ego_0,689.9499519667794,-8.0,27.904915461598637,1000.0,,0.25411681478751913,0.25411681478751913,0.25411681478751913,0.25411681478751913,0.2516008067203046,0,highway_0,1,365.9499519667794,689.9499519667794,,-1028.9049154615986
14.8,ego_0,692.7429328265948,-8.0,27.929808598153844,1000.0,,0.25142067920756594,0.25142067920756594,0.25142067920756594,0.25142067920756594,0.24893136555206752,0,highway_0,1,368.7429328265948,692.7429328265948,,-1028.9298085981538
14.9,ego_0,695.5383765177205,-8.0,27.954436911257265,1000.0,,0.24874596234455626,0.24874596234455626,0.24874596234455626,0.24874596234455626,0.24628313103420396,0,highway_0,1,371.5383765177205,695.5383765177205,,-1028.9544369112573
15.0,ego_0,698.3362567697656,-8.0,27.978802520449932,1000.0,,0.24609265284593773,0.24609265284593773,0.24609265284593773,0.24609265284593773,0.24365609192667392,0,highway_0,1,374.33625676976555,698.3362567697656,,-1028.97880252045
15.1,ego_0,701.1365475241414,-8.0,28.00290754375855,1000.0,,0.24346073541705304,0.24346073541705304,0.24346073541705304,0.24346073541705304,0.24105023308617746,0,highway_0,1,377.1365475241414,701.1365475241414,,-1029.0029075437585
15.2,ego_0,703.9392229338727,-8.0,28.026754097312907,1000.0,,0.24085019089897608,0.24085019089897608,0.24085019089897608,0.24085019089897608,0.2384655355435683,0,highway_0,1,379.93922293387266,703.9392229338727,,-1029.026754097313
15.3,ego_0,706.7442573633698,-8.0,28.05034429497097,1000.0,,0.23826099634641995,0.23826099634641995,0.23826099634641995,0.23826099634641995,0.23590197658062806,0,highway_0,1,382.7442573633698,706.7442573633698,,-1029.050344294971
15.4,ego_0,709.551625388165,-8.0,28.073680247951728,1000.0,,0.23569312510567852,0.23569312510567852,0.23569312510567852,0.23569312510567852,0.23335952980758634,0,highway_0,1,385.551625388165,709.551625388165,,-1029.0736802479516
15.5,ego_0,712.3613017946126,-8.0,28.096764064475742,1000.0,,0.23314654689253644,0.23314654689253644,0.23314654689253644,0.23314654689253644,0.23083816524014367,0,highway_0,1,388.3613017946126,712.3613017946126,,-1029.0967640644758
15.6,ego_0,715.1732615795539,-8.0,28.119597849413378,1000.0,,0.2306212278701142,0.2306212278701142,0.2306212278701142,0.2306212278701142,0.22833784937635215,0,highway_0,1,391.1732615795539,715.1732615795539,,-1029.1195978494134
15.7,ego_0,717.987479949948,-8.0,28.142183703940763,1000.0,,0.22811713072659145,0.22811713072659145,0.22811713072659145,0.22811713072659145,0.22585854527385152,0,highway_0,1,393.987479949948,717.987479949948,,-1029.1421837039409
15.8,ego_0,720.8039323224683,-8.01,28.164523725203413,1000.0,,0.22563421475276535,0.22563421475276535,0.22563421475276535,0.22563421475276535,0.22340021262650112,0,highway_0,1,396.8039323224683,720.8039323224683,,-1029.1645237252035
15.9,ego_0,723.6225943230671,-8.03,28.18662000598751,1000.0,,0.2231724359194004,0.2231724359194004,0.2231724359194004,0.2231724359194004,0.22096280784097644,0,highway_0,1,399.6225943230671,723.6225943230671,,-1029.1866200059876
16.0,ego_0,726.443441786507,-8.03,28.20847463439883,1000.0,,0.2207317469543283,0.2207317469543283,0.2207317469543283,0.2207317469543283,0.218546284113188,0,highway_0,1,402.44344178650704,726.443441786507,,-1029.2084746343987
16.1,ego_0,729.2664507558619,-8.03,28.23008969354925,1000.0,,0.21831209741925395,0.21831209741925395,0.21831209741925395,0.21831209741925395,0.2161505915042028,0,highway_0,1,405.2664507558619,729.2664507558619,,-1029.2300896935492
16.2,ego_0,732.091597481987,-8.03,28.25146726125086,1000.0,,0.2159134337862295,0.2159134337862295,0.2159134337862295,0.2159134337862295,0.2137756770160948,0,highway_0,1,408.09159748198704,732.091597481987,,-1029.2514672612508
16.3,ego_0,734.9188584229588,-8.03,28.272609409717568,1000.0,,0.21353569951376028,0.21353569951376028,0.21353569951376028,0.21353569951376028,0.21142148466708477,0,highway_0,1,410.9188584229588,734.9188584229588,,-1029.2726094097175
16.4,ego_0,737.7482102434863,-8.03,28.29351820527425,1000.0,,0.2111788351224999,0.2111788351224999,0.2111788351224999,0.2111788351224999,0.20908795556682236,0,highway_0,1,413.74821024348626,737.7482102434863,,-1029.2935182052743
16.5,ego_0,740.5796298142936,-8.03,28.31419570807331,1000.0,,0.20884277827050568,0.20884277827050568,0.20884277827050568,0.20884277827050568,0.2067750279906022,0,highway_0,1,416.57962981429364,740.5796298142936,,-1029.3141957080734
16.6,ego_0,743.4130942114755,-8.03,28.334643971818657,1000.0,,0.20652746382801646,0.20652746382801646,0.20652746382801646,0.20652746382801646,0.20448263745347361,0,highway_0,1,419.4130942114755,743.4130942114755,,-1029.3346439718187
16.7,ego_0,746.2485807158251,-8.03,28.354865043497046,1000.0,,0.2042328239517225,0.2042328239517225,0.2042328239517225,0.2042328239517225,0.20221071678388824,0,highway_0,1,422.24858071582514,746.2485807158251,,-1029.354865043497
16.8,ego_0,749.0860668121368,-8.03,28.3748609631167,1000.0,,0.20195878815849366,0.20195878815849366,0.20195878815849366,0.20195878815849366,0.1999591961965308,0,highway_0,1,425.0860668121368,749.0860668121368,,-1029.3748609631166
16.9,ego_0,751.9255301884821,-8.04,28.39463376345319,1000.0,,0.19970528339854,0.19970528339854,0.19970528339854,0.19970528339854,0.19772800336490093,0,highway_0,1,427.92553018848207,751.9255301884821,,-1029.3946337634532
17.0,ego_0,754.7669487354623,-8.06,28.414185469802494,1000.0,,0.19747223412797243,0.19747223412797243,0.19747223412797243,0.19747223412797243,0.19551706349304254,0,highway_0,1,430.7669487354623,754.7669487354623,,-1029.4141854698025
17.1,ego_0,757.6103005454364,-8.06,28.433518099741182,1000.0,,0.1952595623807396,0.1952595623807396,0.1952595623807396,0.1952595623807396,0.19332629938688228,0,highway_0,1,433.6103005454364,757.6103005454364,,-1029.4335180997411
17.2,ego_0,760.4555639117258,-8.06,28.452633662893646,1000.0,,0.1930671878399115,0.1930671878399115,0.1930671878399115,0.1930671878399115,0.19115563152464432,0,highway_0,1,436.4555639117258,760.4555639117258,,-1029.4526336628937
17.3,ego_0,763.3027173277965,-8.06,28.471534160706348,1000.0,,0.19089502790829138,0.19089502790829138,0.19089502790829138,0.19089502790829138,0.18900497812701644,0,highway_0,1,439.3027173277965,763.3027173277965,,-1029.4715341607064
17.4,ego_0,766.1517394864194,-8.06,28.49022158622895,1000.0,,0.18874299777832526,0.18874299777832526,0.18874299777832526,0.18874299777832526,0.18687425522603718,0,highway_0,1,442.1517394864194,766.1517394864194,,-1029.490221586229
17.5,ego_0,769.0026092788096,-8.06,28.508697923902346,1000.0,,0.1866110105012948,0.1866110105012948,0.1866110105012948,0.1866110105012948,0.18476337673394738,0,highway_0,1,445.0026092788096,769.0026092788096,,-1029.5086979239024
17.6,ego_0,771.855305793745,-8.06,28.526965149353412,1000.0,,0.18449897705576535,0.18449897705576535,0.18449897705576535,0.18449897705576535,0.18267225451065627,0,highway_0,1,447.85530579374495,771.855305793745,,-1029.5269651493534
17.7,ego_0,774.7098083166646,-8.06,28.54502522919651,1000.0,,0.18240680641527718,0.18240680641527718,0.18240680641527718,0.18240680641527718,0.1806007984309943,0,highway_0,1,450.70980831666463,774.7098083166646,,-1029.5450252291964
17.8,ego_0,777.5660963287488,-8.06,28.562880120841584,1000.0,,0.1803344056152555,0.1803344056152555,0.1803344056152555,0.1803344056152555,0.17854891645072257,0,highway_0,1,453.5660963287488,777.5660963287488,,-1029.5628801208416
17.9,ego_0,780.4241495059797,-8.06,28.580531772308827,1000.0,,0.17828167981912824,0.17828167981912824,0.17828167981912824,0.17828167981912824,0.17651651467243568,0,highway_0,1,456.4241495059797,780.4241495059797,,-1029.5805317723089
18.0,ego_0,783.2839477181847,-8.07,28.597982122049782,1000.0,,0.17624853238362448,0.17624853238362448,0.17624853238362448,0.17624853238362448,0.17450349740954607,0,highway_0,1,459.28394771818466,783.2839477181847,,-1029.5979821220499
18.1,ego_0,786.1454710280622,-8.08,28.61523309877486,1000.0,,0.17423486492325702,0.17423486492325702,0.17423486492325702,0.17423486492325702,0.17250976725076583,0,highway_0,1,462.14547102806216,786.1454710280622,,-1029.6152330987748
18.2,ego_0,789.0086996901908,-8.08,28.63228662128713,1000.0,,0.17224057737395582,0.17224057737395582,0.17224057737395582,0.17224057737395582,0.17053522512270547,0,highway_0,1,465.00869969019084,789.0086996901908,,-1029.6322866212872
18.3,ego_0,791.8736141500231,-8.08,28.649144598322362,1000.0,,0.17026556805585447,0.17026556805585447,0.17026556805585447,0.17026556805585447,0.16857977035233063,0,highway_0,1,467.87361415002306,791.8736141500231,,-1029.6491445983224
18.4,ego_0,794.7401950428625,-8.08,28.665808928395155,1000.0,,0.16830973373520697,0.16830973373520697,0.16830973373520697,0.16830973373520697,0.16664330072792666,0,highway_0,1,470.7401950428625,794.7401950428625,,-1029.665808928395
18.5,ego_0,797.6084231928277,-8.08,28.68228149965114,1000.0,,0.1663729696854348,0.1663729696854348,0.1663729696854348,0.1663729696854348,0.16472571255985002,0,highway_0,1,473.6084231928277,797.6084231928277,,-1029.6822814996513
18.6,ego_0,800.4782796118002,-8.08,28.698564189725126,1000.0,,0.16445516974728613,0.16445516974728613,0.16445516974728613,0.16445516974728613,0.16282690073985862,0,highway_0,1,476.4782796118002,800.4782796118002,,-1029.6985641897252
18.7,ego_0,803.3497454983607,-8.08,28.714658865605134,1000.0,,0.16255622638810274,0.16255622638810274,0.16255622638810274,0.16255622638810274,0.1609467588000868,0,highway_0,1,479.3497454983607,803.3497454983607,,-1029.714658865605
18.8,ego_0,806.2228022367109,-8.08,28.73056738350218,1000.0,,0.1606760307601831,0.1606760307601831,0.1606760307601831,0.1606760307601831,0.15908517897045726,0,highway_0,1,482.2228022367109,806.2228022367109,,-1029.7305673835021
18.9,ego_0,809.0974313955835,-8.08,28.746291588725768,1000.0,,0.15881447275824256,0.15881447275824256,0.15881447275824256,0.15881447275824256,0.15724205223587973,0,highway_0,1,485.0974313955835,809.0974313955835,,-1029.7462915887259
19.0,ego_0,811.97361472714,-8.08,28.76183331556497,1000.0,,0.15697144107595717,0.15697144107595717,0.15697144107595717,0.15697144107595717,0.15541726839202852,0,highway_0,1,487.97361472714,811.97361472714,,-1029.761833315565
19.1,ego_0,814.8513341658575,-8.09,28.77719438717503,1000.0,,0.1551468232615859,0.1551468232615859,0.1551468232615859,0.1551468232615859,0.1536107161005873,0,highway_0,1,490.85133416585745,814.8513341658575,,-1029.777194387175
19.2,ego_0,817.7305718274043,-8.09,28.79237661546935,1000.0,,0.15334050577267588,0.15334050577267588,0.15334050577267588,0.15334050577267588,0.15182228294321476,0,highway_0,1,493.73057182740433,817.7305718274043,,-1029.7923766154693
19.3,ego_0,820.6113100075061,-8.09,28.80738180101686,1000.0,,0.15155237402983412,0.15155237402983412,0.15155237402983412,0.15155237402983412,0.15005185547508404,0,highway_0,1,496.61131000750606,820.6113100075061,,-1029.8073818010168
19.4,ego_0,823.4935311808006,-8.09,28.822211732944538,1000.0,,0.1497823124695754,0.1497823124695754,0.1497823124695754,0.1497823124695754,0.14829931927678786,0,highway_0,1,499.4935311808006,823.4935311808006,,-1029.8222117329447
19.5,ego_0,826.3772179996851,-8.09,28.836868188845155,1000.0,,0.14803020459623717,0.14803020459623717,0.14803020459623717,0.14803020459623717,0.1465645590061726,0,highway_0,1,502.37721799968506,826.3772179996851,,-1029.836868188845
19.6,ego_0,829.2623532931541,-8.09,28.851352934690006,1000.0,,0.1462959330329593,0.1462959330329593,0.1462959330329593,0.1462959330329593,0.14484745844850266,0,highway_0,1,505.2623532931541,829.2623532931541,,-1029.85135293469
19.7,ego_0,832.1489200656288,-8.09,28.865667724746615,1000.0,,0.1445793795717356,0.1445793795717356,0.1445793795717356,0.1445793795717356,0.14314790056609183,0,highway_0,1,508.1489200656288,832.1489200656288,,-1029.8656677247466
19.8,ego_0,835.0369014957789,-8.09,28.87981430150132,1000.0,,0.14288042522253164,0.14288042522253164,0.14288042522253164,0.14288042522253164,0.14146576754704654,0,highway_0,1,511.0369014957789,835.0369014957789,,-1029.8798143015013
19.9,ego_0,837.9262809353376,-8.09,28.893794395586614,1000.0,,0.1411989502614669,0.1411989502614669,0.1411989502614669,0.1411989502614669,0.13980094085294326,0,highway_0,1,513.9262809353376,837.9262809353376,,-1029.8937943955866
20.0,ego_0,840.8170419079089,-8.09,28.907609725713154,1000.0,,0.13953483427806834,0.13953483427806834,0.13953483427806834,0.13953483427806834,0.1381533012654046,0,highway_0,1,516.8170419079089,840.8170419079089,,-1029.9076097257132
20.1,ego_0,843.7091681077695,-8.09,28.92126199860638,1000.0,,0.1378879562216001,0.1378879562216001,0.1378879562216001,0.1378879562216001,0.13652272893224904,0,highway_0,1,519.7091681077695,843.7091681077695,,-1029.9212619986063
20.2,ego_0,846.6026433986643,-8.098500000000001,28.934752908947612,1000.0,,0.13625819444646148,0.13625819444646148,0.13625819444646148,0.13625819444646148,0.1349091034123262,0,highway_0,1,522.6026433986643,846.6026433986643,,-1029.9347529089475
20.3,ego_0,849.4974518125963,-8.098500000000001,28.94808413931956,1000.0,,0.1346454267566629,0.1346454267566629,0.1346454267566629,0.1346454267566629,0.1333123037194639,0,highway_0,1,525.4974518125963,849.4974518125963,,-1029.9480841393195
20.4,ego_0,852.3935775486119,-8.098500000000001,28.961257360156132,1000.0,,0.13304953044938805,0.13304953044938805,0.13304953044938805,0.13304953044938805,0.13173220836574018,0,highway_0,1,528.3935775486119,852.3935775486119,,-1029.9612573601562
20.5,ego_0,855.2910049715815,-8.098500000000001,28.974274229696494,1000.0,,0.13147038235763553,0.13147038235763553,0.13147038235763553,0.13147038235763553,0.13016869540361853,0,highway_0,1,531.2910049715815,855.2910049715815,,-1029.9742742296964
20.6,ego_0,858.1897186109759,-8.098500000000001,28.98713639394322,1000.0,,0.12990785889195366,0.12990785889195366,0.12990785889195366,0.12990785889195366,0.12862164246726593,0,highway_0,1,534.1897186109759,858.1897186109759,,-1029.9871363939433
20.7,ego_0,861.0897031596384,-8.098500000000001,28.999845486624533,1000.0,,0.12836183608127094,0.12836183608127094,0.12836183608127094,0.12836183608127094,0.12709092681312484,0,highway_0,1,537.0897031596384,861.0897031596384,,-1029.9998454866245
20.8,ego_0,863.9909434725544,-8.098500000000001,29.012403129160457,1000.0,,0.12683218961282394,0.12683218961282394,0.12683218961282394,0.12683218961282394,0.12557642535924174,0,highway_0,1,539.9909434725544,863.9909434725544,,-1030.0124031291605
20.9,ego_0,866.8934245656177,-8.098500000000001,29.024810930632853,1000.0,,0.12531879487119468,0.12531879487119468,0.12531879487119468,0.12531879487119468,0.12407801472395619,0,highway_0,1,542.8934245656177,866.8934245656177,,-1030.0248109306328
21.0,ego_0,869.7971316143936,-8.098500000000001,29.037070487759237,1000.0,,0.12382152697646398,0.12382152697646398,0.12382152697646398,0.12382152697646398,0.1225955712638438,0,highway_0,1,545.7971316143936,869.7971316143936,,-1030.0370704877591
21.1,ego_0,872.7020499528807,-8.098500000000001,29.049183384870275,1000.0,,0.12234026082147598,0.12234026082147598,0.12234026082147598,0.12234026082147598,0.12112897111038023,0,highway_0,1,548.7020499528807,872.7020499528807,,-1030.0491833848703
21.2,ego_0,875.6081650722698,-8.098500000000001,29.061151193890893,1000.0,,0.12087487110824258,0.12087487110824258,0.12087487110824258,0.12087487110824258,0.11967809020617892,0,highway_0,1,551.6081650722698,875.6081650722698,,-1030.061151193891
21.3,ego_0,878.5154626197022,-8.098500000000001,29.0729754743249,1000.0,,0.11942523238346836,0.11942523238346836,0.11942523238346836,0.11942523238346836,0.1182428043400563,0,highway_0,1,554.5154626197022,878.5154626197022,,-1030.072975474325
21.4,ego_0,881.4239283970265,-8.098500000000001,29.08465777324304,1000.0,,0.11799121907323162,0.11799121907323162,0.11799121907323162,0.11799121907323162,0.11682298918142209,0,highway_0,1,557.4239283970265,881.4239283970265,,-1030.084657773243
21.5,ego_0,884.333548359554,-8.098500000000001,29.09619962527441,1000.0,,0.1165727055168041,0.1165727055168041,0.1165727055168041,0.1165727055168041,0.11541852031367483,0,highway_0,1,560.333548359554,884.333548359554,,-1030.0961996252745
21.6,ego_0,887.2443086148141,-8.098500000000001,29.107602552601108,1000.0,,0.11516956599964001,0.11516956599964001,0.11516956599964001,0.11516956599964001,0.11402927326699341,0,highway_0,1,563.2443086148141,887.2443086148141,,-1030.107602552601
21.7,ego_0,890.1561954213098,-8.098500000000001,29.118868064956107,1000.0,,0.11378167478552403,0.11378167478552403,0.11378167478552403,0.11378167478552403,0.11265512354999174,0,highway_0,1,566.1561954213098,890.1561954213098,,-1030.1188680649561
21.8,ego_0,893.0691951872723,-8.098500000000001,29.129997659624216,1000.0,,0.112408906147905,0.112408906147905,0.112408906147905,0.112408906147905,0.11129594668108922,0,highway_0,1,569.0691951872723,893.0691951872723,,-1030.1299976596242
21.9,ego_0,895.9832944694168,-8.098500000000001,29.14099282144604,1000.0,,0.11105113440040282,0.11105113440040282,0.11105113440040282,0.11105113440040282,0.10995161821824695,0,highway_0,1,571.9832944694168,895.9832944694168,,-1030.140992821446
22.0,ego_0,898.8984799716993,-8.098500000000001,29.151855022824908,1000.0,,0.10970823392652418,0.10970823392652418,0.10970823392652418,0.10970823392652418,0.10862201378866843,0,highway_0,1,574.8984799716993,898.8984799716993,,-1030.151855022825
22.1,ego_0,901.814738544073,-8.098500000000001,29.162585723736647,1000.0,,0.10838007920857418,0.10838007920857418,0.10838007920857418,0.10838007920857418,0.10730700911739888,0,highway_0,1,577.814738544073,901.814738544073,,-1030.1625857237366
22.2,ego_0,904.7320571812471,-8.098500000000001,29.17318637174217,1000.0,,0.10706654485578582,0.10706654485578582,0.10706654485578582,0.10706654485578582,0.10600648005521407,0,highway_0,1,580.7320571812471,904.7320571812471,,-1030.173186371742
22.3,ego_0,907.6504230214474,-8.098500000000001,29.18365840200273,1000.0,,0.10576750563167048,0.10576750563167048,0.10576750563167048,0.10576750563167048,0.10472030260562093,0,highway_0,1,583.6504230214474,907.6504230214474,,-1030.1836584020027
22.4,ego_0,910.5698233451772,-8.098500000000001,29.19400323729784,1000.0,,0.10448283648060674,0.10448283648060674,0.10448283648060674,0.10448283648060674,0.10344835295107657,0,highway_0,1,586.5698233451772,910.5698233451772,,-1030.194003237298
22.5,ego_0,913.4902455739818,-8.098500000000001,29.204222288045727,1000.0,,0.10321241255367208,0.10321241255367208,0.10321241255367208,0.10321241255367208,0.10219050747888758,0,highway_0,1,589.4902455739817,913.4902455739817,,-1030.2042222880457
22.6,ego_0,916.4116772692144,-8.098500000000001,29.214316952326293,1000.0,,0.10195610923372833,0.10195610923372833,0.10195610923372833,0.10195610923372833,0.10094664280565269,0,highway_0,1,592.4116772692144,916.4116772692144,,-1030.2143169523263
22.7,ego_0,919.3341061308051,-8.098500000000001,29.224288615906467,1000.0,,0.1007138021597761,0.1007138021597761,0.1007138021597761,0.1007138021597761,0.09971663580174095,0,highway_0,1,595.334106130805,919.334106130805,,-1030.2242886159065
22.8,ego_0,922.2575199960318,-8.098500000000001,29.234138652267912,1000.0,,0.09948536725057855,0.09948536725057855,0.09948536725057855,0.09948536725057855,0.09850036361445547,0,highway_0,1,598.2575199960318,922.2575199960318,,-1030.2341386522678
22.9,ego_0,925.1819068382955,-8.098500000000001,29.243868422636982,1000.0,,0.09827068072757916,0.09827068072757916,0.09827068072757916,0.09827068072757916,0.09729770369069968,0,highway_0,1,601.1819068382955,925.1819068382955,,-1030.243868422637
23.0,ego_0,928.1072547658972,-8.098500000000001,29.253479276016893,1000.0,,0.09706961913711265,0.09706961913711265,0.09706961913711265,0.09706961913711265,0.09610853379911077,0,highway_0,1,604.1072547658972,928.1072547658972,,-1030.2534792760168
23.1,ego_0,931.0335520208196,-8.098500000000001,29.262972549222035,1000.0,,0.0958820593719244,0.0958820593719244,0.0958820593719244,0.0958820593719244,0.0949327320514115,0,highway_0,1,607.0335520208195,931.0335520208195,,-1030.262972549222
23.2,ego_0,933.9607869775108,-8.098500000000001,29.272349566914315,1000.0,,0.09470787869200759,0.09470787869200759,0.09470787869200759,0.09470787869200759,0.09377017692280276,0,highway_0,1,609.9607869775109,933.9607869775109,,-1030.2723495669143
23.3,ego_0,936.888948141675,-8.098500000000001,29.281611641641522,1000.0,,0.09354695474477315,0.09354695474477315,0.09354695474477315,0.09354695474477315,0.09262074727207192,0,highway_0,1,612.8889481416751,936.8889481416751,,-1030.2816116416416
23.4,ego_0,939.8180241490628,-8.098500000000001,29.290760073877617,1000.0,,0.09239916558455952,0.09239916558455952,0.09239916558455952,0.09239916558455952,0.09148432236095516,0,highway_0,1,615.8180241490628,939.8180241490628,,-1030.2907600738777
23.5,ego_0,942.7480037642691,-8.098500000000001,29.299796152064893,1000.0,,0.09126438969149009,0.09126438969149009,0.09126438969149009,0.09126438969149009,0.09036078187275365,0,highway_0,1,618.7480037642692,942.7480037642692,,-1030.2997961520648
23.6,ego_0,945.678875879535,-8.098500000000001,29.30872115265793,1000.0,,0.09014250598970075,0.09014250598970075,0.09014250598970075,0.09014250598970075,0.08925000593038135,0,highway_0,1,621.678875879535,945.678875879535,,-1030.3087211526579
23.7,ego_0,948.6106295135518,-8.098500000000001,29.31753634016931,1000.0,,0.08903339386493159,0.08903339386493159,0.08903339386493159,0.08903339386493159,0.08815187511377331,0,highway_0,1,624.6106295135519,948.6106295135519,,-1030.3175363401692
23.8,ego_0,951.5432538102735,-8.098500000000001,29.32624296721698,1000.0,,0.08793693318151174,0.08793693318151174,0.08793693318151174,0.08793693318151174,0.08706627047672555,0,highway_0,1,627.5432538102735,951.5432538102735,,-1030.326242967217
23.9,ego_0,954.4767380377309,-8.098500000000001,29.334842274573294,1000.0,,0.08685300429873588,0.08685300429873588,0.08685300429873588,0.08685300429873588,0.0859930735631309,0,highway_0,1,630.4767380377309,954.4767380377309,,-1030.3348422745732
24.0,ego_0,957.4110715868525,-8.098500000000001,29.343335491215534,1000.0,,0.08578148808664443,0.08578148808664443,0.08578148808664443,0.08578148808664443,0.08493216642239787,0,highway_0,1,633.4110715868525,957.4110715868525,,-1030.3433354912156
24.1,ego_0,960.3462439702902,-8.098500000000001,29.35172383437803,1000.0,,0.08472226594122856,0.08472226594122856,0.08472226594122856,0.08472226594122856,0.08388343162497591,0,highway_0,1,636.3462439702903,960.3462439702903,,-1030.351723834378
24.2,ego_0,963.2822448212507,-8.098500000000001,29.36000850960566,1000.0,,0.08367521979905423,0.08367521979905423,0.08367521979905423,0.08367521979905423,0.08284675227628213,0,highway_0,1,639.2822448212509,963.2822448212509,,-1030.3600085096057
24.3,ego_0,966.2190638923317,-8.098500000000001,29.36819071080876,1000.0,,0.0826402321513321,0.0826402321513321,0.0826402321513321,0.0826402321513321,0.08182201203101869,0,highway_0,1,642.2190638923317,966.2190638923317,,-1030.3681907108087
24.4,ego_0,969.1566910543637,-8.098500000000001,29.3762716203194,1000.0,,0.08161718605743506,0.08161718605743506,0.08161718605743506,0.08161718605743506,0.0808090951063889,0,highway_0,1,645.1566910543637,969.1566910543637,,-1030.3762716203194
24.5,ego_0,972.0951162952585,-8.098500000000001,29.384252408948893,1000.0,,0.08060596515787455,0.08060596515787455,0.08060596515787455,0.08060596515787455,0.07980788629492253,0,highway_0,1,648.0951162952585,972.0951162952585,,-1030.384252408949
24.6,ego_0,975.0343297188632,-8.098500000000001,29.39213423604659,1000.0,,0.07960645368675245,0.07960645368675245,0.07960645368675245,0.07960645368675245,0.07881827097698135,0,highway_0,1,651.0343297188632,975.0343297188632,,-1030.3921342360466
24.7,ego_0,977.9743215438192,-8.098500000000001,29.399918249559825,1000.0,,0.078618536483689,0.078618536483689,0.078618536483689,0.078618536483689,0.077840135132341,0,highway_0,1,653.9743215438192,977.9743215438192,,-1030.3999182495597
24.8,ego_0,980.9150821024288,-8.098500000000001,29.407605586095,1000.0,,0.07764209900524865,0.07764209900524865,0.07764209900524865,0.07764209900524865,0.07687336535173728,0,highway_0,1,656.9150821024288,980.9150821024288,,-1030.407605586095
24.9,ego_0,983.8566018395268,-8.088500000000002,29.415197370979737,1000.0,,0.07667702733586423,0.07667702733586423,0.07667702733586423,0.07667702733586423,0.07591784884738217,0,highway_0,1,659.8566018395268,983.8566018395268,,-1030.4151973709797
25.0,ego_0,986.7988713113593,-8.0685,29.422694718326103,1000.0,,0.07572320819827905,0.07572320819827905,0.07572320819827905,0.07572320819827905,0.07497347346365757,0,highway_0,1,662.7988713113593,986.7988713113593,,-1030.422694718326
25.1,ego_0,989.7418811844688,-8.0385,29.430098731094766,1000.0,,0.07478052896350751,0.07478052896350751,0.07478052896350751,0.07478052896350751,0.07404012768663648,0,highway_0,1,665.7418811844689,989.7418811844689,,-1030.4300987310949
25.2,ego_0,992.6856222345849,-8.018500000000001,29.437410501160144,1000.0,,0.07384887766033454,0.07384887766033454,0.07384887766033454,0.07384887766033454,0.07311770065378198,0,highway_0,1,668.6856222345849,992.6856222345849,,-1030.4374105011602
25.3,ego_0,995.6300853455224,-8.008500000000002,29.444631109376417,1000.0,,0.07292814298435413,0.07292814298435413,0.07292814298435413,0.07292814298435413,0.0722060821627224,0,highway_0,1,671.6300853455225,995.6300853455225,,-1030.4446311093764
25.4,ego_0,998.5752615080869,-8.008500000000002,29.45176162564439,1000.0,,0.07201821430656485,0.07201821430656485,0.07201821430656485,0.07201821430656485,0.0713051626797423,0,highway_0,1,674.5752615080869,998.5752615080869,,-1030.4517616256444
25.5,ego_0,1001.5211418189848,-8.0,29.458803108979193,1000.0,,0.07111898168153097,0.07111898168153097,0.07111898168153097,0.07111898168153097,0.07041483334802479,0,highway_0,1,677.5211418189848,1001.5211418189848,,-1030.4588031089793
25.6,ego_0,1004.4677174797425,-8.0,29.465756607578708,1000.0,,0.07023033585511096,0.07023033585511096,0.07023033585511096,0.07023033585511096,0.06953498599514774,0,highway_0,1,680.4677174797426,1004.4677174797426,,-1030.4657566075787
25.7,ego_0,1007.4149797956319,-8.01,29.472623158892745,1000.0,,0.0693521682717767,0.0693521682717767,0.0693521682717767,0.0693521682717767,0.06866551314036684,0,highway_0,1,683.4149797956319,1007.4149797956319,,-1030.4726231588927
25.8,ego_0,1010.3629201746011,-8.03,29.479403789692896,1000.0,,0.06848437108152172,0.06848437108152172,0.06848437108152172,0.06848437108152172,0.06780630800150789,0,highway_0,1,686.3629201746012,1010.3629201746012,,-1030.479403789693
25.9,ego_0,1013.3115301262154,-8.06,29.48609951614303,1000.0,,0.06762683714637308,0.06762683714637308,0.06762683714637308,0.06762683714637308,0.06695726450136164,0,highway_0,1,689.3115301262155,1013.3115301262155,,-1030.486099516143
26.0,ego_0,1016.2608012606025,-8.08,29.492711343870408,1000.0,,0.06677946004651492,0.06677946004651492,0.06677946004651492,0.06677946004651492,0.06611827727375896,0,highway_0,1,692.2608012606025,1016.2608012606025,,-1030.4927113438705
26.1,ego_0,1019.2107252874064,-8.09,29.499240268037344,1000.0,,0.06594213408603444,0.06594213408603444,0.06594213408603444,0.06594213408603444,0.06528924166936179,0,highway_0,1,695.2107252874063,1019.2107252874063,,-1030.4992402680373
26.2,ego_0,1022.1612940147475,-8.09,29.50568727341341,1000.0,,0.06511475429829561,0.06511475429829561,0.06511475429829561,0.06511475429829561,0.06447005376067239,0,highway_0,1,698.1612940147476,1022.1612940147476,,-1030.5056872734135
26.3,ego_0,1025.1124993481924,-8.098500000000001,29.512053334448158,1000.0,,0.06429721645095843,0.06429721645095843,0.06429721645095843,0.06429721645095843,0.06366061034746906,0,highway_0,1,701.1124993481924,1025.1124993481924,,-1030.5120533344482
26.4,ego_0,1028.0643332897268,-8.098500000000001,29.51833941534426,1000.0,,0.0634894170506386,0.0634894170506386,0.0634894170506386,0.0634894170506386,0.06286080896103385,0,highway_0,1,704.0643332897268,1028.0643332897268,,-1030.5183394153444
26.5,ego_0,1031.01678793674,-8.098500000000001,29.524546470131114,1000.0,,0.0626912533472308,0.0626912533472308,0.0626912533472308,0.0626912533472308,0.0620705478685224,0,highway_0,1,707.01678793674,1031.01678793674,,-1030.524546470131
26.6,ego_0,1033.9698554810138,-8.098500000000001,29.530675442738826,1000.0,,0.06190262333789609,0.06190262333789609,0.06190262333789609,0.06190262333789609,0.061289726077120577,0,highway_0,1,709.9698554810138,1033.9698554810138,,-1030.5306754427388
26.7,ego_0,1036.9235282077211,-8.098500000000001,29.53672726707256,1000.0,,0.06112342577072216,0.06112342577072216,0.06112342577072216,0.06112342577072216,0.060518243337348565,0,highway_0,1,712.9235282077211,1036.9235282077211,,-1030.5367272670726
26.8,ego_0,1039.87779849443,-8.098500000000001,29.54270286708722,1000.0,,0.06035356014807036,0.06035356014807036,0.06035356014807036,0.06035356014807036,0.059756000146578,0,highway_0,1,715.87779849443,1039.87779849443,,-1030.5427028670872
26.9,ego_0,1042.8326588101163,-8.098500000000001,29.548603156862427,1000.0,,0.059592926729609585,0.059592926729609585,0.059592926729609585,0.059592926729609585,0.059002897752087335,0,highway_0,1,718.8326588101163,1042.8326588101163,,-1030.5486031568623
27.0,ego_0,1045.788101714184,-8.098500000000001,29.554429040677782,1000.0,,0.058841426535053865,0.058841426535053865,0.058841426535053865,0.058841426535053865,0.05825883815354871,0,highway_0,1,721.788101714184,1045.788101714184,,-1030.5544290406779
27.1,ego_0,1048.7441198554927,-8.098500000000001,29.560181413088337,1000.0,,0.05809896134660453,0.05809896134660453,0.05809896134660453,0.05809896134660453,0.0575237241055504,0,highway_0,1,724.7441198554927,1048.7441198554927,,-1030.5601814130882
27.2,ego_0,1051.7007059713928,-8.098500000000001,29.565861159000328,1000.0,,0.057365433711109914,0.057365433711109914,0.057365433711109914,0.057365433711109914,0.05679745911990608,0,highway_0,1,727.7007059713928,1051.7007059713928,,-1030.5658611590004
27.3,ego_0,1054.6578528867676,-8.098500000000001,29.571469153747056,1000.0,,0.05664074694194743,0.05664074694194743,0.05664074694194743,0.05664074694194743,0.05607994746728906,0,highway_0,1,730.6578528867676,1054.6578528867676,,-1030.571469153747
27.4,ego_0,1057.615553513084,-8.098500000000001,29.577006263164943,1000.0,,0.055924805120636134,0.055924805120636134,0.055924805120636134,0.055924805120636134,0.05537109417886654,0,highway_0,1,733.615553513084,1057.615553513084,,-1030.577006263165
27.5,ego_0,1060.573800847451,-8.098500000000001,29.58247334366971,1000.0,,0.055217513098189897,0.055217513098189897,0.055217513098189897,0.055217513098189897,0.05467080504768518,0,highway_0,1,736.5738008474509,1060.573800847451,,-1030.5824733436698
27.6,ego_0,1063.5325879716843,-8.098500000000001,29.587871242332703,1000.0,,0.05451877649621595,0.05451877649621595,0.05451877649621595,0.05451877649621595,0.053978986629914516,0,highway_0,1,739.5325879716843,1063.5325879716843,,-1030.5878712423328
27.7,ego_0,1066.49190805138,-8.098500000000001,29.593200796957234,1000.0,,0.053828501707763876,0.053828501707763876,0.053828501707763876,0.053828501707763876,0.053295546245308856,0,highway_0,1,742.49190805138,1066.49190805138,,-1030.5932007969573
27.8,ego_0,1069.4517543349955,-8.098500000000001,29.598462836155047,1000.0,,0.05314659589793991,0.05314659589793991,0.05314659589793991,0.05314659589793991,0.052620391978130954,0,highway_0,1,745.4517543349955,1069.4517543349955,,-1030.598462836155
27.9,ego_0,1072.4121201529379,-8.098500000000001,29.603658179422798,1000.0,,0.05247296700428539,0.05247296700428539,0.05247296700428539,0.05247296700428539,0.051953432677507294,0,highway_0,1,748.4121201529379,1072.4121201529379,,-1030.6036581794228
28.0,ego_0,1075.3729989166598,-8.098500000000001,29.608787637218533,1000.0,,0.05180752373693076,0.05180752373693076,0.05180752373693076,0.05180752373693076,0.051294577957357035,0,highway_0,1,751.3729989166598,1075.3729989166598,,-1030.6087876372185
28.1,ego_0,1078.3343841177636,-8.098500000000001,29.61385201103819,1000.0,,0.05115017557853174,0.05115017557853174,0.05115017557853174,0.05115017557853174,0.05064373819656964,0,highway_0,1,754.3343841177636,1078.3343841177636,,-1030.6138520110383
28.2,ego_0,1081.296269327113,-8.098500000000001,29.61885209349205,1000.0,,0.05050083278399198,0.05050083278399198,0.05050083278399198,0.05050083278399198,0.05000082453857857,0,highway_0,1,757.2962693271129,1081.296269327113,,-1030.618852093492
28.3,ego_0,1084.258648193951,-8.098500000000001,29.623788668381156,1000.0,,0.049859406379981985,0.049859406379981985,0.049859406379981985,0.049859406379981985,0.04936574889107703,0,highway_0,1,760.2586481939511,1084.258648193951,,-1030.6237886683812
28.4,ego_0,1087.2215144450286,-8.098500000000001,29.62866251077366,1000.0,,0.04922580816425459,0.04922580816425459,0.04922580816425459,0.04922580816425459,0.048738423925023255,0,highway_0,1,763.2215144450286,1087.2215144450286,,-1030.6286625107737
28.5,ego_0,1090.1848618837366,-8.098500000000001,29.633474387081062,1000.0,,0.04859995070477596,0.04859995070477596,0.04859995070477596,0.04859995070477596,0.04811876307403651,0,highway_0,1,766.1848618837366,1090.1848618837366,,-1030.6334743870812
28.6,ego_0,1093.14868438925,-8.098500000000001,29.638225055134395,1000.0,,0.047981747338662006,0.047981747338662006,0.047981747338662006,0.047981747338662006,0.04750668053333129,0,highway_0,1,769.1486843892501,1093.14868438925,,-1030.6382250551344
28.7,ego_0,1096.112975915676,-8.098500000000001,29.64291526426023,1000.0,,0.047371112170936924,0.047371112170936924,0.047371112170936924,0.047371112170936924,0.04690209125833178,0,highway_0,1,772.1129759156761,1096.112975915676,,-1030.6429152642602
28.8,ego_0,1099.0777304912117,-8.098500000000001,29.647545755356578,1000.0,,0.046767960073119896,0.046767960073119896,0.046767960073119896,0.046767960073119896,0.046304910963499424,0,highway_0,1,775.0777304912117,1099.0777304912117,,-1030.6475457553565
28.9,ego_0,1102.0429422173086,-8.098500000000001,29.65211726096862,1000.0,,0.046172206681637684,0.046172206681637684,0.046172206681637684,0.046172206681637684,0.04571505612041449,0,highway_0,1,778.0429422173086,1102.0429422173086,,-1030.6521172609687
29.0,ego_0,1105.008605267845,-8.098500000000001,29.65663050536427,1000.0,,0.04558376839608125,0.04558376839608125,0.04558376839608125,0.04558376839608125,0.04513244395649707,0,highway_0,1,781.008605267845,1105.008605267845,,-1030.6566305053643
29.1,ego_0,1107.974713888306,-8.098500000000001,29.661086204609546,1000.0,,0.045002562377296274,0.045002562377296274,0.045002562377296274,0.045002562377296274,0.044556992452768895,0,highway_0,1,783.974713888306,1107.974713888306,,-1030.6610862046095
29.2,ego_0,1110.9412623949704,-8.098500000000001,29.66548506664374,1000.0,,0.04442850654532937,0.04442850654532937,0.04442850654532937,0.04442850654532937,0.04398862034193485,0,highway_0,1,786.9412623949704,1110.9412623949704,,-1030.6654850666437
29.3,ego_0,1113.9082451741058,-8.098500000000001,29.669827791354354,1000.0,,0.043861519577222285,0.043861519577222285,0.043861519577222285,0.043861519577222285,0.04342724710614476,0,highway_0,1,789.9082451741058,1113.9082451741058,,-1030.6698277913545
29.4,ego_0,1116.875656681171,-8.098500000000001,29.674115070651848,1000.0,,0.0433015209046701,0.0433015209046701,0.0433015209046701,0.0433015209046701,0.04287279297493285,0,highway_0,1,792.875656681171,1116.875656681171,,-1030.6741150706519
29.5,ego_0,1119.8434914400254,-8.098500000000001,29.67834758854408,1000.0,,0.04274843071153511,0.04274843071153511,0.04274843071153511,0.04274843071153511,0.04232517892234,0,highway_0,1,795.8434914400254,1119.8434914400254,,-1030.678347588544
29.6,ego_0,1122.8117440421465,-8.098500000000001,29.68252602121054,1000.0,,0.04220216993123749,0.04220216993123749,0.04220216993123749,0.04220216993123749,0.041784326664568994,0,highway_0,1,798.8117440421465,1122.8117440421465,,-1030.6825260212106
29.7,ego_0,1125.7804091458543,-8.098500000000001,29.686651037076285,1000.0,,0.04166266024401666,0.04166266024401666,0.04166266024401666,0.04166266024401666,0.041250158657462066,0,highway_0,1,801.7804091458543,1125.7804091458543,,-1030.6866510370762
29.8,ego_0,1128.7494814755428,-8.098500000000001,29.690723296885597,1000.0,,0.041129824074065735,0.041129824074065735,0.041129824074065735,0.041129824074065735,0.04072259809312584,0,highway_0,1,804.7494814755428,1128.7494814755428,,-1030.6907232968856
29.9,ego_0,1131.7189558209204,-8.098500000000001,29.694743453775356,1000.0,,0.04060358458655944,0.04060358458655944,0.04060358458655944,0.04060358458655944,0.040201568897586526,0,highway_0,1,807.7189558209204,1131.7189558209204,,-1030.6947434537753
30.0,ego_0,1134.6888270362551,-8.098500000000001,29.698712153348083,1000.0,,0.040083865684559905,0.040083865684559905,0.040083865684559905,0.040083865684559905,0.039686995727272745,0,highway_0,1,810.6888270362551,1134.6888270362551,,-1030.698712153348
30.1,ego_0,1137.6590900396295,-8.098500000000001,29.7026300337447,1000.0,,0.039570592005822025,0.039570592005822025,0.039570592005822025,0.039570592005822025,0.03917880396617335,0,highway_0,1,813.6590900396295,1137.6590900396295,,-1030.7026300337448
30.2,ego_0,1140.6297398122013,-8.098500000000001,29.70649772571693,1000.0,,0.039063688919487416,0.039063688919487416,0.039063688919487416,0.039063688919487416,0.03867691972228471,0,highway_0,1,816.6297398122013,1140.6297398122013,,-1030.7064977257169
30.3,ego_0,1143.6007713974711,-8.098500000000001,29.71031585269937,1000.0,,0.038563082522688474,0.038563082522688474,0.038563082522688474,0.038563082522688474,0.03818126982441328,0,highway_0,1,819.6007713974711,1143.6007713974711,,-1030.7103158526993
30.4,ego_0,1146.5721799005591,-8.098500000000001,29.714085030881254,1000.0,,0.038068699637050285,0.038068699637050285,0.038068699637050285,0.038068699637050285,0.037691781818836034,0,highway_0,1,822.5721799005591,1146.5721799005591,,-1030.7140850308813
30.5,ego_0,1149.5439604874869,-8.098500000000001,29.7178058692778,1000.0,,0.03758046780510149,0.03758046780510149,0.03758046780510149,0.03758046780510149,0.037208383965463554,0,highway_0,1,825.5439604874869,1149.5439604874869,,-1030.7178058692778
30.6,ego_0,1152.516108384467,-8.098500000000001,29.721478969801225,1000.0,,0.0370983152866029,0.0370983152866029,0.0370983152866029,0.0370983152866029,0.03673100523425177,0,highway_0,1,828.5161083844671,1152.516108384467,,-1030.7214789698012
30.7,ego_0,1155.4886188772002,-8.098500000000001,29.7251049273314,1000.0,,0.03662217105479115,0.03662217105479115,0.03662217105479115,0.03662217105479115,0.03625957530175583,0,highway_0,1,831.4886188772002,1155.4886188772002,,-1030.7251049273314
30.8,ego_0,1158.4614873101789,-8.098500000000001,29.728684329786105,1000.0,,0.036151964792539015,0.036151964792539015,0.036151964792539015,0.036151964792539015,0.0357940245470445,0,highway_0,1,834.4614873101789,1158.4614873101789,,-1030.7286843297861
30.9,ego_0,1161.434709085998,-8.098500000000001,29.732217758190902,1000.0,,0.03568762688844529,0.03568762688844529,0.03568762688844529,0.03568762688844529,0.03533428404796979,0,highway_0,1,837.4347090859981,1161.434709085998,,-1030.732217758191
31.0,ego_0,1164.4082796646728,-8.098500000000001,29.73570578674861,1000.0,,0.03522908843284844,0.03522908843284844,0.03522908843284844,0.03522908843284844,0.03488028557708134,0,highway_0,1,840.4082796646728,1164.4082796646728,,-1030.7357057867487
31.1,ego_0,1167.3821945629636,-8.098500000000001,29.73914898290839,1000.0,,0.03477628121377596,0.03477628121377596,0.03477628121377596,0.03477628121377596,0.034431961597789495,0,highway_0,1,843.3821945629636,1167.3821945629636,,-1030.7391489829083
31.2,ego_0,1170.3564493537071,-8.098500000000001,29.74254790743441,1000.0,,0.03432913771282442,0.03432913771282442,0.03432913771282442,0.03432913771282442,0.033989245260208634,0,highway_0,1,846.3564493537071,1170.3564493537071,,-1030.7425479074343
31.3,ego_0,1173.3310396651545,-8.098500000000001,29.74590311447411,1000.0,,0.03388759110097839,0.03388759110097839,0.03388759110097839,0.03388759110097839,0.03355207039700048,0,highway_0,1,849.3310396651545,1173.3310396651545,,-1030.745903114474
31.4,ego_0,1176.3059611803171,-8.098500000000001,29.74921515162603,1000.0,,0.0334515752343737,0.0334515752343737,0.0334515752343737,0.0334515752343737,0.0331203715191819,0,highway_0,1,852.3059611803171,1176.3059611803171,,-1030.749215151626
31.5,ego_0,1179.281209636318,-8.098500000000001,29.752484560007215,1000.0,,0.03302102465000023,0.03302102465000023,0.03302102465000023,0.03302102465000023,0.032694083811861674,0,highway_0,1,855.281209636318,1179.281209636318,,-1030.7524845600071
31.6,ego_0,1182.25678082375,-8.098500000000001,29.75571187432022,1000.0,,0.03259587456135904,0.03259587456135904,0.03259587456135904,0.03259587456135904,0.032273143130048254,0,highway_0,1,858.25678082375,1182.25678082375,,-1030.7557118743202
31.7,ego_0,1185.2326705860419,-8.098500000000001,29.758897622919633,1000.0,,0.03217606085406233,0.03217606085406233,0.03217606085406233,0.03217606085406233,0.031857485994137846,0,highway_0,1,861.2326705860419,1185.2326705860419,,-1030.7588976229197
31.8,ego_0,1188.2088748188296,-8.098500000000001,29.762042327878184,1000.0,,0.031761520081391326,0.031761520081391326,0.031761520081391326,0.031761520081391326,0.031447049585509035,0,highway_0,1,864.2088748188296,1188.2088748188296,,-1030.7620423278781
31.9,ego_0,1191.185389469335,-8.098500000000001,29.765146505052424,1000.0,,0.031352189459812996,0.031352189459812996,0.031352189459812996,0.031352189459812996,0.031041771742401636,0,highway_0,1,867.185389469335,1191.185389469335,,-1030.7651465050524
32.0,ego_0,1194.1622105357496,-8.098500000000001,29.768210664147915,1000.0,,0.030948006864448208,0.030948006864448208,0.030948006864448208,0.030948006864448208,0.03064159095490737,0,highway_0,1,870.1622105357496,1194.1622105357496,,-1030.768210664148
32.1,ego_0,1197.139334066628,-8.098500000000001,29.771235308784004,1000.0,,0.0305489108245095,0.0305489108245095,0.0305489108245095,0.0305489108245095,0.03024644636088425,0,highway_0,1,873.139334066628,1197.139334066628,,-1030.771235308784
32.2,ego_0,1200.1167561602838,-8.098500000000001,29.77422093655813,1000.0,,0.03015484051869821,0.03015484051869821,0.03015484051869821,0.03015484051869821,0.02985627774126698,0,highway_0,1,876.1167561602838,1200.1167561602838,,-1030.774220936558
32.3,ego_0,1203.0944729641947,-8.098500000000001,29.77716803910967,1000.0,,0.029765735770569957,0.029765735770569957,0.029765735770569957,0.029765735770569957,0.02947102551541292,0,highway_0,1,879.0944729641947,1203.0944729641947,,-1030.7771680391097
32.4,ego_0,1206.072480674413,-8.098500000000001,29.780077102183323,1000.0,,0.029381537043870254,0.029381537043870254,0.029381537043870254,0.029381537043870254,0.029090630736519074,0,highway_0,1,882.0724806744131,1206.072480674413,,-1030.7800771021832
32.5,ego_0,1209.0507755349822,-8.098500000000001,29.78294860569202,1000.0,,0.02900218543784161,0.02900218543784161,0.02900218543784161,0.02900218543784161,0.028715035086968044,0,highway_0,1,885.0507755349822,1209.0507755349822,,-1030.7829486056921
32.6,ego_0,1212.02935383736,-8.098500000000001,29.7857830237794,1000.0,,0.028627622682503073,0.028627622682503073,0.028627622682503073,0.028627622682503073,0.028344180873780545,0,highway_0,1,888.0293538373601,1212.02935383736,,-1030.7857830237795
32.7,ego_0,1215.0082119198482,-8.098500000000001,29.788580824881766,1000.0,,0.028257791133908916,0.028257791133908916,0.028257791133908916,0.028257791133908916,0.02797801102367714,0,highway_0,1,891.0082119198482,1215.0082119198482,,-1030.7885808248818
32.8,ego_0,1217.9873461670272,-8.098500000000001,29.791342471789626,1000.0,,0.027892633769383224,0.027892633769383224,0.027892633769383224,0.027892633769383224,0.027616469078601824,0,highway_0,1,893.9873461670272,1217.9873461670272,,-1030.7913424717897
32.9,ego_0,1220.966753009198,-8.098500000000001,29.794068421708708,1000.0,,0.027532094182736166,0.027532094182736166,0.027532094182736166,0.027532094182736166,0.02725949919081927,0,highway_0,1,896.9667530091981,1220.966753009198,,-1030.7940684217087
33.0,ego_0,1223.9464289218301,-8.098500000000001,29.796759126320538,1000.0,,0.027176116579463505,0.027176116579463505,0.027176116579463505,0.027176116579463505,0.026907046118296307,0,highway_0,1,899.9464289218301,1223.9464289218301,,-1030.7967591263205
33.1,ego_0,1226.9263704250145,-8.098500000000001,29.799415031842514,1000.0,,0.026824645771929667,0.026824645771929667,0.026824645771929667,0.026824645771929667,0.02655905521976365,0,highway_0,1,902.9263704250145,1226.9263704250145,,-1030.7994150318425
33.2,ego_0,1229.9065740829233,-8.098500000000001,29.80203657908752,1000.0,,0.026477627174538387,0.026477627174538387,0.026477627174538387,0.026477627174538387,0.02621547245006184,0,highway_0,1,905.9065740829233,1229.9065740829233,,-1030.8020365790876
33.3,ego_0,1232.8870365032756,-8.098500000000001,29.804624203523055,1000.0,,0.026135006798893357,0.026135006798893357,0.026135006798893357,0.026135006798893357,0.02587624435534508,0,highway_0,1,908.8870365032756,1232.8870365032756,,-1030.804624203523
33.4,ego_0,1235.8677543368085,-8.098500000000001,29.807178335329883,1000.0,,0.025796731248944327,0.025796731248944327,0.025796731248944327,0.025796731248944327,0.02554131806828508,0,highway_0,1,911.8677543368085,1235.8677543368085,,-1030.8071783353298
33.5,ego_0,1238.8487242767544,-8.098500000000001,29.809699399460193,1000.0,,0.02546274771612944,0.02546274771612944,0.02546274771612944,0.02546274771612944,0.025210641303097248,0,highway_0,1,914.8487242767544,1238.8487242767544,,-1030.8096993994602
33.6,ego_0,1241.829943058324,-8.098500000000001,29.812187815695292,1000.0,,0.02513300397451268,0.02513300397451268,0.02513300397451268,0.02513300397451268,0.024884162350993222,0,highway_0,1,917.829943058324,1241.829943058324,,-1030.8121878156953
33.7,ego_0,1244.8114074581943,-8.098500000000001,29.81464399870281,1000.0,,0.024807448375911423,0.024807448375911423,0.024807448375911423,0.024807448375911423,0.024561830075171542,0,highway_0,1,920.8114074581943,1244.8114074581943,,-1030.8146439987029
33.8,ego_0,1247.7931142940035,-8.098500000000001,29.817068358093405,1000.0,,0.02448602984502546,0.02448602984502546,0.02448602984502546,0.02448602984502546,0.024243593905950434,0,highway_0,1,923.7931142940035,1247.7931142940035,,-1030.8170683580934
33.9,ego_0,1250.7750604238513,-8.098500000000001,29.819461298477027,1000.0,,0.024168697874563327,0.024168697874563327,0.024168697874563327,0.024168697874563327,0.02392940383622033,0,highway_0,1,926.7750604238513,1250.7750604238513,,-1030.819461298477
34.0,ego_0,1253.757242745803,-8.098500000000001,29.821823219518645,1000.0,,0.023855402520369107,0.023855402520369107,0.023855402520369107,0.023855402520369107,0.023619210416185865,0,highway_0,1,929.7572427458031,1253.757242745803,,-1030.8218232195186
34.1,ego_0,1256.7396581974024,-8.098500000000001,29.824154515993552,1000.0,,0.0235460943965502,0.0235460943965502,0.0235460943965502,0.0235460943965502,0.023312964749067078,0,highway_0,1,932.7396581974024,1256.7396581974024,,-1030.8241545159935
34.2,ego_0,1259.7223037551867,-8.098500000000001,29.82645557784213,1000.0,,0.02324072467060756,0.02324072467060756,0.02324072467060756,0.02324072467060756,0.02301061848577035,0,highway_0,1,935.7223037551867,1259.7223037551867,,-1030.8264555778421
34.3,ego_0,1262.705176434209,-8.098500000000001,29.828726790224167,1000.0,,0.022939245058572144,0.022939245058572144,0.022939245058572144,0.022939245058572144,0.022712123820376462,0,highway_0,1,938.7051764342091,1262.705176434209,,-1030.8287267902242
34.4,ego_0,1265.6882732875663,-8.098500000000001,29.830968533572698,1000.0,,0.022641607820146126,0.022641607820146126,0.022641607820146126,0.022641607820146126,0.02241743348530889,0,highway_0,1,941.6882732875663,1265.6882732875663,,-1030.8309685335728
34.5,ego_0,1268.671591405931,-8.098500000000001,29.833181183647337,1000.0,,0.022347765753848337,0.022347765753848337,0.022347765753848337,0.022347765753848337,0.02212650074639555,0,highway_0,1,944.6715914059309,1268.671591405931,,-1030.8331811836474
34.6,ego_0,1271.6551279170897,-8.098500000000001,29.835365111587155,1000.0,,0.022057672192173805,0.022057672192173805,0.022057672192173805,0.022057672192173805,0.0218392793981792,0,highway_0,1,947.6551279170897,1271.6551279170897,,-1030.8353651115872
34.7,ego_0,1274.638879985486,-8.098500000000001,29.83752068396307,1000.0,,0.021771280996756293,0.021771280996756293,0.021771280996756293,0.021771280996756293,0.02155572375915682,0,highway_0,1,950.638879985486,1274.638879985486,,-1030.837520683963
34.8,ego_0,1277.622844811769,-8.098500000000001,29.839648262829755,1000.0,,0.02148854655354493,0.02148854655354493,0.02148854655354493,0.02148854655354493,0.021275788666841322,0,highway_0,1,953.622844811769,1277.622844811769,,-1030.8396482628298
34.9,ego_0,1280.6070196323467,-8.098500000000001,29.84174820577708,1000.0,,0.021209423767991176,0.021209423767991176,0.021209423767991176,0.021209423767991176,0.02099942947324962,0,highway_0,1,956.6070196323467,1280.6070196323467,,-1030.841748205777
35.0,ego_0,1283.5914017189448,-8.098500000000001,29.843820865981066,1000.0,,0.02093386806024833,0.02093386806024833,0.02093386806024833,0.02093386806024833,0.020726602039857767,0,highway_0,1,959.5914017189448,1283.5914017189448,,-1030.8438208659811
35.1,ego_0,1286.5759883781702,-8.098500000000001,29.84586659225437,1000.0,,0.02066183536038535,0.02066183536038535,0.02066183536038535,0.02066183536038535,0.020457262733053483,0,highway_0,1,962.5759883781702,1286.5759883781702,,-1030.8458665922544
35.2,ego_0,1289.5607769510798,-8.098500000000001,29.847885729096312,1000.0,,0.020393282103615462,0.020393282103615462,0.020393282103615462,0.020393282103615462,0.02019136841941105,0,highway_0,1,965.5607769510798,1289.5607769510798,,-1030.8478857290963
35.3,ego_0,1292.545764812754,-8.098500000000001,29.849878616742405,1000.0,,0.020128165225536954,0.020128165225536954,0.020128165225536954,0.020128165225536954,0.019928876460930667,0,highway_0,1,968.545764812754,1292.545764812754,,-1030.8498786167424
35.4,ego_0,1295.5309493718753,-8.098500000000001,29.851845591213436,1000.0,,0.019866442157394526,0.019866442157394526,0.019866442157394526,0.019866442157394526,0.019669744710313353,0,highway_0,1,971.5309493718753,1295.5309493718753,,-1030.8518455912135
35.5,ego_0,1298.5163280703116,-8.098500000000001,29.853786984364064,1000.0,,0.019608070821356294,0.019608070821356294,0.019608070821356294,0.019608070821356294,0.019413931506271354,0,highway_0,1,974.5163280703116,1298.5163280703116,,-1030.853786984364
35.6,ego_0,1301.5018983827047,-8.098500000000001,29.855703123930976,1000.0,,0.019353009625809325,0.019353009625809325,0.019353009625809325,0.019353009625809325,0.019161395669122783,0,highway_0,1,977.5018983827047,1301.5018983827047,,-1030.8557031239309
35.7,ego_0,1304.4876578160627,-8.098500000000001,29.857594333580547,1000.0,,0.01910121746066984,0.01910121746066984,0.01910121746066984,0.01910121746066984,0.01891209649571124,0,highway_0,1,980.4876578160627,1304.4876578160627,,-1030.8575943335804
35.8,ego_0,1307.4736039093582,-8.098500000000001,29.85946093295606,1000.0,,0.018852653692721266,0.018852653692721266,0.018852653692721266,0.018852653692721266,0.01866599375514255,0,highway_0,1,983.4736039093582,1307.4736039093582,,-1030.8594609329562
35.9,ego_0,1310.4597342331306,-8.098500000000001,29.861303237724474,1000.0,,0.01860727816096519,0.01860727816096519,0.01860727816096519,0.01860727816096519,0.018423047684130722,0,highway_0,1,986.4597342331306,1310.4597342331306,,-1030.8613032377245
36.0,ego_0,1313.4460463890928,-8.098500000000001,29.86312155962269,1000.0,,0.018365051171996827,0.018365051171996827,0.018365051171996827,0.018365051171996827,0.018183218982166238,0,highway_0,1,989.4460463890928,1313.4460463890928,,-1030.8631215596226
36.1,ego_0,1316.4325380097432,-8.098500000000001,29.864916206503423,1000.0,,0.018125933495402147,0.018125933495402147,0.018125933495402147,0.018125933495402147,0.017946468807323868,0,highway_0,1,992.4325380097432,1316.4325380097432,,-1030.8649162065035
36.2,ego_0,1319.4192067579813,-8.098500000000001,29.866687482380566,1000.0,,0.017889886359174545,0.017889886359174545,0.017889886359174545,0.017889886359174545,0.01771275877143097,0,highway_0,1,995.4192067579813,1319.4192067579813,,-1030.8666874823805
36.3,ego_0,1322.4060503267287,-8.098500000000001,29.868435687474147,1000.0,,0.01765687144516026,0.01765687144516026,0.01765687144516026,0.01765687144516026,0.01748205093580424,0,highway_0,1,998.4060503267287,1322.4060503267287,,-1030.8684356874742
36.4,ego_0,1325.3930664385541,-8.098500000000001,29.870161118254792,1000.0,,0.01742685088451923,0.01742685088451923,0.01742685088451923,0.01742685088451923,0.01725430780645354,0,highway_0,1,1001.3930664385541,1325.3930664385541,,-1030.8701611182548
36.5,ego_0,1328.380252845303,-8.098500000000001,29.871864067487785,1000.0,,0.017199787253218912,0.017199787253218912,0.017199787253218912,0.017199787253218912,0.017029492329925233,0,highway_0,1,1004.380252845303,1328.380252845303,,-1030.8718640674879
36.6,ego_0,1331.3676073277306,-8.098500000000001,29.87354482427665,1000.0,,0.01697564356754555,0.01697564356754555,0.01697564356754555,0.01697564356754555,0.016807567888648123,0,highway_0,1,1007.3676073277306,1331.3676073277306,,-1030.8735448242767
36.7,ego_0,1334.3551276951412,-8.098500000000001,29.875203674106316,1000.0,,0.01675438327964418,0.01675438327964418,0.01675438327964418,0.01675438327964418,0.016588498296670195,0,highway_0,1,1010.3551276951412,1334.3551276951412,,-1030.8752036741064
36.8,ego_0,1337.3428117850297,-8.098500000000001,29.876840898885828,1000.0,,0.016535970273083733,0.016535970273083733,0.016535970273083733,0.016535970273083733,0.01637224779511115,0,highway_0,1,1013.3428117850297,1337.3428117850297,,-1030.8768408988858
36.9,ego_0,1340.3306574627288,-8.098500000000001,29.878456776990625,1000.0,,0.016320368858447343,0.016320368858447343,0.016320368858447343,0.016320368858447343,0.016158781047970194,0,highway_0,1,1016.3306574627288,1340.3306574627288,,-1030.8784567769906
37.0,ego_0,1343.3186626210593,-8.098500000000001,29.880051583304382,1000.0,,0.01610754376894863,0.01610754376894863,0.01610754376894863,0.01610754376894863,0.015948063137578572,0,highway_0,1,1019.3186626210593,1343.3186626210593,,-1030.8800515833043
37.1,ego_0,1346.3068251799853,-8.098500000000001,29.88162558926043,1000.0,,0.01589746015607929,0.01589746015607929,0.01589746015607929,0.01589746015607929,0.015740059560478414,0,highway_0,1,1022.3068251799853,1346.3068251799853,,-1030.8816255892605
37.2,ego_0,1349.2951430862736,-8.098500000000001,29.883179062882732,1000.0,,0.01569008358527646,0.01569008358527646,0.01569008358527646,0.01569008358527646,0.015534736223017376,0,highway_0,1,1025.2951430862736,1349.2951430862736,,-1030.8831790628828
37.3,ego_0,1352.2836143131562,-8.098500000000001,29.88471226882646,1000.0,,0.01548538003162625,0.01548538003162625,0.01548538003162625,0.01548538003162625,0.015332059437263013,0,highway_0,1,1028.2836143131562,1352.2836143131562,,-1030.8847122688264
37.4,ego_0,1355.272236859998,-8.098500000000001,29.8862254684181,1000.0,,0.015283315875585068,0.015283315875585068,0.015283315875585068,0.015283315875585068,0.015131995916419783,0,highway_0,1,1031.272236859998,1355.272236859998,,-1030.8862254684182
37.5,ego_0,1358.2610087519674,-8.098500000000001,29.887718919695207,1000.0,,0.015083857898741448,0.015083857898741448,0.015083857898741448,0.015083857898741448,0.014934512771063169,0,highway_0,1,1034.2610087519674,1358.2610087519674,,-1030.8877189196953
37.6,ego_0,1361.249928039712,-8.098500000000001,29.889192877445662,1000.0,,0.014886973279595206,0.014886973279595206,0.014886973279595206,0.014886973279595206,0.014739577504556678,0,highway_0,1,1037.249928039712,1361.249928039712,,-1030.8891928774456
37.7,ego_0,1364.2389927990366,-8.098500000000001,29.89064759324659,1000.0,,0.014692629589373452,0.014692629589373452,0.014692629589373452,0.014692629589373452,0.014547158009285965,0,highway_0,1,1040.2389927990366,1364.2389927990366,,-1030.8906475932465
37.8,ego_0,1367.228201130587,-8.098500000000001,29.892083315502816,1000.0,,0.014500794787870808,0.014500794787870808,0.014500794787870808,0.014500794787870808,0.014357222562253469,0,highway_0,1,1043.228201130587,1367.228201130587,,-1030.8920833155028
37.9,ego_0,1370.2175511595356,-8.098500000000001,29.893500289484926,1000.0,,0.014311437219320489,0.014311437219320489,0.014311437219320489,0.014311437219320489,0.01416973982109937,0,highway_0,1,1046.2175511595356,1370.2175511595356,,-1030.893500289485
38.0,ego_0,1373.2070410352721,-8.098500000000001,29.894898757366935,1000.0,,0.014124525608297134,0.014124525608297134,0.014124525608297134,0.014124525608297134,0.013984678820087026,0,highway_0,1,1049.2070410352721,1373.2070410352721,,-1030.894898757367
38.1,ego_0,1376.1966689310984,-8.098500000000001,29.896278958263533,1000.0,,0.013940029055647285,0.013940029055647285,0.013940029055647285,0.013940029055647285,0.013802008965981827,0,highway_0,1,1052.1966689310984,1376.1966689310984,,-1030.8962789582636
38.2,ego_0,1379.186433043925,-8.098500000000001,29.897641128266944,1000.0,,0.013757917034448064,0.013757917034448064,0.013757917034448064,0.013757917034448064,0.013621700034107675,0,highway_0,1,1055.186433043925,1379.186433043925,,-1030.897641128267
38.3,ego_0,1382.1763315939734,-8.098500000000001,29.89898550048338,1000.0,,0.013578159386001598,0.013578159386001598,0.013578159386001598,0.013578159386001598,0.013443722164367955,0,highway_0,1,1058.1763315939734,1382.1763315939734,,-1030.8989855004834
38.4,ego_0,1385.1663628244803,-8.098500000000001,29.900312305069107,1000.0,,0.013400726315854095,0.013400726315854095,0.013400726315854095,0.013400726315854095,0.013268045857266486,0,highway_0,1,1061.1663628244803,1385.1663628244803,,-1030.900312305069
38.5,ego_0,1388.1565250014069,-8.098500000000001,29.90162176926612,1000.0,,0.013225588389849108,0.013225588389849108,0.013225588389849108,0.013225588389849108,0.013094641970141652,0,highway_0,1,1064.1565250014069,1388.1565250014069,,-1030.901621769266
38.6,ego_0,1391.1468164131506,-8.098500000000001,29.90291411743743,1000.0,,0.013052716530208563,0.013052716530208563,0.013052716530208563,0.013052716530208563,0.012923481713080776,0,highway_0,1,1067.1468164131506,1391.1468164131506,,-1030.9029141174374
38.7,ego_0,1394.137235370261,-8.098500000000001,29.90418957110195,1000.0,,0.012882082011648088,0.012882082011648088,0.012882082011648088,0.012882082011648088,0.012754536645189773,0,highway_0,1,1070.137235370261,1394.137235370261,,-1030.904189571102
38.8,ego_0,1397.1277802051577,-8.098500000000001,29.90544834896903,1000.0,,0.012713656457519762,0.012713656457519762,0.012713656457519762,0.012713656457519762,0.012587778670827277,0,highway_0,1,1073.1277802051577,1397.1277802051577,,-1030.905448348969
38.9,ego_0,1400.118449271855,-8.098500000000001,29.906690666972594,1000.0,,0.012547411835988176,0.012547411835988176,0.012547411835988176,0.012547411835988176,0.012423180035625592,0,highway_0,1,1076.118449271855,1400.118449271855,,-1030.9066906669725
39.0,ego_0,1403.1092409456855,-8.098500000000001,29.907916738304895,1000.0,,0.012383320456236024,0.012383320456236024,0.012383320456236024,0.012383320456236024,0.012260713323009043,0,highway_0,1,1079.1092409456855,1403.1092409456855,,-1030.907916738305
39.1,ego_0,1406.1001536230306,-8.098500000000001,29.909126773449913,1000.0,,0.012221354964701114,0.012221354964701114,0.012221354964701114,0.012221354964701114,0.012100351450179403,0,highway_0,1,1082.1001536230306,1406.1001536230306,,-1030.90912677345
39.2,ego_0,1409.0911857210522,-8.098500000000001,29.910320980216383,1000.0,,0.012061488341346571,0.012061488341346571,0.012061488341346571,0.012061488341346571,0.011942067664705291,0,highway_0,1,1085.0911857210522,1409.0911857210522,,-1030.9103209802163
39.3,ego_0,1412.0823356774292,-8.098500000000001,29.91149956377044,1000.0,,0.011903693895956802,0.011903693895956802,0.011903693895956802,0.011903693895956802,0.01178583554057866,0,highway_0,1,1088.0823356774292,1412.0823356774292,,-1030.9114995637703
39.4,ego_0,1415.073601950096,-8.098500000000001,29.912662726667914,1000.0,,0.011747945264472648,0.011747945264472648,0.011747945264472648,0.011747945264472648,0.011631628974733133,0,highway_0,1,1091.073601950096,1415.073601950096,,-1030.9126627266678
39.5,ego_0,1418.0649830169846,-8.098500000000001,29.913810668886263,1000.0,,0.011594216405351299,0.011594216405351299,0.011594216405351299,0.011594216405351299,0.011479422183491295,0,highway_0,1,1094.0649830169846,1418.0649830169846,,-1030.9138106688863
39.6,ego_0,1421.05647737577,-8.098500000000001,29.914943587856158,1000.0,,0.01144248159595962,0.01144248159595962,0.01144248159595962,0.01144248159595962,0.011329189698940922,0,highway_0,1,1097.05647737577,1421.05647737577,,-1030.9149435878562
39.7,ego_0,1424.0480835436194,-8.098500000000001,29.916061678492692,1000.0,,0.011292715428998124,0.011292715428998124,0.011292715428998124,0.011292715428998124,0.011180906365346743,0,highway_0,1,1100.0480835436194,1424.0480835436194,,-1030.9160616784927
39.8,ego_0,1427.039800056942,-8.098500000000001,29.917165133226252,1000.0,,0.011144892808957585,0.011144892808957585,0.011144892808957585,0.011144892808957585,0.011034547335597722,0,highway_0,1,1103.039800056942,1427.039800056942,,-1030.9171651332263
39.9,ego_0,1430.0316254711454,-8.098500000000001,29.918254142033046,1000.0,,0.010998988948607069,0.010998988948607069,0.010998988948607069,0.010998988948607069,0.010890088067938564,0,highway_0,1,1106.0316254711454,1430.0316254711454,,-1030.918254142033
40.0,ego_0,1433.023558360392,-8.098500000000001,29.919328892465273,1000.0,,0.010854979365510165,0.010854979365510165,0.010854979365510165,0.010854979365510165,0.010747504322274892,0,highway_0,1,1109.023558360392,1433.023558360392,,-1030.9193288924653
40.1,ego_0,1436.01559731736,-8.098500000000001,29.920389569680975,1000.0,,0.010712839878576408,0.010712839878576408,0.010712839878576408,0.010712839878576408,0.010606772157011335,0,highway_0,1,1112.01559731736,1436.01559731736,,-1030.920389569681
40.2,ego_0,1439.0077409530074,-8.098500000000001,29.92143635647351,1000.0,,0.010572546604639466,0.010572546604639466,0.010572546604639466,0.010572546604639466,0.0104678679253567,0,highway_0,1,1115.0077409530074,1439.0077409530074,,-1030.9214363564736
40.3,ego_0,1441.9999878963374,-8.098500000000001,29.922469433300744,1000.0,,0.010434075955070177,0.010434075955070177,0.010434075955070177,0.010434075955070177,0.010330768272339697,0,highway_0,1,1117.9999878963374,1441.9999878963374,,-1030.9224694333006
40.4,ego_0,1444.9923367941688,-8.098500000000001,29.923488978313856,1000.0,,0.010297404632418572,0.010297404632418572,0.010297404632418572,0.010297404632418572,0.010195450131114114,0,highway_0,1,1120.9923367941688,1444.9923367941688,,-1030.9234889783138
40.5,ego_0,1447.9847863109073,-8.098500000000001,29.924495167385846,1000.0,,0.010162509627087646,0.010162509627087646,0.010162509627087646,0.010162509627087646,0.010061890719903488,0,highway_0,1,1123.9847863109073,1447.9847863109073,,-1030.9244951673859
40.6,ego_0,1450.9773351283213,-8.098500000000001,29.925488174139712,1000.0,,0.010029368214037437,0.010029368214037437,0.010029368214037437,0.010029368214037437,0.009930067538661547,0,highway_0,1,1126.9773351283213,1450.9773351283213,,-1030.9254881741397
40.7,ego_0,1453.969981945319,-8.098500000000001,29.926468169976296,1000.0,,0.009897957949520864,0.009897957949520864,0.009897957949520864,0.009897957949520864,0.009799958365839245,0,highway_0,1,1129.969981945319,1453.969981945319,,-1030.9264681699763
40.8,ego_0,1456.9627254777292,-8.098500000000001,29.927435324101825,1000.0,,0.009768256667847641,0.009768256667847641,0.009768256667847641,0.009768256667847641,0.009671541255293903,0,highway_0,1,1132.9627254777292,1456.9627254777292,,-1030.927435324102
40.9,ego_0,1459.9555644580848,-8.098500000000001,29.92838980355511,1000.0,,0.009640242478181404,0.009640242478181404,0.009640242478181404,0.009640242478181404,0.00954479453284307,0,highway_0,1,1135.9555644580848,1459.9555644580848,,-1030.928389803555
41.0,ego_0,1462.9484976354083,-8.098500000000001,29.929331773234452,1000.0,,0.009513893761367576,0.009513893761367576,0.009513893761367576,0.009513893761367576,0.00941969679342236,0,highway_0,1,1138.9484976354083,1462.9484976354083,,-1030.9293317732345
41.1,ego_0,1465.9415237750009,-8.098500000000001,29.93026139592423,1000.0,,0.009389189166788547,0.009389189166788547,0.009389189166788547,0.009389189166788547,0.009296226897781423,0,highway_0,1,1141.9415237750009,1465.9415237750009,,-1030.9302613959242
41.2,ego_0,1468.934641658233,-8.098500000000001,29.931178832321184,1000.0,,0.009266107609253726,0.009266107609253726,0.009266107609253726,0.009266107609253726,0.009174363969535193,0,highway_0,1,1144.934641658233,1468.934641658233,,-1030.9311788323212
41.3,ego_0,1471.927850082339,-8.098500000000001,29.932084241060384,1000.0,,0.009144628265913446,0.009144628265913446,0.009144628265913446,0.009144628265913446,0.009054087392001975,0,highway_0,1,1147.927850082339,1471.927850082339,,-1030.9320842410605
41.4,ego_0,1474.921147860213,-8.098500000000001,29.9329777787409,1000.0,,0.009024730573208406,0.009024730573208406,0.009024730573208406,0.009024730573208406,0.00893537680514811,0,highway_0,1,1150.921147860213,1474.921147860213,,-1030.932977778741
41.5,ego_0,1477.9145338202081,-8.098500000000001,29.93385959995118,1000.0,,0.008906394223849423,0.008906394223849423,0.008906394223849423,0.008906394223849423,0.008818212102816858,0,highway_0,1,1153.9145338202081,1477.9145338202081,,-1030.9338595999511
41.6,ego_0,1480.9080068059375,-8.098500000000001,29.934729857294133,1000.0,,0.008789599163819384,0.008789599163819384,0.008789599163819384,0.008789599163819384,0.008702573429530958,0,highway_0,1,1156.9080068059375,1480.9080068059375,,-1030.934729857294
41.7,ego_0,1483.9015656760787,-8.098500000000001,29.9355887014119,1000.0,,0.008674325589414611,0.008674325589414611,0.008674325589414611,0.008674325589414611,0.008588441177650452,0,highway_0,1,1159.9015656760787,1483.9015656760787,,-1030.935588701412
41.8,ego_0,1486.8952093041796,-8.098500000000001,29.936436281010344,1000.0,,0.008560553944307658,0.008560553944307658,0.008560553944307658,0.008560553944307658,0.008475795984459467,0,highway_0,1,1162.8952093041796,1486.8952093041796,,-1030.9364362810104
41.9,ego_0,1489.888936578468,-8.098500000000001,29.93727274288328,1000.0,,0.008448264916646298,0.008448264916646298,0.008448264916646298,0.008448264916646298,0.008364618729359563,0,highway_0,1,1165.888936578468,1489.888936578468,,-1030.9372727428834
42.0,ego_0,1492.8827464016617,-8.098500000000001,29.938098231936365,1000.0,,0.008337439436174487,0.008337439436174487,0.008337439436174487,0.008337439436174487,0.008254890530849934,0,highway_0,1,1168.8827464016617,1492.8827464016617,,-1030.9380982319365
42.1,ego_0,1495.876637690783,-8.098500000000001,29.93891289121076,1000.0,,0.00822805867138865,0.00822805867138865,0.00822805867138865,0.00822805867138865,0.008146592743933923,0,highway_0,1,1171.876637690783,1495.876637690783,,-1030.9389128912107
42.2,ego_0,1498.8706093769736,-8.098500000000001,29.939716861906472,1000.0,,0.008120104026718478,0.008120104026718478,0.008120104026718478,0.008120104026718478,0.00803970695713474,0,highway_0,1,1174.8706093769736,1498.8706093769736,,-1030.9397168619064
42.3,ego_0,1501.864660405314,-8.098500000000001,29.94051028340546,1000.0,,0.008013557139738947,0.008013557139738947,0.008013557139738947,0.008013557139738947,0.007934214989866462,0,highway_0,1,1177.864660405314,1501.864660405314,,-1030.9405102834055
42.4,ego_0,1504.8587897346436,-8.098500000000001,29.941293293294407,1000.0,,0.007908399878409966,0.007908399878409966,0.007908399878409966,0.007908399878409966,0.00783009888948527,0,highway_0,1,1180.8587897346436,1504.8587897346436,,-1030.9412932932944
42.5,ego_0,1507.8529963373824,-8.098500000000001,29.942066027387312,1000.0,,0.007804614338346227,0.007804614338346227,0.007804614338346227,0.007804614338346227,0.007727340929051252,0,highway_0,1,1183.8529963373824,1507.8529963373824,,-1030.9420660273872
42.6,ego_0,1510.8472791993572,-8.098500000000001,29.94282861974772,1000.0,,0.007702182840108263,0.007702182840108263,0.007702182840108263,0.007702182840108263,0.007625923604059892,0,highway_0,1,1186.8472791993572,1510.8472791993572,,-1030.9428286197476
42.7,ego_0,1513.8416373196283,-8.098500000000001,29.943581202710742,1000.0,,0.00760108792653269,0.00760108792653269,0.00760108792653269,0.00760108792653269,0.0075258296302394,0,highway_0,1,1189.8416373196283,1513.8416373196283,,-1030.9435812027107
42.8,ego_0,1516.8360697103187,-8.098500000000001,29.94432390690481,1000.0,,0.007501312360080448,0.007501312360080448,0.007501312360080448,0.007501312360080448,0.007427041940673007,0,highway_0,1,1192.8360697103187,1516.8360697103187,,-1030.9443239069049
42.9,ego_0,1519.830575396446,-8.098500000000001,29.945056861273148,1000.0,,0.0074028391202172195,0.0074028391202172195,0.0074028391202172195,0.0074028391202172195,0.007329543683383122,0,highway_0,1,1195.830575396446,1519.830575396446,,-1030.945056861273
43.0,ego_0,1522.8251534157555,-8.098500000000001,29.94578019309501,1000.0,,0.007305651400822288,0.007305651400822288,0.007305651400822288,0.007305651400822288,0.007233318218631268,0,highway_0,1,1198.8251534157555,1522.8251534157555,,-1030.945780193095
43.1,ego_0,1525.8198028185561,-8.098500000000001,29.946494028006658,1000.0,,0.007209732607621033,0.007209732607621033,0.007209732607621033,0.007209732607621033,0.0071383491164667134,0,highway_0,1,1201.8198028185561,1525.8198028185561,,-1030.9464940280066
43.2,ego_0,1528.8145226675583,-8.098500000000001,29.947198490022068,1000.0,,0.0071150663556464044,0.0071150663556464044,0.0071150663556464044,0.0071150663556464044,0.0070446201540974585,0,highway_0,1,1204.8145226675583,1528.8145226675583,,-1030.9471984900222
43.3,ego_0,1531.8093120377137,-8.098500000000001,29.947893701553426,1000.0,,0.007021636466730041,0.007021636466730041,0.007021636466730041,0.007021636466730041,0.0069521153135809755,0,highway_0,1,1207.8093120377137,1531.8093120377137,,-1030.9478937015533
43.4,ego_0,1534.8041700160568,-8.098500000000001,29.94857978343135,1000.0,,0.00692942696701393,0.00692942696701393,0.00692942696701393,0.00692942696701393,0.006860818779230726,0,highway_0,1,1210.8041700160568,1534.8041700160568,,-1030.9485797834313
43.5,ego_0,1537.7990957015493,-8.098500000000001,29.94925685492486,1000.0,,0.0068384220844937005,0.0068384220844937005,0.0068384220844937005,0.0068384220844937005,0.006770714935129263,0,highway_0,1,1213.7990957015493,1537.7990957015493,,-1030.949256854925
43.6,ego_0,1540.7940882049254,-8.098500000000001,29.949925033761158,1000.0,,0.006748606246587796,0.006748606246587796,0.006748606246587796,0.006748606246587796,0.006681788362961072,0,highway_0,1,1216.7940882049254,1540.7940882049254,,-1030.9499250337612
43.7,ego_0,1543.7891466485398,-8.098500000000001,29.95058443614509,1000.0,,0.006659964077730174,0.006659964077730174,0.006659964077730174,0.006659964077730174,0.006594023839312513,0,highway_0,1,1219.7891466485398,1543.7891466485398,,-1030.9505844361452
43.8,ego_0,1546.7842701662178,-8.098500000000001,29.951235176778454,1000.0,,0.0065724803969918755,0.0065724803969918755,0.0065724803969918755,0.0065724803969918755,0.00650740633364677,0,highway_0,1,1222.7842701662178,1546.7842701662178,,-1030.9512351767785
43.9,ego_0,1549.7794579031056,-8.098500000000001,29.951877368879018,1000.0,,0.006486140215723579,0.006486140215723579,0.006486140215723579,0.006486140215723579,0.0064219210056393194,0,highway_0,1,1225.7794579031056,1549.7794579031056,,-1030.951877368879
44.0,ego_0,1552.7747090155256,-8.098500000000001,29.95251112419934,1000.0,,0.006400928735232125,0.006400928735232125,0.006400928735232125,0.006400928735232125,0.0063375532032239335,0,highway_0,1,1228.7747090155256,1552.7747090155256,,-1030.9525111241994
44.1,ego_0,1555.77002267083,-8.098500000000001,29.953136553045326,1000.0,,0.006316831344472695,0.006316831344472695,0.006316831344472695,0.006316831344472695,0.006254288459857094,0,highway_0,1,1231.77002267083,1555.77002267083,,-1030.9531365530454
44.2,ego_0,1558.7653980472594,-8.098500000000001,29.95375376429461,1000.0,,0.006233833617774964,0.006233833617774964,0.006233833617774964,0.006233833617774964,0.006172112492848214,0,highway_0,1,1234.7653980472594,1558.7653980472594,,-1030.9537537642946
44.3,ego_0,1561.7608343338009,-8.098500000000001,29.95436286541467,1000.0,,0.006151921312586572,0.006151921312586572,0.006151921312586572,0.006151921312586572,0.006091011200588525,0,highway_0,1,1237.7608343338009,1561.7608343338009,,-1030.9543628654146
44.4,ego_0,1564.7563307300488,-8.098500000000001,29.954963962480733,1000.0,,0.006071080367245685,0.006071080367245685,0.006071080367245685,0.006071080367245685,0.0060109706606326085,0,highway_0,1,1240.7563307300488,1564.7563307300488,,-1030.9549639624806
44.5,ego_0,1567.7518864460683,-8.098500000000001,29.955557160193482,1000.0,,0.005991296898780418,0.005991296898780418,0.005991296898780418,0.005991296898780418,0.005931977127495713,0,highway_0,1,1243.7518864460683,1567.7518864460683,,-1030.9555571601934
44.6,ego_0,1570.7475007022579,-8.098500000000001,29.956142561896524,1000.0,,0.0059125572007241445,0.0059125572007241445,0.0059125572007241445,0.0059125572007241445,0.005854017030415548,0,highway_0,1,1246.7475007022579,1570.7475007022579,,-1030.9561425618965
44.7,ego_0,1573.7431727292171,-8.098500000000001,29.95672026959365,1000.0,,0.005834847740964988,0.005834847740964988,0.005834847740964988,0.005834847740964988,0.005777076971256179,0,highway_0,1,1249.7431727292171,1573.7431727292171,,-1030.9567202695937
44.8,ego_0,1576.7389017676137,-8.098500000000001,29.95729038396589,1000.0,,0.005758155159611089,0.005758155159611089,0.005758155159611089,0.005758155159611089,0.005701143722411928,0,highway_0,1,1252.7389017676137,1576.7389017676137,,-1030.957290383966
44.9,ego_0,1579.7346870680526,-8.098500000000001,29.957853004388355,1000.0,,0.005682466266886399,0.005682466266886399,0.005682466266886399,0.005682466266886399,0.005626204224640219,0,highway_0,1,1255.7346870680526,1579.7346870680526,,-1030.9578530043884
45.0,ego_0,1582.7305278909473,-8.098500000000001,29.958408228946872,1000.0,,0.005607768041044792,0.005607768041044792,0.005607768041044792,0.005607768041044792,0.005552245585178639,0,highway_0,1,1258.7305278909473,1582.7305278909473,,-1030.9584082289468
45.1,ego_0,1585.7264235063928,-8.098500000000001,29.958956154454427,1000.0,,0.005534047626309824,0.005534047626309824,0.005534047626309824,0.005534047626309824,0.005479255075542255,0,highway_0,1,1261.7264235063928,1585.7264235063928,,-1030.9589561544544
45.2,ego_0,1588.7223731940396,-8.098500000000001,29.95949687646738,1000.0,,0.005461292330836143,0.005461292330836143,0.005461292330836143,0.005461292330836143,0.005407220129534096,0,highway_0,1,1264.7223731940396,1588.7223731940396,,-1030.9594968764675
45.3,ego_0,1591.7183762429697,-8.098500000000001,29.960030489301506,1000.0,,0.005389489624698207,0.005389489624698207,0.005389489624698207,0.005389489624698207,0.00533612834125563,0,highway_0,1,1267.7183762429697,1591.7183762429697,,-1030.9600304893015
45.4,ego_0,1594.7144319515744,-8.098500000000001,29.96055708604783,1000.0,,0.0053186271378954375,0.0053186271378954375,0.0053186271378954375,0.0053186271378954375,0.005265967463259358,0,highway_0,1,1270.7144319515744,1594.7144319515744,,-1030.9605570860479
45.5,ego_0,1597.7105396274333,-8.098500000000001,29.961076758588266,1000.0,,0.005248692658383569,0.005248692658383569,0.005248692658383569,0.005248692658383569,0.005196725404346125,0,highway_0,1,1273.7105396274333,1597.7105396274333,,-1030.9610767585882
45.6,ego_0,1600.7066985871943,-8.098500000000001,29.961589597611052,1000.0,,0.0051796741301307625,0.0051796741301307625,0.0051796741301307625,0.0051796741301307625,0.005128390227859825,0,highway_0,1,1276.7066985871943,1600.7066985871943,,-1030.961589597611
45.7,ego_0,1603.702908156457,-8.098500000000001,29.96209569262602,1000.0,,0.00511155965118848,0.00511155965118848,0.00511155965118848,0.00511155965118848,0.005060950149662347,0,highway_0,1,1279.702908156457,1603.702908156457,,-1030.962095692626
45.8,ego_0,1606.6991676696548,-8.098500000000001,29.96259513197966,1000.0,,0.005044337471792226,0.005044337471792226,0.005044337471792226,0.005044337471792226,0.0049943935364282765,0,highway_0,1,1282.6991676696548,1606.6991676696548,,-1030.9625951319797
45.9,ego_0,1609.6954764699417,-8.098500000000001,29.963088002870006,1000.0,,0.004977995992477502,0.004977995992477502,0.004977995992477502,0.004977995992477502,0.004928708903442214,0,highway_0,1,1285.6954764699417,1609.6954764699417,,-1030.96308800287
46.0,ego_0,1612.6918339090778,-8.098500000000001,29.963574391361313,1000.0,,0.004912523762223842,0.004912523762223842,0.004912523762223842,0.004912523762223842,0.004863884913071104,0,highway_0,1,1288.6918339090778,1612.6918339090778,,-1030.9635743913614
46.1,ego_0,1615.6882393473177,-8.098500000000001,29.964054382398604,1000.0,,0.004847909476613954,0.004847909476613954,0.004847909476613954,0.004847909476613954,0.004799910372916827,0,highway_0,1,1291.6882393473177,1615.6882393473177,,-1030.9640543823987
46.2,ego_0,1618.6846921533,-8.098500000000001,29.964528059821973,1000.0,,0.004784141976016287,0.004784141976016287,0.004784141976016287,0.004784141976016287,0.004736774233684571,0,highway_0,1,1294.6846921533,1618.6846921533,,-1030.964528059822
46.3,ego_0,1621.6811917039379,-8.098500000000001,29.964995506380767,1000.0,,0.004721210243793017,0.004721210243793017,0.004721210243793017,0.004721210243793017,0.00467446558793938,0,highway_0,1,1297.6811917039379,1621.6811917039379,,-1030.9649955063808
46.4,ego_0,1624.6777373843126,-8.098500000000001,29.96545680374755,1000.0,,0.004659103404519249,0.004659103404519249,0.004659103404519249,0.004659103404519249,0.004612973667832421,0,highway_0,1,1300.6777373843126,1624.6777373843126,,-1030.9654568037477
46.5,ego_0,1627.674328587566,-8.098500000000001,29.96591203253193,1000.0,,0.004597810722232865,0.004597810722232865,0.004597810722232865,0.004597810722232865,0.004552287843786473,0,highway_0,1,1303.674328587566,1627.674328587566,,-1030.9659120325318
46.6,ego_0,1630.6709647147954,-8.098500000000001,29.966361272294176,1000.0,,0.004537321598696353,0.004537321598696353,0.004537321598696353,0.004537321598696353,0.0044923976224708895,0,highway_0,1,1306.6709647147954,1630.6709647147954,,-1030.966361272294
46.7,ego_0,1633.6676451749513,-8.098500000000001,29.9668046015587,1000.0,,0.004477625571684629,0.004477625571684629,0.004477625571684629,0.004477625571684629,0.004433292645238396,0,highway_0,1,1309.6676451749513,1633.6676451749513,,-1030.9668046015588
46.8,ego_0,1636.664369384734,-8.098500000000001,29.96724209782734,1000.0,,0.004418712313290385,0.004418712313290385,0.004418712313290385,0.004418712313290385,0.004374962686419792,0,highway_0,1,1312.664369384734,1636.664369384734,,-1030.9672420978272
46.9,ego_0,1639.6611367684934,-8.098500000000001,29.967673837592518,1000.0,,0.004360571628249876,0.004360571628249876,0.004360571628249876,0.004360571628249876,0.004317397651760757,0,highway_0,1,1315.6611367684934,1639.6611367684934,,-1030.9676738375924
47.0,ego_0,1642.6579467581284,-8.098500000000001,29.968099896350168,1000.0,,0.004303193452286358,0.004303193452286358,0.004303193452286358,0.004303193452286358,0.004260587576503383,0,highway_0,1,1318.6579467581284,1642.6579467581284,,-1030.9680998963502
47.1,ego_0,1645.6547987929896,-8.098500000000001,29.96852034861259,1000.0,,0.004246567850476279,0.004246567850476279,0.004246567850476279,0.004246567850476279,0.00420452262421378,0,highway_0,1,1321.6547987929896,1645.6547987929896,,-1030.9685203486126
47.2,ego_0,1648.6516923197817,-8.098500000000001,29.96893526792107,1000.0,,0.004190685015631468,0.004190685015631468,0.004190685015631468,0.004190685015631468,0.004149193084792557,0,highway_0,1,1324.6516923197817,1648.6516923197817,,-1030.968935267921
47.3,ego_0,1651.6486267924674,-8.098500000000001,29.969344726858367,1000.0,,0.0041355352667005185,0.0041355352667005185,0.0041355352667005185,0.0041355352667005185,0.004094589372982682,0,highway_0,1,1327.6486267924674,1651.6486267924674,,-1030.9693447268583
47.4,ego_0,1654.6456016721736,-8.098500000000001,29.969748797061058,1000.0,,0.004081109047194387,0.004081109047194387,0.004081109047194387,0.004081109047194387,0.004040702026912868,0,highway_0,1,1330.6456016721736,1654.6456016721736,,-1030.9697487970611
47.5,ego_0,1657.6426164270968,-8.098500000000001,29.970147549231715,1000.0,,0.004027396923621751,0.004027396923621751,0.004027396923621751,0.004027396923621751,0.0039875217065699076,0,highway_0,1,1333.6426164270968,1657.6426164270968,,-1030.9701475492318
47.6,ego_0,1660.6396705324119,-8.098500000000001,29.970541053150917,1000.0,,0.003974389583948357,0.003974389583948357,0.003974389583948357,0.003974389583948357,0.003935039192022316,0,highway_0,1,1336.6396705324119,1660.6396705324119,,-1030.970541053151
47.7,ego_0,1663.6367634701808,-8.098500000000001,29.970929377689142,1000.0,,0.003922077836076454,0.003922077836076454,0.003922077836076454,0.003922077836076454,0.003883245382247935,0,highway_0,1,1339.6367634701808,1663.6367634701808,,-1030.9709293776891
47.8,ego_0,1666.6338947292627,-8.098500000000001,29.97131259081848,1000.0,,0.0038704526063357836,0.0038704526063357836,0.0038704526063357836,0.0038704526063357836,0.003832131293393104,0,highway_0,1,1342.6338947292627,1666.6338947292627,,-1030.9713125908186
47.9,ego_0,1669.631063805225,-8.098500000000001,29.971690759624224,1000.0,,0.003819504937996432,0.003819504937996432,0.003819504937996432,0.003819504937996432,0.0037816880574226275,0,highway_0,1,1345.631063805225,1669.631063805225,,-1030.9716907596242
48.0,ego_0,1672.6282702002566,-8.098500000000001,29.972063950316283,1000.0,,0.0037692259898020053,0.0037692259898020053,0.0037692259898020053,0.0037692259898020053,0.0037319069205921096,0,highway_0,1,1348.6282702002566,1672.6282702002566,,-1030.9720639503162
48.1,ego_0,1675.6255134230805,-8.098500000000001,29.972432228240493,1000.0,,0.0037196070345134613,0.0037196070345134613,0.0037196070345134613,0.0037196070345134613,0.003682779242097922,0,highway_0,1,1351.6255134230805,1675.6255134230805,,-1030.9724322282405
48.2,ego_0,1678.6227929888696,-8.098500000000001,29.972795657889748,1000.0,,0.0036706394574763657,0.0036706394574763657,0.0036706394574763657,0.0036706394574763657,0.003634296492549538,0,highway_0,1,1354.6227929888696,1678.6227929888696,,-1030.9727956578897
48.3,ego_0,1681.6201084191612,-8.098500000000001,29.973154302915017,1000.0,,0.0036223147552023605,0.0036223147552023605,0.0036223147552023605,0.0036223147552023605,0.003586450252690554,0,highway_0,1,1357.6201084191612,1681.6201084191612,,-1030.973154302915
48.4,ego_0,1684.617459241775,-8.098500000000001,29.973508226136204,1000.0,,0.0035746245339675076,0.0035746245339675076,0.0035746245339675076,0.0035746245339675076,0.003539232211871024,0,highway_0,1,1360.617459241775,1684.617459241775,,-1030.9735082261361
48.5,ego_0,1687.6148449907303,-8.098500000000001,29.97385748955288,1000.0,,0.003527560508429728,0.003527560508429728,0.003527560508429728,0.003527560508429728,0.0034926341667684824,0,highway_0,1,1363.6148449907303,1687.6148449907303,,-1030.973857489553
48.6,ego_0,1690.6122652061658,-8.098500000000001,29.974202154354888,1000.0,,0.0034811145002596744,0.0034811145002596744,0.0034811145002596744,0.0034811145002596744,0.0034466480200734395,0,highway_0,1,1366.6122652061658,1690.6122652061658,,-1030.974202154355
48.7,ego_0,1693.6097194342592,-8.098500000000001,29.974542280932788,1000.0,,0.0034352784367884803,0.0034352784367884803,0.0034352784367884803,0.0034352784367884803,0.0034012657789972423,0,highway_0,1,1369.6097194342592,1693.6097194342592,,-1030.9745422809328
48.8,ego_0,1696.6072072271481,-8.098500000000001,29.9748779288882,1000.0,,0.003390044349676824,0.003390044349676824,0.003390044349676824,0.003390044349676824,0.0033564795541352055,0,highway_0,1,1372.6072072271481,1696.6072072271481,,-1030.9748779288882
48.9,ego_0,1699.6047281428525,-8.098500000000001,29.975209157044002,1000.0,,0.00334540437359121,0.00334540437359121,0.00334540437359121,0.00334540437359121,0.0033122815580099996,0,highway_0,1,1375.6047281428525,1699.6047281428525,,-1030.975209157044
49.0,ego_0,1702.602281745198,-8.098500000000001,29.97553602345439,1000.0,,0.003301350744903786,0.003301350744903786,0.003301350744903786,0.003301350744903786,0.0032686641038637276,0,highway_0,1,1378.602281745198,1702.602281745198,,-1030.9755360234544
49.1,ego_0,1705.5998676037395,-8.098500000000001,29.975858585414827,1000.0,,0.0032578758004054853,0.0032578758004054853,0.0032578758004054853,0.0032578758004054853,0.0032256196043789487,0,highway_0,1,1381.5998676037395,1705.5998676037395,,-1030.975858585415
49.2,ego_0,1708.5974852936868,-8.098500000000001,29.97617689947186,1000.0,,0.003214971976031711,0.003214971976031711,0.003214971976031711,0.003214971976031711,0.0031831405703286464,0,highway_0,1,1384.5974852936868,1708.5974852936868,,-1030.976176899472
49.3,ego_0,1711.59513439583,-8.098500000000001,29.976491021432814,1000.0,,0.0031726318056092273,0.0031726318056092273,0.0031726318056092273,0.0031726318056092273,0.003141219609545942,0,highway_0,1,1387.59513439583,1711.59513439583,,-1030.9764910214328
49.4,ego_0,1714.5928144964676,-8.098500000000001,29.97680100637535,1000.0,,0.0031308479196121564,0.0031308479196121564,0.0031308479196121564,0.0031308479196121564,0.003099849425360901,0,highway_0,1,1390.5928144964676,1714.5928144964676,,-1030.9768010063754
49.5,ego_0,1717.5905251873332,-8.098500000000001,29.97710690865693,1000.0,,0.0030896130439377334,0.0030896130439377334,0.0030896130439377334,0.0030896130439377334,0.0030590228157834076,0,highway_0,1,1393.5905251873332,1717.5905251873332,,-1030.9771069086569
49.6,ego_0,1720.5882660655257,-8.098500000000001,29.977408781924126,1000.0,,0.0030489199986950544,0.0030489199986950544,0.0030489199986950544,0.0030489199986950544,0.003018732671975499,0,highway_0,1,1396.5882660655257,1720.5882660655257,,-1030.9774087819242
49.7,ego_0,1723.5860367334378,-8.098500000000001,29.977706679121848,1000.0,,0.0030087616970079223,0.0030087616970079223,0.0030087616970079223,0.0030087616970079223,0.0029789719772210788,0,highway_0,1,1399.5860367334378,1723.5860367334378,,-1030.9777066791219
49.8,ego_0,1726.583836798688,-8.098500000000001,29.978000652502423,1000.0,,0.002969131143833015,0.002969131143833015,0.002969131143833015,0.002969131143833015,0.0029397338057535194,0,highway_0,1,1402.583836798688,1726.583836798688,,-1030.9780006525025
49.9,ego_0,1729.5816658740514,-8.098500000000001,29.97829075363458,1000.0,,0.002930021434793262,0.002930021434793262,0.002930021434793262,0.002930021434793262,0.002901011321583269,0,highway_0,1,1405.5816658740514,1729.5816658740514,,-1030.9782907536346
50.0,ego_0,1732.5795235773926,-8.098500000000001,29.978577033412307,1000.0,,0.0028914257550233247,0.0028914257550233247,0.0028914257550233247,0.0028914257550233247,0.0028627977772544,0,highway_0,1,1408.5795235773926,1732.5795235773926,,-1030.9785770334124
50.1,ego_0,1735.577409531599,-8.098500000000001,29.9788595420636,1000.0,,0.0028533373780318394,0.0028533373780318394,0.0028533373780318394,0.0028533373780318394,0.0028250865129209046,0,highway_0,1,1411.577409531599,1735.577409531599,,-1030.9788595420637
50.2,ego_0,1738.5753233645148,-8.098500000000001,29.979138329159102,1000.0,,0.002815749664575873,0.002815749664575873,0.002815749664575873,0.002815749664575873,0.00278787095503219,0,highway_0,1,1414.5753233645148,1738.5753233645148,,-1030.979138329159
50.3,ego_0,1741.5732647088769,-8.098500000000001,29.97941344362064,1000.0,,0.0027786560615495892,0.0027786560615495892,0.0027786560615495892,0.0027786560615495892,0.002751144615373846,0,highway_0,1,1417.5732647088769,1741.5732647088769,,-1030.9794134436206
50.4,ego_0,1744.57123320225,-8.098500000000001,29.97968493372964,1000.0,,0.0027420501008860176,0.0027420501008860176,0.0027420501008860176,0.0027420501008860176,0.002714901090001831,0,highway_0,1,1420.57123320225,1744.57123320225,,-1030.9796849337297
50.5,ego_0,1747.5692284869635,-8.098500000000001,29.97995284713543,1000.0,,0.002705925398471365,0.002705925398471365,0.002705925398471365,0.002705925398471365,0.0026791340578924405,0,highway_0,1,1423.5692284869635,1747.5692284869635,,-1030.9799528471353
50.6,ego_0,1750.56725021005,-8.098500000000001,29.980217230863456,1000.0,,0.0026702756530778693,0.0026702756530778693,0.0026702756530778693,0.0026702756530778693,0.0026438372802672916,0,highway_0,1,1426.56725021005,1750.56725021005,,-1030.9802172308634
50.7,ego_0,1753.5652980231823,-8.098500000000001,29.980478131323387,1000.0,,0.002635094645302982,0.002635094645302982,0.002635094645302982,0.002635094645302982,0.0026090045993143463,0,highway_0,1,1429.5652980231823,1753.5652980231823,,-1030.9804781313235
50.8,ego_0,1756.563371582614,-8.098500000000001,29.9807355943171,1000.0,,0.0026003762365249816,0.0026003762365249816,0.0026003762365249816,0.0026003762365249816,0.002574629937122097,0,highway_0,1,1432.563371582614,1756.563371582614,,-1030.9807355943171
50.9,ego_0,1759.5614705491187,-8.098500000000001,29.98098966504659,1000.0,,0.0025661143678714637,0.0025661143678714637,0.0025661143678714637,0.0025661143678714637,0.0025407072948979703,0,highway_0,1,1435.5614705491187,1759.5614705491187,,-1030.9809896650465
51.0,ego_0,1762.5595945879309,-8.098500000000001,29.98124038812176,1000.0,,0.0025323030592004914,0.0025323030592004914,0.0025323030592004914,0.0025323030592004914,0.002507230751689349,0,highway_0,1,1438.5595945879309,1762.5595945879309,,-1030.9812403881217
51.1,ego_0,1765.5577433686876,-8.098500000000001,29.981487807568104,1000.0,,0.0024989364080925114,0.0024989364080925114,0.0024989364080925114,0.0024989364080925114,0.0024741944634598667,0,highway_0,1,1441.5577433686876,1765.5577433686876,,-1030.981487807568
51.2,ego_0,1768.555916565371,-8.098500000000001,29.981731966834328,1000.0,,0.0024660085888578154,0.0024660085888578154,0.0024660085888578154,0.0024660085888578154,0.002441592662236758,0,highway_0,1,1444.555916565371,1768.555916565371,,-1030.9817319668343
51.3,ego_0,1771.554113856251,-8.098500000000001,29.98197290879983,1000.0,,0.0024335138515546584,0.0024335138515546584,0.0024335138515546584,0.0024335138515546584,0.002409419655009515,0,highway_0,1,1447.554113856251,1771.554113856251,,-1030.9819729088
51.4,ego_0,1774.5523349238292,-8.098500000000001,29.98221067578211,1000.0,,0.00240144652101848,0.00240144652101848,0.00240144652101848,0.00240144652101848,0.0023776698228061832,0,highway_0,1,1450.5523349238292,1774.5523349238292,,-1030.9822106757822
51.5,ego_0,1777.5505794547837,-8.098500000000001,29.98244530954408,1000.0,,0.0023698009959041144,0.0023698009959041144,0.0023698009959041144,0.0023698009959041144,0.002346337619698602,0,highway_0,1,1453.5505794547837,1777.5505794547837,,-1030.9824453095441
51.6,ego_0,1780.5488471399137,-8.098500000000001,29.98267685130128,1000.0,,0.0023385717477411028,0.0023385717477411028,0.0023385717477411028,0.0023385717477411028,0.002315417572020806,0,highway_0,1,1456.5488471399137,1780.5488471399137,,-1030.9826768513012
51.7,ego_0,1783.5471376740866,-8.108500000000001,29.982905341729005,1000.0,,0.002307753319998107,0.002307753319998107,0.002307753319998107,0.002307753319998107,0.002284904277232158,0,highway_0,1,1459.5471376740866,1783.5471376740866,,-1030.982905341729
51.8,ego_0,1786.5454507561835,-8.1285,29.98313082096932,1000.0,,0.002277340327162758,0.002277340327162758,0.002277340327162758,0.002277340327162758,0.0022547924031357525,0,highway_0,1,1462.5454507561835,1786.5454507561835,,-1030.9831308209693
51.9,ego_0,1789.5437860890472,-8.1585,29.983353328638014,1000.0,,0.0022473274538272747,0.0022473274538272747,0.0022473274538272747,0.0022473274538272747,0.002225076686954708,0,highway_0,1,1465.5437860890472,1789.5437860890472,,-1030.983353328638
52.0,ego_0,1792.5421433794304,-8.198500000000001,29.98357290383146,1000.0,,0.0022177094537927378,0.0022177094537927378,0.0022177094537927378,0.0022177094537927378,0.00219575193444399,0,highway_0,1,1468.5421433794304,1792.5421433794304,,-1030.9835729038314
52.1,ego_0,1795.5405223379437,-8.2485,29.98378958513336,1000.0,,0.00218848114917658,0.00218848114917658,0.00218848114917658,0.00218848114917658,0.002166813019002234,0,highway_0,1,1471.5405223379437,1795.5405223379437,,-1030.9837895851333
52.2,ego_0,1798.5389226790057,-8.3085,29.98400341062143,1000.0,,0.0021596374295376197,0.0021596374295376197,0.0021596374295376197,0.0021596374295376197,0.002138254880712509,0,highway_0,1,1474.5389226790057,1798.5389226790057,,-1030.9840034106214
0,llm_0,338.0,-4.8,21.3,1000.0,,,,,,0,0,highway_0,2,0.0,338.0,,-1022.3
0.1,llm_0,340.12983087658966,-4.8,21.29830876589677,1000.0,,-0.01708146444262648,-0.01708146444262648,-0.01708146444262648,-0.01708146444262648,-0.016912341032302436,0,highway_0,2,2.129830876589665,340.12983087658966,,-1022.2983087658968
0.2,llm_0,342.259641483594,-4.8,21.298106070043257,1000.0,,-0.002047228120459099,-0.002047228120459099,-0.002047228120459099,-0.002047228120459099,-0.0020269585351329056,0,highway_0,2,4.2596414835940095,342.259641483594,,-1022.2981060700432
0.3,llm_0,344.38945209059835,-4.8,21.298106070043257,1000.0,,0.0,0.0,0.0,0.0,0.0,0,highway_0,2,6.389452090598354,344.38945209059835,,-1022.2981060700432
0.4,llm_0,346.51855016821514,-4.8,21.29098077616813,1000.0,,-0.07196546813880889,-0.07196546813880889,-0.07196546813880889,-0.07196546813880889,-0.0712529387512717,0,highway_0,2,8.518550168215143,346.51855016821514,,-1022.2909807761681
0.5,llm_0,348.64710332442127,-4.8,21.285531562061372,1000.0,,-0.05503706247825879,-0.05503706247825879,-0.05503706247825879,-0.05503706247825879,-0.05449214106757694,0,highway_0,2,10.647103324421266,348.64710332442127,,-1022.2855315620614
0.6,llm_0,350.77527208826467,-4.8,21.281687638433887,1000.0,,-0.03882362863759847,-0.03882362863759847,-0.03882362863759847,-0.03882362863759847,-0.03843923627485424,0,highway_0,2,12.775272088264671,350.77527208826467,,-1022.2816876384339
0.7,llm_0,352.9032102949241,-4.8,21.279382066594383,1000.0,,-0.023286275578977556,-0.023286275578977556,-0.023286275578977556,-0.023286275578977556,-0.023055718395035285,0,highway_0,2,14.903210294924122,352.9032102949241,,-1022.2793820665944
0.8,llm_0,355.0311485015836,-4.8,21.279382066594383,1000.0,,0.0,0.0,0.0,0.0,0.0,0,highway_0,2,17.031148501583573,355.0311485015836,,-1022.2793820665944
0.9,llm_0,357.159086708243,-4.8,21.279382066594383,1000.0,,0.0,0.0,0.0,0.0,0.0,0,highway_0,2,19.159086708243024,357.159086708243,,-1022.2793820665944
1.0,llm_0,359.2870249149025,-4.8,21.279382066594383,1000.0,,0.0,0.0,0.0,0.0,0.0,0,highway_0,2,21.287024914902474,359.2870249149025,,-1022.2793820665944
1.1,llm_0,361.4149631215619,-4.8,21.279382066594383,1000.0,,0.0,0.0,0.0,0.0,0.0,0,highway_0,2,23.414963121561925,361.4149631215619,,-1022.2793820665944
1.2,llm_0,363.5429013282214,-4.8,21.279382066594383,1000.0,,0.0,0.0,0.0,0.0,0.0,0,highway_0,2,25.542901328221376,363.5429013282214,,-1022.2793820665944
1.3,llm_0,365.6708395348808,-4.8,21.279382066594383,1000.0,,0.0,0.0,0.0,0.0,0.0,0,highway_0,2,27.670839534880827,365.6708395348808,,-1022.2793820665944
1.4,llm_0,367.7987777415403,-4.8,21.279382066594383,1000.0,,0.0,0.0,0.0,0.0,0.0,0,highway_0,2,29.798777741540277,367.7987777415403,,-1022.2793820665944
1.5,llm_0,369.9267159481997,-4.8,21.279382066594383,1000.0,,0.0,0.0,0.0,0.0,0.0,0,highway_0,2,31.92671594819973,369.9267159481997,,-1022.2793820665944
1.6,llm_0,372.0546541548592,-4.8,21.279382066594383,1000.0,,0.0,0.0,0.0,0.0,0.0,0,highway_0,2,34.05465415485918,372.0546541548592,,-1022.2793820665944
1.7,llm_0,374.18259236151863,-4.8,21.279382066594383,1000.0,,0.0,0.0,0.0,0.0,0.0,0,highway_0,2,36.18259236151863,374.18259236151863,,-1022.2793820665944
1.8,llm_0,376.3105305681781,-4.8,21.279382066594383,1000.0,,0.0,0.0,0.0,0.0,0.0,0,highway_0,2,38.31053056817808,376.3105305681781,,-1022.2793820665944
1.9,llm_0,378.43846877483753,-4.8,21.279382066594383,1000.0,,0.0,0.0,0.0,0.0,0.0,0,highway_0,2,40.43846877483753,378.43846877483753,,-1022.2793820665944
2.0,llm_0,380.566406981497,-4.8,21.279382066594383,1000.0,,0.0,0.0,0.0,0.0,0.0,0,highway_0,2,42.56640698149698,380.566406981497,,-1022.2793820665944
2.1,llm_0,382.69434518815643,-4.8,21.279382066594383,1000.0,,0.0,0.0,0.0,0.0,0.0,0,highway_0,2,44.69434518815643,382.69434518815643,,-1022.2793820665944
2.2,llm_0,384.8222833948159,-4.8,21.279382066594383,1000.0,,0.0,0.0,0.0,0.0,0.0,0,highway_0,2,46.822283394815884,384.8222833948159,,-1022.2793820665944
2.3,llm_0,386.95022160147533,-4.8,21.279382066594383,1000.0,,0.0,0.0,0.0,0.0,0.0,0,highway_0,2,48.950221601475334,386.95022160147533,,-1022.2793820665944
2.4,llm_0,389.0781598081348,-4.8,21.279382066594383,1000.0,,0.0,0.0,0.0,0.0,0.0,0,highway_0,2,51.078159808134785,389.0781598081348,,-1022.2793820665944
2.5,llm_0,391.20609801479424,-4.8,21.279382066594383,1000.0,,0.0,0.0,0.0,0.0,0.0,0,highway_0,2,53.206098014794236,391.20609801479424,,-1022.2793820665944
2.6,llm_0,393.3340362214537,-4.8,21.279382066594383,1000.0,,0.0,0.0,0.0,0.0,0.0,0,highway_0,2,55.33403622145369,393.3340362214537,,-1022.2793820665944
2.7,llm_0,395.46197442811314,-4.8,21.279382066594383,1000.0,,0.0,0.0,0.0,0.0,0.0,0,highway_0,2,57.46197442811314,395.46197442811314,,-1022.2793820665944
2.8,llm_0,397.5899126347726,-4.8,21.279382066594383,1000.0,,0.0,0.0,0.0,0.0,0.0,0,highway_0,2,59.58991263477259,397.5899126347726,,-1022.2793820665944
2.9,llm_0,399.71785084143204,-4.8,21.279382066594383,1000.0,,0.0,0.0,0.0,0.0,0.0,0,highway_0,2,61.71785084143204,399.71785084143204,,-1022.2793820665944
3.0,llm_0,401.8457890480915,-4.8,21.279382066594383,1000.0,,0.0,0.0,0.0,0.0,0.0,0,highway_0,2,63.84578904809149,401.8457890480915,,-1022.2793820665944
3.1,llm_0,403.97372725475094,-4.8,21.279382066594383,1000.0,,0.0,0.0,0.0,0.0,0.0,0,highway_0,2,65.97372725475094,403.97372725475094,,-1022.2793820665944
3.2,llm_0,406.1016654614104,-4.8,21.279382066594383,1000.0,,0.0,0.0,0.0,0.0,0.0,0,highway_0,2,68.10166546141039,406.1016654614104,,-1022.2793820665944
3.3,llm_0,408.22960366806984,-4.8,21.279382066594383,1000.0,,0.0,0.0,0.0,0.0,0.0,0,highway_0,2,70.22960366806984,408.22960366806984,,-1022.2793820665944
3.4,llm_0,410.3575418747293,-4.8,21.279382066594383,1000.0,,0.0,0.0,0.0,0.0,0.0,0,highway_0,2,72.35754187472929,410.3575418747293,,-1022.2793820665944
3.5,llm_0,412.48548008138874,-4.8,21.279382066594383,1000.0,,0.0,0.0,0.0,0.0,0.0,0,highway_0,2,74.48548008138874,412.48548008138874,,-1022.2793820665944
3.6,llm_0,414.6134182880482,-4.8,21.279382066594383,1000.0,,0.0,0.0,0.0,0.0,0.0,0,highway_0,2,76.6134182880482,414.6134182880482,,-1022.2793820665944
3.7,llm_0,416.74135649470765,-4.8,21.279382066594383,1000.0,,0.0,0.0,0.0,0.0,0.0,0,highway_0,2,78.74135649470765,416.74135649470765,,-1022.2793820665944
3.8,llm_0,418.8692947013671,-4.8,21.279382066594383,1000.0,,0.0,0.0,0.0,0.0,0.0,0,highway_0,2,80.8692947013671,418.8692947013671,,-1022.2793820665944
3.9,llm_0,420.99723290802655,-4.8,21.279382066594383,1000.0,,0.0,0.0,0.0,0.0,0.0,0,highway_0,2,82.99723290802655,420.99723290802655,,-1022.2793820665944
4.0,llm_0,423.125171114686,-4.8,21.279382066594383,1000.0,,0.0,0.0,0.0,0.0,0.0,0,highway_0,2,85.125171114686,423.125171114686,,-1022.2793820665944
4.1,llm_0,425.25310932134545,-4.8,21.279382066594383,1000.0,,0.0,0.0,0.0,0.0,0.0,0,highway_0,2,87.25310932134545,425.25310932134545,,-1022.2793820665944
4.2,llm_0,427.3810475280049,-4.8,21.279382066594383,1000.0,,0.0,0.0,0.0,0.0,0.0,0,highway_0,2,89.3810475280049,427.3810475280049,,-1022.2793820665944
4.3,llm_0,429.50898573466435,-4.8,21.279382066594383,1000.0,,0.0,0.0,0.0,0.0,0.0,0,highway_0,2,91.50898573466435,429.50898573466435,,-1022.2793820665944
4.4,llm_0,431.6369239413238,-4.8,21.279382066594383,1000.0,,0.0,0.0,0.0,0.0,0.0,0,highway_0,2,93.6369239413238,431.6369239413238,,-1022.2793820665944
4.5,llm_0,433.76486214798325,-4.8,21.279382066594383,1000.0,,0.0,0.0,0.0,0.0,0.0,0,highway_0,2,95.76486214798325,433.76486214798325,,-1022.2793820665944
4.6,llm_0,435.8928003546427,-4.8,21.279382066594383,1000.0,,0.0,0.0,0.0,0.0,0.0,0,highway_0,2,97.8928003546427,435.8928003546427,,-1022.2793820665944
4.7,llm_0,438.0253607421701,-4.8,21.32560387527396,1000.0,,0.46684026766372666,0.46684026766372666,0.46684026766372666,0.46684026766372666,0.46221808679575815,0,highway_0,2,100.02536074217011,438.0253607421701,,-1022.3256038752739
4.8,llm_0,440.16254872338567,-4.8,21.37187981215559,1000.0,,0.4673869625044734,0.4673869625044734,0.4673869625044734,0.4673869625044734,0.4627593688163145,0,highway_0,2,102.16254872338567,440.16254872338567,,-1022.3718798121556
4.9,llm_0,442.30436929489684,-4.8,21.418205715111846,1000.0,,0.4678916198581631,0.4678916198581631,0.4678916198581631,0.4678916198581631,0.4632590295625505,0,highway_0,2,104.30436929489684,442.30436929489684,,-1022.4182057151119
5.0,llm_0,444.45082704491296,-4.8,21.46457750016087,1000.0,,0.4683550289951447,0.4683550289951447,0.4683550289951447,0.4683550289951447,0.46371785049025505,0,highway_0,2,106.45082704491296,444.45082704491296,,-1022.4645775001609
5.1,llm_0,446.60192616082844,-4.8,21.51099115915466,1000.0,,0.468777955837271,0.468777955837271,0.468777955837271,0.468777955837271,0.46413658993788687,0,highway_0,2,108.60192616082844,446.60192616082844,,-1022.5109911591546
5.2,llm_0,448.75767043658453,-4.8,21.55744275756095,1000.0,,0.4691611439035436,0.4691611439035436,0.4691611439035436,0.4691611439035436,0.4645159840628921,0,highway_0,2,110.75767043658453,448.75767043658453,,-1022.5574427575609
5.3,llm_0,450.918063279818,-4.8,21.603928432334584,1000.0,,0.4695053152137081,0.4695053152137081,0.4695053152137081,0.4695053152137081,0.46485674773634855,0,highway_0,2,112.918063279818,450.918063279818,,-1022.6039284323346
5.4,llm_0,453.08310771880537,-4.8,21.65044438987438,1000.0,,0.4698111711519396,0.4698111711519396,0.4698111711519396,0.4698111711519396,0.46515957539796204,0,highway_0,2,115.08310771880542,453.0831077188054,,-1022.6504443898743
5.5,llm_0,455.25280640921153,-4.8,21.696986904061767,1000.0,,0.4700793932926306,0.4700793932926306,0.4700793932926306,0.4700793932926306,0.4654251418738653,0,highway_0,2,117.25280640921159,455.2528064092116,,-1022.6969869040618
5.6,llm_0,457.4271616406494,-4.8,21.743552314377627,1000.0,,0.470310644190185,0.470310644190185,0.470310644190185,0.470310644190185,0.4656541031586059,0,highway_0,2,119.42716164064933,457.42716164064933,,-1022.7435523143777
5.7,llm_0,459.60617534305874,-4.8,21.790137024093923,1000.0,,0.47050556813460465,0.47050556813460465,0.47050556813460465,0.47050556813460465,0.4658470971629569,0,highway_0,2,121.60617534305874,459.60617534305874,,-1022.790137024094
5.8,llm_0,461.78984909291245,-4.8,21.836737498536948,1000.0,,0.47066479187455945,0.47066479187455945,0.47066479187455945,0.47066479187455945,0.46600474443025064,0,highway_0,2,123.78984909291245,461.78984909291245,,-1022.836737498537
5.9,llm_0,463.97818411925437,-4.8,21.883350263419082,1000.0,,0.4707889253095341,0.4707889253095341,0.4707889253095341,0.4707889253095341,0.4661276488213417,0,highway_0,2,125.97818411925437,463.97818411925437,,-1022.8833502634191
6.0,llm_0,466.171181309578,-4.8,21.92997190323617,1000.0,,0.470878562152551,0.470878562152551,0.470878562152551,0.470878562152551,0.46621639817086447,0,highway_0,2,128.171181309578,466.171181309578,,-1022.9299719032362
6.1,llm_0,468.36884121555073,-4.8,21.976599059727743,1000.0,,0.4709342805648943,0.4709342805648943,0.4709342805648943,0.4709342805648943,0.4662715649157434,0,highway_0,2,130.3688412155508,468.3688412155508,,-1022.9765990597277
6.2,llm_0,470.5711640585905,-4.8,22.023228430397463,1000.0,,0.47095664376417135,0.47095664376417135,0.47095664376417135,0.47095664376417135,0.4662937066972006,0,highway_0,2,132.5711640585905,470.5711640585905,,-1023.0232284303975
6.3,llm_0,472.78734828776885,-4.8,22.161842291783604,1000.0,,1.4,1.4,1.4,1.4,1.3861386138614051,0,highway_0,2,134.78734828776885,472.78734828776885,,-1023.1618422917836
6.4,llm_0,475.01739390308575,-4.8,22.300456153169744,1000.0,,1.4,1.4,1.4,1.4,1.3861386138614051,0,highway_0,2,137.0173939030858,475.0173939030858,,-1023.3004561531698
6.5,llm_0,477.26130090454143,-4.8,22.439070014555885,1000.0,,1.4,1.4,1.4,1.4,1.3861386138614051,0,highway_0,2,139.26130090454137,477.2613009045414,,-1023.4390700145559
6.6,llm_0,479.51906929213555,-4.8,22.577683875942025,1000.0,,1.4,1.4,1.4,1.4,1.3861386138614051,0,highway_0,2,141.51906929213555,479.51906929213555,,-1023.5776838759421
6.7,llm_0,481.7906990658683,-4.8,22.716297737328166,1000.0,,1.4,1.4,1.4,1.4,1.3861386138614051,0,highway_0,2,143.79069906586835,481.79069906586835,,-1023.7162977373282
6.8,llm_0,484.07619022573977,-4.8,22.854911598714306,1000.0,,1.4,1.4,1.4,1.4,1.3861386138614051,0,highway_0,2,146.07619022573977,484.07619022573977,,-1023.8549115987144
6.9,llm_0,486.37554277174985,-4.8,22.993525460100447,1000.0,,1.4,1.4,1.4,1.4,1.3861386138614051,0,highway_0,2,148.3755427717498,486.3755427717498,,-1023.9935254601005
7.0,llm_0,488.6887567038984,-4.8,23.132139321486587,1000.0,,1.4,1.4,1.4,1.4,1.3861386138614051,0,highway_0,2,150.68875670389843,488.68875670389843,,-1024.1321393214866
7.1,llm_0,491.01583202218563,-4.8,23.270753182872728,1000.0,,1.4,1.4,1.4,1.4,1.3861386138614051,0,highway_0,2,153.0158320221857,491.0158320221857,,-1024.2707531828728
7.2,llm_0,493.3567687266115,-4.8,23.409367044258868,1000.0,,1.4,1.4,1.4,1.4,1.3861386138614051,0,highway_0,2,155.35676872661156,493.35676872661156,,-1024.409367044259
7.3,llm_0,495.7115668171761,-4.8,23.54798090564501,1000.0,,1.4,1.4,1.4,1.4,1.3861386138614051,0,highway_0,2,157.71156681717605,495.71156681717605,,-1024.547980905645
7.4,llm_0,498.08022629387915,-4.8,23.68659476703115,1000.0,,1.4,1.4,1.4,1.4,1.3861386138614051,0,highway_0,2,160.08022629387915,498.08022629387915,,-1024.6865947670312
7.5,llm_0,500.46274715672087,-4.8,23.82520862841729,1000.0,,1.4,1.4,1.4,1.4,1.3861386138614051,0,highway_0,2,162.46274715672087,500.46274715672087,,-1024.8252086284174
7.6,llm_0,502.8591294057012,-4.8,23.96382248980343,1000.0,,1.4,1.4,1.4,1.4,1.3861386138614051,0,highway_0,2,164.8591294057012,502.8591294057012,,-1024.9638224898035
7.7,llm_0,505.2693730408201,-4.8,24.10243635118957,1000.0,,1.4,1.4,1.4,1.4,1.3861386138614051,0,highway_0,2,167.26937304082014,505.26937304082014,,-1025.1024363511897
7.8,llm_0,507.6934780620777,-4.8,24.24105021257571,1000.0,,1.4,1.4,1.4,1.4,1.3861386138614051,0,highway_0,2,169.6934780620777,507.6934780620777,,-1025.2410502125756
7.9,llm_0,510.1314444694739,-4.8,24.37966407396185,1000.0,,1.4,1.4,1.4,1.4,1.3861386138614051,0,highway_0,2,172.13144446947388,510.1314444694739,,-1025.3796640739617
8.0,llm_0,512.5832722630087,-4.8,24.518277935347992,1000.0,,1.4,1.4,1.4,1.4,1.3861386138614051,0,highway_0,2,174.58327226300867,512.5832722630087,,-1025.518277935348
8.1,llm_0,515.0489614426821,-4.8,24.656891796734133,1000.0,,1.4,1.4,1.4,1.4,1.3861386138614051,0,highway_0,2,177.04896144268207,515.0489614426821,,-1025.656891796734
8.2,llm_0,517.5285120084941,-4.8,24.795505658120273,1000.0,,1.4,1.4,1.4,1.4,1.3861386138614051,0,highway_0,2,179.5285120084941,517.5285120084941,,-1025.7955056581202
8.3,llm_0,520.0219239604447,-4.8,24.934119519506414,1000.0,,1.4,1.4,1.4,1.4,1.3861386138614051,0,highway_0,2,182.02192396044472,520.0219239604447,,-1025.9341195195063
8.4,llm_0,522.529197298534,-4.8,25.072733380892554,1000.0,,1.4,1.4,1.4,1.4,1.3861386138614051,0,highway_0,2,184.52919729853397,522.529197298534,,-1026.0727333808925
8.5,llm_0,525.0503320227618,-4.8,25.211347242278695,1000.0,,1.4,1.4,1.4,1.4,1.3861386138614051,0,highway_0,2,187.05033202276184,525.0503320227618,,-1026.2113472422786
8.6,llm_0,527.5853281331283,-4.8,25.349961103664835,1000.0,,1.4,1.4,1.4,1.4,1.3861386138614051,0,highway_0,2,189.58532813312831,527.5853281331283,,-1026.3499611036648
8.7,llm_0,530.1341856296334,-4.8,25.488574965050976,1000.0,,1.4,1.4,1.4,1.4,1.3861386138614051,0,highway_0,2,192.1341856296334,530.1341856296334,,-1026.488574965051
8.8,llm_0,532.6969045122771,-4.8,25.627188826437116,1000.0,,1.4,1.4,1.4,1.4,1.3861386138614051,0,highway_0,2,194.69690451227711,532.6969045122771,,-1026.627188826437
8.9,llm_0,535.2734847810594,-4.8,25.765802687823257,1000.0,,1.4,1.4,1.4,1.4,1.3861386138614051,0,highway_0,2,197.27348478105944,535.2734847810594,,-1026.7658026878232
9.0,llm_0,537.8639264359804,-4.8,25.904416549209397,1000.0,,1.4,1.4,1.4,1.4,1.3861386138614051,0,highway_0,2,199.86392643598037,537.8639264359804,,-1026.9044165492094
9.1,llm_0,540.4682294770399,-4.8,26.043030410595538,1000.0,,1.4,1.4,1.4,1.4,1.3861386138614051,0,highway_0,2,202.46822947703993,540.4682294770399,,-1027.0430304105955
9.2,llm_0,543.0863939042381,-4.8,26.18164427198168,1000.0,,1.4,1.4,1.4,1.4,1.3861386138614051,0,highway_0,2,205.0863939042381,543.0863939042381,,-1027.1816442719817
9.3,llm_0,545.7184197175749,-4.8,26.32025813336782,1000.0,,1.4,1.4,1.4,1.4,1.3861386138614051,0,highway_0,2,207.71841971757487,545.7184197175749,,-1027.3202581333678
9.4,llm_0,548.3643069170503,-4.8,26.45887199475396,1000.0,,1.4,1.4,1.4,1.4,1.3861386138614051,0,highway_0,2,210.36430691705027,548.3643069170503,,-1027.458871994754
9.5,llm_0,551.0240555026643,-4.8,26.5974858561401,1000.0,,1.4,1.4,1.4,1.4,1.3861386138614051,0,highway_0,2,213.02405550266428,551.0240555026643,,-1027.59748585614
9.6,llm_0,553.6976654744169,-4.8,26.73609971752624,1000.0,,1.4,1.4,1.4,1.4,1.3861386138614051,0,highway_0,2,215.6976654744169,553.6976654744169,,-1027.7360997175263
9.7,llm_0,556.3851368323081,-4.8,26.87471357891238,1000.0,,1.4,1.4,1.4,1.4,1.3861386138614051,0,highway_0,2,218.38513683230815,556.3851368323081,,-1027.8747135789124
9.8,llm_0,559.086469576338,-4.8,27.01332744029852,1000.0,,1.4,1.4,1.4,1.4,1.3861386138614051,0,highway_0,2,221.086469576338,559.086469576338,,-1028.0133274402986
9.9,llm_0,561.8016637065065,-4.8,27.151941301684662,1000.0,,1.4,1.4,1.4,1.4,1.3861386138614051,0,highway_0,2,223.80166370650647,561.8016637065065,,-1028.1519413016847
10.0,llm_0,564.5307192228136,-4.8,27.290555163070803,1000.0,,1.4,1.4,1.4,1.4,1.3861386138614051,0,highway_0,2,226.53071922281356,564.5307192228136,,-1028.2905551630708
10.1,llm_0,567.2736361252593,-4.8,27.429169024456943,1000.0,,1.4,1.4,1.4,1.4,1.3861386138614051,0,highway_0,2,229.27363612525926,567.2736361252593,,-1028.429169024457
10.2,llm_0,570.0304144138436,-4.8,27.567782885843084,1000.0,,1.4,1.4,1.4,1.4,1.3861386138614051,0,highway_0,2,232.03041441384357,570.0304144138436,,-1028.5677828858431
10.3,llm_0,572.8010540885665,-4.8,27.706396747229224,1000.0,,1.4,1.4,1.4,1.4,1.3861386138614051,0,highway_0,2,234.8010540885665,572.8010540885665,,-1028.7063967472293
10.4,llm_0,575.585555149428,-4.8,27.845010608615365,1000.0,,1.4,1.4,1.4,1.4,1.3861386138614051,0,highway_0,2,237.58555514942805,575.585555149428,,-1028.8450106086154
10.5,llm_0,578.3839175964282,-4.8,27.983624470001505,1000.0,,1.4,1.4,1.4,1.4,1.3861386138614051,0,highway_0,2,240.3839175964282,578.3839175964282,,-1028.9836244700016
10.6,llm_0,581.196141429567,-4.8,28.122238331387646,1000.0,,1.4,1.4,1.4,1.4,1.3861386138614051,0,highway_0,2,243.19614142956698,581.196141429567,,-1029.1222383313877
10.7,llm_0,584.0222266488444,-4.8,28.260852192773786,1000.0,,1.4,1.4,1.4,1.4,1.3861386138614051,0,highway_0,2,246.02222664884437,584.0222266488444,,-1029.2608521927739
10.8,llm_0,586.8621732542604,-4.8,28.399466054159927,1000.0,,1.4,1.4,1.4,1.4,1.3861386138614051,0,highway_0,2,248.86217325426037,586.8621732542604,,-1029.39946605416
10.9,llm_0,589.715981245815,-4.8,28.538079915546067,1000.0,,1.4,1.4,1.4,1.4,1.3861386138614051,0,highway_0,2,251.715981245815,589.715981245815,,-1029.5380799155462
11.0,llm_0,592.5836506235082,-4.8,28.676693776932208,1000.0,,1.4,1.4,1.4,1.4,1.3861386138614051,0,highway_0,2,254.58365062350822,592.5836506235082,,-1029.676693776932
11.1,llm_0,595.4651813873401,-4.8,28.815307638318348,1000.0,,1.4,1.4,1.4,1.4,1.3861386138614051,0,highway_0,2,257.46518138734007,595.4651813873401,,-1029.8153076383182
11.2,llm_0,598.3605735373105,-4.8,28.95392149970449,1000.0,,1.4,1.4,1.4,1.4,1.3861386138614051,0,highway_0,2,260.36057353731053,598.3605735373105,,-1029.9539214997044
11.3,llm_0,601.2698270734196,-4.8,29.09253536109063,1000.0,,1.4,1.4,1.4,1.4,1.3861386138614051,0,highway_0,2,263.2698270734196,601.2698270734196,,-1030.0925353610905
11.4,llm_0,604.1929419956673,-4.8,29.23114922247677,1000.0,,1.4,1.4,1.4,1.4,1.3861386138614051,0,highway_0,2,266.1929419956673,604.1929419956673,,-1030.2311492224767
11.5,llm_0,607.1299183040536,-4.8,29.36976308386291,1000.0,,1.4,1.4,1.4,1.4,1.3861386138614051,0,highway_0,2,269.1299183040536,607.1299183040536,,-1030.3697630838628
11.6,llm_0,610.0807559985785,-4.8,29.50837694524905,1000.0,,1.4,1.4,1.4,1.4,1.3861386138614051,0,highway_0,2,272.0807559985785,610.0807559985785,,-1030.508376945249
11.7,llm_0,613.0454550792421,-4.8,29.64699080663519,1000.0,,1.4,1.4,1.4,1.4,1.3861386138614051,0,highway_0,2,275.04545507924206,613.0454550792421,,-1030.6469908066351
11.8,llm_0,616.0240155460442,-4.8,29.78560466802133,1000.0,,1.4,1.4,1.4,1.4,1.3861386138614051,0,highway_0,2,278.0240155460442,616.0240155460442,,-1030.7856046680213
11.9,llm_0,619.016437398985,-4.8,29.924218529407472,1000.0,,1.4,1.4,1.4,1.4,1.3861386138614051,0,highway_0,2,281.016437398985,619.016437398985,,-1030.9242185294074
12.0,llm_0,622.0063861788335,-4.8,29.89948779848508,1000.0,,-0.24978038231617328,-0.24978038231617328,-0.24978038231617328,-0.24978038231617328,-0.24730730922392752,0,highway_0,2,284.0063861788335,622.0063861788335,,-1030.899487798485
12.1,llm_0,624.9939603753336,-4.8,29.875741965001147,1000.0,,-0.2398329181877359,-0.2398329181877359,-0.2398329181877359,-0.2398329181877359,-0.23745833483932444,0,highway_0,2,286.9939603753336,624.9939603753336,,-1030.8757419650012
12.2,llm_0,627.9792555002249,-4.8,29.852951248913005,1000.0,,-0.23018623249024195,-0.23018623249024195,-0.23018623249024195,-0.23018623249024195,-0.22790716088142204,0,highway_0,2,289.9792555002249,627.9792555002249,,-1030.852951248913
12.3,llm_0,630.9623641946082,-4.8,29.83108694383268,1000.0,,-0.22082948131126923,-0.22082948131126923,-0.22082948131126923,-0.22082948131126923,-0.21864305080324442,0,highway_0,2,292.9623641946082,630.9623641946082,,-1030.8310869438326
12.4,llm_0,633.9433763313486,-4.8,29.810121367404196,1000.0,,-0.21175232192768045,-0.21175232192768045,-0.21175232192768045,-0.21175232192768045,-0.20965576428483956,0,highway_0,2,295.94337633134865,633.9433763313486,,-1030.8101213674042
12.5,llm_0,636.9223791127978,-4.8,29.79002781449092,1000.0,,-0.2029448844240911,-0.2029448844240911,-0.2029448844240911,-0.2029448844240911,-0.2009355291327708,0,highway_0,2,298.9223791127978,636.9223791127978,,-1030.790027814491
12.6,llm_0,639.8994571640964,-4.8,29.770780512986125,1000.0,,-0.19439774519843533,-0.19439774519843533,-0.19439774519843533,-0.19439774519843533,-0.19247301504794478,0,highway_0,2,301.89945716409636,639.8994571640964,,-1030.7707805129862
12.7,llm_0,642.8746926223038,-4.8,29.75235458207415,1000.0,,-0.18610190221092626,-0.18610190221092626,-0.18610190221092626,-0.18610190221092626,-0.18425930911973865,0,highway_0,2,304.87469262230377,642.8746926223038,,-1030.752354582074
12.8,llm_0,645.848165221582,-4.8,29.734725992782565,1000.0,,-0.17804875184503488,-0.17804875184503488,-0.17804875184503488,-0.17804875184503488,-0.17628589291586394,0,highway_0,2,307.848165221582,645.848165221582,,-1030.7347259927826
12.9,llm_0,648.8199523746498,-4.8,29.717871530677588,1000.0,,-0.17023006726026435,-0.17023006726026435,-0.17023006726026435,-0.17023006726026435,-0.16854462104976875,0,highway_0,2,310.8199523746498,648.8199523746498,,-1030.7178715306775
13.0,llm_0,651.7901292507064,-4.8,29.70176876056605,1000.0,,-0.16263797812653435,-0.16263797812653435,-0.16263797812653435,-0.16263797812653435,-0.16102770111537268,0,highway_0,2,313.7901292507064,651.7901292507064,,-1030.701768760566
13.1,llm_0,654.7587688500141,-4.8,29.68639599307702,1000.0,,-0.15526495163921594,-0.15526495163921594,-0.15526495163921594,-0.15526495163921594,-0.15372767489029826,0,highway_0,2,316.7587688500141,654.7587688500141,,-1030.686395993077
13.2,llm_0,657.7259420753147,-4.8,29.671732253005526,1000.0,,-0.14810377472209013,-0.14810377472209013,-0.14810377472209013,-0.14810377472209013,-0.14663740071494402,0,highway_0,2,319.7259420753147,657.7259420753147,,-1030.6717322530055
13.3,llm_0,660.6917178002457,-4.8,29.65775724930918,1000.0,,-0.14114753733310703,-0.14114753733310703,-0.14114753733310703,-0.14114753733310703,-0.13975003696344857,0,highway_0,2,322.69171780024567,660.6917178002457,,-1030.6577572493093
13.4,llm_0,663.6561629349113,-4.8,29.644451346656243,1000.0,,-0.13438961679466965,-0.13438961679466965,-0.13438961679466965,-0.13438961679466965,-0.13305902652938073,0,highway_0,2,325.6561629349113,663.6561629349113,,-1030.6444513466563
13.5,llm_0,666.6193424887545,-4.8,29.631795538430858,1000.0,,-0.1278236630764058,-0.1278236630764058,-0.1278236630764058,-0.1278236630764058,-0.12655808225385812,0,highway_0,2,328.61934248875446,666.6193424887545,,-1030.6317955384309
13.6,llm_0,669.5813196308652,-4.8,29.619771421107675,1000.0,,-0.121443584964126,-0.121443584964126,-0.121443584964126,-0.121443584964126,-0.12024117323182537,0,highway_0,2,331.5813196308652,669.5813196308652,,-1030.6197714211078
13.7,llm_0,672.5421557478567,-4.8,29.608361169914225,1000.0,,-0.11524353705382628,-0.11524353705382628,-0.11524353705382628,-0.11524353705382628,-0.11410251193449739,0,highway_0,2,334.54215574785667,672.5421557478567,,-1030.6083611699141
13.8,llm_0,675.5019104994271,-4.8,29.597547515704882,1000.0,,-0.10921790751436178,-0.10921790751436178,-0.10921790751436178,-0.10921790751436178,-0.10813654209343326,0,highway_0,2,337.50191049942714,675.5019104994271,,-1030.597547515705
13.9,llm_0,678.4606418717246,-4.8,29.5873137229755,1000.0,,-0.10336130656675113,-0.10336130656675113,-0.10336130656675113,-0.10336130656675113,-0.10233792729380298,0,highway_0,2,340.46064187172465,678.4606418717246,,-1030.5873137229755
14.0,llm_0,681.4184062286199,-4.8,29.577643568952528,1000.0,,-0.09766855563203136,-0.09766855563203136,-0.09766855563203136,-0.09766855563203136,-0.09670154022973776,0,highway_0,2,343.4184062286199,681.4184062286199,,-1030.5776435689525
14.1,llm_0,684.3752583609894,-4.8,29.56852132369478,1000.0,,-0.09213467710323431,-0.09213467710323431,-0.09213467710323431,-0.09213467710323431,-0.09122245257746187,0,highway_0,2,346.3752583609894,684.3752583609894,,-1030.5685213236948
14.2,llm_0,687.3312515341045,-4.8,29.559931731150193,1000.0,,-0.08675488470033943,-0.08675488470033943,-0.08675488470033943,-0.08675488470033943,-0.08589592544588243,0,highway_0,2,349.33125153410447,687.3312515341045,,-1030.5599317311503
14.3,llm_0,690.2864375332158,-4.8,29.551859991113542,1000.0,,-0.08152457437017291,-0.08152457437017291,-0.08152457437017291,-0.08152457437017291,-0.08071740036651676,0,highway_0,2,352.2864375332158,690.2864375332158,,-1030.5518599911136
14.4,llm_0,693.2408667074193,-4.8,29.544291742034734,1000.0,,-0.07643931569594997,-0.07643931569594997,-0.07643931569594997,-0.07643931569594997,-0.07568249078808265,0,highway_0,2,355.2408667074193,693.2408667074193,,-1030.5442917420348
14.5,llm_0,696.1945880118823,-4.8,29.5372130446304,1000.0,,-0.07149484378378634,-0.07149484378378634,-0.07149484378378634,-0.07149484378378634,-0.07078697404335088,0,highway_0,2,358.1945880118823,696.1945880118823,,-1030.5372130446303
14.6,llm_0,699.1476490485078,-4.8,29.530610366254574,1000.0,,-0.06668705159583554,-0.06668705159583554,-0.06668705159583554,-0.06668705159583554,-0.06602678375823956,0,highway_0,2,361.1476490485078,699.1476490485078,,-1030.5306103662547
14.7,llm_0,702.1000961051064,-4.8,29.52447056598706,1000.0,,-0.06201198270189012,-0.06201198270189012,-0.06201198270189012,-0.06201198270189012,-0.06139800267515483,0,highway_0,2,364.10009610510645,702.1000961051064,,-1030.524470565987
14.8,llm_0,705.0519741931465,-4.8,29.518780880400595,1000.0,,-0.05746582442328463,-0.05746582442328463,-0.05746582442328463,-0.05746582442328463,-0.056896855864643214,0,highway_0,2,367.0519741931465,705.0519741931465,,-1030.5187808804005
14.9,llm_0,708.0033270841435,-4.8,29.513528909970418,1000.0,,-0.05304490134478357,-0.05304490134478357,-0.05304490134478357,-0.05304490134478357,-0.05251970430176556,0,highway_0,2,370.0033270841435,708.0033270841435,,-1030.5135289099703
15.0,llm_0,710.9541973447527,-4.8,29.50870260609202,1000.0,,-0.048745669171829764,-0.048745669171829764,-0.048745669171829764,-0.048745669171829764,-0.048263038783993295,0,highway_0,2,372.95419734475274,710.9541973447527,,-1030.5087026060921
15.1,llm_0,713.9046263706202,-4.8,29.50429025867498,1000.0,,-0.04456470891209663,-0.04456470891209663,-0.04456470891209663,-0.04456470891209663,-0.04412347417037665,0,highway_0,2,375.90462637062024,713.9046263706202,,-1030.504290258675
15.2,llm_0,716.8546544190485,-4.8,29.50028048428273,1000.0,,-0.040498721361739376,-0.040498721361739376,-0.040498721361739376,-0.040498721361739376,-0.04009774392251586,0,highway_0,2,378.85465441904853,716.8546544190485,,-1030.5002804842827
15.3,llm_0,719.8043206405275,-4.8,29.49666221478985,1000.0,,-0.03654452187806623,-0.03654452187806623,-0.03654452187806623,-0.03654452187806623,-0.03618269492879023,0,highway_0,2,381.8043206405275,719.8043206405275,,-1030.49666221479
15.4,llm_0,722.7536631091806,-4.8,29.49342468653029,1000.0,,-0.0326990354215968,-0.0326990354215968,-0.0326990354215968,-0.0326990354215968,-0.03237528259560918,0,highway_0,2,384.7536631091806,722.7536631091806,,-1030.4934246865303
15.5,llm_0,725.7027188521718,-4.8,29.490557429911316,1000.0,,-0.028959291851607283,-0.028959291851607283,-0.028959291851607283,-0.028959291851607283,-0.028672566189733573,0,highway_0,2,387.70271885217176,725.7027188521718,,-1030.4905574299114
15.6,llm_0,728.6515238781187,-4.8,29.488050259469702,1000.0,,-0.025322421460308497,-0.025322421460308497,-0.025322421460308497,-0.025322421460308497,-0.025071704416141927,0,highway_0,2,390.6515238781187,728.6515238781187,,-1030.4880502594697
15.7,llm_0,731.6001132045535,-4.8,29.485893264347737,1000.0,,-0.021785650731831252,-0.021785650731831252,-0.021785650731831252,-0.021785650731831252,-0.021569951219646555,0,highway_0,2,393.6001132045535,731.6001132045535,,-1030.4858932643479
15.8,llm_0,734.5485208844703,-4.8,29.484076799168232,1000.0,,-0.018346298313018705,-0.018346298313018705,-0.018346298313018705,-0.018346298313018705,-0.018164651795054,0,highway_0,2,396.54852088447035,734.5485208844703,,-1030.4840767991682
15.9,llm_0,737.4967800319993,-4.8,29.482591475288633,1000.0,,-0.015001771183942303,-0.015001771183942303,-0.015001771183942303,-0.015001771183942303,-0.014853238795993207,0,highway_0,2,399.49678003199926,737.4967800319993,,-1030.4825914752887
16.0,llm_0,740.4449228472408,-4.8,29.481428152415685,1000.0,,-0.011749561016802357,-0.011749561016802357,-0.011749561016802357,-0.011749561016802357,-0.011633228729479583,0,highway_0,2,402.44492284724083,740.4449228472408,,-1030.4814281524157
16.1,llm_0,743.3929806402971,-4.8,29.48057793056295,1000.0,,-0.00858724071259731,-0.00858724071259731,-0.00858724071259731,-0.00858724071259731,-0.008502218527333127,0,highway_0,2,405.3929806402971,743.3929806402971,,-1030.480577930563
16.2,llm_0,746.3409838545306,-4.8,29.48003214233467,1000.0,,-0.005512461105626976,-0.005512461105626976,-0.005512461105626976,-0.005512461105626976,-0.005457882282797755,0,highway_0,2,408.3409838545306,746.3409838545306,,-1030.4800321423347
16.3,llm_0,749.2889620890826,-4.8,29.479782345520164,1000.0,,-0.0025229478265276217,-0.0025229478265276217,-0.0025229478265276217,-0.0025229478265276217,-0.002497968145078744,0,highway_0,2,411.2889620890826,749.2889620890826,,-1030.47978234552
16.4,llm_0,752.2369403236346,-4.8,29.479782345520164,1000.0,,0.0,0.0,0.0,0.0,0.0,0,highway_0,2,414.2369403236346,752.2369403236346,,-1030.47978234552
16.5,llm_0,755.1849185581866,-4.8,29.479782345520164,1000.0,,0.0,0.0,0.0,0.0,0.0,0,highway_0,2,417.1849185581866,755.1849185581866,,-1030.47978234552
16.6,llm_0,758.1328967927386,-4.8,29.479782345520164,1000.0,,0.0,0.0,0.0,0.0,0.0,0,highway_0,2,420.1328967927386,758.1328967927386,,-1030.47978234552
16.7,llm_0,761.0808750272906,-4.8,29.479782345520164,1000.0,,0.0,0.0,0.0,0.0,0.0,0,highway_0,2,423.08087502729063,761.0808750272906,,-1030.47978234552
16.8,llm_0,764.0288532618426,-4.8,29.479782345520164,1000.0,,0.0,0.0,0.0,0.0,0.0,0,highway_0,2,426.02885326184264,764.0288532618426,,-1030.47978234552
16.9,llm_0,766.9768314963947,-4.8,29.479782345520164,1000.0,,0.0,0.0,0.0,0.0,0.0,0,highway_0,2,428.97683149639465,766.9768314963947,,-1030.47978234552
17.0,llm_0,769.9248097309467,-4.8,29.479782345520164,1000.0,,0.0,0.0,0.0,0.0,0.0,0,highway_0,2,431.92480973094666,769.9248097309467,,-1030.47978234552
17.1,llm_0,772.8727879654987,-4.8,29.479782345520164,1000.0,,0.0,0.0,0.0,0.0,0.0,0,highway_0,2,434.8727879654987,772.8727879654987,,-1030.47978234552
17.2,llm_0,775.8207662000507,-4.8,29.479782345520164,1000.0,,0.0,0.0,0.0,0.0,0.0,0,highway_0,2,437.8207662000507,775.8207662000507,,-1030.47978234552
17.3,llm_0,778.7687444346027,-4.8,29.479782345520164,1000.0,,0.0,0.0,0.0,0.0,0.0,0,highway_0,2,440.7687444346027,778.7687444346027,,-1030.47978234552
17.4,llm_0,781.7167226691547,-4.8,29.479782345520164,1000.0,,0.0,0.0,0.0,0.0,0.0,0,highway_0,2,443.7167226691547,781.7167226691547,,-1030.47978234552
17.5,llm_0,784.6647009037067,-4.8,29.479782345520164,1000.0,,0.0,0.0,0.0,0.0,0.0,0,highway_0,2,446.6647009037067,784.6647009037067,,-1030.47978234552
17.6,llm_0,787.6126791382587,-4.8,29.479782345520164,1000.0,,0.0,0.0,0.0,0.0,0.0,0,highway_0,2,449.6126791382587,787.6126791382587,,-1030.47978234552
17.7,llm_0,790.5606573728107,-4.8,29.479782345520164,1000.0,,0.0,0.0,0.0,0.0,0.0,0,highway_0,2,452.56065737281074,790.5606573728107,,-1030.47978234552
17.8,llm_0,793.5086356073627,-4.8,29.479782345520164,1000.0,,0.0,0.0,0.0,0.0,0.0,0,highway_0,2,455.50863560736275,793.5086356073627,,-1030.47978234552
17.9,llm_0,796.4566138419148,-4.8,29.479782345520164,1000.0,,0.0,0.0,0.0,0.0,0.0,0,highway_0,2,458.45661384191476,796.4566138419148,,-1030.47978234552
18.0,llm_0,799.4045920764668,-4.8,29.479782345520164,1000.0,,0.0,0.0,0.0,0.0,0.0,0,highway_0,2,461.40459207646677,799.4045920764668,,-1030.47978234552
18.1,llm_0,802.3525703110188,-4.8,29.479782345520164,1000.0,,0.0,0.0,0.0,0.0,0.0,0,highway_0,2,464.3525703110188,802.3525703110188,,-1030.47978234552
18.2,llm_0,805.3005485455708,-4.8,29.479782345520164,1000.0,,0.0,0.0,0.0,0.0,0.0,0,highway_0,2,467.3005485455708,805.3005485455708,,-1030.47978234552
18.3,llm_0,808.2485267801228,-4.8,29.479782345520164,1000.0,,0.0,0.0,0.0,0.0,0.0,0,highway_0,2,470.2485267801228,808.2485267801228,,-1030.47978234552
18.4,llm_0,811.1965050146748,-4.8,29.479782345520164,1000.0,,0.0,0.0,0.0,0.0,0.0,0,highway_0,2,473.1965050146748,811.1965050146748,,-1030.47978234552
18.5,llm_0,814.1444832492268,-4.8,29.479782345520164,1000.0,,0.0,0.0,0.0,0.0,0.0,0,highway_0,2,476.1444832492268,814.1444832492268,,-1030.47978234552
18.6,llm_0,817.0924614837788,-4.8,29.479782345520164,1000.0,,0.0,0.0,0.0,0.0,0.0,0,highway_0,2,479.09246148377883,817.0924614837788,,-1030.47978234552
18.7,llm_0,820.0404397183308,-4.8,29.479782345520164,1000.0,,0.0,0.0,0.0,0.0,0.0,0,highway_0,2,482.04043971833084,820.0404397183308,,-1030.47978234552
18.8,llm_0,822.9884179528829,-4.8,29.479782345520164,1000.0,,0.0,0.0,0.0,0.0,0.0,0,highway_0,2,484.98841795288286,822.9884179528829,,-1030.47978234552
18.9,llm_0,825.9363961874349,-4.8,29.479782345520164,1000.0,,0.0,0.0,0.0,0.0,0.0,0,highway_0,2,487.93639618743487,825.9363961874349,,-1030.47978234552
19.0,llm_0,828.8843744219869,-4.8,29.479782345520164,1000.0,,0.0,0.0,0.0,0.0,0.0,0,highway_0,2,490.8843744219869,828.8843744219869,,-1030.47978234552
19.1,llm_0,831.8323526565389,-4.8,29.479782345520164,1000.0,,0.0,0.0,0.0,0.0,0.0,0,highway_0,2,493.8323526565389,831.8323526565389,,-1030.47978234552
19.2,llm_0,834.7803308910909,-4.8,29.479782345520164,1000.0,,0.0,0.0,0.0,0.0,0.0,0,highway_0,2,496.7803308910909,834.7803308910909,,-1030.47978234552
19.3,llm_0,837.7283091256429,-4.8,29.479782345520164,1000.0,,0.0,0.0,0.0,0.0,0.0,0,highway_0,2,499.7283091256429,837.7283091256429,,-1030.47978234552
19.4,llm_0,840.6762873601949,-4.8,29.479782345520164,1000.0,,0.0,0.0,0.0,0.0,0.0,0,highway_0,2,502.6762873601949,840.6762873601949,,-1030.47978234552
19.5,llm_0,843.6242655947469,-4.8,29.479782345520164,1000.0,,0.0,0.0,0.0,0.0,0.0,0,highway_0,2,505.62426559474693,843.6242655947469,,-1030.47978234552
19.6,llm_0,846.5722438292989,-4.8,29.479782345520164,1000.0,,0.0,0.0,0.0,0.0,0.0,0,highway_0,2,508.57224382929894,846.5722438292989,,-1030.47978234552
19.7,llm_0,849.520222063851,-4.8,29.479782345520164,1000.0,,0.0,0.0,0.0,0.0,0.0,0,highway_0,2,511.52022206385095,849.520222063851,,-1030.47978234552
19.8,llm_0,852.468200298403,-4.8,29.479782345520164,1000.0,,0.0,0.0,0.0,0.0,0.0,0,highway_0,2,514.468200298403,852.468200298403,,-1030.47978234552
19.9,llm_0,855.416178532955,-4.8,29.479782345520164,1000.0,,0.0,0.0,0.0,0.0,0.0,0,highway_0,2,517.416178532955,855.416178532955,,-1030.47978234552
20.0,llm_0,858.364156767507,-4.8,29.479782345520164,1000.0,,0.0,0.0,0.0,0.0,0.0,0,highway_0,2,520.364156767507,858.364156767507,,-1030.47978234552
20.1,llm_0,861.312135002059,-4.8,29.479782345520164,1000.0,,0.0,0.0,0.0,0.0,0.0,0,highway_0,2,523.312135002059,861.312135002059,,-1030.47978234552
20.2,llm_0,864.260113236611,-4.8,29.479782345520164,1000.0,,0.0,0.0,0.0,0.0,0.0,0,highway_0,2,526.260113236611,864.260113236611,,-1030.47978234552
20.3,llm_0,867.208091471163,-4.8,29.479782345520164,1000.0,,0.0,0.0,0.0,0.0,0.0,0,highway_0,2,529.208091471163,867.208091471163,,-1030.47978234552
20.4,llm_0,870.156069705715,-4.8,29.479782345520164,1000.0,,0.0,0.0,0.0,0.0,0.0,0,highway_0,2,532.156069705715,870.156069705715,,-1030.47978234552
20.5,llm_0,873.104047940267,-4.8,29.479782345520164,1000.0,,0.0,0.0,0.0,0.0,0.0,0,highway_0,2,535.104047940267,873.104047940267,,-1030.47978234552
20.6,llm_0,876.052026174819,-4.8,29.479782345520164,1000.0,,0.0,0.0,0.0,0.0,0.0,0,highway_0,2,538.052026174819,876.052026174819,,-1030.47978234552
20.7,llm_0,879.0000044093711,-4.8,29.479782345520164,1000.0,,0.0,0.0,0.0,0.0,0.0,0,highway_0,2,541.0000044093711,879.0000044093711,,-1030.47978234552
20.8,llm_0,881.9479826439231,-4.8,29.479782345520164,1000.0,,0.0,0.0,0.0,0.0,0.0,0,highway_0,2,543.9479826439231,881.9479826439231,,-1030.47978234552
20.9,llm_0,884.8959608784751,-4.8,29.479782345520164,1000.0,,0.0,0.0,0.0,0.0,0.0,0,highway_0,2,546.8959608784751,884.8959608784751,,-1030.47978234552
21.0,llm_0,887.8439391130271,-4.8,29.479782345520164,1000.0,,0.0,0.0,0.0,0.0,0.0,0,highway_0,2,549.8439391130271,887.8439391130271,,-1030.47978234552
21.1,llm_0,890.7919173475791,-4.8,29.479782345520164,1000.0,,0.0,0.0,0.0,0.0,0.0,0,highway_0,2,552.7919173475791,890.7919173475791,,-1030.47978234552
21.2,llm_0,893.7395796347588,-4.8,29.476622871796454,1000.0,,-0.03191068460946189,-0.03191068460946189,-0.03191068460946189,-0.03191068460946189,-0.03159473723709283,0,highway_0,2,555.7395796347588,893.7395796347588,,-1030.4766228717965
21.3,llm_0,896.6869470513279,-4.8,29.47367416569142,1000.0,,-0.029781931660839867,-0.029781931660839867,-0.029781931660839867,-0.029781931660839867,-0.02948706105033949,0,highway_0,2,558.6869470513279,896.6869470513279,,-1030.4736741656914
21.4,llm_0,899.6340401336196,-4.8,29.47093082291625,1000.0,,-0.02770776202920655,-0.02770776202920655,-0.02770776202920655,-0.02770776202920655,-0.027433427751688555,0,highway_0,2,561.6340401336196,899.6340401336196,,-1030.4709308229162
21.5,llm_0,902.580878890385,-4.8,29.468387567654393,1000.0,,-0.025686878144780767,-0.025686878144780767,-0.025686878144780767,-0.025686878144780767,-0.025432552618589455,0,highway_0,2,564.5808788903851,902.5808788903851,,-1030.4683875676544
21.6,llm_0,905.5274828152895,-4.8,29.466039249045863,1000.0,,-0.023718017946128045,-0.023718017946128045,-0.023718017946128045,-0.023718017946128045,-0.02348318608529354,0,highway_0,2,567.5274828152897,905.5274828152897,,-1030.466039249046
21.7,llm_0,908.4738708990689,-4.8,29.463880837790782,1000.0,,-0.021799953676348904,-0.021799953676348904,-0.021799953676348904,-0.021799953676348904,-0.02158411255081205,0,highway_0,2,570.4738708990687,908.4738708990687,,-1030.4638808377908
21.8,llm_0,911.4200616413555,-4.8,29.46190742286718,1000.0,,-0.019931490728368972,-0.019931490728368972,-0.019931490728368972,-0.019931490728368972,-0.019734149236008136,0,highway_0,2,573.4200616413555,911.4200616413555,,-1030.4619074228672
21.9,llm_0,914.3660730621913,-4.8,29.460114208358565,1000.0,,-0.01811146653702589,-0.01811146653702589,-0.01811146653702589,-0.01811146653702589,-0.017932145086163587,0,highway_0,2,576.3660730621913,914.3660730621913,,-1030.4601142083586
22.0,llm_0,917.3119227132299,-4.8,29.458496510386706,1000.0,,-0.016338749515780515,-0.016338749515780515,-0.016338749515780515,-0.016338749515780515,-0.016176979718593998,0,highway_0,2,579.3119227132299,917.3119227132299,,-1030.4584965103868
22.1,llm_0,920.2576276886444,-4.8,29.45704975414552,1000.0,,-0.014612238035975444,-0.014612238035975444,-0.014612238035975444,-0.014612238035975444,-0.014467562411866197,0,highway_0,2,582.2576276886444,920.2576276886444,,-1030.4570497541456
22.2,llm_0,923.2032046357476,-4.8,29.45576947103199,1000.0,,-0.012930859446670384,-0.012930859446670384,-0.012930859446670384,-0.012930859446670384,-0.01280283113530345,0,highway_0,2,585.2032046357476,923.2032046357476,,-1030.455769471032
22.3,llm_0,926.1486697653346,-4.8,29.454651295870285,1000.0,,-0.011293569133218995,-0.011293569133218995,-0.011293569133218995,-0.011293569133218995,-0.011181751617037605,0,highway_0,2,588.1486697653346,926.1486697653346,,-1030.4546512958702
22.4,llm_0,929.0940388617572,-4.8,29.453690964225455,1000.0,,-0.009699349612797503,-0.009699349612797503,-0.009699349612797503,-0.009699349612797503,-0.009603316448298926,0,highway_0,2,591.0940388617571,929.0940388617571,,-1030.4536909642254
22.5,llm_0,932.0393272927374,-4.8,29.452884309803153,1000.0,,-0.008147209665237964,-0.008147209665237964,-0.008147209665237964,-0.008147209665237964,-0.00806654422301989,0,highway_0,2,594.0393272927374,932.0393272927374,,-1030.4528843098033
22.6,llm_0,934.9845500189308,-4.8,29.45222726193211,1000.0,,-0.006636183497554349,-0.006636183497554349,-0.006636183497554349,-0.006636183497554349,-0.006570478710443695,0,highway_0,2,596.9845500189307,934.9845500189307,,-1030.4522272619322
22.7,llm_0,937.9297216032433,-4.8,29.451715843126102,1000.0,,-0.005165329940667984,-0.005165329940667984,-0.005165329940667984,-0.005165329940667984,-0.0051141880600624745,0,highway_0,2,599.9297216032433,937.9297216032433,,-1030.451715843126
22.8,llm_0,940.8748562199155,-4.8,29.45134616672245,1000.0,,-0.0037337316768975004,-0.0037337316768975004,-0.0037337316768975004,-0.0037337316768975004,-0.003696764036540401,0,highway_0,2,602.8748562199155,940.8748562199155,,-1030.4513461667225
22.9,llm_0,943.8199676633749,-4.8,29.451114434594047,1000.0,,-0.0023404944968528074,-0.0023404944968528074,-0.0023404944968528074,-0.0023404944968528074,-0.002317321284017737,0,highway_0,2,605.8199676633749,943.8199676633749,,-1030.451114434594
23.0,llm_0,946.765069356868,-4.8,29.45101693493222,1000.0,,-0.0009847465844370351,-0.0009847465844370351,-0.0009847465844370351,-0.0009847465844370351,-0.0009749966182681646,0,highway_0,2,608.7650693568681,946.7650693568681,,-1030.451016934932
23.1,llm_0,949.7101710503614,-4.8,29.45101693493222,1000.0,,0.0,0.0,0.0,0.0,0.0,0,highway_0,2,611.7101710503614,949.7101710503614,,-1030.451016934932
23.2,llm_0,952.6552727438548,-4.8,29.45101693493222,1000.0,,0.0,0.0,0.0,0.0,0.0,0,highway_0,2,614.6552727438547,952.6552727438547,,-1030.451016934932
23.3,llm_0,955.6003744373479,-4.8,29.45101693493222,1000.0,,0.0,0.0,0.0,0.0,0.0,0,highway_0,2,617.6003744373479,955.6003744373479,,-1030.451016934932
23.4,llm_0,958.5454761308412,-4.8,29.45101693493222,1000.0,,0.0,0.0,0.0,0.0,0.0,0,highway_0,2,620.5454761308412,958.5454761308412,,-1030.451016934932
23.5,llm_0,961.4905778243343,-4.8,29.45101693493222,1000.0,,0.0,0.0,0.0,0.0,0.0,0,highway_0,2,623.4905778243344,961.4905778243344,,-1030.451016934932
23.6,llm_0,964.4356795178277,-4.8,29.45101693493222,1000.0,,0.0,0.0,0.0,0.0,0.0,0,highway_0,2,626.4356795178277,964.4356795178277,,-1030.451016934932
23.7,llm_0,967.380781211321,-4.8,29.45101693493222,1000.0,,0.0,0.0,0.0,0.0,0.0,0,highway_0,2,629.3807812113209,967.3807812113209,,-1030.451016934932
23.8,llm_0,970.3258829048142,-4.8,29.45101693493222,1000.0,,0.0,0.0,0.0,0.0,0.0,0,highway_0,2,632.3258829048142,970.3258829048142,,-1030.451016934932
23.9,llm_0,973.2709845983075,-4.8,29.45101693493222,1000.0,,0.0,0.0,0.0,0.0,0.0,0,highway_0,2,635.2709845983075,973.2709845983075,,-1030.451016934932
24.0,llm_0,976.2160862918006,-4.8,29.45101693493222,1000.0,,0.0,0.0,0.0,0.0,0.0,0,highway_0,2,638.2160862918007,976.2160862918007,,-1030.451016934932
24.1,llm_0,979.161187985294,-4.8,29.45101693493222,1000.0,,0.0,0.0,0.0,0.0,0.0,0,highway_0,2,641.161187985294,979.161187985294,,-1030.451016934932
24.2,llm_0,982.1062896787873,-4.8,29.45101693493222,1000.0,,0.0,0.0,0.0,0.0,0.0,0,highway_0,2,644.1062896787872,982.1062896787872,,-1030.451016934932
24.3,llm_0,985.0513913722804,-4.8,29.45101693493222,1000.0,,0.0,0.0,0.0,0.0,0.0,0,highway_0,2,647.0513913722805,985.0513913722805,,-1030.451016934932
24.4,llm_0,987.9964930657737,-4.8,29.45101693493222,1000.0,,0.0,0.0,0.0,0.0,0.0,0,highway_0,2,649.9964930657737,987.9964930657737,,-1030.451016934932
24.5,llm_0,990.9415947592671,-4.8,29.45101693493222,1000.0,,0.0,0.0,0.0,0.0,0.0,0,highway_0,2,652.941594759267,990.941594759267,,-1030.451016934932
24.6,llm_0,993.8866964527602,-4.8,29.45101693493222,1000.0,,0.0,0.0,0.0,0.0,0.0,0,highway_0,2,655.8866964527602,993.8866964527602,,-1030.451016934932
24.7,llm_0,996.8317981462535,-4.8,29.45101693493222,1000.0,,0.0,0.0,0.0,0.0,0.0,0,highway_0,2,658.8317981462535,996.8317981462535,,-1030.451016934932
24.8,llm_0,999.7768998397466,-4.8,29.45101693493222,1000.0,,0.0,0.0,0.0,0.0,0.0,0,highway_0,2,661.7768998397468,999.7768998397468,,-1030.451016934932
24.9,llm_0,1002.72200153324,-4.8,29.45101693493222,1000.0,,0.0,0.0,0.0,0.0,0.0,0,highway_0,2,664.72200153324,1002.72200153324,,-1030.451016934932
25.0,llm_0,1005.6671032267334,-4.8,29.45101693493222,1000.0,,0.0,0.0,0.0,0.0,0.0,0,highway_0,2,667.6671032267333,1005.6671032267333,,-1030.451016934932
25.1,llm_0,1008.6122049202265,-4.8,29.45101693493222,1000.0,,0.0,0.0,0.0,0.0,0.0,0,highway_0,2,670.6122049202265,1008.6122049202265,,-1030.451016934932
25.2,llm_0,1011.5573066137198,-4.8,29.45101693493222,1000.0,,0.0,0.0,0.0,0.0,0.0,0,highway_0,2,673.5573066137198,1011.5573066137198,,-1030.451016934932
25.3,llm_0,1014.5024083072129,-4.8,29.45101693493222,1000.0,,0.0,0.0,0.0,0.0,0.0,0,highway_0,2,676.502408307213,1014.502408307213,,-1030.451016934932
25.4,llm_0,1017.4475100007063,-4.8,29.45101693493222,1000.0,,0.0,0.0,0.0,0.0,0.0,0,highway_0,2,679.4475100007063,1017.4475100007063,,-1030.451016934932
25.5,llm_0,1020.3926116941997,-4.8,29.45101693493222,1000.0,,0.0,0.0,0.0,0.0,0.0,0,highway_0,2,682.3926116941996,1020.3926116941996,,-1030.451016934932
25.6,llm_0,1023.3377133876928,-4.8,29.45101693493222,1000.0,,0.0,0.0,0.0,0.0,0.0,0,highway_0,2,685.3377133876928,1023.3377133876928,,-1030.451016934932
25.7,llm_0,1026.282815081186,-4.8,29.45101693493222,1000.0,,0.0,0.0,0.0,0.0,0.0,0,highway_0,2,688.2828150811861,1026.282815081186,,-1030.451016934932
25.8,llm_0,1029.2279167746792,-4.8,29.45101693493222,1000.0,,0.0,0.0,0.0,0.0,0.0,0,highway_0,2,691.2279167746792,1029.2279167746792,,-1030.451016934932
25.9,llm_0,1032.1730184681724,-4.8,29.45101693493222,1000.0,,0.0,0.0,0.0,0.0,0.0,0,highway_0,2,694.1730184681724,1032.1730184681724,,-1030.451016934932
26.0,llm_0,1035.1181201616655,-4.8,29.45101693493222,1000.0,,0.0,0.0,0.0,0.0,0.0,0,highway_0,2,697.1181201616655,1035.1181201616655,,-1030.451016934932
26.1,llm_0,1038.0632218551586,-4.8,29.45101693493222,1000.0,,0.0,0.0,0.0,0.0,0.0,0,highway_0,2,700.0632218551586,1038.0632218551586,,-1030.451016934932
26.2,llm_0,1041.0083235486518,-4.8,29.45101693493222,1000.0,,0.0,0.0,0.0,0.0,0.0,0,highway_0,2,703.0083235486518,1041.0083235486518,,-1030.451016934932
26.3,llm_0,1043.953425242145,-4.8,29.45101693493222,1000.0,,0.0,0.0,0.0,0.0,0.0,0,highway_0,2,705.9534252421449,1043.953425242145,,-1030.451016934932
26.4,llm_0,1046.898526935638,-4.8,29.45101693493222,1000.0,,0.0,0.0,0.0,0.0,0.0,0,highway_0,2,708.8985269356381,1046.898526935638,,-1030.451016934932
26.5,llm_0,1049.8436286291312,-4.8,29.45101693493222,1000.0,,0.0,0.0,0.0,0.0,0.0,0,highway_0,2,711.8436286291312,1049.8436286291312,,-1030.451016934932
26.6,llm_0,1052.7887303226244,-4.8,29.45101693493222,1000.0,,0.0,0.0,0.0,0.0,0.0,0,highway_0,2,714.7887303226244,1052.7887303226244,,-1030.451016934932
26.7,llm_0,1055.7338320161175,-4.8,29.45101693493222,1000.0,,0.0,0.0,0.0,0.0,0.0,0,highway_0,2,717.7338320161175,1055.7338320161175,,-1030.451016934932
26.8,llm_0,1058.6789337096106,-4.8,29.45101693493222,1000.0,,0.0,0.0,0.0,0.0,0.0,0,highway_0,2,720.6789337096106,1058.6789337096106,,-1030.451016934932
26.9,llm_0,1061.6240354031038,-4.8,29.45101693493222,1000.0,,0.0,0.0,0.0,0.0,0.0,0,highway_0,2,723.6240354031038,1061.6240354031038,,-1030.451016934932
27.0,llm_0,1064.569137096597,-4.8,29.45101693493222,1000.0,,0.0,0.0,0.0,0.0,0.0,0,highway_0,2,726.5691370965969,1064.569137096597,,-1030.451016934932
27.1,llm_0,1067.51423879009,-4.8,29.45101693493222,1000.0,,0.0,0.0,0.0,0.0,0.0,0,highway_0,2,729.5142387900901,1067.51423879009,,-1030.451016934932
27.2,llm_0,1070.4593404835832,-4.8,29.45101693493222,1000.0,,0.0,0.0,0.0,0.0,0.0,0,highway_0,2,732.4593404835832,1070.4593404835832,,-1030.451016934932
27.3,llm_0,1073.4044421770764,-4.8,29.45101693493222,1000.0,,0.0,0.0,0.0,0.0,0.0,0,highway_0,2,735.4044421770764,1073.4044421770764,,-1030.451016934932
27.4,llm_0,1076.3495438705695,-4.8,29.45101693493222,1000.0,,0.0,0.0,0.0,0.0,0.0,0,highway_0,2,738.3495438705695,1076.3495438705695,,-1030.451016934932
27.5,llm_0,1079.2946455640626,-4.8,29.45101693493222,1000.0,,0.0,0.0,0.0,0.0,0.0,0,highway_0,2,741.2946455640626,1079.2946455640626,,-1030.451016934932
27.6,llm_0,1082.2397472575558,-4.8,29.45101693493222,1000.0,,0.0,0.0,0.0,0.0,0.0,0,highway_0,2,744.2397472575558,1082.2397472575558,,-1030.451016934932
27.7,llm_0,1085.184848951049,-4.8,29.45101693493222,1000.0,,0.0,0.0,0.0,0.0,0.0,0,highway_0,2,747.1848489510489,1085.184848951049,,-1030.451016934932
27.8,llm_0,1088.129950644542,-4.8,29.45101693493222,1000.0,,0.0,0.0,0.0,0.0,0.0,0,highway_0,2,750.1299506445421,1088.129950644542,,-1030.451016934932
27.9,llm_0,1091.0750523380352,-4.8,29.45101693493222,1000.0,,0.0,0.0,0.0,0.0,0.0,0,highway_0,2,753.0750523380352,1091.0750523380352,,-1030.451016934932
28.0,llm_0,1094.0201540315284,-4.8,29.45101693493222,1000.0,,0.0,0.0,0.0,0.0,0.0,0,highway_0,2,756.0201540315284,1094.0201540315284,,-1030.451016934932
28.1,llm_0,1096.9652557250215,-4.8,29.45101693493222,1000.0,,0.0,0.0,0.0,0.0,0.0,0,highway_0,2,758.9652557250215,1096.9652557250215,,-1030.451016934932
28.2,llm_0,1099.9103574185146,-4.8,29.45101693493222,1000.0,,0.0,0.0,0.0,0.0,0.0,0,highway_0,2,761.9103574185146,1099.9103574185146,,-1030.451016934932
28.3,llm_0,1102.8554591120078,-4.8,29.45101693493222,1000.0,,0.0,0.0,0.0,0.0,0.0,0,highway_0,2,764.8554591120078,1102.8554591120078,,-1030.451016934932
28.4,llm_0,1105.800560805501,-4.8,29.45101693493222,1000.0,,0.0,0.0,0.0,0.0,0.0,0,highway_0,2,767.8005608055009,1105.800560805501,,-1030.451016934932
28.5,llm_0,1108.745662498994,-4.8,29.45101693493222,1000.0,,0.0,0.0,0.0,0.0,0.0,0,highway_0,2,770.7456624989941,1108.745662498994,,-1030.451016934932
28.6,llm_0,1111.6907641924872,-4.8,29.45101693493222,1000.0,,0.0,0.0,0.0,0.0,0.0,0,highway_0,2,773.6907641924872,1111.6907641924872,,-1030.451016934932
28.7,llm_0,1114.6358658859804,-4.8,29.45101693493222,1000.0,,0.0,0.0,0.0,0.0,0.0,0,highway_0,2,776.6358658859804,1114.6358658859804,,-1030.451016934932
28.8,llm_0,1117.5809675794735,-4.8,29.45101693493222,1000.0,,0.0,0.0,0.0,0.0,0.0,0,highway_0,2,779.5809675794735,1117.5809675794735,,-1030.451016934932
28.9,llm_0,1120.5260692729667,-4.8,29.45101693493222,1000.0,,0.0,0.0,0.0,0.0,0.0,0,highway_0,2,782.5260692729667,1120.5260692729667,,-1030.451016934932
29.0,llm_0,1123.4711709664598,-4.8,29.45101693493222,1000.0,,0.0,0.0,0.0,0.0,0.0,0,highway_0,2,785.4711709664598,1123.4711709664598,,-1030.451016934932
29.1,llm_0,1126.416272659953,-4.8,29.45101693493222,1000.0,,0.0,0.0,0.0,0.0,0.0,0,highway_0,2,788.4162726599529,1126.416272659953,,-1030.451016934932
29.2,llm_0,1129.361374353446,-4.8,29.45101693493222,1000.0,,0.0,0.0,0.0,0.0,0.0,0,highway_0,2,791.3613743534461,1129.361374353446,,-1030.451016934932
29.3,llm_0,1132.3064760469392,-4.8,29.45101693493222,1000.0,,0.0,0.0,0.0,0.0,0.0,0,highway_0,2,794.3064760469392,1132.3064760469392,,-1030.451016934932
29.4,llm_0,1135.2515777404324,-4.8,29.45101693493222,1000.0,,0.0,0.0,0.0,0.0,0.0,0,highway_0,2,797.2515777404324,1135.2515777404324,,-1030.451016934932
29.5,llm_0,1138.1966794339255,-4.8,29.45101693493222,1000.0,,0.0,0.0,0.0,0.0,0.0,0,highway_0,2,800.1966794339255,1138.1966794339255,,-1030.451016934932
29.6,llm_0,1141.1417811274187,-4.8,29.45101693493222,1000.0,,0.0,0.0,0.0,0.0,0.0,0,highway_0,2,803.1417811274187,1141.1417811274187,,-1030.451016934932
29.7,llm_0,1144.0868828209118,-4.8,29.45101693493222,1000.0,,0.0,0.0,0.0,0.0,0.0,0,highway_0,2,806.0868828209118,1144.0868828209118,,-1030.451016934932
29.8,llm_0,1147.031984514405,-4.8,29.45101693493222,1000.0,,0.0,0.0,0.0,0.0,0.0,0,highway_0,2,809.0319845144049,1147.031984514405,,-1030.451016934932
29.9,llm_0,1149.977086207898,-4.8,29.45101693493222,1000.0,,0.0,0.0,0.0,0.0,0.0,0,highway_0,2,811.9770862078981,1149.977086207898,,-1030.451016934932
30.0,llm_0,1152.9221879013912,-4.8,29.45101693493222,1000.0,,0.0,0.0,0.0,0.0,0.0,0,highway_0,2,814.9221879013912,1152.9221879013912,,-1030.451016934932
30.1,llm_0,1155.8672895948844,-4.8,29.45101693493222,1000.0,,0.0,0.0,0.0,0.0,0.0,0,highway_0,2,817.8672895948844,1155.8672895948844,,-1030.451016934932
30.2,llm_0,1158.8123912883775,-4.8,29.45101693493222,1000.0,,0.0,0.0,0.0,0.0,0.0,0,highway_0,2,820.8123912883775,1158.8123912883775,,-1030.451016934932
30.3,llm_0,1161.7574929818707,-4.8,29.45101693493222,1000.0,,0.0,0.0,0.0,0.0,0.0,0,highway_0,2,823.7574929818707,1161.7574929818707,,-1030.451016934932
30.4,llm_0,1164.7025946753638,-4.8,29.45101693493222,1000.0,,0.0,0.0,0.0,0.0,0.0,0,highway_0,2,826.7025946753638,1164.7025946753638,,-1030.451016934932
30.5,llm_0,1167.647696368857,-4.8,29.45101693493222,1000.0,,0.0,0.0,0.0,0.0,0.0,0,highway_0,2,829.6476963688569,1167.647696368857,,-1030.451016934932
30.6,llm_0,1170.59279806235,-4.8,29.45101693493222,1000.0,,0.0,0.0,0.0,0.0,0.0,0,highway_0,2,832.5927980623501,1170.59279806235,,-1030.451016934932
30.7,llm_0,1173.5378997558432,-4.8,29.45101693493222,1000.0,,0.0,0.0,0.0,0.0,0.0,0,highway_0,2,835.5378997558432,1173.5378997558432,,-1030.451016934932
30.8,llm_0,1176.4830014493364,-4.8,29.45101693493222,1000.0,,0.0,0.0,0.0,0.0,0.0,0,highway_0,2,838.4830014493364,1176.4830014493364,,-1030.451016934932
30.9,llm_0,1179.4281031428295,-4.8,29.45101693493222,1000.0,,0.0,0.0,0.0,0.0,0.0,0,highway_0,2,841.4281031428295,1179.4281031428295,,-1030.451016934932
31.0,llm_0,1182.3732048363227,-4.8,29.45101693493222,1000.0,,0.0,0.0,0.0,0.0,0.0,0,highway_0,2,844.3732048363227,1182.3732048363227,,-1030.451016934932
31.1,llm_0,1185.3183065298158,-4.8,29.45101693493222,1000.0,,0.0,0.0,0.0,0.0,0.0,0,highway_0,2,847.3183065298158,1185.3183065298158,,-1030.451016934932
31.2,llm_0,1188.263408223309,-4.8,29.45101693493222,1000.0,,0.0,0.0,0.0,0.0,0.0,0,highway_0,2,850.2634082233089,1188.263408223309,,-1030.451016934932
31.3,llm_0,1191.208509916802,-4.8,29.45101693493222,1000.0,,0.0,0.0,0.0,0.0,0.0,0,highway_0,2,853.2085099168021,1191.208509916802,,-1030.451016934932
31.4,llm_0,1194.1536116102952,-4.8,29.45101693493222,1000.0,,0.0,0.0,0.0,0.0,0.0,0,highway_0,2,856.1536116102952,1194.1536116102952,,-1030.451016934932
31.5,llm_0,1197.0987133037884,-4.8,29.45101693493222,1000.0,,0.0,0.0,0.0,0.0,0.0,0,highway_0,2,859.0987133037884,1197.0987133037884,,-1030.451016934932
31.6,llm_0,1200.0438149972815,-4.8,29.45101693493222,1000.0,,0.0,0.0,0.0,0.0,0.0,0,highway_0,2,862.0438149972815,1200.0438149972815,,-1030.451016934932
31.7,llm_0,1202.9889166907747,-4.8,29.45101693493222,1000.0,,0.0,0.0,0.0,0.0,0.0,0,highway_0,2,864.9889166907747,1202.9889166907747,,-1030.451016934932
31.8,llm_0,1205.9340183842678,-4.8,29.45101693493222,1000.0,,0.0,0.0,0.0,0.0,0.0,0,highway_0,2,867.9340183842678,1205.9340183842678,,-1030.451016934932
31.9,llm_0,1208.879120077761,-4.8,29.45101693493222,1000.0,,0.0,0.0,0.0,0.0,0.0,0,highway_0,2,870.879120077761,1208.879120077761,,-1030.451016934932
32.0,llm_0,1211.824221771254,-4.8,29.45101693493222,1000.0,,0.0,0.0,0.0,0.0,0.0,0,highway_0,2,873.8242217712541,1211.824221771254,,-1030.451016934932
32.1,llm_0,1214.7693234647472,-4.8,29.45101693493222,1000.0,,0.0,0.0,0.0,0.0,0.0,0,highway_0,2,876.7693234647472,1214.7693234647472,,-1030.451016934932
32.2,llm_0,1217.7144251582404,-4.8,29.45101693493222,1000.0,,0.0,0.0,0.0,0.0,0.0,0,highway_0,2,879.7144251582404,1217.7144251582404,,-1030.451016934932
32.3,llm_0,1220.6595268517335,-4.8,29.45101693493222,1000.0,,0.0,0.0,0.0,0.0,0.0,0,highway_0,2,882.6595268517335,1220.6595268517335,,-1030.451016934932
32.4,llm_0,1223.6046285452267,-4.8,29.45101693493222,1000.0,,0.0,0.0,0.0,0.0,0.0,0,highway_0,2,885.6046285452267,1223.6046285452267,,-1030.451016934932
32.5,llm_0,1226.5497302387198,-4.8,29.45101693493222,1000.0,,0.0,0.0,0.0,0.0,0.0,0,highway_0,2,888.5497302387198,1226.5497302387198,,-1030.451016934932
32.6,llm_0,1229.494831932213,-4.8,29.45101693493222,1000.0,,0.0,0.0,0.0,0.0,0.0,0,highway_0,2,891.494831932213,1229.494831932213,,-1030.451016934932
32.7,llm_0,1232.439933625706,-4.8,29.45101693493222,1000.0,,0.0,0.0,0.0,0.0,0.0,0,highway_0,2,894.4399336257061,1232.439933625706,,-1030.451016934932
32.8,llm_0,1235.3850353191992,-4.8,29.45101693493222,1000.0,,0.0,0.0,0.0,0.0,0.0,0,highway_0,2,897.3850353191992,1235.3850353191992,,-1030.451016934932
32.9,llm_0,1238.3301370126924,-4.8,29.45101693493222,1000.0,,0.0,0.0,0.0,0.0,0.0,0,highway_0,2,900.3301370126924,1238.3301370126924,,-1030.451016934932
33.0,llm_0,1241.2752387061855,-4.8,29.45101693493222,1000.0,,0.0,0.0,0.0,0.0,0.0,0,highway_0,2,903.2752387061855,1241.2752387061855,,-1030.451016934932
33.1,llm_0,1244.2203403996787,-4.8,29.45101693493222,1000.0,,0.0,0.0,0.0,0.0,0.0,0,highway_0,2,906.2203403996787,1244.2203403996787,,-1030.451016934932
33.2,llm_0,1247.1654420931718,-4.8,29.45101693493222,1000.0,,0.0,0.0,0.0,0.0,0.0,0,highway_0,2,909.1654420931718,1247.1654420931718,,-1030.451016934932
33.3,llm_0,1250.110543786665,-4.8,29.45101693493222,1000.0,,0.0,0.0,0.0,0.0,0.0,0,highway_0,2,912.110543786665,1250.110543786665,,-1030.451016934932
33.4,llm_0,1253.055645480158,-4.8,29.45101693493222,1000.0,,0.0,0.0,0.0,0.0,0.0,0,highway_0,2,915.0556454801581,1253.055645480158,,-1030.451016934932
33.5,llm_0,1256.0007471736512,-4.8,29.45101693493222,1000.0,,0.0,0.0,0.0,0.0,0.0,0,highway_0,2,918.0007471736512,1256.0007471736512,,-1030.451016934932
33.6,llm_0,1258.9458488671444,-4.8,29.45101693493222,1000.0,,0.0,0.0,0.0,0.0,0.0,0,highway_0,2,920.9458488671444,1258.9458488671444,,-1030.451016934932
33.7,llm_0,1261.8909505606375,-4.8,29.45101693493222,1000.0,,0.0,0.0,0.0,0.0,0.0,0,highway_0,2,923.8909505606375,1261.8909505606375,,-1030.451016934932
33.8,llm_0,1264.8360522541307,-4.8,29.45101693493222,1000.0,,0.0,0.0,0.0,0.0,0.0,0,highway_0,2,926.8360522541307,1264.8360522541307,,-1030.451016934932
33.9,llm_0,1267.7811539476238,-4.8,29.45101693493222,1000.0,,0.0,0.0,0.0,0.0,0.0,0,highway_0,2,929.7811539476238,1267.7811539476238,,-1030.451016934932
34.0,llm_0,1270.726255641117,-4.8,29.45101693493222,1000.0,,0.0,0.0,0.0,0.0,0.0,0,highway_0,2,932.726255641117,1270.726255641117,,-1030.451016934932
34.1,llm_0,1273.67135733461,-4.8,29.45101693493222,1000.0,,0.0,0.0,0.0,0.0,0.0,0,highway_0,2,935.6713573346101,1273.67135733461,,-1030.451016934932
34.2,llm_0,1276.6164590281032,-4.8,29.45101693493222,1000.0,,0.0,0.0,0.0,0.0,0.0,0,highway_0,2,938.6164590281032,1276.6164590281032,,-1030.451016934932
34.3,llm_0,1279.5615607215964,-4.8,29.45101693493222,1000.0,,0.0,0.0,0.0,0.0,0.0,0,highway_0,2,941.5615607215964,1279.5615607215964,,-1030.451016934932
34.4,llm_0,1282.5066624150895,-4.8,29.45101693493222,1000.0,,0.0,0.0,0.0,0.0,0.0,0,highway_0,2,944.5066624150895,1282.5066624150895,,-1030.451016934932
34.5,llm_0,1285.4517641085827,-4.8,29.45101693493222,1000.0,,0.0,0.0,0.0,0.0,0.0,0,highway_0,2,947.4517641085827,1285.4517641085827,,-1030.451016934932
34.6,llm_0,1288.3968658020758,-4.8,29.45101693493222,1000.0,,0.0,0.0,0.0,0.0,0.0,0,highway_0,2,950.3968658020758,1288.3968658020758,,-1030.451016934932
34.7,llm_0,1291.341967495569,-4.8,29.45101693493222,1000.0,,0.0,0.0,0.0,0.0,0.0,0,highway_0,2,953.341967495569,1291.341967495569,,-1030.451016934932
34.8,llm_0,1294.287069189062,-4.8,29.45101693493222,1000.0,,0.0,0.0,0.0,0.0,0.0,0,highway_0,2,956.2870691890621,1294.287069189062,,-1030.451016934932
34.9,llm_0,1297.2321708825552,-4.8,29.45101693493222,1000.0,,0.0,0.0,0.0,0.0,0.0,0,highway_0,2,959.2321708825552,1297.2321708825552,,-1030.451016934932
35.0,llm_0,1300.1772725760484,-4.8,29.45101693493222,1000.0,,0.0,0.0,0.0,0.0,0.0,0,highway_0,2,962.1772725760484,1300.1772725760484,,-1030.451016934932
35.1,llm_0,1303.1223742695415,-4.8,29.45101693493222,1000.0,,0.0,0.0,0.0,0.0,0.0,0,highway_0,2,965.1223742695415,1303.1223742695415,,-1030.451016934932
35.2,llm_0,1306.0674759630347,-4.8,29.45101693493222,1000.0,,0.0,0.0,0.0,0.0,0.0,0,highway_0,2,968.0674759630347,1306.0674759630347,,-1030.451016934932
35.3,llm_0,1309.0125776565278,-4.8,29.45101693493222,1000.0,,0.0,0.0,0.0,0.0,0.0,0,highway_0,2,971.0125776565278,1309.0125776565278,,-1030.451016934932
35.4,llm_0,1311.957679350021,-4.8,29.45101693493222,1000.0,,0.0,0.0,0.0,0.0,0.0,0,highway_0,2,973.957679350021,1311.957679350021,,-1030.451016934932
35.5,llm_0,1314.902781043514,-4.8,29.45101693493222,1000.0,,0.0,0.0,0.0,0.0,0.0,0,highway_0,2,976.9027810435141,1314.902781043514,,-1030.451016934932
35.6,llm_0,1317.8478827370072,-4.8,29.45101693493222,1000.0,,0.0,0.0,0.0,0.0,0.0,0,highway_0,2,979.8478827370072,1317.8478827370072,,-1030.451016934932
35.7,llm_0,1320.7929844305004,-4.8,29.45101693493222,1000.0,,0.0,0.0,0.0,0.0,0.0,0,highway_0,2,982.7929844305004,1320.7929844305004,,-1030.451016934932
35.8,llm_0,1323.7380861239935,-4.8,29.45101693493222,1000.0,,0.0,0.0,0.0,0.0,0.0,0,highway_0,2,985.7380861239935,1323.7380861239935,,-1030.451016934932
35.9,llm_0,1326.6831878174867,-4.8,29.45101693493222,1000.0,,0.0,0.0,0.0,0.0,0.0,0,highway_0,2,988.6831878174867,1326.6831878174867,,-1030.451016934932
36.0,llm_0,1329.6282895109798,-4.8,29.45101693493222,1000.0,,0.0,0.0,0.0,0.0,0.0,0,highway_0,2,991.6282895109798,1329.6282895109798,,-1030.451016934932
36.1,llm_0,1332.573391204473,-4.8,29.45101693493222,1000.0,,0.0,0.0,0.0,0.0,0.0,0,highway_0,2,994.573391204473,1332.573391204473,,-1030.451016934932
36.2,llm_0,1335.518492897966,-4.8,29.45101693493222,1000.0,,0.0,0.0,0.0,0.0,0.0,0,highway_0,2,997.5184928979661,1335.518492897966,,-1030.451016934932
36.3,llm_0,1338.4635945914592,-4.8,29.45101693493222,1000.0,,0.0,0.0,0.0,0.0,0.0,0,highway_0,2,1000.4635945914592,1338.4635945914592,,-1030.451016934932
36.4,llm_0,1341.4086962849524,-4.8,29.45101693493222,1000.0,,0.0,0.0,0.0,0.0,0.0,0,highway_0,2,1003.4086962849524,1341.4086962849524,,-1030.451016934932
36.5,llm_0,1344.3537979784455,-4.8,29.45101693493222,1000.0,,0.0,0.0,0.0,0.0,0.0,0,highway_0,2,1006.3537979784455,1344.3537979784455,,-1030.451016934932
36.6,llm_0,1347.2988996719387,-4.8,29.45101693493222,1000.0,,0.0,0.0,0.0,0.0,0.0,0,highway_0,2,1009.2988996719387,1347.2988996719387,,-1030.451016934932
36.7,llm_0,1350.2440013654318,-4.8,29.45101693493222,1000.0,,0.0,0.0,0.0,0.0,0.0,0,highway_0,2,1012.2440013654318,1350.2440013654318,,-1030.451016934932
36.8,llm_0,1353.189103058925,-4.8,29.45101693493222,1000.0,,0.0,0.0,0.0,0.0,0.0,0,highway_0,2,1015.189103058925,1353.189103058925,,-1030.451016934932
36.9,llm_0,1356.134204752418,-4.8,29.45101693493222,1000.0,,0.0,0.0,0.0,0.0,0.0,0,highway_0,2,1018.1342047524181,1356.134204752418,,-1030.451016934932
37.0,llm_0,1359.0793064459112,-4.8,29.45101693493222,1000.0,,0.0,0.0,0.0,0.0,0.0,0,highway_0,2,1021.0793064459112,1359.0793064459112,,-1030.451016934932
37.1,llm_0,1362.0244081394044,-4.8,29.45101693493222,1000.0,,0.0,0.0,0.0,0.0,0.0,0,highway_0,2,1024.0244081394044,1362.0244081394044,,-1030.451016934932
37.2,llm_0,1364.9695098328975,-4.8,29.45101693493222,1000.0,,0.0,0.0,0.0,0.0,0.0,0,highway_0,2,1026.9695098328975,1364.9695098328975,,-1030.451016934932
37.3,llm_0,1367.9146115263907,-4.8,29.45101693493222,1000.0,,0.0,0.0,0.0,0.0,0.0,0,highway_0,2,1029.9146115263907,1367.9146115263907,,-1030.451016934932
37.4,llm_0,1370.8597132198838,-4.8,29.45101693493222,1000.0,,0.0,0.0,0.0,0.0,0.0,0,highway_0,2,1032.8597132198838,1370.8597132198838,,-1030.451016934932
37.5,llm_0,1373.804814913377,-4.8,29.45101693493222,1000.0,,0.0,0.0,0.0,0.0,0.0,0,highway_0,2,1035.804814913377,1373.804814913377,,-1030.451016934932
37.6,llm_0,1376.74991660687,-4.8,29.45101693493222,1000.0,,0.0,0.0,0.0,0.0,0.0,0,highway_0,2,1038.74991660687,1376.74991660687,,-1030.451016934932
37.7,llm_0,1379.6950183003632,-4.8,29.45101693493222,1000.0,,0.0,0.0,0.0,0.0,0.0,0,highway_0,2,1041.6950183003632,1379.6950183003632,,-1030.451016934932
37.8,llm_0,1382.6401199938564,-4.8,29.45101693493222,1000.0,,0.0,0.0,0.0,0.0,0.0,0,highway_0,2,1044.6401199938564,1382.6401199938564,,-1030.451016934932
37.9,llm_0,1385.5852216873495,-4.8,29.45101693493222,1000.0,,0.0,0.0,0.0,0.0,0.0,0,highway_0,2,1047.5852216873495,1385.5852216873495,,-1030.451016934932
38.0,llm_0,1388.5303233808427,-4.8,29.45101693493222,1000.0,,0.0,0.0,0.0,0.0,0.0,0,highway_0,2,1050.5303233808427,1388.5303233808427,,-1030.451016934932
38.1,llm_0,1391.4754250743358,-4.8,29.45101693493222,1000.0,,0.0,0.0,0.0,0.0,0.0,0,highway_0,2,1053.4754250743358,1391.4754250743358,,-1030.451016934932
38.2,llm_0,1394.420526767829,-4.8,29.45101693493222,1000.0,,0.0,0.0,0.0,0.0,0.0,0,highway_0,2,1056.420526767829,1394.420526767829,,-1030.451016934932
38.3,llm_0,1397.365628461322,-4.8,29.45101693493222,1000.0,,0.0,0.0,0.0,0.0,0.0,0,highway_0,2,1059.365628461322,1397.365628461322,,-1030.451016934932
38.4,llm_0,1400.3107301548152,-4.8,29.45101693493222,1000.0,,0.0,0.0,0.0,0.0,0.0,0,highway_0,2,1062.3107301548152,1400.3107301548152,,-1030.451016934932
38.5,llm_0,1403.2558318483084,-4.8,29.45101693493222,1000.0,,0.0,0.0,0.0,0.0,0.0,0,highway_0,2,1065.2558318483084,1403.2558318483084,,-1030.451016934932
38.6,llm_0,1406.2009335418015,-4.8,29.45101693493222,1000.0,,0.0,0.0,0.0,0.0,0.0,0,highway_0,2,1068.2009335418015,1406.2009335418015,,-1030.451016934932
38.7,llm_0,1409.1460352352947,-4.8,29.45101693493222,1000.0,,0.0,0.0,0.0,0.0,0.0,0,highway_0,2,1071.1460352352947,1409.1460352352947,,-1030.451016934932
38.8,llm_0,1412.0911369287878,-4.8,29.45101693493222,1000.0,,0.0,0.0,0.0,0.0,0.0,0,highway_0,2,1074.0911369287878,1412.0911369287878,,-1030.451016934932
38.9,llm_0,1415.036238622281,-4.8,29.45101693493222,1000.0,,0.0,0.0,0.0,0.0,0.0,0,highway_0,2,1077.036238622281,1415.036238622281,,-1030.451016934932
39.0,llm_0,1417.981340315774,-4.8,29.45101693493222,1000.0,,0.0,0.0,0.0,0.0,0.0,0,highway_0,2,1079.981340315774,1417.981340315774,,-1030.451016934932
39.1,llm_0,1420.9264420092672,-4.8,29.45101693493222,1000.0,,0.0,0.0,0.0,0.0,0.0,0,highway_0,2,1082.9264420092672,1420.9264420092672,,-1030.451016934932
39.2,llm_0,1423.8715437027604,-4.8,29.45101693493222,1000.0,,0.0,0.0,0.0,0.0,0.0,0,highway_0,2,1085.8715437027604,1423.8715437027604,,-1030.451016934932
39.3,llm_0,1426.8166453962535,-4.8,29.45101693493222,1000.0,,0.0,0.0,0.0,0.0,0.0,0,highway_0,2,1088.8166453962535,1426.8166453962535,,-1030.451016934932
39.4,llm_0,1429.7617470897467,-4.8,29.45101693493222,1000.0,,0.0,0.0,0.0,0.0,0.0,0,highway_0,2,1091.7617470897467,1429.7617470897467,,-1030.451016934932
39.5,llm_0,1432.7068487832398,-4.8,29.45101693493222,1000.0,,0.0,0.0,0.0,0.0,0.0,0,highway_0,2,1094.7068487832398,1432.7068487832398,,-1030.451016934932
39.6,llm_0,1435.651950476733,-4.8,29.45101693493222,1000.0,,0.0,0.0,0.0,0.0,0.0,0,highway_0,2,1097.651950476733,1435.651950476733,,-1030.451016934932
39.7,llm_0,1438.597052170226,-4.8,29.45101693493222,1000.0,,0.0,0.0,0.0,0.0,0.0,0,highway_0,2,1100.597052170226,1438.597052170226,,-1030.451016934932
39.8,llm_0,1441.5421538637192,-4.8,29.45101693493222,1000.0,,0.0,0.0,0.0,0.0,0.0,0,highway_0,2,1103.5421538637192,1441.5421538637192,,-1030.451016934932
39.9,llm_0,1444.4872555572124,-4.8,29.45101693493222,1000.0,,0.0,0.0,0.0,0.0,0.0,0,highway_0,2,1106.4872555572124,1444.4872555572124,,-1030.451016934932
40.0,llm_0,1447.4323572507055,-4.8,29.45101693493222,1000.0,,0.0,0.0,0.0,0.0,0.0,0,highway_0,2,1109.4323572507055,1447.4323572507055,,-1030.451016934932
40.1,llm_0,1450.3774589441987,-4.8,29.45101693493222,1000.0,,0.0,0.0,0.0,0.0,0.0,0,highway_0,2,1112.3774589441987,1450.3774589441987,,-1030.451016934932
40.2,llm_0,1453.3225606376918,-4.8,29.45101693493222,1000.0,,0.0,0.0,0.0,0.0,0.0,0,highway_0,2,1115.3225606376918,1453.3225606376918,,-1030.451016934932
40.3,llm_0,1456.267662331185,-4.8,29.45101693493222,1000.0,,0.0,0.0,0.0,0.0,0.0,0,highway_0,2,1118.267662331185,1456.267662331185,,-1030.451016934932
40.4,llm_0,1459.212764024678,-4.8,29.45101693493222,1000.0,,0.0,0.0,0.0,0.0,0.0,0,highway_0,2,1121.212764024678,1459.212764024678,,-1030.451016934932
40.5,llm_0,1462.1578657181713,-4.8,29.45101693493222,1000.0,,0.0,0.0,0.0,0.0,0.0,0,highway_0,2,1124.1578657181713,1462.1578657181713,,-1030.451016934932
40.6,llm_0,1465.1029674116644,-4.8,29.45101693493222,1000.0,,0.0,0.0,0.0,0.0,0.0,0,highway_0,2,1127.1029674116644,1465.1029674116644,,-1030.451016934932
40.7,llm_0,1468.0480691051575,-4.8,29.45101693493222,1000.0,,0.0,0.0,0.0,0.0,0.0,0,highway_0,2,1130.0480691051575,1468.0480691051575,,-1030.451016934932
40.8,llm_0,1470.9931707986507,-4.8,29.45101693493222,1000.0,,0.0,0.0,0.0,0.0,0.0,0,highway_0,2,1132.9931707986507,1470.9931707986507,,-1030.451016934932
40.9,llm_0,1473.9382724921438,-4.8,29.45101693493222,1000.0,,0.0,0.0,0.0,0.0,0.0,0,highway_0,2,1135.9382724921438,1473.9382724921438,,-1030.451016934932
41.0,llm_0,1476.883374185637,-4.8,29.45101693493222,1000.0,,0.0,0.0,0.0,0.0,0.0,0,highway_0,2,1138.883374185637,1476.883374185637,,-1030.451016934932
41.1,llm_0,1479.82847587913,-4.8,29.45101693493222,1000.0,,0.0,0.0,0.0,0.0,0.0,0,highway_0,2,1141.82847587913,1479.82847587913,,-1030.451016934932
41.2,llm_0,1482.7735775726233,-4.8,29.45101693493222,1000.0,,0.0,0.0,0.0,0.0,0.0,0,highway_0,2,1144.7735775726233,1482.7735775726233,,-1030.451016934932
41.3,llm_0,1485.7186792661164,-4.8,29.45101693493222,1000.0,,0.0,0.0,0.0,0.0,0.0,0,highway_0,2,1147.7186792661164,1485.7186792661164,,-1030.451016934932
41.4,llm_0,1488.6637809596095,-4.8,29.45101693493222,1000.0,,0.0,0.0,0.0,0.0,0.0,0,highway_0,2,1150.6637809596095,1488.6637809596095,,-1030.451016934932
41.5,llm_0,1491.6088826531027,-4.8,29.45101693493222,1000.0,,0.0,0.0,0.0,0.0,0.0,0,highway_0,2,1153.6088826531027,1491.6088826531027,,-1030.451016934932
41.6,llm_0,1494.5539843465958,-4.8,29.45101693493222,1000.0,,0.0,0.0,0.0,0.0,0.0,0,highway_0,2,1156.5539843465958,1494.5539843465958,,-1030.451016934932
41.7,llm_0,1497.499086040089,-4.8,29.45101693493222,1000.0,,0.0,0.0,0.0,0.0,0.0,0,highway_0,2,1159.499086040089,1497.499086040089,,-1030.451016934932
41.8,llm_0,1500.444187733582,-4.8,29.45101693493222,1000.0,,0.0,0.0,0.0,0.0,0.0,0,highway_0,2,1162.444187733582,1500.444187733582,,-1030.451016934932
41.9,llm_0,1503.3892894270753,-4.8,29.45101693493222,1000.0,,0.0,0.0,0.0,0.0,0.0,0,highway_0,2,1165.3892894270753,1503.3892894270753,,-1030.451016934932
42.0,llm_0,1506.3343911205684,-4.8,29.45101693493222,1000.0,,0.0,0.0,0.0,0.0,0.0,0,highway_0,2,1168.3343911205684,1506.3343911205684,,-1030.451016934932
42.1,llm_0,1509.2794928140615,-4.8,29.45101693493222,1000.0,,0.0,0.0,0.0,0.0,0.0,0,highway_0,2,1171.2794928140615,1509.2794928140615,,-1030.451016934932
42.2,llm_0,1512.2245945075547,-4.8,29.45101693493222,1000.0,,0.0,0.0,0.0,0.0,0.0,0,highway_0,2,1174.2245945075547,1512.2245945075547,,-1030.451016934932
42.3,llm_0,1515.1696962010478,-4.8,29.45101693493222,1000.0,,0.0,0.0,0.0,0.0,0.0,0,highway_0,2,1177.1696962010478,1515.1696962010478,,-1030.451016934932
42.4,llm_0,1518.114797894541,-4.8,29.45101693493222,1000.0,,0.0,0.0,0.0,0.0,0.0,0,highway_0,2,1180.114797894541,1518.114797894541,,-1030.451016934932
42.5,llm_0,1521.059899588034,-4.8,29.45101693493222,1000.0,,0.0,0.0,0.0,0.0,0.0,0,highway_0,2,1183.059899588034,1521.059899588034,,-1030.451016934932
42.6,llm_0,1524.0050012815273,-4.8,29.45101693493222,1000.0,,0.0,0.0,0.0,0.0,0.0,0,highway_0,2,1186.0050012815273,1524.0050012815273,,-1030.451016934932
42.7,llm_0,1526.9501029750204,-4.8,29.45101693493222,1000.0,,0.0,0.0,0.0,0.0,0.0,0,highway_0,2,1188.9501029750204,1526.9501029750204,,-1030.451016934932
42.8,llm_0,1529.8952046685135,-4.8,29.45101693493222,1000.0,,0.0,0.0,0.0,0.0,0.0,0,highway_0,2,1191.8952046685135,1529.8952046685135,,-1030.451016934932
42.9,llm_0,1532.8403063620067,-4.8,29.45101693493222,1000.0,,0.0,0.0,0.0,0.0,0.0,0,highway_0,2,1194.8403063620067,1532.8403063620067,,-1030.451016934932
43.0,llm_0,1535.7854080554998,-4.8,29.45101693493222,1000.0,,0.0,0.0,0.0,0.0,0.0,0,highway_0,2,1197.7854080554998,1535.7854080554998,,-1030.451016934932
43.1,llm_0,1538.730509748993,-4.8,29.45101693493222,1000.0,,0.0,0.0,0.0,0.0,0.0,0,highway_0,2,1200.730509748993,1538.730509748993,,-1030.451016934932
43.2,llm_0,1541.6756114424861,-4.8,29.45101693493222,1000.0,,0.0,0.0,0.0,0.0,0.0,0,highway_0,2,1203.6756114424861,1541.6756114424861,,-1030.451016934932
43.3,llm_0,1544.6207131359793,-4.8,29.45101693493222,1000.0,,0.0,0.0,0.0,0.0,0.0,0,highway_0,2,1206.6207131359793,1544.6207131359793,,-1030.451016934932
43.4,llm_0,1547.5658148294724,-4.8,29.45101693493222,1000.0,,0.0,0.0,0.0,0.0,0.0,0,highway_0,2,1209.5658148294724,1547.5658148294724,,-1030.451016934932
43.5,llm_0,1550.5109165229655,-4.8,29.45101693493222,1000.0,,0.0,0.0,0.0,0.0,0.0,0,highway_0,2,1212.5109165229655,1550.5109165229655,,-1030.451016934932
43.6,llm_0,1553.4560182164587,-4.8,29.45101693493222,1000.0,,0.0,0.0,0.0,0.0,0.0,0,highway_0,2,1215.4560182164587,1553.4560182164587,,-1030.451016934932
43.7,llm_0,1556.4011199099518,-4.8,29.45101693493222,1000.0,,0.0,0.0,0.0,0.0,0.0,0,highway_0,2,1218.4011199099518,1556.4011199099518,,-1030.451016934932
43.8,llm_0,1559.346221603445,-4.8,29.45101693493222,1000.0,,0.0,0.0,0.0,0.0,0.0,0,highway_0,2,1221.346221603445,1559.346221603445,,-1030.451016934932
43.9,llm_0,1562.2913232969381,-4.8,29.45101693493222,1000.0,,0.0,0.0,0.0,0.0,0.0,0,highway_0,2,1224.2913232969381,1562.2913232969381,,-1030.451016934932
44.0,llm_0,1565.2364249904313,-4.8,29.45101693493222,1000.0,,0.0,0.0,0.0,0.0,0.0,0,highway_0,2,1227.2364249904313,1565.2364249904313,,-1030.451016934932
44.1,llm_0,1568.1815266839244,-4.8,29.45101693493222,1000.0,,0.0,0.0,0.0,0.0,0.0,0,highway_0,2,1230.1815266839244,1568.1815266839244,,-1030.451016934932
44.2,llm_0,1571.1266283774175,-4.8,29.45101693493222,1000.0,,0.0,0.0,0.0,0.0,0.0,0,highway_0,2,1233.1266283774175,1571.1266283774175,,-1030.451016934932
44.3,llm_0,1574.0717300709107,-4.8,29.45101693493222,1000.0,,0.0,0.0,0.0,0.0,0.0,0,highway_0,2,1236.0717300709107,1574.0717300709107,,-1030.451016934932
44.4,llm_0,1577.0168317644038,-4.8,29.45101693493222,1000.0,,0.0,0.0,0.0,0.0,0.0,0,highway_0,2,1239.0168317644038,1577.0168317644038,,-1030.451016934932
44.5,llm_0,1579.961933457897,-4.8,29.45101693493222,1000.0,,0.0,0.0,0.0,0.0,0.0,0,highway_0,2,1241.961933457897,1579.961933457897,,-1030.451016934932
44.6,llm_0,1582.9070351513901,-4.8,29.45101693493222,1000.0,,0.0,0.0,0.0,0.0,0.0,0,highway_0,2,1244.9070351513901,1582.9070351513901,,-1030.451016934932
44.7,llm_0,1585.8521368448833,-4.8,29.45101693493222,1000.0,,0.0,0.0,0.0,0.0,0.0,0,highway_0,2,1247.8521368448833,1585.8521368448833,,-1030.451016934932
44.8,llm_0,1588.7972385383764,-4.8,29.45101693493222,1000.0,,0.0,0.0,0.0,0.0,0.0,0,highway_0,2,1250.7972385383764,1588.7972385383764,,-1030.451016934932
44.9,llm_0,1591.7423402318695,-4.8,29.45101693493222,1000.0,,0.0,0.0,0.0,0.0,0.0,0,highway_0,2,1253.7423402318695,1591.7423402318695,,-1030.451016934932
45.0,llm_0,1594.6874419253627,-4.8,29.45101693493222,1000.0,,0.0,0.0,0.0,0.0,0.0,0,highway_0,2,1256.6874419253627,1594.6874419253627,,-1030.451016934932
45.1,llm_0,1597.6325436188558,-4.8,29.45101693493222,1000.0,,0.0,0.0,0.0,0.0,0.0,0,highway_0,2,1259.6325436188558,1597.6325436188558,,-1030.451016934932
45.2,llm_0,1600.577645312349,-4.8,29.45101693493222,1000.0,,0.0,0.0,0.0,0.0,0.0,0,highway_0,2,1262.577645312349,1600.577645312349,,-1030.451016934932
45.3,llm_0,1603.5227470058421,-4.8,29.45101693493222,1000.0,,0.0,0.0,0.0,0.0,0.0,0,highway_0,2,1265.5227470058421,1603.5227470058421,,-1030.451016934932
45.4,llm_0,1606.4678486993353,-4.8,29.45101693493222,1000.0,,0.0,0.0,0.0,0.0,0.0,0,highway_0,2,1268.4678486993353,1606.4678486993353,,-1030.451016934932
45.5,llm_0,1609.4129503928284,-4.8,29.45101693493222,1000.0,,0.0,0.0,0.0,0.0,0.0,0,highway_0,2,1271.4129503928284,1609.4129503928284,,-1030.451016934932
45.6,llm_0,1612.3580520863215,-4.8,29.45101693493222,1000.0,,0.0,0.0,0.0,0.0,0.0,0,highway_0,2,1274.3580520863215,1612.3580520863215,,-1030.451016934932
45.7,llm_0,1615.3031537798147,-4.8,29.45101693493222,1000.0,,0.0,0.0,0.0,0.0,0.0,0,highway_0,2,1277.3031537798147,1615.3031537798147,,-1030.451016934932
45.8,llm_0,1618.2482554733078,-4.8,29.45101693493222,1000.0,,0.0,0.0,0.0,0.0,0.0,0,highway_0,2,1280.2482554733078,1618.2482554733078,,-1030.451016934932
45.9,llm_0,1621.193357166801,-4.8,29.45101693493222,1000.0,,0.0,0.0,0.0,0.0,0.0,0,highway_0,2,1283.193357166801,1621.193357166801,,-1030.451016934932
46.0,llm_0,1624.1384588602941,-4.8,29.45101693493222,1000.0,,0.0,0.0,0.0,0.0,0.0,0,highway_0,2,1286.1384588602941,1624.1384588602941,,-1030.451016934932
46.1,llm_0,1627.0835605537873,-4.8,29.45101693493222,1000.0,,0.0,0.0,0.0,0.0,0.0,0,highway_0,2,1289.0835605537873,1627.0835605537873,,-1030.451016934932
46.2,llm_0,1630.0286622472804,-4.8,29.45101693493222,1000.0,,0.0,0.0,0.0,0.0,0.0,0,highway_0,2,1292.0286622472804,1630.0286622472804,,-1030.451016934932
46.3,llm_0,1632.9737639407736,-4.8,29.45101693493222,1000.0,,0.0,0.0,0.0,0.0,0.0,0,highway_0,2,1294.9737639407736,1632.9737639407736,,-1030.451016934932
46.4,llm_0,1635.9188656342667,-4.8,29.45101693493222,1000.0,,0.0,0.0,0.0,0.0,0.0,0,highway_0,2,1297.9188656342667,1635.9188656342667,,-1030.451016934932
46.5,llm_0,1638.8639673277598,-4.8,29.45101693493222,1000.0,,0.0,0.0,0.0,0.0,0.0,0,highway_0,2,1300.8639673277598,1638.8639673277598,,-1030.451016934932
46.6,llm_0,1641.809069021253,-4.8,29.45101693493222,1000.0,,0.0,0.0,0.0,0.0,0.0,0,highway_0,2,1303.809069021253,1641.809069021253,,-1030.451016934932
46.7,llm_0,1644.7541707147461,-4.8,29.45101693493222,1000.0,,0.0,0.0,0.0,0.0,0.0,0,highway_0,2,1306.7541707147461,1644.7541707147461,,-1030.451016934932
46.8,llm_0,1647.6992724082393,-4.8,29.45101693493222,1000.0,,0.0,0.0,0.0,0.0,0.0,0,highway_0,2,1309.6992724082393,1647.6992724082393,,-1030.451016934932
46.9,llm_0,1650.6443741017324,-4.8,29.45101693493222,1000.0,,0.0,0.0,0.0,0.0,0.0,0,highway_0,2,1312.6443741017324,1650.6443741017324,,-1030.451016934932
47.0,llm_0,1653.5894757952256,-4.8,29.45101693493222,1000.0,,0.0,0.0,0.0,0.0,0.0,0,highway_0,2,1315.5894757952256,1653.5894757952256,,-1030.451016934932
47.1,llm_0,1656.5345774887187,-4.8,29.45101693493222,1000.0,,0.0,0.0,0.0,0.0,0.0,0,highway_0,2,1318.5345774887187,1656.5345774887187,,-1030.451016934932
47.2,llm_0,1659.4796791822118,-4.8,29.45101693493222,1000.0,,0.0,0.0,0.0,0.0,0.0,0,highway_0,2,1321.4796791822118,1659.4796791822118,,-1030.451016934932
47.3,llm_0,1662.424780875705,-4.8,29.45101693493222,1000.0,,0.0,0.0,0.0,0.0,0.0,0,highway_0,2,1324.424780875705,1662.424780875705,,-1030.451016934932
47.4,llm_0,1665.3698825691981,-4.8,29.45101693493222,1000.0,,0.0,0.0,0.0,0.0,0.0,0,highway_0,2,1327.3698825691981,1665.3698825691981,,-1030.451016934932
47.5,llm_0,1668.3149842626913,-4.8,29.45101693493222,1000.0,,0.0,0.0,0.0,0.0,0.0,0,highway_0,2,1330.3149842626913,1668.3149842626913,,-1030.451016934932
47.6,llm_0,1671.2600859561844,-4.8,29.45101693493222,1000.0,,0.0,0.0,0.0,0.0,0.0,0,highway_0,2,1333.2600859561844,1671.2600859561844,,-1030.451016934932
47.7,llm_0,1674.2051876496776,-4.8,29.45101693493222,1000.0,,0.0,0.0,0.0,0.0,0.0,0,highway_0,2,1336.2051876496776,1674.2051876496776,,-1030.451016934932
47.8,llm_0,1677.1502893431707,-4.8,29.45101693493222,1000.0,,0.0,0.0,0.0,0.0,0.0,0,highway_0,2,1339.1502893431707,1677.1502893431707,,-1030.451016934932
47.9,llm_0,1680.0953910366638,-4.8,29.45101693493222,1000.0,,0.0,0.0,0.0,0.0,0.0,0,highway_0,2,1342.0953910366638,1680.0953910366638,,-1030.451016934932
48.0,llm_0,1683.040492730157,-4.8,29.45101693493222,1000.0,,0.0,0.0,0.0,0.0,0.0,0,highway_0,2,1345.040492730157,1683.040492730157,,-1030.451016934932
48.1,llm_0,1685.9855944236501,-4.8,29.45101693493222,1000.0,,0.0,0.0,0.0,0.0,0.0,0,highway_0,2,1347.9855944236501,1685.9855944236501,,-1030.451016934932
48.2,llm_0,1688.9306961171433,-4.8,29.45101693493222,1000.0,,0.0,0.0,0.0,0.0,0.0,0,highway_0,2,1350.9306961171433,1688.9306961171433,,-1030.451016934932
48.3,llm_0,1691.8757978106364,-4.8,29.45101693493222,1000.0,,0.0,0.0,0.0,0.0,0.0,0,highway_0,2,1353.8757978106364,1691.8757978106364,,-1030.451016934932
48.4,llm_0,1694.8208995041296,-4.8,29.45101693493222,1000.0,,0.0,0.0,0.0,0.0,0.0,0,highway_0,2,1356.8208995041296,1694.8208995041296,,-1030.451016934932
48.5,llm_0,1697.7660011976227,-4.8,29.45101693493222,1000.0,,0.0,0.0,0.0,0.0,0.0,0,highway_0,2,1359.7660011976227,1697.7660011976227,,-1030.451016934932
48.6,llm_0,1700.7111028911158,-4.8,29.45101693493222,1000.0,,0.0,0.0,0.0,0.0,0.0,0,highway_0,2,1362.7111028911158,1700.7111028911158,,-1030.451016934932
48.7,llm_0,1703.656204584609,-4.8,29.45101693493222,1000.0,,0.0,0.0,0.0,0.0,0.0,0,highway_0,2,1365.656204584609,1703.656204584609,,-1030.451016934932
48.8,llm_0,1706.6013062781021,-4.8,29.45101693493222,1000.0,,0.0,0.0,0.0,0.0,0.0,0,highway_0,2,1368.6013062781021,1706.6013062781021,,-1030.451016934932
48.9,llm_0,1709.5484329996507,-4.8,29.471267215485664,1000.0,,0.20452783358978655,0.20452783358978655,0.20452783358978655,0.20452783358978655,0.20250280553444355,0,highway_0,2,1371.5484329996507,1709.5484329996507,,-1030.4712672154856
49.0,llm_0,1712.4975634006405,-4.8,29.49130400989719,1000.0,,0.20237162355638327,0.20237162355638327,0.20237162355638327,0.20237162355638327,0.20036794411524284,0,highway_0,2,1374.4975634006405,1712.4975634006405,,-1030.4913040098972
49.1,llm_0,1715.4486763143989,-4.8,29.5111291375844,1000.0,,0.20023378964082317,0.20023378964082317,0.20023378964082317,0.20023378964082317,0.19825127687212785,0,highway_0,2,1377.4486763143989,1715.4486763143989,,-1030.5111291375845
49.2,llm_0,1718.4017507555784,-4.8,29.53074441179587,1000.0,,0.1981142695357937,0.1981142695357937,0.1981142695357937,0.1981142695357937,0.19615274211467693,0,highway_0,2,1380.4017507555784,1718.4017507555784,,-1030.530744411796
49.3,llm_0,1721.3567659195198,-4.8,29.55015163941497,1000.0,,0.19601299895293478,0.19601299895293478,0.19601299895293478,0.19601299895293478,0.1940722761910152,0,highway_0,2,1383.3567659195198,1721.3567659195198,,-1030.550151639415
49.4,llm_0,1724.3137011815968,-4.8,29.569352620769138,1000.0,,0.19392991167708507,0.19392991167708507,0.19392991167708507,0.19392991167708507,0.19200981354167368,0,highway_0,2,1386.3137011815968,1724.3137011815968,,-1030.5693526207692
49.5,llm_0,1727.2725360965412,-4.8,29.58834914944439,1000.0,,0.1918649396200629,0.1918649396200629,0.1918649396200629,0.1918649396200629,0.18996528675252478,0,highway_0,2,1389.2725360965412,1727.2725360965412,,-1030.5883491494444
49.6,llm_0,1730.2332503977518,-4.8,29.60714301210518,1000.0,,0.18981801287397437,0.18981801287397437,0.18981801287397437,0.18981801287397437,0.1879386266078953,0,highway_0,2,1392.2332503977518,1730.2332503977518,,-1030.607143012105
49.7,llm_0,1733.1958239965838,-4.8,29.625735988319438,1000.0,,0.18778905976401616,0.18778905976401616,0.18778905976401616,0.18778905976401616,0.18592976214257817,0,highway_0,2,1395.1958239965838,1733.1958239965838,,-1030.6257359883195
49.8,llm_0,1736.1602369816228,-4.8,29.644129850388822,1000.0,,0.18577800690077584,0.18577800690077584,0.18577800690077584,0.18577800690077584,0.18393862069384426,0,highway_0,2,1398.1602369816228,1736.1602369816228,,-1030.6441298503887
49.9,llm_0,1739.1264696179412,-4.8,29.662326363184068,1000.0,,0.1837847792320043,0.1837847792320043,0.1837847792320043,0.1837847792320043,0.18196512795245923,0,highway_0,2,1401.1264696179412,1739.1264696179412,,-1030.662326363184
50.0,llm_0,1742.0945023463398,-4.8,29.68032728398544,1000.0,,0.18180930009384766,0.18180930009384766,0.18180930009384766,0.18180930009384766,0.1800092080137361,0,highway_0,2,1404.0945023463398,1742.0945023463398,,-1030.6803272839854
50.1,llm_0,1745.0643157825727,-4.8,29.69813436232817,1000.0,,0.17985149126153055,0.17985149126153055,0.17985149126153055,0.17985149126153055,0.17807078342727323,0,highway_0,2,1407.0643157825727,1745.0643157825727,,-1030.6981343623281
50.2,llm_0,1748.035890716558,-4.8,29.71574933985287,1000.0,,0.17791127299947918,0.17791127299947918,0.17791127299947918,0.17791127299947918,0.17614977524701203,0,highway_0,2,1410.035890716558,1748.035890716558,,-1030.715749339853
50.3,llm_0,1751.009208111574,-4.8,29.73317395016088,1000.0,,0.1759885641108644,0.1759885641108644,0.1759885641108644,0.1759885641108644,0.1742461030800868,0,highway_0,2,1413.009208111574,1751.009208111574,,-1030.7331739501608
50.4,llm_0,1753.9842491034415,-4.8,29.7504099186744,1000.0,,0.17408328198656509,0.17408328198656509,0.17408328198656509,0.17408328198656509,0.17235968513521271,0,highway_0,2,1415.9842491034415,1753.9842491034415,,-1030.7504099186744
50.5,llm_0,1756.9609949996916,-4.8,29.767458962501482,1000.0,,0.17219534265353742,0.17219534265353742,0.17219534265353742,0.17219534265353742,0.170490438270825,0,highway_0,2,1418.9609949996916,1756.9609949996916,,-1030.7674589625015
50.6,llm_0,1759.9394272787222,-4.8,29.7843227903057,1000.0,,0.17032466082257725,0.17032466082257725,0.17032466082257725,0.17032466082257725,0.168638278042188,0,highway_0,2,1421.9394272787222,1759.9394272787222,,-1030.7843227903056
50.7,llm_0,1762.9195275889401,-4.8,29.801003102180502,1000.0,,0.16847114993547496,0.16847114993547496,0.16847114993547496,0.16847114993547496,0.1668031187480068,0,highway_0,2,1424.9195275889401,1762.9195275889401,,-1030.8010031021804
50.8,llm_0,1765.901277747893,-4.8,29.81750158952818,1000.0,,0.16663472221155318,0.16663472221155318,0.16663472221155318,0.16663472221155318,0.16498487347679003,0,highway_0,2,1427.901277747893,1765.901277747893,,-1030.817501589528
50.9,llm_0,1768.8846597413872,-4.8,29.833819934943385,1000.0,,0.16481528869356699,0.16481528869356699,0.16481528869356699,0.16481528869356699,0.1631834541520405,0,highway_0,2,1430.8846597413872,1768.8846597413872,,-1030.8338199349434
51.0,llm_0,1771.863091239832,-4.8,29.784314984448336,1000.0,,-0.5,-0.5,-0.5,-0.5,-0.4950495049504866,0,highway_0,2,1433.863091239832,1771.863091239832,,-1030.7843149844484
51.1,llm_0,1774.8365722432275,-4.8,29.734810033953288,1000.0,,-0.5,-0.5,-0.5,-0.5,-0.4950495049504866,0,highway_0,2,1436.8365722432275,1774.8365722432275,,-1030.7348100339532
51.2,llm_0,1777.8051027515733,-4.8,29.68530508345824,1000.0,,-0.5,-0.5,-0.5,-0.5,-0.4950495049504866,0,highway_0,2,1439.8051027515733,1777.8051027515733,,-1030.6853050834582
51.3,llm_0,1780.7686827648695,-4.8,29.63580013296319,1000.0,,-0.5,-0.5,-0.5,-0.5,-0.4950495049504866,0,highway_0,2,1442.7686827648695,1780.7686827648695,,-1030.6358001329631
51.4,llm_0,1783.7273122831164,-4.8,29.58629518246814,1000.0,,-0.5,-0.5,-0.5,-0.5,-0.4950495049504866,0,highway_0,2,1445.7273122831164,1783.7273122831164,,-1030.5862951824681
51.5,llm_0,1786.6809913063137,-4.8,29.536790231973093,1000.0,,-0.5,-0.5,-0.5,-0.5,-0.4950495049504866,0,highway_0,2,1448.6809913063137,1786.6809913063137,,-1030.536790231973
51.6,llm_0,1789.6297198344614,-4.8,29.487285281478044,1000.0,,-0.5,-0.5,-0.5,-0.5,-0.4950495049504866,0,highway_0,2,1451.6297198344614,1789.6297198344614,,-1030.487285281478
51.7,llm_0,1792.5734978675598,-4.8,29.437780330982996,1000.0,,-0.5,-0.5,-0.5,-0.5,-0.4950495049504866,0,highway_0,2,1454.5734978675598,1792.5734978675598,,-1030.437780330983
51.8,llm_0,1795.5123254056086,-4.8,29.388275380487947,1000.0,,-0.5,-0.5,-0.5,-0.5,-0.4950495049504866,0,highway_0,2,1457.5123254056086,1795.5123254056086,,-1030.388275380488
51.9,llm_0,1798.446202448608,-4.8,29.3387704299929,1000.0,,-0.5,-0.5,-0.5,-0.5,-0.4950495049504866,0,highway_0,2,1460.446202448608,1798.446202448608,,-1030.3387704299928
0,llm_1,319.0,-11.200000000000001,23.5,1000.0,,,,,,0,0,highway_0,0,0.0,319.0,,-1024.5
0.1,llm_1,321.35284289499793,-11.200000000000001,23.528428949979066,1000.0,,0.28713239478858565,0.28713239478858565,0.28713239478858565,0.28713239478858565,0.28428949979065976,0,highway_0,0,2.3528428949979343,321.35284289499793,,-1024.5284289499791
0.2,llm_1,323.7083995251749,-11.200000000000001,23.555566301769808,1000.0,,0.2740872530865044,0.2740872530865044,0.2740872530865044,0.2740872530865044,0.2713735179074206,0,highway_0,0,4.708399525174912,323.7083995251749,,-1024.5555663017699
0.3,llm_1,326.0665424773513,-11.200000000000001,23.58142952176381,1000.0,,0.26121852193942974,0.26121852193942974,0.26121852193942974,0.26121852193942974,0.25863219994000985,0,highway_0,0,7.066542477351277,326.0665424773513,,-1024.5814295217638
0.4,llm_1,328.43656661764646,-11.190000000000001,23.700241402951928,1000.0,,1.2,1.2,1.2,1.2,1.1881188118811892,0,highway_0,0,9.436566617646463,328.43656661764646,,-1024.7002414029519
0.5,llm_1,330.81847194606047,-11.170000000000002,23.819053284140047,1000.0,,1.2,1.2,1.2,1.2,1.1881188118811892,0,highway_0,0,11.81847194606047,330.81847194606047,,-1024.81905328414
0.6,llm_1,333.2122584625933,-11.14,23.937865165328166,1000.0,,1.2,1.2,1.2,1.2,1.1881188118811892,0,highway_0,0,14.212258462593297,333.2122584625933,,-1024.9378651653283
0.7,llm_1,335.61792616724495,-11.100000000000001,24.056677046516285,1000.0,,1.2,1.2,1.2,1.2,1.1881188118811892,0,highway_0,0,16.617926167244946,335.61792616724495,,-1025.0566770465164
0.8,llm_1,338.0354750600154,-11.05,24.175488927704404,1000.0,,1.2,1.2,1.2,1.2,1.1881188118811892,0,highway_0,0,19.035475060015415,338.0354750600154,,-1025.1754889277045
0.9,llm_1,340.46490514090465,-10.99,24.294300808892523,1000.0,,1.2,1.2,1.2,1.2,1.1881188118811892,0,highway_0,0,21.464905140904648,340.46490514090465,,-1025.2943008088926
1.0,llm_1,342.9062164099127,-10.920000000000002,24.41311269008064,1000.0,,1.2,1.2,1.2,1.2,1.1881188118811892,0,highway_0,0,23.9062164099127,342.9062164099127,,-1025.4131126900807
1.1,llm_1,345.3594088670396,-10.840000000000002,24.53192457126876,1000.0,,1.2,1.2,1.2,1.2,1.1881188118811892,0,highway_0,0,26.359408867039576,345.3594088670396,,-1025.5319245712687
1.2,llm_1,347.8213981908082,-10.770000000000001,24.619893237686533,1000.0,,0.8884835308194821,0.8884835308194821,0.8884835308194821,0.8884835308194821,0.8796866641777257,0,highway_0,0,28.821398190808225,347.8213981908082,,-1025.6198932376865
1.3,llm_1,350.2920999584666,-10.71,24.707017676583856,1000.0,,0.8799568328629656,0.8799568328629656,0.8799568328629656,0.8799568328629656,0.8712443889732313,0,highway_0,0,31.292099958466622,350.2920999584666,,-1025.7070176765837
1.4,llm_1,352.77143227712526,-10.66,24.793323186586473,1000.0,,0.8716856510264424,0.8716856510264424,0.8716856510264424,0.8716856510264424,0.8630551000261732,0,highway_0,0,33.77143227712526,352.77143227712526,,-1025.7933231865866
1.5,llm_1,355.2593156576475,-10.610000000000001,24.878833805222694,1000.0,,0.8636572482258188,0.8636572482258188,0.8636572482258188,0.8636572482258188,0.8551061863622067,0,highway_0,0,36.259315657647505,355.2593156576475,,-1025.8788338052227
1.6,llm_1,357.7556728941767,-10.57,24.96357236529213,1000.0,,0.855859456701287,0.855859456701287,0.855859456701287,0.855859456701287,0.8473856006943592,0,highway_0,0,38.75567289417671,357.7556728941767,,-1025.963572365292
1.7,llm_1,360.2604289491078,-10.540000000000001,25.04756054931104,1000.0,,0.8482806585909799,0.8482806585909799,0.8482806585909799,0.8482806585909799,0.8398818401891006,0,highway_0,0,41.26042894910779,360.2604289491078,,-1026.0475605493111
1.8,llm_1,362.7760129316304,-10.520000000000001,25.155839825226476,1000.0,,1.093620686745898,1.093620686745898,1.093620686745898,1.093620686745898,1.0827927591543585,0,highway_0,0,43.77601293163042,362.7760129316304,,-1026.1558398252264
1.9,llm_1,365.29159691415305,-10.510000000000002,25.155839825226476,1000.0,,0.0,0.0,0.0,0.0,0.0,0,highway_0,0,46.29159691415305,365.29159691415305,,-1026.1558398252264
2.0,llm_1,367.8071808966757,-10.510000000000002,25.155839825226476,1000.0,,0.0,0.0,0.0,0.0,0.0,0,highway_0,0,48.807180896675675,367.8071808966757,,-1026.1558398252264
2.1,llm_1,370.3227648791983,-10.501500000000002,25.155839825226476,1000.0,,0.0,0.0,0.0,0.0,0.0,0,highway_0,0,51.3227648791983,370.3227648791983,,-1026.1558398252264
2.2,llm_1,372.83834886172093,-10.501500000000002,25.155839825226476,1000.0,,0.0,0.0,0.0,0.0,0.0,0,highway_0,0,53.83834886172093,372.83834886172093,,-1026.1558398252264
2.3,llm_1,375.35393284424356,-10.501500000000002,25.155839825226476,1000.0,,0.0,0.0,0.0,0.0,0.0,0,highway_0,0,56.35393284424356,375.35393284424356,,-1026.1558398252264
2.4,llm_1,377.8695168267662,-10.501500000000002,25.155839825226476,1000.0,,0.0,0.0,0.0,0.0,0.0,0,highway_0,0,58.86951682676619,377.8695168267662,,-1026.1558398252264
2.5,llm_1,380.3851008092888,-10.501500000000002,25.155839825226476,1000.0,,0.0,0.0,0.0,0.0,0.0,0,highway_0,0,61.385100809288815,380.3851008092888,,-1026.1558398252264
2.6,llm_1,382.90068479181144,-10.501500000000002,25.155839825226476,1000.0,,0.0,0.0,0.0,0.0,0.0,0,highway_0,0,63.90068479181144,382.90068479181144,,-1026.1558398252264
2.7,llm_1,385.41626877433407,-10.501500000000002,25.155839825226476,1000.0,,0.0,0.0,0.0,0.0,0.0,0,highway_0,0,66.41626877433407,385.41626877433407,,-1026.1558398252264
2.8,llm_1,387.9170012717082,-10.501500000000002,25.00732497374133,1000.0,,-1.5,-1.5,-1.5,-1.5,-1.4851485148514598,0,highway_0,0,68.91700127170822,387.9170012717082,,-1026.0073249737413
2.9,llm_1,390.4028822839338,-10.501500000000002,24.858810122256184,1000.0,,-1.5,-1.5,-1.5,-1.5,-1.4851485148514598,0,highway_0,0,71.40288228393382,390.4028822839338,,-1025.8588101222563
3.0,llm_1,392.87391181101094,-10.501500000000002,24.710295270771038,1000.0,,-1.5,-1.5,-1.5,-1.5,-1.4851485148514598,0,highway_0,0,73.87391181101094,392.87391181101094,,-1025.710295270771
3.1,llm_1,395.3300898529395,-10.501500000000002,24.561780419285892,1000.0,,-1.5,-1.5,-1.5,-1.5,-1.4851485148514598,0,highway_0,0,76.33008985293952,395.3300898529395,,-1025.561780419286
3.2,llm_1,397.7714164097196,-10.501500000000002,24.413265567800746,1000.0,,-1.5,-1.5,-1.5,-1.5,-1.4851485148514598,0,highway_0,0,78.77141640971962,397.7714164097196,,-1025.4132655678006
3.3,llm_1,400.1978914813512,-10.501500000000002,24.2647507163156,1000.0,,-1.5,-1.5,-1.5,-1.5,-1.4851485148514598,0,highway_0,0,81.19789148135118,400.1978914813512,,-1025.2647507163156
3.4,llm_1,402.6095150678342,-10.501500000000002,24.116235864830454,1000.0,,-1.5,-1.5,-1.5,-1.5,-1.4851485148514598,0,highway_0,0,83.6095150678342,402.6095150678342,,-1025.1162358648305
3.5,llm_1,405.00628716916873,-10.501500000000002,23.967721013345308,1000.0,,-1.5,-1.5,-1.5,-1.5,-1.4851485148514598,0,highway_0,0,86.00628716916873,405.00628716916873,,-1024.9677210133452
3.6,llm_1,407.3882077853547,-10.501500000000002,23.819206161860162,1000.0,,-1.5,-1.5,-1.5,-1.5,-1.4851485148514598,0,highway_0,0,88.38820778535472,407.3882077853547,,-1024.8192061618602
3.7,llm_1,409.75527691639223,-10.501500000000002,23.670691310375016,1000.0,,-1.5,-1.5,-1.5,-1.5,-1.4851485148514598,0,highway_0,0,90.75527691639223,409.75527691639223,,-1024.670691310375
3.8,llm_1,412.1074945622812,-10.501500000000002,23.52217645888987,1000.0,,-1.5,-1.5,-1.5,-1.5,-1.4851485148514598,0,highway_0,0,93.1074945622812,412.1074945622812,,-1024.5221764588898
3.9,llm_1,414.4448607230217,-10.501500000000002,23.373661607404724,1000.0,,-1.5,-1.5,-1.5,-1.5,-1.4851485148514598,0,highway_0,0,95.44486072302169,414.4448607230217,,-1024.3736616074048
4.0,llm_1,416.76737539861364,-10.501500000000002,23.225146755919578,1000.0,,-1.5,-1.5,-1.5,-1.5,-1.4851485148514598,0,highway_0,0,97.76737539861364,416.76737539861364,,-1024.2251467559195
4.1,llm_1,419.0750385890571,-10.501500000000002,23.076631904434432,1000.0,,-1.5,-1.5,-1.5,-1.5,-1.4851485148514598,0,highway_0,0,100.0750385890571,419.0750385890571,,-1024.0766319044344
4.2,llm_1,421.367850294352,-10.501500000000002,22.928117052949286,1000.0,,-1.5,-1.5,-1.5,-1.5,-1.4851485148514598,0,highway_0,0,102.36785029435202,421.367850294352,,-1023.9281170529492
4.3,llm_1,423.64581051449846,-10.501500000000002,22.77960220146414,1000.0,,-1.5,-1.5,-1.5,-1.5,-1.4851485148514598,0,highway_0,0,104.64581051449846,423.64581051449846,,-1023.7796022014642
4.4,llm_1,425.90891924949636,-10.501500000000002,22.631087349978994,1000.0,,-1.5,-1.5,-1.5,-1.5,-1.4851485148514598,0,highway_0,0,106.90891924949636,425.90891924949636,,-1023.631087349979
4.5,llm_1,428.1571764993457,-10.501500000000002,22.482572498493848,1000.0,,-1.5,-1.5,-1.5,-1.5,-1.4851485148514598,0,highway_0,0,109.15717649934572,428.1571764993457,,-1023.4825724984938
4.6,llm_1,430.3905822640466,-10.501500000000002,22.334057647008702,1000.0,,-1.5,-1.5,-1.5,-1.5,-1.4851485148514598,0,highway_0,0,111.3905822640466,430.3905822640466,,-1023.3340576470086
4.7,llm_1,432.60913654359894,-10.501500000000002,22.185542795523556,1000.0,,-1.5,-1.5,-1.5,-1.5,-1.4851485148514598,0,highway_0,0,113.60913654359894,432.60913654359894,,-1023.1855427955236
4.8,llm_1,434.8128393380028,-10.501500000000002,22.03702794403841,1000.0,,-1.5,-1.5,-1.5,-1.5,-1.4851485148514598,0,highway_0,0,115.81283933800279,434.8128393380028,,-1023.0370279440384
4.9,llm_1,437.0016906472581,-10.501500000000002,21.888513092553264,1000.0,,-1.5,-1.5,-1.5,-1.5,-1.4851485148514598,0,highway_0,0,118.0016906472581,437.0016906472581,,-1022.8885130925532
5.0,llm_1,439.17569047136493,-10.501500000000002,21.73999824106812,1000.0,,-1.5,-1.5,-1.5,-1.5,-1.4851485148514598,0,highway_0,0,120.17569047136493,439.17569047136493,,-1022.7399982410681
5.1,llm_1,441.3348388103232,-10.501500000000002,21.591483389582972,1000.0,,-1.5,-1.5,-1.5,-1.5,-1.4851485148514598,0,highway_0,0,122.33483881032322,441.3348388103232,,-1022.591483389583
5.2,llm_1,443.479135664133,-10.501500000000002,21.442968538097826,1000.0,,-1.5,-1.5,-1.5,-1.5,-1.4851485148514598,0,highway_0,0,124.47913566413303,443.479135664133,,-1022.4429685380978
5.3,llm_1,445.6085810327943,-10.501500000000002,21.29445368661268,1000.0,,-1.5,-1.5,-1.5,-1.5,-1.4851485148514598,0,highway_0,0,126.60858103279429,445.6085810327943,,-1022.2944536866127
5.4,llm_1,447.73802640145556,-10.501500000000002,21.29445368661268,1000.0,,0.0,0.0,0.0,0.0,0.0,0,highway_0,0,128.73802640145556,447.73802640145556,,-1022.2944536866127
5.5,llm_1,449.8674717701168,-10.501500000000002,21.29445368661268,1000.0,,0.0,0.0,0.0,0.0,0.0,0,highway_0,0,130.86747177011682,449.8674717701168,,-1022.2944536866127
5.6,llm_1,451.9969171387781,-10.501500000000002,21.29445368661268,1000.0,,0.0,0.0,0.0,0.0,0.0,0,highway_0,0,132.9969171387781,451.9969171387781,,-1022.2944536866127
5.7,llm_1,454.1263625074393,-10.501500000000002,21.29445368661268,1000.0,,0.0,0.0,0.0,0.0,0.0,0,highway_0,0,135.12636250743935,454.12636250743935,,-1022.2944536866127
5.8,llm_1,456.2558078761006,-10.501500000000002,21.29445368661268,1000.0,,0.0,0.0,0.0,0.0,0.0,0,highway_0,0,137.25580787610062,456.2558078761006,,-1022.2944536866127
5.9,llm_1,458.3852532447618,-10.501500000000002,21.29445368661268,1000.0,,0.0,0.0,0.0,0.0,0.0,0,highway_0,0,139.38525324476188,458.3852532447619,,-1022.2944536866127
6.0,llm_1,460.51469861342315,-10.501500000000002,21.29445368661268,1000.0,,0.0,0.0,0.0,0.0,0.0,0,highway_0,0,141.51469861342315,460.51469861342315,,-1022.2944536866127
6.1,llm_1,462.6441439820845,-10.501500000000002,21.29445368661268,1000.0,,0.0,0.0,0.0,0.0,0.0,0,highway_0,0,143.64414398208442,462.6441439820844,,-1022.2944536866127
6.2,llm_1,464.7854705388645,-10.501500000000002,21.4132655678008,1000.0,,1.2,1.2,1.2,1.2,1.1881188118811892,0,highway_0,0,145.7854705388645,464.7854705388645,,-1022.4132655678007
6.3,llm_1,466.9386782837634,-10.501500000000002,21.532077448988918,1000.0,,1.2,1.2,1.2,1.2,1.1881188118811892,0,highway_0,0,147.9386782837634,466.9386782837634,,-1022.532077448989
6.4,llm_1,469.10376721678114,-10.501500000000002,21.650889330177037,1000.0,,1.2,1.2,1.2,1.2,1.1881188118811892,0,highway_0,0,150.10376721678114,469.10376721678114,,-1022.650889330177
6.5,llm_1,471.2807373379176,-10.501500000000002,21.769701211365156,1000.0,,1.2,1.2,1.2,1.2,1.1881188118811892,0,highway_0,0,152.28073733791763,471.2807373379176,,-1022.7697012113651
6.6,llm_1,473.469588647173,-10.501500000000002,21.888513092553275,1000.0,,1.2,1.2,1.2,1.2,1.1881188118811892,0,highway_0,0,154.46958864717294,473.46958864717294,,-1022.8885130925532
6.7,llm_1,475.6703211445471,-10.501500000000002,22.007324973741394,1000.0,,1.2,1.2,1.2,1.2,1.1881188118811892,0,highway_0,0,156.67032114454707,475.6703211445471,,-1023.0073249737414
6.8,llm_1,477.88293483003997,-10.501500000000002,22.126136854929513,1000.0,,1.2,1.2,1.2,1.2,1.1881188118811892,0,highway_0,0,158.88293483004003,477.88293483004,,-1023.1261368549295
6.9,llm_1,480.10742970365175,-10.501500000000002,22.24494873611763,1000.0,,1.2,1.2,1.2,1.2,1.1881188118811892,0,highway_0,0,161.1074297036518,480.1074297036518,,-1023.2449487361176
7.0,llm_1,482.3438057653824,-10.501500000000002,22.36376061730575,1000.0,,1.2,1.2,1.2,1.2,1.1881188118811892,0,highway_0,0,163.3438057653824,482.3438057653824,,-1023.3637606173057
7.1,llm_1,484.59206301523176,-10.501500000000002,22.48257249849387,1000.0,,1.2,1.2,1.2,1.2,1.1881188118811892,0,highway_0,0,165.59206301523176,484.59206301523176,,-1023.4825724984938
7.2,llm_1,486.85220145319994,-10.501500000000002,22.60138437968199,1000.0,,1.2,1.2,1.2,1.2,1.1881188118811892,0,highway_0,0,167.85220145319994,486.85220145319994,,-1023.601384379682
7.3,llm_1,489.1242210792869,-10.501500000000002,22.720196260870107,1000.0,,1.2,1.2,1.2,1.2,1.1881188118811892,0,highway_0,0,170.12422107928694,489.12422107928694,,-1023.7201962608701
7.4,llm_1,491.40812189349276,-10.501500000000002,22.839008142058226,1000.0,,1.2,1.2,1.2,1.2,1.1881188118811892,0,highway_0,0,172.40812189349276,491.40812189349276,,-1023.8390081420582
7.5,llm_1,493.7039038958174,-10.501500000000002,22.957820023246345,1000.0,,1.2,1.2,1.2,1.2,1.1881188118811892,0,highway_0,0,174.7039038958174,493.7039038958174,,-1023.9578200232463
7.6,llm_1,496.0115670862608,-10.501500000000002,23.076631904434464,1000.0,,1.2,1.2,1.2,1.2,1.1881188118811892,0,highway_0,0,177.01156708626087,496.01156708626087,,-1024.0766319044344
7.7,llm_1,498.33111146482315,-10.501500000000002,23.195443785622583,1000.0,,1.2,1.2,1.2,1.2,1.1881188118811892,0,highway_0,0,179.33111146482315,498.33111146482315,,-1024.1954437856225
7.8,llm_1,500.66253703150426,-10.501500000000002,23.314255666810702,1000.0,,1.2,1.2,1.2,1.2,1.1881188118811892,0,highway_0,0,181.6625370315042,500.6625370315042,,-1024.3142556668106
7.9,llm_1,503.00584378630407,-10.501500000000002,23.43306754799882,1000.0,,1.2,1.2,1.2,1.2,1.1881188118811892,0,highway_0,0,184.00584378630407,503.00584378630407,,-1024.433067547999
8.0,llm_1,505.3610317292227,-10.501500000000002,23.55187942918694,1000.0,,1.2,1.2,1.2,1.2,1.1881188118811892,0,highway_0,0,186.36103172922276,505.36103172922276,,-1024.551879429187
8.1,llm_1,507.7281008602602,-10.501500000000002,23.67069131037506,1000.0,,1.2,1.2,1.2,1.2,1.1881188118811892,0,highway_0,0,188.72810086026027,507.72810086026027,,-1024.670691310375
8.2,llm_1,510.1070511794166,-10.501500000000002,23.789503191563178,1000.0,,1.2,1.2,1.2,1.2,1.1881188118811892,0,highway_0,0,191.1070511794166,510.1070511794166,,-1024.7895031915632
8.3,llm_1,512.4978826866917,-10.501500000000002,23.908315072751297,1000.0,,1.2,1.2,1.2,1.2,1.1881188118811892,0,highway_0,0,193.4978826866917,512.4978826866917,,-1024.9083150727513
8.4,llm_1,514.9005953820856,-10.501500000000002,24.027126953939415,1000.0,,1.2,1.2,1.2,1.2,1.1881188118811892,0,highway_0,0,195.9005953820856,514.9005953820856,,-1025.0271269539394
8.5,llm_1,517.3151892655984,-10.501500000000002,24.145938835127534,1000.0,,1.2,1.2,1.2,1.2,1.1881188118811892,0,highway_0,0,198.3151892655984,517.3151892655984,,-1025.1459388351275
8.6,llm_1,519.74166433723,-10.501500000000002,24.264750716315653,1000.0,,1.2,1.2,1.2,1.2,1.1881188118811892,0,highway_0,0,200.74166433722996,519.74166433723,,-1025.2647507163156
8.7,llm_1,522.1800205969803,-10.501500000000002,24.383562597503772,1000.0,,1.2,1.2,1.2,1.2,1.1881188118811892,0,highway_0,0,203.18002059698028,522.1800205969803,,-1025.3835625975037
8.8,llm_1,524.6302580448495,-10.501500000000002,24.50237447869189,1000.0,,1.2,1.2,1.2,1.2,1.1881188118811892,0,highway_0,0,205.63025804484948,524.6302580448495,,-1025.502374478692
8.9,llm_1,527.0923766808374,-10.501500000000002,24.62118635988001,1000.0,,1.2,1.2,1.2,1.2,1.1881188118811892,0,highway_0,0,208.09237668083745,527.0923766808374,,-1025.62118635988
9.0,llm_1,529.5663765049443,-10.501500000000002,24.73999824106813,1000.0,,1.2,1.2,1.2,1.2,1.1881188118811892,0,highway_0,0,210.5663765049443,529.5663765049443,,-1025.7399982410682
9.1,llm_1,532.0522575171699,-10.501500000000002,24.858810122256248,1000.0,,1.2,1.2,1.2,1.2,1.1881188118811892,0,highway_0,0,213.0522575171699,532.0522575171699,,-1025.8588101222563
9.2,llm_1,534.5500197175144,-10.501500000000002,24.977622003444367,1000.0,,1.2,1.2,1.2,1.2,1.1881188118811892,0,highway_0,0,215.55001971751437,534.5500197175144,,-1025.9776220034444
9.3,llm_1,537.0596631059776,-10.501500000000002,25.096433884632486,1000.0,,1.2,1.2,1.2,1.2,1.1881188118811892,0,highway_0,0,218.05966310597762,537.0596631059776,,-1026.0964338846325
9.4,llm_1,539.5811876825596,-10.501500000000002,25.215245765820605,1000.0,,1.2,1.2,1.2,1.2,1.1881188118811892,0,highway_0,0,220.58118768255963,539.5811876825596,,-1026.2152457658206
9.5,llm_1,542.1145934472605,-10.501500000000002,25.334057647008724,1000.0,,1.2,1.2,1.2,1.2,1.1881188118811892,0,highway_0,0,223.11459344726052,542.1145934472605,,-1026.3340576470086
9.6,llm_1,544.6598804000802,-10.501500000000002,25.452869528196842,1000.0,,1.2,1.2,1.2,1.2,1.1881188118811892,0,highway_0,0,225.65988040008017,544.6598804000802,,-1026.4528695281967
9.7,llm_1,547.2170485410187,-10.501500000000002,25.57168140938496,1000.0,,1.2,1.2,1.2,1.2,1.1881188118811892,0,highway_0,0,228.2170485410187,547.2170485410187,,-1026.571681409385
9.8,llm_1,549.786097870076,-10.501500000000002,25.69049329057308,1000.0,,1.2,1.2,1.2,1.2,1.1881188118811892,0,highway_0,0,230.786097870076,549.786097870076,,-1026.6904932905732
9.9,llm_1,552.3670283872522,-10.501500000000002,25.8093051717612,1000.0,,1.2,1.2,1.2,1.2,1.1881188118811892,0,highway_0,0,233.36702838725216,552.3670283872522,,-1026.8093051717613
10.0,llm_1,554.9598400925471,-10.501500000000002,25.928117052949318,1000.0,,1.2,1.2,1.2,1.2,1.1881188118811892,0,highway_0,0,235.9598400925471,554.9598400925471,,-1026.9281170529493
10.1,llm_1,557.5645329859608,-10.501500000000002,26.046928934137437,1000.0,,1.2,1.2,1.2,1.2,1.1881188118811892,0,highway_0,0,238.5645329859608,557.5645329859608,,-1027.0469289341374
10.2,llm_1,560.1811070674934,-10.501500000000002,26.165740815325556,1000.0,,1.2,1.2,1.2,1.2,1.1881188118811892,0,highway_0,0,241.18110706749337,560.1811070674934,,-1027.1657408153255
10.3,llm_1,562.8095623371447,-10.501500000000002,26.284552696513675,1000.0,,1.2,1.2,1.2,1.2,1.1881188118811892,0,highway_0,0,243.8095623371447,562.8095623371447,,-1027.2845526965136
10.4,llm_1,565.4498987949149,-10.501500000000002,26.403364577701794,1000.0,,1.2,1.2,1.2,1.2,1.1881188118811892,0,highway_0,0,246.44989879491493,565.4498987949149,,-1027.4033645777017
10.5,llm_1,568.1021164408039,-10.501500000000002,26.522176458889913,1000.0,,1.2,1.2,1.2,1.2,1.1881188118811892,0,highway_0,0,249.1021164408039,568.1021164408039,,-1027.5221764588898
10.6,llm_1,570.7662152748118,-10.501500000000002,26.64098834007803,1000.0,,1.2,1.2,1.2,1.2,1.1881188118811892,0,highway_0,0,251.76621527481177,570.7662152748118,,-1027.6409883400781
10.7,llm_1,573.4421952969384,-10.501500000000002,26.75980022126615,1000.0,,1.2,1.2,1.2,1.2,1.1881188118811892,0,highway_0,0,254.4421952969384,573.4421952969384,,-1027.7598002212662
10.8,llm_1,576.1300565071838,-10.501500000000002,26.87861210245427,1000.0,,1.2,1.2,1.2,1.2,1.1881188118811892,0,highway_0,0,257.1300565071838,576.1300565071838,,-1027.8786121024543
10.9,llm_1,578.829798905548,-10.501500000000002,26.99742398364239,1000.0,,1.2,1.2,1.2,1.2,1.1881188118811892,0,highway_0,0,259.82979890554805,578.829798905548,,-1027.9974239836424
11.0,llm_1,581.5414224920311,-10.501500000000002,27.116235864830507,1000.0,,1.2,1.2,1.2,1.2,1.1881188118811892,0,highway_0,0,262.5414224920311,581.5414224920311,,-1028.1162358648305
11.1,llm_1,584.264927266633,-10.501500000000002,27.235047746018626,1000.0,,1.2,1.2,1.2,1.2,1.1881188118811892,0,highway_0,0,265.264927266633,584.264927266633,,-1028.2350477460186
11.2,llm_1,587.0003132293537,-10.501500000000002,27.353859627206745,1000.0,,1.2,1.2,1.2,1.2,1.1881188118811892,0,highway_0,0,268.00031322935365,587.0003132293537,,-1028.3538596272067
11.3,llm_1,589.7475803801931,-10.501500000000002,27.472671508394864,1000.0,,1.2,1.2,1.2,1.2,1.1881188118811892,0,highway_0,0,270.7475803801931,589.7475803801931,,-1028.4726715083948
11.4,llm_1,592.5067287191514,-10.501500000000002,27.591483389582983,1000.0,,1.2,1.2,1.2,1.2,1.1881188118811892,0,highway_0,0,273.5067287191514,592.5067287191514,,-1028.591483389583
11.5,llm_1,595.2777582462285,-10.501500000000002,27.710295270771102,1000.0,,1.2,1.2,1.2,1.2,1.1881188118811892,0,highway_0,0,276.2777582462285,595.2777582462285,,-1028.7102952707712
11.6,llm_1,598.0606689614244,-10.501500000000002,27.82910715195922,1000.0,,1.2,1.2,1.2,1.2,1.1881188118811892,0,highway_0,0,279.0606689614244,598.0606689614244,,-1028.8291071519593
11.7,llm_1,600.8554608647391,-10.501500000000002,27.94791903314734,1000.0,,1.2,1.2,1.2,1.2,1.1881188118811892,0,highway_0,0,281.85546086473914,600.8554608647391,,-1028.9479190331474
11.8,llm_1,603.6621339561727,-10.501500000000002,28.06673091433546,1000.0,,1.2,1.2,1.2,1.2,1.1881188118811892,0,highway_0,0,284.66213395617274,603.6621339561727,,-1029.0667309143355
11.9,llm_1,606.4806882357251,-10.501500000000002,28.185542795523578,1000.0,,1.2,1.2,1.2,1.2,1.1881188118811892,0,highway_0,0,287.4806882357251,606.4806882357251,,-1029.1855427955236
12.0,llm_1,609.3111237033962,-10.501500000000002,28.304354676711696,1000.0,,1.2,1.2,1.2,1.2,1.1881188118811892,0,highway_0,0,290.3111237033962,609.3111237033962,,-1029.3043546767117
12.1,llm_1,612.1534403591862,-10.501500000000002,28.423166557899815,1000.0,,1.2,1.2,1.2,1.2,1.1881188118811892,0,highway_0,0,293.1534403591862,612.1534403591862,,-1029.4231665578998
12.2,llm_1,615.007638203095,-10.501500000000002,28.541978439087934,1000.0,,1.2,1.2,1.2,1.2,1.1881188118811892,0,highway_0,0,296.007638203095,615.007638203095,,-1029.5419784390879
12.3,llm_1,617.8737172351226,-10.501500000000002,28.660790320276053,1000.0,,1.2,1.2,1.2,1.2,1.1881188118811892,0,highway_0,0,298.8737172351226,617.8737172351226,,-1029.660790320276
12.4,llm_1,620.751677455269,-10.501500000000002,28.779602201464172,1000.0,,1.2,1.2,1.2,1.2,1.1881188118811892,0,highway_0,0,301.75167745526903,620.751677455269,,-1029.779602201464
12.5,llm_1,623.6415188635343,-10.501500000000002,28.89841408265229,1000.0,,1.2,1.2,1.2,1.2,1.1881188118811892,0,highway_0,0,304.6415188635343,623.6415188635343,,-1029.8984140826524
12.6,llm_1,626.5432414599184,-10.501500000000002,29.01722596384041,1000.0,,1.2,1.2,1.2,1.2,1.1881188118811892,0,highway_0,0,307.54324145991836,626.5432414599184,,-1030.0172259638405
12.7,llm_1,629.4568452444212,-10.501500000000002,29.13603784502853,1000.0,,1.2,1.2,1.2,1.2,1.1881188118811892,0,highway_0,0,310.4568452444212,629.4568452444212,,-1030.1360378450286
12.8,llm_1,632.3823302170429,-10.501500000000002,29.254849726216648,1000.0,,1.2,1.2,1.2,1.2,1.1881188118811892,0,highway_0,0,313.38233021704286,632.3823302170429,,-1030.2548497262167
12.9,llm_1,635.3196963777833,-10.501500000000002,29.373661607404767,1000.0,,1.2,1.2,1.2,1.2,1.1881188118811892,0,highway_0,0,316.3196963777833,635.3196963777833,,-1030.3736616074048
13.0,llm_1,638.2686545309843,-10.501500000000002,29.489581532010412,1000.0,,1.1707912385170405,1.1707912385170405,1.1707912385170405,1.1707912385170405,1.1591992460564526,0,highway_0,0,319.26865453098435,638.2686545309843,,-1030.4895815320103
13.1,llm_1,641.2289130805898,-10.501500000000002,29.602585496054743,1000.0,,1.1413400368477513,1.1413400368477513,1.1413400368477513,1.1413400368477513,1.1300396404433144,0,highway_0,0,322.2289130805898,641.2289130805898,,-1030.6025854960546
13.2,llm_1,644.2001871200187,-10.501500000000002,29.712740394288694,1000.0,,1.1125644721629089,1.1125644721629089,1.1125644721629089,1.1125644721629089,1.1015489823395086,0,highway_0,0,325.20018712001865,644.2001871200187,,-1030.7127403942886
13.3,llm_1,647.1821984090994,-10.501500000000002,29.820112890808282,1000.0,,1.0844622148478213,1.0844622148478213,1.0844622148478213,1.0844622148478213,1.0737249651958791,0,highway_0,0,328.18219840909944,647.1821984090994,,-1030.8201128908083
13.4,llm_1,650.1746753398457,-10.501500000000002,29.92476930746345,1000.0,,1.0570298082171927,1.0570298082171927,1.0570298082171927,1.0570298082171927,1.0465641665516756,0,highway_0,0,331.17467533984575,650.1746753398457,,-1030.9247693074635
13.5,llm_1,653.1773528918715,-10.501500000000002,30.026775520257136,1000.0,,1.0302627492162288,1.0302627492162288,1.0302627492162288,1.0302627492162288,1.0200621279368605,0,highway_0,0,334.17735289187146,653.1773528918715,,-1031.0267755202572
13.6,llm_1,656.1899725782318,-10.501500000000002,30.126196863603912,1000.0,,1.0041555678024472,1.0041555678024472,1.0041555678024472,1.0041555678024472,0.9942134334677633,0,highway_0,0,337.18997257823185,656.1899725782318,,-1031.1261968636038
13.7,llm_1,659.21228238246,-10.501500000000002,30.223098042281645,1000.0,,0.9787019046450804,0.9787019046450804,0.9787019046450804,0.9787019046450804,0.9690117867773296,0,highway_0,0,340.21228238246,659.21228238246,,-1031.2230980422817
13.8,llm_1,662.2440366875478,-10.501500000000002,30.317543050878367,1000.0,,0.9538945868269016,0.9538945868269016,0.9538945868269016,0.9538945868269016,0.9444500859672189,0,highway_0,0,343.2440366875478,662.2440366875478,,-1031.3175430508784
13.9,llm_1,665.2849961975988,-10.501500000000002,30.409595100509968,1000.0,,0.9297257012791772,0.9297257012791772,0.9297257012791772,0.9297257012791772,0.9205204963160085,0,highway_0,0,346.28499619759884,665.2849961975988,,-1031.40959510051
14.0,llm_1,668.334927852855,-10.501500000000002,30.49931655256185,1000.0,,0.9061866657240181,0.9061866657240181,0.9061866657240181,0.9061866657240181,0.8972145205188298,0,highway_0,0,349.334927852855,668.334927852855,,-1031.4993165525618
14.1,llm_1,671.393604738774,-10.501500000000002,30.586768859189498,1000.0,,0.8832682969392259,0.8832682969392259,0.8832682969392259,0.8832682969392259,0.8745230662764669,0,highway_0,0,352.393604738774,671.393604738774,,-1031.5867688591895
14.2,llm_1,674.4608059898038,-10.501500000000002,30.672012510298302,1000.0,,0.8609608761989267,0.8609608761989267,0.8609608761989267,0.8609608761989267,0.8524365110880439,0,highway_0,0,355.4608059898038,674.4608059898038,,-1031.6720125102984
14.3,llm_1,677.536316688475,-10.501500000000002,30.75510698671202,1000.0,,0.8392542117785141,0.8392542117785141,0.8392542117785141,0.8392542117785141,0.8309447641371648,0,highway_0,0,358.53631668847504,677.536316688475,,-1031.755106986712
14.4,llm_1,680.6199277603981,-10.501500000000002,30.836110719231304,1000.0,,0.8181376984447677,0.8181376984447677,0.8181376984447677,0.8181376984447677,0.8100373251928517,0,highway_0,0,361.6199277603981,680.6199277603981,,-1031.8361107192313
14.5,llm_1,683.711435865726,-10.501500000000002,30.915081053278975,1000.0,,0.7976003738814896,0.7976003738814896,0.7976003738814896,0.7976003738814896,0.7897033404767129,0,highway_0,0,364.711435865726,683.711435865726,,-1031.915081053279
14.6,llm_1,686.8106432876086,-10.501500000000002,30.992074218826247,1000.0,,0.7776309720274387,0.7776309720274387,0.7776309720274387,0.7776309720274387,0.7699316554727176,0,highway_0,0,367.8106432876086,686.8106432876086,,-1031.9920742188262
14.7,llm_1,689.917357818138,-10.501500000000002,31.067145305294286,1000.0,,0.7582179733272009,0.7582179733272009,0.7582179733272009,0.7582179733272009,0.7507108646803928,0,highway_0,0,370.91735781813804,689.917357818138,,-1032.0671453052944
14.8,llm_1,693.0313926422508,-10.501500000000002,31.140348241127608,1000.0,,0.7393496519165434,0.7393496519165434,0.7393496519165434,0.7393496519165434,0.7320293583332216,0,highway_0,0,374.0313926422508,693.0313926422508,,-1032.1403482411276
14.9,llm_1,696.1546513626874,-10.501500000000002,31.232587204366276,1000.0,,0.9316135287105403,0.9316135287105403,0.9316135287105403,0.9316135287105403,0.9223896323866754,0,highway_0,0,377.15465136268745,696.1546513626874,,-1032.2325872043664
15.0,llm_1,699.2779100831241,-10.501500000000002,31.232587204366276,1000.0,,0.0,0.0,0.0,0.0,0.0,0,highway_0,0,380.2779100831241,699.2779100831241,,-1032.2325872043664
15.1,llm_1,702.4011688035607,-10.501500000000002,31.232587204366276,1000.0,,0.0,0.0,0.0,0.0,0.0,0,highway_0,0,383.4011688035607,702.4011688035607,,-1032.2325872043664
15.2,llm_1,705.5244275239974,-10.501500000000002,31.232587204366276,1000.0,,0.0,0.0,0.0,0.0,0.0,0,highway_0,0,386.52442752399736,705.5244275239974,,-1032.2325872043664
15.3,llm_1,708.647686244434,-10.501500000000002,31.232587204366276,1000.0,,0.0,0.0,0.0,0.0,0.0,0,highway_0,0,389.647686244434,708.647686244434,,-1032.2325872043664
15.4,llm_1,711.7709449648706,-10.501500000000002,31.232587204366276,1000.0,,0.0,0.0,0.0,0.0,0.0,0,highway_0,0,392.77094496487064,711.7709449648706,,-1032.2325872043664
15.5,llm_1,714.8942036853073,-10.501500000000002,31.232587204366276,1000.0,,0.0,0.0,0.0,0.0,0.0,0,highway_0,0,395.8942036853073,714.8942036853073,,-1032.2325872043664
15.6,llm_1,718.0174624057439,-10.501500000000002,31.232587204366276,1000.0,,0.0,0.0,0.0,0.0,0.0,0,highway_0,0,399.0174624057439,718.0174624057439,,-1032.2325872043664
15.7,llm_1,721.1407211261806,-10.501500000000002,31.232587204366276,1000.0,,0.0,0.0,0.0,0.0,0.0,0,highway_0,0,402.14072112618055,721.1407211261806,,-1032.2325872043664
15.8,llm_1,724.2491283614687,-10.501500000000002,31.08407235288113,1000.0,,-1.5,-1.5,-1.5,-1.5,-1.4851485148514598,0,highway_0,0,405.2491283614687,724.2491283614687,,-1032.084072352881
15.9,llm_1,727.3426841116083,-10.501500000000002,30.935557501395984,1000.0,,-1.5,-1.5,-1.5,-1.5,-1.4851485148514598,0,highway_0,0,408.34268411160826,727.3426841116083,,-1031.935557501396
16.0,llm_1,730.4213883765993,-10.501500000000002,30.787042649910838,1000.0,,-1.5,-1.5,-1.5,-1.5,-1.4851485148514598,0,highway_0,0,411.42138837659934,730.4213883765993,,-1031.7870426499107
16.1,llm_1,733.4852411564419,-10.501500000000002,30.63852779842569,1000.0,,-1.5,-1.5,-1.5,-1.5,-1.4851485148514598,0,highway_0,0,414.48524115644193,733.4852411564419,,-1031.6385277984257
16.2,llm_1,736.534242451136,-10.501500000000002,30.490012946940546,1000.0,,-1.5,-1.5,-1.5,-1.5,-1.4851485148514598,0,highway_0,0,417.53424245113604,736.534242451136,,-1031.4900129469406
16.3,llm_1,739.5683922606815,-10.501500000000002,30.3414980954554,1000.0,,-1.5,-1.5,-1.5,-1.5,-1.4851485148514598,0,highway_0,0,420.56839226068155,739.5683922606815,,-1031.3414980954553
16.4,llm_1,742.5876905850786,-10.501500000000002,30.192983243970254,1000.0,,-1.5,-1.5,-1.5,-1.5,-1.4851485148514598,0,highway_0,0,423.5876905850786,742.5876905850786,,-1031.1929832439703
16.5,llm_1,745.5921374243271,-10.501500000000002,30.044468392485108,1000.0,,-1.5,-1.5,-1.5,-1.5,-1.4851485148514598,0,highway_0,0,426.5921374243271,745.5921374243271,,-1031.0444683924852
16.6,llm_1,748.5817327784271,-10.501500000000002,29.89595354099996,1000.0,,-1.5,-1.5,-1.5,-1.5,-1.4851485148514598,0,highway_0,0,429.58173277842707,748.5817327784271,,-1030.895953541
16.7,llm_1,751.5564766473785,-10.501500000000002,29.747438689514816,1000.0,,-1.5,-1.5,-1.5,-1.5,-1.4851485148514598,0,highway_0,0,432.55647664737853,751.5564766473785,,-1030.7474386895149
16.8,llm_1,754.5163690311815,-10.501500000000002,29.59892383802967,1000.0,,-1.5,-1.5,-1.5,-1.5,-1.4851485148514598,0,highway_0,0,435.5163690311815,754.5163690311815,,-1030.5989238380296
16.9,llm_1,757.461409929836,-10.501500000000002,29.450408986544524,1000.0,,-1.5,-1.5,-1.5,-1.5,-1.4851485148514598,0,highway_0,0,438.461409929836,757.461409929836,,-1030.4504089865445
17.0,llm_1,760.3915993433419,-10.501500000000002,29.301894135059378,1000.0,,-1.5,-1.5,-1.5,-1.5,-1.4851485148514598,0,highway_0,0,441.3915993433419,760.3915993433419,,-1030.3018941350595
17.1,llm_1,763.3069372716993,-10.501500000000002,29.153379283574232,1000.0,,-1.5,-1.5,-1.5,-1.5,-1.4851485148514598,0,highway_0,0,444.3069372716993,763.3069372716993,,-1030.1533792835742
17.2,llm_1,766.2074237149083,-10.501500000000002,29.004864432089086,1000.0,,-1.5,-1.5,-1.5,-1.5,-1.4851485148514598,0,highway_0,0,447.20742371490826,766.2074237149083,,-1030.004864432089
17.3,llm_1,769.0930586729687,-10.501500000000002,28.85634958060394,1000.0,,-1.5,-1.5,-1.5,-1.5,-1.4851485148514598,0,highway_0,0,450.0930586729687,769.0930586729687,,-1029.856349580604
17.4,llm_1,771.9638421458806,-10.501500000000002,28.707834729118794,1000.0,,-1.5,-1.5,-1.5,-1.5,-1.4851485148514598,0,highway_0,0,452.96384214588056,771.9638421458806,,-1029.7078347291188
17.5,llm_1,774.8197741336439,-10.501500000000002,28.559319877633648,1000.0,,-1.5,-1.5,-1.5,-1.5,-1.4851485148514598,0,highway_0,0,455.81977413364393,774.8197741336439,,-1029.5593198776337
17.6,llm_1,777.6608546362588,-10.501500000000002,28.410805026148502,1000.0,,-1.5,-1.5,-1.5,-1.5,-1.4851485148514598,0,highway_0,0,458.6608546362588,777.6608546362588,,-1029.4108050261484
17.7,llm_1,780.4870836537251,-10.501500000000002,28.262290174663356,1000.0,,-1.5,-1.5,-1.5,-1.5,-1.4851485148514598,0,highway_0,0,461.4870836537251,780.4870836537251,,-1029.2622901746633
17.8,llm_1,783.2984611860429,-10.501500000000002,28.11377532317821,1000.0,,-1.5,-1.5,-1.5,-1.5,-1.4851485148514598,0,highway_0,0,464.2984611860429,783.2984611860429,,-1029.1137753231783
17.9,llm_1,786.0949872332122,-10.501500000000002,27.965260471693064,1000.0,,-1.5,-1.5,-1.5,-1.5,-1.4851485148514598,0,highway_0,0,467.09498723321224,786.0949872332122,,-1028.965260471693
18.0,llm_1,788.8766617952331,-10.501500000000002,27.816745620207918,1000.0,,-1.5,-1.5,-1.5,-1.5,-1.4851485148514598,0,highway_0,0,469.8766617952331,788.8766617952331,,-1028.816745620208
18.1,llm_1,791.6434848721053,-10.501500000000002,27.668230768722772,1000.0,,-1.5,-1.5,-1.5,-1.5,-1.4851485148514598,0,highway_0,0,472.6434848721053,791.6434848721053,,-1028.6682307687229
18.2,llm_1,794.3954564638291,-10.501500000000002,27.519715917237626,1000.0,,-1.5,-1.5,-1.5,-1.5,-1.4851485148514598,0,highway_0,0,475.3954564638291,794.3954564638291,,-1028.5197159172376
18.3,llm_1,797.1325765704044,-10.501500000000002,27.37120106575248,1000.0,,-1.5,-1.5,-1.5,-1.5,-1.4851485148514598,0,highway_0,0,478.13257657040435,797.1325765704044,,-1028.3712010657525
18.4,llm_1,799.854845191831,-10.501500000000002,27.222686214267334,1000.0,,-1.5,-1.5,-1.5,-1.5,-1.4851485148514598,0,highway_0,0,480.85484519183103,799.854845191831,,-1028.2226862142672
18.5,llm_1,802.5622623281092,-10.501500000000002,27.074171362782188,1000.0,,-1.5,-1.5,-1.5,-1.5,-1.4851485148514598,0,highway_0,0,483.5622623281092,802.5622623281092,,-1028.0741713627822
18.6,llm_1,805.2548279792389,-10.501500000000002,26.925656511297042,1000.0,,-1.5,-1.5,-1.5,-1.5,-1.4851485148514598,0,highway_0,0,486.25482797923894,805.2548279792389,,-1027.9256565112971
18.7,llm_1,807.9325421452202,-10.501500000000002,26.777141659811896,1000.0,,-1.5,-1.5,-1.5,-1.5,-1.4851485148514598,0,highway_0,0,488.93254214522017,807.9325421452202,,-1027.7771416598118
18.8,llm_1,810.5954048260528,-10.501500000000002,26.62862680832675,1000.0,,-1.5,-1.5,-1.5,-1.5,-1.4851485148514598,0,highway_0,0,491.5954048260528,810.5954048260528,,-1027.6286268083268
18.9,llm_1,813.243416021737,-10.501500000000002,26.480111956841604,1000.0,,-1.5,-1.5,-1.5,-1.5,-1.4851485148514598,0,highway_0,0,494.24341602173695,813.243416021737,,-1027.4801119568417
19.0,llm_1,815.8765757322726,-10.501500000000002,26.331597105356458,1000.0,,-1.5,-1.5,-1.5,-1.5,-1.4851485148514598,0,highway_0,0,496.8765757322726,815.8765757322726,,-1027.3315971053564
19.1,llm_1,818.4948839576598,-10.501500000000002,26.183082253871312,1000.0,,-1.5,-1.5,-1.5,-1.5,-1.4851485148514598,0,highway_0,0,499.4948839576598,818.4948839576598,,-1027.1830822538714
19.2,llm_1,821.0983406978984,-10.501500000000002,26.034567402386166,1000.0,,-1.5,-1.5,-1.5,-1.5,-1.4851485148514598,0,highway_0,0,502.0983406978984,821.0983406978984,,-1027.034567402386
19.3,llm_1,823.6869459529885,-10.501500000000002,25.88605255090102,1000.0,,-1.5,-1.5,-1.5,-1.5,-1.4851485148514598,0,highway_0,0,504.6869459529885,823.6869459529885,,-1026.886052550901
19.4,llm_1,826.2606997229301,-10.501500000000002,25.737537699415874,1000.0,,-1.5,-1.5,-1.5,-1.5,-1.4851485148514598,0,highway_0,0,507.2606997229301,826.2606997229301,,-1026.737537699416
19.5,llm_1,828.8344534928717,-10.501500000000002,25.737537699415874,1000.0,,0.0,0.0,0.0,0.0,0.0,0,highway_0,0,509.8344534928717,828.8344534928717,,-1026.737537699416
19.6,llm_1,831.4082072628133,-10.501500000000002,25.737537699415874,1000.0,,0.0,0.0,0.0,0.0,0.0,0,highway_0,0,512.4082072628133,831.4082072628133,,-1026.737537699416
19.7,llm_1,833.981961032755,-10.501500000000002,25.737537699415874,1000.0,,0.0,0.0,0.0,0.0,0.0,0,highway_0,0,514.981961032755,833.981961032755,,-1026.737537699416
19.8,llm_1,836.5557148026966,-10.501500000000002,25.737537699415874,1000.0,,0.0,0.0,0.0,0.0,0.0,0,highway_0,0,517.5557148026966,836.5557148026966,,-1026.737537699416
19.9,llm_1,839.1294685726382,-10.501500000000002,25.737537699415874,1000.0,,0.0,0.0,0.0,0.0,0.0,0,highway_0,0,520.1294685726382,839.1294685726382,,-1026.737537699416
20.0,llm_1,841.7032223425798,-10.501500000000002,25.737537699415874,1000.0,,0.0,0.0,0.0,0.0,0.0,0,highway_0,0,522.7032223425798,841.7032223425798,,-1026.737537699416
20.1,llm_1,844.2769761125214,-10.501500000000002,25.737537699415874,1000.0,,0.0,0.0,0.0,0.0,0.0,0,highway_0,0,525.2769761125214,844.2769761125214,,-1026.737537699416
20.2,llm_1,846.850729882463,-10.501500000000002,25.737537699415874,1000.0,,0.0,0.0,0.0,0.0,0.0,0,highway_0,0,527.850729882463,846.850729882463,,-1026.737537699416
20.3,llm_1,849.4363648405234,-10.501500000000002,25.856349580603993,1000.0,,1.2,1.2,1.2,1.2,1.1881188118811892,0,highway_0,0,530.4363648405234,849.4363648405234,,-1026.856349580604
20.4,llm_1,852.0338809867027,-10.501500000000002,25.975161461792112,1000.0,,1.2,1.2,1.2,1.2,1.1881188118811892,0,highway_0,0,533.0338809867027,852.0338809867027,,-1026.9751614617921
20.5,llm_1,854.6432783210007,-10.501500000000002,26.09397334298023,1000.0,,1.2,1.2,1.2,1.2,1.1881188118811892,0,highway_0,0,535.6432783210007,854.6432783210007,,-1027.0939733429802
20.6,llm_1,857.2645568434175,-10.501500000000002,26.21278522416835,1000.0,,1.2,1.2,1.2,1.2,1.1881188118811892,0,highway_0,0,538.2645568434175,857.2645568434175,,-1027.2127852241683
20.7,llm_1,859.8977165539532,-10.501500000000002,26.33159710535647,1000.0,,1.2,1.2,1.2,1.2,1.1881188118811892,0,highway_0,0,540.8977165539532,859.8977165539532,,-1027.3315971053564
20.8,llm_1,862.5427574526076,-10.501500000000002,26.450408986544588,1000.0,,1.2,1.2,1.2,1.2,1.1881188118811892,0,highway_0,0,543.5427574526076,862.5427574526076,,-1027.4504089865445
20.9,llm_1,865.1996795393809,-10.501500000000002,26.569220867732707,1000.0,,1.2,1.2,1.2,1.2,1.1881188118811892,0,highway_0,0,546.1996795393809,865.1996795393809,,-1027.5692208677326
21.0,llm_1,867.868482814273,-10.501500000000002,26.688032748920826,1000.0,,1.2,1.2,1.2,1.2,1.1881188118811892,0,highway_0,0,548.868482814273,867.868482814273,,-1027.688032748921
21.1,llm_1,870.5491672772839,-10.501500000000002,26.806844630108944,1000.0,,1.2,1.2,1.2,1.2,1.1881188118811892,0,highway_0,0,551.5491672772839,870.5491672772839,,-1027.806844630109
21.2,llm_1,873.2417329284136,-10.501500000000002,26.925656511297063,1000.0,,1.2,1.2,1.2,1.2,1.1881188118811892,0,highway_0,0,554.2417329284136,873.2417329284136,,-1027.9256565112971
21.3,llm_1,875.9461797676621,-10.501500000000002,27.044468392485182,1000.0,,1.2,1.2,1.2,1.2,1.1881188118811892,0,highway_0,0,556.9461797676621,875.9461797676621,,-1028.0444683924852
21.4,llm_1,878.6625077950295,-10.501500000000002,27.1632802736733,1000.0,,1.2,1.2,1.2,1.2,1.1881188118811892,0,highway_0,0,559.6625077950295,878.6625077950295,,-1028.1632802736733
21.5,llm_1,881.3907170105156,-10.501500000000002,27.28209215486142,1000.0,,1.2,1.2,1.2,1.2,1.1881188118811892,0,highway_0,0,562.3907170105156,881.3907170105156,,-1028.2820921548614
21.6,llm_1,884.1308074141206,-10.501500000000002,27.40090403604954,1000.0,,1.2,1.2,1.2,1.2,1.1881188118811892,0,highway_0,0,565.1308074141206,884.1308074141206,,-1028.4009040360495
21.7,llm_1,886.8827790058443,-10.501500000000002,27.519715917237658,1000.0,,1.2,1.2,1.2,1.2,1.1881188118811892,0,highway_0,0,567.8827790058443,886.8827790058443,,-1028.5197159172376
21.8,llm_1,889.6466317856868,-10.501500000000002,27.638527798425777,1000.0,,1.2,1.2,1.2,1.2,1.1881188118811892,0,highway_0,0,570.6466317856868,889.6466317856868,,-1028.6385277984257
21.9,llm_1,892.4223657536483,-10.501500000000002,27.757339679613896,1000.0,,1.2,1.2,1.2,1.2,1.1881188118811892,0,highway_0,0,573.4223657536483,892.4223657536483,,-1028.757339679614
22.0,llm_1,895.2099809097284,-10.501500000000002,27.876151560802015,1000.0,,1.2,1.2,1.2,1.2,1.1881188118811892,0,highway_0,0,576.2099809097284,895.2099809097284,,-1028.876151560802
22.1,llm_1,898.0094772539275,-10.501500000000002,27.994963441990134,1000.0,,1.2,1.2,1.2,1.2,1.1881188118811892,0,highway_0,0,579.0094772539275,898.0094772539275,,-1028.9949634419902
22.2,llm_1,900.8208547862454,-10.501500000000002,28.113775323178253,1000.0,,1.2,1.2,1.2,1.2,1.1881188118811892,0,highway_0,0,581.8208547862453,900.8208547862453,,-1029.1137753231783
22.3,llm_1,903.644113506682,-10.501500000000002,28.23258720436637,1000.0,,1.2,1.2,1.2,1.2,1.1881188118811892,0,highway_0,0,584.644113506682,903.644113506682,,-1029.2325872043664
22.4,llm_1,906.4792534152375,-10.501500000000002,28.35139908555449,1000.0,,1.2,1.2,1.2,1.2,1.1881188118811892,0,highway_0,0,587.4792534152374,906.4792534152374,,-1029.3513990855545
22.5,llm_1,909.3262745119115,-10.501500000000002,28.47021096674261,1000.0,,1.2,1.2,1.2,1.2,1.1881188118811892,0,highway_0,0,590.3262745119116,909.3262745119116,,-1029.4702109667426
22.6,llm_1,912.1851767967048,-10.501500000000002,28.58902284793073,1000.0,,1.2,1.2,1.2,1.2,1.1881188118811892,0,highway_0,0,593.1851767967047,912.1851767967047,,-1029.5890228479307
22.7,llm_1,915.0559602696165,-10.501500000000002,28.707834729118847,1000.0,,1.2,1.2,1.2,1.2,1.1881188118811892,0,highway_0,0,596.0559602696165,915.0559602696165,,-1029.7078347291188
22.8,llm_1,917.9386249306473,-10.501500000000002,28.826646610306966,1000.0,,1.2,1.2,1.2,1.2,1.1881188118811892,0,highway_0,0,598.9386249306473,917.9386249306473,,-1029.8266466103069
22.9,llm_1,920.8331707797967,-10.501500000000002,28.945458491495085,1000.0,,1.2,1.2,1.2,1.2,1.1881188118811892,0,highway_0,0,601.8331707797968,920.8331707797968,,-1029.9454584914952
23.0,llm_1,923.7395978170651,-10.501500000000002,29.064270372683204,1000.0,,1.2,1.2,1.2,1.2,1.1881188118811892,0,highway_0,0,604.7395978170651,923.7395978170651,,-1030.0642703726833
23.1,llm_1,926.6579060424523,-10.501500000000002,29.183082253871323,1000.0,,1.2,1.2,1.2,1.2,1.1881188118811892,0,highway_0,0,607.6579060424523,926.6579060424523,,-1030.1830822538714
23.2,llm_1,929.5880954559582,-10.501500000000002,29.30189413505944,1000.0,,1.2,1.2,1.2,1.2,1.1881188118811892,0,highway_0,0,610.5880954559582,929.5880954559582,,-1030.3018941350595
23.3,llm_1,932.530166057583,-10.501500000000002,29.42070601624756,1000.0,,1.2,1.2,1.2,1.2,1.1881188118811892,0,highway_0,0,613.530166057583,932.530166057583,,-1030.4207060162475
23.4,llm_1,935.4841178473265,-10.501500000000002,29.53951789743568,1000.0,,1.2,1.2,1.2,1.2,1.1881188118811892,0,highway_0,0,616.4841178473265,935.4841178473265,,-1030.5395178974356
23.5,llm_1,938.4499508251889,-10.501500000000002,29.6583297786238,1000.0,,1.2,1.2,1.2,1.2,1.1881188118811892,0,highway_0,0,619.4499508251889,938.4499508251889,,-1030.6583297786237
23.6,llm_1,941.4276649911701,-10.501500000000002,29.777141659811917,1000.0,,1.2,1.2,1.2,1.2,1.1881188118811892,0,highway_0,0,622.4276649911701,941.4276649911701,,-1030.7771416598118
23.7,llm_1,944.4172603452699,-10.501500000000002,29.895953541000036,1000.0,,1.2,1.2,1.2,1.2,1.1881188118811892,0,highway_0,0,625.41726034527,944.41726034527,,-1030.895953541
23.8,llm_1,947.4187368874889,-10.501500000000002,30.014765422188155,1000.0,,1.2,1.2,1.2,1.2,1.1881188118811892,0,highway_0,0,628.4187368874889,947.4187368874889,,-1031.0147654221882
23.9,llm_1,950.4320946178265,-10.501500000000002,30.133577303376274,1000.0,,1.2,1.2,1.2,1.2,1.1881188118811892,0,highway_0,0,631.4320946178265,950.4320946178265,,-1031.1335773033763
24.0,llm_1,953.4573335362829,-10.501500000000002,30.252389184564393,1000.0,,1.2,1.2,1.2,1.2,1.1881188118811892,0,highway_0,0,634.4573335362829,953.4573335362829,,-1031.2523891845644
24.1,llm_1,956.494453642858,-10.501500000000002,30.371201065752512,1000.0,,1.2,1.2,1.2,1.2,1.1881188118811892,0,highway_0,0,637.4944536428582,956.4944536428582,,-1031.3712010657525
24.2,llm_1,959.5434549375523,-10.501500000000002,30.49001294694063,1000.0,,1.2,1.2,1.2,1.2,1.1881188118811892,0,highway_0,0,640.5434549375523,959.5434549375523,,-1031.4900129469406
24.3,llm_1,962.6043374203651,-10.501500000000002,30.60882482812875,1000.0,,1.2,1.2,1.2,1.2,1.1881188118811892,0,highway_0,0,643.6043374203651,962.6043374203651,,-1031.6088248281287
24.4,llm_1,965.6771010912968,-10.501500000000002,30.72763670931687,1000.0,,1.2,1.2,1.2,1.2,1.1881188118811892,0,highway_0,0,646.6771010912968,965.6771010912968,,-1031.7276367093168
24.5,llm_1,968.7617459503473,-10.501500000000002,30.846448590504988,1000.0,,1.2,1.2,1.2,1.2,1.1881188118811892,0,highway_0,0,649.7617459503473,968.7617459503473,,-1031.846448590505
24.6,llm_1,971.8582719975167,-10.501500000000002,30.965260471693107,1000.0,,1.2,1.2,1.2,1.2,1.1881188118811892,0,highway_0,0,652.8582719975166,971.8582719975166,,-1031.965260471693
24.7,llm_1,974.9666792328047,-10.501500000000002,31.084072352881225,1000.0,,1.2,1.2,1.2,1.2,1.1881188118811892,0,highway_0,0,655.9666792328047,974.9666792328047,,-1032.0840723528813
24.8,llm_1,978.0869669305814,-10.501500000000002,31.202876977767385,1000.0,,1.1999267113501868,1.1999267113501868,1.1999267113501868,1.1999267113501868,1.1880462488615962,0,highway_0,0,659.0869669305814,978.0869669305814,,-1032.2028769777673
24.9,llm_1,981.2187912643566,-10.501500000000002,31.318243337750786,1000.0,,1.1652002358323466,1.1652002358323466,1.1652002358323466,1.1652002358323466,1.1536635998340117,0,highway_0,0,662.2187912643565,981.2187912643565,,-1032.3182433377508
25.0,llm_1,984.3618153104934,-10.501500000000002,31.43024046137068,1000.0,,1.1311709485609387,1.1311709485609387,1.1311709485609387,1.1311709485609387,1.1199712361989356,0,highway_0,0,665.3618153104935,984.3618153104935,,-1032.4302404613707
25.1,llm_1,987.5157091293546,-10.501500000000002,31.53893818861109,1000.0,,1.0978470451281508,1.0978470451281508,1.0978470451281508,1.0978470451281508,1.0869772724041127,0,highway_0,0,668.5157091293546,987.5157091293546,,-1032.5389381886112
25.2,llm_1,990.6801498294835,-10.501500000000002,31.64440700128938,1000.0,,1.0652350080507176,1.0652350080507176,1.0652350080507176,1.0652350080507176,1.0546881267828923,0,highway_0,0,671.6801498294835,990.6801498294835,,-1032.6444070012894
25.3,llm_1,993.8548216155102,-10.501500000000002,31.74671786026537,1000.0,,1.0333396756574886,1.0333396756574886,1.0333396756574886,1.0333396756574886,1.0231085897599002,0,highway_0,0,674.8548216155101,993.8548216155101,,-1032.7467178602653
25.4,llm_1,997.03941582049,-10.501500000000002,31.845942049799252,1000.0,,1.0021643142922236,1.0021643142922236,1.0021643142922236,1.0021643142922236,0.9922418953388146,0,highway_0,0,678.03941582049,997.03941582049,,-1032.8459420497993
25.5,llm_1,1000.2336309234219,-10.501500000000002,31.942151029317827,1000.0,,0.9717106931376099,0.9717106931376099,0.9717106931376099,0.9717106931376099,0.9620897951857543,0,highway_0,0,681.2336309234219,1000.2336309234219,,-1032.9421510293178
25.6,llm_1,1003.4371725527001,-10.501500000000002,32.035416292783395,1000.0,,0.9419791610022332,0.9419791610022332,0.9419791610022332,0.9419791610022332,0.9326526346556818,0,highway_0,0,684.4371725527002,1003.4371725527002,,-1033.0354162927833
25.7,llm_1,1006.64975347628,-10.501500000000002,32.12580923579838,1000.0,,0.9129687244513244,0.9129687244513244,0.9129687244513244,0.9129687244513244,0.9039294301498302,0,highway_0,0,687.64975347628,1006.64975347628,,-1033.1258092357984
25.8,llm_1,1009.8710935793323,-10.501500000000002,32.21340103052153,1000.0,,0.8846771267038486,0.8846771267038486,0.8846771267038486,0.8846771267038486,0.8759179472315282,0,highway_0,0,690.8710935793322,1009.8710935793322,,-1033.2134010305215
25.9,llm_1,1013.100919830174,-10.501500000000002,32.29826250841877,1000.0,,0.8571009267621426,0.8571009267621426,0.8571009267621426,0.8571009267621426,0.8486147789724185,0,highway_0,0,694.100919830174,1013.100919830174,,-1033.2982625084187
26.0,llm_1,1016.3389662352564,-10.501500000000002,32.38046405082323,1000.0,,0.8302355782849845,0.8302355782849845,0.8302355782849845,0.8302355782849845,0.822015424044551,0,highway_0,0,697.3389662352563,1016.3389662352563,,-1033.3804640508233
26.1,llm_1,1019.5872474386408,-10.501500000000002,32.48281203384515,1000.0,,1.033714628521383,1.033714628521383,1.033714628521383,1.033714628521383,1.023479830219216,0,highway_0,0,700.5872474386408,1019.5872474386408,,-1033.4828120338452
26.2,llm_1,1022.8449752615313,-10.501500000000002,32.577278228905065,1000.0,,0.9541085701051147,0.9541085701051147,0.9541085701051147,0.9541085701051147,0.9446619505991549,0,highway_0,0,703.8449752615313,1022.8449752615313,,-1033.577278228905
26.3,llm_1,1026.1027030844218,-10.501500000000002,32.577278228905065,1000.0,,0.0,0.0,0.0,0.0,0.0,0,highway_0,0,707.1027030844218,1026.1027030844218,,-1033.577278228905
26.4,llm_1,1029.3604309073123,-10.501500000000002,32.577278228905065,1000.0,,0.0,0.0,0.0,0.0,0.0,0,highway_0,0,710.3604309073123,1029.3604309073123,,-1033.577278228905
26.5,llm_1,1032.6181587302028,-10.501500000000002,32.577278228905065,1000.0,,0.0,0.0,0.0,0.0,0.0,0,highway_0,0,713.6181587302028,1032.6181587302028,,-1033.577278228905
26.6,llm_1,1035.8758865530933,-10.501500000000002,32.577278228905065,1000.0,,0.0,0.0,0.0,0.0,0.0,0,highway_0,0,716.8758865530933,1035.8758865530933,,-1033.577278228905
26.7,llm_1,1039.1336143759838,-10.501500000000002,32.577278228905065,1000.0,,0.0,0.0,0.0,0.0,0.0,0,highway_0,0,720.1336143759838,1039.1336143759838,,-1033.577278228905
26.8,llm_1,1042.3913421988743,-10.501500000000002,32.577278228905065,1000.0,,0.0,0.0,0.0,0.0,0.0,0,highway_0,0,723.3913421988743,1042.3913421988743,,-1033.577278228905
26.9,llm_1,1045.6490700217648,-10.501500000000002,32.577278228905065,1000.0,,0.0,0.0,0.0,0.0,0.0,0,highway_0,0,726.6490700217648,1045.6490700217648,,-1033.577278228905
27.0,llm_1,1048.9067978446553,-10.501500000000002,32.577278228905065,1000.0,,0.0,0.0,0.0,0.0,0.0,0,highway_0,0,729.9067978446553,1048.9067978446553,,-1033.577278228905
27.1,llm_1,1052.1496741823973,-10.501500000000002,32.42876337741992,1000.0,,-1.5,-1.5,-1.5,-1.5,-1.4851485148514598,0,highway_0,0,733.1496741823973,1052.1496741823973,,-1033.42876337742
27.2,llm_1,1055.3776990349909,-10.501500000000002,32.28024852593477,1000.0,,-1.5,-1.5,-1.5,-1.5,-1.4851485148514598,0,highway_0,0,736.3776990349909,1055.3776990349909,,-1033.2802485259347
27.3,llm_1,1058.590872402436,-10.501500000000002,32.13173367444963,1000.0,,-1.5,-1.5,-1.5,-1.5,-1.4851485148514598,0,highway_0,0,739.5908724024359,1058.590872402436,,-1033.1317336744496
27.4,llm_1,1061.7891942847323,-10.501500000000002,31.98321882296448,1000.0,,-1.5,-1.5,-1.5,-1.5,-1.4851485148514598,0,highway_0,0,742.7891942847323,1061.7891942847323,,-1032.9832188229645
27.5,llm_1,1064.9726646818801,-10.501500000000002,31.834703971479335,1000.0,,-1.5,-1.5,-1.5,-1.5,-1.4851485148514598,0,highway_0,0,745.9726646818801,1064.9726646818801,,-1032.8347039714793
27.6,llm_1,1068.1412835938795,-10.501500000000002,31.68618911999419,1000.0,,-1.5,-1.5,-1.5,-1.5,-1.4851485148514598,0,highway_0,0,749.1412835938795,1068.1412835938795,,-1032.6861891199942
27.7,llm_1,1071.2950510207304,-10.501500000000002,31.537674268509043,1000.0,,-1.5,-1.5,-1.5,-1.5,-1.4851485148514598,0,highway_0,0,752.2950510207304,1071.2950510207304,,-1032.5376742685091
27.8,llm_1,1074.4339669624328,-10.501500000000002,31.389159417023897,1000.0,,-1.5,-1.5,-1.5,-1.5,-1.4851485148514598,0,highway_0,0,755.4339669624328,1074.4339669624328,,-1032.3891594170238
27.9,llm_1,1077.5580314189867,-10.501500000000002,31.24064456553875,1000.0,,-1.5,-1.5,-1.5,-1.5,-1.4851485148514598,0,highway_0,0,758.5580314189867,1077.5580314189867,,-1032.2406445655388
28.0,llm_1,1080.6672443903922,-10.501500000000002,31.092129714053605,1000.0,,-1.5,-1.5,-1.5,-1.5,-1.4851485148514598,0,highway_0,0,761.6672443903922,1080.6672443903922,,-1032.0921297140535
28.1,llm_1,1083.7616058766491,-10.501500000000002,30.94361486256846,1000.0,,-1.5,-1.5,-1.5,-1.5,-1.4851485148514598,0,highway_0,0,764.7616058766491,1083.7616058766491,,-1031.9436148625684
28.2,llm_1,1086.8411158777574,-10.501500000000002,30.795100011083314,1000.0,,-1.5,-1.5,-1.5,-1.5,-1.4851485148514598,0,highway_0,0,767.8411158777574,1086.8411158777574,,-1031.7951000110834
28.3,llm_1,1089.9057743937171,-10.501500000000002,30.646585159598168,1000.0,,-1.5,-1.5,-1.5,-1.5,-1.4851485148514598,0,highway_0,0,770.9057743937171,1089.9057743937171,,-1031.646585159598
28.4,llm_1,1092.9555814245284,-10.501500000000002,30.49807030811302,1000.0,,-1.5,-1.5,-1.5,-1.5,-1.4851485148514598,0,highway_0,0,773.9555814245284,1092.9555814245284,,-1031.498070308113
28.5,llm_1,1095.9905369701912,-10.501500000000002,30.349555456627876,1000.0,,-1.5,-1.5,-1.5,-1.5,-1.4851485148514598,0,highway_0,0,776.9905369701912,1095.9905369701912,,-1031.349555456628
28.6,llm_1,1099.0106410307055,-10.501500000000002,30.20104060514273,1000.0,,-1.5,-1.5,-1.5,-1.5,-1.4851485148514598,0,highway_0,0,780.0106410307055,1099.0106410307055,,-1031.2010406051427
28.7,llm_1,1102.0158936060714,-10.501500000000002,30.052525753657584,1000.0,,-1.5,-1.5,-1.5,-1.5,-1.4851485148514598,0,highway_0,0,783.0158936060714,1102.0158936060714,,-1031.0525257536576
28.8,llm_1,1105.0062946962887,-10.501500000000002,29.904010902172438,1000.0,,-1.5,-1.5,-1.5,-1.5,-1.4851485148514598,0,highway_0,0,786.0062946962887,1105.0062946962887,,-1030.9040109021723
28.9,llm_1,1107.9818443013573,-10.501500000000002,29.75549605068729,1000.0,,-1.5,-1.5,-1.5,-1.5,-1.4851485148514598,0,highway_0,0,788.9818443013573,1107.9818443013573,,-1030.7554960506873
29.0,llm_1,1110.9425424212775,-10.501500000000002,29.606981199202146,1000.0,,-1.5,-1.5,-1.5,-1.5,-1.4851485148514598,0,highway_0,0,791.9425424212775,1110.9425424212775,,-1030.6069811992022
29.1,llm_1,1113.8883890560492,-10.501500000000002,29.458466347717,1000.0,,-1.5,-1.5,-1.5,-1.5,-1.4851485148514598,0,highway_0,0,794.8883890560492,1113.8883890560492,,-1030.458466347717
29.2,llm_1,1116.8193842056723,-10.501500000000002,29.309951496231854,1000.0,,-1.5,-1.5,-1.5,-1.5,-1.4851485148514598,0,highway_0,0,797.8193842056723,1116.8193842056723,,-1030.3099514962319
29.3,llm_1,1119.735527870147,-10.501500000000002,29.161436644746708,1000.0,,-1.5,-1.5,-1.5,-1.5,-1.4851485148514598,0,highway_0,0,800.735527870147,1119.735527870147,,-1030.1614366447468
29.4,llm_1,1122.6368200494733,-10.501500000000002,29.01292179326156,1000.0,,-1.5,-1.5,-1.5,-1.5,-1.4851485148514598,0,highway_0,0,803.6368200494733,1122.6368200494733,,-1030.0129217932615
29.5,llm_1,1125.523260743651,-10.501500000000002,28.864406941776416,1000.0,,-1.5,-1.5,-1.5,-1.5,-1.4851485148514598,0,highway_0,0,806.523260743651,1125.523260743651,,-1029.8644069417765
29.6,llm_1,1128.39484995268,-10.501500000000002,28.71589209029127,1000.0,,-1.5,-1.5,-1.5,-1.5,-1.4851485148514598,0,highway_0,0,809.39484995268,1128.39484995268,,-1029.7158920902912
29.7,llm_1,1131.2515876765606,-10.501500000000002,28.567377238806124,1000.0,,-1.5,-1.5,-1.5,-1.5,-1.4851485148514598,0,highway_0,0,812.2515876765606,1131.2515876765606,,-1029.567377238806
29.8,llm_1,1134.0934739152926,-10.501500000000002,28.418862387320978,1000.0,,-1.5,-1.5,-1.5,-1.5,-1.4851485148514598,0,highway_0,0,815.0934739152926,1134.0934739152926,,-1029.418862387321
29.9,llm_1,1136.9205086688762,-10.501500000000002,28.270347535835832,1000.0,,-1.5,-1.5,-1.5,-1.5,-1.4851485148514598,0,highway_0,0,817.9205086688762,1136.9205086688762,,-1029.2703475358358
30.0,llm_1,1139.7326919373113,-10.501500000000002,28.121832684350686,1000.0,,-1.5,-1.5,-1.5,-1.5,-1.4851485148514598,0,highway_0,0,820.7326919373113,1139.7326919373113,,-1029.1218326843507
30.1,llm_1,1142.530023720598,-10.501500000000002,27.97331783286554,1000.0,,-1.5,-1.5,-1.5,-1.5,-1.4851485148514598,0,highway_0,0,823.5300237205979,1142.530023720598,,-1028.9733178328656
30.2,llm_1,1145.312504018736,-10.501500000000002,27.824802981380394,1000.0,,-1.5,-1.5,-1.5,-1.5,-1.4851485148514598,0,highway_0,0,826.312504018736,1145.312504018736,,-1028.8248029813803
30.3,llm_1,1148.0801328317255,-10.501500000000002,27.676288129895248,1000.0,,-1.5,-1.5,-1.5,-1.5,-1.4851485148514598,0,highway_0,0,829.0801328317255,1148.0801328317255,,-1028.6762881298953
30.4,llm_1,1150.8329101595664,-10.501500000000002,27.527773278410102,1000.0,,-1.5,-1.5,-1.5,-1.5,-1.4851485148514598,0,highway_0,0,831.8329101595664,1150.8329101595664,,-1028.52777327841
30.5,llm_1,1153.5708360022588,-10.501500000000002,27.379258426924956,1000.0,,-1.5,-1.5,-1.5,-1.5,-1.4851485148514598,0,highway_0,0,834.5708360022588,1153.5708360022588,,-1028.379258426925
30.6,llm_1,1156.2939103598028,-10.501500000000002,27.23074357543981,1000.0,,-1.5,-1.5,-1.5,-1.5,-1.4851485148514598,0,highway_0,0,837.2939103598028,1156.2939103598028,,-1028.2307435754399
30.7,llm_1,1159.0021332321983,-10.501500000000002,27.082228723954664,1000.0,,-1.5,-1.5,-1.5,-1.5,-1.4851485148514598,0,highway_0,0,840.0021332321983,1159.0021332321983,,-1028.0822287239546
30.8,llm_1,1161.6955046194453,-10.501500000000002,26.933713872469518,1000.0,,-1.5,-1.5,-1.5,-1.5,-1.4851485148514598,0,highway_0,0,842.6955046194453,1161.6955046194453,,-1027.9337138724695
30.9,llm_1,1164.3740245215438,-10.501500000000002,26.785199020984372,1000.0,,-1.5,-1.5,-1.5,-1.5,-1.4851485148514598,0,highway_0,0,845.3740245215438,1164.3740245215438,,-1027.7851990209845
31.0,llm_1,1167.0525444236423,-10.501500000000002,26.785199020984372,1000.0,,0.0,0.0,0.0,0.0,0.0,0,highway_0,0,848.0525444236423,1167.0525444236423,,-1027.7851990209845
31.1,llm_1,1169.7310643257408,-10.501500000000002,26.785199020984372,1000.0,,0.0,0.0,0.0,0.0,0.0,0,highway_0,0,850.7310643257408,1169.7310643257408,,-1027.7851990209845
31.2,llm_1,1172.4095842278393,-10.501500000000002,26.785199020984372,1000.0,,0.0,0.0,0.0,0.0,0.0,0,highway_0,0,853.4095842278393,1172.4095842278393,,-1027.7851990209845
31.3,llm_1,1175.0881041299378,-10.501500000000002,26.785199020984372,1000.0,,0.0,0.0,0.0,0.0,0.0,0,highway_0,0,856.0881041299378,1175.0881041299378,,-1027.7851990209845
31.4,llm_1,1177.7666240320364,-10.501500000000002,26.785199020984372,1000.0,,0.0,0.0,0.0,0.0,0.0,0,highway_0,0,858.7666240320364,1177.7666240320364,,-1027.7851990209845
31.5,llm_1,1180.4451439341349,-10.501500000000002,26.785199020984372,1000.0,,0.0,0.0,0.0,0.0,0.0,0,highway_0,0,861.4451439341349,1180.4451439341349,,-1027.7851990209845
31.6,llm_1,1183.1236638362334,-10.501500000000002,26.785199020984372,1000.0,,0.0,0.0,0.0,0.0,0.0,0,highway_0,0,864.1236638362334,1183.1236638362334,,-1027.7851990209845
31.7,llm_1,1185.802183738332,-10.501500000000002,26.785199020984372,1000.0,,0.0,0.0,0.0,0.0,0.0,0,highway_0,0,866.8021837383319,1185.802183738332,,-1027.7851990209845
31.8,llm_1,1188.4807036404304,-10.501500000000002,26.785199020984372,1000.0,,0.0,0.0,0.0,0.0,0.0,0,highway_0,0,869.4807036404304,1188.4807036404304,,-1027.7851990209845
31.9,llm_1,1191.1711047306476,-10.501500000000002,26.90401090217249,1000.0,,1.2,1.2,1.2,1.2,1.1881188118811892,0,highway_0,0,872.1711047306476,1191.1711047306476,,-1027.9040109021726
32.0,llm_1,1193.8733870089836,-10.501500000000002,27.02282278336061,1000.0,,1.2,1.2,1.2,1.2,1.1881188118811892,0,highway_0,0,874.8733870089836,1193.8733870089836,,-1028.0228227833607
32.1,llm_1,1196.5875504754385,-10.501500000000002,27.14163466454873,1000.0,,1.2,1.2,1.2,1.2,1.1881188118811892,0,highway_0,0,877.5875504754385,1196.5875504754385,,-1028.1416346645487
32.2,llm_1,1199.3135951300123,-10.501500000000002,27.260446545736848,1000.0,,1.2,1.2,1.2,1.2,1.1881188118811892,0,highway_0,0,880.3135951300123,1199.3135951300123,,-1028.2604465457368
32.3,llm_1,1202.0515209727048,-10.501500000000002,27.379258426924967,1000.0,,1.2,1.2,1.2,1.2,1.1881188118811892,0,highway_0,0,883.0515209727048,1202.0515209727048,,-1028.379258426925
32.4,llm_1,1204.8013280035161,-10.501500000000002,27.498070308113086,1000.0,,1.2,1.2,1.2,1.2,1.1881188118811892,0,highway_0,0,885.8013280035161,1204.8013280035161,,-1028.498070308113
32.5,llm_1,1207.5630162224463,-10.501500000000002,27.616882189301204,1000.0,,1.2,1.2,1.2,1.2,1.1881188118811892,0,highway_0,0,888.5630162224463,1207.5630162224463,,-1028.6168821893011
32.6,llm_1,1210.3365856294952,-10.501500000000002,27.735694070489323,1000.0,,1.2,1.2,1.2,1.2,1.1881188118811892,0,highway_0,0,891.3365856294952,1210.3365856294952,,-1028.7356940704892
32.7,llm_1,1213.122036224663,-10.501500000000002,27.854505951677442,1000.0,,1.2,1.2,1.2,1.2,1.1881188118811892,0,highway_0,0,894.1220362246629,1213.122036224663,,-1028.8545059516775
32.8,llm_1,1215.9193680079495,-10.501500000000002,27.97331783286556,1000.0,,1.2,1.2,1.2,1.2,1.1881188118811892,0,highway_0,0,896.9193680079495,1215.9193680079495,,-1028.9733178328656
32.9,llm_1,1218.7285809793548,-10.501500000000002,28.09212971405368,1000.0,,1.2,1.2,1.2,1.2,1.1881188118811892,0,highway_0,0,899.7285809793548,1218.7285809793548,,-1029.0921297140537
33.0,llm_1,1221.549675138879,-10.501500000000002,28.2109415952418,1000.0,,1.2,1.2,1.2,1.2,1.1881188118811892,0,highway_0,0,902.5496751388789,1221.549675138879,,-1029.2109415952418
33.1,llm_1,1224.382650486522,-10.501500000000002,28.329753476429918,1000.0,,1.2,1.2,1.2,1.2,1.1881188118811892,0,highway_0,0,905.3826504865219,1224.382650486522,,-1029.32975347643
33.2,llm_1,1227.2275070222838,-10.501500000000002,28.448565357618037,1000.0,,1.2,1.2,1.2,1.2,1.1881188118811892,0,highway_0,0,908.2275070222838,1227.2275070222838,,-1029.448565357618
33.3,llm_1,1230.0842447461644,-10.501500000000002,28.567377238806156,1000.0,,1.2,1.2,1.2,1.2,1.1881188118811892,0,highway_0,0,911.0842447461644,1230.0842447461644,,-1029.567377238806
33.4,llm_1,1232.9528636581638,-10.501500000000002,28.686189119994275,1000.0,,1.2,1.2,1.2,1.2,1.1881188118811892,0,highway_0,0,913.9528636581638,1232.9528636581638,,-1029.6861891199942
33.5,llm_1,1235.833363758282,-10.501500000000002,28.805001001182394,1000.0,,1.2,1.2,1.2,1.2,1.1881188118811892,0,highway_0,0,916.8333637582821,1235.833363758282,,-1029.8050010011823
33.6,llm_1,1238.725745046519,-10.501500000000002,28.923812882370513,1000.0,,1.2,1.2,1.2,1.2,1.1881188118811892,0,highway_0,0,919.725745046519,1238.725745046519,,-1029.9238128823706
33.7,llm_1,1241.6300075228748,-10.501500000000002,29.04262476355863,1000.0,,1.2,1.2,1.2,1.2,1.1881188118811892,0,highway_0,0,922.6300075228748,1241.6300075228748,,-1030.0426247635587
33.8,llm_1,1244.5461511873496,-10.501500000000002,29.16143664474675,1000.0,,1.2,1.2,1.2,1.2,1.1881188118811892,0,highway_0,0,925.5461511873496,1244.5461511873496,,-1030.1614366447468
33.9,llm_1,1247.4741760399431,-10.501500000000002,29.28024852593487,1000.0,,1.2,1.2,1.2,1.2,1.1881188118811892,0,highway_0,0,928.4741760399431,1247.4741760399431,,-1030.280248525935
34.0,llm_1,1250.4140820806554,-10.501500000000002,29.399060407122988,1000.0,,1.2,1.2,1.2,1.2,1.1881188118811892,0,highway_0,0,931.4140820806554,1250.4140820806554,,-1030.399060407123
34.1,llm_1,1253.3658693094865,-10.501500000000002,29.517872288311107,1000.0,,1.2,1.2,1.2,1.2,1.1881188118811892,0,highway_0,0,934.3658693094865,1253.3658693094865,,-1030.517872288311
34.2,llm_1,1256.3295377264365,-10.501500000000002,29.636684169499226,1000.0,,1.2,1.2,1.2,1.2,1.1881188118811892,0,highway_0,0,937.3295377264365,1256.3295377264365,,-1030.6366841694992
34.3,llm_1,1259.305087331505,-10.501500000000002,29.755496050687345,1000.0,,1.2,1.2,1.2,1.2,1.1881188118811892,0,highway_0,0,940.3050873315051,1259.305087331505,,-1030.7554960506873
34.4,llm_1,1262.2925181246926,-10.501500000000002,29.874307931875464,1000.0,,1.2,1.2,1.2,1.2,1.1881188118811892,0,highway_0,0,943.2925181246926,1262.2925181246926,,-1030.8743079318754
34.5,llm_1,1265.291830105999,-10.501500000000002,29.993119813063583,1000.0,,1.2,1.2,1.2,1.2,1.1881188118811892,0,highway_0,0,946.291830105999,1265.291830105999,,-1030.9931198130637
34.6,llm_1,1268.3030232754243,-10.501500000000002,30.1119316942517,1000.0,,1.2,1.2,1.2,1.2,1.1881188118811892,0,highway_0,0,949.3030232754243,1268.3030232754243,,-1031.1119316942518
34.7,llm_1,1271.3260976329682,-10.501500000000002,30.23074357543982,1000.0,,1.2,1.2,1.2,1.2,1.1881188118811892,0,highway_0,0,952.3260976329682,1271.3260976329682,,-1031.2307435754399
34.8,llm_1,1274.361053178631,-10.501500000000002,30.34955545662794,1000.0,,1.2,1.2,1.2,1.2,1.1881188118811892,0,highway_0,0,955.361053178631,1274.361053178631,,-1031.349555456628
34.9,llm_1,1277.4078899124127,-10.501500000000002,30.46836733781606,1000.0,,1.2,1.2,1.2,1.2,1.1881188118811892,0,highway_0,0,958.4078899124127,1277.4078899124127,,-1031.468367337816
35.0,llm_1,1280.466607834313,-10.501500000000002,30.587179219004177,1000.0,,1.2,1.2,1.2,1.2,1.1881188118811892,0,highway_0,0,961.466607834313,1280.466607834313,,-1031.5871792190042
35.1,llm_1,1283.5372069443322,-10.501500000000002,30.705991100192296,1000.0,,1.2,1.2,1.2,1.2,1.1881188118811892,0,highway_0,0,964.5372069443322,1283.5372069443322,,-1031.7059911001923
35.2,llm_1,1286.6196872424703,-10.501500000000002,30.824802981380415,1000.0,,1.2,1.2,1.2,1.2,1.1881188118811892,0,highway_0,0,967.6196872424703,1286.6196872424703,,-1031.8248029813803
35.3,llm_1,1289.7140487287272,-10.501500000000002,30.943614862568534,1000.0,,1.2,1.2,1.2,1.2,1.1881188118811892,0,highway_0,0,970.7140487287272,1289.7140487287272,,-1031.9436148625684
35.4,llm_1,1292.8202914031028,-10.501500000000002,31.062426743756653,1000.0,,1.2,1.2,1.2,1.2,1.1881188118811892,0,highway_0,0,973.8202914031028,1292.8202914031028,,-1032.0624267437568
35.5,llm_1,1295.9384152655973,-10.501500000000002,31.181238624944772,1000.0,,1.2,1.2,1.2,1.2,1.1881188118811892,0,highway_0,0,976.9384152655973,1295.9384152655973,,-1032.1812386249449
35.6,llm_1,1299.0684203162107,-10.501500000000002,31.30005050613289,1000.0,,1.2,1.2,1.2,1.2,1.1881188118811892,0,highway_0,0,980.0684203162107,1299.0684203162107,,-1032.300050506133
35.7,llm_1,1302.2103065549427,-10.501500000000002,31.41886238732101,1000.0,,1.2,1.2,1.2,1.2,1.1881188118811892,0,highway_0,0,983.2103065549427,1302.2103065549427,,-1032.418862387321
35.8,llm_1,1305.3640739817936,-10.501500000000002,31.53767426850913,1000.0,,1.2,1.2,1.2,1.2,1.1881188118811892,0,highway_0,0,986.3640739817936,1305.3640739817936,,-1032.5376742685091
35.9,llm_1,1308.5296059192726,-10.501500000000002,31.65531937478952,1000.0,,1.1882155734319773,1.1882155734319773,1.1882155734319773,1.1882155734319773,1.1764510628039204,0,highway_0,0,989.5296059192726,1308.5296059192726,,-1032.6553193747895
36.0,llm_1,1311.706549187282,-10.501500000000002,31.769432680094944,1000.0,,1.1525443835847542,1.1525443835847542,1.1525443835847542,1.1525443835847542,1.141133053054233,0,highway_0,0,992.706549187282,1311.706549187282,,-1032.769432680095
36.1,llm_1,1314.894557604003,-10.501500000000002,31.88008416720995,1000.0,,1.1175800198615542,1.1175800198615542,1.1175800198615542,1.1175800198615542,1.1065148711500683,0,highway_0,0,995.894557604003,1314.894557604003,,-1032.88008416721
36.2,llm_1,1318.0932920854113,-10.501500000000002,31.987344814083215,1000.0,,1.08333253341997,1.08333253341997,1.08333253341997,1.08333253341997,1.0726064687326442,0,highway_0,0,999.0932920854113,1318.0932920854113,,-1032.9873448140831
36.3,llm_1,1321.3024207267642,-10.501500000000002,32.09128641352915,1000.0,,1.0498101544039675,1.0498101544039675,1.0498101544039675,1.0498101544039675,1.0394159944593184,0,highway_0,0,1002.3024207267642,1321.3024207267642,,-1033.0912864135291
36.4,llm_1,1324.5216188667086,-10.501500000000002,32.19198139944408,1000.0,,1.0170193577407896,1.0170193577407896,1.0170193577407896,1.0170193577407896,1.0069498591493442,0,highway_0,0,1005.5216188667086,1324.5216188667086,,-1033.191981399444
36.5,llm_1,1327.7505691347044,-10.501500000000002,32.28950267995772,1000.0,,0.9849649331877681,0.9849649331877681,0.9849649331877681,0.9849649331877681,0.975212805136394,0,highway_0,0,1008.7505691347044,1327.7505691347044,,-1033.2895026799576
36.6,llm_1,1330.988961482491,-10.501500000000002,32.38392347786693,1000.0,,0.9536500588829783,0.9536500588829783,0.9536500588829783,0.9536500588829783,0.9442079790920843,0,highway_0,0,1011.988961482491,1330.988961482491,,-1033.383923477867
36.7,llm_1,1334.2364932003538,-10.501500000000002,32.475317178627755,1000.0,,0.9230763776843239,0.9230763776843239,0.9230763776843239,0.9230763776843239,0.9139370076082542,0,highway_0,0,1015.2364932003538,1334.2364932003538,,-1033.4753171786278
36.8,llm_1,1337.4928689189653,-10.501500000000002,32.5637571861146,1000.0,,0.8932440756171447,0.8932440756171447,0.8932440756171447,0.8932440756171447,0.8844000748684522,0,highway_0,0,1018.4928689189653,1337.4928689189653,,-1033.5637571861146
36.9,llm_1,1340.7598913690094,-10.501500000000002,32.67022450044124,1000.0,,1.0753198746991026,1.0753198746991026,1.0753198746991026,1.0753198746991026,1.0646731432664325,0,highway_0,0,1021.7598913690094,1340.7598913690094,,-1033.6702245004412
37.0,llm_1,1344.036794860308,-10.501500000000002,32.76903491298473,1000.0,,0.9979851666891602,0.9979851666891602,0.9979851666891602,0.9979851666891602,0.9881041254348588,0,highway_0,0,1025.036794860308,1344.036794860308,,-1033.7690349129848
37.1,llm_1,1347.3136983516065,-10.501500000000002,32.76903491298473,1000.0,,0.0,0.0,0.0,0.0,0.0,0,highway_0,0,1028.3136983516065,1347.3136983516065,,-1033.7690349129848
37.2,llm_1,1350.590601842905,-10.501500000000002,32.76903491298473,1000.0,,0.0,0.0,0.0,0.0,0.0,0,highway_0,0,1031.590601842905,1350.590601842905,,-1033.7690349129848
37.3,llm_1,1353.8675053342035,-10.501500000000002,32.76903491298473,1000.0,,0.0,0.0,0.0,0.0,0.0,0,highway_0,0,1034.8675053342035,1353.8675053342035,,-1033.7690349129848
37.4,llm_1,1357.144408825502,-10.501500000000002,32.76903491298473,1000.0,,0.0,0.0,0.0,0.0,0.0,0,highway_0,0,1038.144408825502,1357.144408825502,,-1033.7690349129848
37.5,llm_1,1360.4213123168006,-10.501500000000002,32.76903491298473,1000.0,,0.0,0.0,0.0,0.0,0.0,0,highway_0,0,1041.4213123168006,1360.4213123168006,,-1033.7690349129848
37.6,llm_1,1363.6982158080991,-10.501500000000002,32.76903491298473,1000.0,,0.0,0.0,0.0,0.0,0.0,0,highway_0,0,1044.6982158080991,1363.6982158080991,,-1033.7690349129848
37.7,llm_1,1366.9751192993976,-10.501500000000002,32.76903491298473,1000.0,,0.0,0.0,0.0,0.0,0.0,0,highway_0,0,1047.9751192993976,1366.9751192993976,,-1033.7690349129848
37.8,llm_1,1370.2520227906962,-10.501500000000002,32.76903491298473,1000.0,,0.0,0.0,0.0,0.0,0.0,0,highway_0,0,1051.2520227906962,1370.2520227906962,,-1033.7690349129848
37.9,llm_1,1373.5140747968462,-10.501500000000002,32.62052006149958,1000.0,,-1.5,-1.5,-1.5,-1.5,-1.4851485148514598,0,highway_0,0,1054.5140747968462,1373.5140747968462,,-1033.6205200614995
38.0,llm_1,1376.7612753178475,-10.501500000000002,32.47200521001444,1000.0,,-1.5,-1.5,-1.5,-1.5,-1.4851485148514598,0,highway_0,0,1057.7612753178475,1376.7612753178475,,-1033.4720052100145
38.1,llm_1,1379.9936243537004,-10.501500000000002,32.32349035852929,1000.0,,-1.5,-1.5,-1.5,-1.5,-1.4851485148514598,0,highway_0,0,1060.9936243537004,1379.9936243537004,,-1033.3234903585294
38.2,llm_1,1383.2111219044048,-10.501500000000002,32.174975507044145,1000.0,,-1.5,-1.5,-1.5,-1.5,-1.4851485148514598,0,highway_0,0,1064.2111219044048,1383.2111219044048,,-1033.174975507044
38.3,llm_1,1386.4137679699606,-10.501500000000002,32.026460655559,1000.0,,-1.5,-1.5,-1.5,-1.5,-1.4851485148514598,0,highway_0,0,1067.4137679699606,1386.4137679699606,,-1033.026460655559
38.4,llm_1,1389.601562550368,-10.501500000000002,31.877945804073853,1000.0,,-1.5,-1.5,-1.5,-1.5,-1.4851485148514598,0,highway_0,0,1070.601562550368,1389.601562550368,,-1032.8779458040738
38.5,llm_1,1392.774505645627,-10.501500000000002,31.729430952588707,1000.0,,-1.5,-1.5,-1.5,-1.5,-1.4851485148514598,0,highway_0,0,1073.774505645627,1392.774505645627,,-1032.7294309525887
38.6,llm_1,1395.9325972557374,-10.501500000000002,31.58091610110356,1000.0,,-1.5,-1.5,-1.5,-1.5,-1.4851485148514598,0,highway_0,0,1076.9325972557374,1395.9325972557374,,-1032.5809161011036
38.7,llm_1,1399.0758373806993,-10.501500000000002,31.432401249618415,1000.0,,-1.5,-1.5,-1.5,-1.5,-1.4851485148514598,0,highway_0,0,1080.0758373806993,1399.0758373806993,,-1032.4324012496184
38.8,llm_1,1402.2042260205126,-10.501500000000002,31.28388639813327,1000.0,,-1.5,-1.5,-1.5,-1.5,-1.4851485148514598,0,highway_0,0,1083.2042260205126,1402.2042260205126,,-1032.2838863981333
38.9,llm_1,1405.3177631751773,-10.501500000000002,31.135371546648123,1000.0,,-1.5,-1.5,-1.5,-1.5,-1.4851485148514598,0,highway_0,0,1086.3177631751773,1405.3177631751773,,-1032.1353715466482
39.0,llm_1,1408.4164488446936,-10.501500000000002,30.986856695162977,1000.0,,-1.5,-1.5,-1.5,-1.5,-1.4851485148514598,0,highway_0,0,1089.4164488446936,1408.4164488446936,,-1031.986856695163
39.1,llm_1,1411.5002830290614,-10.501500000000002,30.83834184367783,1000.0,,-1.5,-1.5,-1.5,-1.5,-1.4851485148514598,0,highway_0,0,1092.5002830290614,1411.5002830290614,,-1031.8383418436779
39.2,llm_1,1414.5692657282807,-10.501500000000002,30.689826992192685,1000.0,,-1.5,-1.5,-1.5,-1.5,-1.4851485148514598,0,highway_0,0,1095.5692657282807,1414.5692657282807,,-1031.6898269921926
39.3,llm_1,1417.6233969423515,-10.501500000000002,30.54131214070754,1000.0,,-1.5,-1.5,-1.5,-1.5,-1.4851485148514598,0,highway_0,0,1098.6233969423515,1417.6233969423515,,-1031.5413121407075
39.4,llm_1,1420.6626766712739,-10.501500000000002,30.392797289222393,1000.0,,-1.5,-1.5,-1.5,-1.5,-1.4851485148514598,0,highway_0,0,1101.6626766712739,1420.6626766712739,,-1031.3927972892225
39.5,llm_1,1423.6871049150475,-10.501500000000002,30.244282437737247,1000.0,,-1.5,-1.5,-1.5,-1.5,-1.4851485148514598,0,highway_0,0,1104.6871049150475,1423.6871049150475,,-1031.2442824377372
39.6,llm_1,1426.6966816736726,-10.501500000000002,30.0957675862521,1000.0,,-1.5,-1.5,-1.5,-1.5,-1.4851485148514598,0,highway_0,0,1107.6966816736726,1426.6966816736726,,-1031.0957675862521
39.7,llm_1,1429.6914069471493,-10.501500000000002,29.947252734766955,1000.0,,-1.5,-1.5,-1.5,-1.5,-1.4851485148514598,0,highway_0,0,1110.6914069471493,1429.6914069471493,,-1030.947252734767
39.8,llm_1,1432.6712807354775,-10.501500000000002,29.79873788328181,1000.0,,-1.5,-1.5,-1.5,-1.5,-1.4851485148514598,0,highway_0,0,1113.6712807354775,1432.6712807354775,,-1030.7987378832818
39.9,llm_1,1435.6363030386572,-10.501500000000002,29.650223031796664,1000.0,,-1.5,-1.5,-1.5,-1.5,-1.4851485148514598,0,highway_0,0,1116.6363030386572,1435.6363030386572,,-1030.6502230317967
40.0,llm_1,1438.5864738566884,-10.501500000000002,29.501708180311518,1000.0,,-1.5,-1.5,-1.5,-1.5,-1.4851485148514598,0,highway_0,0,1119.5864738566884,1438.5864738566884,,-1030.5017081803114
40.1,llm_1,1441.521793189571,-10.501500000000002,29.35319332882637,1000.0,,-1.5,-1.5,-1.5,-1.5,-1.4851485148514598,0,highway_0,0,1122.521793189571,1441.521793189571,,-1030.3531933288264
40.2,llm_1,1444.4422610373051,-10.501500000000002,29.204678477341226,1000.0,,-1.5,-1.5,-1.5,-1.5,-1.4851485148514598,0,highway_0,0,1125.4422610373051,1444.4422610373051,,-1030.2046784773413
40.3,llm_1,1447.3478773998906,-10.501500000000002,29.05616362585608,1000.0,,-1.5,-1.5,-1.5,-1.5,-1.4851485148514598,0,highway_0,0,1128.3478773998906,1447.3478773998906,,-1030.056163625856
40.4,llm_1,1450.2386422773277,-10.501500000000002,28.907648774370934,1000.0,,-1.5,-1.5,-1.5,-1.5,-1.4851485148514598,0,highway_0,0,1131.2386422773277,1450.2386422773277,,-1029.907648774371
40.5,llm_1,1453.1145556696163,-10.501500000000002,28.759133922885788,1000.0,,-1.5,-1.5,-1.5,-1.5,-1.4851485148514598,0,highway_0,0,1134.1145556696163,1453.1145556696163,,-1029.759133922886
40.6,llm_1,1455.9756175767563,-10.501500000000002,28.61061907140064,1000.0,,-1.5,-1.5,-1.5,-1.5,-1.4851485148514598,0,highway_0,0,1136.9756175767563,1455.9756175767563,,-1029.6106190714006
40.7,llm_1,1458.821827998748,-10.501500000000002,28.462104219915496,1000.0,,-1.5,-1.5,-1.5,-1.5,-1.4851485148514598,0,highway_0,0,1139.821827998748,1458.821827998748,,-1029.4621042199155
40.8,llm_1,1461.653186935591,-10.501500000000002,28.31358936843035,1000.0,,-1.5,-1.5,-1.5,-1.5,-1.4851485148514598,0,highway_0,0,1142.653186935591,1461.653186935591,,-1029.3135893684303
40.9,llm_1,1464.4696943872857,-10.501500000000002,28.165074516945204,1000.0,,-1.5,-1.5,-1.5,-1.5,-1.4851485148514598,0,highway_0,0,1145.4696943872857,1464.4696943872857,,-1029.1650745169452
41.0,llm_1,1467.2713503538316,-10.501500000000002,28.016559665460058,1000.0,,-1.5,-1.5,-1.5,-1.5,-1.4851485148514598,0,highway_0,0,1148.2713503538316,1467.2713503538316,,-1029.0165596654601
41.1,llm_1,1470.058154835229,-10.501500000000002,27.86804481397491,1000.0,,-1.5,-1.5,-1.5,-1.5,-1.4851485148514598,0,highway_0,0,1151.058154835229,1470.058154835229,,-1028.8680448139748
41.2,llm_1,1472.830107831478,-10.501500000000002,27.719529962489766,1000.0,,-1.5,-1.5,-1.5,-1.5,-1.4851485148514598,0,highway_0,0,1153.830107831478,1472.830107831478,,-1028.7195299624898
41.3,llm_1,1475.5872093425785,-10.501500000000002,27.57101511100462,1000.0,,-1.5,-1.5,-1.5,-1.5,-1.4851485148514598,0,highway_0,0,1156.5872093425785,1475.5872093425785,,-1028.5710151110047
41.4,llm_1,1478.3294593685305,-10.501500000000002,27.422500259519474,1000.0,,-1.5,-1.5,-1.5,-1.5,-1.4851485148514598,0,highway_0,0,1159.3294593685305,1478.3294593685305,,-1028.4225002595194
41.5,llm_1,1481.056857909334,-10.501500000000002,27.273985408034328,1000.0,,-1.5,-1.5,-1.5,-1.5,-1.4851485148514598,0,highway_0,0,1162.056857909334,1481.056857909334,,-1028.2739854080344
41.6,llm_1,1483.769404964989,-10.501500000000002,27.125470556549182,1000.0,,-1.5,-1.5,-1.5,-1.5,-1.4851485148514598,0,highway_0,0,1164.769404964989,1483.769404964989,,-1028.125470556549
41.7,llm_1,1486.481952020644,-10.501500000000002,27.125470556549182,1000.0,,0.0,0.0,0.0,0.0,0.0,0,highway_0,0,1167.481952020644,1486.481952020644,,-1028.125470556549
41.8,llm_1,1489.194499076299,-10.501500000000002,27.125470556549182,1000.0,,0.0,0.0,0.0,0.0,0.0,0,highway_0,0,1170.194499076299,1489.194499076299,,-1028.125470556549
41.9,llm_1,1491.907046131954,-10.501500000000002,27.125470556549182,1000.0,,0.0,0.0,0.0,0.0,0.0,0,highway_0,0,1172.907046131954,1491.907046131954,,-1028.125470556549
42.0,llm_1,1494.619593187609,-10.501500000000002,27.125470556549182,1000.0,,0.0,0.0,0.0,0.0,0.0,0,highway_0,0,1175.619593187609,1494.619593187609,,-1028.125470556549
42.1,llm_1,1497.3321402432641,-10.501500000000002,27.125470556549182,1000.0,,0.0,0.0,0.0,0.0,0.0,0,highway_0,0,1178.3321402432641,1497.3321402432641,,-1028.125470556549
42.2,llm_1,1500.0446872989191,-10.501500000000002,27.125470556549182,1000.0,,0.0,0.0,0.0,0.0,0.0,0,highway_0,0,1181.0446872989191,1500.0446872989191,,-1028.125470556549
42.3,llm_1,1502.7572343545742,-10.501500000000002,27.125470556549182,1000.0,,0.0,0.0,0.0,0.0,0.0,0,highway_0,0,1183.7572343545742,1502.7572343545742,,-1028.125470556549
42.4,llm_1,1505.4697814102292,-10.501500000000002,27.125470556549182,1000.0,,0.0,0.0,0.0,0.0,0.0,0,highway_0,0,1186.4697814102292,1505.4697814102292,,-1028.125470556549
42.5,llm_1,1508.1823284658842,-10.501500000000002,27.125470556549182,1000.0,,0.0,0.0,0.0,0.0,0.0,0,highway_0,0,1189.1823284658842,1508.1823284658842,,-1028.125470556549
42.6,llm_1,1510.9067567096579,-10.501500000000002,27.2442824377373,1000.0,,1.2,1.2,1.2,1.2,1.1881188118811892,0,highway_0,0,1191.9067567096579,1510.9067567096579,,-1028.2442824377374
42.7,llm_1,1513.6430661415504,-10.501500000000002,27.36309431892542,1000.0,,1.2,1.2,1.2,1.2,1.1881188118811892,0,highway_0,0,1194.6430661415504,1513.6430661415504,,-1028.3630943189255
42.8,llm_1,1516.3912567615619,-10.501500000000002,27.48190620011354,1000.0,,1.2,1.2,1.2,1.2,1.1881188118811892,0,highway_0,0,1197.3912567615619,1516.3912567615619,,-1028.4819062001136
42.9,llm_1,1519.151328569692,-10.501500000000002,27.600718081301657,1000.0,,1.2,1.2,1.2,1.2,1.1881188118811892,0,highway_0,0,1200.151328569692,1519.151328569692,,-1028.6007180813017
43.0,llm_1,1521.923281565941,-10.501500000000002,27.719529962489776,1000.0,,1.2,1.2,1.2,1.2,1.1881188118811892,0,highway_0,0,1202.923281565941,1521.923281565941,,-1028.7195299624898
43.1,llm_1,1524.7071157503087,-10.501500000000002,27.838341843677895,1000.0,,1.2,1.2,1.2,1.2,1.1881188118811892,0,highway_0,0,1205.7071157503087,1524.7071157503087,,-1028.8383418436779
43.2,llm_1,1527.5028311227954,-10.501500000000002,27.957153724866014,1000.0,,1.2,1.2,1.2,1.2,1.1881188118811892,0,highway_0,0,1208.5028311227954,1527.5028311227954,,-1028.957153724866
43.3,llm_1,1530.3104276834008,-10.501500000000002,28.075965606054133,1000.0,,1.2,1.2,1.2,1.2,1.1881188118811892,0,highway_0,0,1211.3104276834008,1530.3104276834008,,-1029.075965606054
43.4,llm_1,1533.129905432125,-10.501500000000002,28.194777487242252,1000.0,,1.2,1.2,1.2,1.2,1.1881188118811892,0,highway_0,0,1214.129905432125,1533.129905432125,,-1029.1947774872422
43.5,llm_1,1535.9612643689682,-10.501500000000002,28.31358936843037,1000.0,,1.2,1.2,1.2,1.2,1.1881188118811892,0,highway_0,0,1216.9612643689682,1535.9612643689682,,-1029.3135893684303
43.6,llm_1,1538.80450449393,-10.501500000000002,28.43240124961849,1000.0,,1.2,1.2,1.2,1.2,1.1881188118811892,0,highway_0,0,1219.80450449393,1538.80450449393,,-1029.4324012496186
43.7,llm_1,1541.6596258070106,-10.501500000000002,28.55121313080661,1000.0,,1.2,1.2,1.2,1.2,1.1881188118811892,0,highway_0,0,1222.6596258070106,1541.6596258070106,,-1029.5512131308067
43.8,llm_1,1544.52662830821,-10.501500000000002,28.670025011994728,1000.0,,1.2,1.2,1.2,1.2,1.1881188118811892,0,highway_0,0,1225.52662830821,1544.52662830821,,-1029.6700250119948
43.9,llm_1,1547.4055119975283,-10.501500000000002,28.788836893182847,1000.0,,1.2,1.2,1.2,1.2,1.1881188118811892,0,highway_0,0,1228.4055119975283,1547.4055119975283,,-1029.7888368931829
44.0,llm_1,1550.2962768749653,-10.501500000000002,28.907648774370966,1000.0,,1.2,1.2,1.2,1.2,1.1881188118811892,0,highway_0,0,1231.2962768749653,1550.2962768749653,,-1029.907648774371
44.1,llm_1,1553.1989229405212,-10.501500000000002,29.026460655559085,1000.0,,1.2,1.2,1.2,1.2,1.1881188118811892,0,highway_0,0,1234.1989229405212,1553.1989229405212,,-1030.026460655559
44.2,llm_1,1556.113450194196,-10.501500000000002,29.145272536747203,1000.0,,1.2,1.2,1.2,1.2,1.1881188118811892,0,highway_0,0,1237.113450194196,1556.113450194196,,-1030.1452725367471
44.3,llm_1,1559.0398586359895,-10.501500000000002,29.264084417935322,1000.0,,1.2,1.2,1.2,1.2,1.1881188118811892,0,highway_0,0,1240.0398586359895,1559.0398586359895,,-1030.2640844179352
44.4,llm_1,1561.9781482659018,-10.501500000000002,29.38289629912344,1000.0,,1.2,1.2,1.2,1.2,1.1881188118811892,0,highway_0,0,1242.9781482659018,1561.9781482659018,,-1030.3828962991233
44.5,llm_1,1564.928319083933,-10.501500000000002,29.50170818031156,1000.0,,1.2,1.2,1.2,1.2,1.1881188118811892,0,highway_0,0,1245.928319083933,1564.928319083933,,-1030.5017081803117
44.6,llm_1,1567.890371090083,-10.501500000000002,29.62052006149968,1000.0,,1.2,1.2,1.2,1.2,1.1881188118811892,0,highway_0,0,1248.890371090083,1567.890371090083,,-1030.6205200614997
44.7,llm_1,1570.8643042843516,-10.501500000000002,29.739331942687798,1000.0,,1.2,1.2,1.2,1.2,1.1881188118811892,0,highway_0,0,1251.8643042843516,1570.8643042843516,,-1030.7393319426878
44.8,llm_1,1573.8501186667393,-10.501500000000002,29.858143823875917,1000.0,,1.2,1.2,1.2,1.2,1.1881188118811892,0,highway_0,0,1254.8501186667393,1573.8501186667393,,-1030.858143823876
44.9,llm_1,1576.8478142372458,-10.501500000000002,29.976955705064036,1000.0,,1.2,1.2,1.2,1.2,1.1881188118811892,0,highway_0,0,1257.8478142372458,1576.8478142372458,,-1030.976955705064
45.0,llm_1,1579.857390995871,-10.501500000000002,30.095767586252155,1000.0,,1.2,1.2,1.2,1.2,1.1881188118811892,0,highway_0,0,1260.857390995871,1579.857390995871,,-1031.0957675862521
45.1,llm_1,1582.878848942615,-10.501500000000002,30.214579467440274,1000.0,,1.2,1.2,1.2,1.2,1.1881188118811892,0,highway_0,0,1263.878848942615,1582.878848942615,,-1031.2145794674402
45.2,llm_1,1585.9121880774778,-10.501500000000002,30.333391348628393,1000.0,,1.2,1.2,1.2,1.2,1.1881188118811892,0,highway_0,0,1266.9121880774778,1585.9121880774778,,-1031.3333913486283
45.3,llm_1,1588.9574084004594,-10.501500000000002,30.45220322981651,1000.0,,1.2,1.2,1.2,1.2,1.1881188118811892,0,highway_0,0,1269.9574084004594,1588.9574084004594,,-1031.4522032298164
45.4,llm_1,1592.0145099115598,-10.501500000000002,30.57101511100463,1000.0,,1.2,1.2,1.2,1.2,1.1881188118811892,0,highway_0,0,1273.0145099115598,1592.0145099115598,,-1031.5710151110047
45.5,llm_1,1595.083492610779,-10.501500000000002,30.68982699219275,1000.0,,1.2,1.2,1.2,1.2,1.1881188118811892,0,highway_0,0,1276.083492610779,1595.083492610779,,-1031.6898269921928
45.6,llm_1,1598.1643564981173,-10.501500000000002,30.80863887338087,1000.0,,1.2,1.2,1.2,1.2,1.1881188118811892,0,highway_0,0,1279.1643564981173,1598.1643564981173,,-1031.808638873381
45.7,llm_1,1601.2571015735741,-10.501500000000002,30.927450754568987,1000.0,,1.2,1.2,1.2,1.2,1.1881188118811892,0,highway_0,0,1282.2571015735741,1601.2571015735741,,-1031.927450754569
45.8,llm_1,1604.3617278371498,-10.501500000000002,31.046262635757106,1000.0,,1.2,1.2,1.2,1.2,1.1881188118811892,0,highway_0,0,1285.3617278371498,1604.3617278371498,,-1032.046262635757
45.9,llm_1,1607.4782352888444,-10.501500000000002,31.165074516945225,1000.0,,1.2,1.2,1.2,1.2,1.1881188118811892,0,highway_0,0,1288.4782352888444,1607.4782352888444,,-1032.1650745169452
46.0,llm_1,1610.6066239286577,-10.501500000000002,31.283886398133344,1000.0,,1.2,1.2,1.2,1.2,1.1881188118811892,0,highway_0,0,1291.6066239286577,1610.6066239286577,,-1032.2838863981333
46.1,llm_1,1613.7468937565898,-10.501500000000002,31.402698279321463,1000.0,,1.2,1.2,1.2,1.2,1.1881188118811892,0,highway_0,0,1294.7468937565898,1613.7468937565898,,-1032.4026982793214
46.2,llm_1,1616.8990447726408,-10.501500000000002,31.52151016050958,1000.0,,1.2,1.2,1.2,1.2,1.1881188118811892,0,highway_0,0,1297.8990447726408,1616.8990447726408,,-1032.5215101605095
46.3,llm_1,1620.0630769768106,-10.501500000000002,31.6403220416977,1000.0,,1.2,1.2,1.2,1.2,1.1881188118811892,0,highway_0,0,1301.0630769768106,1620.0630769768106,,-1032.6403220416978
46.4,llm_1,1623.238852035431,-10.501500000000002,31.75775058620189,1000.0,,1.1860282994923228,1.1860282994923228,1.1860282994923228,1.1860282994923228,1.174285445041896,0,highway_0,0,1304.238852035431,1623.238852035431,,-1032.7577505862018
46.5,llm_1,1626.426014432111,-10.501500000000002,31.871623966802613,1000.0,,1.1501211440673265,1.1501211440673265,1.1501211440673265,1.1501211440673265,1.1387338060072238,0,highway_0,0,1307.426014432111,1626.426014432111,,-1032.8716239668026
46.6,llm_1,1629.6242156715318,-10.501500000000002,31.982012394208795,1000.0,,1.114923116802446,1.114923116802446,1.114923116802446,1.114923116802446,1.1038842740618193,0,highway_0,0,1310.6242156715318,1629.6242156715318,,-1032.9820123942088
46.7,llm_1,1632.83311438361,-10.501500000000002,32.08898712078194,1000.0,,1.0804447383887053,1.0804447383887053,1.0804447383887053,1.0804447383887053,1.0697472657314222,0,highway_0,0,1313.83311438361,1632.83311438361,,-1033.088987120782
46.8,llm_1,1636.0523764093648,-10.501500000000002,32.19262025754696,1000.0,,1.0466946813267604,1.0466946813267604,1.0466946813267604,1.0466946813267604,1.0363313676502628,0,highway_0,0,1317.0523764093648,1636.0523764093648,,-1033.1926202575469
46.9,llm_1,1639.2816748691287,-10.501500000000002,32.29298459763791,1000.0,,1.0136798349185445,1.0136798349185445,1.0136798349185445,1.0136798349185445,1.003643400909482,0,highway_0,0,1320.2816748691287,1639.2816748691287,,-1033.292984597638
47.0,llm_1,1642.5206902137909,-10.501500000000002,32.390153446622726,1000.0,,0.981405374746647,0.981405374746647,0.981405374746647,0.981405374746647,0.9716884898481482,0,highway_0,0,1323.5206902137909,1642.5206902137909,,-1033.3901534466227
47.1,llm_1,1645.7691102597985,-10.501500000000002,32.484200460076444,1000.0,,0.9498748358825334,0.9498748358825334,0.9498748358825334,0.9498748358825334,0.9404701345371791,0,highway_0,0,1326.7691102597985,1645.7691102597985,,-1033.4842004600764
47.2,llm_1,1649.0287278186574,-10.501500000000002,32.59617558858918,1000.0,,1.130948797978609,1.130948797978609,1.130948797978609,1.130948797978609,1.1197512851273927,0,highway_0,0,1330.0287278186574,1649.0287278186574,,-1033.5961755885892
47.3,llm_1,1652.2987998336969,-10.501500000000002,32.70072015039539,1000.0,,1.0559000742426594,1.0559000742426594,1.0559000742426594,1.0559000742426594,1.0454456180620753,0,highway_0,0,1333.2987998336969,1652.2987998336969,,-1033.7007201503955
47.4,llm_1,1655.5688718487363,-10.501500000000002,32.70072015039539,1000.0,,0.0,0.0,0.0,0.0,0.0,0,highway_0,0,1336.5688718487363,1655.5688718487363,,-1033.7007201503955
47.5,llm_1,1658.8389438637757,-10.501500000000002,32.70072015039539,1000.0,,0.0,0.0,0.0,0.0,0.0,0,highway_0,0,1339.8389438637757,1658.8389438637757,,-1033.7007201503955
47.6,llm_1,1662.1090158788152,-10.501500000000002,32.70072015039539,1000.0,,0.0,0.0,0.0,0.0,0.0,0,highway_0,0,1343.1090158788152,1662.1090158788152,,-1033.7007201503955
47.7,llm_1,1665.3790878938546,-10.501500000000002,32.70072015039539,1000.0,,0.0,0.0,0.0,0.0,0.0,0,highway_0,0,1346.3790878938546,1665.3790878938546,,-1033.7007201503955
47.8,llm_1,1668.649159908894,-10.501500000000002,32.70072015039539,1000.0,,0.0,0.0,0.0,0.0,0.0,0,highway_0,0,1349.649159908894,1668.649159908894,,-1033.7007201503955
47.9,llm_1,1671.9192319239335,-10.501500000000002,32.70072015039539,1000.0,,0.0,0.0,0.0,0.0,0.0,0,highway_0,0,1352.9192319239335,1671.9192319239335,,-1033.7007201503955
48.0,llm_1,1675.189303938973,-10.501500000000002,32.70072015039539,1000.0,,0.0,0.0,0.0,0.0,0.0,0,highway_0,0,1356.189303938973,1675.189303938973,,-1033.7007201503955
48.1,llm_1,1678.4593759540123,-10.501500000000002,32.70072015039539,1000.0,,0.0,0.0,0.0,0.0,0.0,0,highway_0,0,1359.4593759540123,1678.4593759540123,,-1033.7007201503955
48.2,llm_1,1681.7294479690518,-10.501500000000002,32.70072015039539,1000.0,,0.0,0.0,0.0,0.0,0.0,0,highway_0,0,1362.7294479690518,1681.7294479690518,,-1033.7007201503955
48.3,llm_1,1684.9846684989427,-10.501500000000002,32.552205298910245,1000.0,,-1.5,-1.5,-1.5,-1.5,-1.4851485148514598,0,highway_0,0,1365.9846684989427,1684.9846684989427,,-1033.5522052989102
48.4,llm_1,1688.2250375436852,-10.501500000000002,32.4036904474251,1000.0,,-1.5,-1.5,-1.5,-1.5,-1.4851485148514598,0,highway_0,0,1369.2250375436852,1688.2250375436852,,-1033.403690447425
48.5,llm_1,1691.4505551032792,-10.501500000000002,32.25517559593995,1000.0,,-1.5,-1.5,-1.5,-1.5,-1.4851485148514598,0,highway_0,0,1372.4505551032792,1691.4505551032792,,-1033.25517559594
48.6,llm_1,1694.6612211777247,-10.501500000000002,32.10666074445481,1000.0,,-1.5,-1.5,-1.5,-1.5,-1.4851485148514598,0,highway_0,0,1375.6612211777247,1694.6612211777247,,-1033.1066607444548
48.7,llm_1,1697.8570357670217,-10.501500000000002,31.95814589296966,1000.0,,-1.5,-1.5,-1.5,-1.5,-1.4851485148514598,0,highway_0,0,1378.8570357670217,1697.8570357670217,,-1032.9581458929697
48.8,llm_1,1701.0379988711702,-10.501500000000002,31.809631041484515,1000.0,,-1.5,-1.5,-1.5,-1.5,-1.4851485148514598,0,highway_0,0,1382.0379988711702,1701.0379988711702,,-1032.8096310414844
48.9,llm_1,1704.2041104901703,-10.501500000000002,31.66111618999937,1000.0,,-1.5,-1.5,-1.5,-1.5,-1.4851485148514598,0,highway_0,0,1385.2041104901703,1704.2041104901703,,-1032.6611161899993
49.0,llm_1,1707.3553706240216,-10.501500000000002,31.512601338514223,1000.0,,-1.5,-1.5,-1.5,-1.5,-1.4851485148514598,0,highway_0,0,1388.3553706240216,1707.3553706240216,,-1032.5126013385143
49.1,llm_1,1710.4917792727244,-10.501500000000002,31.364086487029077,1000.0,,-1.5,-1.5,-1.5,-1.5,-1.4851485148514598,0,highway_0,0,1391.4917792727244,1710.4917792727244,,-1032.364086487029
49.2,llm_1,1713.6133364362788,-10.501500000000002,31.21557163554393,1000.0,,-1.5,-1.5,-1.5,-1.5,-1.4851485148514598,0,highway_0,0,1394.6133364362788,1713.6133364362788,,-1032.215571635544
49.3,llm_1,1716.7200421146847,-10.501500000000002,31.067056784058785,1000.0,,-1.5,-1.5,-1.5,-1.5,-1.4851485148514598,0,highway_0,0,1397.7200421146847,1716.7200421146847,,-1032.0670567840589
49.4,llm_1,1719.811896307942,-10.501500000000002,30.91854193257364,1000.0,,-1.5,-1.5,-1.5,-1.5,-1.4851485148514598,0,highway_0,0,1400.811896307942,1719.811896307942,,-1031.9185419325736
49.5,llm_1,1722.888899016051,-10.501500000000002,30.770027081088493,1000.0,,-1.5,-1.5,-1.5,-1.5,-1.4851485148514598,0,highway_0,0,1403.888899016051,1722.888899016051,,-1031.7700270810885
49.6,llm_1,1725.9510502390115,-10.501500000000002,30.621512229603347,1000.0,,-1.5,-1.5,-1.5,-1.5,-1.4851485148514598,0,highway_0,0,1406.9510502390115,1725.9510502390115,,-1031.6215122296032
49.7,llm_1,1728.9983499768232,-10.501500000000002,30.4729973781182,1000.0,,-1.5,-1.5,-1.5,-1.5,-1.4851485148514598,0,highway_0,0,1409.9983499768232,1728.9983499768232,,-1031.4729973781182
49.8,llm_1,1732.0307982294864,-10.501500000000002,30.324482526633055,1000.0,,-1.5,-1.5,-1.5,-1.5,-1.4851485148514598,0,highway_0,0,1413.0307982294864,1732.0307982294864,,-1031.3244825266331
49.9,llm_1,1735.0483949970012,-10.501500000000002,30.17596767514791,1000.0,,-1.5,-1.5,-1.5,-1.5,-1.4851485148514598,0,highway_0,0,1416.0483949970012,1735.0483949970012,,-1031.1759676751478
50.0,llm_1,1738.0511402793675,-10.501500000000002,30.027452823662763,1000.0,,-1.5,-1.5,-1.5,-1.5,-1.4851485148514598,0,highway_0,0,1419.0511402793675,1738.0511402793675,,-1031.0274528236628
50.1,llm_1,1741.0390340765853,-10.501500000000002,29.878937972177617,1000.0,,-1.5,-1.5,-1.5,-1.5,-1.4851485148514598,0,highway_0,0,1422.0390340765853,1741.0390340765853,,-1030.8789379721777
50.2,llm_1,1744.0120763886546,-10.501500000000002,29.73042312069247,1000.0,,-1.5,-1.5,-1.5,-1.5,-1.4851485148514598,0,highway_0,0,1425.0120763886546,1744.0120763886546,,-1030.7304231206924
50.3,llm_1,1746.9702672155754,-10.501500000000002,29.581908269207325,1000.0,,-1.5,-1.5,-1.5,-1.5,-1.4851485148514598,0,highway_0,0,1427.9702672155754,1746.9702672155754,,-1030.5819082692074
50.4,llm_1,1749.9136065573475,-10.501500000000002,29.43339341772218,1000.0,,-1.5,-1.5,-1.5,-1.5,-1.4851485148514598,0,highway_0,0,1430.9136065573475,1749.9136065573475,,-1030.433393417722
50.5,llm_1,1752.8420944139712,-10.501500000000002,29.284878566237033,1000.0,,-1.5,-1.5,-1.5,-1.5,-1.4851485148514598,0,highway_0,0,1433.8420944139712,1752.8420944139712,,-1030.284878566237
50.6,llm_1,1755.7557307854463,-10.501500000000002,29.136363714751887,1000.0,,-1.5,-1.5,-1.5,-1.5,-1.4851485148514598,0,highway_0,0,1436.7557307854463,1755.7557307854463,,-1030.136363714752
50.7,llm_1,1758.654515671773,-10.501500000000002,28.98784886326674,1000.0,,-1.5,-1.5,-1.5,-1.5,-1.4851485148514598,0,highway_0,0,1439.654515671773,1758.654515671773,,-1029.9878488632667
50.8,llm_1,1761.5384490729512,-10.501500000000002,28.839334011781595,1000.0,,-1.5,-1.5,-1.5,-1.5,-1.4851485148514598,0,highway_0,0,1442.5384490729512,1761.5384490729512,,-1029.8393340117816
50.9,llm_1,1764.4075309889809,-10.501500000000002,28.69081916029645,1000.0,,-1.5,-1.5,-1.5,-1.5,-1.4851485148514598,0,highway_0,0,1445.4075309889809,1764.4075309889809,,-1029.6908191602965
51.0,llm_1,1767.261761419862,-10.501500000000002,28.542304308811303,1000.0,,-1.5,-1.5,-1.5,-1.5,-1.4851485148514598,0,highway_0,0,1448.261761419862,1767.261761419862,,-1029.5423043088113
51.1,llm_1,1770.1011403655946,-10.501500000000002,28.393789457326157,1000.0,,-1.5,-1.5,-1.5,-1.5,-1.4851485148514598,0,highway_0,0,1451.1011403655946,1770.1011403655946,,-1029.3937894573262
51.2,llm_1,1770.1292530284236,-10.501500000000002,0.28112662829035884,1000.0,,-567.6628516848658,-567.6628516848658,-567.6628516848658,-567.6628516848658,-281.126628290358,0,highway_0,0,1451.1292530284236,1770.1292530284236,,-1001.2811266282904
51.3,llm_1,1770.1295313716198,-10.501500000000002,0.002783431963270855,1000.0,,-221.25908357216863,-221.25908357216863,-221.25908357216863,-221.25908357216863,-2.7834319632708797,0,highway_0,0,1451.1295313716198,1770.1295313716198,,-1001.0027834319633
51.4,llm_1,1770.165453257778,-10.501500000000002,0.35921886158192473,1000.0,,3.599997839148404,3.599997839148404,3.599997839148404,3.599997839148404,3.5643542961865387,0,highway_0,0,1451.165453257778,1770.165453257778,,-1001.3592188615819
51.5,llm_1,1770.165808920017,-10.501500000000002,0.0035566223919002438,1000.0,,-595.8307660211548,-595.8307660211548,-595.8307660211548,-595.8307660211548,-3.5566223919002447,0,highway_0,0,1451.165808920017,1770.165808920017,,-1001.0035566223919
51.6,llm_1,1770.201808089579,-10.501500000000002,0.35999169561845074,1000.0,,3.5999942395881597,3.5999942395881597,3.5999942395881597,3.5999942395881597,3.564350732265505,0,highway_0,0,1451.201808089579,1770.201808089579,,-1001.3599916956184
51.7,llm_1,1770.2021645170003,-10.4915,0.003564274214044094,1000.0,,-601.0059692420049,-601.0059692420049,-601.0059692420049,-601.0059692420049,-3.564274214044066,0,highway_0,0,1451.2021645170003,1770.2021645170003,,-1001.003564274214
51.8,llm_1,1770.2381644512518,-10.4715,0.3599993425165663,1000.0,,3.599994189855474,3.599994189855474,3.599994189855474,3.599994189855474,3.564350683025222,0,highway_0,0,1451.2381644512518,1770.2381644512518,,-1001.3599993425165
51.9,llm_1,1770.2385208862445,-10.441500000000001,0.003564349925906596,1000.0,,-601.057342733321,-601.057342733321,-601.057342733321,-601.057342733321,-3.5643499259065967,0,highway_0,0,1451.2385208862445,1770.2385208862445,,-1001.0035643499259
52.0,llm_1,1770.2745208280624,-10.4015,0.3599994181795487,1000.0,,3.599994189361785,3.599994189361785,3.599994189361785,3.599994189361785,3.5643506825364213,0,highway_0,0,1451.2745208280624,1770.2745208280624,,-1001.3599994181795
52.1,llm_1,1770.2748772631298,-10.351500000000001,0.003564350675045014,1000.0,,-601.0578510697198,-601.0578510697198,-601.0578510697198,-601.0578510697198,-3.564350675045037,0,highway_0,0,1451.2748772631298,1770.2748772631298,,-1001.003564350675
52.2,llm_1,1770.3108772050227,-10.291500000000001,0.3599994189282034,1000.0,,3.5999941893568996,3.5999941893568996,3.5999941893568996,3.5999941893568996,3.564350682531584,0,highway_0,0,1451.3108772050227,1770.3108772050227,,-1001.3599994189282
52.3,llm_1,1770.311233640091,-10.2215,0.0035643506824574733,1000.0,,-601.0578560995051,-601.0578560995051,-601.0578560995051,-601.0578560995051,-3.564350682457459,0,highway_0,0,1451.311233640091,1770.311233640091,,-1001.0035643506825
52.4,llm_1,1770.3472335819845,-10.1415,0.3599994189356111,1000.0,,3.5999941893568512,3.5999941893568512,3.5999941893568512,3.5999941893568512,3.5643506825315363,0,highway_0,0,1451.3472335819845,1770.3472335819845,,-1001.3599994189356
52.5,llm_1,1770.3475900170527,-10.0515,0.0035643506825308036,1000.0,,-601.0578561492731,-601.0578561492731,-601.0578561492731,-601.0578561492731,-3.5643506825308027,0,highway_0,0,1451.3475900170527,1770.3475900170527,,-1001.0035643506825
52.6,llm_1,1770.3835899589462,-9.951500000000001,0.35999941893568443,1000.0,,3.5999941893568512,3.5999941893568512,3.5999941893568512,3.5999941893568512,3.5643506825315363,0,highway_0,0,1451.3835899589462,1770.3835899589462,,-1001.3599994189357
52.7,llm_1,1770.3839463940144,-9.851500000000001,0.003564350682531525,1000.0,,-601.0578561497657,-601.0578561497657,-601.0578561497657,-601.0578561497657,-3.5643506825315288,0,highway_0,0,1451.3839463940144,1770.3839463940144,,-1001.0035643506825
52.8,llm_1,1770.419946335908,-9.7515,0.35999941893568516,1000.0,,3.5999941893568512,3.5999941893568512,3.5999941893568512,3.5999941893568512,3.5643506825315363,0,highway_0,0,1451.419946335908,1770.419946335908,,-1001.3599994189357
52.9,llm_1,1770.4203027709761,-9.6515,0.003564350682531525,1000.0,,-601.0578561497705,-601.0578561497705,-601.0578561497705,-601.0578561497705,-3.5643506825315363,0,highway_0,0,1451.4203027709761,1770.4203027709761,,-1001.0035643506825
53.0,llm_1,1770.4563027128697,-9.551499999999999,0.35999941893568516,1000.0,,3.5999941893568512,3.5999941893568512,3.5999941893568512,3.5999941893568512,3.5643506825315363,0,highway_0,1,1451.4563027128697,1770.4563027128697,,-1001.3599994189357
53.1,llm_1,1770.456659147938,-9.4515,0.003564350682531525,1000.0,,-601.0578561497705,-601.0578561497705,-601.0578561497705,-601.0578561497705,-3.5643506825315363,0,highway_0,1,1451.456659147938,1770.456659147938,,-1001.0035643506825
53.2,llm_1,1770.4926590898315,-9.3515,0.35999941893568516,1000.0,,3.5999941893568512,3.5999941893568512,3.5999941893568512,3.5999941893568512,3.5643506825315363,0,highway_0,1,1451.4926590898315,1770.4926590898315,,-1001.3599994189357
53.3,llm_1,1770.4930155248996,-9.2515,0.003564350682531525,1000.0,,-601.0578561497705,-601.0578561497705,-601.0578561497705,-601.0578561497705,-3.5643506825315363,0,highway_0,1,1451.4930155248996,1770.4930155248996,,-1001.0035643506825
53.4,llm_1,1770.5290154667932,-9.151499999999999,0.35999941893568516,1000.0,,3.5999941893568512,3.5999941893568512,3.5999941893568512,3.5999941893568512,3.5643506825315363,0,highway_0,1,1451.5290154667932,1770.5290154667932,,-1001.3599994189357
53.5,llm_1,1770.5293719018614,-9.051499999999999,0.003564350682531525,1000.0,,-601.0578561497705,-601.0578561497705,-601.0578561497705,-601.0578561497705,-3.5643506825315363,0,highway_0,1,1451.5293719018614,1770.5293719018614,,-1001.0035643506825
53.6,llm_1,1770.565371843755,-8.9515,0.35999941893568516,1000.0,,3.5999941893568512,3.5999941893568512,3.5999941893568512,3.5999941893568512,3.5643506825315363,0,highway_0,1,1451.565371843755,1770.565371843755,,-1001.3599994189357
53.7,llm_1,1770.5657282788231,-8.8515,0.003564350682531525,1000.0,,-601.0578561497705,-601.0578561497705,-601.0578561497705,-601.0578561497705,-3.5643506825315363,0,highway_0,1,1451.5657282788231,1770.5657282788231,,-1001.0035643506825
53.8,llm_1,1770.6017282207167,-8.751499999999998,0.35999941893568516,1000.0,,3.5999941893568512,3.5999941893568512,3.5999941893568512,3.5999941893568512,3.5643506825315363,0,highway_0,1,1451.6017282207167,1770.6017282207167,,-1001.3599994189357
53.9,llm_1,1770.602084655785,-8.651499999999999,0.003564350682531525,1000.0,,-601.0578561497705,-601.0578561497705,-601.0578561497705,-601.0578561497705,-3.5643506825315363,0,highway_0,1,1451.602084655785,1770.602084655785,,-1001.0035643506825
54.0,llm_1,1770.6380845976785,-8.551499999999999,0.35999941893568516,1000.0,,3.5999941893568512,3.5999941893568512,3.5999941893568512,3.5999941893568512,3.5643506825315363,0,highway_0,1,1451.6380845976785,1770.6380845976785,,-1001.3599994189357
54.1,llm_1,1770.6384410327466,-8.4515,0.003564350682531525,1000.0,,-601.0578561497705,-601.0578561497705,-601.0578561497705,-601.0578561497705,-3.5643506825315363,0,highway_0,1,1451.6384410327466,1770.6384410327466,,-1001.0035643506825
54.2,llm_1,1770.6744409746402,-8.3515,0.35999941893568516,1000.0,,3.5999941893568512,3.5999941893568512,3.5999941893568512,3.5999941893568512,3.5643506825315363,0,highway_0,1,1451.6744409746402,1770.6744409746402,,-1001.3599994189357
54.3,llm_1,1770.6747974097084,-8.2515,0.003564350682531525,1000.0,,-601.0578561497705,-601.0578561497705,-601.0578561497705,-601.0578561497705,-3.5643506825315363,0,highway_0,1,1451.6747974097084,1770.6747974097084,,-1001.0035643506825
54.4,llm_1,1770.710797351602,-8.151499999999999,0.35999941893568516,1000.0,,3.5999941893568512,3.5999941893568512,3.5999941893568512,3.5999941893568512,3.5643506825315363,0,highway_0,1,1451.710797351602,1770.710797351602,,-1001.3599994189357
54.5,llm_1,1770.7111537866701,-8.051499999999999,0.003564350682531525,1000.0,,-601.0578561497705,-601.0578561497705,-601.0578561497705,-601.0578561497705,-3.5643506825315363,0,highway_0,1,1451.7111537866701,1770.7111537866701,,-1001.0035643506825
54.6,llm_1,1770.7471537285637,-7.951499999999999,0.35999941893568516,1000.0,,3.5999941893568512,3.5999941893568512,3.5999941893568512,3.5999941893568512,3.5643506825315363,0,highway_0,1,1451.7471537285637,1770.7471537285637,,-1001.3599994189357
54.7,llm_1,1770.747510163632,-7.851499999999999,0.003564350682531525,1000.0,,-601.0578561497705,-601.0578561497705,-601.0578561497705,-601.0578561497705,-3.5643506825315363,0,highway_0,1,1451.747510163632,1770.747510163632,,-1001.0035643506825
54.8,llm_1,1770.7835101055255,-7.751499999999999,0.35999941893568516,1000.0,,3.5999941893568512,3.5999941893568512,3.5999941893568512,3.5999941893568512,3.5643506825315363,0,highway_0,1,1451.7835101055255,1770.7835101055255,,-1001.3599994189357
54.9,llm_1,1770.7838665405936,-7.6514999999999995,0.003564350682531525,1000.0,,-601.0578561497705,-601.0578561497705,-601.0578561497705,-601.0578561497705,-3.5643506825315363,0,highway_0,1,1451.7838665405936,1770.7838665405936,,-1001.0035643506825
55.0,llm_1,1770.8198664824872,-7.551499999999999,0.35999941893568516,1000.0,,3.5999941893568512,3.5999941893568512,3.5999941893568512,3.5999941893568512,3.5643506825315363,0,highway_0,1,1451.8198664824872,1770.8198664824872,,-1001.3599994189357
55.1,llm_1,1770.8202229175554,-7.451499999999999,0.003564350682531525,1000.0,,-601.0578561497705,-601.0578561497705,-601.0578561497705,-601.0578561497705,-3.5643506825315363,0,highway_0,1,1451.8202229175554,1770.8202229175554,,-1001.0035643506825
55.2,llm_1,1770.856222859449,-7.351499999999999,0.35999941893568516,1000.0,,3.5999941893568512,3.5999941893568512,3.5999941893568512,3.5999941893568512,3.5643506825315363,0,highway_0,1,1451.856222859449,1770.856222859449,,-1001.3599994189357
55.3,llm_1,1770.8565792945171,-7.251499999999999,0.003564350682531525,1000.0,,-601.0578561497705,-601.0578561497705,-601.0578561497705,-601.0578561497705,-3.5643506825315363,0,highway_0,1,1451.8565792945171,1770.8565792945171,,-1001.0035643506825
55.4,llm_1,1770.8925792364107,-7.1514999999999995,0.35999941893568516,1000.0,,3.5999941893568512,3.5999941893568512,3.5999941893568512,3.5999941893568512,3.5643506825315363,0,highway_0,1,1451.8925792364107,1770.8925792364107,,-1001.3599994189357
55.5,llm_1,1770.8929356714789,-7.051499999999999,0.003564350682531525,1000.0,,-601.0578561497705,-601.0578561497705,-601.0578561497705,-601.0578561497705,-3.5643506825315363,0,highway_0,1,1451.8929356714789,1770.8929356714789,,-1001.0035643506825
55.6,llm_1,1770.9289356133725,-6.951499999999999,0.35999941893568516,1000.0,,3.5999941893568512,3.5999941893568512,3.5999941893568512,3.5999941893568512,3.5643506825315363,0,highway_0,1,1451.9289356133725,1770.9289356133725,,-1001.3599994189357
55.7,llm_1,1770.9292920484406,-6.851499999999999,0.003564350682531525,1000.0,,-601.0578561497705,-601.0578561497705,-601.0578561497705,-601.0578561497705,-3.5643506825315363,0,highway_0,1,1451.9292920484406,1770.9292920484406,,-1001.0035643506825
55.8,llm_1,1770.9652919903342,-6.751499999999999,0.35999941893568516,1000.0,,3.5999941893568512,3.5999941893568512,3.5999941893568512,3.5999941893568512,3.5643506825315363,0,highway_0,1,1451.9652919903342,1770.9652919903342,,-1001.3599994189357
55.9,llm_1,1770.9656484254024,-6.661499999999998,0.003564350682531525,1000.0,,-601.0578561497705,-601.0578561497705,-601.0578561497705,-601.0578561497705,-3.5643506825315363,0,highway_0,1,1451.9656484254024,1770.9656484254024,,-1001.0035643506825
56.0,llm_1,1771.001648367296,-6.581499999999998,0.35999941893568516,1000.0,,3.5999941893568512,3.5999941893568512,3.5999941893568512,3.5999941893568512,3.5643506825315363,0,highway_0,1,1452.001648367296,1771.001648367296,,-1001.3599994189357
56.1,llm_1,1771.0020048023641,-6.511499999999999,0.003564350682531525,1000.0,,-601.0578561497705,-601.0578561497705,-601.0578561497705,-601.0578561497705,-3.5643506825315363,0,highway_0,1,1452.0020048023641,1771.0020048023641,,-1001.0035643506825
56.2,llm_1,1771.0380047442577,-6.4514999999999985,0.35999941893568516,1000.0,,3.5999941893568512,3.5999941893568512,3.5999941893568512,3.5999941893568512,3.5643506825315363,0,highway_0,1,1452.0380047442577,1771.0380047442577,,-1001.3599994189357
56.3,llm_1,1771.0383611793259,-6.401499999999999,0.003564350682531525,1000.0,,-601.0578561497705,-601.0578561497705,-601.0578561497705,-601.0578561497705,-3.5643506825315363,0,highway_0,1,1452.0383611793259,1771.0383611793259,,-1001.0035643506825
56.4,llm_1,1771.0743611212195,-6.361499999999999,0.35999941893568516,1000.0,,3.5999941893568512,3.5999941893568512,3.5999941893568512,3.5999941893568512,3.5643506825315363,0,highway_0,2,1452.0743611212195,1771.0743611212195,,-1001.3599994189357
56.5,llm_1,1771.0747175562876,-6.321499999999999,0.003564350682531525,1000.0,,-601.0578561497705,-601.0578561497705,-601.0578561497705,-601.0578561497705,-3.5643506825315363,0,highway_0,2,1452.0747175562876,1771.0747175562876,,-1001.0035643506825
56.6,llm_1,1771.1107174981812,-6.291499999999998,0.35999941893568516,1000.0,,3.5999941893568512,3.5999941893568512,3.5999941893568512,3.5999941893568512,3.5643506825315363,0,highway_0,2,1452.1107174981812,1771.1107174981812,,-1001.3599994189357
56.7,llm_1,1771.1110739332494,-6.271499999999999,0.003564350682531525,1000.0,,-601.0578561497705,-601.0578561497705,-601.0578561497705,-601.0578561497705,-3.5643506825315363,0,highway_0,2,1452.1110739332494,1771.1110739332494,,-1001.0035643506825
56.8,llm_1,1771.147073875143,-6.261499999999998,0.35999941893568516,1000.0,,3.5999941893568512,3.5999941893568512,3.5999941893568512,3.5999941893568512,3.5643506825315363,0,highway_0,2,1452.147073875143,1771.147073875143,,-1001.3599994189357
56.9,llm_1,1771.1474303102111,-6.261499999999998,0.003564350682531525,1000.0,,-601.0578561497705,-601.0578561497705,-601.0578561497705,-601.0578561497705,-3.5643506825315363,0,highway_0,2,1452.1474303102111,1771.1474303102111,,-1001.0035643506825
57.0,llm_1,1771.1834302521047,-6.261499999999998,0.35999941893568516,1000.0,,3.5999941893568512,3.5999941893568512,3.5999941893568512,3.5999941893568512,3.5643506825315363,0,highway_0,2,1452.1834302521047,1771.1834302521047,,-1001.3599994189357
57.1,llm_1,1771.1837866871729,-6.261499999999998,0.003564350682531525,1000.0,,-601.0578561497705,-601.0578561497705,-601.0578561497705,-601.0578561497705,-3.5643506825315363,0,highway_0,2,1452.1837866871729,1771.1837866871729,,-1001.0035643506825
57.2,llm_1,1771.2197866290664,-6.261499999999998,0.35999941893568516,1000.0,,3.5999941893568512,3.5999941893568512,3.5999941893568512,3.5999941893568512,3.5643506825315363,0,highway_0,2,1452.2197866290664,1771.2197866290664,,-1001.3599994189357
57.3,llm_1,1771.2201430641346,-6.261499999999998,0.003564350682531525,1000.0,,-601.0578561497705,-601.0578561497705,-601.0578561497705,-601.0578561497705,-3.5643506825315363,0,highway_0,2,1452.2201430641346,1771.2201430641346,,-1001.0035643506825
57.4,llm_1,1771.2561430060282,-6.261499999999998,0.35999941893568516,1000.0,,3.5999941893568512,3.5999941893568512,3.5999941893568512,3.5999941893568512,3.5643506825315363,0,highway_0,2,1452.2561430060282,1771.2561430060282,,-1001.3599994189357
57.5,llm_1,1771.2564994410964,-6.261499999999998,0.003564350682531525,1000.0,,-601.0578561497705,-601.0578561497705,-601.0578561497705,-601.0578561497705,-3.5643506825315363,0,highway_0,2,1452.2564994410964,1771.2564994410964,,-1001.0035643506825
57.6,llm_1,1771.29249938299,-6.261499999999998,0.35999941893568516,1000.0,,3.5999941893568512,3.5999941893568512,3.5999941893568512,3.5999941893568512,3.5643506825315363,0,highway_0,2,1452.29249938299,1771.29249938299,,-1001.3599994189357
57.7,llm_1,1771.2928558180581,-6.261499999999998,0.003564350682531525,1000.0,,-601.0578561497705,-601.0578561497705,-601.0578561497705,-601.0578561497705,-3.5643506825315363,0,highway_0,2,1452.2928558180581,1771.2928558180581,,-1001.0035643506825
57.8,llm_1,1771.3288557599517,-6.261499999999998,0.35999941893568516,1000.0,,3.5999941893568512,3.5999941893568512,3.5999941893568512,3.5999941893568512,3.5643506825315363,0,highway_0,2,1452.3288557599517,1771.3288557599517,,-1001.3599994189357
57.9,llm_1,1771.3292121950199,-6.261499999999998,0.003564350682531525,1000.0,,-601.0578561497705,-601.0578561497705,-601.0578561497705,-601.0578561497705,-3.5643506825315363,0,highway_0,2,1452.3292121950199,1771.3292121950199,,-1001.0035643506825
58.0,llm_1,1771.3652121369134,-6.261499999999998,0.35999941893568516,1000.0,,3.5999941893568512,3.5999941893568512,3.5999941893568512,3.5999941893568512,3.5643506825315363,0,highway_0,2,1452.3652121369134,1771.3652121369134,,-1001.3599994189357
58.1,llm_1,1771.3655685719816,-6.261499999999998,0.003564350682531525,1000.0,,-601.0578561497705,-601.0578561497705,-601.0578561497705,-601.0578561497705,-3.5643506825315363,0,highway_0,2,1452.3655685719816,1771.3655685719816,,-1001.0035643506825
58.2,llm_1,1771.4015685138752,-6.261499999999998,0.35999941893568516,1000.0,,3.5999941893568512,3.5999941893568512,3.5999941893568512,3.5999941893568512,3.5643506825315363,0,highway_0,2,1452.4015685138752,1771.4015685138752,,-1001.3599994189357
58.3,llm_1,1771.4019249489434,-6.261499999999998,0.003564350682531525,1000.0,,-601.0578561497705,-601.0578561497705,-601.0578561497705,-601.0578561497705,-3.5643506825315363,0,highway_0,2,1452.4019249489434,1771.4019249489434,,-1001.0035643506825
58.4,llm_1,1771.437924890837,-6.261499999999998,0.35999941893568516,1000.0,,3.5999941893568512,3.5999941893568512,3.5999941893568512,3.5999941893568512,3.5643506825315363,0,highway_0,2,1452.437924890837,1771.437924890837,,-1001.3599994189357
58.5,llm_1,1771.438281325905,-6.261499999999998,0.003564350682531525,1000.0,,-601.0578561497705,-601.0578561497705,-601.0578561497705,-601.0578561497705,-3.5643506825315363,0,highway_0,2,1452.438281325905,1771.438281325905,,-1001.0035643506825
58.6,llm_1,1771.4742812677987,-6.261499999999998,0.35999941893568516,1000.0,,3.5999941893568512,3.5999941893568512,3.5999941893568512,3.5999941893568512,3.5643506825315363,0,highway_0,2,1452.4742812677987,1771.4742812677987,,-1001.3599994189357
58.7,llm_1,1771.4746377028669,-6.261499999999998,0.003564350682531525,1000.0,,-601.0578561497705,-601.0578561497705,-601.0578561497705,-601.0578561497705,-3.5643506825315363,0,highway_0,2,1452.4746377028669,1771.4746377028669,,-1001.0035643506825
58.8,llm_1,1771.5106376447604,-6.261499999999998,0.35999941893568516,1000.0,,3.5999941893568512,3.5999941893568512,3.5999941893568512,3.5999941893568512,3.5643506825315363,0,highway_0,2,1452.5106376447604,1771.5106376447604,,-1001.3599994189357
58.9,llm_1,1771.5109940798286,-6.261499999999998,0.003564350682531525,1000.0,,-601.0578561497705,-601.0578561497705,-601.0578561497705,-601.0578561497705,-3.5643506825315363,0,highway_0,2,1452.5109940798286,1771.5109940798286,,-1001.0035643506825
59.0,llm_1,1771.5469940217222,-6.261499999999998,0.35999941893568516,1000.0,,3.5999941893568512,3.5999941893568512,3.5999941893568512,3.5999941893568512,3.5643506825315363,0,highway_0,2,1452.5469940217222,1771.5469940217222,,-1001.3599994189357
59.1,llm_1,1771.5473504567904,-6.261499999999998,0.003564350682531525,1000.0,,-601.0578561497705,-601.0578561497705,-601.0578561497705,-601.0578561497705,-3.5643506825315363,0,highway_0,2,1452.5473504567904,1771.5473504567904,,-1001.0035643506825
59.2,llm_1,1771.583350398684,-6.261499999999998,0.35999941893568516,1000.0,,3.5999941893568512,3.5999941893568512,3.5999941893568512,3.5999941893568512,3.5643506825315363,0,highway_0,2,1452.583350398684,1771.583350398684,,-1001.3599994189357
59.3,llm_1,1771.583706833752,-6.261499999999998,0.003564350682531525,1000.0,,-601.0578561497705,-601.0578561497705,-601.0578561497705,-601.0578561497705,-3.5643506825315363,0,highway_0,2,1452.583706833752,1771.583706833752,,-1001.0035643506825
59.4,llm_1,1771.6197067756457,-6.261499999999998,0.35999941893568516,1000.0,,3.5999941893568512,3.5999941893568512,3.5999941893568512,3.5999941893568512,3.5643506825315363,0,highway_0,2,1452.6197067756457,1771.6197067756457,,-1001.3599994189357
59.5,llm_1,1771.6200632107139,-6.261499999999998,0.003564350682531525,1000.0,,-601.0578561497705,-601.0578561497705,-601.0578561497705,-601.0578561497705,-3.5643506825315363,0,highway_0,2,1452.6200632107139,1771.6200632107139,,-1001.0035643506825
59.6,llm_1,1771.6560631526074,-6.261499999999998,0.35999941893568516,1000.0,,3.5999941893568512,3.5999941893568512,3.5999941893568512,3.5999941893568512,3.5643506825315363,0,highway_0,2,1452.6560631526074,1771.6560631526074,,-1001.3599994189357
59.7,llm_1,1771.6564195876756,-6.261499999999998,0.003564350682531525,1000.0,,-601.0578561497705,-601.0578561497705,-601.0578561497705,-601.0578561497705,-3.5643506825315363,0,highway_0,2,1452.6564195876756,1771.6564195876756,,-1001.0035643506825
59.8,llm_1,1771.6924195295692,-6.261499999999998,0.35999941893568516,1000.0,,3.5999941893568512,3.5999941893568512,3.5999941893568512,3.5999941893568512,3.5643506825315363,0,highway_0,2,1452.6924195295692,1771.6924195295692,,-1001.3599994189357
59.9,llm_1,1771.6927759646373,-6.261499999999998,0.003564350682531525,1000.0,,-601.0578561497705,-601.0578561497705,-601.0578561497705,-601.0578561497705,-3.5643506825315363,0,highway_0,2,1452.6927759646373,1771.6927759646373,,-1001.0035643506825
60.0,llm_1,1771.728775906531,-6.261499999999998,0.35999941893568516,1000.0,,3.5999941893568512,3.5999941893568512,3.5999941893568512,3.5999941893568512,3.5643506825315363,0,highway_0,2,1452.728775906531,1771.728775906531,,-1001.3599994189357
60.1,llm_1,1771.729132341599,-6.261499999999998,0.003564350682531525,1000.0,,-601.0578561497705,-601.0578561497705,-601.0578561497705,-601.0578561497705,-3.5643506825315363,0,highway_0,2,1452.729132341599,1771.729132341599,,-1001.0035643506825
60.2,llm_1,1771.7651322834927,-6.261499999999998,0.35999941893568516,1000.0,,3.5999941893568512,3.5999941893568512,3.5999941893568512,3.5999941893568512,3.5643506825315363,0,highway_0,2,1452.7651322834927,1771.7651322834927,,-1001.3599994189357
60.3,llm_1,1771.7654887185608,-6.261499999999998,0.003564350682531525,1000.0,,-601.0578561497705,-601.0578561497705,-601.0578561497705,-601.0578561497705,-3.5643506825315363,0,highway_0,2,1452.7654887185608,1771.7654887185608,,-1001.0035643506825
60.4,llm_1,1771.8014886604544,-6.261499999999998,0.35999941893568516,1000.0,,3.5999941893568512,3.5999941893568512,3.5999941893568512,3.5999941893568512,3.5643506825315363,0,highway_0,2,1452.8014886604544,1771.8014886604544,,-1001.3599994189357
60.5,llm_1,1771.8018450955226,-6.261499999999998,0.003564350682531525,1000.0,,-601.0578561497705,-601.0578561497705,-601.0578561497705,-601.0578561497705,-3.5643506825315363,0,highway_0,2,1452.8018450955226,1771.8018450955226,,-1001.0035643506825
60.6,llm_1,1771.8378450374162,-6.261499999999998,0.35999941893568516,1000.0,,3.5999941893568512,3.5999941893568512,3.5999941893568512,3.5999941893568512,3.5643506825315363,0,highway_0,2,1452.8378450374162,1771.8378450374162,,-1001.3599994189357
60.7,llm_1,1771.8382014724843,-6.261499999999998,0.003564350682531525,1000.0,,-601.0578561497705,-601.0578561497705,-601.0578561497705,-601.0578561497705,-3.5643506825315363,0,highway_0,2,1452.8382014724843,1771.8382014724843,,-1001.0035643506825
60.8,llm_1,1771.874201414378,-6.261499999999998,0.35999941893568516,1000.0,,3.5999941893568512,3.5999941893568512,3.5999941893568512,3.5999941893568512,3.5643506825315363,0,highway_0,2,1452.874201414378,1771.874201414378,,-1001.3599994189357
60.9,llm_1,1771.874557849446,-6.261499999999998,0.003564350682531525,1000.0,,-601.0578561497705,-601.0578561497705,-601.0578561497705,-601.0578561497705,-3.5643506825315363,0,highway_0,2,1452.874557849446,1771.874557849446,,-1001.0035643506825
61.0,llm_1,1771.9105577913397,-6.261499999999998,0.35999941893568516,1000.0,,3.5999941893568512,3.5999941893568512,3.5999941893568512,3.5999941893568512,3.5643506825315363,0,highway_0,2,1452.9105577913397,1771.9105577913397,,-1001.3599994189357
61.1,llm_1,1771.9109142264078,-6.261499999999998,0.003564350682531525,1000.0,,-601.0578561497705,-601.0578561497705,-601.0578561497705,-601.0578561497705,-3.5643506825315363,0,highway_0,2,1452.9109142264078,1771.9109142264078,,-1001.0035643506825
61.2,llm_1,1771.9469141683014,-6.261499999999998,0.35999941893568516,1000.0,,3.5999941893568512,3.5999941893568512,3.5999941893568512,3.5999941893568512,3.5643506825315363,0,highway_0,2,1452.9469141683014,1771.9469141683014,,-1001.3599994189357
61.3,llm_1,1771.9472706033696,-6.261499999999998,0.003564350682531525,1000.0,,-601.0578561497705,-601.0578561497705,-601.0578561497705,-601.0578561497705,-3.5643506825315363,0,highway_0,2,1452.9472706033696,1771.9472706033696,,-1001.0035643506825
61.4,llm_1,1771.9832705452632,-6.261499999999998,0.35999941893568516,1000.0,,3.5999941893568512,3.5999941893568512,3.5999941893568512,3.5999941893568512,3.5643506825315363,0,highway_0,2,1452.9832705452632,1771.9832705452632,,-1001.3599994189357
61.5,llm_1,1771.9836269803313,-6.261499999999998,0.003564350682531525,1000.0,,-601.0578561497705,-601.0578561497705,-601.0578561497705,-601.0578561497705,-3.5643506825315363,0,highway_0,2,1452.9836269803313,1771.9836269803313,,-1001.0035643506825
61.6,llm_1,1772.019626922225,-6.261499999999998,0.35999941893568516,1000.0,,3.5999941893568512,3.5999941893568512,3.5999941893568512,3.5999941893568512,3.5643506825315363,0,highway_0,2,1453.019626922225,1772.019626922225,,-1001.3599994189357
61.7,llm_1,1772.019983357293,-6.261499999999998,0.003564350682531525,1000.0,,-601.0578561497705,-601.0578561497705,-601.0578561497705,-601.0578561497705,-3.5643506825315363,0,highway_0,2,1453.019983357293,1772.019983357293,,-1001.0035643506825
61.8,llm_1,1772.0559832991867,-6.261499999999998,0.35999941893568516,1000.0,,3.5999941893568512,3.5999941893568512,3.5999941893568512,3.5999941893568512,3.5643506825315363,0,highway_0,2,1453.0559832991867,1772.0559832991867,,-1001.3599994189357
61.9,llm_1,1772.0563397342548,-6.261499999999998,0.003564350682531525,1000.0,,-601.0578561497705,-601.0578561497705,-601.0578561497705,-601.0578561497705,-3.5643506825315363,0,highway_0,2,1453.0563397342548,1772.0563397342548,,-1001.0035643506825
62.0,llm_1,1772.0923396761484,-6.261499999999998,0.35999941893568516,1000.0,,3.5999941893568512,3.5999941893568512,3.5999941893568512,3.5999941893568512,3.5643506825315363,0,highway_0,2,1453.0923396761484,1772.0923396761484,,-1001.3599994189357
62.1,llm_1,1772.0926961112166,-6.261499999999998,0.003564350682531525,1000.0,,-601.0578561497705,-601.0578561497705,-601.0578561497705,-601.0578561497705,-3.5643506825315363,0,highway_0,2,1453.0926961112166,1772.0926961112166,,-1001.0035643506825
62.2,llm_1,1772.1286960531102,-6.261499999999998,0.35999941893568516,1000.0,,3.5999941893568512,3.5999941893568512,3.5999941893568512,3.5999941893568512,3.5643506825315363,0,highway_0,2,1453.1286960531102,1772.1286960531102,,-1001.3599994189357
62.3,llm_1,1772.1290524881783,-6.261499999999998,0.003564350682531525,1000.0,,-601.0578561497705,-601.0578561497705,-601.0578561497705,-601.0578561497705,-3.5643506825315363,0,highway_0,2,1453.1290524881783,1772.1290524881783,,-1001.0035643506825
62.4,llm_1,1772.165052430072,-6.261499999999998,0.35999941893568516,1000.0,,3.5999941893568512,3.5999941893568512,3.5999941893568512,3.5999941893568512,3.5643506825315363,0,highway_0,2,1453.165052430072,1772.165052430072,,-1001.3599994189357
62.5,llm_1,1772.16540886514,-6.261499999999998,0.003564350682531525,1000.0,,-601.0578561497705,-601.0578561497705,-601.0578561497705,-601.0578561497705,-3.5643506825315363,0,highway_0,2,1453.16540886514,1772.16540886514,,-1001.0035643506825
62.6,llm_1,1772.2014088070337,-6.261499999999998,0.35999941893568516,1000.0,,3.5999941893568512,3.5999941893568512,3.5999941893568512,3.5999941893568512,3.5643506825315363,0,highway_0,2,1453.2014088070337,1772.2014088070337,,-1001.3599994189357
62.7,llm_1,1772.2017652421018,-6.261499999999998,0.003564350682531525,1000.0,,-601.0578561497705,-601.0578561497705,-601.0578561497705,-601.0578561497705,-3.5643506825315363,0,highway_0,2,1453.2017652421018,1772.2017652421018,,-1001.0035643506825
62.8,llm_1,1772.2377651839954,-6.261499999999998,0.35999941893568516,1000.0,,3.5999941893568512,3.5999941893568512,3.5999941893568512,3.5999941893568512,3.5643506825315363,0,highway_0,2,1453.2377651839954,1772.2377651839954,,-1001.3599994189357
62.9,llm_1,1772.2381216190636,-6.261499999999998,0.003564350682531525,1000.0,,-601.0578561497705,-601.0578561497705,-601.0578561497705,-601.0578561497705,-3.5643506825315363,0,highway_0,2,1453.2381216190636,1772.2381216190636,,-1001.0035643506825
63.0,llm_1,1772.2741215609572,-6.261499999999998,0.35999941893568516,1000.0,,3.5999941893568512,3.5999941893568512,3.5999941893568512,3.5999941893568512,3.5643506825315363,0,highway_0,2,1453.2741215609572,1772.2741215609572,,-1001.3599994189357
63.1,llm_1,1772.2744779960253,-6.261499999999998,0.003564350682531525,1000.0,,-601.0578561497705,-601.0578561497705,-601.0578561497705,-601.0578561497705,-3.5643506825315363,0,highway_0,2,1453.2744779960253,1772.2744779960253,,-1001.0035643506825
63.2,llm_1,1772.310477937919,-6.261499999999998,0.35999941893568516,1000.0,,3.5999941893568512,3.5999941893568512,3.5999941893568512,3.5999941893568512,3.5643506825315363,0,highway_0,2,1453.310477937919,1772.310477937919,,-1001.3599994189357
63.3,llm_1,1772.310834372987,-6.261499999999998,0.003564350682531525,1000.0,,-601.0578561497705,-601.0578561497705,-601.0578561497705,-601.0578561497705,-3.5643506825315363,0,highway_0,2,1453.310834372987,1772.310834372987,,-1001.0035643506825
63.4,llm_1,1772.3468343148807,-6.261499999999998,0.35999941893568516,1000.0,,3.5999941893568512,3.5999941893568512,3.5999941893568512,3.5999941893568512,3.5643506825315363,0,highway_0,2,1453.3468343148807,1772.3468343148807,,-1001.3599994189357
63.5,llm_1,1772.3471907499488,-6.261499999999998,0.003564350682531525,1000.0,,-601.0578561497705,-601.0578561497705,-601.0578561497705,-601.0578561497705,-3.5643506825315363,0,highway_0,2,1453.3471907499488,1772.3471907499488,,-1001.0035643506825
63.6,llm_1,1772.3831906918424,-6.261499999999998,0.35999941893568516,1000.0,,3.5999941893568512,3.5999941893568512,3.5999941893568512,3.5999941893568512,3.5643506825315363,0,highway_0,2,1453.3831906918424,1772.3831906918424,,-1001.3599994189357
63.7,llm_1,1772.3835471269106,-6.261499999999998,0.003564350682531525,1000.0,,-601.0578561497705,-601.0578561497705,-601.0578561497705,-601.0578561497705,-3.5643506825315363,0,highway_0,2,1453.3835471269106,1772.3835471269106,,-1001.0035643506825
63.8,llm_1,1772.4195470688041,-6.261499999999998,0.35999941893568516,1000.0,,3.5999941893568512,3.5999941893568512,3.5999941893568512,3.5999941893568512,3.5643506825315363,0,highway_0,2,1453.4195470688041,1772.4195470688041,,-1001.3599994189357
63.9,llm_1,1772.4199035038723,-6.261499999999998,0.003564350682531525,1000.0,,-601.0578561497705,-601.0578561497705,-601.0578561497705,-601.0578561497705,-3.5643506825315363,0,highway_0,2,1453.4199035038723,1772.4199035038723,,-1001.0035643506825
64.0,llm_1,1772.455903445766,-6.261499999999998,0.35999941893568516,1000.0,,3.5999941893568512,3.5999941893568512,3.5999941893568512,3.5999941893568512,3.5643506825315363,0,highway_0,2,1453.455903445766,1772.455903445766,,-1001.3599994189357
64.1,llm_1,1772.456259880834,-6.261499999999998,0.003564350682531525,1000.0,,-601.0578561497705,-601.0578561497705,-601.0578561497705,-601.0578561497705,-3.5643506825315363,0,highway_0,2,1453.456259880834,1772.456259880834,,-1001.0035643506825
64.2,llm_1,1772.4922598227276,-6.261499999999998,0.35999941893568516,1000.0,,3.5999941893568512,3.5999941893568512,3.5999941893568512,3.5999941893568512,3.5643506825315363,0,highway_0,2,1453.4922598227276,1772.4922598227276,,-1001.3599994189357
64.3,llm_1,1772.4926162577958,-6.261499999999998,0.003564350682531525,1000.0,,-601.0578561497705,-601.0578561497705,-601.0578561497705,-601.0578561497705,-3.5643506825315363,0,highway_0,2,1453.4926162577958,1772.4926162577958,,-1001.0035643506825
64.4,llm_1,1772.5286161996894,-6.261499999999998,0.35999941893568516,1000.0,,3.5999941893568512,3.5999941893568512,3.5999941893568512,3.5999941893568512,3.5643506825315363,0,highway_0,2,1453.5286161996894,1772.5286161996894,,-1001.3599994189357
64.5,llm_1,1772.5289726347576,-6.261499999999998,0.003564350682531525,1000.0,,-601.0578561497705,-601.0578561497705,-601.0578561497705,-601.0578561497705,-3.5643506825315363,0,highway_0,2,1453.5289726347576,1772.5289726347576,,-1001.0035643506825
64.6,llm_1,1772.5649725766511,-6.261499999999998,0.35999941893568516,1000.0,,3.5999941893568512,3.5999941893568512,3.5999941893568512,3.5999941893568512,3.5643506825315363,0,highway_0,2,1453.5649725766511,1772.5649725766511,,-1001.3599994189357
64.7,llm_1,1772.5653290117193,-6.261499999999998,0.003564350682531525,1000.0,,-601.0578561497705,-601.0578561497705,-601.0578561497705,-601.0578561497705,-3.5643506825315363,0,highway_0,2,1453.5653290117193,1772.5653290117193,,-1001.0035643506825
64.8,llm_1,1772.601328953613,-6.261499999999998,0.35999941893568516,1000.0,,3.5999941893568512,3.5999941893568512,3.5999941893568512,3.5999941893568512,3.5643506825315363,0,highway_0,2,1453.601328953613,1772.601328953613,,-1001.3599994189357
64.9,llm_1,1772.601685388681,-6.261499999999998,0.003564350682531525,1000.0,,-601.0578561497705,-601.0578561497705,-601.0578561497705,-601.0578561497705,-3.5643506825315363,0,highway_0,2,1453.601685388681,1772.601685388681,,-1001.0035643506825
65.0,llm_1,1772.6376853305746,-6.261499999999998,0.35999941893568516,1000.0,,3.5999941893568512,3.5999941893568512,3.5999941893568512,3.5999941893568512,3.5643506825315363,0,highway_0,2,1453.6376853305746,1772.6376853305746,,-1001.3599994189357
65.1,llm_1,1772.6380417656428,-6.261499999999998,0.003564350682531525,1000.0,,-601.0578561497705,-601.0578561497705,-601.0578561497705,-601.0578561497705,-3.5643506825315363,0,highway_0,2,1453.6380417656428,1772.6380417656428,,-1001.0035643506825
65.2,llm_1,1772.6740417075364,-6.261499999999998,0.35999941893568516,1000.0,,3.5999941893568512,3.5999941893568512,3.5999941893568512,3.5999941893568512,3.5643506825315363,0,highway_0,2,1453.6740417075364,1772.6740417075364,,-1001.3599994189357
65.3,llm_1,1772.6743981426046,-6.261499999999998,0.003564350682531525,1000.0,,-601.0578561497705,-601.0578561497705,-601.0578561497705,-601.0578561497705,-3.5643506825315363,0,highway_0,2,1453.6743981426046,1772.6743981426046,,-1001.0035643506825
65.4,llm_1,1772.7103980844981,-6.261499999999998,0.35999941893568516,1000.0,,3.5999941893568512,3.5999941893568512,3.5999941893568512,3.5999941893568512,3.5643506825315363,0,highway_0,2,1453.7103980844981,1772.7103980844981,,-1001.3599994189357
65.5,llm_1,1772.7107545195663,-6.261499999999998,0.003564350682531525,1000.0,,-601.0578561497705,-601.0578561497705,-601.0578561497705,-601.0578561497705,-3.5643506825315363,0,highway_0,2,1453.7107545195663,1772.7107545195663,,-1001.0035643506825
65.6,llm_1,1772.74675446146,-6.261499999999998,0.35999941893568516,1000.0,,3.5999941893568512,3.5999941893568512,3.5999941893568512,3.5999941893568512,3.5643506825315363,0,highway_0,2,1453.74675446146,1772.74675446146,,-1001.3599994189357
65.7,llm_1,1772.747110896528,-6.261499999999998,0.003564350682531525,1000.0,,-601.0578561497705,-601.0578561497705,-601.0578561497705,-601.0578561497705,-3.5643506825315363,0,highway_0,2,1453.747110896528,1772.747110896528,,-1001.0035643506825
65.8,llm_1,1772.7831108384216,-6.261499999999998,0.35999941893568516,1000.0,,3.5999941893568512,3.5999941893568512,3.5999941893568512,3.5999941893568512,3.5643506825315363,0,highway_0,2,1453.7831108384216,1772.7831108384216,,-1001.3599994189357
65.9,llm_1,1772.7834672734898,-6.261499999999998,0.003564350682531525,1000.0,,-601.0578561497705,-601.0578561497705,-601.0578561497705,-601.0578561497705,-3.5643506825315363,0,highway_0,2,1453.7834672734898,1772.7834672734898,,-1001.0035643506825
66.0,llm_1,1772.8194672153834,-6.261499999999998,0.35999941893568516,1000.0,,3.5999941893568512,3.5999941893568512,3.5999941893568512,3.5999941893568512,3.5643506825315363,0,highway_0,2,1453.8194672153834,1772.8194672153834,,-1001.3599994189357
66.1,llm_1,1772.8198236504516,-6.261499999999998,0.003564350682531525,1000.0,,-601.0578561497705,-601.0578561497705,-601.0578561497705,-601.0578561497705,-3.5643506825315363,0,highway_0,2,1453.8198236504516,1772.8198236504516,,-1001.0035643506825
66.2,llm_1,1772.8558235923451,-6.261499999999998,0.35999941893568516,1000.0,,3.5999941893568512,3.5999941893568512,3.5999941893568512,3.5999941893568512,3.5643506825315363,0,highway_0,2,1453.8558235923451,1772.8558235923451,,-1001.3599994189357
66.3,llm_1,1772.8561800274133,-6.261499999999998,0.003564350682531525,1000.0,,-601.0578561497705,-601.0578561497705,-601.0578561497705,-601.0578561497705,-3.5643506825315363,0,highway_0,2,1453.8561800274133,1772.8561800274133,,-1001.0035643506825
66.4,llm_1,1772.8921799693069,-6.261499999999998,0.35999941893568516,1000.0,,3.5999941893568512,3.5999941893568512,3.5999941893568512,3.5999941893568512,3.5643506825315363,0,highway_0,2,1453.8921799693069,1772.8921799693069,,-1001.3599994189357
66.5,llm_1,1772.892536404375,-6.261499999999998,0.003564350682531525,1000.0,,-601.0578561497705,-601.0578561497705,-601.0578561497705,-601.0578561497705,-3.5643506825315363,0,highway_0,2,1453.892536404375,1772.892536404375,,-1001.0035643506825
66.6,llm_1,1772.9285363462686,-6.261499999999998,0.35999941893568516,1000.0,,3.5999941893568512,3.5999941893568512,3.5999941893568512,3.5999941893568512,3.5643506825315363,0,highway_0,2,1453.9285363462686,1772.9285363462686,,-1001.3599994189357
66.7,llm_1,1772.9288927813368,-6.261499999999998,0.003564350682531525,1000.0,,-601.0578561497705,-601.0578561497705,-601.0578561497705,-601.0578561497705,-3.5643506825315363,0,highway_0,2,1453.9288927813368,1772.9288927813368,,-1001.0035643506825
66.8,llm_1,1772.9648927232304,-6.261499999999998,0.35999941893568516,1000.0,,3.5999941893568512,3.5999941893568512,3.5999941893568512,3.5999941893568512,3.5643506825315363,0,highway_0,2,1453.9648927232304,1772.9648927232304,,-1001.3599994189357
66.9,llm_1,1772.9652491582985,-6.261499999999998,0.003564350682531525,1000.0,,-601.0578561497705,-601.0578561497705,-601.0578561497705,-601.0578561497705,-3.5643506825315363,0,highway_0,2,1453.9652491582985,1772.9652491582985,,-1001.0035643506825
67.0,llm_1,1773.0012491001921,-6.261499999999998,0.35999941893568516,1000.0,,3.5999941893568512,3.5999941893568512,3.5999941893568512,3.5999941893568512,3.5643506825315363,0,highway_0,2,1454.0012491001921,1773.0012491001921,,-1001.3599994189357
67.1,llm_1,1773.0016055352603,-6.261499999999998,0.003564350682531525,1000.0,,-601.0578561497705,-601.0578561497705,-601.0578561497705,-601.0578561497705,-3.5643506825315363,0,highway_0,2,1454.0016055352603,1773.0016055352603,,-1001.0035643506825
67.2,llm_1,1773.0376054771539,-6.261499999999998,0.35999941893568516,1000.0,,3.5999941893568512,3.5999941893568512,3.5999941893568512,3.5999941893568512,3.5643506825315363,0,highway_0,2,1454.0376054771539,1773.0376054771539,,-1001.3599994189357
67.3,llm_1,1773.037961912222,-6.261499999999998,0.003564350682531525,1000.0,,-601.0578561497705,-601.0578561497705,-601.0578561497705,-601.0578561497705,-3.5643506825315363,0,highway_0,2,1454.037961912222,1773.037961912222,,-1001.0035643506825
67.4,llm_1,1773.0739618541156,-6.261499999999998,0.35999941893568516,1000.0,,3.5999941893568512,3.5999941893568512,3.5999941893568512,3.5999941893568512,3.5643506825315363,0,highway_0,2,1454.0739618541156,1773.0739618541156,,-1001.3599994189357
67.5,llm_1,1773.0743182891838,-6.261499999999998,0.003564350682531525,1000.0,,-601.0578561497705,-601.0578561497705,-601.0578561497705,-601.0578561497705,-3.5643506825315363,0,highway_0,2,1454.0743182891838,1773.0743182891838,,-1001.0035643506825
67.6,llm_1,1773.1103182310774,-6.261499999999998,0.35999941893568516,1000.0,,3.5999941893568512,3.5999941893568512,3.5999941893568512,3.5999941893568512,3.5643506825315363,0,highway_0,2,1454.1103182310774,1773.1103182310774,,-1001.3599994189357
67.7,llm_1,1773.1106746661455,-6.261499999999998,0.003564350682531525,1000.0,,-601.0578561497705,-601.0578561497705,-601.0578561497705,-601.0578561497705,-3.5643506825315363,0,highway_0,2,1454.1106746661455,1773.1106746661455,,-1001.0035643506825
67.8,llm_1,1773.1466746080391,-6.261499999999998,0.35999941893568516,1000.0,,3.5999941893568512,3.5999941893568512,3.5999941893568512,3.5999941893568512,3.5643506825315363,0,highway_0,2,1454.1466746080391,1773.1466746080391,,-1001.3599994189357
67.9,llm_1,1773.1470310431073,-6.261499999999998,0.003564350682531525,1000.0,,-601.0578561497705,-601.0578561497705,-601.0578561497705,-601.0578561497705,-3.5643506825315363,0,highway_0,2,1454.1470310431073,1773.1470310431073,,-1001.0035643506825
68.0,llm_1,1773.1830309850009,-6.261499999999998,0.35999941893568516,1000.0,,3.5999941893568512,3.5999941893568512,3.5999941893568512,3.5999941893568512,3.5643506825315363,0,highway_0,2,1454.1830309850009,1773.1830309850009,,-1001.3599994189357
68.1,llm_1,1773.183387420069,-6.261499999999998,0.003564350682531525,1000.0,,-601.0578561497705,-601.0578561497705,-601.0578561497705,-601.0578561497705,-3.5643506825315363,0,highway_0,2,1454.183387420069,1773.183387420069,,-1001.0035643506825
68.2,llm_1,1773.2193873619626,-6.261499999999998,0.35999941893568516,1000.0,,3.5999941893568512,3.5999941893568512,3.5999941893568512,3.5999941893568512,3.5643506825315363,0,highway_0,2,1454.2193873619626,1773.2193873619626,,-1001.3599994189357
68.3,llm_1,1773.2197437970308,-6.261499999999998,0.003564350682531525,1000.0,,-601.0578561497705,-601.0578561497705,-601.0578561497705,-601.0578561497705,-3.5643506825315363,0,highway_0,2,1454.2197437970308,1773.2197437970308,,-1001.0035643506825
68.4,llm_1,1773.2557437389244,-6.261499999999998,0.35999941893568516,1000.0,,3.5999941893568512,3.5999941893568512,3.5999941893568512,3.5999941893568512,3.5643506825315363,0,highway_0,2,1454.2557437389244,1773.2557437389244,,-1001.3599994189357
68.5,llm_1,1773.2561001739925,-6.261499999999998,0.003564350682531525,1000.0,,-601.0578561497705,-601.0578561497705,-601.0578561497705,-601.0578561497705,-3.5643506825315363,0,highway_0,2,1454.2561001739925,1773.2561001739925,,-1001.0035643506825
68.6,llm_1,1773.2921001158861,-6.261499999999998,0.35999941893568516,1000.0,,3.5999941893568512,3.5999941893568512,3.5999941893568512,3.5999941893568512,3.5643506825315363,0,highway_0,2,1454.2921001158861,1773.2921001158861,,-1001.3599994189357
68.7,llm_1,1773.2924565509543,-6.261499999999998,0.003564350682531525,1000.0,,-601.0578561497705,-601.0578561497705,-601.0578561497705,-601.0578561497705,-3.5643506825315363,0,highway_0,2,1454.2924565509543,1773.2924565509543,,-1001.0035643506825
68.8,llm_1,1773.3284564928479,-6.261499999999998,0.35999941893568516,1000.0,,3.5999941893568512,3.5999941893568512,3.5999941893568512,3.5999941893568512,3.5643506825315363,0,highway_0,2,1454.3284564928479,1773.3284564928479,,-1001.3599994189357
68.9,llm_1,1773.328812927916,-6.261499999999998,0.003564350682531525,1000.0,,-601.0578561497705,-601.0578561497705,-601.0578561497705,-601.0578561497705,-3.5643506825315363,0,highway_0,2,1454.328812927916,1773.328812927916,,-1001.0035643506825
69.0,llm_1,1773.3648128698096,-6.261499999999998,0.35999941893568516,1000.0,,3.5999941893568512,3.5999941893568512,3.5999941893568512,3.5999941893568512,3.5643506825315363,0,highway_0,2,1454.3648128698096,1773.3648128698096,,-1001.3599994189357
69.1,llm_1,1773.3651693048778,-6.261499999999998,0.003564350682531525,1000.0,,-601.0578561497705,-601.0578561497705,-601.0578561497705,-601.0578561497705,-3.5643506825315363,0,highway_0,2,1454.3651693048778,1773.3651693048778,,-1001.0035643506825
69.2,llm_1,1773.4011692467714,-6.261499999999998,0.35999941893568516,1000.0,,3.5999941893568512,3.5999941893568512,3.5999941893568512,3.5999941893568512,3.5643506825315363,0,highway_0,2,1454.4011692467714,1773.4011692467714,,-1001.3599994189357
69.3,llm_1,1773.4015256818395,-6.261499999999998,0.003564350682531525,1000.0,,-601.0578561497705,-601.0578561497705,-601.0578561497705,-601.0578561497705,-3.5643506825315363,0,highway_0,2,1454.4015256818395,1773.4015256818395,,-1001.0035643506825
69.4,llm_1,1773.437525623733,-6.261499999999998,0.35999941893568516,1000.0,,3.5999941893568512,3.5999941893568512,3.5999941893568512,3.5999941893568512,3.5643506825315363,0,highway_0,2,1454.437525623733,1773.437525623733,,-1001.3599994189357
69.5,llm_1,1773.4378820588013,-6.261499999999998,0.003564350682531525,1000.0,,-601.0578561497705,-601.0578561497705,-601.0578561497705,-601.0578561497705,-3.5643506825315363,0,highway_0,2,1454.4378820588013,1773.4378820588013,,-1001.0035643506825
69.6,llm_1,1773.4738820006949,-6.261499999999998,0.35999941893568516,1000.0,,3.5999941893568512,3.5999941893568512,3.5999941893568512,3.5999941893568512,3.5643506825315363,0,highway_0,2,1454.4738820006949,1773.4738820006949,,-1001.3599994189357
69.7,llm_1,1773.474238435763,-6.261499999999998,0.003564350682531525,1000.0,,-601.0578561497705,-601.0578561497705,-601.0578561497705,-601.0578561497705,-3.5643506825315363,0,highway_0,2,1454.474238435763,1773.474238435763,,-1001.0035643506825
69.8,llm_1,1773.5102383776566,-6.261499999999998,0.35999941893568516,1000.0,,3.5999941893568512,3.5999941893568512,3.5999941893568512,3.5999941893568512,3.5643506825315363,0,highway_0,2,1454.5102383776566,1773.5102383776566,,-1001.3599994189357
69.9,llm_1,1773.5105948127248,-6.261499999999998,0.003564350682531525,1000.0,,-601.0578561497705,-601.0578561497705,-601.0578561497705,-601.0578561497705,-3.5643506825315363,0,highway_0,2,1454.5105948127248,1773.5105948127248,,-1001.0035643506825
70.0,llm_1,1773.5465947546184,-6.261499999999998,0.35999941893568516,1000.0,,3.5999941893568512,3.5999941893568512,3.5999941893568512,3.5999941893568512,3.5643506825315363,0,highway_0,2,1454.5465947546184,1773.5465947546184,,-1001.3599994189357
70.1,llm_1,1773.5469511896865,-6.261499999999998,0.003564350682531525,1000.0,,-601.0578561497705,-601.0578561497705,-601.0578561497705,-601.0578561497705,-3.5643506825315363,0,highway_0,2,1454.5469511896865,1773.5469511896865,,-1001.0035643506825
70.2,llm_1,1773.58295113158,-6.261499999999998,0.35999941893568516,1000.0,,3.5999941893568512,3.5999941893568512,3.5999941893568512,3.5999941893568512,3.5643506825315363,0,highway_0,2,1454.58295113158,1773.58295113158,,-1001.3599994189357
70.3,llm_1,1773.5833075666483,-6.261499999999998,0.003564350682531525,1000.0,,-601.0578561497705,-601.0578561497705,-601.0578561497705,-601.0578561497705,-3.5643506825315363,0,highway_0,2,1454.5833075666483,1773.5833075666483,,-1001.0035643506825
70.4,llm_1,1773.6193075085419,-6.261499999999998,0.35999941893568516,1000.0,,3.5999941893568512,3.5999941893568512,3.5999941893568512,3.5999941893568512,3.5643506825315363,0,highway_0,2,1454.6193075085419,1773.6193075085419,,-1001.3599994189357
70.5,llm_1,1773.61966394361,-6.261499999999998,0.003564350682531525,1000.0,,-601.0578561497705,-601.0578561497705,-601.0578561497705,-601.0578561497705,-3.5643506825315363,0,highway_0,2,1454.61966394361,1773.61966394361,,-1001.0035643506825
70.6,llm_1,1773.6556638855036,-6.261499999999998,0.35999941893568516,1000.0,,3.5999941893568512,3.5999941893568512,3.5999941893568512,3.5999941893568512,3.5643506825315363,0,highway_0,2,1454.6556638855036,1773.6556638855036,,-1001.3599994189357
70.7,llm_1,1773.6560203205718,-6.261499999999998,0.003564350682531525,1000.0,,-601.0578561497705,-601.0578561497705,-601.0578561497705,-601.0578561497705,-3.5643506825315363,0,highway_0,2,1454.6560203205718,1773.6560203205718,,-1001.0035643506825
70.8,llm_1,1773.6920202624653,-6.261499999999998,0.35999941893568516,1000.0,,3.5999941893568512,3.5999941893568512,3.5999941893568512,3.5999941893568512,3.5643506825315363,0,highway_0,2,1454.6920202624653,1773.6920202624653,,-1001.3599994189357
70.9,llm_1,1773.6923766975335,-6.261499999999998,0.003564350682531525,1000.0,,-601.0578561497705,-601.0578561497705,-601.0578561497705,-601.0578561497705,-3.5643506825315363,0,highway_0,2,1454.6923766975335,1773.6923766975335,,-1001.0035643506825
71.0,llm_1,1773.728376639427,-6.261499999999998,0.35999941893568516,1000.0,,3.5999941893568512,3.5999941893568512,3.5999941893568512,3.5999941893568512,3.5643506825315363,0,highway_0,2,1454.728376639427,1773.728376639427,,-1001.3599994189357
71.1,llm_1,1773.7287330744953,-6.261499999999998,0.003564350682531525,1000.0,,-601.0578561497705,-601.0578561497705,-601.0578561497705,-601.0578561497705,-3.5643506825315363,0,highway_0,2,1454.7287330744953,1773.7287330744953,,-1001.0035643506825
71.2,llm_1,1773.7647330163888,-6.261499999999998,0.35999941893568516,1000.0,,3.5999941893568512,3.5999941893568512,3.5999941893568512,3.5999941893568512,3.5643506825315363,0,highway_0,2,1454.7647330163888,1773.7647330163888,,-1001.3599994189357
71.3,llm_1,1773.765089451457,-6.261499999999998,0.003564350682531525,1000.0,,-601.0578561497705,-601.0578561497705,-601.0578561497705,-601.0578561497705,-3.5643506825315363,0,highway_0,2,1454.765089451457,1773.765089451457,,-1001.0035643506825
71.4,llm_1,1773.8010893933506,-6.261499999999998,0.35999941893568516,1000.0,,3.5999941893568512,3.5999941893568512,3.5999941893568512,3.5999941893568512,3.5643506825315363,0,highway_0,2,1454.8010893933506,1773.8010893933506,,-1001.3599994189357
71.5,llm_1,1773.8014458284188,-6.261499999999998,0.003564350682531525,1000.0,,-601.0578561497705,-601.0578561497705,-601.0578561497705,-601.0578561497705,-3.5643506825315363,0,highway_0,2,1454.8014458284188,1773.8014458284188,,-1001.0035643506825
71.6,llm_1,1773.8374457703123,-6.261499999999998,0.35999941893568516,1000.0,,3.5999941893568512,3.5999941893568512,3.5999941893568512,3.5999941893568512,3.5643506825315363,0,highway_0,2,1454.8374457703123,1773.8374457703123,,-1001.3599994189357
71.7,llm_1,1773.8378022053805,-6.261499999999998,0.003564350682531525,1000.0,,-601.0578561497705,-601.0578561497705,-601.0578561497705,-601.0578561497705,-3.5643506825315363,0,highway_0,2,1454.8378022053805,1773.8378022053805,,-1001.0035643506825
71.8,llm_1,1773.873802147274,-6.261499999999998,0.35999941893568516,1000.0,,3.5999941893568512,3.5999941893568512,3.5999941893568512,3.5999941893568512,3.5643506825315363,0,highway_0,2,1454.873802147274,1773.873802147274,,-1001.3599994189357
71.9,llm_1,1773.8741585823423,-6.261499999999998,0.003564350682531525,1000.0,,-601.0578561497705,-601.0578561497705,-601.0578561497705,-601.0578561497705,-3.5643506825315363,0,highway_0,2,1454.8741585823423,1773.8741585823423,,-1001.0035643506825
72.0,llm_1,1773.9101585242358,-6.261499999999998,0.35999941893568516,1000.0,,3.5999941893568512,3.5999941893568512,3.5999941893568512,3.5999941893568512,3.5643506825315363,0,highway_0,2,1454.9101585242358,1773.9101585242358,,-1001.3599994189357
72.1,llm_1,1773.910514959304,-6.261499999999998,0.003564350682531525,1000.0,,-601.0578561497705,-601.0578561497705,-601.0578561497705,-601.0578561497705,-3.5643506825315363,0,highway_0,2,1454.910514959304,1773.910514959304,,-1001.0035643506825
72.2,llm_1,1773.9465149011976,-6.261499999999998,0.35999941893568516,1000.0,,3.5999941893568512,3.5999941893568512,3.5999941893568512,3.5999941893568512,3.5643506825315363,0,highway_0,2,1454.9465149011976,1773.9465149011976,,-1001.3599994189357
72.3,llm_1,1773.9468713362658,-6.261499999999998,0.003564350682531525,1000.0,,-601.0578561497705,-601.0578561497705,-601.0578561497705,-601.0578561497705,-3.5643506825315363,0,highway_0,2,1454.9468713362658,1773.9468713362658,,-1001.0035643506825
72.4,llm_1,1773.9828712781593,-6.261499999999998,0.35999941893568516,1000.0,,3.5999941893568512,3.5999941893568512,3.5999941893568512,3.5999941893568512,3.5643506825315363,0,highway_0,2,1454.9828712781593,1773.9828712781593,,-1001.3599994189357
72.5,llm_1,1773.9832277132275,-6.261499999999998,0.003564350682531525,1000.0,,-601.0578561497705,-601.0578561497705,-601.0578561497705,-601.0578561497705,-3.5643506825315363,0,highway_0,2,1454.9832277132275,1773.9832277132275,,-1001.0035643506825
72.6,llm_1,1774.019227655121,-6.261499999999998,0.35999941893568516,1000.0,,3.5999941893568512,3.5999941893568512,3.5999941893568512,3.5999941893568512,3.5643506825315363,0,highway_0,2,1455.019227655121,1774.019227655121,,-1001.3599994189357
72.7,llm_1,1774.0195840901893,-6.261499999999998,0.003564350682531525,1000.0,,-601.0578561497705,-601.0578561497705,-601.0578561497705,-601.0578561497705,-3.5643506825315363,0,highway_0,2,1455.0195840901893,1774.0195840901893,,-1001.0035643506825
72.8,llm_1,1774.0555840320828,-6.261499999999998,0.35999941893568516,1000.0,,3.5999941893568512,3.5999941893568512,3.5999941893568512,3.5999941893568512,3.5643506825315363,0,highway_0,2,1455.0555840320828,1774.0555840320828,,-1001.3599994189357
72.9,llm_1,1774.055940467151,-6.261499999999998,0.003564350682531525,1000.0,,-601.0578561497705,-601.0578561497705,-601.0578561497705,-601.0578561497705,-3.5643506825315363,0,highway_0,2,1455.055940467151,1774.055940467151,,-1001.0035643506825
73.0,llm_1,1774.0919404090446,-6.261499999999998,0.35999941893568516,1000.0,,3.5999941893568512,3.5999941893568512,3.5999941893568512,3.5999941893568512,3.5643506825315363,0,highway_0,2,1455.0919404090446,1774.0919404090446,,-1001.3599994189357
73.1,llm_1,1774.0922968441128,-6.261499999999998,0.003564350682531525,1000.0,,-601.0578561497705,-601.0578561497705,-601.0578561497705,-601.0578561497705,-3.5643506825315363,0,highway_0,2,1455.0922968441128,1774.0922968441128,,-1001.0035643506825
73.2,llm_1,1774.1282967860063,-6.261499999999998,0.35999941893568516,1000.0,,3.5999941893568512,3.5999941893568512,3.5999941893568512,3.5999941893568512,3.5643506825315363,0,highway_0,2,1455.1282967860063,1774.1282967860063,,-1001.3599994189357
73.3,llm_1,1774.1286532210745,-6.261499999999998,0.003564350682531525,1000.0,,-601.0578561497705,-601.0578561497705,-601.0578561497705,-601.0578561497705,-3.5643506825315363,0,highway_0,2,1455.1286532210745,1774.1286532210745,,-1001.0035643506825
73.4,llm_1,1774.164653162968,-6.261499999999998,0.35999941893568516,1000.0,,3.5999941893568512,3.5999941893568512,3.5999941893568512,3.5999941893568512,3.5643506825315363,0,highway_0,2,1455.164653162968,1774.164653162968,,-1001.3599994189357
73.5,llm_1,1774.1650095980362,-6.261499999999998,0.003564350682531525,1000.0,,-601.0578561497705,-601.0578561497705,-601.0578561497705,-601.0578561497705,-3.5643506825315363,0,highway_0,2,1455.1650095980362,1774.1650095980362,,-1001.0035643506825
73.6,llm_1,1774.2010095399298,-6.261499999999998,0.35999941893568516,1000.0,,3.5999941893568512,3.5999941893568512,3.5999941893568512,3.5999941893568512,3.5643506825315363,0,highway_0,2,1455.2010095399298,1774.2010095399298,,-1001.3599994189357
73.7,llm_1,1774.201365974998,-6.261499999999998,0.003564350682531525,1000.0,,-601.0578561497705,-601.0578561497705,-601.0578561497705,-601.0578561497705,-3.5643506825315363,0,highway_0,2,1455.201365974998,1774.201365974998,,-1001.0035643506825
73.8,llm_1,1774.2373659168916,-6.261499999999998,0.35999941893568516,1000.0,,3.5999941893568512,3.5999941893568512,3.5999941893568512,3.5999941893568512,3.5643506825315363,0,highway_0,2,1455.2373659168916,1774.2373659168916,,-1001.3599994189357
73.9,llm_1,1774.2377223519597,-6.261499999999998,0.003564350682531525,1000.0,,-601.0578561497705,-601.0578561497705,-601.0578561497705,-601.0578561497705,-3.5643506825315363,0,highway_0,2,1455.2377223519597,1774.2377223519597,,-1001.0035643506825
74.0,llm_1,1774.2737222938533,-6.261499999999998,0.35999941893568516,1000.0,,3.5999941893568512,3.5999941893568512,3.5999941893568512,3.5999941893568512,3.5643506825315363,0,highway_0,2,1455.2737222938533,1774.2737222938533,,-1001.3599994189357
74.1,llm_1,1774.2740787289215,-6.261499999999998,0.003564350682531525,1000.0,,-601.0578561497705,-601.0578561497705,-601.0578561497705,-601.0578561497705,-3.5643506825315363,0,highway_0,2,1455.2740787289215,1774.2740787289215,,-1001.0035643506825
74.2,llm_1,1774.310078670815,-6.261499999999998,0.35999941893568516,1000.0,,3.5999941893568512,3.5999941893568512,3.5999941893568512,3.5999941893568512,3.5643506825315363,0,highway_0,2,1455.310078670815,1774.310078670815,,-1001.3599994189357
74.3,llm_1,1774.3104351058832,-6.261499999999998,0.003564350682531525,1000.0,,-601.0578561497705,-601.0578561497705,-601.0578561497705,-601.0578561497705,-3.5643506825315363,0,highway_0,2,1455.3104351058832,1774.3104351058832,,-1001.0035643506825
74.4,llm_1,1774.3464350477768,-6.261499999999998,0.35999941893568516,1000.0,,3.5999941893568512,3.5999941893568512,3.5999941893568512,3.5999941893568512,3.5643506825315363,0,highway_0,2,1455.3464350477768,1774.3464350477768,,-1001.3599994189357
74.5,llm_1,1774.346791482845,-6.261499999999998,0.003564350682531525,1000.0,,-601.0578561497705,-601.0578561497705,-601.0578561497705,-601.0578561497705,-3.5643506825315363,0,highway_0,2,1455.346791482845,1774.346791482845,,-1001.0035643506825
74.6,llm_1,1774.3827914247386,-6.261499999999998,0.35999941893568516,1000.0,,3.5999941893568512,3.5999941893568512,3.5999941893568512,3.5999941893568512,3.5643506825315363,0,highway_0,2,1455.3827914247386,1774.3827914247386,,-1001.3599994189357
74.7,llm_1,1774.3831478598067,-6.261499999999998,0.003564350682531525,1000.0,,-601.0578561497705,-601.0578561497705,-601.0578561497705,-601.0578561497705,-3.5643506825315363,0,highway_0,2,1455.3831478598067,1774.3831478598067,,-1001.0035643506825
74.8,llm_1,1774.4191478017003,-6.261499999999998,0.35999941893568516,1000.0,,3.5999941893568512,3.5999941893568512,3.5999941893568512,3.5999941893568512,3.5643506825315363,0,highway_0,2,1455.4191478017003,1774.4191478017003,,-1001.3599994189357
74.9,llm_1,1774.4195042367685,-6.261499999999998,0.003564350682531525,1000.0,,-601.0578561497705,-601.0578561497705,-601.0578561497705,-601.0578561497705,-3.5643506825315363,0,highway_0,2,1455.4195042367685,1774.4195042367685,,-1001.0035643506825
75.0,llm_1,1774.455504178662,-6.261499999999998,0.35999941893568516,1000.0,,3.5999941893568512,3.5999941893568512,3.5999941893568512,3.5999941893568512,3.5643506825315363,0,highway_0,2,1455.455504178662,1774.455504178662,,-1001.3599994189357
75.1,llm_1,1774.4558606137302,-6.261499999999998,0.003564350682531525,1000.0,,-601.0578561497705,-601.0578561497705,-601.0578561497705,-601.0578561497705,-3.5643506825315363,0,highway_0,2,1455.4558606137302,1774.4558606137302,,-1001.0035643506825
75.2,llm_1,1774.4918605556238,-6.261499999999998,0.35999941893568516,1000.0,,3.5999941893568512,3.5999941893568512,3.5999941893568512,3.5999941893568512,3.5643506825315363,0,highway_0,2,1455.4918605556238,1774.4918605556238,,-1001.3599994189357
75.3,llm_1,1774.492216990692,-6.261499999999998,0.003564350682531525,1000.0,,-601.0578561497705,-601.0578561497705,-601.0578561497705,-601.0578561497705,-3.5643506825315363,0,highway_0,2,1455.492216990692,1774.492216990692,,-1001.0035643506825
75.4,llm_1,1774.5282169325856,-6.261499999999998,0.35999941893568516,1000.0,,3.5999941893568512,3.5999941893568512,3.5999941893568512,3.5999941893568512,3.5643506825315363,0,highway_0,2,1455.5282169325856,1774.5282169325856,,-1001.3599994189357
75.5,llm_1,1774.5285733676537,-6.261499999999998,0.003564350682531525,1000.0,,-601.0578561497705,-601.0578561497705,-601.0578561497705,-601.0578561497705,-3.5643506825315363,0,highway_0,2,1455.5285733676537,1774.5285733676537,,-1001.0035643506825
75.6,llm_1,1774.5645733095473,-6.261499999999998,0.35999941893568516,1000.0,,3.5999941893568512,3.5999941893568512,3.5999941893568512,3.5999941893568512,3.5643506825315363,0,highway_0,2,1455.5645733095473,1774.5645733095473,,-1001.3599994189357
75.7,llm_1,1774.5649297446155,-6.261499999999998,0.003564350682531525,1000.0,,-601.0578561497705,-601.0578561497705,-601.0578561497705,-601.0578561497705,-3.5643506825315363,0,highway_0,2,1455.5649297446155,1774.5649297446155,,-1001.0035643506825
75.8,llm_1,1774.600929686509,-6.261499999999998,0.35999941893568516,1000.0,,3.5999941893568512,3.5999941893568512,3.5999941893568512,3.5999941893568512,3.5643506825315363,0,highway_0,2,1455.600929686509,1774.600929686509,,-1001.3599994189357
75.9,llm_1,1774.6012861215772,-6.261499999999998,0.003564350682531525,1000.0,,-601.0578561497705,-601.0578561497705,-601.0578561497705,-601.0578561497705,-3.5643506825315363,0,highway_0,2,1455.6012861215772,1774.6012861215772,,-1001.0035643506825
76.0,llm_1,1774.6372860634708,-6.261499999999998,0.35999941893568516,1000.0,,3.5999941893568512,3.5999941893568512,3.5999941893568512,3.5999941893568512,3.5643506825315363,0,highway_0,2,1455.6372860634708,1774.6372860634708,,-1001.3599994189357
76.1,llm_1,1774.637642498539,-6.261499999999998,0.003564350682531525,1000.0,,-601.0578561497705,-601.0578561497705,-601.0578561497705,-601.0578561497705,-3.5643506825315363,0,highway_0,2,1455.637642498539,1774.637642498539,,-1001.0035643506825
76.2,llm_1,1774.6736424404326,-6.261499999999998,0.35999941893568516,1000.0,,3.5999941893568512,3.5999941893568512,3.5999941893568512,3.5999941893568512,3.5643506825315363,0,highway_0,2,1455.6736424404326,1774.6736424404326,,-1001.3599994189357
76.3,llm_1,1774.6739988755007,-6.261499999999998,0.003564350682531525,1000.0,,-601.0578561497705,-601.0578561497705,-601.0578561497705,-601.0578561497705,-3.5643506825315363,0,highway_0,2,1455.6739988755007,1774.6739988755007,,-1001.0035643506825
76.4,llm_1,1774.7099988173943,-6.261499999999998,0.35999941893568516,1000.0,,3.5999941893568512,3.5999941893568512,3.5999941893568512,3.5999941893568512,3.5643506825315363,0,highway_0,2,1455.7099988173943,1774.7099988173943,,-1001.3599994189357
76.5,llm_1,1774.7103552524625,-6.261499999999998,0.003564350682531525,1000.0,,-601.0578561497705,-601.0578561497705,-601.0578561497705,-601.0578561497705,-3.5643506825315363,0,highway_0,2,1455.7103552524625,1774.7103552524625,,-1001.0035643506825
76.6,llm_1,1774.746355194356,-6.261499999999998,0.35999941893568516,1000.0,,3.5999941893568512,3.5999941893568512,3.5999941893568512,3.5999941893568512,3.5643506825315363,0,highway_0,2,1455.746355194356,1774.746355194356,,-1001.3599994189357
76.7,llm_1,1774.7467116294242,-6.261499999999998,0.003564350682531525,1000.0,,-601.0578561497705,-601.0578561497705,-601.0578561497705,-601.0578561497705,-3.5643506825315363,0,highway_0,2,1455.7467116294242,1774.7467116294242,,-1001.0035643506825
76.8,llm_1,1774.7827115713178,-6.261499999999998,0.35999941893568516,1000.0,,3.5999941893568512,3.5999941893568512,3.5999941893568512,3.5999941893568512,3.5643506825315363,0,highway_0,2,1455.7827115713178,1774.7827115713178,,-1001.3599994189357
76.9,llm_1,1774.783068006386,-6.261499999999998,0.003564350682531525,1000.0,,-601.0578561497705,-601.0578561497705,-601.0578561497705,-601.0578561497705,-3.5643506825315363,0,highway_0,2,1455.783068006386,1774.783068006386,,-1001.0035643506825
77.0,llm_1,1774.8190679482796,-6.261499999999998,0.35999941893568516,1000.0,,3.5999941893568512,3.5999941893568512,3.5999941893568512,3.5999941893568512,3.5643506825315363,0,highway_0,2,1455.8190679482796,1774.8190679482796,,-1001.3599994189357
77.1,llm_1,1774.8194243833477,-6.261499999999998,0.003564350682531525,1000.0,,-601.0578561497705,-601.0578561497705,-601.0578561497705,-601.0578561497705,-3.5643506825315363,0,highway_0,2,1455.8194243833477,1774.8194243833477,,-1001.0035643506825
77.2,llm_1,1774.8554243252413,-6.261499999999998,0.35999941893568516,1000.0,,3.5999941893568512,3.5999941893568512,3.5999941893568512,3.5999941893568512,3.5643506825315363,0,highway_0,2,1455.8554243252413,1774.8554243252413,,-1001.3599994189357
77.3,llm_1,1774.8557807603095,-6.261499999999998,0.003564350682531525,1000.0,,-601.0578561497705,-601.0578561497705,-601.0578561497705,-601.0578561497705,-3.5643506825315363,0,highway_0,2,1455.8557807603095,1774.8557807603095,,-1001.0035643506825
77.4,llm_1,1774.891780702203,-6.261499999999998,0.35999941893568516,1000.0,,3.5999941893568512,3.5999941893568512,3.5999941893568512,3.5999941893568512,3.5643506825315363,0,highway_0,2,1455.891780702203,1774.891780702203,,-1001.3599994189357
77.5,llm_1,1774.8921371372712,-6.261499999999998,0.003564350682531525,1000.0,,-601.0578561497705,-601.0578561497705,-601.0578561497705,-601.0578561497705,-3.5643506825315363,0,highway_0,2,1455.8921371372712,1774.8921371372712,,-1001.0035643506825
77.6,llm_1,1774.9281370791648,-6.261499999999998,0.35999941893568516,1000.0,,3.5999941893568512,3.5999941893568512,3.5999941893568512,3.5999941893568512,3.5643506825315363,0,highway_0,2,1455.9281370791648,1774.9281370791648,,-1001.3599994189357
77.7,llm_1,1774.928493514233,-6.261499999999998,0.003564350682531525,1000.0,,-601.0578561497705,-601.0578561497705,-601.0578561497705,-601.0578561497705,-3.5643506825315363,0,highway_0,2,1455.928493514233,1774.928493514233,,-1001.0035643506825
77.8,llm_1,1774.9644934561265,-6.261499999999998,0.35999941893568516,1000.0,,3.5999941893568512,3.5999941893568512,3.5999941893568512,3.5999941893568512,3.5643506825315363,0,highway_0,2,1455.9644934561265,1774.9644934561265,,-1001.3599994189357
77.9,llm_1,1774.9648498911947,-6.261499999999998,0.003564350682531525,1000.0,,-601.0578561497705,-601.0578561497705,-601.0578561497705,-601.0578561497705,-3.5643506825315363,0,highway_0,2,1455.9648498911947,1774.9648498911947,,-1001.0035643506825
78.0,llm_1,1775.0008498330883,-6.261499999999998,0.35999941893568516,1000.0,,3.5999941893568512,3.5999941893568512,3.5999941893568512,3.5999941893568512,3.5643506825315363,0,highway_0,2,1456.0008498330883,1775.0008498330883,,-1001.3599994189357
78.1,llm_1,1775.0012062681565,-6.261499999999998,0.003564350682531525,1000.0,,-601.0578561497705,-601.0578561497705,-601.0578561497705,-601.0578561497705,-3.5643506825315363,0,highway_0,2,1456.0012062681565,1775.0012062681565,,-1001.0035643506825
78.2,llm_1,1775.03720621005,-6.261499999999998,0.35999941893568516,1000.0,,3.5999941893568512,3.5999941893568512,3.5999941893568512,3.5999941893568512,3.5643506825315363,0,highway_0,2,1456.03720621005,1775.03720621005,,-1001.3599994189357
78.3,llm_1,1775.0375626451182,-6.261499999999998,0.003564350682531525,1000.0,,-601.0578561497705,-601.0578561497705,-601.0578561497705,-601.0578561497705,-3.5643506825315363,0,highway_0,2,1456.0375626451182,1775.0375626451182,,-1001.0035643506825
78.4,llm_1,1775.0735625870118,-6.261499999999998,0.35999941893568516,1000.0,,3.5999941893568512,3.5999941893568512,3.5999941893568512,3.5999941893568512,3.5643506825315363,0,highway_0,2,1456.0735625870118,1775.0735625870118,,-1001.3599994189357
78.5,llm_1,1775.07391902208,-6.261499999999998,0.003564350682531525,1000.0,,-601.0578561497705,-601.0578561497705,-601.0578561497705,-601.0578561497705,-3.5643506825315363,0,highway_0,2,1456.07391902208,1775.07391902208,,-1001.0035643506825
78.6,llm_1,1775.1099189639735,-6.261499999999998,0.35999941893568516,1000.0,,3.5999941893568512,3.5999941893568512,3.5999941893568512,3.5999941893568512,3.5643506825315363,0,highway_0,2,1456.1099189639735,1775.1099189639735,,-1001.3599994189357
78.7,llm_1,1775.1102753990417,-6.261499999999998,0.003564350682531525,1000.0,,-601.0578561497705,-601.0578561497705,-601.0578561497705,-601.0578561497705,-3.5643506825315363,0,highway_0,2,1456.1102753990417,1775.1102753990417,,-1001.0035643506825
78.8,llm_1,1775.1462753409353,-6.261499999999998,0.35999941893568516,1000.0,,3.5999941893568512,3.5999941893568512,3.5999941893568512,3.5999941893568512,3.5643506825315363,0,highway_0,2,1456.1462753409353,1775.1462753409353,,-1001.3599994189357
78.9,llm_1,1775.1466317760035,-6.261499999999998,0.003564350682531525,1000.0,,-601.0578561497705,-601.0578561497705,-601.0578561497705,-601.0578561497705,-3.5643506825315363,0,highway_0,2,1456.1466317760035,1775.1466317760035,,-1001.0035643506825
79.0,llm_1,1775.182631717897,-6.261499999999998,0.35999941893568516,1000.0,,3.5999941893568512,3.5999941893568512,3.5999941893568512,3.5999941893568512,3.5643506825315363,0,highway_0,2,1456.182631717897,1775.182631717897,,-1001.3599994189357
79.1,llm_1,1775.1829881529652,-6.261499999999998,0.003564350682531525,1000.0,,-601.0578561497705,-601.0578561497705,-601.0578561497705,-601.0578561497705,-3.5643506825315363,0,highway_0,2,1456.1829881529652,1775.1829881529652,,-1001.0035643506825
79.2,llm_1,1775.2189880948588,-6.261499999999998,0.35999941893568516,1000.0,,3.5999941893568512,3.5999941893568512,3.5999941893568512,3.5999941893568512,3.5643506825315363,0,highway_0,2,1456.2189880948588,1775.2189880948588,,-1001.3599994189357
79.3,llm_1,1775.219344529927,-6.261499999999998,0.003564350682531525,1000.0,,-601.0578561497705,-601.0578561497705,-601.0578561497705,-601.0578561497705,-3.5643506825315363,0,highway_0,2,1456.219344529927,1775.219344529927,,-1001.0035643506825
79.4,llm_1,1775.2553444718205,-6.261499999999998,0.35999941893568516,1000.0,,3.5999941893568512,3.5999941893568512,3.5999941893568512,3.5999941893568512,3.5643506825315363,0,highway_0,2,1456.2553444718205,1775.2553444718205,,-1001.3599994189357
79.5,llm_1,1775.2557009068887,-6.261499999999998,0.003564350682531525,1000.0,,-601.0578561497705,-601.0578561497705,-601.0578561497705,-601.0578561497705,-3.5643506825315363,0,highway_0,2,1456.2557009068887,1775.2557009068887,,-1001.0035643506825
79.6,llm_1,1775.2917008487823,-6.261499999999998,0.35999941893568516,1000.0,,3.5999941893568512,3.5999941893568512,3.5999941893568512,3.5999941893568512,3.5643506825315363,0,highway_0,2,1456.2917008487823,1775.2917008487823,,-1001.3599994189357
79.7,llm_1,1775.2920572838505,-6.261499999999998,0.003564350682531525,1000.0,,-601.0578561497705,-601.0578561497705,-601.0578561497705,-601.0578561497705,-3.5643506825315363,0,highway_0,2,1456.2920572838505,1775.2920572838505,,-1001.0035643506825
79.8,llm_1,1775.328057225744,-6.261499999999998,0.35999941893568516,1000.0,,3.5999941893568512,3.5999941893568512,3.5999941893568512,3.5999941893568512,3.5643506825315363,0,highway_0,2,1456.328057225744,1775.328057225744,,-1001.3599994189357
79.9,llm_1,1775.3284136608122,-6.261499999999998,0.003564350682531525,1000.0,,-601.0578561497705,-601.0578561497705,-601.0578561497705,-601.0578561497705,-3.5643506825315363,0,highway_0,2,1456.3284136608122,1775.3284136608122,,-1001.0035643506825
80.0,llm_1,1775.3644136027058,-6.261499999999998,0.35999941893568516,1000.0,,3.5999941893568512,3.5999941893568512,3.5999941893568512,3.5999941893568512,3.5643506825315363,0,highway_0,2,1456.3644136027058,1775.3644136027058,,-1001.3599994189357
80.1,llm_1,1775.364770037774,-6.261499999999998,0.003564350682531525,1000.0,,-601.0578561497705,-601.0578561497705,-601.0578561497705,-601.0578561497705,-3.5643506825315363,0,highway_0,2,1456.364770037774,1775.364770037774,,-1001.0035643506825
80.2,llm_1,1775.4007699796675,-6.261499999999998,0.35999941893568516,1000.0,,3.5999941893568512,3.5999941893568512,3.5999941893568512,3.5999941893568512,3.5643506825315363,0,highway_0,2,1456.4007699796675,1775.4007699796675,,-1001.3599994189357
80.3,llm_1,1775.4011264147357,-6.261499999999998,0.003564350682531525,1000.0,,-601.0578561497705,-601.0578561497705,-601.0578561497705,-601.0578561497705,-3.5643506825315363,0,highway_0,2,1456.4011264147357,1775.4011264147357,,-1001.0035643506825
80.4,llm_1,1775.4371263566293,-6.261499999999998,0.35999941893568516,1000.0,,3.5999941893568512,3.5999941893568512,3.5999941893568512,3.5999941893568512,3.5643506825315363,0,highway_0,2,1456.4371263566293,1775.4371263566293,,-1001.3599994189357
80.5,llm_1,1775.4374827916974,-6.261499999999998,0.003564350682531525,1000.0,,-601.0578561497705,-601.0578561497705,-601.0578561497705,-601.0578561497705,-3.5643506825315363,0,highway_0,2,1456.4374827916974,1775.4374827916974,,-1001.0035643506825
80.6,llm_1,1775.473482733591,-6.261499999999998,0.35999941893568516,1000.0,,3.5999941893568512,3.5999941893568512,3.5999941893568512,3.5999941893568512,3.5643506825315363,0,highway_0,2,1456.473482733591,1775.473482733591,,-1001.3599994189357
80.7,llm_1,1775.4738391686592,-6.261499999999998,0.003564350682531525,1000.0,,-601.0578561497705,-601.0578561497705,-601.0578561497705,-601.0578561497705,-3.5643506825315363,0,highway_0,2,1456.4738391686592,1775.4738391686592,,-1001.0035643506825
80.8,llm_1,1775.5098391105528,-6.261499999999998,0.35999941893568516,1000.0,,3.5999941893568512,3.5999941893568512,3.5999941893568512,3.5999941893568512,3.5643506825315363,0,highway_0,2,1456.5098391105528,1775.5098391105528,,-1001.3599994189357
80.9,llm_1,1775.510195545621,-6.261499999999998,0.003564350682531525,1000.0,,-601.0578561497705,-601.0578561497705,-601.0578561497705,-601.0578561497705,-3.5643506825315363,0,highway_0,2,1456.510195545621,1775.510195545621,,-1001.0035643506825
81.0,llm_1,1775.5461954875145,-6.261499999999998,0.35999941893568516,1000.0,,3.5999941893568512,3.5999941893568512,3.5999941893568512,3.5999941893568512,3.5643506825315363,0,highway_0,2,1456.5461954875145,1775.5461954875145,,-1001.3599994189357
81.1,llm_1,1775.5465519225827,-6.261499999999998,0.003564350682531525,1000.0,,-601.0578561497705,-601.0578561497705,-601.0578561497705,-601.0578561497705,-3.5643506825315363,0,highway_0,2,1456.5465519225827,1775.5465519225827,,-1001.0035643506825
81.2,llm_1,1775.5825518644763,-6.261499999999998,0.35999941893568516,1000.0,,3.5999941893568512,3.5999941893568512,3.5999941893568512,3.5999941893568512,3.5643506825315363,0,highway_0,2,1456.5825518644763,1775.5825518644763,,-1001.3599994189357
81.3,llm_1,1775.5829082995444,-6.261499999999998,0.003564350682531525,1000.0,,-601.0578561497705,-601.0578561497705,-601.0578561497705,-601.0578561497705,-3.5643506825315363,0,highway_0,2,1456.5829082995444,1775.5829082995444,,-1001.0035643506825
81.4,llm_1,1775.618908241438,-6.261499999999998,0.35999941893568516,1000.0,,3.5999941893568512,3.5999941893568512,3.5999941893568512,3.5999941893568512,3.5643506825315363,0,highway_0,2,1456.618908241438,1775.618908241438,,-1001.3599994189357
81.5,llm_1,1775.6192646765062,-6.261499999999998,0.003564350682531525,1000.0,,-601.0578561497705,-601.0578561497705,-601.0578561497705,-601.0578561497705,-3.5643506825315363,0,highway_0,2,1456.6192646765062,1775.6192646765062,,-1001.0035643506825
81.6,llm_1,1775.6552646183998,-6.261499999999998,0.35999941893568516,1000.0,,3.5999941893568512,3.5999941893568512,3.5999941893568512,3.5999941893568512,3.5643506825315363,0,highway_0,2,1456.6552646183998,1775.6552646183998,,-1001.3599994189357
81.7,llm_1,1775.655621053468,-6.261499999999998,0.003564350682531525,1000.0,,-601.0578561497705,-601.0578561497705,-601.0578561497705,-601.0578561497705,-3.5643506825315363,0,highway_0,2,1456.655621053468,1775.655621053468,,-1001.0035643506825
81.8,llm_1,1775.6916209953615,-6.261499999999998,0.35999941893568516,1000.0,,3.5999941893568512,3.5999941893568512,3.5999941893568512,3.5999941893568512,3.5643506825315363,0,highway_0,2,1456.6916209953615,1775.6916209953615,,-1001.3599994189357
81.9,llm_1,1775.6919774304297,-6.261499999999998,0.003564350682531525,1000.0,,-601.0578561497705,-601.0578561497705,-601.0578561497705,-601.0578561497705,-3.5643506825315363,0,highway_0,2,1456.6919774304297,1775.6919774304297,,-1001.0035643506825
82.0,llm_1,1775.7279773723233,-6.261499999999998,0.35999941893568516,1000.0,,3.5999941893568512,3.5999941893568512,3.5999941893568512,3.5999941893568512,3.5643506825315363,0,highway_0,2,1456.7279773723233,1775.7279773723233,,-1001.3599994189357
82.1,llm_1,1775.7283338073914,-6.261499999999998,0.003564350682531525,1000.0,,-601.0578561497705,-601.0578561497705,-601.0578561497705,-601.0578561497705,-3.5643506825315363,0,highway_0,2,1456.7283338073914,1775.7283338073914,,-1001.0035643506825
82.2,llm_1,1775.764333749285,-6.261499999999998,0.35999941893568516,1000.0,,3.5999941893568512,3.5999941893568512,3.5999941893568512,3.5999941893568512,3.5643506825315363,0,highway_0,2,1456.764333749285,1775.764333749285,,-1001.3599994189357
82.3,llm_1,1775.7646901843532,-6.261499999999998,0.003564350682531525,1000.0,,-601.0578561497705,-601.0578561497705,-601.0578561497705,-601.0578561497705,-3.5643506825315363,0,highway_0,2,1456.7646901843532,1775.7646901843532,,-1001.0035643506825
82.4,llm_1,1775.8006901262468,-6.261499999999998,0.35999941893568516,1000.0,,3.5999941893568512,3.5999941893568512,3.5999941893568512,3.5999941893568512,3.5643506825315363,0,highway_0,2,1456.8006901262468,1775.8006901262468,,-1001.3599994189357
82.5,llm_1,1775.801046561315,-6.261499999999998,0.003564350682531525,1000.0,,-601.0578561497705,-601.0578561497705,-601.0578561497705,-601.0578561497705,-3.5643506825315363,0,highway_0,2,1456.801046561315,1775.801046561315,,-1001.0035643506825
82.6,llm_1,1775.8370465032085,-6.261499999999998,0.35999941893568516,1000.0,,3.5999941893568512,3.5999941893568512,3.5999941893568512,3.5999941893568512,3.5643506825315363,0,highway_0,2,1456.8370465032085,1775.8370465032085,,-1001.3599994189357
82.7,llm_1,1775.8374029382767,-6.261499999999998,0.003564350682531525,1000.0,,-601.0578561497705,-601.0578561497705,-601.0578561497705,-601.0578561497705,-3.5643506825315363,0,highway_0,2,1456.8374029382767,1775.8374029382767,,-1001.0035643506825
82.8,llm_1,1775.8734028801703,-6.261499999999998,0.35999941893568516,1000.0,,3.5999941893568512,3.5999941893568512,3.5999941893568512,3.5999941893568512,3.5643506825315363,0,highway_0,2,1456.8734028801703,1775.8734028801703,,-1001.3599994189357
82.9,llm_1,1775.8737593152384,-6.261499999999998,0.003564350682531525,1000.0,,-601.0578561497705,-601.0578561497705,-601.0578561497705,-601.0578561497705,-3.5643506825315363,0,highway_0,2,1456.8737593152384,1775.8737593152384,,-1001.0035643506825
83.0,llm_1,1775.909759257132,-6.261499999999998,0.35999941893568516,1000.0,,3.5999941893568512,3.5999941893568512,3.5999941893568512,3.5999941893568512,3.5643506825315363,0,highway_0,2,1456.909759257132,1775.909759257132,,-1001.3599994189357
83.1,llm_1,1775.9101156922002,-6.261499999999998,0.003564350682531525,1000.0,,-601.0578561497705,-601.0578561497705,-601.0578561497705,-601.0578561497705,-3.5643506825315363,0,highway_0,2,1456.9101156922002,1775.9101156922002,,-1001.0035643506825
83.2,llm_1,1775.9461156340938,-6.261499999999998,0.35999941893568516,1000.0,,3.5999941893568512,3.5999941893568512,3.5999941893568512,3.5999941893568512,3.5643506825315363,0,highway_0,2,1456.9461156340938,1775.9461156340938,,-1001.3599994189357
83.3,llm_1,1775.946472069162,-6.261499999999998,0.003564350682531525,1000.0,,-601.0578561497705,-601.0578561497705,-601.0578561497705,-601.0578561497705,-3.5643506825315363,0,highway_0,2,1456.946472069162,1775.946472069162,,-1001.0035643506825
83.4,llm_1,1775.9824720110555,-6.261499999999998,0.35999941893568516,1000.0,,3.5999941893568512,3.5999941893568512,3.5999941893568512,3.5999941893568512,3.5643506825315363,0,highway_0,2,1456.9824720110555,1775.9824720110555,,-1001.3599994189357
83.5,llm_1,1775.9828284461237,-6.261499999999998,0.003564350682531525,1000.0,,-601.0578561497705,-601.0578561497705,-601.0578561497705,-601.0578561497705,-3.5643506825315363,0,highway_0,2,1456.9828284461237,1775.9828284461237,,-1001.0035643506825
83.6,llm_1,1776.0188283880173,-6.261499999999998,0.35999941893568516,1000.0,,3.5999941893568512,3.5999941893568512,3.5999941893568512,3.5999941893568512,3.5643506825315363,0,highway_0,2,1457.0188283880173,1776.0188283880173,,-1001.3599994189357
83.7,llm_1,1776.0191848230854,-6.261499999999998,0.003564350682531525,1000.0,,-601.0578561497705,-601.0578561497705,-601.0578561497705,-601.0578561497705,-3.5643506825315363,0,highway_0,2,1457.0191848230854,1776.0191848230854,,-1001.0035643506825
83.8,llm_1,1776.055184764979,-6.261499999999998,0.35999941893568516,1000.0,,3.5999941893568512,3.5999941893568512,3.5999941893568512,3.5999941893568512,3.5643506825315363,0,highway_0,2,1457.055184764979,1776.055184764979,,-1001.3599994189357
83.9,llm_1,1776.0555412000472,-6.261499999999998,0.003564350682531525,1000.0,,-601.0578561497705,-601.0578561497705,-601.0578561497705,-601.0578561497705,-3.5643506825315363,0,highway_0,2,1457.0555412000472,1776.0555412000472,,-1001.0035643506825
84.0,llm_1,1776.0915411419408,-6.261499999999998,0.35999941893568516,1000.0,,3.5999941893568512,3.5999941893568512,3.5999941893568512,3.5999941893568512,3.5643506825315363,0,highway_0,2,1457.0915411419408,1776.0915411419408,,-1001.3599994189357
84.1,llm_1,1776.091897577009,-6.261499999999998,0.003564350682531525,1000.0,,-601.0578561497705,-601.0578561497705,-601.0578561497705,-601.0578561497705,-3.5643506825315363,0,highway_0,2,1457.091897577009,1776.091897577009,,-1001.0035643506825
84.2,llm_1,1776.1278975189025,-6.261499999999998,0.35999941893568516,1000.0,,3.5999941893568512,3.5999941893568512,3.5999941893568512,3.5999941893568512,3.5643506825315363,0,highway_0,2,1457.1278975189025,1776.1278975189025,,-1001.3599994189357
84.3,llm_1,1776.1282539539707,-6.261499999999998,0.003564350682531525,1000.0,,-601.0578561497705,-601.0578561497705,-601.0578561497705,-601.0578561497705,-3.5643506825315363,0,highway_0,2,1457.1282539539707,1776.1282539539707,,-1001.0035643506825
84.4,llm_1,1776.1642538958642,-6.261499999999998,0.35999941893568516,1000.0,,3.5999941893568512,3.5999941893568512,3.5999941893568512,3.5999941893568512,3.5643506825315363,0,highway_0,2,1457.1642538958642,1776.1642538958642,,-1001.3599994189357
84.5,llm_1,1776.1646103309324,-6.261499999999998,0.003564350682531525,1000.0,,-601.0578561497705,-601.0578561497705,-601.0578561497705,-601.0578561497705,-3.5643506825315363,0,highway_0,2,1457.1646103309324,1776.1646103309324,,-1001.0035643506825
84.6,llm_1,1776.200610272826,-6.261499999999998,0.35999941893568516,1000.0,,3.5999941893568512,3.5999941893568512,3.5999941893568512,3.5999941893568512,3.5643506825315363,0,highway_0,2,1457.200610272826,1776.200610272826,,-1001.3599994189357
84.7,llm_1,1776.2009667078942,-6.261499999999998,0.003564350682531525,1000.0,,-601.0578561497705,-601.0578561497705,-601.0578561497705,-601.0578561497705,-3.5643506825315363,0,highway_0,2,1457.2009667078942,1776.2009667078942,,-1001.0035643506825
84.8,llm_1,1776.2369666497877,-6.261499999999998,0.35999941893568516,1000.0,,3.5999941893568512,3.5999941893568512,3.5999941893568512,3.5999941893568512,3.5643506825315363,0,highway_0,2,1457.2369666497877,1776.2369666497877,,-1001.3599994189357
84.9,llm_1,1776.237323084856,-6.261499999999998,0.003564350682531525,1000.0,,-601.0578561497705,-601.0578561497705,-601.0578561497705,-601.0578561497705,-3.5643506825315363,0,highway_0,2,1457.237323084856,1776.237323084856,,-1001.0035643506825
85.0,llm_1,1776.2733230267495,-6.261499999999998,0.35999941893568516,1000.0,,3.5999941893568512,3.5999941893568512,3.5999941893568512,3.5999941893568512,3.5643506825315363,0,highway_0,2,1457.2733230267495,1776.2733230267495,,-1001.3599994189357
85.1,llm_1,1776.2736794618177,-6.261499999999998,0.003564350682531525,1000.0,,-601.0578561497705,-601.0578561497705,-601.0578561497705,-601.0578561497705,-3.5643506825315363,0,highway_0,2,1457.2736794618177,1776.2736794618177,,-1001.0035643506825
85.2,llm_1,1776.3096794037112,-6.261499999999998,0.35999941893568516,1000.0,,3.5999941893568512,3.5999941893568512,3.5999941893568512,3.5999941893568512,3.5643506825315363,0,highway_0,2,1457.3096794037112,1776.3096794037112,,-1001.3599994189357
85.3,llm_1,1776.3100358387794,-6.261499999999998,0.003564350682531525,1000.0,,-601.0578561497705,-601.0578561497705,-601.0578561497705,-601.0578561497705,-3.5643506825315363,0,highway_0,2,1457.3100358387794,1776.3100358387794,,-1001.0035643506825
85.4,llm_1,1776.346035780673,-6.261499999999998,0.35999941893568516,1000.0,,3.5999941893568512,3.5999941893568512,3.5999941893568512,3.5999941893568512,3.5643506825315363,0,highway_0,2,1457.346035780673,1776.346035780673,,-1001.3599994189357
85.5,llm_1,1776.3463922157412,-6.261499999999998,0.003564350682531525,1000.0,,-601.0578561497705,-601.0578561497705,-601.0578561497705,-601.0578561497705,-3.5643506825315363,0,highway_0,2,1457.3463922157412,1776.3463922157412,,-1001.0035643506825
85.6,llm_1,1776.3823921576347,-6.261499999999998,0.35999941893568516,1000.0,,3.5999941893568512,3.5999941893568512,3.5999941893568512,3.5999941893568512,3.5643506825315363,0,highway_0,2,1457.3823921576347,1776.3823921576347,,-1001.3599994189357
85.7,llm_1,1776.382748592703,-6.261499999999998,0.003564350682531525,1000.0,,-601.0578561497705,-601.0578561497705,-601.0578561497705,-601.0578561497705,-3.5643506825315363,0,highway_0,2,1457.382748592703,1776.382748592703,,-1001.0035643506825
85.8,llm_1,1776.4187485345965,-6.261499999999998,0.35999941893568516,1000.0,,3.5999941893568512,3.5999941893568512,3.5999941893568512,3.5999941893568512,3.5643506825315363,0,highway_0,2,1457.4187485345965,1776.4187485345965,,-1001.3599994189357
85.9,llm_1,1776.4191049696647,-6.261499999999998,0.003564350682531525,1000.0,,-601.0578561497705,-601.0578561497705,-601.0578561497705,-601.0578561497705,-3.5643506825315363,0,highway_0,2,1457.4191049696647,1776.4191049696647,,-1001.0035643506825
86.0,llm_1,1776.4551049115582,-6.261499999999998,0.35999941893568516,1000.0,,3.5999941893568512,3.5999941893568512,3.5999941893568512,3.5999941893568512,3.5643506825315363,0,highway_0,2,1457.4551049115582,1776.4551049115582,,-1001.3599994189357
86.1,llm_1,1776.4554613466264,-6.261499999999998,0.003564350682531525,1000.0,,-601.0578561497705,-601.0578561497705,-601.0578561497705,-601.0578561497705,-3.5643506825315363,0,highway_0,2,1457.4554613466264,1776.4554613466264,,-1001.0035643506825
86.2,llm_1,1776.49146128852,-6.261499999999998,0.35999941893568516,1000.0,,3.5999941893568512,3.5999941893568512,3.5999941893568512,3.5999941893568512,3.5643506825315363,0,highway_0,2,1457.49146128852,1776.49146128852,,-1001.3599994189357
86.3,llm_1,1776.4918177235882,-6.261499999999998,0.003564350682531525,1000.0,,-601.0578561497705,-601.0578561497705,-601.0578561497705,-601.0578561497705,-3.5643506825315363,0,highway_0,2,1457.4918177235882,1776.4918177235882,,-1001.0035643506825
86.4,llm_1,1776.5278176654817,-6.261499999999998,0.35999941893568516,1000.0,,3.5999941893568512,3.5999941893568512,3.5999941893568512,3.5999941893568512,3.5643506825315363,0,highway_0,2,1457.5278176654817,1776.5278176654817,,-1001.3599994189357
86.5,llm_1,1776.52817410055,-6.261499999999998,0.003564350682531525,1000.0,,-601.0578561497705,-601.0578561497705,-601.0578561497705,-601.0578561497705,-3.5643506825315363,0,highway_0,2,1457.52817410055,1776.52817410055,,-1001.0035643506825
86.6,llm_1,1776.5641740424435,-6.261499999999998,0.35999941893568516,1000.0,,3.5999941893568512,3.5999941893568512,3.5999941893568512,3.5999941893568512,3.5643506825315363,0,highway_0,2,1457.5641740424435,1776.5641740424435,,-1001.3599994189357
86.7,llm_1,1776.5645304775117,-6.261499999999998,0.003564350682531525,1000.0,,-601.0578561497705,-601.0578561497705,-601.0578561497705,-601.0578561497705,-3.5643506825315363,0,highway_0,2,1457.5645304775117,1776.5645304775117,,-1001.0035643506825
86.8,llm_1,1776.6005304194052,-6.261499999999998,0.35999941893568516,1000.0,,3.5999941893568512,3.5999941893568512,3.5999941893568512,3.5999941893568512,3.5643506825315363,0,highway_0,2,1457.6005304194052,1776.6005304194052,,-1001.3599994189357
86.9,llm_1,1776.6008868544734,-6.261499999999998,0.003564350682531525,1000.0,,-601.0578561497705,-601.0578561497705,-601.0578561497705,-601.0578561497705,-3.5643506825315363,0,highway_0,2,1457.6008868544734,1776.6008868544734,,-1001.0035643506825
87.0,llm_1,1776.636886796367,-6.261499999999998,0.35999941893568516,1000.0,,3.5999941893568512,3.5999941893568512,3.5999941893568512,3.5999941893568512,3.5643506825315363,0,highway_0,2,1457.636886796367,1776.636886796367,,-1001.3599994189357
87.1,llm_1,1776.6372432314351,-6.261499999999998,0.003564350682531525,1000.0,,-601.0578561497705,-601.0578561497705,-601.0578561497705,-601.0578561497705,-3.5643506825315363,0,highway_0,2,1457.6372432314351,1776.6372432314351,,-1001.0035643506825
87.2,llm_1,1776.6732431733287,-6.261499999999998,0.35999941893568516,1000.0,,3.5999941893568512,3.5999941893568512,3.5999941893568512,3.5999941893568512,3.5643506825315363,0,highway_0,2,1457.6732431733287,1776.6732431733287,,-1001.3599994189357
87.3,llm_1,1776.673599608397,-6.261499999999998,0.003564350682531525,1000.0,,-601.0578561497705,-601.0578561497705,-601.0578561497705,-601.0578561497705,-3.5643506825315363,0,highway_0,2,1457.673599608397,1776.673599608397,,-1001.0035643506825
87.4,llm_1,1776.7095995502905,-6.261499999999998,0.35999941893568516,1000.0,,3.5999941893568512,3.5999941893568512,3.5999941893568512,3.5999941893568512,3.5643506825315363,0,highway_0,2,1457.7095995502905,1776.7095995502905,,-1001.3599994189357
87.5,llm_1,1776.7099559853586,-6.261499999999998,0.003564350682531525,1000.0,,-601.0578561497705,-601.0578561497705,-601.0578561497705,-601.0578561497705,-3.5643506825315363,0,highway_0,2,1457.7099559853586,1776.7099559853586,,-1001.0035643506825
87.6,llm_1,1776.7459559272522,-6.261499999999998,0.35999941893568516,1000.0,,3.5999941893568512,3.5999941893568512,3.5999941893568512,3.5999941893568512,3.5643506825315363,0,highway_0,2,1457.7459559272522,1776.7459559272522,,-1001.3599994189357
87.7,llm_1,1776.7463123623204,-6.261499999999998,0.003564350682531525,1000.0,,-601.0578561497705,-601.0578561497705,-601.0578561497705,-601.0578561497705,-3.5643506825315363,0,highway_0,2,1457.7463123623204,1776.7463123623204,,-1001.0035643506825
87.8,llm_1,1776.782312304214,-6.261499999999998,0.35999941893568516,1000.0,,3.5999941893568512,3.5999941893568512,3.5999941893568512,3.5999941893568512,3.5643506825315363,0,highway_0,2,1457.782312304214,1776.782312304214,,-1001.3599994189357
87.9,llm_1,1776.7826687392821,-6.261499999999998,0.003564350682531525,1000.0,,-601.0578561497705,-601.0578561497705,-601.0578561497705,-601.0578561497705,-3.5643506825315363,0,highway_0,2,1457.7826687392821,1776.7826687392821,,-1001.0035643506825
88.0,llm_1,1776.8186686811757,-6.261499999999998,0.35999941893568516,1000.0,,3.5999941893568512,3.5999941893568512,3.5999941893568512,3.5999941893568512,3.5643506825315363,0,highway_0,2,1457.8186686811757,1776.8186686811757,,-1001.3599994189357
88.1,llm_1,1776.819025116244,-6.261499999999998,0.003564350682531525,1000.0,,-601.0578561497705,-601.0578561497705,-601.0578561497705,-601.0578561497705,-3.5643506825315363,0,highway_0,2,1457.819025116244,1776.819025116244,,-1001.0035643506825
88.2,llm_1,1776.8550250581375,-6.261499999999998,0.35999941893568516,1000.0,,3.5999941893568512,3.5999941893568512,3.5999941893568512,3.5999941893568512,3.5643506825315363,0,highway_0,2,1457.8550250581375,1776.8550250581375,,-1001.3599994189357
88.3,llm_1,1776.8553814932056,-6.261499999999998,0.003564350682531525,1000.0,,-601.0578561497705,-601.0578561497705,-601.0578561497705,-601.0578561497705,-3.5643506825315363,0,highway_0,2,1457.8553814932056,1776.8553814932056,,-1001.0035643506825
88.4,llm_1,1776.8913814350992,-6.261499999999998,0.35999941893568516,1000.0,,3.5999941893568512,3.5999941893568512,3.5999941893568512,3.5999941893568512,3.5643506825315363,0,highway_0,2,1457.8913814350992,1776.8913814350992,,-1001.3599994189357
88.5,llm_1,1776.8917378701674,-6.261499999999998,0.003564350682531525,1000.0,,-601.0578561497705,-601.0578561497705,-601.0578561497705,-601.0578561497705,-3.5643506825315363,0,highway_0,2,1457.8917378701674,1776.8917378701674,,-1001.0035643506825
88.6,llm_1,1776.927737812061,-6.261499999999998,0.35999941893568516,1000.0,,3.5999941893568512,3.5999941893568512,3.5999941893568512,3.5999941893568512,3.5643506825315363,0,highway_0,2,1457.927737812061,1776.927737812061,,-1001.3599994189357
88.7,llm_1,1776.9280942471291,-6.261499999999998,0.003564350682531525,1000.0,,-601.0578561497705,-601.0578561497705,-601.0578561497705,-601.0578561497705,-3.5643506825315363,0,highway_0,2,1457.9280942471291,1776.9280942471291,,-1001.0035643506825
88.8,llm_1,1776.9640941890227,-6.261499999999998,0.35999941893568516,1000.0,,3.5999941893568512,3.5999941893568512,3.5999941893568512,3.5999941893568512,3.5643506825315363,0,highway_0,2,1457.9640941890227,1776.9640941890227,,-1001.3599994189357
88.9,llm_1,1776.964450624091,-6.261499999999998,0.003564350682531525,1000.0,,-601.0578561497705,-601.0578561497705,-601.0578561497705,-601.0578561497705,-3.5643506825315363,0,highway_0,2,1457.964450624091,1776.964450624091,,-1001.0035643506825
89.0,llm_1,1777.0004505659845,-6.261499999999998,0.35999941893568516,1000.0,,3.5999941893568512,3.5999941893568512,3.5999941893568512,3.5999941893568512,3.5643506825315363,0,highway_0,2,1458.0004505659845,1777.0004505659845,,-1001.3599994189357
89.1,llm_1,1777.0008070010526,-6.261499999999998,0.003564350682531525,1000.0,,-601.0578561497705,-601.0578561497705,-601.0578561497705,-601.0578561497705,-3.5643506825315363,0,highway_0,2,1458.0008070010526,1777.0008070010526,,-1001.0035643506825
89.2,llm_1,1777.0368069429462,-6.261499999999998,0.35999941893568516,1000.0,,3.5999941893568512,3.5999941893568512,3.5999941893568512,3.5999941893568512,3.5643506825315363,0,highway_0,2,1458.0368069429462,1777.0368069429462,,-1001.3599994189357
89.3,llm_1,1777.0371633780144,-6.261499999999998,0.003564350682531525,1000.0,,-601.0578561497705,-601.0578561497705,-601.0578561497705,-601.0578561497705,-3.5643506825315363,0,highway_0,2,1458.0371633780144,1777.0371633780144,,-1001.0035643506825
89.4,llm_1,1777.073163319908,-6.261499999999998,0.35999941893568516,1000.0,,3.5999941893568512,3.5999941893568512,3.5999941893568512,3.5999941893568512,3.5643506825315363,0,highway_0,2,1458.073163319908,1777.073163319908,,-1001.3599994189357
89.5,llm_1,1777.0735197549761,-6.261499999999998,0.003564350682531525,1000.0,,-601.0578561497705,-601.0578561497705,-601.0578561497705,-601.0578561497705,-3.5643506825315363,0,highway_0,2,1458.0735197549761,1777.0735197549761,,-1001.0035643506825
89.6,llm_1,1777.1095196968697,-6.261499999999998,0.35999941893568516,1000.0,,3.5999941893568512,3.5999941893568512,3.5999941893568512,3.5999941893568512,3.5643506825315363,0,highway_0,2,1458.1095196968697,1777.1095196968697,,-1001.3599994189357
89.7,llm_1,1777.1098761319379,-6.261499999999998,0.003564350682531525,1000.0,,-601.0578561497705,-601.0578561497705,-601.0578561497705,-601.0578561497705,-3.5643506825315363,0,highway_0,2,1458.1098761319379,1777.1098761319379,,-1001.0035643506825
89.8,llm_1,1777.1458760738315,-6.261499999999998,0.35999941893568516,1000.0,,3.5999941893568512,3.5999941893568512,3.5999941893568512,3.5999941893568512,3.5643506825315363,0,highway_0,2,1458.1458760738315,1777.1458760738315,,-1001.3599994189357
89.9,llm_1,1777.1462325088996,-6.261499999999998,0.003564350682531525,1000.0,,-601.0578561497705,-601.0578561497705,-601.0578561497705,-601.0578561497705,-3.5643506825315363,0,highway_0,2,1458.1462325088996,1777.1462325088996,,-1001.0035643506825
90.0,llm_1,1777.1822324507932,-6.261499999999998,0.35999941893568516,1000.0,,3.5999941893568512,3.5999941893568512,3.5999941893568512,3.5999941893568512,3.5643506825315363,0,highway_0,2,1458.1822324507932,1777.1822324507932,,-1001.3599994189357
90.1,llm_1,1777.1825888858614,-6.261499999999998,0.003564350682531525,1000.0,,-601.0578561497705,-601.0578561497705,-601.0578561497705,-601.0578561497705,-3.5643506825315363,0,highway_0,2,1458.1825888858614,1777.1825888858614,,-1001.0035643506825
90.2,llm_1,1777.218588827755,-6.261499999999998,0.35999941893568516,1000.0,,3.5999941893568512,3.5999941893568512,3.5999941893568512,3.5999941893568512,3.5643506825315363,0,highway_0,2,1458.218588827755,1777.218588827755,,-1001.3599994189357
90.3,llm_1,1777.2189452628231,-6.261499999999998,0.003564350682531525,1000.0,,-601.0578561497705,-601.0578561497705,-601.0578561497705,-601.0578561497705,-3.5643506825315363,0,highway_0,2,1458.2189452628231,1777.2189452628231,,-1001.0035643506825
90.4,llm_1,1777.2549452047167,-6.261499999999998,0.35999941893568516,1000.0,,3.5999941893568512,3.5999941893568512,3.5999941893568512,3.5999941893568512,3.5643506825315363,0,highway_0,2,1458.2549452047167,1777.2549452047167,,-1001.3599994189357
90.5,llm_1,1777.2553016397849,-6.261499999999998,0.003564350682531525,1000.0,,-601.0578561497705,-601.0578561497705,-601.0578561497705,-601.0578561497705,-3.5643506825315363,0,highway_0,2,1458.2553016397849,1777.2553016397849,,-1001.0035643506825
90.6,llm_1,1777.2913015816785,-6.261499999999998,0.35999941893568516,1000.0,,3.5999941893568512,3.5999941893568512,3.5999941893568512,3.5999941893568512,3.5643506825315363,0,highway_0,2,1458.2913015816785,1777.2913015816785,,-1001.3599994189357
90.7,llm_1,1777.2916580167466,-6.261499999999998,0.003564350682531525,1000.0,,-601.0578561497705,-601.0578561497705,-601.0578561497705,-601.0578561497705,-3.5643506825315363,0,highway_0,2,1458.2916580167466,1777.2916580167466,,-1001.0035643506825
90.8,llm_1,1777.3276579586402,-6.261499999999998,0.35999941893568516,1000.0,,3.5999941893568512,3.5999941893568512,3.5999941893568512,3.5999941893568512,3.5643506825315363,0,highway_0,2,1458.3276579586402,1777.3276579586402,,-1001.3599994189357
90.9,llm_1,1777.3280143937084,-6.261499999999998,0.003564350682531525,1000.0,,-601.0578561497705,-601.0578561497705,-601.0578561497705,-601.0578561497705,-3.5643506825315363,0,highway_0,2,1458.3280143937084,1777.3280143937084,,-1001.0035643506825
91.0,llm_1,1777.364014335602,-6.261499999999998,0.35999941893568516,1000.0,,3.5999941893568512,3.5999941893568512,3.5999941893568512,3.5999941893568512,3.5643506825315363,0,highway_0,2,1458.364014335602,1777.364014335602,,-1001.3599994189357
91.1,llm_1,1777.3643707706701,-6.261499999999998,0.003564350682531525,1000.0,,-601.0578561497705,-601.0578561497705,-601.0578561497705,-601.0578561497705,-3.5643506825315363,0,highway_0,2,1458.3643707706701,1777.3643707706701,,-1001.0035643506825
91.2,llm_1,1777.4003707125637,-6.261499999999998,0.35999941893568516,1000.0,,3.5999941893568512,3.5999941893568512,3.5999941893568512,3.5999941893568512,3.5643506825315363,0,highway_0,2,1458.4003707125637,1777.4003707125637,,-1001.3599994189357
91.3,llm_1,1777.4007271476319,-6.261499999999998,0.003564350682531525,1000.0,,-601.0578561497705,-601.0578561497705,-601.0578561497705,-601.0578561497705,-3.5643506825315363,0,highway_0,2,1458.4007271476319,1777.4007271476319,,-1001.0035643506825
91.4,llm_1,1777.4367270895254,-6.261499999999998,0.35999941893568516,1000.0,,3.5999941893568512,3.5999941893568512,3.5999941893568512,3.5999941893568512,3.5643506825315363,0,highway_0,2,1458.4367270895254,1777.4367270895254,,-1001.3599994189357
91.5,llm_1,1777.4370835245936,-6.261499999999998,0.003564350682531525,1000.0,,-601.0578561497705,-601.0578561497705,-601.0578561497705,-601.0578561497705,-3.5643506825315363,0,highway_0,2,1458.4370835245936,1777.4370835245936,,-1001.0035643506825
91.6,llm_1,1777.4730834664872,-6.261499999999998,0.35999941893568516,1000.0,,3.5999941893568512,3.5999941893568512,3.5999941893568512,3.5999941893568512,3.5643506825315363,0,highway_0,2,1458.4730834664872,1777.4730834664872,,-1001.3599994189357
91.7,llm_1,1777.4734399015554,-6.261499999999998,0.003564350682531525,1000.0,,-601.0578561497705,-601.0578561497705,-601.0578561497705,-601.0578561497705,-3.5643506825315363,0,highway_0,2,1458.4734399015554,1777.4734399015554,,-1001.0035643506825
91.8,llm_1,1777.509439843449,-6.261499999999998,0.35999941893568516,1000.0,,3.5999941893568512,3.5999941893568512,3.5999941893568512,3.5999941893568512,3.5643506825315363,0,highway_0,2,1458.509439843449,1777.509439843449,,-1001.3599994189357
91.9,llm_1,1777.5097962785171,-6.261499999999998,0.003564350682531525,1000.0,,-601.0578561497705,-601.0578561497705,-601.0578561497705,-601.0578561497705,-3.5643506825315363,0,highway_0,2,1458.5097962785171,1777.5097962785171,,-1001.0035643506825
92.0,llm_1,1777.5457962204107,-6.261499999999998,0.35999941893568516,1000.0,,3.5999941893568512,3.5999941893568512,3.5999941893568512,3.5999941893568512,3.5643506825315363,0,highway_0,2,1458.5457962204107,1777.5457962204107,,-1001.3599994189357
92.1,llm_1,1777.5461526554789,-6.261499999999998,0.003564350682531525,1000.0,,-601.0578561497705,-601.0578561497705,-601.0578561497705,-601.0578561497705,-3.5643506825315363,0,highway_0,2,1458.5461526554789,1777.5461526554789,,-1001.0035643506825
92.2,llm_1,1777.5821525973724,-6.261499999999998,0.35999941893568516,1000.0,,3.5999941893568512,3.5999941893568512,3.5999941893568512,3.5999941893568512,3.5643506825315363,0,highway_0,2,1458.5821525973724,1777.5821525973724,,-1001.3599994189357
92.3,llm_1,1777.5825090324406,-6.261499999999998,0.003564350682531525,1000.0,,-601.0578561497705,-601.0578561497705,-601.0578561497705,-601.0578561497705,-3.5643506825315363,0,highway_0,2,1458.5825090324406,1777.5825090324406,,-1001.0035643506825
92.4,llm_1,1777.6185089743342,-6.261499999999998,0.35999941893568516,1000.0,,3.5999941893568512,3.5999941893568512,3.5999941893568512,3.5999941893568512,3.5643506825315363,0,highway_0,2,1458.6185089743342,1777.6185089743342,,-1001.3599994189357
92.5,llm_1,1777.6188654094024,-6.261499999999998,0.003564350682531525,1000.0,,-601.0578561497705,-601.0578561497705,-601.0578561497705,-601.0578561497705,-3.5643506825315363,0,highway_0,2,1458.6188654094024,1777.6188654094024,,-1001.0035643506825
92.6,llm_1,1777.654865351296,-6.261499999999998,0.35999941893568516,1000.0,,3.5999941893568512,3.5999941893568512,3.5999941893568512,3.5999941893568512,3.5643506825315363,0,highway_0,2,1458.654865351296,1777.654865351296,,-1001.3599994189357
92.7,llm_1,1777.655221786364,-6.261499999999998,0.003564350682531525,1000.0,,-601.0578561497705,-601.0578561497705,-601.0578561497705,-601.0578561497705,-3.5643506825315363,0,highway_0,2,1458.655221786364,1777.655221786364,,-1001.0035643506825
92.8,llm_1,1777.6912217282577,-6.261499999999998,0.35999941893568516,1000.0,,3.5999941893568512,3.5999941893568512,3.5999941893568512,3.5999941893568512,3.5643506825315363,0,highway_0,2,1458.6912217282577,1777.6912217282577,,-1001.3599994189357
92.9,llm_1,1777.6915781633259,-6.261499999999998,0.003564350682531525,1000.0,,-601.0578561497705,-601.0578561497705,-601.0578561497705,-601.0578561497705,-3.5643506825315363,0,highway_0,2,1458.6915781633259,1777.6915781633259,,-1001.0035643506825
93.0,llm_1,1777.7275781052194,-6.261499999999998,0.35999941893568516,1000.0,,3.5999941893568512,3.5999941893568512,3.5999941893568512,3.5999941893568512,3.5643506825315363,0,highway_0,2,1458.7275781052194,1777.7275781052194,,-1001.3599994189357
93.1,llm_1,1777.7279345402876,-6.261499999999998,0.003564350682531525,1000.0,,-601.0578561497705,-601.0578561497705,-601.0578561497705,-601.0578561497705,-3.5643506825315363,0,highway_0,2,1458.7279345402876,1777.7279345402876,,-1001.0035643506825
93.2,llm_1,1777.7639344821812,-6.261499999999998,0.35999941893568516,1000.0,,3.5999941893568512,3.5999941893568512,3.5999941893568512,3.5999941893568512,3.5643506825315363,0,highway_0,2,1458.7639344821812,1777.7639344821812,,-1001.3599994189357
93.3,llm_1,1777.7642909172494,-6.261499999999998,0.003564350682531525,1000.0,,-601.0578561497705,-601.0578561497705,-601.0578561497705,-601.0578561497705,-3.5643506825315363,0,highway_0,2,1458.7642909172494,1777.7642909172494,,-1001.0035643506825
93.4,llm_1,1777.800290859143,-6.261499999999998,0.35999941893568516,1000.0,,3.5999941893568512,3.5999941893568512,3.5999941893568512,3.5999941893568512,3.5643506825315363,0,highway_0,2,1458.800290859143,1777.800290859143,,-1001.3599994189357
93.5,llm_1,1777.800647294211,-6.261499999999998,0.003564350682531525,1000.0,,-601.0578561497705,-601.0578561497705,-601.0578561497705,-601.0578561497705,-3.5643506825315363,0,highway_0,2,1458.800647294211,1777.800647294211,,-1001.0035643506825
93.6,llm_1,1777.8366472361047,-6.261499999999998,0.35999941893568516,1000.0,,3.5999941893568512,3.5999941893568512,3.5999941893568512,3.5999941893568512,3.5643506825315363,0,highway_0,2,1458.8366472361047,1777.8366472361047,,-1001.3599994189357
93.7,llm_1,1777.8370036711729,-6.261499999999998,0.003564350682531525,1000.0,,-601.0578561497705,-601.0578561497705,-601.0578561497705,-601.0578561497705,-3.5643506825315363,0,highway_0,2,1458.8370036711729,1777.8370036711729,,-1001.0035643506825
93.8,llm_1,1777.8730036130664,-6.261499999999998,0.35999941893568516,1000.0,,3.5999941893568512,3.5999941893568512,3.5999941893568512,3.5999941893568512,3.5643506825315363,0,highway_0,2,1458.8730036130664,1777.8730036130664,,-1001.3599994189357
93.9,llm_1,1777.8733600481346,-6.261499999999998,0.003564350682531525,1000.0,,-601.0578561497705,-601.0578561497705,-601.0578561497705,-601.0578561497705,-3.5643506825315363,0,highway_0,2,1458.8733600481346,1777.8733600481346,,-1001.0035643506825
94.0,llm_1,1777.9093599900282,-6.261499999999998,0.35999941893568516,1000.0,,3.5999941893568512,3.5999941893568512,3.5999941893568512,3.5999941893568512,3.5643506825315363,0,highway_0,2,1458.9093599900282,1777.9093599900282,,-1001.3599994189357
94.1,llm_1,1777.9097164250963,-6.261499999999998,0.003564350682531525,1000.0,,-601.0578561497705,-601.0578561497705,-601.0578561497705,-601.0578561497705,-3.5643506825315363,0,highway_0,2,1458.9097164250963,1777.9097164250963,,-1001.0035643506825
94.2,llm_1,1777.94571636699,-6.261499999999998,0.35999941893568516,1000.0,,3.5999941893568512,3.5999941893568512,3.5999941893568512,3.5999941893568512,3.5643506825315363,0,highway_0,2,1458.94571636699,1777.94571636699,,-1001.3599994189357
94.3,llm_1,1777.946072802058,-6.261499999999998,0.003564350682531525,1000.0,,-601.0578561497705,-601.0578561497705,-601.0578561497705,-601.0578561497705,-3.5643506825315363,0,highway_0,2,1458.946072802058,1777.946072802058,,-1001.0035643506825
94.4,llm_1,1777.9820727439517,-6.261499999999998,0.35999941893568516,1000.0,,3.5999941893568512,3.5999941893568512,3.5999941893568512,3.5999941893568512,3.5643506825315363,0,highway_0,2,1458.9820727439517,1777.9820727439517,,-1001.3599994189357
94.5,llm_1,1777.9824291790198,-6.261499999999998,0.003564350682531525,1000.0,,-601.0578561497705,-601.0578561497705,-601.0578561497705,-601.0578561497705,-3.5643506825315363,0,highway_0,2,1458.9824291790198,1777.9824291790198,,-1001.0035643506825
94.6,llm_1,1778.0184291209134,-6.261499999999998,0.35999941893568516,1000.0,,3.5999941893568512,3.5999941893568512,3.5999941893568512,3.5999941893568512,3.5643506825315363,0,highway_0,2,1459.0184291209134,1778.0184291209134,,-1001.3599994189357
94.7,llm_1,1778.0187855559816,-6.261499999999998,0.003564350682531525,1000.0,,-601.0578561497705,-601.0578561497705,-601.0578561497705,-601.0578561497705,-3.5643506825315363,0,highway_0,2,1459.0187855559816,1778.0187855559816,,-1001.0035643506825
94.8,llm_1,1778.0547854978752,-6.261499999999998,0.35999941893568516,1000.0,,3.5999941893568512,3.5999941893568512,3.5999941893568512,3.5999941893568512,3.5643506825315363,0,highway_0,2,1459.0547854978752,1778.0547854978752,,-1001.3599994189357
94.9,llm_1,1778.0551419329433,-6.261499999999998,0.003564350682531525,1000.0,,-601.0578561497705,-601.0578561497705,-601.0578561497705,-601.0578561497705,-3.5643506825315363,0,highway_0,2,1459.0551419329433,1778.0551419329433,,-1001.0035643506825
95.0,llm_1,1778.091141874837,-6.261499999999998,0.35999941893568516,1000.0,,3.5999941893568512,3.5999941893568512,3.5999941893568512,3.5999941893568512,3.5643506825315363,0,highway_0,2,1459.091141874837,1778.091141874837,,-1001.3599994189357
95.1,llm_1,1778.091498309905,-6.261499999999998,0.003564350682531525,1000.0,,-601.0578561497705,-601.0578561497705,-601.0578561497705,-601.0578561497705,-3.5643506825315363,0,highway_0,2,1459.091498309905,1778.091498309905,,-1001.0035643506825
95.2,llm_1,1778.1274982517987,-6.261499999999998,0.35999941893568516,1000.0,,3.5999941893568512,3.5999941893568512,3.5999941893568512,3.5999941893568512,3.5643506825315363,0,highway_0,2,1459.1274982517987,1778.1274982517987,,-1001.3599994189357
95.3,llm_1,1778.1278546868668,-6.261499999999998,0.003564350682531525,1000.0,,-601.0578561497705,-601.0578561497705,-601.0578561497705,-601.0578561497705,-3.5643506825315363,0,highway_0,2,1459.1278546868668,1778.1278546868668,,-1001.0035643506825
95.4,llm_1,1778.1638546287604,-6.261499999999998,0.35999941893568516,1000.0,,3.5999941893568512,3.5999941893568512,3.5999941893568512,3.5999941893568512,3.5643506825315363,0,highway_0,2,1459.1638546287604,1778.1638546287604,,-1001.3599994189357
95.5,llm_1,1778.1642110638286,-6.261499999999998,0.003564350682531525,1000.0,,-601.0578561497705,-601.0578561497705,-601.0578561497705,-601.0578561497705,-3.5643506825315363,0,highway_0,2,1459.1642110638286,1778.1642110638286,,-1001.0035643506825
95.6,llm_1,1778.2002110057222,-6.261499999999998,0.35999941893568516,1000.0,,3.5999941893568512,3.5999941893568512,3.5999941893568512,3.5999941893568512,3.5643506825315363,0,highway_0,2,1459.2002110057222,1778.2002110057222,,-1001.3599994189357
95.7,llm_1,1778.2005674407903,-6.261499999999998,0.003564350682531525,1000.0,,-601.0578561497705,-601.0578561497705,-601.0578561497705,-601.0578561497705,-3.5643506825315363,0,highway_0,2,1459.2005674407903,1778.2005674407903,,-1001.0035643506825
95.8,llm_1,1778.236567382684,-6.261499999999998,0.35999941893568516,1000.0,,3.5999941893568512,3.5999941893568512,3.5999941893568512,3.5999941893568512,3.5643506825315363,0,highway_0,2,1459.236567382684,1778.236567382684,,-1001.3599994189357
95.9,llm_1,1778.236923817752,-6.261499999999998,0.003564350682531525,1000.0,,-601.0578561497705,-601.0578561497705,-601.0578561497705,-601.0578561497705,-3.5643506825315363,0,highway_0,2,1459.236923817752,1778.236923817752,,-1001.0035643506825
96.0,llm_1,1778.2729237596457,-6.261499999999998,0.35999941893568516,1000.0,,3.5999941893568512,3.5999941893568512,3.5999941893568512,3.5999941893568512,3.5643506825315363,0,highway_0,2,1459.2729237596457,1778.2729237596457,,-1001.3599994189357
96.1,llm_1,1778.2732801947138,-6.261499999999998,0.003564350682531525,1000.0,,-601.0578561497705,-601.0578561497705,-601.0578561497705,-601.0578561497705,-3.5643506825315363,0,highway_0,2,1459.2732801947138,1778.2732801947138,,-1001.0035643506825
96.2,llm_1,1778.3092801366074,-6.261499999999998,0.35999941893568516,1000.0,,3.5999941893568512,3.5999941893568512,3.5999941893568512,3.5999941893568512,3.5643506825315363,0,highway_0,2,1459.3092801366074,1778.3092801366074,,-1001.3599994189357
96.3,llm_1,1778.3096365716756,-6.261499999999998,0.003564350682531525,1000.0,,-601.0578561497705,-601.0578561497705,-601.0578561497705,-601.0578561497705,-3.5643506825315363,0,highway_0,2,1459.3096365716756,1778.3096365716756,,-1001.0035643506825
96.4,llm_1,1778.3456365135692,-6.261499999999998,0.35999941893568516,1000.0,,3.5999941893568512,3.5999941893568512,3.5999941893568512,3.5999941893568512,3.5643506825315363,0,highway_0,2,1459.3456365135692,1778.3456365135692,,-1001.3599994189357
96.5,llm_1,1778.3459929486373,-6.261499999999998,0.003564350682531525,1000.0,,-601.0578561497705,-601.0578561497705,-601.0578561497705,-601.0578561497705,-3.5643506825315363,0,highway_0,2,1459.3459929486373,1778.3459929486373,,-1001.0035643506825
96.6,llm_1,1778.381992890531,-6.261499999999998,0.35999941893568516,1000.0,,3.5999941893568512,3.5999941893568512,3.5999941893568512,3.5999941893568512,3.5643506825315363,0,highway_0,2,1459.381992890531,1778.381992890531,,-1001.3599994189357
96.7,llm_1,1778.382349325599,-6.261499999999998,0.003564350682531525,1000.0,,-601.0578561497705,-601.0578561497705,-601.0578561497705,-601.0578561497705,-3.5643506825315363,0,highway_0,2,1459.382349325599,1778.382349325599,,-1001.0035643506825
96.8,llm_1,1778.4183492674927,-6.261499999999998,0.35999941893568516,1000.0,,3.5999941893568512,3.5999941893568512,3.5999941893568512,3.5999941893568512,3.5643506825315363,0,highway_0,2,1459.4183492674927,1778.4183492674927,,-1001.3599994189357
96.9,llm_1,1778.4187057025608,-6.261499999999998,0.003564350682531525,1000.0,,-601.0578561497705,-601.0578561497705,-601.0578561497705,-601.0578561497705,-3.5643506825315363,0,highway_0,2,1459.4187057025608,1778.4187057025608,,-1001.0035643506825
97.0,llm_1,1778.4547056444544,-6.261499999999998,0.35999941893568516,1000.0,,3.5999941893568512,3.5999941893568512,3.5999941893568512,3.5999941893568512,3.5643506825315363,0,highway_0,2,1459.4547056444544,1778.4547056444544,,-1001.3599994189357
97.1,llm_1,1778.4550620795226,-6.261499999999998,0.003564350682531525,1000.0,,-601.0578561497705,-601.0578561497705,-601.0578561497705,-601.0578561497705,-3.5643506825315363,0,highway_0,2,1459.4550620795226,1778.4550620795226,,-1001.0035643506825
97.2,llm_1,1778.4910620214162,-6.261499999999998,0.35999941893568516,1000.0,,3.5999941893568512,3.5999941893568512,3.5999941893568512,3.5999941893568512,3.5643506825315363,0,highway_0,2,1459.4910620214162,1778.4910620214162,,-1001.3599994189357
97.3,llm_1,1778.4914184564843,-6.261499999999998,0.003564350682531525,1000.0,,-601.0578561497705,-601.0578561497705,-601.0578561497705,-601.0578561497705,-3.5643506825315363,0,highway_0,2,1459.4914184564843,1778.4914184564843,,-1001.0035643506825
97.4,llm_1,1778.527418398378,-6.261499999999998,0.35999941893568516,1000.0,,3.5999941893568512,3.5999941893568512,3.5999941893568512,3.5999941893568512,3.5643506825315363,0,highway_0,2,1459.527418398378,1778.527418398378,,-1001.3599994189357
97.5,llm_1,1778.527774833446,-6.261499999999998,0.003564350682531525,1000.0,,-601.0578561497705,-601.0578561497705,-601.0578561497705,-601.0578561497705,-3.5643506825315363,0,highway_0,2,1459.527774833446,1778.527774833446,,-1001.0035643506825
97.6,llm_1,1778.5637747753397,-6.261499999999998,0.35999941893568516,1000.0,,3.5999941893568512,3.5999941893568512,3.5999941893568512,3.5999941893568512,3.5643506825315363,0,highway_0,2,1459.5637747753397,1778.5637747753397,,-1001.3599994189357
97.7,llm_1,1778.5641312104078,-6.261499999999998,0.003564350682531525,1000.0,,-601.0578561497705,-601.0578561497705,-601.0578561497705,-601.0578561497705,-3.5643506825315363,0,highway_0,2,1459.5641312104078,1778.5641312104078,,-1001.0035643506825
97.8,llm_1,1778.6001311523014,-6.261499999999998,0.35999941893568516,1000.0,,3.5999941893568512,3.5999941893568512,3.5999941893568512,3.5999941893568512,3.5643506825315363,0,highway_0,2,1459.6001311523014,1778.6001311523014,,-1001.3599994189357
97.9,llm_1,1778.6004875873696,-6.261499999999998,0.003564350682531525,1000.0,,-601.0578561497705,-601.0578561497705,-601.0578561497705,-601.0578561497705,-3.5643506825315363,0,highway_0,2,1459.6004875873696,1778.6004875873696,,-1001.0035643506825
98.0,llm_1,1778.6364875292631,-6.261499999999998,0.35999941893568516,1000.0,,3.5999941893568512,3.5999941893568512,3.5999941893568512,3.5999941893568512,3.5643506825315363,0,highway_0,2,1459.6364875292631,1778.6364875292631,,-1001.3599994189357
98.1,llm_1,1778.6368439643313,-6.261499999999998,0.003564350682531525,1000.0,,-601.0578561497705,-601.0578561497705,-601.0578561497705,-601.0578561497705,-3.5643506825315363,0,highway_0,2,1459.6368439643313,1778.6368439643313,,-1001.0035643506825
98.2,llm_1,1778.672843906225,-6.261499999999998,0.35999941893568516,1000.0,,3.5999941893568512,3.5999941893568512,3.5999941893568512,3.5999941893568512,3.5643506825315363,0,highway_0,2,1459.672843906225,1778.672843906225,,-1001.3599994189357
98.3,llm_1,1778.673200341293,-6.261499999999998,0.003564350682531525,1000.0,,-601.0578561497705,-601.0578561497705,-601.0578561497705,-601.0578561497705,-3.5643506825315363,0,highway_0,2,1459.673200341293,1778.673200341293,,-1001.0035643506825
98.4,llm_1,1778.7092002831866,-6.261499999999998,0.35999941893568516,1000.0,,3.5999941893568512,3.5999941893568512,3.5999941893568512,3.5999941893568512,3.5643506825315363,0,highway_0,2,1459.7092002831866,1778.7092002831866,,-1001.3599994189357
98.5,llm_1,1778.7095567182548,-6.261499999999998,0.003564350682531525,1000.0,,-601.0578561497705,-601.0578561497705,-601.0578561497705,-601.0578561497705,-3.5643506825315363,0,highway_0,2,1459.7095567182548,1778.7095567182548,,-1001.0035643506825
98.6,llm_1,1778.7455566601484,-6.261499999999998,0.35999941893568516,1000.0,,3.5999941893568512,3.5999941893568512,3.5999941893568512,3.5999941893568512,3.5643506825315363,0,highway_0,2,1459.7455566601484,1778.7455566601484,,-1001.3599994189357
98.7,llm_1,1778.7459130952166,-6.261499999999998,0.003564350682531525,1000.0,,-601.0578561497705,-601.0578561497705,-601.0578561497705,-601.0578561497705,-3.5643506825315363,0,highway_0,2,1459.7459130952166,1778.7459130952166,,-1001.0035643506825
98.8,llm_1,1778.7819130371101,-6.261499999999998,0.35999941893568516,1000.0,,3.5999941893568512,3.5999941893568512,3.5999941893568512,3.5999941893568512,3.5643506825315363,0,highway_0,2,1459.7819130371101,1778.7819130371101,,-1001.3599994189357
98.9,llm_1,1778.7822694721783,-6.261499999999998,0.003564350682531525,1000.0,,-601.0578561497705,-601.0578561497705,-601.0578561497705,-601.0578561497705,-3.5643506825315363,0,highway_0,2,1459.7822694721783,1778.7822694721783,,-1001.0035643506825
99.0,llm_1,1778.818269414072,-6.261499999999998,0.35999941893568516,1000.0,,3.5999941893568512,3.5999941893568512,3.5999941893568512,3.5999941893568512,3.5643506825315363,0,highway_0,2,1459.818269414072,1778.818269414072,,-1001.3599994189357
99.1,llm_1,1778.81862584914,-6.261499999999998,0.003564350682531525,1000.0,,-601.0578561497705,-601.0578561497705,-601.0578561497705,-601.0578561497705,-3.5643506825315363,0,highway_0,2,1459.81862584914,1778.81862584914,,-1001.0035643506825
99.2,llm_1,1778.8546257910336,-6.261499999999998,0.35999941893568516,1000.0,,3.5999941893568512,3.5999941893568512,3.5999941893568512,3.5999941893568512,3.5643506825315363,0,highway_0,2,1459.8546257910336,1778.8546257910336,,-1001.3599994189357
99.3,llm_1,1778.8549822261018,-6.261499999999998,0.003564350682531525,1000.0,,-601.0578561497705,-601.0578561497705,-601.0578561497705,-601.0578561497705,-3.5643506825315363,0,highway_0,2,1459.8549822261018,1778.8549822261018,,-1001.0035643506825
99.4,llm_1,1778.8909821679954,-6.261499999999998,0.35999941893568516,1000.0,,3.5999941893568512,3.5999941893568512,3.5999941893568512,3.5999941893568512,3.5643506825315363,0,highway_0,2,1459.8909821679954,1778.8909821679954,,-1001.3599994189357
99.5,llm_1,1778.8913386030636,-6.261499999999998,0.003564350682531525,1000.0,,-601.0578561497705,-601.0578561497705,-601.0578561497705,-601.0578561497705,-3.5643506825315363,0,highway_0,2,1459.8913386030636,1778.8913386030636,,-1001.0035643506825
99.6,llm_1,1778.9273385449571,-6.261499999999998,0.35999941893568516,1000.0,,3.5999941893568512,3.5999941893568512,3.5999941893568512,3.5999941893568512,3.5643506825315363,0,highway_0,2,1459.9273385449571,1778.9273385449571,,-1001.3599994189357
99.7,llm_1,1778.9276949800253,-6.261499999999998,0.003564350682531525,1000.0,,-601.0578561497705,-601.0578561497705,-601.0578561497705,-601.0578561497705,-3.5643506825315363,0,highway_0,2,1459.9276949800253,1778.9276949800253,,-1001.0035643506825
99.8,llm_1,1778.963694921919,-6.261499999999998,0.35999941893568516,1000.0,,3.5999941893568512,3.5999941893568512,3.5999941893568512,3.5999941893568512,3.5643506825315363,0,highway_0,2,1459.963694921919,1778.963694921919,,-1001.3599994189357
99.9,llm_1,1778.964051356987,-6.261499999999998,0.003564350682531525,1000.0,,-601.0578561497705,-601.0578561497705,-601.0578561497705,-601.0578561497705,-3.5643506825315363,0,highway_0,2,1459.964051356987,1778.964051356987,,-1001.0035643506825
100.0,llm_1,1779.0000512988806,-6.261499999999998,0.35999941893568516,1000.0,,3.5999941893568512,3.5999941893568512,3.5999941893568512,3.5999941893568512,3.5643506825315363,0,highway_0,2,1460.0000512988806,1779.0000512988806,,-1001.3599994189357
100.1,llm_1,1779.0004077339488,-6.261499999999998,0.003564350682531525,1000.0,,-601.0578561497705,-601.0578561497705,-601.0578561497705,-601.0578561497705,-3.5643506825315363,0,highway_0,2,1460.0004077339488,1779.0004077339488,,-1001.0035643506825
100.2,llm_1,1779.0364076758424,-6.261499999999998,0.35999941893568516,1000.0,,3.5999941893568512,3.5999941893568512,3.5999941893568512,3.5999941893568512,3.5643506825315363,0,highway_0,2,1460.0364076758424,1779.0364076758424,,-1001.3599994189357
100.3,llm_1,1779.0367641109106,-6.261499999999998,0.003564350682531525,1000.0,,-601.0578561497705,-601.0578561497705,-601.0578561497705,-601.0578561497705,-3.5643506825315363,0,highway_0,2,1460.0367641109106,1779.0367641109106,,-1001.0035643506825
100.4,llm_1,1779.0727640528041,-6.261499999999998,0.35999941893568516,1000.0,,3.5999941893568512,3.5999941893568512,3.5999941893568512,3.5999941893568512,3.5643506825315363,0,highway_0,2,1460.0727640528041,1779.0727640528041,,-1001.3599994189357
100.5,llm_1,1779.0731204878723,-6.261499999999998,0.003564350682531525,1000.0,,-601.0578561497705,-601.0578561497705,-601.0578561497705,-601.0578561497705,-3.5643506825315363,0,highway_0,2,1460.0731204878723,1779.0731204878723,,-1001.0035643506825
100.6,llm_1,1779.1091204297659,-6.261499999999998,0.35999941893568516,1000.0,,3.5999941893568512,3.5999941893568512,3.5999941893568512,3.5999941893568512,3.5643506825315363,0,highway_0,2,1460.1091204297659,1779.1091204297659,,-1001.3599994189357
100.7,llm_1,1779.109476864834,-6.261499999999998,0.003564350682531525,1000.0,,-601.0578561497705,-601.0578561497705,-601.0578561497705,-601.0578561497705,-3.5643506825315363,0,highway_0,2,1460.109476864834,1779.109476864834,,-1001.0035643506825
100.8,llm_1,1779.1454768067276,-6.261499999999998,0.35999941893568516,1000.0,,3.5999941893568512,3.5999941893568512,3.5999941893568512,3.5999941893568512,3.5643506825315363,0,highway_0,2,1460.1454768067276,1779.1454768067276,,-1001.3599994189357
100.9,llm_1,1779.1458332417958,-6.261499999999998,0.003564350682531525,1000.0,,-601.0578561497705,-601.0578561497705,-601.0578561497705,-601.0578561497705,-3.5643506825315363,0,highway_0,2,1460.1458332417958,1779.1458332417958,,-1001.0035643506825
101.0,llm_1,1779.1818331836894,-6.261499999999998,0.35999941893568516,1000.0,,3.5999941893568512,3.5999941893568512,3.5999941893568512,3.5999941893568512,3.5643506825315363,0,highway_0,2,1460.1818331836894,1779.1818331836894,,-1001.3599994189357
101.1,llm_1,1779.1821896187575,-6.261499999999998,0.003564350682531525,1000.0,,-601.0578561497705,-601.0578561497705,-601.0578561497705,-601.0578561497705,-3.5643506825315363,0,highway_0,2,1460.1821896187575,1779.1821896187575,,-1001.0035643506825
101.2,llm_1,1779.2181895606511,-6.261499999999998,0.35999941893568516,1000.0,,3.5999941893568512,3.5999941893568512,3.5999941893568512,3.5999941893568512,3.5643506825315363,0,highway_0,2,1460.2181895606511,1779.2181895606511,,-1001.3599994189357
101.3,llm_1,1779.2185459957193,-6.261499999999998,0.003564350682531525,1000.0,,-601.0578561497705,-601.0578561497705,-601.0578561497705,-601.0578561497705,-3.5643506825315363,0,highway_0,2,1460.2185459957193,1779.2185459957193,,-1001.0035643506825
101.4,llm_1,1779.2545459376129,-6.261499999999998,0.35999941893568516,1000.0,,3.5999941893568512,3.5999941893568512,3.5999941893568512,3.5999941893568512,3.5643506825315363,0,highway_0,2,1460.2545459376129,1779.2545459376129,,-1001.3599994189357
101.5,llm_1,1779.254902372681,-6.261499999999998,0.003564350682531525,1000.0,,-601.0578561497705,-601.0578561497705,-601.0578561497705,-601.0578561497705,-3.5643506825315363,0,highway_0,2,1460.254902372681,1779.254902372681,,-1001.0035643506825
101.6,llm_1,1779.2909023145746,-6.261499999999998,0.35999941893568516,1000.0,,3.5999941893568512,3.5999941893568512,3.5999941893568512,3.5999941893568512,3.5643506825315363,0,highway_0,2,1460.2909023145746,1779.2909023145746,,-1001.3599994189357
101.7,llm_1,1779.2912587496428,-6.261499999999998,0.003564350682531525,1000.0,,-601.0578561497705,-601.0578561497705,-601.0578561497705,-601.0578561497705,-3.5643506825315363,0,highway_0,2,1460.2912587496428,1779.2912587496428,,-1001.0035643506825
101.8,llm_1,1779.3272586915364,-6.261499999999998,0.35999941893568516,1000.0,,3.5999941893568512,3.5999941893568512,3.5999941893568512,3.5999941893568512,3.5643506825315363,0,highway_0,2,1460.3272586915364,1779.3272586915364,,-1001.3599994189357
101.9,llm_1,1779.3276151266045,-6.261499999999998,0.003564350682531525,1000.0,,-601.0578561497705,-601.0578561497705,-601.0578561497705,-601.0578561497705,-3.5643506825315363,0,highway_0,2,1460.3276151266045,1779.3276151266045,,-1001.0035643506825
102.0,llm_1,1779.3636150684981,-6.261499999999998,0.35999941893568516,1000.0,,3.5999941893568512,3.5999941893568512,3.5999941893568512,3.5999941893568512,3.5643506825315363,0,highway_0,2,1460.3636150684981,1779.3636150684981,,-1001.3599994189357
102.1,llm_1,1779.3639715035663,-6.261499999999998,0.003564350682531525,1000.0,,-601.0578561497705,-601.0578561497705,-601.0578561497705,-601.0578561497705,-3.5643506825315363,0,highway_0,2,1460.3639715035663,1779.3639715035663,,-1001.0035643506825
102.2,llm_1,1779.3999714454599,-6.261499999999998,0.35999941893568516,1000.0,,3.5999941893568512,3.5999941893568512,3.5999941893568512,3.5999941893568512,3.5643506825315363,0,highway_0,2,1460.3999714454599,1779.3999714454599,,-1001.3599994189357
102.3,llm_1,1779.400327880528,-6.261499999999998,0.003564350682531525,1000.0,,-601.0578561497705,-601.0578561497705,-601.0578561497705,-601.0578561497705,-3.5643506825315363,0,highway_0,2,1460.400327880528,1779.400327880528,,-1001.0035643506825
102.4,llm_1,1779.4363278224216,-6.261499999999998,0.35999941893568516,1000.0,,3.5999941893568512,3.5999941893568512,3.5999941893568512,3.5999941893568512,3.5643506825315363,0,highway_0,2,1460.4363278224216,1779.4363278224216,,-1001.3599994189357
102.5,llm_1,1779.4366842574898,-6.261499999999998,0.003564350682531525,1000.0,,-601.0578561497705,-601.0578561497705,-601.0578561497705,-601.0578561497705,-3.5643506825315363,0,highway_0,2,1460.4366842574898,1779.4366842574898,,-1001.0035643506825
102.6,llm_1,1779.4726841993834,-6.261499999999998,0.35999941893568516,1000.0,,3.5999941893568512,3.5999941893568512,3.5999941893568512,3.5999941893568512,3.5643506825315363,0,highway_0,2,1460.4726841993834,1779.4726841993834,,-1001.3599994189357
102.7,llm_1,1779.4730406344515,-6.261499999999998,0.003564350682531525,1000.0,,-601.0578561497705,-601.0578561497705,-601.0578561497705,-601.0578561497705,-3.5643506825315363,0,highway_0,2,1460.4730406344515,1779.4730406344515,,-1001.0035643506825
102.8,llm_1,1779.5090405763451,-6.261499999999998,0.35999941893568516,1000.0,,3.5999941893568512,3.5999941893568512,3.5999941893568512,3.5999941893568512,3.5643506825315363,0,highway_0,2,1460.5090405763451,1779.5090405763451,,-1001.3599994189357
102.9,llm_1,1779.5093970114133,-6.261499999999998,0.003564350682531525,1000.0,,-601.0578561497705,-601.0578561497705,-601.0578561497705,-601.0578561497705,-3.5643506825315363,0,highway_0,2,1460.5093970114133,1779.5093970114133,,-1001.0035643506825
103.0,llm_1,1779.5453969533069,-6.261499999999998,0.35999941893568516,1000.0,,3.5999941893568512,3.5999941893568512,3.5999941893568512,3.5999941893568512,3.5643506825315363,0,highway_0,2,1460.5453969533069,1779.5453969533069,,-1001.3599994189357
103.1,llm_1,1779.545753388375,-6.261499999999998,0.003564350682531525,1000.0,,-601.0578561497705,-601.0578561497705,-601.0578561497705,-601.0578561497705,-3.5643506825315363,0,highway_0,2,1460.545753388375,1779.545753388375,,-1001.0035643506825
103.2,llm_1,1779.5817533302686,-6.261499999999998,0.35999941893568516,1000.0,,3.5999941893568512,3.5999941893568512,3.5999941893568512,3.5999941893568512,3.5643506825315363,0,highway_0,2,1460.5817533302686,1779.5817533302686,,-1001.3599994189357
103.3,llm_1,1779.5821097653368,-6.261499999999998,0.003564350682531525,1000.0,,-601.0578561497705,-601.0578561497705,-601.0578561497705,-601.0578561497705,-3.5643506825315363,0,highway_0,2,1460.5821097653368,1779.5821097653368,,-1001.0035643506825
103.4,llm_1,1779.6181097072304,-6.261499999999998,0.35999941893568516,1000.0,,3.5999941893568512,3.5999941893568512,3.5999941893568512,3.5999941893568512,3.5643506825315363,0,highway_0,2,1460.6181097072304,1779.6181097072304,,-1001.3599994189357
103.5,llm_1,1779.6184661422985,-6.261499999999998,0.003564350682531525,1000.0,,-601.0578561497705,-601.0578561497705,-601.0578561497705,-601.0578561497705,-3.5643506825315363,0,highway_0,2,1460.6184661422985,1779.6184661422985,,-1001.0035643506825
103.6,llm_1,1779.654466084192,-6.261499999999998,0.35999941893568516,1000.0,,3.5999941893568512,3.5999941893568512,3.5999941893568512,3.5999941893568512,3.5643506825315363,0,highway_0,2,1460.654466084192,1779.654466084192,,-1001.3599994189357
103.7,llm_1,1779.6548225192603,-6.261499999999998,0.003564350682531525,1000.0,,-601.0578561497705,-601.0578561497705,-601.0578561497705,-601.0578561497705,-3.5643506825315363,0,highway_0,2,1460.6548225192603,1779.6548225192603,,-1001.0035643506825
103.8,llm_1,1779.6908224611539,-6.261499999999998,0.35999941893568516,1000.0,,3.5999941893568512,3.5999941893568512,3.5999941893568512,3.5999941893568512,3.5643506825315363,0,highway_0,2,1460.6908224611539,1779.6908224611539,,-1001.3599994189357
103.9,llm_1,1779.691178896222,-6.261499999999998,0.003564350682531525,1000.0,,-601.0578561497705,-601.0578561497705,-601.0578561497705,-601.0578561497705,-3.5643506825315363,0,highway_0,2,1460.691178896222,1779.691178896222,,-1001.0035643506825
104.0,llm_1,1779.7271788381156,-6.261499999999998,0.35999941893568516,1000.0,,3.5999941893568512,3.5999941893568512,3.5999941893568512,3.5999941893568512,3.5643506825315363,0,highway_0,2,1460.7271788381156,1779.7271788381156,,-1001.3599994189357
104.1,llm_1,1779.7275352731838,-6.261499999999998,0.003564350682531525,1000.0,,-601.0578561497705,-601.0578561497705,-601.0578561497705,-601.0578561497705,-3.5643506825315363,0,highway_0,2,1460.7275352731838,1779.7275352731838,,-1001.0035643506825
104.2,llm_1,1779.7635352150774,-6.261499999999998,0.35999941893568516,1000.0,,3.5999941893568512,3.5999941893568512,3.5999941893568512,3.5999941893568512,3.5643506825315363,0,highway_0,2,1460.7635352150774,1779.7635352150774,,-1001.3599994189357
104.3,llm_1,1779.7638916501455,-6.261499999999998,0.003564350682531525,1000.0,,-601.0578561497705,-601.0578561497705,-601.0578561497705,-601.0578561497705,-3.5643506825315363,0,highway_0,2,1460.7638916501455,1779.7638916501455,,-1001.0035643506825
104.4,llm_1,1779.799891592039,-6.261499999999998,0.35999941893568516,1000.0,,3.5999941893568512,3.5999941893568512,3.5999941893568512,3.5999941893568512,3.5643506825315363,0,highway_0,2,1460.799891592039,1779.799891592039,,-1001.3599994189357
104.5,llm_1,1779.8002480271073,-6.261499999999998,0.003564350682531525,1000.0,,-601.0578561497705,-601.0578561497705,-601.0578561497705,-601.0578561497705,-3.5643506825315363,0,highway_0,2,1460.8002480271073,1779.8002480271073,,-1001.0035643506825
104.6,llm_1,1779.8362479690009,-6.261499999999998,0.35999941893568516,1000.0,,3.5999941893568512,3.5999941893568512,3.5999941893568512,3.5999941893568512,3.5643506825315363,0,highway_0,2,1460.8362479690009,1779.8362479690009,,-1001.3599994189357
104.7,llm_1,1779.836604404069,-6.261499999999998,0.003564350682531525,1000.0,,-601.0578561497705,-601.0578561497705,-601.0578561497705,-601.0578561497705,-3.5643506825315363,0,highway_0,2,1460.836604404069,1779.836604404069,,-1001.0035643506825
104.8,llm_1,1779.8726043459626,-6.261499999999998,0.35999941893568516,1000.0,,3.5999941893568512,3.5999941893568512,3.5999941893568512,3.5999941893568512,3.5643506825315363,0,highway_0,2,1460.8726043459626,1779.8726043459626,,-1001.3599994189357
104.9,llm_1,1779.8729607810308,-6.261499999999998,0.003564350682531525,1000.0,,-601.0578561497705,-601.0578561497705,-601.0578561497705,-601.0578561497705,-3.5643506825315363,0,highway_0,2,1460.8729607810308,1779.8729607810308,,-1001.0035643506825
105.0,llm_1,1779.9089607229243,-6.261499999999998,0.35999941893568516,1000.0,,3.5999941893568512,3.5999941893568512,3.5999941893568512,3.5999941893568512,3.5643506825315363,0,highway_0,2,1460.9089607229243,1779.9089607229243,,-1001.3599994189357
105.1,llm_1,1779.9093171579925,-6.261499999999998,0.003564350682531525,1000.0,,-601.0578561497705,-601.0578561497705,-601.0578561497705,-601.0578561497705,-3.5643506825315363,0,highway_0,2,1460.9093171579925,1779.9093171579925,,-1001.0035643506825
105.2,llm_1,1779.945317099886,-6.261499999999998,0.35999941893568516,1000.0,,3.5999941893568512,3.5999941893568512,3.5999941893568512,3.5999941893568512,3.5643506825315363,0,highway_0,2,1460.945317099886,1779.945317099886,,-1001.3599994189357
105.3,llm_1,1779.9456735349543,-6.261499999999998,0.003564350682531525,1000.0,,-601.0578561497705,-601.0578561497705,-601.0578561497705,-601.0578561497705,-3.5643506825315363,0,highway_0,2,1460.9456735349543,1779.9456735349543,,-1001.0035643506825
105.4,llm_1,1779.9816734768478,-6.261499999999998,0.35999941893568516,1000.0,,3.5999941893568512,3.5999941893568512,3.5999941893568512,3.5999941893568512,3.5643506825315363,0,highway_0,2,1460.9816734768478,1779.9816734768478,,-1001.3599994189357
105.5,llm_1,1779.982029911916,-6.261499999999998,0.003564350682531525,1000.0,,-601.0578561497705,-601.0578561497705,-601.0578561497705,-601.0578561497705,-3.5643506825315363,0,highway_0,2,1460.982029911916,1779.982029911916,,-1001.0035643506825
105.6,llm_1,1780.0180298538096,-6.261499999999998,0.35999941893568516,1000.0,,3.5999941893568512,3.5999941893568512,3.5999941893568512,3.5999941893568512,3.5643506825315363,0,highway_0,2,1461.0180298538096,1780.0180298538096,,-1001.3599994189357
105.7,llm_1,1780.0183862888778,-6.261499999999998,0.003564350682531525,1000.0,,-601.0578561497705,-601.0578561497705,-601.0578561497705,-601.0578561497705,-3.5643506825315363,0,highway_0,2,1461.0183862888778,1780.0183862888778,,-1001.0035643506825
105.8,llm_1,1780.0543862307713,-6.261499999999998,0.35999941893568516,1000.0,,3.5999941893568512,3.5999941893568512,3.5999941893568512,3.5999941893568512,3.5643506825315363,0,highway_0,2,1461.0543862307713,1780.0543862307713,,-1001.3599994189357
105.9,llm_1,1780.0547426658395,-6.261499999999998,0.003564350682531525,1000.0,,-601.0578561497705,-601.0578561497705,-601.0578561497705,-601.0578561497705,-3.5643506825315363,0,highway_0,2,1461.0547426658395,1780.0547426658395,,-1001.0035643506825
106.0,llm_1,1780.090742607733,-6.261499999999998,0.35999941893568516,1000.0,,3.5999941893568512,3.5999941893568512,3.5999941893568512,3.5999941893568512,3.5643506825315363,0,highway_0,2,1461.090742607733,1780.090742607733,,-1001.3599994189357
106.1,llm_1,1780.0910990428013,-6.261499999999998,0.003564350682531525,1000.0,,-601.0578561497705,-601.0578561497705,-601.0578561497705,-601.0578561497705,-3.5643506825315363,0,highway_0,2,1461.0910990428013,1780.0910990428013,,-1001.0035643506825
106.2,llm_1,1780.1270989846948,-6.261499999999998,0.35999941893568516,1000.0,,3.5999941893568512,3.5999941893568512,3.5999941893568512,3.5999941893568512,3.5643506825315363,0,highway_0,2,1461.1270989846948,1780.1270989846948,,-1001.3599994189357
106.3,llm_1,1780.127455419763,-6.261499999999998,0.003564350682531525,1000.0,,-601.0578561497705,-601.0578561497705,-601.0578561497705,-601.0578561497705,-3.5643506825315363,0,highway_0,2,1461.127455419763,1780.127455419763,,-1001.0035643506825
106.4,llm_1,1780.1634553616566,-6.261499999999998,0.35999941893568516,1000.0,,3.5999941893568512,3.5999941893568512,3.5999941893568512,3.5999941893568512,3.5643506825315363,0,highway_0,2,1461.1634553616566,1780.1634553616566,,-1001.3599994189357
106.5,llm_1,1780.1638117967248,-6.261499999999998,0.003564350682531525,1000.0,,-601.0578561497705,-601.0578561497705,-601.0578561497705,-601.0578561497705,-3.5643506825315363,0,highway_0,2,1461.1638117967248,1780.1638117967248,,-1001.0035643506825
106.6,llm_1,1780.1998117386183,-6.261499999999998,0.35999941893568516,1000.0,,3.5999941893568512,3.5999941893568512,3.5999941893568512,3.5999941893568512,3.5643506825315363,0,highway_0,2,1461.1998117386183,1780.1998117386183,,-1001.3599994189357
106.7,llm_1,1780.2001681736865,-6.261499999999998,0.003564350682531525,1000.0,,-601.0578561497705,-601.0578561497705,-601.0578561497705,-601.0578561497705,-3.5643506825315363,0,highway_0,2,1461.2001681736865,1780.2001681736865,,-1001.0035643506825
106.8,llm_1,1780.23616811558,-6.261499999999998,0.35999941893568516,1000.0,,3.5999941893568512,3.5999941893568512,3.5999941893568512,3.5999941893568512,3.5643506825315363,0,highway_0,2,1461.23616811558,1780.23616811558,,-1001.3599994189357
106.9,llm_1,1780.2365245506483,-6.261499999999998,0.003564350682531525,1000.0,,-601.0578561497705,-601.0578561497705,-601.0578561497705,-601.0578561497705,-3.5643506825315363,0,highway_0,2,1461.2365245506483,1780.2365245506483,,-1001.0035643506825
107.0,llm_1,1780.2725244925418,-6.261499999999998,0.35999941893568516,1000.0,,3.5999941893568512,3.5999941893568512,3.5999941893568512,3.5999941893568512,3.5643506825315363,0,highway_0,2,1461.2725244925418,1780.2725244925418,,-1001.3599994189357
107.1,llm_1,1780.27288092761,-6.261499999999998,0.003564350682531525,1000.0,,-601.0578561497705,-601.0578561497705,-601.0578561497705,-601.0578561497705,-3.5643506825315363,0,highway_0,2,1461.27288092761,1780.27288092761,,-1001.0035643506825
107.2,llm_1,1780.3088808695036,-6.261499999999998,0.35999941893568516,1000.0,,3.5999941893568512,3.5999941893568512,3.5999941893568512,3.5999941893568512,3.5643506825315363,0,highway_0,2,1461.3088808695036,1780.3088808695036,,-1001.3599994189357
107.3,llm_1,1780.3092373045718,-6.261499999999998,0.003564350682531525,1000.0,,-601.0578561497705,-601.0578561497705,-601.0578561497705,-601.0578561497705,-3.5643506825315363,0,highway_0,2,1461.3092373045718,1780.3092373045718,,-1001.0035643506825
107.4,llm_1,1780.3452372464653,-6.261499999999998,0.35999941893568516,1000.0,,3.5999941893568512,3.5999941893568512,3.5999941893568512,3.5999941893568512,3.5643506825315363,0,highway_0,2,1461.3452372464653,1780.3452372464653,,-1001.3599994189357
107.5,llm_1,1780.3455936815335,-6.261499999999998,0.003564350682531525,1000.0,,-601.0578561497705,-601.0578561497705,-601.0578561497705,-601.0578561497705,-3.5643506825315363,0,highway_0,2,1461.3455936815335,1780.3455936815335,,-1001.0035643506825
107.6,llm_1,1780.381593623427,-6.261499999999998,0.35999941893568516,1000.0,,3.5999941893568512,3.5999941893568512,3.5999941893568512,3.5999941893568512,3.5643506825315363,0,highway_0,2,1461.381593623427,1780.381593623427,,-1001.3599994189357
107.7,llm_1,1780.3819500584952,-6.261499999999998,0.003564350682531525,1000.0,,-601.0578561497705,-601.0578561497705,-601.0578561497705,-601.0578561497705,-3.5643506825315363,0,highway_0,2,1461.3819500584952,1780.3819500584952,,-1001.0035643506825
107.8,llm_1,1780.4179500003888,-6.261499999999998,0.35999941893568516,1000.0,,3.5999941893568512,3.5999941893568512,3.5999941893568512,3.5999941893568512,3.5643506825315363,0,highway_0,2,1461.4179500003888,1780.4179500003888,,-1001.3599994189357
107.9,llm_1,1780.418306435457,-6.261499999999998,0.003564350682531525,1000.0,,-601.0578561497705,-601.0578561497705,-601.0578561497705,-601.0578561497705,-3.5643506825315363,0,highway_0,2,1461.418306435457,1780.418306435457,,-1001.0035643506825
108.0,llm_1,1780.4543063773506,-6.261499999999998,0.35999941893568516,1000.0,,3.5999941893568512,3.5999941893568512,3.5999941893568512,3.5999941893568512,3.5643506825315363,0,highway_0,2,1461.4543063773506,1780.4543063773506,,-1001.3599994189357
108.1,llm_1,1780.4546628124187,-6.261499999999998,0.003564350682531525,1000.0,,-601.0578561497705,-601.0578561497705,-601.0578561497705,-601.0578561497705,-3.5643506825315363,0,highway_0,2,1461.4546628124187,1780.4546628124187,,-1001.0035643506825
108.2,llm_1,1780.4906627543123,-6.261499999999998,0.35999941893568516,1000.0,,3.5999941893568512,3.5999941893568512,3.5999941893568512,3.5999941893568512,3.5643506825315363,0,highway_0,2,1461.4906627543123,1780.4906627543123,,-1001.3599994189357
108.3,llm_1,1780.4910191893805,-6.261499999999998,0.003564350682531525,1000.0,,-601.0578561497705,-601.0578561497705,-601.0578561497705,-601.0578561497705,-3.5643506825315363,0,highway_0,2,1461.4910191893805,1780.4910191893805,,-1001.0035643506825
108.4,llm_1,1780.527019131274,-6.261499999999998,0.35999941893568516,1000.0,,3.5999941893568512,3.5999941893568512,3.5999941893568512,3.5999941893568512,3.5643506825315363,0,highway_0,2,1461.527019131274,1780.527019131274,,-1001.3599994189357
108.5,llm_1,1780.5273755663422,-6.261499999999998,0.003564350682531525,1000.0,,-601.0578561497705,-601.0578561497705,-601.0578561497705,-601.0578561497705,-3.5643506825315363,0,highway_0,2,1461.5273755663422,1780.5273755663422,,-1001.0035643506825
108.6,llm_1,1780.5633755082358,-6.261499999999998,0.35999941893568516,1000.0,,3.5999941893568512,3.5999941893568512,3.5999941893568512,3.5999941893568512,3.5643506825315363,0,highway_0,2,1461.5633755082358,1780.5633755082358,,-1001.3599994189357
108.7,llm_1,1780.563731943304,-6.261499999999998,0.003564350682531525,1000.0,,-601.0578561497705,-601.0578561497705,-601.0578561497705,-601.0578561497705,-3.5643506825315363,0,highway_0,2,1461.563731943304,1780.563731943304,,-1001.0035643506825
108.8,llm_1,1780.5997318851976,-6.261499999999998,0.35999941893568516,1000.0,,3.5999941893568512,3.5999941893568512,3.5999941893568512,3.5999941893568512,3.5643506825315363,0,highway_0,2,1461.5997318851976,1780.5997318851976,,-1001.3599994189357
108.9,llm_1,1780.6000883202657,-6.261499999999998,0.003564350682531525,1000.0,,-601.0578561497705,-601.0578561497705,-601.0578561497705,-601.0578561497705,-3.5643506825315363,0,highway_0,2,1461.6000883202657,1780.6000883202657,,-1001.0035643506825
109.0,llm_1,1780.6360882621593,-6.261499999999998,0.35999941893568516,1000.0,,3.5999941893568512,3.5999941893568512,3.5999941893568512,3.5999941893568512,3.5643506825315363,0,highway_0,2,1461.6360882621593,1780.6360882621593,,-1001.3599994189357
109.1,llm_1,1780.6364446972275,-6.261499999999998,0.003564350682531525,1000.0,,-601.0578561497705,-601.0578561497705,-601.0578561497705,-601.0578561497705,-3.5643506825315363,0,highway_0,2,1461.6364446972275,1780.6364446972275,,-1001.0035643506825
109.2,llm_1,1780.672444639121,-6.261499999999998,0.35999941893568516,1000.0,,3.5999941893568512,3.5999941893568512,3.5999941893568512,3.5999941893568512,3.5643506825315363,0,highway_0,2,1461.672444639121,1780.672444639121,,-1001.3599994189357
109.3,llm_1,1780.6728010741892,-6.261499999999998,0.003564350682531525,1000.0,,-601.0578561497705,-601.0578561497705,-601.0578561497705,-601.0578561497705,-3.5643506825315363,0,highway_0,2,1461.6728010741892,1780.6728010741892,,-1001.0035643506825
109.4,llm_1,1780.7088010160828,-6.261499999999998,0.35999941893568516,1000.0,,3.5999941893568512,3.5999941893568512,3.5999941893568512,3.5999941893568512,3.5643506825315363,0,highway_0,2,1461.7088010160828,1780.7088010160828,,-1001.3599994189357
109.5,llm_1,1780.709157451151,-6.261499999999998,0.003564350682531525,1000.0,,-601.0578561497705,-601.0578561497705,-601.0578561497705,-601.0578561497705,-3.5643506825315363,0,highway_0,2,1461.709157451151,1780.709157451151,,-1001.0035643506825
109.6,llm_1,1780.7451573930446,-6.261499999999998,0.35999941893568516,1000.0,,3.5999941893568512,3.5999941893568512,3.5999941893568512,3.5999941893568512,3.5643506825315363,0,highway_0,2,1461.7451573930446,1780.7451573930446,,-1001.3599994189357
109.7,llm_1,1780.7455138281127,-6.261499999999998,0.003564350682531525,1000.0,,-601.0578561497705,-601.0578561497705,-601.0578561497705,-601.0578561497705,-3.5643506825315363,0,highway_0,2,1461.7455138281127,1780.7455138281127,,-1001.0035643506825
109.8,llm_1,1780.7815137700063,-6.261499999999998,0.35999941893568516,1000.0,,3.5999941893568512,3.5999941893568512,3.5999941893568512,3.5999941893568512,3.5643506825315363,0,highway_0,2,1461.7815137700063,1780.7815137700063,,-1001.3599994189357
109.9,llm_1,1780.7818702050745,-6.261499999999998,0.003564350682531525,1000.0,,-601.0578561497705,-601.0578561497705,-601.0578561497705,-601.0578561497705,-3.5643506825315363,0,highway_0,2,1461.7818702050745,1780.7818702050745,,-1001.0035643506825
110.0,llm_1,1780.817870146968,-6.261499999999998,0.35999941893568516,1000.0,,3.5999941893568512,3.5999941893568512,3.5999941893568512,3.5999941893568512,3.5643506825315363,0,highway_0,2,1461.817870146968,1780.817870146968,,-1001.3599994189357
110.1,llm_1,1780.8182265820362,-6.261499999999998,0.003564350682531525,1000.0,,-601.0578561497705,-601.0578561497705,-601.0578561497705,-601.0578561497705,-3.5643506825315363,0,highway_0,2,1461.8182265820362,1780.8182265820362,,-1001.0035643506825
110.2,llm_1,1780.8542265239298,-6.261499999999998,0.35999941893568516,1000.0,,3.5999941893568512,3.5999941893568512,3.5999941893568512,3.5999941893568512,3.5643506825315363,0,highway_0,2,1461.8542265239298,1780.8542265239298,,-1001.3599994189357
110.3,llm_1,1780.854582958998,-6.261499999999998,0.003564350682531525,1000.0,,-601.0578561497705,-601.0578561497705,-601.0578561497705,-601.0578561497705,-3.5643506825315363,0,highway_0,2,1461.854582958998,1780.854582958998,,-1001.0035643506825
110.4,llm_1,1780.8905829008916,-6.261499999999998,0.35999941893568516,1000.0,,3.5999941893568512,3.5999941893568512,3.5999941893568512,3.5999941893568512,3.5643506825315363,0,highway_0,2,1461.8905829008916,1780.8905829008916,,-1001.3599994189357
110.5,llm_1,1780.8909393359597,-6.261499999999998,0.003564350682531525,1000.0,,-601.0578561497705,-601.0578561497705,-601.0578561497705,-601.0578561497705,-3.5643506825315363,0,highway_0,2,1461.8909393359597,1780.8909393359597,,-1001.0035643506825
110.6,llm_1,1780.9269392778533,-6.261499999999998,0.35999941893568516,1000.0,,3.5999941893568512,3.5999941893568512,3.5999941893568512,3.5999941893568512,3.5643506825315363,0,highway_0,2,1461.9269392778533,1780.9269392778533,,-1001.3599994189357
110.7,llm_1,1780.9272957129215,-6.261499999999998,0.003564350682531525,1000.0,,-601.0578561497705,-601.0578561497705,-601.0578561497705,-601.0578561497705,-3.5643506825315363,0,highway_0,2,1461.9272957129215,1780.9272957129215,,-1001.0035643506825
110.8,llm_1,1780.963295654815,-6.261499999999998,0.35999941893568516,1000.0,,3.5999941893568512,3.5999941893568512,3.5999941893568512,3.5999941893568512,3.5643506825315363,0,highway_0,2,1461.963295654815,1780.963295654815,,-1001.3599994189357
110.9,llm_1,1780.9636520898832,-6.261499999999998,0.003564350682531525,1000.0,,-601.0578561497705,-601.0578561497705,-601.0578561497705,-601.0578561497705,-3.5643506825315363,0,highway_0,2,1461.9636520898832,1780.9636520898832,,-1001.0035643506825
111.0,llm_1,1780.9996520317768,-6.261499999999998,0.35999941893568516,1000.0,,3.5999941893568512,3.5999941893568512,3.5999941893568512,3.5999941893568512,3.5643506825315363,0,highway_0,2,1461.9996520317768,1780.9996520317768,,-1001.3599994189357
111.1,llm_1,1781.000008466845,-6.261499999999998,0.003564350682531525,1000.0,,-601.0578561497705,-601.0578561497705,-601.0578561497705,-601.0578561497705,-3.5643506825315363,0,highway_0,2,1462.000008466845,1781.000008466845,,-1001.0035643506825
111.2,llm_1,1781.0360084087386,-6.261499999999998,0.35999941893568516,1000.0,,3.5999941893568512,3.5999941893568512,3.5999941893568512,3.5999941893568512,3.5643506825315363,0,highway_0,2,1462.0360084087386,1781.0360084087386,,-1001.3599994189357
111.3,llm_1,1781.0363648438067,-6.261499999999998,0.003564350682531525,1000.0,,-601.0578561497705,-601.0578561497705,-601.0578561497705,-601.0578561497705,-3.5643506825315363,0,highway_0,2,1462.0363648438067,1781.0363648438067,,-1001.0035643506825
111.4,llm_1,1781.0723647857003,-6.261499999999998,0.35999941893568516,1000.0,,3.5999941893568512,3.5999941893568512,3.5999941893568512,3.5999941893568512,3.5643506825315363,0,highway_0,2,1462.0723647857003,1781.0723647857003,,-1001.3599994189357
111.5,llm_1,1781.0727212207685,-6.261499999999998,0.003564350682531525,1000.0,,-601.0578561497705,-601.0578561497705,-601.0578561497705,-601.0578561497705,-3.5643506825315363,0,highway_0,2,1462.0727212207685,1781.0727212207685,,-1001.0035643506825
111.6,llm_1,1781.108721162662,-6.261499999999998,0.35999941893568516,1000.0,,3.5999941893568512,3.5999941893568512,3.5999941893568512,3.5999941893568512,3.5643506825315363,0,highway_0,2,1462.108721162662,1781.108721162662,,-1001.3599994189357
111.7,llm_1,1781.1090775977302,-6.261499999999998,0.003564350682531525,1000.0,,-601.0578561497705,-601.0578561497705,-601.0578561497705,-601.0578561497705,-3.5643506825315363,0,highway_0,2,1462.1090775977302,1781.1090775977302,,-1001.0035643506825
111.8,llm_1,1781.1450775396238,-6.261499999999998,0.35999941893568516,1000.0,,3.5999941893568512,3.5999941893568512,3.5999941893568512,3.5999941893568512,3.5643506825315363,0,highway_0,2,1462.1450775396238,1781.1450775396238,,-1001.3599994189357
111.9,llm_1,1781.145433974692,-6.261499999999998,0.003564350682531525,1000.0,,-601.0578561497705,-601.0578561497705,-601.0578561497705,-601.0578561497705,-3.5643506825315363,0,highway_0,2,1462.145433974692,1781.145433974692,,-1001.0035643506825
112.0,llm_1,1781.1814339165855,-6.261499999999998,0.35999941893568516,1000.0,,3.5999941893568512,3.5999941893568512,3.5999941893568512,3.5999941893568512,3.5643506825315363,0,highway_0,2,1462.1814339165855,1781.1814339165855,,-1001.3599994189357
112.1,llm_1,1781.1817903516537,-6.261499999999998,0.003564350682531525,1000.0,,-601.0578561497705,-601.0578561497705,-601.0578561497705,-601.0578561497705,-3.5643506825315363,0,highway_0,2,1462.1817903516537,1781.1817903516537,,-1001.0035643506825
112.2,llm_1,1781.2177902935473,-6.261499999999998,0.35999941893568516,1000.0,,3.5999941893568512,3.5999941893568512,3.5999941893568512,3.5999941893568512,3.5643506825315363,0,highway_0,2,1462.2177902935473,1781.2177902935473,,-1001.3599994189357
112.3,llm_1,1781.2181467286155,-6.261499999999998,0.003564350682531525,1000.0,,-601.0578561497705,-601.0578561497705,-601.0578561497705,-601.0578561497705,-3.5643506825315363,0,highway_0,2,1462.2181467286155,1781.2181467286155,,-1001.0035643506825
112.4,llm_1,1781.254146670509,-6.261499999999998,0.35999941893568516,1000.0,,3.5999941893568512,3.5999941893568512,3.5999941893568512,3.5999941893568512,3.5643506825315363,0,highway_0,2,1462.254146670509,1781.254146670509,,-1001.3599994189357
112.5,llm_1,1781.2545031055772,-6.261499999999998,0.003564350682531525,1000.0,,-601.0578561497705,-601.0578561497705,-601.0578561497705,-601.0578561497705,-3.5643506825315363,0,highway_0,2,1462.2545031055772,1781.2545031055772,,-1001.0035643506825
112.6,llm_1,1781.2905030474708,-6.261499999999998,0.35999941893568516,1000.0,,3.5999941893568512,3.5999941893568512,3.5999941893568512,3.5999941893568512,3.5643506825315363,0,highway_0,2,1462.2905030474708,1781.2905030474708,,-1001.3599994189357
112.7,llm_1,1781.290859482539,-6.261499999999998,0.003564350682531525,1000.0,,-601.0578561497705,-601.0578561497705,-601.0578561497705,-601.0578561497705,-3.5643506825315363,0,highway_0,2,1462.290859482539,1781.290859482539,,-1001.0035643506825
112.8,llm_1,1781.3268594244325,-6.261499999999998,0.35999941893568516,1000.0,,3.5999941893568512,3.5999941893568512,3.5999941893568512,3.5999941893568512,3.5643506825315363,0,highway_0,2,1462.3268594244325,1781.3268594244325,,-1001.3599994189357
112.9,llm_1,1781.3272158595007,-6.261499999999998,0.003564350682531525,1000.0,,-601.0578561497705,-601.0578561497705,-601.0578561497705,-601.0578561497705,-3.5643506825315363,0,highway_0,2,1462.3272158595007,1781.3272158595007,,-1001.0035643506825
113.0,llm_1,1781.3632158013943,-6.261499999999998,0.35999941893568516,1000.0,,3.5999941893568512,3.5999941893568512,3.5999941893568512,3.5999941893568512,3.5643506825315363,0,highway_0,2,1462.3632158013943,1781.3632158013943,,-1001.3599994189357
113.1,llm_1,1781.3635722364625,-6.261499999999998,0.003564350682531525,1000.0,,-601.0578561497705,-601.0578561497705,-601.0578561497705,-601.0578561497705,-3.5643506825315363,0,highway_0,2,1462.3635722364625,1781.3635722364625,,-1001.0035643506825
113.2,llm_1,1781.399572178356,-6.261499999999998,0.35999941893568516,1000.0,,3.5999941893568512,3.5999941893568512,3.5999941893568512,3.5999941893568512,3.5643506825315363,0,highway_0,2,1462.399572178356,1781.399572178356,,-1001.3599994189357
113.3,llm_1,1781.3999286134242,-6.261499999999998,0.003564350682531525,1000.0,,-601.0578561497705,-601.0578561497705,-601.0578561497705,-601.0578561497705,-3.5643506825315363,0,highway_0,2,1462.3999286134242,1781.3999286134242,,-1001.0035643506825
113.4,llm_1,1781.4359285553178,-6.261499999999998,0.35999941893568516,1000.0,,3.5999941893568512,3.5999941893568512,3.5999941893568512,3.5999941893568512,3.5643506825315363,0,highway_0,2,1462.4359285553178,1781.4359285553178,,-1001.3599994189357
113.5,llm_1,1781.436284990386,-6.261499999999998,0.003564350682531525,1000.0,,-601.0578561497705,-601.0578561497705,-601.0578561497705,-601.0578561497705,-3.5643506825315363,0,highway_0,2,1462.436284990386,1781.436284990386,,-1001.0035643506825
113.6,llm_1,1781.4722849322795,-6.261499999999998,0.35999941893568516,1000.0,,3.5999941893568512,3.5999941893568512,3.5999941893568512,3.5999941893568512,3.5643506825315363,0,highway_0,2,1462.4722849322795,1781.4722849322795,,-1001.3599994189357
113.7,llm_1,1781.4726413673477,-6.261499999999998,0.003564350682531525,1000.0,,-601.0578561497705,-601.0578561497705,-601.0578561497705,-601.0578561497705,-3.5643506825315363,0,highway_0,2,1462.4726413673477,1781.4726413673477,,-1001.0035643506825
113.8,llm_1,1781.5086413092413,-6.261499999999998,0.35999941893568516,1000.0,,3.5999941893568512,3.5999941893568512,3.5999941893568512,3.5999941893568512,3.5643506825315363,0,highway_0,2,1462.5086413092413,1781.5086413092413,,-1001.3599994189357
113.9,llm_1,1781.5089977443095,-6.261499999999998,0.003564350682531525,1000.0,,-601.0578561497705,-601.0578561497705,-601.0578561497705,-601.0578561497705,-3.5643506825315363,0,highway_0,2,1462.5089977443095,1781.5089977443095,,-1001.0035643506825
114.0,llm_1,1781.544997686203,-6.261499999999998,0.35999941893568516,1000.0,,3.5999941893568512,3.5999941893568512,3.5999941893568512,3.5999941893568512,3.5643506825315363,0,highway_0,2,1462.544997686203,1781.544997686203,,-1001.3599994189357
114.1,llm_1,1781.5453541212712,-6.261499999999998,0.003564350682531525,1000.0,,-601.0578561497705,-601.0578561497705,-601.0578561497705,-601.0578561497705,-3.5643506825315363,0,highway_0,2,1462.5453541212712,1781.5453541212712,,-1001.0035643506825
114.2,llm_1,1781.5813540631648,-6.261499999999998,0.35999941893568516,1000.0,,3.5999941893568512,3.5999941893568512,3.5999941893568512,3.5999941893568512,3.5643506825315363,0,highway_0,2,1462.5813540631648,1781.5813540631648,,-1001.3599994189357
114.3,llm_1,1781.581710498233,-6.261499999999998,0.003564350682531525,1000.0,,-601.0578561497705,-601.0578561497705,-601.0578561497705,-601.0578561497705,-3.5643506825315363,0,highway_0,2,1462.581710498233,1781.581710498233,,-1001.0035643506825
114.4,llm_1,1781.6177104401265,-6.261499999999998,0.35999941893568516,1000.0,,3.5999941893568512,3.5999941893568512,3.5999941893568512,3.5999941893568512,3.5643506825315363,0,highway_0,2,1462.6177104401265,1781.6177104401265,,-1001.3599994189357
114.5,llm_1,1781.6180668751947,-6.261499999999998,0.003564350682531525,1000.0,,-601.0578561497705,-601.0578561497705,-601.0578561497705,-601.0578561497705,-3.5643506825315363,0,highway_0,2,1462.6180668751947,1781.6180668751947,,-1001.0035643506825
114.6,llm_1,1781.6540668170883,-6.261499999999998,0.35999941893568516,1000.0,,3.5999941893568512,3.5999941893568512,3.5999941893568512,3.5999941893568512,3.5643506825315363,0,highway_0,2,1462.6540668170883,1781.6540668170883,,-1001.3599994189357
114.7,llm_1,1781.6544232521564,-6.261499999999998,0.003564350682531525,1000.0,,-601.0578561497705,-601.0578561497705,-601.0578561497705,-601.0578561497705,-3.5643506825315363,0,highway_0,2,1462.6544232521564,1781.6544232521564,,-1001.0035643506825
114.8,llm_1,1781.69042319405,-6.261499999999998,0.35999941893568516,1000.0,,3.5999941893568512,3.5999941893568512,3.5999941893568512,3.5999941893568512,3.5643506825315363,0,highway_0,2,1462.69042319405,1781.69042319405,,-1001.3599994189357
114.9,llm_1,1781.6907796291182,-6.261499999999998,0.003564350682531525,1000.0,,-601.0578561497705,-601.0578561497705,-601.0578561497705,-601.0578561497705,-3.5643506825315363,0,highway_0,2,1462.6907796291182,1781.6907796291182,,-1001.0035643506825
115.0,llm_1,1781.7267795710118,-6.261499999999998,0.35999941893568516,1000.0,,3.5999941893568512,3.5999941893568512,3.5999941893568512,3.5999941893568512,3.5643506825315363,0,highway_0,2,1462.7267795710118,1781.7267795710118,,-1001.3599994189357
115.1,llm_1,1781.72713600608,-6.261499999999998,0.003564350682531525,1000.0,,-601.0578561497705,-601.0578561497705,-601.0578561497705,-601.0578561497705,-3.5643506825315363,0,highway_0,2,1462.72713600608,1781.72713600608,,-1001.0035643506825
115.2,llm_1,1781.7631359479735,-6.261499999999998,0.35999941893568516,1000.0,,3.5999941893568512,3.5999941893568512,3.5999941893568512,3.5999941893568512,3.5643506825315363,0,highway_0,2,1462.7631359479735,1781.7631359479735,,-1001.3599994189357
115.3,llm_1,1781.7634923830417,-6.261499999999998,0.003564350682531525,1000.0,,-601.0578561497705,-601.0578561497705,-601.0578561497705,-601.0578561497705,-3.5643506825315363,0,highway_0,2,1462.7634923830417,1781.7634923830417,,-1001.0035643506825
115.4,llm_1,1781.7994923249353,-6.261499999999998,0.35999941893568516,1000.0,,3.5999941893568512,3.5999941893568512,3.5999941893568512,3.5999941893568512,3.5643506825315363,0,highway_0,2,1462.7994923249353,1781.7994923249353,,-1001.3599994189357
115.5,llm_1,1781.7998487600034,-6.261499999999998,0.003564350682531525,1000.0,,-601.0578561497705,-601.0578561497705,-601.0578561497705,-601.0578561497705,-3.5643506825315363,0,highway_0,2,1462.7998487600034,1781.7998487600034,,-1001.0035643506825
115.6,llm_1,1781.835848701897,-6.261499999999998,0.35999941893568516,1000.0,,3.5999941893568512,3.5999941893568512,3.5999941893568512,3.5999941893568512,3.5643506825315363,0,highway_0,2,1462.835848701897,1781.835848701897,,-1001.3599994189357
115.7,llm_1,1781.8362051369652,-6.261499999999998,0.003564350682531525,1000.0,,-601.0578561497705,-601.0578561497705,-601.0578561497705,-601.0578561497705,-3.5643506825315363,0,highway_0,2,1462.8362051369652,1781.8362051369652,,-1001.0035643506825
115.8,llm_1,1781.8722050788588,-6.261499999999998,0.35999941893568516,1000.0,,3.5999941893568512,3.5999941893568512,3.5999941893568512,3.5999941893568512,3.5643506825315363,0,highway_0,2,1462.8722050788588,1781.8722050788588,,-1001.3599994189357
115.9,llm_1,1781.872561513927,-6.261499999999998,0.003564350682531525,1000.0,,-601.0578561497705,-601.0578561497705,-601.0578561497705,-601.0578561497705,-3.5643506825315363,0,highway_0,2,1462.872561513927,1781.872561513927,,-1001.0035643506825
116.0,llm_1,1781.9085614558205,-6.261499999999998,0.35999941893568516,1000.0,,3.5999941893568512,3.5999941893568512,3.5999941893568512,3.5999941893568512,3.5643506825315363,0,highway_0,2,1462.9085614558205,1781.9085614558205,,-1001.3599994189357
116.1,llm_1,1781.9089178908887,-6.261499999999998,0.003564350682531525,1000.0,,-601.0578561497705,-601.0578561497705,-601.0578561497705,-601.0578561497705,-3.5643506825315363,0,highway_0,2,1462.9089178908887,1781.9089178908887,,-1001.0035643506825
116.2,llm_1,1781.9449178327823,-6.261499999999998,0.35999941893568516,1000.0,,3.5999941893568512,3.5999941893568512,3.5999941893568512,3.5999941893568512,3.5643506825315363,0,highway_0,2,1462.9449178327823,1781.9449178327823,,-1001.3599994189357
116.3,llm_1,1781.9452742678504,-6.261499999999998,0.003564350682531525,1000.0,,-601.0578561497705,-601.0578561497705,-601.0578561497705,-601.0578561497705,-3.5643506825315363,0,highway_0,2,1462.9452742678504,1781.9452742678504,,-1001.0035643506825
116.4,llm_1,1781.981274209744,-6.261499999999998,0.35999941893568516,1000.0,,3.5999941893568512,3.5999941893568512,3.5999941893568512,3.5999941893568512,3.5643506825315363,0,highway_0,2,1462.981274209744,1781.981274209744,,-1001.3599994189357
116.5,llm_1,1781.9816306448122,-6.261499999999998,0.003564350682531525,1000.0,,-601.0578561497705,-601.0578561497705,-601.0578561497705,-601.0578561497705,-3.5643506825315363,0,highway_0,2,1462.9816306448122,1781.9816306448122,,-1001.0035643506825
116.6,llm_1,1782.0176305867058,-6.261499999999998,0.35999941893568516,1000.0,,3.5999941893568512,3.5999941893568512,3.5999941893568512,3.5999941893568512,3.5643506825315363,0,highway_0,2,1463.0176305867058,1782.0176305867058,,-1001.3599994189357
116.7,llm_1,1782.017987021774,-6.261499999999998,0.003564350682531525,1000.0,,-601.0578561497705,-601.0578561497705,-601.0578561497705,-601.0578561497705,-3.5643506825315363,0,highway_0,2,1463.017987021774,1782.017987021774,,-1001.0035643506825
116.8,llm_1,1782.0539869636675,-6.261499999999998,0.35999941893568516,1000.0,,3.5999941893568512,3.5999941893568512,3.5999941893568512,3.5999941893568512,3.5643506825315363,0,highway_0,2,1463.0539869636675,1782.0539869636675,,-1001.3599994189357
116.9,llm_1,1782.0543433987357,-6.261499999999998,0.003564350682531525,1000.0,,-601.0578561497705,-601.0578561497705,-601.0578561497705,-601.0578561497705,-3.5643506825315363,0,highway_0,2,1463.0543433987357,1782.0543433987357,,-1001.0035643506825
117.0,llm_1,1782.0903433406293,-6.261499999999998,0.35999941893568516,1000.0,,3.5999941893568512,3.5999941893568512,3.5999941893568512,3.5999941893568512,3.5643506825315363,0,highway_0,2,1463.0903433406293,1782.0903433406293,,-1001.3599994189357
117.1,llm_1,1782.0906997756974,-6.261499999999998,0.003564350682531525,1000.0,,-601.0578561497705,-601.0578561497705,-601.0578561497705,-601.0578561497705,-3.5643506825315363,0,highway_0,2,1463.0906997756974,1782.0906997756974,,-1001.0035643506825
117.2,llm_1,1782.126699717591,-6.261499999999998,0.35999941893568516,1000.0,,3.5999941893568512,3.5999941893568512,3.5999941893568512,3.5999941893568512,3.5643506825315363,0,highway_0,2,1463.126699717591,1782.126699717591,,-1001.3599994189357
117.3,llm_1,1782.1270561526592,-6.261499999999998,0.003564350682531525,1000.0,,-601.0578561497705,-601.0578561497705,-601.0578561497705,-601.0578561497705,-3.5643506825315363,0,highway_0,2,1463.1270561526592,1782.1270561526592,,-1001.0035643506825
117.4,llm_1,1782.1630560945528,-6.261499999999998,0.35999941893568516,1000.0,,3.5999941893568512,3.5999941893568512,3.5999941893568512,3.5999941893568512,3.5643506825315363,0,highway_0,2,1463.1630560945528,1782.1630560945528,,-1001.3599994189357
117.5,llm_1,1782.163412529621,-6.261499999999998,0.003564350682531525,1000.0,,-601.0578561497705,-601.0578561497705,-601.0578561497705,-601.0578561497705,-3.5643506825315363,0,highway_0,2,1463.163412529621,1782.163412529621,,-1001.0035643506825
117.6,llm_1,1782.1994124715145,-6.261499999999998,0.35999941893568516,1000.0,,3.5999941893568512,3.5999941893568512,3.5999941893568512,3.5999941893568512,3.5643506825315363,0,highway_0,2,1463.1994124715145,1782.1994124715145,,-1001.3599994189357
117.7,llm_1,1782.1997689065827,-6.261499999999998,0.003564350682531525,1000.0,,-601.0578561497705,-601.0578561497705,-601.0578561497705,-601.0578561497705,-3.5643506825315363,0,highway_0,2,1463.1997689065827,1782.1997689065827,,-1001.0035643506825
117.8,llm_1,1782.2357688484763,-6.261499999999998,0.35999941893568516,1000.0,,3.5999941893568512,3.5999941893568512,3.5999941893568512,3.5999941893568512,3.5643506825315363,0,highway_0,2,1463.2357688484763,1782.2357688484763,,-1001.3599994189357
117.9,llm_1,1782.2361252835444,-6.261499999999998,0.003564350682531525,1000.0,,-601.0578561497705,-601.0578561497705,-601.0578561497705,-601.0578561497705,-3.5643506825315363,0,highway_0,2,1463.2361252835444,1782.2361252835444,,-1001.0035643506825
118.0,llm_1,1782.272125225438,-6.261499999999998,0.35999941893568516,1000.0,,3.5999941893568512,3.5999941893568512,3.5999941893568512,3.5999941893568512,3.5643506825315363,0,highway_0,2,1463.272125225438,1782.272125225438,,-1001.3599994189357
118.1,llm_1,1782.2724816605062,-6.261499999999998,0.003564350682531525,1000.0,,-601.0578561497705,-601.0578561497705,-601.0578561497705,-601.0578561497705,-3.5643506825315363,0,highway_0,2,1463.2724816605062,1782.2724816605062,,-1001.0035643506825
118.2,llm_1,1782.3084816023998,-6.261499999999998,0.35999941893568516,1000.0,,3.5999941893568512,3.5999941893568512,3.5999941893568512,3.5999941893568512,3.5643506825315363,0,highway_0,2,1463.3084816023998,1782.3084816023998,,-1001.3599994189357
118.3,llm_1,1782.308838037468,-6.261499999999998,0.003564350682531525,1000.0,,-601.0578561497705,-601.0578561497705,-601.0578561497705,-601.0578561497705,-3.5643506825315363,0,highway_0,2,1463.308838037468,1782.308838037468,,-1001.0035643506825
118.4,llm_1,1782.3448379793615,-6.261499999999998,0.35999941893568516,1000.0,,3.5999941893568512,3.5999941893568512,3.5999941893568512,3.5999941893568512,3.5643506825315363,0,highway_0,2,1463.3448379793615,1782.3448379793615,,-1001.3599994189357
118.5,llm_1,1782.3451944144297,-6.261499999999998,0.003564350682531525,1000.0,,-601.0578561497705,-601.0578561497705,-601.0578561497705,-601.0578561497705,-3.5643506825315363,0,highway_0,2,1463.3451944144297,1782.3451944144297,,-1001.0035643506825
118.6,llm_1,1782.3811943563232,-6.261499999999998,0.35999941893568516,1000.0,,3.5999941893568512,3.5999941893568512,3.5999941893568512,3.5999941893568512,3.5643506825315363,0,highway_0,2,1463.3811943563232,1782.3811943563232,,-1001.3599994189357
118.7,llm_1,1782.3815507913914,-6.261499999999998,0.003564350682531525,1000.0,,-601.0578561497705,-601.0578561497705,-601.0578561497705,-601.0578561497705,-3.5643506825315363,0,highway_0,2,1463.3815507913914,1782.3815507913914,,-1001.0035643506825
118.8,llm_1,1782.417550733285,-6.261499999999998,0.35999941893568516,1000.0,,3.5999941893568512,3.5999941893568512,3.5999941893568512,3.5999941893568512,3.5643506825315363,0,highway_0,2,1463.417550733285,1782.417550733285,,-1001.3599994189357
118.9,llm_1,1782.4179071683532,-6.261499999999998,0.003564350682531525,1000.0,,-601.0578561497705,-601.0578561497705,-601.0578561497705,-601.0578561497705,-3.5643506825315363,0,highway_0,2,1463.4179071683532,1782.4179071683532,,-1001.0035643506825
119.0,llm_1,1782.4539071102467,-6.261499999999998,0.35999941893568516,1000.0,,3.5999941893568512,3.5999941893568512,3.5999941893568512,3.5999941893568512,3.5643506825315363,0,highway_0,2,1463.4539071102467,1782.4539071102467,,-1001.3599994189357
119.1,llm_1,1782.454263545315,-6.261499999999998,0.003564350682531525,1000.0,,-601.0578561497705,-601.0578561497705,-601.0578561497705,-601.0578561497705,-3.5643506825315363,0,highway_0,2,1463.454263545315,1782.454263545315,,-1001.0035643506825
119.2,llm_1,1782.4902634872085,-6.261499999999998,0.35999941893568516,1000.0,,3.5999941893568512,3.5999941893568512,3.5999941893568512,3.5999941893568512,3.5643506825315363,0,highway_0,2,1463.4902634872085,1782.4902634872085,,-1001.3599994189357
119.3,llm_1,1782.4906199222767,-6.261499999999998,0.003564350682531525,1000.0,,-601.0578561497705,-601.0578561497705,-601.0578561497705,-601.0578561497705,-3.5643506825315363,0,highway_0,2,1463.4906199222767,1782.4906199222767,,-1001.0035643506825
119.4,llm_1,1782.5266198641702,-6.261499999999998,0.35999941893568516,1000.0,,3.5999941893568512,3.5999941893568512,3.5999941893568512,3.5999941893568512,3.5643506825315363,0,highway_0,2,1463.5266198641702,1782.5266198641702,,-1001.3599994189357
119.5,llm_1,1782.5269762992384,-6.261499999999998,0.003564350682531525,1000.0,,-601.0578561497705,-601.0578561497705,-601.0578561497705,-601.0578561497705,-3.5643506825315363,0,highway_0,2,1463.5269762992384,1782.5269762992384,,-1001.0035643506825
119.6,llm_1,1782.562976241132,-6.261499999999998,0.35999941893568516,1000.0,,3.5999941893568512,3.5999941893568512,3.5999941893568512,3.5999941893568512,3.5643506825315363,0,highway_0,2,1463.562976241132,1782.562976241132,,-1001.3599994189357
119.7,llm_1,1782.5633326762002,-6.261499999999998,0.003564350682531525,1000.0,,-601.0578561497705,-601.0578561497705,-601.0578561497705,-601.0578561497705,-3.5643506825315363,0,highway_0,2,1463.5633326762002,1782.5633326762002,,-1001.0035643506825
119.8,llm_1,1782.5993326180937,-6.261499999999998,0.35999941893568516,1000.0,,3.5999941893568512,3.5999941893568512,3.5999941893568512,3.5999941893568512,3.5643506825315363,0,highway_0,2,1463.5993326180937,1782.5993326180937,,-1001.3599994189357
119.9,llm_1,1782.599689053162,-6.261499999999998,0.003564350682531525,1000.0,,-601.0578561497705,-601.0578561497705,-601.0578561497705,-601.0578561497705,-3.5643506825315363,0,highway_0,2,1463.599689053162,1782.599689053162,,-1001.0035643506825
120.0,llm_1,1782.6356889950555,-6.261499999999998,0.35999941893568516,1000.0,,3.5999941893568512,3.5999941893568512,3.5999941893568512,3.5999941893568512,3.5643506825315363,0,highway_0,2,1463.6356889950555,1782.6356889950555,,-1001.3599994189357
120.1,llm_1,1782.6360454301237,-6.261499999999998,0.003564350682531525,1000.0,,-601.0578561497705,-601.0578561497705,-601.0578561497705,-601.0578561497705,-3.5643506825315363,0,highway_0,2,1463.6360454301237,1782.6360454301237,,-1001.0035643506825
120.2,llm_1,1782.6720453720172,-6.261499999999998,0.35999941893568516,1000.0,,3.5999941893568512,3.5999941893568512,3.5999941893568512,3.5999941893568512,3.5643506825315363,0,highway_0,2,1463.6720453720172,1782.6720453720172,,-1001.3599994189357
120.3,llm_1,1782.6724018070854,-6.261499999999998,0.003564350682531525,1000.0,,-601.0578561497705,-601.0578561497705,-601.0578561497705,-601.0578561497705,-3.5643506825315363,0,highway_0,2,1463.6724018070854,1782.6724018070854,,-1001.0035643506825
120.4,llm_1,1782.708401748979,-6.261499999999998,0.35999941893568516,1000.0,,3.5999941893568512,3.5999941893568512,3.5999941893568512,3.5999941893568512,3.5643506825315363,0,highway_0,2,1463.708401748979,1782.708401748979,,-1001.3599994189357
120.5,llm_1,1782.7087581840472,-6.261499999999998,0.003564350682531525,1000.0,,-601.0578561497705,-601.0578561497705,-601.0578561497705,-601.0578561497705,-3.5643506825315363,0,highway_0,2,1463.7087581840472,1782.7087581840472,,-1001.0035643506825
120.6,llm_1,1782.7447581259407,-6.261499999999998,0.35999941893568516,1000.0,,3.5999941893568512,3.5999941893568512,3.5999941893568512,3.5999941893568512,3.5643506825315363,0,highway_0,2,1463.7447581259407,1782.7447581259407,,-1001.3599994189357
120.7,llm_1,1782.745114561009,-6.261499999999998,0.003564350682531525,1000.0,,-601.0578561497705,-601.0578561497705,-601.0578561497705,-601.0578561497705,-3.5643506825315363,0,highway_0,2,1463.745114561009,1782.745114561009,,-1001.0035643506825
120.8,llm_1,1782.7811145029025,-6.261499999999998,0.35999941893568516,1000.0,,3.5999941893568512,3.5999941893568512,3.5999941893568512,3.5999941893568512,3.5643506825315363,0,highway_0,2,1463.7811145029025,1782.7811145029025,,-1001.3599994189357
120.9,llm_1,1782.7814709379707,-6.261499999999998,0.003564350682531525,1000.0,,-601.0578561497705,-601.0578561497705,-601.0578561497705,-601.0578561497705,-3.5643506825315363,0,highway_0,2,1463.7814709379707,1782.7814709379707,,-1001.0035643506825
121.0,llm_1,1782.8174708798642,-6.261499999999998,0.35999941893568516,1000.0,,3.5999941893568512,3.5999941893568512,3.5999941893568512,3.5999941893568512,3.5643506825315363,0,highway_0,2,1463.8174708798642,1782.8174708798642,,-1001.3599994189357
121.1,llm_1,1782.8178273149324,-6.261499999999998,0.003564350682531525,1000.0,,-601.0578561497705,-601.0578561497705,-601.0578561497705,-601.0578561497705,-3.5643506825315363,0,highway_0,2,1463.8178273149324,1782.8178273149324,,-1001.0035643506825
121.2,llm_1,1782.853827256826,-6.261499999999998,0.35999941893568516,1000.0,,3.5999941893568512,3.5999941893568512,3.5999941893568512,3.5999941893568512,3.5643506825315363,0,highway_0,2,1463.853827256826,1782.853827256826,,-1001.3599994189357
121.3,llm_1,1782.8541836918941,-6.261499999999998,0.003564350682531525,1000.0,,-601.0578561497705,-601.0578561497705,-601.0578561497705,-601.0578561497705,-3.5643506825315363,0,highway_0,2,1463.8541836918941,1782.8541836918941,,-1001.0035643506825
121.4,llm_1,1782.8901836337877,-6.261499999999998,0.35999941893568516,1000.0,,3.5999941893568512,3.5999941893568512,3.5999941893568512,3.5999941893568512,3.5643506825315363,0,highway_0,2,1463.8901836337877,1782.8901836337877,,-1001.3599994189357
121.5,llm_1,1782.890540068856,-6.261499999999998,0.003564350682531525,1000.0,,-601.0578561497705,-601.0578561497705,-601.0578561497705,-601.0578561497705,-3.5643506825315363,0,highway_0,2,1463.890540068856,1782.890540068856,,-1001.0035643506825
121.6,llm_1,1782.9265400107495,-6.261499999999998,0.35999941893568516,1000.0,,3.5999941893568512,3.5999941893568512,3.5999941893568512,3.5999941893568512,3.5643506825315363,0,highway_0,2,1463.9265400107495,1782.9265400107495,,-1001.3599994189357
121.7,llm_1,1782.9268964458176,-6.261499999999998,0.003564350682531525,1000.0,,-601.0578561497705,-601.0578561497705,-601.0578561497705,-601.0578561497705,-3.5643506825315363,0,highway_0,2,1463.9268964458176,1782.9268964458176,,-1001.0035643506825
121.8,llm_1,1782.9628963877112,-6.261499999999998,0.35999941893568516,1000.0,,3.5999941893568512,3.5999941893568512,3.5999941893568512,3.5999941893568512,3.5643506825315363,0,highway_0,2,1463.9628963877112,1782.9628963877112,,-1001.3599994189357
121.9,llm_1,1782.9632528227794,-6.261499999999998,0.003564350682531525,1000.0,,-601.0578561497705,-601.0578561497705,-601.0578561497705,-601.0578561497705,-3.5643506825315363,0,highway_0,2,1463.9632528227794,1782.9632528227794,,-1001.0035643506825
122.0,llm_1,1782.999252764673,-6.261499999999998,0.35999941893568516,1000.0,,3.5999941893568512,3.5999941893568512,3.5999941893568512,3.5999941893568512,3.5643506825315363,0,highway_0,2,1463.999252764673,1782.999252764673,,-1001.3599994189357
122.1,llm_1,1782.9996091997411,-6.261499999999998,0.003564350682531525,1000.0,,-601.0578561497705,-601.0578561497705,-601.0578561497705,-601.0578561497705,-3.5643506825315363,0,highway_0,2,1463.9996091997411,1782.9996091997411,,-1001.0035643506825
122.2,llm_1,1783.0356091416347,-6.261499999999998,0.35999941893568516,1000.0,,3.5999941893568512,3.5999941893568512,3.5999941893568512,3.5999941893568512,3.5643506825315363,0,highway_0,2,1464.0356091416347,1783.0356091416347,,-1001.3599994189357
122.3,llm_1,1783.035965576703,-6.261499999999998,0.003564350682531525,1000.0,,-601.0578561497705,-601.0578561497705,-601.0578561497705,-601.0578561497705,-3.5643506825315363,0,highway_0,2,1464.035965576703,1783.035965576703,,-1001.0035643506825
