time,id,x,y,speed,headway,leader_id,target_accel_with_noise_with_failsafe,target_accel_no_noise_no_failsafe,target_accel_with_noise_no_failsafe,target_accel_no_noise_with_failsafe,realized_accel,road_grade,edge_id,lane_number,distance,relative_position,follower_id,leader_rel_speed
0,ego_0,324.0,-8.0,20.5,1000.0,,,,,,0,0,highway_0,1,0.0,324.0,,-1021.5
0.1,ego_0,326.0577422067901,-8.0,20.577422067901235,1000.0,,0.7819628858024691,0.7819628858024691,0.7819628858024691,0.7819628858024691,0.7742206790123518,0,highway_0,1,2.057742206790124,326.0577422067901,,-1021.5774220679012
0.2,ego_0,328.1231938229669,-8.0,20.654516161767777,1000.0,,0.7786503480520746,0.7786503480520746,0.7786503480520746,0.7786503480520746,0.7709409386654187,0,highway_0,1,4.123193822966925,328.1231938229669,,-1021.6545161617678
0.3,ego_0,330.19632182013385,-8.0,20.731279971668997,1000.0,,0.7753144800023382,0.7753144800023382,0.7753144800023382,0.7753144800023382,0.7676380990121956,0,highway_0,1,6.196321820133846,330.19632182013385,,-1021.731279971669
0.4,ego_0,332.27709294186525,-8.0,20.807711217314278,1000.0,,0.7719555810173349,0.7719555810173349,0.7719555810173349,0.7719555810173349,0.7643124564528136,0,highway_0,1,8.277092941865249,332.27709294186525,,-1021.8077112173142
0.5,ego_0,334.36547370674225,-8.0,20.883807648770293,1000.0,,0.7685739577057377,0.7685739577057377,0.7685739577057377,0.7685739577057377,0.7609643145601552,0,highway_0,1,10.36547370674225,334.36547370674225,,-1021.8838076487702
0.6,ego_0,336.46143041145905,-8.0,20.959567047168086,1000.0,,0.7651699238177089,0.7651699238177089,0.7651699238177089,0.7651699238177089,0.7575939839779267,0,highway_0,1,12.461430411459048,336.46143041145905,,-1021.9595670471681
0.7,ego_0,338.564929133999,-8.0,21.034987225399483,1000.0,,0.7617438001371016,0.7617438001371016,0.7617438001371016,0.7617438001371016,0.7542017823139702,0,highway_0,1,14.564929133998987,338.564929133999,,-1022.0349872253995
0.8,ego_0,340.67593573687924,-8.0,21.110066028802358,1000.0,,0.7582959143690431,0.7582959143690431,0.7582959143690431,0.7582959143690431,0.7507880340287443,0,highway_0,1,16.67593573687924,340.67593573687924,,-1022.1100660288024
0.9,ego_0,342.7944158704627,-8.0,21.184801335834333,1000.0,,0.7548266010229694,0.7548266010229694,0.7548266010229694,0.7548266010229694,0.747353070319754,0,highway_0,1,18.79441587046267,342.7944158704627,,-1022.1848013358343
1.0,ego_0,344.9203349763361,-8.0,21.25919105873445,1000.0,,0.7513362012911924,0.7513362012911924,0.7513362012911924,0.7513362012911924,0.7438972290011847,0,highway_0,1,20.920334976336108,344.9203349763361,,-1022.2591910587345
1.1,ego_0,347.05365829075333,-8.0,21.333233144172382,1000.0,,0.7478250629230792,0.7478250629230792,0.7478250629230792,0.7478250629230792,0.7404208543793089,0,highway_0,1,23.053658290753333,347.05365829075333,,-1022.3332331441724
1.2,ego_0,349.1943508481418,-8.0,21.406925573884752,1000.0,,0.7442935400949351,0.7442935400949351,0.7442935400949351,0.7442935400949351,0.7369242971237,0,highway_0,1,25.194350848141823,349.1943508481418,,-1022.4069255738848
1.3,ego_0,351.34237748467166,-8.0,21.48026636529819,1000.0,,0.740741993275682,0.740741993275682,0.740741993275682,0.740741993275682,0.7334079141343608,0,highway_0,1,27.34237748467166,351.34237748467166,,-1022.4802663652982
1.4,ego_0,353.49770284188554,-8.0,21.553253572138626,1000.0,,0.7371707890884289,0.7371707890884289,0.7371707890884289,0.7371707890884289,0.7298720684043758,0,highway_0,1,29.49770284188554,353.49770284188554,,-1022.5532535721386
1.5,ego_0,355.6602913703882,-8.0,21.625885285026552,1000.0,,0.733580300168041,0.733580300168041,0.733580300168041,0.733580300168041,0.7263171288792591,0,highway_0,1,31.660291370388222,355.6602913703882,,-1022.6258852850266
1.6,ego_0,357.830107333594,-8.0,21.69815963205772,1000.0,,0.7299709050148108,0.7299709050148108,0.7299709050148108,0.7299709050148108,0.7227434703116842,0,highway_0,1,33.830107333594015,357.830107333594,,-1022.6981596320577
1.7,ego_0,360.0071148115309,-8.0,21.770074779369043,1000.0,,0.7263429878443475,0.7263429878443475,0.7263429878443475,0.7263429878443475,0.7191514731132287,0,highway_0,1,36.007114811530926,360.0071148115309,,-1022.770074779369
1.8,ego_0,362.19127770469987,-8.0,21.841628931689222,1000.0,,0.7226969384337967,0.7226969384337967,0.7226969384337967,0.7226969384337967,0.7155415232017859,0,highway_0,1,38.19127770469987,362.19127770469987,,-1022.8416289316892
1.9,ego_0,364.38255973798726,-8.0,21.912820332873828,1000.0,,0.7190331519645153,0.7190331519645153,0.7190331519645153,0.7190331519645153,0.7119140118460621,0,highway_0,1,40.382559737987265,364.38255973798726,,-1022.9128203328738
2.0,ego_0,366.58092446462973,-8.0,21.983647266424455,1000.0,,0.7153520288613222,0.7153520288613222,0.7153520288613222,0.7153520288613222,0.708269335506273,0,highway_0,1,42.58092446462973,366.58092446462973,,-1022.9836472664244
2.1,ego_0,368.7863352702289,-8.0,22.05410805599163,1000.0,,0.7116539746284574,0.7116539746284574,0.7116539746284574,0.7116539746284574,0.7046078956717494,0,highway_0,1,44.7863352702289,368.7863352702289,,-1023.0541080559916
2.2,ego_0,370.99875537681504,-8.0,22.124201065861172,1000.0,,0.7079393996823782,0.7079393996823782,0.7079393996823782,0.7079393996823782,0.7009300986954159,0,highway_0,1,46.99875537681504,370.99875537681504,,-1023.1242010658611
2.3,ego_0,373.21814784695744,-8.0,22.1939247014237,1000.0,,0.7042087191815318,0.7042087191815318,0.7042087191815318,0.7042087191815318,0.6972363556252859,0,highway_0,1,49.218147846957436,373.21814784695744,,-1023.1939247014237
2.4,ego_0,375.4444755879201,-8.0,22.263277409626994,1000.0,,0.7004623528532399,0.7004623528532399,0.7004623528532399,0.7004623528532399,0.6935270820329364,0,highway_0,1,51.444475587920124,375.4444755879201,,-1023.263277409627
2.5,ego_0,377.67770135586125,-8.0,22.33225767941094,1000.0,,0.6967007248178414,0.6967007248178414,0.6967007248178414,0.6967007248178414,0.6898026978394611,0,highway_0,1,53.677701355861245,377.67770135586125,,-1023.332257679411
2.6,ego_0,379.91778776007374,-8.0,22.400864042124823,1000.0,,0.692924263410236,0.692924263410236,0.692924263410236,0.692924263410236,0.6860636271388287,0,highway_0,1,55.917787760073736,379.91778776007374,,-1023.4008640421248
2.7,ego_0,382.16469726726643,-8.0,22.469095071926702,1000.0,,0.6891334009989791,0.6891334009989791,0.6891334009989791,0.6891334009989791,0.6823102980187912,0,highway_0,1,58.16469726726643,382.16469726726643,,-1023.4690950719267
2.8,ego_0,384.4183922058829,-8.0,22.536949386164633,1000.0,,0.6853285738030745,0.6853285738030745,0.6853285738030745,0.6853285738030745,0.6785431423793042,0,highway_0,1,60.418392205882924,384.4183922058829,,-1023.5369493861647
2.9,ego_0,386.6788347704569,-8.0,22.604425645739546,1000.0,,0.6815102217066251,0.6815102217066251,0.6815102217066251,0.6815102217066251,0.6747625957491366,0,highway_0,1,62.67883477045689,386.6788347704569,,-1023.6044256457395
3.0,ego_0,388.94598702600183,-8.0,22.671522555449595,1000.0,,0.6776787880714912,0.6776787880714912,0.6776787880714912,0.6776787880714912,0.6709690971004889,0,highway_0,1,64.94598702600183,388.94598702600183,,-1023.6715225554495
3.1,ego_0,391.2198109124334,-8.0,22.738238864315747,1000.0,,0.6738347195481145,0.6738347195481145,0.6738347195481145,0.6738347195481145,0.6671630886615176,0,highway_0,1,67.21981091243339,391.2198109124334,,-1023.7382388643157
3.2,ego_0,393.5002682490222,-8.0,22.804573365888487,1000.0,,0.6699784658846691,0.6699784658846691,0.6699784658846691,0.6699784658846691,0.6633450157274012,0,highway_0,1,69.50026824902221,393.5002682490222,,-1023.8045733658885
3.3,ego_0,395.78732073887574,-8.0,22.87052489853549,1000.0,,0.6661104797346995,0.6661104797346995,0.6661104797346995,0.6661104797346995,0.6595153264700215,0,highway_0,1,71.78732073887574,395.78732073887574,,-1023.8705248985355
3.4,ego_0,398.08092997344676,-8.0,22.936092345710087,1000.0,,0.6622312164634039,0.6622312164634039,0.6622312164634039,0.6622312164634039,0.655674471745975,0,highway_0,1,74.08092997344676,398.08092997344676,,-1023.9360923457101
3.5,ego_0,400.38105743706683,-8.0,23.001274636200456,1000.0,,0.6583411339527312,0.6583411339527312,0.6583411339527312,0.6583411339527312,0.6518229049036961,0,highway_0,1,76.38105743706683,400.38105743706683,,-1024.0012746362004
3.6,ego_0,402.68766451150276,-8.0,23.06607074435941,1000.0,,0.6544406924054518,0.6544406924054518,0.6544406924054518,0.6544406924054518,0.6479610815895498,0,highway_0,1,78.68766451150276,402.68766451150276,,-1024.0660707443594
3.7,ego_0,405.0007124805342,-8.0,23.130479690314697,1000.0,,0.6505303541483655,0.6505303541483655,0.6505303541483655,0.6505303541483655,0.644089459552859,0,highway_0,1,81.00071248053422,405.0007124805342,,-1024.1304796903146
3.8,ego_0,407.3201625345502,-8.0,23.19450054015973,1000.0,,0.6466105834348149,0.6466105834348149,0.6466105834348149,0.6466105834348149,0.6402084984503276,0,highway_0,1,83.3201625345502,407.3201625345502,,-1024.1945005401597
3.9,ego_0,409.6459757751627,-8.0,23.258132406124744,1000.0,,0.6426818462466674,0.6426818462466674,0.6426818462466674,0.6426818462466674,0.6363186596501436,0,highway_0,1,85.6459757751627,409.6459757751627,,-1024.2581324061248
4.0,ego_0,411.9781132198355,-8.0,23.321374446728303,1000.0,,0.638744610095928,0.638744610095928,0.638744610095928,0.638744610095928,0.6324204060355854,0,highway_0,1,87.9781132198355,411.9781132198355,,-1024.3213744467282
4.1,ego_0,414.3165358065264,-8.0,23.384225866909112,1000.0,,0.6347993438261509,0.6347993438261509,0.6347993438261509,0.6347993438261509,0.6285142018080947,0,highway_0,1,90.31653580652642,414.3165358065264,,-1024.3842258669092
4.2,ego_0,416.66120439834026,-8.0,23.4466859181382,1000.0,,0.6308465174138129,0.6308465174138129,0.6308465174138129,0.6308465174138129,0.6246005122908826,0,highway_0,1,92.66120439834026,416.66120439834026,,-1024.4466859181382
4.3,ego_0,419.0120797881914,-8.0,23.50875389851145,1000.0,,0.6268866017698105,0.6268866017698105,0.6268866017698105,0.6268866017698105,0.6206798037325001,0,highway_0,1,95.01207978819139,419.0120797881914,,-1024.5087538985115
4.4,ego_0,421.36912270347364,-8.0,23.570429152822467,1000.0,,0.6229200685412419,0.6229200685412419,0.6229200685412419,0.6229200685412419,0.6167525431101595,0,highway_0,1,97.36912270347364,421.36912270347364,,-1024.5704291528225
4.5,ego_0,423.7322938107352,-8.0,23.631711072615897,1000.0,,0.6189473899136404,0.6189473899136404,0.6189473899136404,0.6189473899136404,0.6128191979343001,0,highway_0,1,99.7322938107352,423.7322938107352,,-1024.6317110726159
4.6,ego_0,426.10155372035734,-8.0,23.692599096221223,1000.0,,0.6149690384138112,0.6149690384138112,0.6149690384138112,0.6149690384138112,0.6088802360532597,0,highway_0,1,102.10155372035734,426.10155372035734,,-1024.6925990962213
4.7,ego_0,428.47686299123404,-8.0,23.753092708767106,1000.0,,0.6109854867134349,0.6109854867134349,0.6109854867134349,0.6109854867134349,0.6049361254588348,0,highway_0,1,104.47686299123404,428.47686299123404,,-1024.753092708767
4.8,ego_0,430.85818213545167,-8.0,23.81319144217637,1000.0,,0.6069972074335914,0.6069972074335914,0.6069972074335914,0.6069972074335914,0.6009873340926575,0,highway_0,1,106.85818213545167,430.85818213545167,,-1024.8131914421763
4.9,ego_0,433.24547162296585,-8.0,23.872894875141753,1000.0,,0.6030046729503595,0.6030046729503595,0.6030046729503595,0.6030046729503595,0.5970343296538161,0,highway_0,1,109.24547162296585,433.24547162296585,,-1024.8728948751418
5.0,ego_0,435.6386918862741,-8.0,23.93220263308251,1000.0,,0.5990083552016434,0.5990083552016434,0.5990083552016434,0.5990083552016434,0.5930775794075771,0,highway_0,1,111.6386918862741,435.6386918862741,,-1024.9322026330824
5.1,ego_0,438.03780332508234,-8.0,23.991114388082053,1000.0,,0.5950087254953766,0.5950087254953766,0.5950087254953766,0.5950087254953766,0.5891175499954215,0,highway_0,1,114.03780332508234,438.03780332508234,,-1024.991114388082
5.2,ego_0,440.442766310963,-8.0,24.049629858806732,1000.0,,0.5910062543192485,0.5910062543192485,0.5910062543192485,0.5910062543192485,0.5851547072467866,0,highway_0,1,116.44276631096301,440.442766310963,,-1025.0496298588068
5.3,ego_0,442.8535411920036,-8.0,24.10774881040595,1000.0,,0.5870014111520969,0.5870014111520969,0.5870014111520969,0.5870014111520969,0.5811895159921932,0,highway_0,1,118.8535411920036,442.8535411920036,,-1025.107748810406
5.4,ego_0,445.270088297443,-8.0,24.165471054393784,1000.0,,0.5829946642771144,0.5829946642771144,0.5829946642771144,0.5829946642771144,0.5772224398783266,0,highway_0,1,121.27008829744301,445.270088297443,,-1025.1654710543937
5.5,ego_0,447.69236794229425,-8.0,24.222796448512298,1000.0,,0.5789864805969975,0.5789864805969975,0.5789864805969975,0.5789864805969975,0.5732539411851434,0,highway_0,1,123.69236794229425,447.69236794229425,,-1025.2227964485123
5.6,ego_0,450.1203404319519,-8.0,24.279724896576774,1000.0,,0.5749773254511784,0.5749773254511784,0.5749773254511784,0.5749773254511784,0.5692844806447539,0,highway_0,1,126.12034043195194,450.12034043195194,,-1025.2797248965767
5.7,ego_0,452.5539660667823,-8.0,24.33625634830304,1000.0,,0.570967662435272,0.570967662435272,0.570967662435272,0.570967662435272,0.5653145172626495,0,highway_0,1,128.55396606678227,452.55396606678227,,-1025.336256348303
5.8,ego_0,454.993205146694,-8.0,24.392390799117184,1000.0,,0.5669579532228624,0.5669579532228624,0.5669579532228624,0.5669579532228624,0.5613445081414525,0,highway_0,1,130.99320514669398,454.993205146694,,-1025.3923907991173
5.9,ego_0,457.4380179756887,-8.0,24.448128289947853,1000.0,,0.5629486573897564,0.5629486573897564,0.5629486573897564,0.5629486573897564,0.5573749083066915,0,highway_0,1,133.43801797568875,457.43801797568875,,-1025.4481282899478
6.0,ego_0,459.88836486638894,-8.0,24.5034689070014,1000.0,,0.558940232240822,0.558940232240822,0.558940232240822,0.558940232240822,0.5534061705354532,0,highway_0,1,135.88836486638888,459.8883648663889,,-1025.5034689070014
6.1,ego_0,462.34420614454086,-8.0,24.55841278152016,1000.0,,0.5549331326395293,0.5549331326395293,0.5549331326395293,0.5549331326395293,0.5494387451876293,0,highway_0,1,138.34420614454092,462.3442061445409,,-1025.5584127815202
6.2,ego_0,464.80550215349336,-8.0,24.61296008952415,1000.0,,0.5509278108403062,0.5509278108403062,0.5509278108403062,0.5509278108403062,0.5454730800398977,0,highway_0,1,140.8055021534933,464.8055021534933,,-1025.6129600895242
6.3,ego_0,467.27221325864696,-8.0,24.66711105153641,1000.0,,0.54692471632382,0.54692471632382,0.54692471632382,0.54692471632382,0.5415096201225822,0,highway_0,1,143.27221325864696,467.27221325864696,,-1025.6671110515365
6.4,ego_0,469.7442998518762,-8.0,24.720865932292376,1000.0,,0.5429242956352816,0.5429242956352816,0.5429242956352816,0.5429242956352816,0.5375488075596735,0,highway_0,1,145.74429985187618,469.7442998518762,,-1025.7208659322923
6.5,ego_0,472.2212759094502,-8.0,24.76976057573958,1000.0,,0.5389269922258803,0.5389269922258803,0.5389269922258803,0.5389269922258803,0.4889464344720196,0,highway_0,1,148.22127590945013,472.2212759094501,,-1025.7697605757396
6.6,ego_0,474.6982519670241,-8.0,24.76976057573958,1000.0,,0.5352683870222239,0.5352683870222239,0.5352683870222239,0.5352683870222239,0.0,0,highway_0,1,150.69825196702408,474.6982519670241,,-1025.7697605757396
6.7,ego_0,477.1752280245981,-8.0,24.76976057573958,1000.0,,0.5352683870222239,0.5352683870222239,0.5352683870222239,0.5352683870222239,0.0,0,highway_0,1,153.17522802459803,477.175228024598,,-1025.7697605757396
6.8,ego_0,479.652204082172,-8.0,24.76976057573958,1000.0,,0.5352683870222239,0.5352683870222239,0.5352683870222239,0.5352683870222239,0.0,0,highway_0,1,155.65220408217198,479.652204082172,,-1025.7697605757396
6.9,ego_0,482.129180139746,-8.0,24.76976057573958,1000.0,,0.5352683870222239,0.5352683870222239,0.5352683870222239,0.5352683870222239,0.0,0,highway_0,1,158.12918013974593,482.1291801397459,,-1025.7697605757396
7.0,ego_0,484.6061561973199,-8.0,24.76976057573958,1000.0,,0.5352683870222239,0.5352683870222239,0.5352683870222239,0.5352683870222239,0.0,0,highway_0,1,160.60615619731988,484.6061561973199,,-1025.7697605757396
7.1,ego_0,487.0831322548939,-8.0,24.76976057573958,1000.0,,0.5352683870222239,0.5352683870222239,0.5352683870222239,0.5352683870222239,0.0,0,highway_0,1,163.08313225489383,487.0831322548938,,-1025.7697605757396
7.2,ego_0,489.5601083124678,-8.0,24.76976057573958,1000.0,,0.5352683870222239,0.5352683870222239,0.5352683870222239,0.5352683870222239,0.0,0,highway_0,1,165.56010831246778,489.5601083124678,,-1025.7697605757396
7.3,ego_0,492.0370843700418,-8.0,24.76976057573958,1000.0,,0.5352683870222239,0.5352683870222239,0.5352683870222239,0.5352683870222239,0.0,0,highway_0,1,168.03708437004173,492.0370843700417,,-1025.7697605757396
7.4,ego_0,494.5140604276157,-8.0,24.76976057573958,1000.0,,0.5352683870222239,0.5352683870222239,0.5352683870222239,0.5352683870222239,0.0,0,highway_0,1,170.51406042761568,494.5140604276157,,-1025.7697605757396
7.5,ego_0,496.9910364851897,-8.0,24.76976057573958,1000.0,,0.5352683870222239,0.5352683870222239,0.5352683870222239,0.5352683870222239,0.0,0,highway_0,1,172.99103648518962,496.9910364851896,,-1025.7697605757396
7.6,ego_0,499.4680125427636,-8.0,24.76976057573958,1000.0,,0.5352683870222239,0.5352683870222239,0.5352683870222239,0.5352683870222239,0.0,0,highway_0,1,175.46801254276357,499.4680125427636,,-1025.7697605757396
7.7,ego_0,501.9449886003376,-8.0,24.76976057573958,1000.0,,0.5352683870222239,0.5352683870222239,0.5352683870222239,0.5352683870222239,0.0,0,highway_0,1,177.94498860033752,501.9449886003375,,-1025.7697605757396
7.8,ego_0,504.4219646579115,-8.0,24.76976057573958,1000.0,,0.5352683870222239,0.5352683870222239,0.5352683870222239,0.5352683870222239,0.0,0,highway_0,1,180.42196465791147,504.4219646579115,,-1025.7697605757396
7.9,ego_0,506.8989407154855,-8.0,24.76976057573958,1000.0,,0.5352683870222239,0.5352683870222239,0.5352683870222239,0.5352683870222239,0.0,0,highway_0,1,182.89894071548542,506.8989407154854,,-1025.7697605757396
8.0,ego_0,509.3759167730594,-8.0,24.76976057573958,1000.0,,0.5352683870222239,0.5352683870222239,0.5352683870222239,0.5352683870222239,0.0,0,highway_0,1,185.37591677305937,509.3759167730594,,-1025.7697605757396
8.1,ego_0,511.8528928306334,-8.0,24.76976057573958,1000.0,,0.5352683870222239,0.5352683870222239,0.5352683870222239,0.5352683870222239,0.0,0,highway_0,1,187.85289283063332,511.8528928306333,,-1025.7697605757396
8.2,ego_0,514.3298688882073,-8.0,24.76976057573958,1000.0,,0.5352683870222239,0.5352683870222239,0.5352683870222239,0.5352683870222239,0.0,0,highway_0,1,190.32986888820733,514.3298688882073,,-1025.7697605757396
8.3,ego_0,516.8068449457813,-8.0,24.76976057573958,1000.0,,0.5352683870222239,0.5352683870222239,0.5352683870222239,0.5352683870222239,0.0,0,highway_0,1,192.80684494578134,516.8068449457813,,-1025.7697605757396
8.4,ego_0,519.2838210033553,-8.0,24.76976057573958,1000.0,,0.5352683870222239,0.5352683870222239,0.5352683870222239,0.5352683870222239,0.0,0,highway_0,1,195.28382100335534,519.2838210033553,,-1025.7697605757396
8.5,ego_0,521.7607970609293,-8.0,24.76976057573958,1000.0,,0.5352683870222239,0.5352683870222239,0.5352683870222239,0.5352683870222239,0.0,0,highway_0,1,197.76079706092935,521.7607970609293,,-1025.7697605757396
8.6,ego_0,524.2377731185034,-8.0,24.76976057573958,1000.0,,0.5352683870222239,0.5352683870222239,0.5352683870222239,0.5352683870222239,0.0,0,highway_0,1,200.23777311850336,524.2377731185034,,-1025.7697605757396
8.7,ego_0,526.7147491760774,-8.0,24.76976057573958,1000.0,,0.5352683870222239,0.5352683870222239,0.5352683870222239,0.5352683870222239,0.0,0,highway_0,1,202.71474917607736,526.7147491760774,,-1025.7697605757396
8.8,ego_0,529.1917252336514,-8.0,24.76976057573958,1000.0,,0.5352683870222239,0.5352683870222239,0.5352683870222239,0.5352683870222239,0.0,0,highway_0,1,205.19172523365137,529.1917252336514,,-1025.7697605757396
8.9,ego_0,531.6687012912254,-8.0,24.76976057573958,1000.0,,0.5352683870222239,0.5352683870222239,0.5352683870222239,0.5352683870222239,0.0,0,highway_0,1,207.66870129122537,531.6687012912254,,-1025.7697605757396
9.0,ego_0,534.1456773487994,-8.0,24.76976057573958,1000.0,,0.5352683870222239,0.5352683870222239,0.5352683870222239,0.5352683870222239,0.0,0,highway_0,1,210.14567734879938,534.1456773487994,,-1025.7697605757396
9.1,ego_0,536.6226534063734,-8.0,24.76976057573958,1000.0,,0.5352683870222239,0.5352683870222239,0.5352683870222239,0.5352683870222239,0.0,0,highway_0,1,212.6226534063734,536.6226534063734,,-1025.7697605757396
9.2,ego_0,539.0996294639474,-8.0,24.76976057573958,1000.0,,0.5352683870222239,0.5352683870222239,0.5352683870222239,0.5352683870222239,0.0,0,highway_0,1,215.0996294639474,539.0996294639474,,-1025.7697605757396
9.3,ego_0,541.5766055215214,-8.0,24.76976057573958,1000.0,,0.5352683870222239,0.5352683870222239,0.5352683870222239,0.5352683870222239,0.0,0,highway_0,1,217.5766055215214,541.5766055215214,,-1025.7697605757396
9.4,ego_0,544.0535815790954,-8.0,24.76976057573958,1000.0,,0.5352683870222239,0.5352683870222239,0.5352683870222239,0.5352683870222239,0.0,0,highway_0,1,220.0535815790954,544.0535815790954,,-1025.7697605757396
9.5,ego_0,546.5305576366694,-8.0,24.76976057573958,1000.0,,0.5352683870222239,0.5352683870222239,0.5352683870222239,0.5352683870222239,0.0,0,highway_0,1,222.5305576366694,546.5305576366694,,-1025.7697605757396
9.6,ego_0,549.0075336942434,-8.0,24.76976057573958,1000.0,,0.5352683870222239,0.5352683870222239,0.5352683870222239,0.5352683870222239,0.0,0,highway_0,1,225.00753369424342,549.0075336942434,,-1025.7697605757396
9.7,ego_0,551.4845097518174,-8.0,24.76976057573958,1000.0,,0.5352683870222239,0.5352683870222239,0.5352683870222239,0.5352683870222239,0.0,0,highway_0,1,227.48450975181743,551.4845097518174,,-1025.7697605757396
9.8,ego_0,553.9614858093914,-8.0,24.76976057573958,1000.0,,0.5352683870222239,0.5352683870222239,0.5352683870222239,0.5352683870222239,0.0,0,highway_0,1,229.96148580939143,553.9614858093914,,-1025.7697605757396
9.9,ego_0,556.4384618669654,-8.0,24.76976057573958,1000.0,,0.5352683870222239,0.5352683870222239,0.5352683870222239,0.5352683870222239,0.0,0,highway_0,1,232.43846186696544,556.4384618669654,,-1025.7697605757396
10.0,ego_0,558.9154379245394,-8.0,24.76976057573958,1000.0,,0.5352683870222239,0.5352683870222239,0.5352683870222239,0.5352683870222239,0.0,0,highway_0,1,234.91543792453945,558.9154379245394,,-1025.7697605757396
10.1,ego_0,561.3924139821135,-8.0,24.76976057573958,1000.0,,0.5352683870222239,0.5352683870222239,0.5352683870222239,0.5352683870222239,0.0,0,highway_0,1,237.39241398211345,561.3924139821135,,-1025.7697605757396
10.2,ego_0,563.8693900396875,-8.0,24.76976057573958,1000.0,,0.5352683870222239,0.5352683870222239,0.5352683870222239,0.5352683870222239,0.0,0,highway_0,1,239.86939003968746,563.8693900396875,,-1025.7697605757396
10.3,ego_0,566.3463660972615,-8.0,24.76976057573958,1000.0,,0.5352683870222239,0.5352683870222239,0.5352683870222239,0.5352683870222239,0.0,0,highway_0,1,242.34636609726147,566.3463660972615,,-1025.7697605757396
10.4,ego_0,568.8233421548355,-8.0,24.76976057573958,1000.0,,0.5352683870222239,0.5352683870222239,0.5352683870222239,0.5352683870222239,0.0,0,highway_0,1,244.82334215483547,568.8233421548355,,-1025.7697605757396
10.5,ego_0,571.3003182124095,-8.0,24.76976057573958,1000.0,,0.5352683870222239,0.5352683870222239,0.5352683870222239,0.5352683870222239,0.0,0,highway_0,1,247.30031821240948,571.3003182124095,,-1025.7697605757396
10.6,ego_0,573.7772942699835,-8.0,24.76976057573958,1000.0,,0.5352683870222239,0.5352683870222239,0.5352683870222239,0.5352683870222239,0.0,0,highway_0,1,249.77729426998349,573.7772942699835,,-1025.7697605757396
10.7,ego_0,576.2542703275575,-8.0,24.76976057573958,1000.0,,0.5352683870222239,0.5352683870222239,0.5352683870222239,0.5352683870222239,0.0,0,highway_0,1,252.2542703275575,576.2542703275575,,-1025.7697605757396
10.8,ego_0,578.7312463851315,-8.0,24.76976057573958,1000.0,,0.5352683870222239,0.5352683870222239,0.5352683870222239,0.5352683870222239,0.0,0,highway_0,1,254.7312463851315,578.7312463851315,,-1025.7697605757396
10.9,ego_0,581.2082224427055,-8.0,24.76976057573958,1000.0,,0.5352683870222239,0.5352683870222239,0.5352683870222239,0.5352683870222239,0.0,0,highway_0,1,257.2082224427055,581.2082224427055,,-1025.7697605757396
11.0,ego_0,583.6851985002795,-8.0,24.76976057573958,1000.0,,0.5352683870222239,0.5352683870222239,0.5352683870222239,0.5352683870222239,0.0,0,highway_0,1,259.6851985002795,583.6851985002795,,-1025.7697605757396
11.1,ego_0,586.1621745578535,-8.0,24.76976057573958,1000.0,,0.5352683870222239,0.5352683870222239,0.5352683870222239,0.5352683870222239,0.0,0,highway_0,1,262.1621745578535,586.1621745578535,,-1025.7697605757396
11.2,ego_0,588.6391506154275,-8.0,24.76976057573958,1000.0,,0.5352683870222239,0.5352683870222239,0.5352683870222239,0.5352683870222239,0.0,0,highway_0,1,264.6391506154275,588.6391506154275,,-1025.7697605757396
11.3,ego_0,591.1161266730015,-8.0,24.76976057573958,1000.0,,0.5352683870222239,0.5352683870222239,0.5352683870222239,0.5352683870222239,0.0,0,highway_0,1,267.11612667300153,591.1161266730015,,-1025.7697605757396
11.4,ego_0,593.5931027305755,-8.0,24.76976057573958,1000.0,,0.5352683870222239,0.5352683870222239,0.5352683870222239,0.5352683870222239,0.0,0,highway_0,1,269.59310273057554,593.5931027305755,,-1025.7697605757396
11.5,ego_0,596.0700787881495,-8.0,24.76976057573958,1000.0,,0.5352683870222239,0.5352683870222239,0.5352683870222239,0.5352683870222239,0.0,0,highway_0,1,272.07007878814954,596.0700787881495,,-1025.7697605757396
11.6,ego_0,598.5470548457236,-8.0,24.76976057573958,1000.0,,0.5352683870222239,0.5352683870222239,0.5352683870222239,0.5352683870222239,0.0,0,highway_0,1,274.54705484572355,598.5470548457236,,-1025.7697605757396
11.7,ego_0,601.0240309032976,-8.0,24.76976057573958,1000.0,,0.5352683870222239,0.5352683870222239,0.5352683870222239,0.5352683870222239,0.0,0,highway_0,1,277.02403090329756,601.0240309032976,,-1025.7697605757396
11.8,ego_0,603.5010069608716,-8.0,24.76976057573958,1000.0,,0.5352683870222239,0.5352683870222239,0.5352683870222239,0.5352683870222239,0.0,0,highway_0,1,279.50100696087156,603.5010069608716,,-1025.7697605757396
11.9,ego_0,605.9779830184456,-8.0,24.76976057573958,1000.0,,0.5352683870222239,0.5352683870222239,0.5352683870222239,0.5352683870222239,0.0,0,highway_0,1,281.97798301844557,605.9779830184456,,-1025.7697605757396
12.0,ego_0,608.4549590760196,-8.0,24.76976057573958,1000.0,,0.5352683870222239,0.5352683870222239,0.5352683870222239,0.5352683870222239,0.0,0,highway_0,1,284.4549590760196,608.4549590760196,,-1025.7697605757396
12.1,ego_0,610.9319351335936,-8.0,24.76976057573958,1000.0,,0.5352683870222239,0.5352683870222239,0.5352683870222239,0.5352683870222239,0.0,0,highway_0,1,286.9319351335936,610.9319351335936,,-1025.7697605757396
12.2,ego_0,613.4089111911676,-8.0,24.76976057573958,1000.0,,0.5352683870222239,0.5352683870222239,0.5352683870222239,0.5352683870222239,0.0,0,highway_0,1,289.4089111911676,613.4089111911676,,-1025.7697605757396
12.3,ego_0,615.8858872487416,-8.0,24.76976057573958,1000.0,,0.5352683870222239,0.5352683870222239,0.5352683870222239,0.5352683870222239,0.0,0,highway_0,1,291.8858872487416,615.8858872487416,,-1025.7697605757396
12.4,ego_0,618.3628633063156,-8.0,24.76976057573958,1000.0,,0.5352683870222239,0.5352683870222239,0.5352683870222239,0.5352683870222239,0.0,0,highway_0,1,294.3628633063156,618.3628633063156,,-1025.7697605757396
12.5,ego_0,620.8398393638896,-8.0,24.76976057573958,1000.0,,0.5352683870222239,0.5352683870222239,0.5352683870222239,0.5352683870222239,0.0,0,highway_0,1,296.8398393638896,620.8398393638896,,-1025.7697605757396
12.6,ego_0,623.3168154214636,-8.0,24.76976057573958,1000.0,,0.5352683870222239,0.5352683870222239,0.5352683870222239,0.5352683870222239,0.0,0,highway_0,1,299.3168154214636,623.3168154214636,,-1025.7697605757396
12.7,ego_0,625.7937914790376,-8.0,24.76976057573958,1000.0,,0.5352683870222239,0.5352683870222239,0.5352683870222239,0.5352683870222239,0.0,0,highway_0,1,301.7937914790376,625.7937914790376,,-1025.7697605757396
12.8,ego_0,628.2707675366116,-8.0,24.76976057573958,1000.0,,0.5352683870222239,0.5352683870222239,0.5352683870222239,0.5352683870222239,0.0,0,highway_0,1,304.27076753661163,628.2707675366116,,-1025.7697605757396
12.9,ego_0,630.7477435941856,-8.0,24.76976057573958,1000.0,,0.5352683870222239,0.5352683870222239,0.5352683870222239,0.5352683870222239,0.0,0,highway_0,1,306.74774359418564,630.7477435941856,,-1025.7697605757396
13.0,ego_0,633.2247196517596,-8.0,24.76976057573958,1000.0,,0.5352683870222239,0.5352683870222239,0.5352683870222239,0.5352683870222239,0.0,0,highway_0,1,309.22471965175964,633.2247196517596,,-1025.7697605757396
13.1,ego_0,635.7016957093336,-8.0,24.76976057573958,1000.0,,0.5352683870222239,0.5352683870222239,0.5352683870222239,0.5352683870222239,0.0,0,highway_0,1,311.70169570933365,635.7016957093336,,-1025.7697605757396
13.2,ego_0,638.1786717669077,-8.0,24.76976057573958,1000.0,,0.5352683870222239,0.5352683870222239,0.5352683870222239,0.5352683870222239,0.0,0,highway_0,1,314.17867176690766,638.1786717669077,,-1025.7697605757396
13.3,ego_0,640.6556478244817,-8.0,24.76976057573958,1000.0,,0.5352683870222239,0.5352683870222239,0.5352683870222239,0.5352683870222239,0.0,0,highway_0,1,316.65564782448166,640.6556478244817,,-1025.7697605757396
13.4,ego_0,643.1326238820557,-8.0,24.76976057573958,1000.0,,0.5352683870222239,0.5352683870222239,0.5352683870222239,0.5352683870222239,0.0,0,highway_0,1,319.13262388205567,643.1326238820557,,-1025.7697605757396
13.5,ego_0,645.6095999396297,-8.0,24.76976057573958,1000.0,,0.5352683870222239,0.5352683870222239,0.5352683870222239,0.5352683870222239,0.0,0,highway_0,1,321.6095999396297,645.6095999396297,,-1025.7697605757396
13.6,ego_0,648.0865759972037,-8.0,24.76976057573958,1000.0,,0.5352683870222239,0.5352683870222239,0.5352683870222239,0.5352683870222239,0.0,0,highway_0,1,324.0865759972037,648.0865759972037,,-1025.7697605757396
13.7,ego_0,650.5635520547777,-8.0,24.76976057573958,1000.0,,0.5352683870222239,0.5352683870222239,0.5352683870222239,0.5352683870222239,0.0,0,highway_0,1,326.5635520547777,650.5635520547777,,-1025.7697605757396
13.8,ego_0,653.0405281123517,-8.0,24.76976057573958,1000.0,,0.5352683870222239,0.5352683870222239,0.5352683870222239,0.5352683870222239,0.0,0,highway_0,1,329.0405281123517,653.0405281123517,,-1025.7697605757396
13.9,ego_0,655.5175041699257,-8.0,24.76976057573958,1000.0,,0.5352683870222239,0.5352683870222239,0.5352683870222239,0.5352683870222239,0.0,0,highway_0,1,331.5175041699257,655.5175041699257,,-1025.7697605757396
14.0,ego_0,657.9944802274997,-8.0,24.76976057573958,1000.0,,0.5352683870222239,0.5352683870222239,0.5352683870222239,0.5352683870222239,0.0,0,highway_0,1,333.9944802274997,657.9944802274997,,-1025.7697605757396
14.1,ego_0,660.4714562850737,-8.0,24.76976057573958,1000.0,,0.5352683870222239,0.5352683870222239,0.5352683870222239,0.5352683870222239,0.0,0,highway_0,1,336.4714562850737,660.4714562850737,,-1025.7697605757396
14.2,ego_0,662.9484323426477,-8.0,24.76976057573958,1000.0,,0.5352683870222239,0.5352683870222239,0.5352683870222239,0.5352683870222239,0.0,0,highway_0,1,338.9484323426477,662.9484323426477,,-1025.7697605757396
14.3,ego_0,665.4254084002217,-8.0,24.76976057573958,1000.0,,0.5352683870222239,0.5352683870222239,0.5352683870222239,0.5352683870222239,0.0,0,highway_0,1,341.4254084002217,665.4254084002217,,-1025.7697605757396
14.4,ego_0,667.9023844577957,-8.0,24.76976057573958,1000.0,,0.5352683870222239,0.5352683870222239,0.5352683870222239,0.5352683870222239,0.0,0,highway_0,1,343.90238445779573,667.9023844577957,,-1025.7697605757396
14.5,ego_0,670.3793605153697,-8.0,24.76976057573958,1000.0,,0.5352683870222239,0.5352683870222239,0.5352683870222239,0.5352683870222239,0.0,0,highway_0,1,346.37936051536974,670.3793605153697,,-1025.7697605757396
14.6,ego_0,672.8563365729437,-8.0,24.76976057573958,1000.0,,0.5352683870222239,0.5352683870222239,0.5352683870222239,0.5352683870222239,0.0,0,highway_0,1,348.85633657294375,672.8563365729437,,-1025.7697605757396
14.7,ego_0,675.3333126305178,-8.0,24.76976057573958,1000.0,,0.5352683870222239,0.5352683870222239,0.5352683870222239,0.5352683870222239,0.0,0,highway_0,1,351.33331263051775,675.3333126305178,,-1025.7697605757396
14.8,ego_0,677.8102886880918,-8.0,24.76976057573958,1000.0,,0.5352683870222239,0.5352683870222239,0.5352683870222239,0.5352683870222239,0.0,0,highway_0,1,353.81028868809176,677.8102886880918,,-1025.7697605757396
14.9,ego_0,680.2872647456658,-8.0,24.76976057573958,1000.0,,0.5352683870222239,0.5352683870222239,0.5352683870222239,0.5352683870222239,0.0,0,highway_0,1,356.28726474566577,680.2872647456658,,-1025.7697605757396
15.0,ego_0,682.7642408032398,-8.0,24.76976057573958,1000.0,,0.5352683870222239,0.5352683870222239,0.5352683870222239,0.5352683870222239,0.0,0,highway_0,1,358.7642408032398,682.7642408032398,,-1025.7697605757396
15.1,ego_0,685.2412168608138,-8.0,24.76976057573958,1000.0,,0.5352683870222239,0.5352683870222239,0.5352683870222239,0.5352683870222239,0.0,0,highway_0,1,361.2412168608138,685.2412168608138,,-1025.7697605757396
15.2,ego_0,687.7181929183878,-8.0,24.76976057573958,1000.0,,0.5352683870222239,0.5352683870222239,0.5352683870222239,0.5352683870222239,0.0,0,highway_0,1,363.7181929183878,687.7181929183878,,-1025.7697605757396
15.3,ego_0,690.1951689759618,-8.0,24.76976057573958,1000.0,,0.5352683870222239,0.5352683870222239,0.5352683870222239,0.5352683870222239,0.0,0,highway_0,1,366.1951689759618,690.1951689759618,,-1025.7697605757396
15.4,ego_0,692.6721450335358,-8.0,24.76976057573958,1000.0,,0.5352683870222239,0.5352683870222239,0.5352683870222239,0.5352683870222239,0.0,0,highway_0,1,368.6721450335358,692.6721450335358,,-1025.7697605757396
15.5,ego_0,695.1491210911098,-8.0,24.76976057573958,1000.0,,0.5352683870222239,0.5352683870222239,0.5352683870222239,0.5352683870222239,0.0,0,highway_0,1,371.1491210911098,695.1491210911098,,-1025.7697605757396
15.6,ego_0,697.6260971486838,-8.0,24.76976057573958,1000.0,,0.5352683870222239,0.5352683870222239,0.5352683870222239,0.5352683870222239,0.0,0,highway_0,1,373.6260971486838,697.6260971486838,,-1025.7697605757396
15.7,ego_0,700.1030732062578,-8.0,24.76976057573958,1000.0,,0.5352683870222239,0.5352683870222239,0.5352683870222239,0.5352683870222239,0.0,0,highway_0,1,376.1030732062578,700.1030732062578,,-1025.7697605757396
15.8,ego_0,702.5800492638318,-8.0,24.76976057573958,1000.0,,0.5352683870222239,0.5352683870222239,0.5352683870222239,0.5352683870222239,0.0,0,highway_0,1,378.5800492638318,702.5800492638318,,-1025.7697605757396
15.9,ego_0,705.0570253214058,-8.0,24.76976057573958,1000.0,,0.5352683870222239,0.5352683870222239,0.5352683870222239,0.5352683870222239,0.0,0,highway_0,1,381.05702532140583,705.0570253214058,,-1025.7697605757396
16.0,ego_0,707.5340013789798,-8.0,24.76976057573958,1000.0,,0.5352683870222239,0.5352683870222239,0.5352683870222239,0.5352683870222239,0.0,0,highway_0,1,383.53400137897984,707.5340013789798,,-1025.7697605757396
16.1,ego_0,710.0109774365538,-8.0,24.76976057573958,1000.0,,0.5352683870222239,0.5352683870222239,0.5352683870222239,0.5352683870222239,0.0,0,highway_0,1,386.01097743655384,710.0109774365538,,-1025.7697605757396
16.2,ego_0,712.4879534941279,-8.0,24.76976057573958,1000.0,,0.5352683870222239,0.5352683870222239,0.5352683870222239,0.5352683870222239,0.0,0,highway_0,1,388.48795349412785,712.4879534941279,,-1025.7697605757396
16.3,ego_0,714.9649295517019,-8.0,24.76976057573958,1000.0,,0.5352683870222239,0.5352683870222239,0.5352683870222239,0.5352683870222239,0.0,0,highway_0,1,390.96492955170186,714.9649295517019,,-1025.7697605757396
16.4,ego_0,717.4419056092759,-8.0,24.76976057573958,1000.0,,0.5352683870222239,0.5352683870222239,0.5352683870222239,0.5352683870222239,0.0,0,highway_0,1,393.44190560927586,717.4419056092759,,-1025.7697605757396
16.5,ego_0,719.9188816668499,-8.0,24.76976057573958,1000.0,,0.5352683870222239,0.5352683870222239,0.5352683870222239,0.5352683870222239,0.0,0,highway_0,1,395.91888166684987,719.9188816668499,,-1025.7697605757396
16.6,ego_0,722.3958577244239,-8.0,24.76976057573958,1000.0,,0.5352683870222239,0.5352683870222239,0.5352683870222239,0.5352683870222239,0.0,0,highway_0,1,398.3958577244239,722.3958577244239,,-1025.7697605757396
16.7,ego_0,724.8728337819979,-8.0,24.76976057573958,1000.0,,0.5352683870222239,0.5352683870222239,0.5352683870222239,0.5352683870222239,0.0,0,highway_0,1,400.8728337819979,724.8728337819979,,-1025.7697605757396
16.8,ego_0,727.3498098395719,-8.0,24.76976057573958,1000.0,,0.5352683870222239,0.5352683870222239,0.5352683870222239,0.5352683870222239,0.0,0,highway_0,1,403.3498098395719,727.3498098395719,,-1025.7697605757396
16.9,ego_0,729.8267858971459,-8.0,24.76976057573958,1000.0,,0.5352683870222239,0.5352683870222239,0.5352683870222239,0.5352683870222239,0.0,0,highway_0,1,405.8267858971459,729.8267858971459,,-1025.7697605757396
17.0,ego_0,732.3037619547199,-8.0,24.76976057573958,1000.0,,0.5352683870222239,0.5352683870222239,0.5352683870222239,0.5352683870222239,0.0,0,highway_0,1,408.3037619547199,732.3037619547199,,-1025.7697605757396
17.1,ego_0,734.7807380122939,-8.0,24.76976057573958,1000.0,,0.5352683870222239,0.5352683870222239,0.5352683870222239,0.5352683870222239,0.0,0,highway_0,1,410.7807380122939,734.7807380122939,,-1025.7697605757396
17.2,ego_0,737.2577140698679,-8.0,24.76976057573958,1000.0,,0.5352683870222239,0.5352683870222239,0.5352683870222239,0.5352683870222239,0.0,0,highway_0,1,413.2577140698679,737.2577140698679,,-1025.7697605757396
17.3,ego_0,739.7346901274419,-8.0,24.76976057573958,1000.0,,0.5352683870222239,0.5352683870222239,0.5352683870222239,0.5352683870222239,0.0,0,highway_0,1,415.7346901274419,739.7346901274419,,-1025.7697605757396
17.4,ego_0,742.2116661850159,-8.0,24.76976057573958,1000.0,,0.5352683870222239,0.5352683870222239,0.5352683870222239,0.5352683870222239,0.0,0,highway_0,1,418.21166618501593,742.2116661850159,,-1025.7697605757396
17.5,ego_0,744.6886422425899,-8.0,24.76976057573958,1000.0,,0.5352683870222239,0.5352683870222239,0.5352683870222239,0.5352683870222239,0.0,0,highway_0,1,420.68864224258994,744.6886422425899,,-1025.7697605757396
17.6,ego_0,747.1656183001639,-8.0,24.76976057573958,1000.0,,0.5352683870222239,0.5352683870222239,0.5352683870222239,0.5352683870222239,0.0,0,highway_0,1,423.16561830016394,747.1656183001639,,-1025.7697605757396
17.7,ego_0,749.642594357738,-8.0,24.76976057573958,1000.0,,0.5352683870222239,0.5352683870222239,0.5352683870222239,0.5352683870222239,0.0,0,highway_0,1,425.64259435773795,749.642594357738,,-1025.7697605757396
17.8,ego_0,752.119570415312,-8.0,24.76976057573958,1000.0,,0.5352683870222239,0.5352683870222239,0.5352683870222239,0.5352683870222239,0.0,0,highway_0,1,428.11957041531196,752.119570415312,,-1025.7697605757396
17.9,ego_0,754.596546472886,-8.0,24.76976057573958,1000.0,,0.5352683870222239,0.5352683870222239,0.5352683870222239,0.5352683870222239,0.0,0,highway_0,1,430.59654647288596,754.596546472886,,-1025.7697605757396
18.0,ego_0,757.07352253046,-8.0,24.76976057573958,1000.0,,0.5352683870222239,0.5352683870222239,0.5352683870222239,0.5352683870222239,0.0,0,highway_0,1,433.07352253045997,757.07352253046,,-1025.7697605757396
18.1,ego_0,759.550498588034,-8.0,24.76976057573958,1000.0,,0.5352683870222239,0.5352683870222239,0.5352683870222239,0.5352683870222239,0.0,0,highway_0,1,435.550498588034,759.550498588034,,-1025.7697605757396
18.2,ego_0,762.027474645608,-8.0,24.76976057573958,1000.0,,0.5352683870222239,0.5352683870222239,0.5352683870222239,0.5352683870222239,0.0,0,highway_0,1,438.027474645608,762.027474645608,,-1025.7697605757396
18.3,ego_0,764.504450703182,-8.0,24.76976057573958,1000.0,,0.5352683870222239,0.5352683870222239,0.5352683870222239,0.5352683870222239,0.0,0,highway_0,1,440.504450703182,764.504450703182,,-1025.7697605757396
18.4,ego_0,766.981426760756,-8.0,24.76976057573958,1000.0,,0.5352683870222239,0.5352683870222239,0.5352683870222239,0.5352683870222239,0.0,0,highway_0,1,442.981426760756,766.981426760756,,-1025.7697605757396
18.5,ego_0,769.45840281833,-8.0,24.76976057573958,1000.0,,0.5352683870222239,0.5352683870222239,0.5352683870222239,0.5352683870222239,0.0,0,highway_0,1,445.45840281833,769.45840281833,,-1025.7697605757396
18.6,ego_0,771.935378875904,-8.0,24.76976057573958,1000.0,,0.5352683870222239,0.5352683870222239,0.5352683870222239,0.5352683870222239,0.0,0,highway_0,1,447.935378875904,771.935378875904,,-1025.7697605757396
18.7,ego_0,774.412354933478,-8.0,24.76976057573958,1000.0,,0.5352683870222239,0.5352683870222239,0.5352683870222239,0.5352683870222239,0.0,0,highway_0,1,450.412354933478,774.412354933478,,-1025.7697605757396
18.8,ego_0,776.889330991052,-8.0,24.76976057573958,1000.0,,0.5352683870222239,0.5352683870222239,0.5352683870222239,0.5352683870222239,0.0,0,highway_0,1,452.889330991052,776.889330991052,,-1025.7697605757396
18.9,ego_0,779.366307048626,-8.0,24.76976057573958,1000.0,,0.5352683870222239,0.5352683870222239,0.5352683870222239,0.5352683870222239,0.0,0,highway_0,1,455.366307048626,779.366307048626,,-1025.7697605757396
19.0,ego_0,781.8432831062,-8.0,24.76976057573958,1000.0,,0.5352683870222239,0.5352683870222239,0.5352683870222239,0.5352683870222239,0.0,0,highway_0,1,457.84328310620003,781.8432831062,,-1025.7697605757396
19.1,ego_0,784.320259163774,-8.0,24.76976057573958,1000.0,,0.5352683870222239,0.5352683870222239,0.5352683870222239,0.5352683870222239,0.0,0,highway_0,1,460.32025916377404,784.320259163774,,-1025.7697605757396
19.2,ego_0,786.797235221348,-8.0,24.76976057573958,1000.0,,0.5352683870222239,0.5352683870222239,0.5352683870222239,0.5352683870222239,0.0,0,highway_0,1,462.79723522134805,786.797235221348,,-1025.7697605757396
19.3,ego_0,789.274211278922,-8.0,24.76976057573958,1000.0,,0.5352683870222239,0.5352683870222239,0.5352683870222239,0.5352683870222239,0.0,0,highway_0,1,465.27421127892205,789.274211278922,,-1025.7697605757396
19.4,ego_0,791.7511873364961,-8.0,24.76976057573958,1000.0,,0.5352683870222239,0.5352683870222239,0.5352683870222239,0.5352683870222239,0.0,0,highway_0,1,467.75118733649606,791.7511873364961,,-1025.7697605757396
19.5,ego_0,794.2281633940701,-8.0,24.76976057573958,1000.0,,0.5352683870222239,0.5352683870222239,0.5352683870222239,0.5352683870222239,0.0,0,highway_0,1,470.22816339407007,794.2281633940701,,-1025.7697605757396
19.6,ego_0,796.7051394516441,-8.0,24.76976057573958,1000.0,,0.5352683870222239,0.5352683870222239,0.5352683870222239,0.5352683870222239,0.0,0,highway_0,1,472.7051394516441,796.7051394516441,,-1025.7697605757396
19.7,ego_0,799.1821155092181,-8.0,24.76976057573958,1000.0,,0.5352683870222239,0.5352683870222239,0.5352683870222239,0.5352683870222239,0.0,0,highway_0,1,475.1821155092181,799.1821155092181,,-1025.7697605757396
19.8,ego_0,801.6590915667921,-8.0,24.76976057573958,1000.0,,0.5352683870222239,0.5352683870222239,0.5352683870222239,0.5352683870222239,0.0,0,highway_0,1,477.6590915667921,801.6590915667921,,-1025.7697605757396
19.9,ego_0,804.1360676243661,-8.0,24.76976057573958,1000.0,,0.5352683870222239,0.5352683870222239,0.5352683870222239,0.5352683870222239,0.0,0,highway_0,1,480.1360676243661,804.1360676243661,,-1025.7697605757396
20.0,ego_0,806.6130436819401,-8.0,24.76976057573958,1000.0,,0.5352683870222239,0.5352683870222239,0.5352683870222239,0.5352683870222239,0.0,0,highway_0,1,482.6130436819401,806.6130436819401,,-1025.7697605757396
20.1,ego_0,809.0900197395141,-8.0,24.76976057573958,1000.0,,0.5352683870222239,0.5352683870222239,0.5352683870222239,0.5352683870222239,0.0,0,highway_0,1,485.0900197395141,809.0900197395141,,-1025.7697605757396
20.2,ego_0,811.5669957970881,-8.0,24.76976057573958,1000.0,,0.5352683870222239,0.5352683870222239,0.5352683870222239,0.5352683870222239,0.0,0,highway_0,1,487.5669957970881,811.5669957970881,,-1025.7697605757396
20.3,ego_0,814.0439718546621,-8.0,24.76976057573958,1000.0,,0.5352683870222239,0.5352683870222239,0.5352683870222239,0.5352683870222239,0.0,0,highway_0,1,490.0439718546621,814.0439718546621,,-1025.7697605757396
20.4,ego_0,816.5209479122361,-8.0,24.76976057573958,1000.0,,0.5352683870222239,0.5352683870222239,0.5352683870222239,0.5352683870222239,0.0,0,highway_0,1,492.5209479122361,816.5209479122361,,-1025.7697605757396
20.5,ego_0,818.9979239698101,-8.0,24.76976057573958,1000.0,,0.5352683870222239,0.5352683870222239,0.5352683870222239,0.5352683870222239,0.0,0,highway_0,1,494.99792396981013,818.9979239698101,,-1025.7697605757396
20.6,ego_0,821.4749000273841,-8.0,24.76976057573958,1000.0,,0.5352683870222239,0.5352683870222239,0.5352683870222239,0.5352683870222239,0.0,0,highway_0,1,497.47490002738414,821.4749000273841,,-1025.7697605757396
20.7,ego_0,823.9518760849581,-8.0,24.76976057573958,1000.0,,0.5352683870222239,0.5352683870222239,0.5352683870222239,0.5352683870222239,0.0,0,highway_0,1,499.95187608495814,823.9518760849581,,-1025.7697605757396
20.8,ego_0,826.4288521425322,-8.0,24.76976057573958,1000.0,,0.5352683870222239,0.5352683870222239,0.5352683870222239,0.5352683870222239,0.0,0,highway_0,1,502.42885214253215,826.4288521425322,,-1025.7697605757396
20.9,ego_0,828.9058282001062,-8.0,24.76976057573958,1000.0,,0.5352683870222239,0.5352683870222239,0.5352683870222239,0.5352683870222239,0.0,0,highway_0,1,504.90582820010616,828.9058282001062,,-1025.7697605757396
21.0,ego_0,831.3828042576802,-8.0,24.76976057573958,1000.0,,0.5352683870222239,0.5352683870222239,0.5352683870222239,0.5352683870222239,0.0,0,highway_0,1,507.38280425768016,831.3828042576802,,-1025.7697605757396
21.1,ego_0,833.8597803152542,-8.0,24.76976057573958,1000.0,,0.5352683870222239,0.5352683870222239,0.5352683870222239,0.5352683870222239,0.0,0,highway_0,1,509.85978031525417,833.8597803152542,,-1025.7697605757396
21.2,ego_0,836.3367563728282,-8.0,24.76976057573958,1000.0,,0.5352683870222239,0.5352683870222239,0.5352683870222239,0.5352683870222239,0.0,0,highway_0,1,512.3367563728282,836.3367563728282,,-1025.7697605757396
21.3,ego_0,838.8137324304022,-8.0,24.76976057573958,1000.0,,0.5352683870222239,0.5352683870222239,0.5352683870222239,0.5352683870222239,0.0,0,highway_0,1,514.8137324304022,838.8137324304022,,-1025.7697605757396
21.4,ego_0,841.2907084879762,-8.0,24.76976057573958,1000.0,,0.5352683870222239,0.5352683870222239,0.5352683870222239,0.5352683870222239,0.0,0,highway_0,1,517.2907084879762,841.2907084879762,,-1025.7697605757396
21.5,ego_0,843.7676845455502,-8.0,24.76976057573958,1000.0,,0.5352683870222239,0.5352683870222239,0.5352683870222239,0.5352683870222239,0.0,0,highway_0,1,519.7676845455502,843.7676845455502,,-1025.7697605757396
21.6,ego_0,846.2446606031242,-8.0,24.76976057573958,1000.0,,0.5352683870222239,0.5352683870222239,0.5352683870222239,0.5352683870222239,0.0,0,highway_0,1,522.2446606031242,846.2446606031242,,-1025.7697605757396
21.7,ego_0,848.7216366606982,-8.0,24.76976057573958,1000.0,,0.5352683870222239,0.5352683870222239,0.5352683870222239,0.5352683870222239,0.0,0,highway_0,1,524.7216366606982,848.7216366606982,,-1025.7697605757396
21.8,ego_0,851.1986127182722,-8.0,24.76976057573958,1000.0,,0.5352683870222239,0.5352683870222239,0.5352683870222239,0.5352683870222239,0.0,0,highway_0,1,527.1986127182722,851.1986127182722,,-1025.7697605757396
21.9,ego_0,853.6755887758462,-8.0,24.76976057573958,1000.0,,0.5352683870222239,0.5352683870222239,0.5352683870222239,0.5352683870222239,0.0,0,highway_0,1,529.6755887758462,853.6755887758462,,-1025.7697605757396
22.0,ego_0,856.1525648334202,-8.0,24.76976057573958,1000.0,,0.5352683870222239,0.5352683870222239,0.5352683870222239,0.5352683870222239,0.0,0,highway_0,1,532.1525648334202,856.1525648334202,,-1025.7697605757396
22.1,ego_0,858.6295408909942,-8.0,24.76976057573958,1000.0,,0.5352683870222239,0.5352683870222239,0.5352683870222239,0.5352683870222239,0.0,0,highway_0,1,534.6295408909942,858.6295408909942,,-1025.7697605757396
22.2,ego_0,861.1065169485682,-8.0,24.76976057573958,1000.0,,0.5352683870222239,0.5352683870222239,0.5352683870222239,0.5352683870222239,0.0,0,highway_0,1,537.1065169485682,861.1065169485682,,-1025.7697605757396
22.3,ego_0,863.5834930061422,-8.0,24.76976057573958,1000.0,,0.5352683870222239,0.5352683870222239,0.5352683870222239,0.5352683870222239,0.0,0,highway_0,1,539.5834930061422,863.5834930061422,,-1025.7697605757396
22.4,ego_0,866.0604690637163,-8.0,24.76976057573958,1000.0,,0.5352683870222239,0.5352683870222239,0.5352683870222239,0.5352683870222239,0.0,0,highway_0,1,542.0604690637163,866.0604690637163,,-1025.7697605757396
22.5,ego_0,868.5374451212903,-8.0,24.76976057573958,1000.0,,0.5352683870222239,0.5352683870222239,0.5352683870222239,0.5352683870222239,0.0,0,highway_0,1,544.5374451212903,868.5374451212903,,-1025.7697605757396
22.6,ego_0,871.0144211788643,-8.0,24.76976057573958,1000.0,,0.5352683870222239,0.5352683870222239,0.5352683870222239,0.5352683870222239,0.0,0,highway_0,1,547.0144211788643,871.0144211788643,,-1025.7697605757396
22.7,ego_0,873.4913972364383,-8.0,24.76976057573958,1000.0,,0.5352683870222239,0.5352683870222239,0.5352683870222239,0.5352683870222239,0.0,0,highway_0,1,549.4913972364383,873.4913972364383,,-1025.7697605757396
22.8,ego_0,875.9683732940123,-8.0,24.76976057573958,1000.0,,0.5352683870222239,0.5352683870222239,0.5352683870222239,0.5352683870222239,0.0,0,highway_0,1,551.9683732940123,875.9683732940123,,-1025.7697605757396
22.9,ego_0,878.4453493515863,-8.0,24.76976057573958,1000.0,,0.5352683870222239,0.5352683870222239,0.5352683870222239,0.5352683870222239,0.0,0,highway_0,1,554.4453493515863,878.4453493515863,,-1025.7697605757396
23.0,ego_0,880.9223254091603,-8.0,24.76976057573958,1000.0,,0.5352683870222239,0.5352683870222239,0.5352683870222239,0.5352683870222239,0.0,0,highway_0,1,556.9223254091603,880.9223254091603,,-1025.7697605757396
23.1,ego_0,883.3993014667343,-8.0,24.76976057573958,1000.0,,0.5352683870222239,0.5352683870222239,0.5352683870222239,0.5352683870222239,0.0,0,highway_0,1,559.3993014667343,883.3993014667343,,-1025.7697605757396
23.2,ego_0,885.8762775243083,-8.0,24.76976057573958,1000.0,,0.5352683870222239,0.5352683870222239,0.5352683870222239,0.5352683870222239,0.0,0,highway_0,1,561.8762775243083,885.8762775243083,,-1025.7697605757396
23.3,ego_0,888.3532535818823,-8.0,24.76976057573958,1000.0,,0.5352683870222239,0.5352683870222239,0.5352683870222239,0.5352683870222239,0.0,0,highway_0,1,564.3532535818823,888.3532535818823,,-1025.7697605757396
23.4,ego_0,890.8302296394563,-8.0,24.76976057573958,1000.0,,0.5352683870222239,0.5352683870222239,0.5352683870222239,0.5352683870222239,0.0,0,highway_0,1,566.8302296394563,890.8302296394563,,-1025.7697605757396
23.5,ego_0,893.3072056970303,-8.0,24.76976057573958,1000.0,,0.5352683870222239,0.5352683870222239,0.5352683870222239,0.5352683870222239,0.0,0,highway_0,1,569.3072056970303,893.3072056970303,,-1025.7697605757396
23.6,ego_0,895.7841817546043,-8.0,24.76976057573958,1000.0,,0.5352683870222239,0.5352683870222239,0.5352683870222239,0.5352683870222239,0.0,0,highway_0,1,571.7841817546043,895.7841817546043,,-1025.7697605757396
23.7,ego_0,898.2611578121783,-8.0,24.76976057573958,1000.0,,0.5352683870222239,0.5352683870222239,0.5352683870222239,0.5352683870222239,0.0,0,highway_0,1,574.2611578121783,898.2611578121783,,-1025.7697605757396
23.8,ego_0,900.7381338697523,-8.0,24.76976057573958,1000.0,,0.5352683870222239,0.5352683870222239,0.5352683870222239,0.5352683870222239,0.0,0,highway_0,1,576.7381338697523,900.7381338697523,,-1025.7697605757396
23.9,ego_0,903.2151099273264,-8.0,24.76976057573958,1000.0,,0.5352683870222239,0.5352683870222239,0.5352683870222239,0.5352683870222239,0.0,0,highway_0,1,579.2151099273264,903.2151099273264,,-1025.7697605757396
24.0,ego_0,905.6920859849004,-8.0,24.76976057573958,1000.0,,0.5352683870222239,0.5352683870222239,0.5352683870222239,0.5352683870222239,0.0,0,highway_0,1,581.6920859849004,905.6920859849004,,-1025.7697605757396
24.1,ego_0,908.1690620424744,-8.0,24.76976057573958,1000.0,,0.5352683870222239,0.5352683870222239,0.5352683870222239,0.5352683870222239,0.0,0,highway_0,1,584.1690620424744,908.1690620424744,,-1025.7697605757396
24.2,ego_0,910.6460381000484,-8.0,24.76976057573958,1000.0,,0.5352683870222239,0.5352683870222239,0.5352683870222239,0.5352683870222239,0.0,0,highway_0,1,586.6460381000484,910.6460381000484,,-1025.7697605757396
24.3,ego_0,913.1230141576223,-8.0,24.76976057573958,1000.0,,0.5352683870222239,0.5352683870222239,0.5352683870222239,0.5352683870222239,0.0,0,highway_0,1,589.1230141576224,913.1230141576224,,-1025.7697605757396
24.4,ego_0,915.5999902151963,-8.0,24.76976057573958,1000.0,,0.5352683870222239,0.5352683870222239,0.5352683870222239,0.5352683870222239,0.0,0,highway_0,1,591.5999902151964,915.5999902151964,,-1025.7697605757396
24.5,ego_0,918.0769662727703,-8.0,24.76976057573958,1000.0,,0.5352683870222239,0.5352683870222239,0.5352683870222239,0.5352683870222239,0.0,0,highway_0,1,594.0769662727704,918.0769662727704,,-1025.7697605757396
24.6,ego_0,920.5539423303443,-8.0,24.76976057573958,1000.0,,0.5352683870222239,0.5352683870222239,0.5352683870222239,0.5352683870222239,0.0,0,highway_0,1,596.5539423303444,920.5539423303444,,-1025.7697605757396
24.7,ego_0,923.0309183879183,-8.0,24.76976057573958,1000.0,,0.5352683870222239,0.5352683870222239,0.5352683870222239,0.5352683870222239,0.0,0,highway_0,1,599.0309183879184,923.0309183879184,,-1025.7697605757396
24.8,ego_0,925.5078944454925,-8.0,24.76976057573958,1000.0,,0.5352683870222239,0.5352683870222239,0.5352683870222239,0.5352683870222239,0.0,0,highway_0,1,601.5078944454924,925.5078944454924,,-1025.7697605757396
24.9,ego_0,927.9848705030665,-8.0,24.76976057573958,1000.0,,0.5352683870222239,0.5352683870222239,0.5352683870222239,0.5352683870222239,0.0,0,highway_0,1,603.9848705030664,927.9848705030664,,-1025.7697605757396
25.0,ego_0,930.4618465606405,-8.0,24.76976057573958,1000.0,,0.5352683870222239,0.5352683870222239,0.5352683870222239,0.5352683870222239,0.0,0,highway_0,1,606.4618465606404,930.4618465606404,,-1025.7697605757396
25.1,ego_0,932.9388226182145,-8.0,24.76976057573958,1000.0,,0.5352683870222239,0.5352683870222239,0.5352683870222239,0.5352683870222239,0.0,0,highway_0,1,608.9388226182144,932.9388226182144,,-1025.7697605757396
25.2,ego_0,935.4157986757886,-8.0,24.76976057573958,1000.0,,0.5352683870222239,0.5352683870222239,0.5352683870222239,0.5352683870222239,0.0,0,highway_0,1,611.4157986757884,935.4157986757884,,-1025.7697605757396
25.3,ego_0,937.8927747333624,-8.0,24.76976057573958,1000.0,,0.5352683870222239,0.5352683870222239,0.5352683870222239,0.5352683870222239,0.0,0,highway_0,1,613.8927747333624,937.8927747333624,,-1025.7697605757396
25.4,ego_0,940.3697507909365,-8.0,24.76976057573958,1000.0,,0.5352683870222239,0.5352683870222239,0.5352683870222239,0.5352683870222239,0.0,0,highway_0,1,616.3697507909365,940.3697507909365,,-1025.7697605757396
25.5,ego_0,942.8467268485105,-8.0,24.76976057573958,1000.0,,0.5352683870222239,0.5352683870222239,0.5352683870222239,0.5352683870222239,0.0,0,highway_0,1,618.8467268485105,942.8467268485105,,-1025.7697605757396
25.6,ego_0,945.3237029060845,-8.0,24.76976057573958,1000.0,,0.5352683870222239,0.5352683870222239,0.5352683870222239,0.5352683870222239,0.0,0,highway_0,1,621.3237029060845,945.3237029060845,,-1025.7697605757396
25.7,ego_0,947.8006789636585,-8.0,24.76976057573958,1000.0,,0.5352683870222239,0.5352683870222239,0.5352683870222239,0.5352683870222239,0.0,0,highway_0,1,623.8006789636585,947.8006789636585,,-1025.7697605757396
25.8,ego_0,950.2776550212325,-8.0,24.76976057573958,1000.0,,0.5352683870222239,0.5352683870222239,0.5352683870222239,0.5352683870222239,0.0,0,highway_0,1,626.2776550212325,950.2776550212325,,-1025.7697605757396
25.9,ego_0,952.7546310788065,-8.0,24.76976057573958,1000.0,,0.5352683870222239,0.5352683870222239,0.5352683870222239,0.5352683870222239,0.0,0,highway_0,1,628.7546310788065,952.7546310788065,,-1025.7697605757396
26.0,ego_0,955.2316071363805,-8.0,24.76976057573958,1000.0,,0.5352683870222239,0.5352683870222239,0.5352683870222239,0.5352683870222239,0.0,0,highway_0,1,631.2316071363805,955.2316071363805,,-1025.7697605757396
26.1,ego_0,957.7085831939545,-8.0,24.76976057573958,1000.0,,0.5352683870222239,0.5352683870222239,0.5352683870222239,0.5352683870222239,0.0,0,highway_0,1,633.7085831939545,957.7085831939545,,-1025.7697605757396
26.2,ego_0,960.1855592515285,-8.0,24.76976057573958,1000.0,,0.5352683870222239,0.5352683870222239,0.5352683870222239,0.5352683870222239,0.0,0,highway_0,1,636.1855592515285,960.1855592515285,,-1025.7697605757396
26.3,ego_0,962.6625353091025,-8.0,24.76976057573958,1000.0,,0.5352683870222239,0.5352683870222239,0.5352683870222239,0.5352683870222239,0.0,0,highway_0,1,638.6625353091025,962.6625353091025,,-1025.7697605757396
26.4,ego_0,965.1395113666765,-8.0,24.76976057573958,1000.0,,0.5352683870222239,0.5352683870222239,0.5352683870222239,0.5352683870222239,0.0,0,highway_0,1,641.1395113666765,965.1395113666765,,-1025.7697605757396
26.5,ego_0,967.6164874242505,-8.0,24.76976057573958,1000.0,,0.5352683870222239,0.5352683870222239,0.5352683870222239,0.5352683870222239,0.0,0,highway_0,1,643.6164874242505,967.6164874242505,,-1025.7697605757396
26.6,ego_0,970.0934634818245,-8.0,24.76976057573958,1000.0,,0.5352683870222239,0.5352683870222239,0.5352683870222239,0.5352683870222239,0.0,0,highway_0,1,646.0934634818245,970.0934634818245,,-1025.7697605757396
26.7,ego_0,972.5704395393985,-8.0,24.76976057573958,1000.0,,0.5352683870222239,0.5352683870222239,0.5352683870222239,0.5352683870222239,0.0,0,highway_0,1,648.5704395393985,972.5704395393985,,-1025.7697605757396
26.8,ego_0,975.0474155969724,-8.0,24.76976057573958,1000.0,,0.5352683870222239,0.5352683870222239,0.5352683870222239,0.5352683870222239,0.0,0,highway_0,1,651.0474155969725,975.0474155969725,,-1025.7697605757396
26.9,ego_0,977.5243916545464,-8.0,24.76976057573958,1000.0,,0.5352683870222239,0.5352683870222239,0.5352683870222239,0.5352683870222239,0.0,0,highway_0,1,653.5243916545465,977.5243916545465,,-1025.7697605757396
27.0,ego_0,980.0013677121204,-8.0,24.76976057573958,1000.0,,0.5352683870222239,0.5352683870222239,0.5352683870222239,0.5352683870222239,0.0,0,highway_0,1,656.0013677121206,980.0013677121206,,-1025.7697605757396
27.1,ego_0,982.4783437696944,-8.0,24.76976057573958,1000.0,,0.5352683870222239,0.5352683870222239,0.5352683870222239,0.5352683870222239,0.0,0,highway_0,1,658.4783437696946,982.4783437696946,,-1025.7697605757396
27.2,ego_0,984.9553198272685,-8.0,24.76976057573958,1000.0,,0.5352683870222239,0.5352683870222239,0.5352683870222239,0.5352683870222239,0.0,0,highway_0,1,660.9553198272686,984.9553198272686,,-1025.7697605757396
27.3,ego_0,987.4322958848427,-8.0,24.76976057573958,1000.0,,0.5352683870222239,0.5352683870222239,0.5352683870222239,0.5352683870222239,0.0,0,highway_0,1,663.4322958848426,987.4322958848426,,-1025.7697605757396
27.4,ego_0,989.9092719424167,-8.0,24.76976057573958,1000.0,,0.5352683870222239,0.5352683870222239,0.5352683870222239,0.5352683870222239,0.0,0,highway_0,1,665.9092719424166,989.9092719424166,,-1025.7697605757396
27.5,ego_0,992.3862479999907,-8.0,24.76976057573958,1000.0,,0.5352683870222239,0.5352683870222239,0.5352683870222239,0.5352683870222239,0.0,0,highway_0,1,668.3862479999906,992.3862479999906,,-1025.7697605757396
27.6,ego_0,994.8632240575647,-8.0,24.76976057573958,1000.0,,0.5352683870222239,0.5352683870222239,0.5352683870222239,0.5352683870222239,0.0,0,highway_0,1,670.8632240575646,994.8632240575646,,-1025.7697605757396
27.7,ego_0,997.3402001151387,-8.0,24.76976057573958,1000.0,,0.5352683870222239,0.5352683870222239,0.5352683870222239,0.5352683870222239,0.0,0,highway_0,1,673.3402001151386,997.3402001151386,,-1025.7697605757396
27.8,ego_0,999.8171761727126,-8.0,24.76976057573958,1000.0,,0.5352683870222239,0.5352683870222239,0.5352683870222239,0.5352683870222239,0.0,0,highway_0,1,675.8171761727126,999.8171761727126,,-1025.7697605757396
27.9,ego_0,1002.2941522302866,-8.0,24.76976057573958,1000.0,,0.5352683870222239,0.5352683870222239,0.5352683870222239,0.5352683870222239,0.0,0,highway_0,1,678.2941522302866,1002.2941522302866,,-1025.7697605757396
28.0,ego_0,1004.7711282878606,-8.0,24.76976057573958,1000.0,,0.5352683870222239,0.5352683870222239,0.5352683870222239,0.5352683870222239,0.0,0,highway_0,1,680.7711282878606,1004.7711282878606,,-1025.7697605757396
28.1,ego_0,1007.2481043454346,-8.0,24.76976057573958,1000.0,,0.5352683870222239,0.5352683870222239,0.5352683870222239,0.5352683870222239,0.0,0,highway_0,1,683.2481043454346,1007.2481043454346,,-1025.7697605757396
28.2,ego_0,1009.7250804030086,-8.0,24.76976057573958,1000.0,,0.5352683870222239,0.5352683870222239,0.5352683870222239,0.5352683870222239,0.0,0,highway_0,1,685.7250804030086,1009.7250804030086,,-1025.7697605757396
28.3,ego_0,1012.2020564605826,-8.0,24.76976057573958,1000.0,,0.5352683870222239,0.5352683870222239,0.5352683870222239,0.5352683870222239,0.0,0,highway_0,1,688.2020564605826,1012.2020564605826,,-1025.7697605757396
28.4,ego_0,1014.6790325181566,-8.0,24.76976057573958,1000.0,,0.5352683870222239,0.5352683870222239,0.5352683870222239,0.5352683870222239,0.0,0,highway_0,1,690.6790325181566,1014.6790325181566,,-1025.7697605757396
28.5,ego_0,1017.1560085757307,-8.0,24.76976057573958,1000.0,,0.5352683870222239,0.5352683870222239,0.5352683870222239,0.5352683870222239,0.0,0,highway_0,1,693.1560085757307,1017.1560085757307,,-1025.7697605757396
28.6,ego_0,1019.6329846333047,-8.0,24.76976057573958,1000.0,,0.5352683870222239,0.5352683870222239,0.5352683870222239,0.5352683870222239,0.0,0,highway_0,1,695.6329846333047,1019.6329846333047,,-1025.7697605757396
28.7,ego_0,1022.1099606908787,-8.0,24.76976057573958,1000.0,,0.5352683870222239,0.5352683870222239,0.5352683870222239,0.5352683870222239,0.0,0,highway_0,1,698.1099606908787,1022.1099606908787,,-1025.7697605757396
28.8,ego_0,1024.5869367484527,-8.0,24.76976057573958,1000.0,,0.5352683870222239,0.5352683870222239,0.5352683870222239,0.5352683870222239,0.0,0,highway_0,1,700.5869367484527,1024.5869367484527,,-1025.7697605757396
28.9,ego_0,1027.0639128060266,-8.0,24.76976057573958,1000.0,,0.5352683870222239,0.5352683870222239,0.5352683870222239,0.5352683870222239,0.0,0,highway_0,1,703.0639128060266,1027.0639128060266,,-1025.7697605757396
29.0,ego_0,1029.5408888636005,-8.0,24.76976057573958,1000.0,,0.5352683870222239,0.5352683870222239,0.5352683870222239,0.5352683870222239,0.0,0,highway_0,1,705.5408888636005,1029.5408888636005,,-1025.7697605757396
29.1,ego_0,1032.0178649211744,-8.0,24.76976057573958,1000.0,,0.5352683870222239,0.5352683870222239,0.5352683870222239,0.5352683870222239,0.0,0,highway_0,1,708.0178649211744,1032.0178649211744,,-1025.7697605757396
29.2,ego_0,1034.4948409787482,-8.0,24.76976057573958,1000.0,,0.5352683870222239,0.5352683870222239,0.5352683870222239,0.5352683870222239,0.0,0,highway_0,1,710.4948409787482,1034.4948409787482,,-1025.7697605757396
29.3,ego_0,1036.9718170363221,-8.0,24.76976057573958,1000.0,,0.5352683870222239,0.5352683870222239,0.5352683870222239,0.5352683870222239,0.0,0,highway_0,1,712.9718170363221,1036.9718170363221,,-1025.7697605757396
29.4,ego_0,1039.448793093896,-8.0,24.76976057573958,1000.0,,0.5352683870222239,0.5352683870222239,0.5352683870222239,0.5352683870222239,0.0,0,highway_0,1,715.448793093896,1039.448793093896,,-1025.7697605757396
29.5,ego_0,1041.92576915147,-8.0,24.76976057573958,1000.0,,0.5352683870222239,0.5352683870222239,0.5352683870222239,0.5352683870222239,0.0,0,highway_0,1,717.9257691514699,1041.92576915147,,-1025.7697605757396
29.6,ego_0,1044.4027452090438,-8.0,24.76976057573958,1000.0,,0.5352683870222239,0.5352683870222239,0.5352683870222239,0.5352683870222239,0.0,0,highway_0,1,720.4027452090438,1044.4027452090438,,-1025.7697605757396
29.7,ego_0,1046.8797212666177,-8.0,24.76976057573958,1000.0,,0.5352683870222239,0.5352683870222239,0.5352683870222239,0.5352683870222239,0.0,0,highway_0,1,722.8797212666177,1046.8797212666177,,-1025.7697605757396
29.8,ego_0,1049.3566973241916,-8.0,24.76976057573958,1000.0,,0.5352683870222239,0.5352683870222239,0.5352683870222239,0.5352683870222239,0.0,0,highway_0,1,725.3566973241916,1049.3566973241916,,-1025.7697605757396
29.9,ego_0,1051.8336733817655,-8.0,24.76976057573958,1000.0,,0.5352683870222239,0.5352683870222239,0.5352683870222239,0.5352683870222239,0.0,0,highway_0,1,727.8336733817655,1051.8336733817655,,-1025.7697605757396
30.0,ego_0,1054.3106494393394,-8.0,24.76976057573958,1000.0,,0.5352683870222239,0.5352683870222239,0.5352683870222239,0.5352683870222239,0.0,0,highway_0,1,730.3106494393394,1054.3106494393394,,-1025.7697605757396
30.1,ego_0,1056.7876254969133,-8.0,24.76976057573958,1000.0,,0.5352683870222239,0.5352683870222239,0.5352683870222239,0.5352683870222239,0.0,0,highway_0,1,732.7876254969133,1056.7876254969133,,-1025.7697605757396
30.2,ego_0,1059.2646015544872,-8.0,24.76976057573958,1000.0,,0.5352683870222239,0.5352683870222239,0.5352683870222239,0.5352683870222239,0.0,0,highway_0,1,735.2646015544872,1059.2646015544872,,-1025.7697605757396
30.3,ego_0,1061.741577612061,-8.0,24.76976057573958,1000.0,,0.5352683870222239,0.5352683870222239,0.5352683870222239,0.5352683870222239,0.0,0,highway_0,1,737.7415776120611,1061.741577612061,,-1025.7697605757396
30.4,ego_0,1064.218553669635,-8.0,24.76976057573958,1000.0,,0.5352683870222239,0.5352683870222239,0.5352683870222239,0.5352683870222239,0.0,0,highway_0,1,740.218553669635,1064.218553669635,,-1025.7697605757396
30.5,ego_0,1066.6955297272089,-8.0,24.76976057573958,1000.0,,0.5352683870222239,0.5352683870222239,0.5352683870222239,0.5352683870222239,0.0,0,highway_0,1,742.6955297272089,1066.6955297272089,,-1025.7697605757396
30.6,ego_0,1069.1725057847827,-8.0,24.76976057573958,1000.0,,0.5352683870222239,0.5352683870222239,0.5352683870222239,0.5352683870222239,0.0,0,highway_0,1,745.1725057847827,1069.1725057847827,,-1025.7697605757396
30.7,ego_0,1071.6494818423566,-8.0,24.76976057573958,1000.0,,0.5352683870222239,0.5352683870222239,0.5352683870222239,0.5352683870222239,0.0,0,highway_0,1,747.6494818423566,1071.6494818423566,,-1025.7697605757396
30.8,ego_0,1074.1264578999305,-8.0,24.76976057573958,1000.0,,0.5352683870222239,0.5352683870222239,0.5352683870222239,0.5352683870222239,0.0,0,highway_0,1,750.1264578999305,1074.1264578999305,,-1025.7697605757396
30.9,ego_0,1076.6034339575044,-8.0,24.76976057573958,1000.0,,0.5352683870222239,0.5352683870222239,0.5352683870222239,0.5352683870222239,0.0,0,highway_0,1,752.6034339575044,1076.6034339575044,,-1025.7697605757396
31.0,ego_0,1079.0804100150783,-8.0,24.76976057573958,1000.0,,0.5352683870222239,0.5352683870222239,0.5352683870222239,0.5352683870222239,0.0,0,highway_0,1,755.0804100150783,1079.0804100150783,,-1025.7697605757396
31.1,ego_0,1081.5573860726522,-8.0,24.76976057573958,1000.0,,0.5352683870222239,0.5352683870222239,0.5352683870222239,0.5352683870222239,0.0,0,highway_0,1,757.5573860726522,1081.5573860726522,,-1025.7697605757396
31.2,ego_0,1084.034362130226,-8.0,24.76976057573958,1000.0,,0.5352683870222239,0.5352683870222239,0.5352683870222239,0.5352683870222239,0.0,0,highway_0,1,760.0343621302261,1084.034362130226,,-1025.7697605757396
31.3,ego_0,1086.5113381878,-8.0,24.76976057573958,1000.0,,0.5352683870222239,0.5352683870222239,0.5352683870222239,0.5352683870222239,0.0,0,highway_0,1,762.5113381878,1086.5113381878,,-1025.7697605757396
31.4,ego_0,1088.9883142453739,-8.0,24.76976057573958,1000.0,,0.5352683870222239,0.5352683870222239,0.5352683870222239,0.5352683870222239,0.0,0,highway_0,1,764.9883142453739,1088.9883142453739,,-1025.7697605757396
31.5,ego_0,1091.4652903029478,-8.0,24.76976057573958,1000.0,,0.5352683870222239,0.5352683870222239,0.5352683870222239,0.5352683870222239,0.0,0,highway_0,1,767.4652903029478,1091.4652903029478,,-1025.7697605757396
31.6,ego_0,1093.9422663605217,-8.0,24.76976057573958,1000.0,,0.5352683870222239,0.5352683870222239,0.5352683870222239,0.5352683870222239,0.0,0,highway_0,1,769.9422663605217,1093.9422663605217,,-1025.7697605757396
31.7,ego_0,1096.4192424180956,-8.0,24.76976057573958,1000.0,,0.5352683870222239,0.5352683870222239,0.5352683870222239,0.5352683870222239,0.0,0,highway_0,1,772.4192424180956,1096.4192424180956,,-1025.7697605757396
31.8,ego_0,1098.8962184756695,-8.0,24.76976057573958,1000.0,,0.5352683870222239,0.5352683870222239,0.5352683870222239,0.5352683870222239,0.0,0,highway_0,1,774.8962184756695,1098.8962184756695,,-1025.7697605757396
31.9,ego_0,1101.3731945332433,-8.0,24.76976057573958,1000.0,,0.5352683870222239,0.5352683870222239,0.5352683870222239,0.5352683870222239,0.0,0,highway_0,1,777.3731945332433,1101.3731945332433,,-1025.7697605757396
32.0,ego_0,1103.8501705908172,-8.0,24.76976057573958,1000.0,,0.5352683870222239,0.5352683870222239,0.5352683870222239,0.5352683870222239,0.0,0,highway_0,1,779.8501705908172,1103.8501705908172,,-1025.7697605757396
32.1,ego_0,1106.3271466483911,-8.0,24.76976057573958,1000.0,,0.5352683870222239,0.5352683870222239,0.5352683870222239,0.5352683870222239,0.0,0,highway_0,1,782.3271466483911,1106.3271466483911,,-1025.7697605757396
32.2,ego_0,1108.804122705965,-8.0,24.76976057573958,1000.0,,0.5352683870222239,0.5352683870222239,0.5352683870222239,0.5352683870222239,0.0,0,highway_0,1,784.804122705965,1108.804122705965,,-1025.7697605757396
32.3,ego_0,1111.281098763539,-8.0,24.76976057573958,1000.0,,0.5352683870222239,0.5352683870222239,0.5352683870222239,0.5352683870222239,0.0,0,highway_0,1,787.2810987635389,1111.281098763539,,-1025.7697605757396
32.4,ego_0,1113.7580748211128,-8.0,24.76976057573958,1000.0,,0.5352683870222239,0.5352683870222239,0.5352683870222239,0.5352683870222239,0.0,0,highway_0,1,789.7580748211128,1113.7580748211128,,-1025.7697605757396
32.5,ego_0,1116.2350508786867,-8.0,24.76976057573958,1000.0,,0.5352683870222239,0.5352683870222239,0.5352683870222239,0.5352683870222239,0.0,0,highway_0,1,792.2350508786867,1116.2350508786867,,-1025.7697605757396
32.6,ego_0,1118.7120269362606,-8.0,24.76976057573958,1000.0,,0.5352683870222239,0.5352683870222239,0.5352683870222239,0.5352683870222239,0.0,0,highway_0,1,794.7120269362606,1118.7120269362606,,-1025.7697605757396
32.7,ego_0,1121.1890029938345,-8.0,24.76976057573958,1000.0,,0.5352683870222239,0.5352683870222239,0.5352683870222239,0.5352683870222239,0.0,0,highway_0,1,797.1890029938345,1121.1890029938345,,-1025.7697605757396
32.8,ego_0,1123.6659790514084,-8.0,24.76976057573958,1000.0,,0.5352683870222239,0.5352683870222239,0.5352683870222239,0.5352683870222239,0.0,0,highway_0,1,799.6659790514084,1123.6659790514084,,-1025.7697605757396
32.9,ego_0,1126.1429551089823,-8.0,24.76976057573958,1000.0,,0.5352683870222239,0.5352683870222239,0.5352683870222239,0.5352683870222239,0.0,0,highway_0,1,802.1429551089823,1126.1429551089823,,-1025.7697605757396
33.0,ego_0,1128.6199311665562,-8.0,24.76976057573958,1000.0,,0.5352683870222239,0.5352683870222239,0.5352683870222239,0.5352683870222239,0.0,0,highway_0,1,804.6199311665562,1128.6199311665562,,-1025.7697605757396
33.1,ego_0,1131.09690722413,-8.0,24.76976057573958,1000.0,,0.5352683870222239,0.5352683870222239,0.5352683870222239,0.5352683870222239,0.0,0,highway_0,1,807.0969072241301,1131.09690722413,,-1025.7697605757396
33.2,ego_0,1133.573883281704,-8.0,24.76976057573958,1000.0,,0.5352683870222239,0.5352683870222239,0.5352683870222239,0.5352683870222239,0.0,0,highway_0,1,809.573883281704,1133.573883281704,,-1025.7697605757396
33.3,ego_0,1136.0508593392778,-8.0,24.76976057573958,1000.0,,0.5352683870222239,0.5352683870222239,0.5352683870222239,0.5352683870222239,0.0,0,highway_0,1,812.0508593392778,1136.0508593392778,,-1025.7697605757396
33.4,ego_0,1138.5278353968517,-8.0,24.76976057573958,1000.0,,0.5352683870222239,0.5352683870222239,0.5352683870222239,0.5352683870222239,0.0,0,highway_0,1,814.5278353968517,1138.5278353968517,,-1025.7697605757396
33.5,ego_0,1141.0048114544256,-8.0,24.76976057573958,1000.0,,0.5352683870222239,0.5352683870222239,0.5352683870222239,0.5352683870222239,0.0,0,highway_0,1,817.0048114544256,1141.0048114544256,,-1025.7697605757396
33.6,ego_0,1143.4817875119995,-8.0,24.76976057573958,1000.0,,0.5352683870222239,0.5352683870222239,0.5352683870222239,0.5352683870222239,0.0,0,highway_0,1,819.4817875119995,1143.4817875119995,,-1025.7697605757396
33.7,ego_0,1145.9587635695734,-8.0,24.76976057573958,1000.0,,0.5352683870222239,0.5352683870222239,0.5352683870222239,0.5352683870222239,0.0,0,highway_0,1,821.9587635695734,1145.9587635695734,,-1025.7697605757396
33.8,ego_0,1148.4357396271473,-8.0,24.76976057573958,1000.0,,0.5352683870222239,0.5352683870222239,0.5352683870222239,0.5352683870222239,0.0,0,highway_0,1,824.4357396271473,1148.4357396271473,,-1025.7697605757396
33.9,ego_0,1150.9127156847212,-8.0,24.76976057573958,1000.0,,0.5352683870222239,0.5352683870222239,0.5352683870222239,0.5352683870222239,0.0,0,highway_0,1,826.9127156847212,1150.9127156847212,,-1025.7697605757396
34.0,ego_0,1153.389691742295,-8.0,24.76976057573958,1000.0,,0.5352683870222239,0.5352683870222239,0.5352683870222239,0.5352683870222239,0.0,0,highway_0,1,829.3896917422951,1153.389691742295,,-1025.7697605757396
34.1,ego_0,1155.866667799869,-8.0,24.76976057573958,1000.0,,0.5352683870222239,0.5352683870222239,0.5352683870222239,0.5352683870222239,0.0,0,highway_0,1,831.866667799869,1155.866667799869,,-1025.7697605757396
34.2,ego_0,1158.3436438574429,-8.0,24.76976057573958,1000.0,,0.5352683870222239,0.5352683870222239,0.5352683870222239,0.5352683870222239,0.0,0,highway_0,1,834.3436438574429,1158.3436438574429,,-1025.7697605757396
34.3,ego_0,1160.8206199150168,-8.0,24.76976057573958,1000.0,,0.5352683870222239,0.5352683870222239,0.5352683870222239,0.5352683870222239,0.0,0,highway_0,1,836.8206199150168,1160.8206199150168,,-1025.7697605757396
34.4,ego_0,1163.2975959725907,-8.0,24.76976057573958,1000.0,,0.5352683870222239,0.5352683870222239,0.5352683870222239,0.5352683870222239,0.0,0,highway_0,1,839.2975959725907,1163.2975959725907,,-1025.7697605757396
34.5,ego_0,1165.7745720301646,-8.0,24.76976057573958,1000.0,,0.5352683870222239,0.5352683870222239,0.5352683870222239,0.5352683870222239,0.0,0,highway_0,1,841.7745720301646,1165.7745720301646,,-1025.7697605757396
34.6,ego_0,1168.2515480877385,-8.0,24.76976057573958,1000.0,,0.5352683870222239,0.5352683870222239,0.5352683870222239,0.5352683870222239,0.0,0,highway_0,1,844.2515480877385,1168.2515480877385,,-1025.7697605757396
34.7,ego_0,1170.7285241453123,-8.0,24.76976057573958,1000.0,,0.5352683870222239,0.5352683870222239,0.5352683870222239,0.5352683870222239,0.0,0,highway_0,1,846.7285241453123,1170.7285241453123,,-1025.7697605757396
34.8,ego_0,1173.2055002028862,-8.0,24.76976057573958,1000.0,,0.5352683870222239,0.5352683870222239,0.5352683870222239,0.5352683870222239,0.0,0,highway_0,1,849.2055002028862,1173.2055002028862,,-1025.7697605757396
34.9,ego_0,1175.6824762604601,-8.0,24.76976057573958,1000.0,,0.5352683870222239,0.5352683870222239,0.5352683870222239,0.5352683870222239,0.0,0,highway_0,1,851.6824762604601,1175.6824762604601,,-1025.7697605757396
35.0,ego_0,1178.159452318034,-8.0,24.76976057573958,1000.0,,0.5352683870222239,0.5352683870222239,0.5352683870222239,0.5352683870222239,0.0,0,highway_0,1,854.159452318034,1178.159452318034,,-1025.7697605757396
35.1,ego_0,1180.636428375608,-8.0,24.76976057573958,1000.0,,0.5352683870222239,0.5352683870222239,0.5352683870222239,0.5352683870222239,0.0,0,highway_0,1,856.6364283756079,1180.636428375608,,-1025.7697605757396
35.2,ego_0,1183.1134044331818,-8.0,24.76976057573958,1000.0,,0.5352683870222239,0.5352683870222239,0.5352683870222239,0.5352683870222239,0.0,0,highway_0,1,859.1134044331818,1183.1134044331818,,-1025.7697605757396
35.3,ego_0,1185.5903804907557,-8.0,24.76976057573958,1000.0,,0.5352683870222239,0.5352683870222239,0.5352683870222239,0.5352683870222239,0.0,0,highway_0,1,861.5903804907557,1185.5903804907557,,-1025.7697605757396
35.4,ego_0,1188.0673565483296,-8.0,24.76976057573958,1000.0,,0.5352683870222239,0.5352683870222239,0.5352683870222239,0.5352683870222239,0.0,0,highway_0,1,864.0673565483296,1188.0673565483296,,-1025.7697605757396
35.5,ego_0,1190.5443326059035,-8.0,24.76976057573958,1000.0,,0.5352683870222239,0.5352683870222239,0.5352683870222239,0.5352683870222239,0.0,0,highway_0,1,866.5443326059035,1190.5443326059035,,-1025.7697605757396
35.6,ego_0,1193.0213086634774,-8.0,24.76976057573958,1000.0,,0.5352683870222239,0.5352683870222239,0.5352683870222239,0.5352683870222239,0.0,0,highway_0,1,869.0213086634774,1193.0213086634774,,-1025.7697605757396
35.7,ego_0,1195.4982847210513,-8.0,24.76976057573958,1000.0,,0.5352683870222239,0.5352683870222239,0.5352683870222239,0.5352683870222239,0.0,0,highway_0,1,871.4982847210513,1195.4982847210513,,-1025.7697605757396
35.8,ego_0,1197.9752607786252,-8.0,24.76976057573958,1000.0,,0.5352683870222239,0.5352683870222239,0.5352683870222239,0.5352683870222239,0.0,0,highway_0,1,873.9752607786252,1197.9752607786252,,-1025.7697605757396
35.9,ego_0,1200.452236836199,-8.0,24.76976057573958,1000.0,,0.5352683870222239,0.5352683870222239,0.5352683870222239,0.5352683870222239,0.0,0,highway_0,1,876.4522368361991,1200.452236836199,,-1025.7697605757396
36.0,ego_0,1202.929212893773,-8.0,24.76976057573958,1000.0,,0.5352683870222239,0.5352683870222239,0.5352683870222239,0.5352683870222239,0.0,0,highway_0,1,878.929212893773,1202.929212893773,,-1025.7697605757396
36.1,ego_0,1205.4061889513468,-8.0,24.76976057573958,1000.0,,0.5352683870222239,0.5352683870222239,0.5352683870222239,0.5352683870222239,0.0,0,highway_0,1,881.4061889513468,1205.4061889513468,,-1025.7697605757396
36.2,ego_0,1207.8831650089207,-8.0,24.76976057573958,1000.0,,0.5352683870222239,0.5352683870222239,0.5352683870222239,0.5352683870222239,0.0,0,highway_0,1,883.8831650089207,1207.8831650089207,,-1025.7697605757396
36.3,ego_0,1210.3601410664946,-8.0,24.76976057573958,1000.0,,0.5352683870222239,0.5352683870222239,0.5352683870222239,0.5352683870222239,0.0,0,highway_0,1,886.3601410664946,1210.3601410664946,,-1025.7697605757396
36.4,ego_0,1212.8371171240685,-8.0,24.76976057573958,1000.0,,0.5352683870222239,0.5352683870222239,0.5352683870222239,0.5352683870222239,0.0,0,highway_0,1,888.8371171240685,1212.8371171240685,,-1025.7697605757396
36.5,ego_0,1215.3140931816424,-8.0,24.76976057573958,1000.0,,0.5352683870222239,0.5352683870222239,0.5352683870222239,0.5352683870222239,0.0,0,highway_0,1,891.3140931816424,1215.3140931816424,,-1025.7697605757396
36.6,ego_0,1217.7910692392163,-8.0,24.76976057573958,1000.0,,0.5352683870222239,0.5352683870222239,0.5352683870222239,0.5352683870222239,0.0,0,highway_0,1,893.7910692392163,1217.7910692392163,,-1025.7697605757396
36.7,ego_0,1220.2680452967902,-8.0,24.76976057573958,1000.0,,0.5352683870222239,0.5352683870222239,0.5352683870222239,0.5352683870222239,0.0,0,highway_0,1,896.2680452967902,1220.2680452967902,,-1025.7697605757396
36.8,ego_0,1222.745021354364,-8.0,24.76976057573958,1000.0,,0.5352683870222239,0.5352683870222239,0.5352683870222239,0.5352683870222239,0.0,0,highway_0,1,898.7450213543641,1222.745021354364,,-1025.7697605757396
36.9,ego_0,1225.221997411938,-8.0,24.76976057573958,1000.0,,0.5352683870222239,0.5352683870222239,0.5352683870222239,0.5352683870222239,0.0,0,highway_0,1,901.221997411938,1225.221997411938,,-1025.7697605757396
37.0,ego_0,1227.6989734695119,-8.0,24.76976057573958,1000.0,,0.5352683870222239,0.5352683870222239,0.5352683870222239,0.5352683870222239,0.0,0,highway_0,1,903.6989734695119,1227.6989734695119,,-1025.7697605757396
37.1,ego_0,1230.1759495270858,-8.0,24.76976057573958,1000.0,,0.5352683870222239,0.5352683870222239,0.5352683870222239,0.5352683870222239,0.0,0,highway_0,1,906.1759495270858,1230.1759495270858,,-1025.7697605757396
37.2,ego_0,1232.6529255846597,-8.0,24.76976057573958,1000.0,,0.5352683870222239,0.5352683870222239,0.5352683870222239,0.5352683870222239,0.0,0,highway_0,1,908.6529255846597,1232.6529255846597,,-1025.7697605757396
37.3,ego_0,1235.1299016422336,-8.0,24.76976057573958,1000.0,,0.5352683870222239,0.5352683870222239,0.5352683870222239,0.5352683870222239,0.0,0,highway_0,1,911.1299016422336,1235.1299016422336,,-1025.7697605757396
37.4,ego_0,1237.6068776998075,-8.0,24.76976057573958,1000.0,,0.5352683870222239,0.5352683870222239,0.5352683870222239,0.5352683870222239,0.0,0,highway_0,1,913.6068776998075,1237.6068776998075,,-1025.7697605757396
37.5,ego_0,1240.0838537573813,-8.0,24.76976057573958,1000.0,,0.5352683870222239,0.5352683870222239,0.5352683870222239,0.5352683870222239,0.0,0,highway_0,1,916.0838537573813,1240.0838537573813,,-1025.7697605757396
37.6,ego_0,1242.5608298149552,-8.0,24.76976057573958,1000.0,,0.5352683870222239,0.5352683870222239,0.5352683870222239,0.5352683870222239,0.0,0,highway_0,1,918.5608298149552,1242.5608298149552,,-1025.7697605757396
37.7,ego_0,1245.0378058725291,-8.0,24.76976057573958,1000.0,,0.5352683870222239,0.5352683870222239,0.5352683870222239,0.5352683870222239,0.0,0,highway_0,1,921.0378058725291,1245.0378058725291,,-1025.7697605757396
37.8,ego_0,1247.514781930103,-8.0,24.76976057573958,1000.0,,0.5352683870222239,0.5352683870222239,0.5352683870222239,0.5352683870222239,0.0,0,highway_0,1,923.514781930103,1247.514781930103,,-1025.7697605757396
37.9,ego_0,1249.991757987677,-8.0,24.76976057573958,1000.0,,0.5352683870222239,0.5352683870222239,0.5352683870222239,0.5352683870222239,0.0,0,highway_0,1,925.9917579876769,1249.991757987677,,-1025.7697605757396
38.0,ego_0,1252.4687340452508,-8.0,24.76976057573958,1000.0,,0.5352683870222239,0.5352683870222239,0.5352683870222239,0.5352683870222239,0.0,0,highway_0,1,928.4687340452508,1252.4687340452508,,-1025.7697605757396
38.1,ego_0,1254.9457101028247,-8.0,24.76976057573958,1000.0,,0.5352683870222239,0.5352683870222239,0.5352683870222239,0.5352683870222239,0.0,0,highway_0,1,930.9457101028247,1254.9457101028247,,-1025.7697605757396
38.2,ego_0,1257.4226861603986,-8.0,24.76976057573958,1000.0,,0.5352683870222239,0.5352683870222239,0.5352683870222239,0.5352683870222239,0.0,0,highway_0,1,933.4226861603986,1257.4226861603986,,-1025.7697605757396
38.3,ego_0,1259.8996622179725,-8.0,24.76976057573958,1000.0,,0.5352683870222239,0.5352683870222239,0.5352683870222239,0.5352683870222239,0.0,0,highway_0,1,935.8996622179725,1259.8996622179725,,-1025.7697605757396
38.4,ego_0,1262.3766382755464,-8.0,24.76976057573958,1000.0,,0.5352683870222239,0.5352683870222239,0.5352683870222239,0.5352683870222239,0.0,0,highway_0,1,938.3766382755464,1262.3766382755464,,-1025.7697605757396
38.5,ego_0,1264.8536143331203,-8.0,24.76976057573958,1000.0,,0.5352683870222239,0.5352683870222239,0.5352683870222239,0.5352683870222239,0.0,0,highway_0,1,940.8536143331203,1264.8536143331203,,-1025.7697605757396
38.6,ego_0,1267.3305903906942,-8.0,24.76976057573958,1000.0,,0.5352683870222239,0.5352683870222239,0.5352683870222239,0.5352683870222239,0.0,0,highway_0,1,943.3305903906942,1267.3305903906942,,-1025.7697605757396
38.7,ego_0,1269.807566448268,-8.0,24.76976057573958,1000.0,,0.5352683870222239,0.5352683870222239,0.5352683870222239,0.5352683870222239,0.0,0,highway_0,1,945.8075664482681,1269.807566448268,,-1025.7697605757396
38.8,ego_0,1272.284542505842,-8.0,24.76976057573958,1000.0,,0.5352683870222239,0.5352683870222239,0.5352683870222239,0.5352683870222239,0.0,0,highway_0,1,948.284542505842,1272.284542505842,,-1025.7697605757396
38.9,ego_0,1274.7615185634158,-8.0,24.76976057573958,1000.0,,0.5352683870222239,0.5352683870222239,0.5352683870222239,0.5352683870222239,0.0,0,highway_0,1,950.7615185634158,1274.7615185634158,,-1025.7697605757396
39.0,ego_0,1277.2384946209897,-8.0,24.76976057573958,1000.0,,0.5352683870222239,0.5352683870222239,0.5352683870222239,0.5352683870222239,0.0,0,highway_0,1,953.2384946209897,1277.2384946209897,,-1025.7697605757396
39.1,ego_0,1279.7154706785636,-8.0,24.76976057573958,1000.0,,0.5352683870222239,0.5352683870222239,0.5352683870222239,0.5352683870222239,0.0,0,highway_0,1,955.7154706785636,1279.7154706785636,,-1025.7697605757396
39.2,ego_0,1282.1924467361375,-8.0,24.76976057573958,1000.0,,0.5352683870222239,0.5352683870222239,0.5352683870222239,0.5352683870222239,0.0,0,highway_0,1,958.1924467361375,1282.1924467361375,,-1025.7697605757396
39.3,ego_0,1284.6694227937114,-8.0,24.76976057573958,1000.0,,0.5352683870222239,0.5352683870222239,0.5352683870222239,0.5352683870222239,0.0,0,highway_0,1,960.6694227937114,1284.6694227937114,,-1025.7697605757396
39.4,ego_0,1287.1463988512853,-8.0,24.76976057573958,1000.0,,0.5352683870222239,0.5352683870222239,0.5352683870222239,0.5352683870222239,0.0,0,highway_0,1,963.1463988512853,1287.1463988512853,,-1025.7697605757396
39.5,ego_0,1289.6233749088592,-8.0,24.76976057573958,1000.0,,0.5352683870222239,0.5352683870222239,0.5352683870222239,0.5352683870222239,0.0,0,highway_0,1,965.6233749088592,1289.6233749088592,,-1025.7697605757396
39.6,ego_0,1292.100350966433,-8.0,24.76976057573958,1000.0,,0.5352683870222239,0.5352683870222239,0.5352683870222239,0.5352683870222239,0.0,0,highway_0,1,968.1003509664331,1292.100350966433,,-1025.7697605757396
39.7,ego_0,1294.577327024007,-8.0,24.76976057573958,1000.0,,0.5352683870222239,0.5352683870222239,0.5352683870222239,0.5352683870222239,0.0,0,highway_0,1,970.577327024007,1294.577327024007,,-1025.7697605757396
39.8,ego_0,1297.0543030815809,-8.0,24.76976057573958,1000.0,,0.5352683870222239,0.5352683870222239,0.5352683870222239,0.5352683870222239,0.0,0,highway_0,1,973.0543030815809,1297.0543030815809,,-1025.7697605757396
39.9,ego_0,1299.5312791391548,-8.0,24.76976057573958,1000.0,,0.5352683870222239,0.5352683870222239,0.5352683870222239,0.5352683870222239,0.0,0,highway_0,1,975.5312791391548,1299.5312791391548,,-1025.7697605757396
40.0,ego_0,1302.0082551967287,-8.0,24.76976057573958,1000.0,,0.5352683870222239,0.5352683870222239,0.5352683870222239,0.5352683870222239,0.0,0,highway_0,1,978.0082551967287,1302.0082551967287,,-1025.7697605757396
40.1,ego_0,1304.4852312543026,-8.0,24.76976057573958,1000.0,,0.5352683870222239,0.5352683870222239,0.5352683870222239,0.5352683870222239,0.0,0,highway_0,1,980.4852312543026,1304.4852312543026,,-1025.7697605757396
40.2,ego_0,1306.9622073118765,-8.0,24.76976057573958,1000.0,,0.5352683870222239,0.5352683870222239,0.5352683870222239,0.5352683870222239,0.0,0,highway_0,1,982.9622073118765,1306.9622073118765,,-1025.7697605757396
40.3,ego_0,1309.4391833694503,-8.0,24.76976057573958,1000.0,,0.5352683870222239,0.5352683870222239,0.5352683870222239,0.5352683870222239,0.0,0,highway_0,1,985.4391833694503,1309.4391833694503,,-1025.7697605757396
40.4,ego_0,1311.9161594270242,-8.0,24.76976057573958,1000.0,,0.5352683870222239,0.5352683870222239,0.5352683870222239,0.5352683870222239,0.0,0,highway_0,1,987.9161594270242,1311.9161594270242,,-1025.7697605757396
40.5,ego_0,1314.3931354845981,-8.0,24.76976057573958,1000.0,,0.5352683870222239,0.5352683870222239,0.5352683870222239,0.5352683870222239,0.0,0,highway_0,1,990.3931354845981,1314.3931354845981,,-1025.7697605757396
40.6,ego_0,1316.870111542172,-8.0,24.76976057573958,1000.0,,0.5352683870222239,0.5352683870222239,0.5352683870222239,0.5352683870222239,0.0,0,highway_0,1,992.870111542172,1316.870111542172,,-1025.7697605757396
40.7,ego_0,1319.347087599746,-8.0,24.76976057573958,1000.0,,0.5352683870222239,0.5352683870222239,0.5352683870222239,0.5352683870222239,0.0,0,highway_0,1,995.3470875997459,1319.347087599746,,-1025.7697605757396
40.8,ego_0,1321.8240636573198,-8.0,24.76976057573958,1000.0,,0.5352683870222239,0.5352683870222239,0.5352683870222239,0.5352683870222239,0.0,0,highway_0,1,997.8240636573198,1321.8240636573198,,-1025.7697605757396
40.9,ego_0,1324.3010397148937,-8.0,24.76976057573958,1000.0,,0.5352683870222239,0.5352683870222239,0.5352683870222239,0.5352683870222239,0.0,0,highway_0,1,1000.3010397148937,1324.3010397148937,,-1025.7697605757396
41.0,ego_0,1326.7780157724676,-8.0,24.76976057573958,1000.0,,0.5352683870222239,0.5352683870222239,0.5352683870222239,0.5352683870222239,0.0,0,highway_0,1,1002.7780157724676,1326.7780157724676,,-1025.7697605757396
41.1,ego_0,1329.2549918300415,-8.0,24.76976057573958,1000.0,,0.5352683870222239,0.5352683870222239,0.5352683870222239,0.5352683870222239,0.0,0,highway_0,1,1005.2549918300415,1329.2549918300415,,-1025.7697605757396
41.2,ego_0,1331.7319678876154,-8.0,24.76976057573958,1000.0,,0.5352683870222239,0.5352683870222239,0.5352683870222239,0.5352683870222239,0.0,0,highway_0,1,1007.7319678876154,1331.7319678876154,,-1025.7697605757396
41.3,ego_0,1334.2089439451893,-8.0,24.76976057573958,1000.0,,0.5352683870222239,0.5352683870222239,0.5352683870222239,0.5352683870222239,0.0,0,highway_0,1,1010.2089439451893,1334.2089439451893,,-1025.7697605757396
41.4,ego_0,1336.6859200027632,-8.0,24.76976057573958,1000.0,,0.5352683870222239,0.5352683870222239,0.5352683870222239,0.5352683870222239,0.0,0,highway_0,1,1012.6859200027632,1336.6859200027632,,-1025.7697605757396
41.5,ego_0,1339.162896060337,-8.0,24.76976057573958,1000.0,,0.5352683870222239,0.5352683870222239,0.5352683870222239,0.5352683870222239,0.0,0,highway_0,1,1015.1628960603371,1339.162896060337,,-1025.7697605757396
41.6,ego_0,1341.639872117911,-8.0,24.76976057573958,1000.0,,0.5352683870222239,0.5352683870222239,0.5352683870222239,0.5352683870222239,0.0,0,highway_0,1,1017.639872117911,1341.639872117911,,-1025.7697605757396
41.7,ego_0,1344.1168481754848,-8.0,24.76976057573958,1000.0,,0.5352683870222239,0.5352683870222239,0.5352683870222239,0.5352683870222239,0.0,0,highway_0,1,1020.1168481754848,1344.1168481754848,,-1025.7697605757396
41.8,ego_0,1346.5938242330587,-8.0,24.76976057573958,1000.0,,0.5352683870222239,0.5352683870222239,0.5352683870222239,0.5352683870222239,0.0,0,highway_0,1,1022.5938242330587,1346.5938242330587,,-1025.7697605757396
41.9,ego_0,1349.0708002906326,-8.0,24.76976057573958,1000.0,,0.5352683870222239,0.5352683870222239,0.5352683870222239,0.5352683870222239,0.0,0,highway_0,1,1025.0708002906326,1349.0708002906326,,-1025.7697605757396
42.0,ego_0,1351.5477763482065,-8.0,24.76976057573958,1000.0,,0.5352683870222239,0.5352683870222239,0.5352683870222239,0.5352683870222239,0.0,0,highway_0,1,1027.5477763482065,1351.5477763482065,,-1025.7697605757396
42.1,ego_0,1354.0247524057804,-8.0,24.76976057573958,1000.0,,0.5352683870222239,0.5352683870222239,0.5352683870222239,0.5352683870222239,0.0,0,highway_0,1,1030.0247524057804,1354.0247524057804,,-1025.7697605757396
42.2,ego_0,1356.5017284633543,-8.0,24.76976057573958,1000.0,,0.5352683870222239,0.5352683870222239,0.5352683870222239,0.5352683870222239,0.0,0,highway_0,1,1032.5017284633543,1356.5017284633543,,-1025.7697605757396
42.3,ego_0,1358.9787045209282,-8.0,24.76976057573958,1000.0,,0.5352683870222239,0.5352683870222239,0.5352683870222239,0.5352683870222239,0.0,0,highway_0,1,1034.9787045209282,1358.9787045209282,,-1025.7697605757396
42.4,ego_0,1361.455680578502,-8.0,24.76976057573958,1000.0,,0.5352683870222239,0.5352683870222239,0.5352683870222239,0.5352683870222239,0.0,0,highway_0,1,1037.455680578502,1361.455680578502,,-1025.7697605757396
42.5,ego_0,1363.932656636076,-8.0,24.76976057573958,1000.0,,0.5352683870222239,0.5352683870222239,0.5352683870222239,0.5352683870222239,0.0,0,highway_0,1,1039.932656636076,1363.932656636076,,-1025.7697605757396
42.6,ego_0,1366.4096326936499,-8.0,24.76976057573958,1000.0,,0.5352683870222239,0.5352683870222239,0.5352683870222239,0.5352683870222239,0.0,0,highway_0,1,1042.4096326936499,1366.4096326936499,,-1025.7697605757396
42.7,ego_0,1368.8866087512238,-8.0,24.76976057573958,1000.0,,0.5352683870222239,0.5352683870222239,0.5352683870222239,0.5352683870222239,0.0,0,highway_0,1,1044.8866087512238,1368.8866087512238,,-1025.7697605757396
42.8,ego_0,1371.3635848087977,-8.0,24.76976057573958,1000.0,,0.5352683870222239,0.5352683870222239,0.5352683870222239,0.5352683870222239,0.0,0,highway_0,1,1047.3635848087977,1371.3635848087977,,-1025.7697605757396
42.9,ego_0,1373.8405608663716,-8.0,24.76976057573958,1000.0,,0.5352683870222239,0.5352683870222239,0.5352683870222239,0.5352683870222239,0.0,0,highway_0,1,1049.8405608663716,1373.8405608663716,,-1025.7697605757396
43.0,ego_0,1376.3175369239455,-8.0,24.76976057573958,1000.0,,0.5352683870222239,0.5352683870222239,0.5352683870222239,0.5352683870222239,0.0,0,highway_0,1,1052.3175369239455,1376.3175369239455,,-1025.7697605757396
43.1,ego_0,1378.7945129815193,-8.0,24.76976057573958,1000.0,,0.5352683870222239,0.5352683870222239,0.5352683870222239,0.5352683870222239,0.0,0,highway_0,1,1054.7945129815193,1378.7945129815193,,-1025.7697605757396
43.2,ego_0,1381.2714890390932,-8.0,24.76976057573958,1000.0,,0.5352683870222239,0.5352683870222239,0.5352683870222239,0.5352683870222239,0.0,0,highway_0,1,1057.2714890390932,1381.2714890390932,,-1025.7697605757396
43.3,ego_0,1383.7484650966671,-8.0,24.76976057573958,1000.0,,0.5352683870222239,0.5352683870222239,0.5352683870222239,0.5352683870222239,0.0,0,highway_0,1,1059.7484650966671,1383.7484650966671,,-1025.7697605757396
43.4,ego_0,1386.225441154241,-8.0,24.76976057573958,1000.0,,0.5352683870222239,0.5352683870222239,0.5352683870222239,0.5352683870222239,0.0,0,highway_0,1,1062.225441154241,1386.225441154241,,-1025.7697605757396
43.5,ego_0,1388.702417211815,-8.0,24.76976057573958,1000.0,,0.5352683870222239,0.5352683870222239,0.5352683870222239,0.5352683870222239,0.0,0,highway_0,1,1064.702417211815,1388.702417211815,,-1025.7697605757396
43.6,ego_0,1391.1793932693888,-8.0,24.76976057573958,1000.0,,0.5352683870222239,0.5352683870222239,0.5352683870222239,0.5352683870222239,0.0,0,highway_0,1,1067.1793932693888,1391.1793932693888,,-1025.7697605757396
43.7,ego_0,1393.6563693269627,-8.0,24.76976057573958,1000.0,,0.5352683870222239,0.5352683870222239,0.5352683870222239,0.5352683870222239,0.0,0,highway_0,1,1069.6563693269627,1393.6563693269627,,-1025.7697605757396
43.8,ego_0,1396.1333453845366,-8.0,24.76976057573958,1000.0,,0.5352683870222239,0.5352683870222239,0.5352683870222239,0.5352683870222239,0.0,0,highway_0,1,1072.1333453845366,1396.1333453845366,,-1025.7697605757396
43.9,ego_0,1398.6103214421105,-8.0,24.76976057573958,1000.0,,0.5352683870222239,0.5352683870222239,0.5352683870222239,0.5352683870222239,0.0,0,highway_0,1,1074.6103214421105,1398.6103214421105,,-1025.7697605757396
44.0,ego_0,1401.0872974996844,-8.0,24.76976057573958,1000.0,,0.5352683870222239,0.5352683870222239,0.5352683870222239,0.5352683870222239,0.0,0,highway_0,1,1077.0872974996844,1401.0872974996844,,-1025.7697605757396
44.1,ego_0,1403.5642735572583,-8.0,24.76976057573958,1000.0,,0.5352683870222239,0.5352683870222239,0.5352683870222239,0.5352683870222239,0.0,0,highway_0,1,1079.5642735572583,1403.5642735572583,,-1025.7697605757396
44.2,ego_0,1406.0412496148322,-8.0,24.76976057573958,1000.0,,0.5352683870222239,0.5352683870222239,0.5352683870222239,0.5352683870222239,0.0,0,highway_0,1,1082.0412496148322,1406.0412496148322,,-1025.7697605757396
44.3,ego_0,1408.518225672406,-8.0,24.76976057573958,1000.0,,0.5352683870222239,0.5352683870222239,0.5352683870222239,0.5352683870222239,0.0,0,highway_0,1,1084.518225672406,1408.518225672406,,-1025.7697605757396
44.4,ego_0,1410.99520172998,-8.0,24.76976057573958,1000.0,,0.5352683870222239,0.5352683870222239,0.5352683870222239,0.5352683870222239,0.0,0,highway_0,1,1086.99520172998,1410.99520172998,,-1025.7697605757396
44.5,ego_0,1413.4721777875538,-8.0,24.76976057573958,1000.0,,0.5352683870222239,0.5352683870222239,0.5352683870222239,0.5352683870222239,0.0,0,highway_0,1,1089.4721777875538,1413.4721777875538,,-1025.7697605757396
44.6,ego_0,1415.9491538451277,-8.0,24.76976057573958,1000.0,,0.5352683870222239,0.5352683870222239,0.5352683870222239,0.5352683870222239,0.0,0,highway_0,1,1091.9491538451277,1415.9491538451277,,-1025.7697605757396
44.7,ego_0,1418.4261299027016,-8.0,24.76976057573958,1000.0,,0.5352683870222239,0.5352683870222239,0.5352683870222239,0.5352683870222239,0.0,0,highway_0,1,1094.4261299027016,1418.4261299027016,,-1025.7697605757396
44.8,ego_0,1420.9031059602755,-8.0,24.76976057573958,1000.0,,0.5352683870222239,0.5352683870222239,0.5352683870222239,0.5352683870222239,0.0,0,highway_0,1,1096.9031059602755,1420.9031059602755,,-1025.7697605757396
44.9,ego_0,1423.3800820178494,-8.0,24.76976057573958,1000.0,,0.5352683870222239,0.5352683870222239,0.5352683870222239,0.5352683870222239,0.0,0,highway_0,1,1099.3800820178494,1423.3800820178494,,-1025.7697605757396
45.0,ego_0,1425.8570580754233,-8.0,24.76976057573958,1000.0,,0.5352683870222239,0.5352683870222239,0.5352683870222239,0.5352683870222239,0.0,0,highway_0,1,1101.8570580754233,1425.8570580754233,,-1025.7697605757396
45.1,ego_0,1428.3340341329972,-8.0,24.76976057573958,1000.0,,0.5352683870222239,0.5352683870222239,0.5352683870222239,0.5352683870222239,0.0,0,highway_0,1,1104.3340341329972,1428.3340341329972,,-1025.7697605757396
45.2,ego_0,1430.811010190571,-8.0,24.76976057573958,1000.0,,0.5352683870222239,0.5352683870222239,0.5352683870222239,0.5352683870222239,0.0,0,highway_0,1,1106.811010190571,1430.811010190571,,-1025.7697605757396
45.3,ego_0,1433.287986248145,-8.0,24.76976057573958,1000.0,,0.5352683870222239,0.5352683870222239,0.5352683870222239,0.5352683870222239,0.0,0,highway_0,1,1109.287986248145,1433.287986248145,,-1025.7697605757396
45.4,ego_0,1435.7649623057189,-8.0,24.76976057573958,1000.0,,0.5352683870222239,0.5352683870222239,0.5352683870222239,0.5352683870222239,0.0,0,highway_0,1,1111.7649623057189,1435.7649623057189,,-1025.7697605757396
45.5,ego_0,1438.2419383632928,-8.0,24.76976057573958,1000.0,,0.5352683870222239,0.5352683870222239,0.5352683870222239,0.5352683870222239,0.0,0,highway_0,1,1114.2419383632928,1438.2419383632928,,-1025.7697605757396
45.6,ego_0,1440.7189144208667,-8.0,24.76976057573958,1000.0,,0.5352683870222239,0.5352683870222239,0.5352683870222239,0.5352683870222239,0.0,0,highway_0,1,1116.7189144208667,1440.7189144208667,,-1025.7697605757396
45.7,ego_0,1443.1958904784406,-8.0,24.76976057573958,1000.0,,0.5352683870222239,0.5352683870222239,0.5352683870222239,0.5352683870222239,0.0,0,highway_0,1,1119.1958904784406,1443.1958904784406,,-1025.7697605757396
45.8,ego_0,1445.6728665360145,-8.0,24.76976057573958,1000.0,,0.5352683870222239,0.5352683870222239,0.5352683870222239,0.5352683870222239,0.0,0,highway_0,1,1121.6728665360145,1445.6728665360145,,-1025.7697605757396
45.9,ego_0,1448.1498425935883,-8.0,24.76976057573958,1000.0,,0.5352683870222239,0.5352683870222239,0.5352683870222239,0.5352683870222239,0.0,0,highway_0,1,1124.1498425935883,1448.1498425935883,,-1025.7697605757396
46.0,ego_0,1450.6268186511622,-8.0,24.76976057573958,1000.0,,0.5352683870222239,0.5352683870222239,0.5352683870222239,0.5352683870222239,0.0,0,highway_0,1,1126.6268186511622,1450.6268186511622,,-1025.7697605757396
46.1,ego_0,1453.1037947087361,-8.0,24.76976057573958,1000.0,,0.5352683870222239,0.5352683870222239,0.5352683870222239,0.5352683870222239,0.0,0,highway_0,1,1129.1037947087361,1453.1037947087361,,-1025.7697605757396
46.2,ego_0,1455.58077076631,-8.0,24.76976057573958,1000.0,,0.5352683870222239,0.5352683870222239,0.5352683870222239,0.5352683870222239,0.0,0,highway_0,1,1131.58077076631,1455.58077076631,,-1025.7697605757396
46.3,ego_0,1458.057746823884,-8.0,24.76976057573958,1000.0,,0.5352683870222239,0.5352683870222239,0.5352683870222239,0.5352683870222239,0.0,0,highway_0,1,1134.057746823884,1458.057746823884,,-1025.7697605757396
46.4,ego_0,1460.5347228814578,-8.0,24.76976057573958,1000.0,,0.5352683870222239,0.5352683870222239,0.5352683870222239,0.5352683870222239,0.0,0,highway_0,1,1136.5347228814578,1460.5347228814578,,-1025.7697605757396
46.5,ego_0,1463.0116989390317,-8.0,24.76976057573958,1000.0,,0.5352683870222239,0.5352683870222239,0.5352683870222239,0.5352683870222239,0.0,0,highway_0,1,1139.0116989390317,1463.0116989390317,,-1025.7697605757396
46.6,ego_0,1465.4886749966056,-8.0,24.76976057573958,1000.0,,0.5352683870222239,0.5352683870222239,0.5352683870222239,0.5352683870222239,0.0,0,highway_0,1,1141.4886749966056,1465.4886749966056,,-1025.7697605757396
46.7,ego_0,1467.9656510541795,-8.0,24.76976057573958,1000.0,,0.5352683870222239,0.5352683870222239,0.5352683870222239,0.5352683870222239,0.0,0,highway_0,1,1143.9656510541795,1467.9656510541795,,-1025.7697605757396
46.8,ego_0,1470.4426271117534,-8.0,24.76976057573958,1000.0,,0.5352683870222239,0.5352683870222239,0.5352683870222239,0.5352683870222239,0.0,0,highway_0,1,1146.4426271117534,1470.4426271117534,,-1025.7697605757396
46.9,ego_0,1472.9196031693273,-8.0,24.76976057573958,1000.0,,0.5352683870222239,0.5352683870222239,0.5352683870222239,0.5352683870222239,0.0,0,highway_0,1,1148.9196031693273,1472.9196031693273,,-1025.7697605757396
47.0,ego_0,1475.3965792269012,-8.0,24.76976057573958,1000.0,,0.5352683870222239,0.5352683870222239,0.5352683870222239,0.5352683870222239,0.0,0,highway_0,1,1151.3965792269012,1475.3965792269012,,-1025.7697605757396
47.1,ego_0,1477.873555284475,-8.0,24.76976057573958,1000.0,,0.5352683870222239,0.5352683870222239,0.5352683870222239,0.5352683870222239,0.0,0,highway_0,1,1153.873555284475,1477.873555284475,,-1025.7697605757396
47.2,ego_0,1480.350531342049,-8.0,24.76976057573958,1000.0,,0.5352683870222239,0.5352683870222239,0.5352683870222239,0.5352683870222239,0.0,0,highway_0,1,1156.350531342049,1480.350531342049,,-1025.7697605757396
47.3,ego_0,1482.8275073996228,-8.0,24.76976057573958,1000.0,,0.5352683870222239,0.5352683870222239,0.5352683870222239,0.5352683870222239,0.0,0,highway_0,1,1158.8275073996228,1482.8275073996228,,-1025.7697605757396
47.4,ego_0,1485.3044834571967,-8.0,24.76976057573958,1000.0,,0.5352683870222239,0.5352683870222239,0.5352683870222239,0.5352683870222239,0.0,0,highway_0,1,1161.3044834571967,1485.3044834571967,,-1025.7697605757396
47.5,ego_0,1487.7814595147706,-8.0,24.76976057573958,1000.0,,0.5352683870222239,0.5352683870222239,0.5352683870222239,0.5352683870222239,0.0,0,highway_0,1,1163.7814595147706,1487.7814595147706,,-1025.7697605757396
47.6,ego_0,1490.2584355723445,-8.0,24.76976057573958,1000.0,,0.5352683870222239,0.5352683870222239,0.5352683870222239,0.5352683870222239,0.0,0,highway_0,1,1166.2584355723445,1490.2584355723445,,-1025.7697605757396
47.7,ego_0,1492.7354116299184,-8.0,24.76976057573958,1000.0,,0.5352683870222239,0.5352683870222239,0.5352683870222239,0.5352683870222239,0.0,0,highway_0,1,1168.7354116299184,1492.7354116299184,,-1025.7697605757396
47.8,ego_0,1495.2123876874923,-8.0,24.76976057573958,1000.0,,0.5352683870222239,0.5352683870222239,0.5352683870222239,0.5352683870222239,0.0,0,highway_0,1,1171.2123876874923,1495.2123876874923,,-1025.7697605757396
47.9,ego_0,1497.6893637450662,-8.0,24.76976057573958,1000.0,,0.5352683870222239,0.5352683870222239,0.5352683870222239,0.5352683870222239,0.0,0,highway_0,1,1173.6893637450662,1497.6893637450662,,-1025.7697605757396
48.0,ego_0,1500.16633980264,-8.0,24.76976057573958,1000.0,,0.5352683870222239,0.5352683870222239,0.5352683870222239,0.5352683870222239,0.0,0,highway_0,1,1176.16633980264,1500.16633980264,,-1025.7697605757396
48.1,ego_0,1502.643315860214,-8.0,24.76976057573958,1000.0,,0.5352683870222239,0.5352683870222239,0.5352683870222239,0.5352683870222239,0.0,0,highway_0,1,1178.643315860214,1502.643315860214,,-1025.7697605757396
48.2,ego_0,1505.1202919177879,-8.0,24.76976057573958,1000.0,,0.5352683870222239,0.5352683870222239,0.5352683870222239,0.5352683870222239,0.0,0,highway_0,1,1181.1202919177879,1505.1202919177879,,-1025.7697605757396
48.3,ego_0,1507.5972679753618,-8.0,24.76976057573958,1000.0,,0.5352683870222239,0.5352683870222239,0.5352683870222239,0.5352683870222239,0.0,0,highway_0,1,1183.5972679753618,1507.5972679753618,,-1025.7697605757396
48.4,ego_0,1510.0742440329357,-8.0,24.76976057573958,1000.0,,0.5352683870222239,0.5352683870222239,0.5352683870222239,0.5352683870222239,0.0,0,highway_0,1,1186.0742440329357,1510.0742440329357,,-1025.7697605757396
48.5,ego_0,1512.5512200905096,-8.0,24.76976057573958,1000.0,,0.5352683870222239,0.5352683870222239,0.5352683870222239,0.5352683870222239,0.0,0,highway_0,1,1188.5512200905096,1512.5512200905096,,-1025.7697605757396
48.6,ego_0,1515.0281961480835,-8.0,24.76976057573958,1000.0,,0.5352683870222239,0.5352683870222239,0.5352683870222239,0.5352683870222239,0.0,0,highway_0,1,1191.0281961480835,1515.0281961480835,,-1025.7697605757396
48.7,ego_0,1517.5051722056573,-8.0,24.76976057573958,1000.0,,0.5352683870222239,0.5352683870222239,0.5352683870222239,0.5352683870222239,0.0,0,highway_0,1,1193.5051722056573,1517.5051722056573,,-1025.7697605757396
48.8,ego_0,1519.9821482632312,-8.0,24.76976057573958,1000.0,,0.5352683870222239,0.5352683870222239,0.5352683870222239,0.5352683870222239,0.0,0,highway_0,1,1195.9821482632312,1519.9821482632312,,-1025.7697605757396
48.9,ego_0,1522.4591243208051,-8.0,24.76976057573958,1000.0,,0.5352683870222239,0.5352683870222239,0.5352683870222239,0.5352683870222239,0.0,0,highway_0,1,1198.4591243208051,1522.4591243208051,,-1025.7697605757396
49.0,ego_0,1524.936100378379,-8.0,24.76976057573958,1000.0,,0.5352683870222239,0.5352683870222239,0.5352683870222239,0.5352683870222239,0.0,0,highway_0,1,1200.936100378379,1524.936100378379,,-1025.7697605757396
49.1,ego_0,1527.413076435953,-8.0,24.76976057573958,1000.0,,0.5352683870222239,0.5352683870222239,0.5352683870222239,0.5352683870222239,0.0,0,highway_0,1,1203.413076435953,1527.413076435953,,-1025.7697605757396
49.2,ego_0,1529.8900524935268,-8.0,24.76976057573958,1000.0,,0.5352683870222239,0.5352683870222239,0.5352683870222239,0.5352683870222239,0.0,0,highway_0,1,1205.8900524935268,1529.8900524935268,,-1025.7697605757396
49.3,ego_0,1532.3670285511007,-8.0,24.76976057573958,1000.0,,0.5352683870222239,0.5352683870222239,0.5352683870222239,0.5352683870222239,0.0,0,highway_0,1,1208.3670285511007,1532.3670285511007,,-1025.7697605757396
49.4,ego_0,1534.8440046086746,-8.0,24.76976057573958,1000.0,,0.5352683870222239,0.5352683870222239,0.5352683870222239,0.5352683870222239,0.0,0,highway_0,1,1210.8440046086746,1534.8440046086746,,-1025.7697605757396
49.5,ego_0,1537.3209806662485,-8.0,24.76976057573958,1000.0,,0.5352683870222239,0.5352683870222239,0.5352683870222239,0.5352683870222239,0.0,0,highway_0,1,1213.3209806662485,1537.3209806662485,,-1025.7697605757396
49.6,ego_0,1539.7979567238224,-8.0,24.76976057573958,1000.0,,0.5352683870222239,0.5352683870222239,0.5352683870222239,0.5352683870222239,0.0,0,highway_0,1,1215.7979567238224,1539.7979567238224,,-1025.7697605757396
49.7,ego_0,1542.2749327813963,-8.0,24.76976057573958,1000.0,,0.5352683870222239,0.5352683870222239,0.5352683870222239,0.5352683870222239,0.0,0,highway_0,1,1218.2749327813963,1542.2749327813963,,-1025.7697605757396
49.8,ego_0,1544.7519088389702,-8.0,24.76976057573958,1000.0,,0.5352683870222239,0.5352683870222239,0.5352683870222239,0.5352683870222239,0.0,0,highway_0,1,1220.7519088389702,1544.7519088389702,,-1025.7697605757396
49.9,ego_0,1547.228884896544,-8.0,24.76976057573958,1000.0,,0.5352683870222239,0.5352683870222239,0.5352683870222239,0.5352683870222239,0.0,0,highway_0,1,1223.228884896544,1547.228884896544,,-1025.7697605757396
50.0,ego_0,1549.705860954118,-8.0,24.76976057573958,1000.0,,0.5352683870222239,0.5352683870222239,0.5352683870222239,0.5352683870222239,0.0,0,highway_0,1,1225.705860954118,1549.705860954118,,-1025.7697605757396
50.1,ego_0,1552.1828370116918,-8.0,24.76976057573958,1000.0,,0.5352683870222239,0.5352683870222239,0.5352683870222239,0.5352683870222239,0.0,0,highway_0,1,1228.1828370116918,1552.1828370116918,,-1025.7697605757396
50.2,ego_0,1554.6598130692657,-8.0,24.76976057573958,1000.0,,0.5352683870222239,0.5352683870222239,0.5352683870222239,0.5352683870222239,0.0,0,highway_0,1,1230.6598130692657,1554.6598130692657,,-1025.7697605757396
50.3,ego_0,1557.1367891268396,-8.0,24.76976057573958,1000.0,,0.5352683870222239,0.5352683870222239,0.5352683870222239,0.5352683870222239,0.0,0,highway_0,1,1233.1367891268396,1557.1367891268396,,-1025.7697605757396
50.4,ego_0,1559.6137651844135,-8.0,24.76976057573958,1000.0,,0.5352683870222239,0.5352683870222239,0.5352683870222239,0.5352683870222239,0.0,0,highway_0,1,1235.6137651844135,1559.6137651844135,,-1025.7697605757396
50.5,ego_0,1562.0907412419874,-8.0,24.76976057573958,1000.0,,0.5352683870222239,0.5352683870222239,0.5352683870222239,0.5352683870222239,0.0,0,highway_0,1,1238.0907412419874,1562.0907412419874,,-1025.7697605757396
50.6,ego_0,1564.5677172995613,-8.0,24.76976057573958,1000.0,,0.5352683870222239,0.5352683870222239,0.5352683870222239,0.5352683870222239,0.0,0,highway_0,1,1240.5677172995613,1564.5677172995613,,-1025.7697605757396
50.7,ego_0,1567.0446933571352,-8.0,24.76976057573958,1000.0,,0.5352683870222239,0.5352683870222239,0.5352683870222239,0.5352683870222239,0.0,0,highway_0,1,1243.0446933571352,1567.0446933571352,,-1025.7697605757396
50.8,ego_0,1569.521669414709,-8.0,24.76976057573958,1000.0,,0.5352683870222239,0.5352683870222239,0.5352683870222239,0.5352683870222239,0.0,0,highway_0,1,1245.521669414709,1569.521669414709,,-1025.7697605757396
50.9,ego_0,1571.998645472283,-8.0,24.76976057573958,1000.0,,0.5352683870222239,0.5352683870222239,0.5352683870222239,0.5352683870222239,0.0,0,highway_0,1,1247.998645472283,1571.998645472283,,-1025.7697605757396
51.0,ego_0,1574.4756215298569,-8.0,24.76976057573958,1000.0,,0.5352683870222239,0.5352683870222239,0.5352683870222239,0.5352683870222239,0.0,0,highway_0,1,1250.4756215298569,1574.4756215298569,,-1025.7697605757396
51.1,ego_0,1576.9525975874308,-8.0,24.76976057573958,1000.0,,0.5352683870222239,0.5352683870222239,0.5352683870222239,0.5352683870222239,0.0,0,highway_0,1,1252.9525975874308,1576.9525975874308,,-1025.7697605757396
51.2,ego_0,1579.4295736450047,-8.0,24.76976057573958,1000.0,,0.5352683870222239,0.5352683870222239,0.5352683870222239,0.5352683870222239,0.0,0,highway_0,1,1255.4295736450047,1579.4295736450047,,-1025.7697605757396
51.3,ego_0,1581.9065497025786,-8.0,24.76976057573958,1000.0,,0.5352683870222239,0.5352683870222239,0.5352683870222239,0.5352683870222239,0.0,0,highway_0,1,1257.9065497025786,1581.9065497025786,,-1025.7697605757396
51.4,ego_0,1584.3835257601525,-8.0,24.76976057573958,1000.0,,0.5352683870222239,0.5352683870222239,0.5352683870222239,0.5352683870222239,0.0,0,highway_0,1,1260.3835257601525,1584.3835257601525,,-1025.7697605757396
51.5,ego_0,1586.8605018177263,-8.0,24.76976057573958,1000.0,,0.5352683870222239,0.5352683870222239,0.5352683870222239,0.5352683870222239,0.0,0,highway_0,1,1262.8605018177263,1586.8605018177263,,-1025.7697605757396
51.6,ego_0,1589.3374778753002,-8.0,24.76976057573958,1000.0,,0.5352683870222239,0.5352683870222239,0.5352683870222239,0.5352683870222239,0.0,0,highway_0,1,1265.3374778753002,1589.3374778753002,,-1025.7697605757396
51.7,ego_0,1591.8144539328741,-8.0,24.76976057573958,1000.0,,0.5352683870222239,0.5352683870222239,0.5352683870222239,0.5352683870222239,0.0,0,highway_0,1,1267.8144539328741,1591.8144539328741,,-1025.7697605757396
51.8,ego_0,1594.291429990448,-8.0,24.76976057573958,1000.0,,0.5352683870222239,0.5352683870222239,0.5352683870222239,0.5352683870222239,0.0,0,highway_0,1,1270.291429990448,1594.291429990448,,-1025.7697605757396
51.9,ego_0,1596.768406048022,-8.0,24.76976057573958,1000.0,,0.5352683870222239,0.5352683870222239,0.5352683870222239,0.5352683870222239,0.0,0,highway_0,1,1272.768406048022,1596.768406048022,,-1025.7697605757396
52.0,ego_0,1599.2453821055958,-8.0,24.76976057573958,1000.0,,0.5352683870222239,0.5352683870222239,0.5352683870222239,0.5352683870222239,0.0,0,highway_0,1,1275.2453821055958,1599.2453821055958,,-1025.7697605757396
52.1,ego_0,1601.7223581631697,-8.0,24.76976057573958,1000.0,,0.5352683870222239,0.5352683870222239,0.5352683870222239,0.5352683870222239,0.0,0,highway_0,1,1277.7223581631697,1601.7223581631697,,-1025.7697605757396
52.2,ego_0,1604.1993342207436,-8.0,24.76976057573958,1000.0,,0.5352683870222239,0.5352683870222239,0.5352683870222239,0.5352683870222239,0.0,0,highway_0,1,1280.1993342207436,1604.1993342207436,,-1025.7697605757396
52.3,ego_0,1606.6763102783175,-8.0,24.76976057573958,1000.0,,0.5352683870222239,0.5352683870222239,0.5352683870222239,0.5352683870222239,0.0,0,highway_0,1,1282.6763102783175,1606.6763102783175,,-1025.7697605757396
52.4,ego_0,1609.1532863358914,-8.0,24.76976057573958,1000.0,,0.5352683870222239,0.5352683870222239,0.5352683870222239,0.5352683870222239,0.0,0,highway_0,1,1285.1532863358914,1609.1532863358914,,-1025.7697605757396
52.5,ego_0,1611.6302623934653,-8.0,24.76976057573958,1000.0,,0.5352683870222239,0.5352683870222239,0.5352683870222239,0.5352683870222239,0.0,0,highway_0,1,1287.6302623934653,1611.6302623934653,,-1025.7697605757396
52.6,ego_0,1614.1072384510392,-8.0,24.76976057573958,1000.0,,0.5352683870222239,0.5352683870222239,0.5352683870222239,0.5352683870222239,0.0,0,highway_0,1,1290.1072384510392,1614.1072384510392,,-1025.7697605757396
52.7,ego_0,1616.584214508613,-8.0,24.76976057573958,1000.0,,0.5352683870222239,0.5352683870222239,0.5352683870222239,0.5352683870222239,0.0,0,highway_0,1,1292.584214508613,1616.584214508613,,-1025.7697605757396
52.8,ego_0,1619.061190566187,-8.0,24.76976057573958,1000.0,,0.5352683870222239,0.5352683870222239,0.5352683870222239,0.5352683870222239,0.0,0,highway_0,1,1295.061190566187,1619.061190566187,,-1025.7697605757396
52.9,ego_0,1621.5381666237608,-8.0,24.76976057573958,1000.0,,0.5352683870222239,0.5352683870222239,0.5352683870222239,0.5352683870222239,0.0,0,highway_0,1,1297.5381666237608,1621.5381666237608,,-1025.7697605757396
53.0,ego_0,1624.0151426813347,-8.0,24.76976057573958,1000.0,,0.5352683870222239,0.5352683870222239,0.5352683870222239,0.5352683870222239,0.0,0,highway_0,1,1300.0151426813347,1624.0151426813347,,-1025.7697605757396
53.1,ego_0,1626.4921187389086,-8.0,24.76976057573958,1000.0,,0.5352683870222239,0.5352683870222239,0.5352683870222239,0.5352683870222239,0.0,0,highway_0,1,1302.4921187389086,1626.4921187389086,,-1025.7697605757396
53.2,ego_0,1628.9690947964825,-8.0,24.76976057573958,1000.0,,0.5352683870222239,0.5352683870222239,0.5352683870222239,0.5352683870222239,0.0,0,highway_0,1,1304.9690947964825,1628.9690947964825,,-1025.7697605757396
53.3,ego_0,1631.4460708540564,-8.0,24.76976057573958,1000.0,,0.5352683870222239,0.5352683870222239,0.5352683870222239,0.5352683870222239,0.0,0,highway_0,1,1307.4460708540564,1631.4460708540564,,-1025.7697605757396
53.4,ego_0,1633.9230469116303,-8.0,24.76976057573958,1000.0,,0.5352683870222239,0.5352683870222239,0.5352683870222239,0.5352683870222239,0.0,0,highway_0,1,1309.9230469116303,1633.9230469116303,,-1025.7697605757396
53.5,ego_0,1636.4000229692042,-8.0,24.76976057573958,1000.0,,0.5352683870222239,0.5352683870222239,0.5352683870222239,0.5352683870222239,0.0,0,highway_0,1,1312.4000229692042,1636.4000229692042,,-1025.7697605757396
53.6,ego_0,1638.876999026778,-8.0,24.76976057573958,1000.0,,0.5352683870222239,0.5352683870222239,0.5352683870222239,0.5352683870222239,0.0,0,highway_0,1,1314.876999026778,1638.876999026778,,-1025.7697605757396
53.7,ego_0,1641.353975084352,-8.0,24.76976057573958,1000.0,,0.5352683870222239,0.5352683870222239,0.5352683870222239,0.5352683870222239,0.0,0,highway_0,1,1317.353975084352,1641.353975084352,,-1025.7697605757396
53.8,ego_0,1643.8309511419259,-8.0,24.76976057573958,1000.0,,0.5352683870222239,0.5352683870222239,0.5352683870222239,0.5352683870222239,0.0,0,highway_0,1,1319.8309511419259,1643.8309511419259,,-1025.7697605757396
53.9,ego_0,1646.3079271994998,-8.0,24.76976057573958,1000.0,,0.5352683870222239,0.5352683870222239,0.5352683870222239,0.5352683870222239,0.0,0,highway_0,1,1322.3079271994998,1646.3079271994998,,-1025.7697605757396
54.0,ego_0,1648.7849032570737,-8.0,24.76976057573958,1000.0,,0.5352683870222239,0.5352683870222239,0.5352683870222239,0.5352683870222239,0.0,0,highway_0,1,1324.7849032570737,1648.7849032570737,,-1025.7697605757396
54.1,ego_0,1651.2618793146476,-8.0,24.76976057573958,1000.0,,0.5352683870222239,0.5352683870222239,0.5352683870222239,0.5352683870222239,0.0,0,highway_0,1,1327.2618793146476,1651.2618793146476,,-1025.7697605757396
54.2,ego_0,1653.7388553722215,-8.0,24.76976057573958,1000.0,,0.5352683870222239,0.5352683870222239,0.5352683870222239,0.5352683870222239,0.0,0,highway_0,1,1329.7388553722215,1653.7388553722215,,-1025.7697605757396
54.3,ego_0,1656.2158314297953,-8.0,24.76976057573958,1000.0,,0.5352683870222239,0.5352683870222239,0.5352683870222239,0.5352683870222239,0.0,0,highway_0,1,1332.2158314297953,1656.2158314297953,,-1025.7697605757396
54.4,ego_0,1658.6928074873692,-8.0,24.76976057573958,1000.0,,0.5352683870222239,0.5352683870222239,0.5352683870222239,0.5352683870222239,0.0,0,highway_0,1,1334.6928074873692,1658.6928074873692,,-1025.7697605757396
54.5,ego_0,1661.1697835449431,-8.0,24.76976057573958,1000.0,,0.5352683870222239,0.5352683870222239,0.5352683870222239,0.5352683870222239,0.0,0,highway_0,1,1337.1697835449431,1661.1697835449431,,-1025.7697605757396
54.6,ego_0,1663.646759602517,-8.0,24.76976057573958,1000.0,,0.5352683870222239,0.5352683870222239,0.5352683870222239,0.5352683870222239,0.0,0,highway_0,1,1339.646759602517,1663.646759602517,,-1025.7697605757396
54.7,ego_0,1666.123735660091,-8.0,24.76976057573958,1000.0,,0.5352683870222239,0.5352683870222239,0.5352683870222239,0.5352683870222239,0.0,0,highway_0,1,1342.123735660091,1666.123735660091,,-1025.7697605757396
54.8,ego_0,1668.6007117176648,-8.0,24.76976057573958,1000.0,,0.5352683870222239,0.5352683870222239,0.5352683870222239,0.5352683870222239,0.0,0,highway_0,1,1344.6007117176648,1668.6007117176648,,-1025.7697605757396
54.9,ego_0,1671.0776877752387,-8.0,24.76976057573958,1000.0,,0.5352683870222239,0.5352683870222239,0.5352683870222239,0.5352683870222239,0.0,0,highway_0,1,1347.0776877752387,1671.0776877752387,,-1025.7697605757396
55.0,ego_0,1673.5546638328126,-8.0,24.76976057573958,1000.0,,0.5352683870222239,0.5352683870222239,0.5352683870222239,0.5352683870222239,0.0,0,highway_0,1,1349.5546638328126,1673.5546638328126,,-1025.7697605757396
55.1,ego_0,1676.0316398903865,-8.0,24.76976057573958,1000.0,,0.5352683870222239,0.5352683870222239,0.5352683870222239,0.5352683870222239,0.0,0,highway_0,1,1352.0316398903865,1676.0316398903865,,-1025.7697605757396
55.2,ego_0,1678.5086159479604,-8.0,24.76976057573958,1000.0,,0.5352683870222239,0.5352683870222239,0.5352683870222239,0.5352683870222239,0.0,0,highway_0,1,1354.5086159479604,1678.5086159479604,,-1025.7697605757396
55.3,ego_0,1680.9855920055343,-8.0,24.76976057573958,1000.0,,0.5352683870222239,0.5352683870222239,0.5352683870222239,0.5352683870222239,0.0,0,highway_0,1,1356.9855920055343,1680.9855920055343,,-1025.7697605757396
55.4,ego_0,1683.4625680631082,-8.0,24.76976057573958,1000.0,,0.5352683870222239,0.5352683870222239,0.5352683870222239,0.5352683870222239,0.0,0,highway_0,1,1359.4625680631082,1683.4625680631082,,-1025.7697605757396
55.5,ego_0,1685.939544120682,-8.0,24.76976057573958,1000.0,,0.5352683870222239,0.5352683870222239,0.5352683870222239,0.5352683870222239,0.0,0,highway_0,1,1361.939544120682,1685.939544120682,,-1025.7697605757396
55.6,ego_0,1688.416520178256,-8.0,24.76976057573958,1000.0,,0.5352683870222239,0.5352683870222239,0.5352683870222239,0.5352683870222239,0.0,0,highway_0,1,1364.416520178256,1688.416520178256,,-1025.7697605757396
55.7,ego_0,1690.8934962358298,-8.0,24.76976057573958,1000.0,,0.5352683870222239,0.5352683870222239,0.5352683870222239,0.5352683870222239,0.0,0,highway_0,1,1366.8934962358298,1690.8934962358298,,-1025.7697605757396
55.8,ego_0,1693.3704722934037,-8.0,24.76976057573958,1000.0,,0.5352683870222239,0.5352683870222239,0.5352683870222239,0.5352683870222239,0.0,0,highway_0,1,1369.3704722934037,1693.3704722934037,,-1025.7697605757396
55.9,ego_0,1695.8474483509776,-8.0,24.76976057573958,1000.0,,0.5352683870222239,0.5352683870222239,0.5352683870222239,0.5352683870222239,0.0,0,highway_0,1,1371.8474483509776,1695.8474483509776,,-1025.7697605757396
56.0,ego_0,1698.3244244085515,-8.0,24.76976057573958,1000.0,,0.5352683870222239,0.5352683870222239,0.5352683870222239,0.5352683870222239,0.0,0,highway_0,1,1374.3244244085515,1698.3244244085515,,-1025.7697605757396
56.1,ego_0,1700.8014004661254,-8.0,24.76976057573958,1000.0,,0.5352683870222239,0.5352683870222239,0.5352683870222239,0.5352683870222239,0.0,0,highway_0,1,1376.8014004661254,1700.8014004661254,,-1025.7697605757396
56.2,ego_0,1703.2783765236993,-8.0,24.76976057573958,1000.0,,0.5352683870222239,0.5352683870222239,0.5352683870222239,0.5352683870222239,0.0,0,highway_0,1,1379.2783765236993,1703.2783765236993,,-1025.7697605757396
56.3,ego_0,1705.7553525812732,-8.0,24.76976057573958,1000.0,,0.5352683870222239,0.5352683870222239,0.5352683870222239,0.5352683870222239,0.0,0,highway_0,1,1381.7553525812732,1705.7553525812732,,-1025.7697605757396
56.4,ego_0,1708.232328638847,-8.0,24.76976057573958,1000.0,,0.5352683870222239,0.5352683870222239,0.5352683870222239,0.5352683870222239,0.0,0,highway_0,1,1384.232328638847,1708.232328638847,,-1025.7697605757396
56.5,ego_0,1710.709304696421,-8.0,24.76976057573958,1000.0,,0.5352683870222239,0.5352683870222239,0.5352683870222239,0.5352683870222239,0.0,0,highway_0,1,1386.709304696421,1710.709304696421,,-1025.7697605757396
56.6,ego_0,1713.1862807539949,-8.0,24.76976057573958,1000.0,,0.5352683870222239,0.5352683870222239,0.5352683870222239,0.5352683870222239,0.0,0,highway_0,1,1389.1862807539949,1713.1862807539949,,-1025.7697605757396
56.7,ego_0,1715.6632568115688,-8.0,24.76976057573958,1000.0,,0.5352683870222239,0.5352683870222239,0.5352683870222239,0.5352683870222239,0.0,0,highway_0,1,1391.6632568115688,1715.6632568115688,,-1025.7697605757396
56.8,ego_0,1718.1402328691427,-8.0,24.76976057573958,1000.0,,0.5352683870222239,0.5352683870222239,0.5352683870222239,0.5352683870222239,0.0,0,highway_0,1,1394.1402328691427,1718.1402328691427,,-1025.7697605757396
56.9,ego_0,1720.6172089267166,-8.0,24.76976057573958,1000.0,,0.5352683870222239,0.5352683870222239,0.5352683870222239,0.5352683870222239,0.0,0,highway_0,1,1396.6172089267166,1720.6172089267166,,-1025.7697605757396
57.0,ego_0,1723.0941849842905,-8.0,24.76976057573958,1000.0,,0.5352683870222239,0.5352683870222239,0.5352683870222239,0.5352683870222239,0.0,0,highway_0,1,1399.0941849842905,1723.0941849842905,,-1025.7697605757396
57.1,ego_0,1725.5711610418643,-8.0,24.76976057573958,1000.0,,0.5352683870222239,0.5352683870222239,0.5352683870222239,0.5352683870222239,0.0,0,highway_0,1,1401.5711610418643,1725.5711610418643,,-1025.7697605757396
57.2,ego_0,1728.0481370994382,-8.0,24.76976057573958,1000.0,,0.5352683870222239,0.5352683870222239,0.5352683870222239,0.5352683870222239,0.0,0,highway_0,1,1404.0481370994382,1728.0481370994382,,-1025.7697605757396
57.3,ego_0,1730.5251131570121,-8.0,24.76976057573958,1000.0,,0.5352683870222239,0.5352683870222239,0.5352683870222239,0.5352683870222239,0.0,0,highway_0,1,1406.5251131570121,1730.5251131570121,,-1025.7697605757396
57.4,ego_0,1733.002089214586,-8.0,24.76976057573958,1000.0,,0.5352683870222239,0.5352683870222239,0.5352683870222239,0.5352683870222239,0.0,0,highway_0,1,1409.002089214586,1733.002089214586,,-1025.7697605757396
57.5,ego_0,1735.47906527216,-8.0,24.76976057573958,1000.0,,0.5352683870222239,0.5352683870222239,0.5352683870222239,0.5352683870222239,0.0,0,highway_0,1,1411.47906527216,1735.47906527216,,-1025.7697605757396
57.6,ego_0,1737.9560413297338,-8.0,24.76976057573958,1000.0,,0.5352683870222239,0.5352683870222239,0.5352683870222239,0.5352683870222239,0.0,0,highway_0,1,1413.9560413297338,1737.9560413297338,,-1025.7697605757396
57.7,ego_0,1740.4330173873077,-8.0,24.76976057573958,1000.0,,0.5352683870222239,0.5352683870222239,0.5352683870222239,0.5352683870222239,0.0,0,highway_0,1,1416.4330173873077,1740.4330173873077,,-1025.7697605757396
57.8,ego_0,1742.9099934448816,-8.0,24.76976057573958,1000.0,,0.5352683870222239,0.5352683870222239,0.5352683870222239,0.5352683870222239,0.0,0,highway_0,1,1418.9099934448816,1742.9099934448816,,-1025.7697605757396
57.9,ego_0,1745.3869695024555,-8.0,24.76976057573958,1000.0,,0.5352683870222239,0.5352683870222239,0.5352683870222239,0.5352683870222239,0.0,0,highway_0,1,1421.3869695024555,1745.3869695024555,,-1025.7697605757396
58.0,ego_0,1747.8639455600294,-8.0,24.76976057573958,1000.0,,0.5352683870222239,0.5352683870222239,0.5352683870222239,0.5352683870222239,0.0,0,highway_0,1,1423.8639455600294,1747.8639455600294,,-1025.7697605757396
58.1,ego_0,1750.3409216176033,-8.0,24.76976057573958,1000.0,,0.5352683870222239,0.5352683870222239,0.5352683870222239,0.5352683870222239,0.0,0,highway_0,1,1426.3409216176033,1750.3409216176033,,-1025.7697605757396
58.2,ego_0,1752.8178976751772,-8.0,24.76976057573958,1000.0,,0.5352683870222239,0.5352683870222239,0.5352683870222239,0.5352683870222239,0.0,0,highway_0,1,1428.8178976751772,1752.8178976751772,,-1025.7697605757396
58.3,ego_0,1755.294873732751,-8.0,24.76976057573958,1000.0,,0.5352683870222239,0.5352683870222239,0.5352683870222239,0.5352683870222239,0.0,0,highway_0,1,1431.294873732751,1755.294873732751,,-1025.7697605757396
58.4,ego_0,1757.771849790325,-8.0,24.76976057573958,1000.0,,0.5352683870222239,0.5352683870222239,0.5352683870222239,0.5352683870222239,0.0,0,highway_0,1,1433.771849790325,1757.771849790325,,-1025.7697605757396
58.5,ego_0,1760.2488258478988,-8.0,24.76976057573958,1000.0,,0.5352683870222239,0.5352683870222239,0.5352683870222239,0.5352683870222239,0.0,0,highway_0,1,1436.2488258478988,1760.2488258478988,,-1025.7697605757396
58.6,ego_0,1762.7258019054727,-8.0,24.76976057573958,1000.0,,0.5352683870222239,0.5352683870222239,0.5352683870222239,0.5352683870222239,0.0,0,highway_0,1,1438.7258019054727,1762.7258019054727,,-1025.7697605757396
58.7,ego_0,1765.2027779630466,-8.0,24.76976057573958,1000.0,,0.5352683870222239,0.5352683870222239,0.5352683870222239,0.5352683870222239,0.0,0,highway_0,1,1441.2027779630466,1765.2027779630466,,-1025.7697605757396
58.8,ego_0,1767.6797540206205,-8.0,24.76976057573958,1000.0,,0.5352683870222239,0.5352683870222239,0.5352683870222239,0.5352683870222239,0.0,0,highway_0,1,1443.6797540206205,1767.6797540206205,,-1025.7697605757396
58.9,ego_0,1770.1567300781944,-8.0,24.76976057573958,1000.0,,0.5352683870222239,0.5352683870222239,0.5352683870222239,0.5352683870222239,0.0,0,highway_0,1,1446.1567300781944,1770.1567300781944,,-1025.7697605757396
59.0,ego_0,1772.6337061357683,-8.0,24.76976057573958,1000.0,,0.5352683870222239,0.5352683870222239,0.5352683870222239,0.5352683870222239,0.0,0,highway_0,1,1448.6337061357683,1772.6337061357683,,-1025.7697605757396
59.1,ego_0,1775.1106821933422,-8.0,24.76976057573958,1000.0,,0.5352683870222239,0.5352683870222239,0.5352683870222239,0.5352683870222239,0.0,0,highway_0,1,1451.1106821933422,1775.1106821933422,,-1025.7697605757396
59.2,ego_0,1777.587658250916,-8.0,24.76976057573958,1000.0,,0.5352683870222239,0.5352683870222239,0.5352683870222239,0.5352683870222239,0.0,0,highway_0,1,1453.587658250916,1777.587658250916,,-1025.7697605757396
59.3,ego_0,1780.06463430849,-8.0,24.76976057573958,1000.0,,0.5352683870222239,0.5352683870222239,0.5352683870222239,0.5352683870222239,0.0,0,highway_0,1,1456.06463430849,1780.06463430849,,-1025.7697605757396
59.4,ego_0,1782.5416103660639,-8.0,24.76976057573958,1000.0,,0.5352683870222239,0.5352683870222239,0.5352683870222239,0.5352683870222239,0.0,0,highway_0,1,1458.5416103660639,1782.5416103660639,,-1025.7697605757396
59.5,ego_0,1785.0185864236378,-8.0,24.76976057573958,1000.0,,0.5352683870222239,0.5352683870222239,0.5352683870222239,0.5352683870222239,0.0,0,highway_0,1,1461.0185864236378,1785.0185864236378,,-1025.7697605757396
59.6,ego_0,1787.4955624812117,-8.0,24.76976057573958,1000.0,,0.5352683870222239,0.5352683870222239,0.5352683870222239,0.5352683870222239,0.0,0,highway_0,1,1463.4955624812117,1787.4955624812117,,-1025.7697605757396
59.7,ego_0,1789.9725385387856,-8.0,24.76976057573958,1000.0,,0.5352683870222239,0.5352683870222239,0.5352683870222239,0.5352683870222239,0.0,0,highway_0,1,1465.9725385387856,1789.9725385387856,,-1025.7697605757396
59.8,ego_0,1792.4495145963594,-8.0,24.76976057573958,1000.0,,0.5352683870222239,0.5352683870222239,0.5352683870222239,0.5352683870222239,0.0,0,highway_0,1,1468.4495145963594,1792.4495145963594,,-1025.7697605757396
59.9,ego_0,1794.9264906539333,-8.0,24.76976057573958,1000.0,,0.5352683870222239,0.5352683870222239,0.5352683870222239,0.5352683870222239,0.0,0,highway_0,1,1470.9264906539333,1794.9264906539333,,-1025.7697605757396
60.0,ego_0,1797.4034667115072,-8.0,24.76976057573958,1000.0,,0.5352683870222239,0.5352683870222239,0.5352683870222239,0.5352683870222239,0.0,0,highway_0,1,1473.4034667115072,1797.4034667115072,,-1025.7697605757396
60.1,ego_0,1799.8804427690811,-8.01,24.76976057573958,1000.0,,0.5352683870222239,0.5352683870222239,0.5352683870222239,0.5352683870222239,0.0,0,highway_0,1,1475.8804427690811,1799.8804427690811,,-1025.7697605757396
0,llm_0,338.0,-4.8,21.3,1000.0,,,,,,0,0,highway_0,2,0.0,338.0,,-1022.3
0.1,llm_0,340.1225025574475,-4.8,21.22502557447475,1000.0,,-0.7572416978050445,-0.7572416978050445,-0.7572416978050445,-0.7572416978050445,-0.7497442552525158,0,highway_0,2,2.12250255744749,340.1225025574475,,-1022.2250255744748
0.2,llm_0,342.2380355363003,-4.8,21.155329788528203,1000.0,,-0.7039274380601084,-0.7039274380601084,-0.7039274380601084,-0.7039274380601084,-0.6969578594654635,0,highway_0,2,4.238035536300288,342.2380355363003,,-1022.1553297885282
0.3,llm_0,344.34709297587773,-4.8,21.09057439577452,1000.0,,-0.6540294668121842,-0.6540294668121842,-0.6540294668121842,-0.6540294668121842,-0.6475539275368192,0,highway_0,2,6.347092975877729,344.34709297587773,,-1022.0905743957745
0.4,llm_0,346.45615041545517,-4.8,21.09057439577452,1000.0,,0.0,0.0,0.0,0.0,0.0,0,highway_0,2,8.45615041545517,346.45615041545517,,-1022.0905743957745
0.5,llm_0,348.5652078550326,-4.8,21.09057439577452,1000.0,,0.0,0.0,0.0,0.0,0.0,0,highway_0,2,10.565207855032611,348.5652078550326,,-1022.0905743957745
0.6,llm_0,350.67426529461005,-4.8,21.09057439577452,1000.0,,0.0,0.0,0.0,0.0,0.0,0,highway_0,2,12.674265294610052,350.67426529461005,,-1022.0905743957745
0.7,llm_0,352.7833227341875,-4.8,21.09057439577452,1000.0,,0.0,0.0,0.0,0.0,0.0,0,highway_0,2,14.783322734187493,352.7833227341875,,-1022.0905743957745
0.8,llm_0,354.89238017376493,-4.8,21.09057439577452,1000.0,,0.0,0.0,0.0,0.0,0.0,0,highway_0,2,16.892380173764934,354.89238017376493,,-1022.0905743957745
0.9,llm_0,357.0014376133424,-4.8,21.09057439577452,1000.0,,0.0,0.0,0.0,0.0,0.0,0,highway_0,2,19.001437613342375,357.0014376133424,,-1022.0905743957745
1.0,llm_0,359.1104950529198,-4.8,21.09057439577452,1000.0,,0.0,0.0,0.0,0.0,0.0,0,highway_0,2,21.110495052919816,359.1104950529198,,-1022.0905743957745
1.1,llm_0,361.21955249249726,-4.8,21.09057439577452,1000.0,,0.0,0.0,0.0,0.0,0.0,0,highway_0,2,23.219552492497257,361.21955249249726,,-1022.0905743957745
1.2,llm_0,363.3286099320747,-4.8,21.09057439577452,1000.0,,0.0,0.0,0.0,0.0,0.0,0,highway_0,2,25.3286099320747,363.3286099320747,,-1022.0905743957745
1.3,llm_0,365.43766737165214,-4.8,21.09057439577452,1000.0,,0.0,0.0,0.0,0.0,0.0,0,highway_0,2,27.43766737165214,365.43766737165214,,-1022.0905743957745
1.4,llm_0,367.5467248112296,-4.8,21.09057439577452,1000.0,,0.0,0.0,0.0,0.0,0.0,0,highway_0,2,29.54672481122958,367.5467248112296,,-1022.0905743957745
1.5,llm_0,369.655782250807,-4.8,21.09057439577452,1000.0,,0.0,0.0,0.0,0.0,0.0,0,highway_0,2,31.65578225080702,369.655782250807,,-1022.0905743957745
1.6,llm_0,371.76483969038446,-4.8,21.09057439577452,1000.0,,0.0,0.0,0.0,0.0,0.0,0,highway_0,2,33.76483969038446,371.76483969038446,,-1022.0905743957745
1.7,llm_0,373.8738971299619,-4.8,21.09057439577452,1000.0,,0.0,0.0,0.0,0.0,0.0,0,highway_0,2,35.873897129961904,373.8738971299619,,-1022.0905743957745
1.8,llm_0,375.98295456953934,-4.8,21.09057439577452,1000.0,,0.0,0.0,0.0,0.0,0.0,0,highway_0,2,37.982954569539345,375.98295456953934,,-1022.0905743957745
1.9,llm_0,378.0920120091168,-4.8,21.09057439577452,1000.0,,0.0,0.0,0.0,0.0,0.0,0,highway_0,2,40.092012009116786,378.0920120091168,,-1022.0905743957745
2.0,llm_0,380.2010694486942,-4.8,21.09057439577452,1000.0,,0.0,0.0,0.0,0.0,0.0,0,highway_0,2,42.20106944869423,380.2010694486942,,-1022.0905743957745
2.1,llm_0,382.31012688827167,-4.8,21.09057439577452,1000.0,,0.0,0.0,0.0,0.0,0.0,0,highway_0,2,44.31012688827167,382.31012688827167,,-1022.0905743957745
2.2,llm_0,384.4191843278491,-4.8,21.09057439577452,1000.0,,0.0,0.0,0.0,0.0,0.0,0,highway_0,2,46.41918432784911,384.4191843278491,,-1022.0905743957745
2.3,llm_0,386.52824176742655,-4.8,21.09057439577452,1000.0,,0.0,0.0,0.0,0.0,0.0,0,highway_0,2,48.52824176742655,386.52824176742655,,-1022.0905743957745
2.4,llm_0,388.637299207004,-4.8,21.09057439577452,1000.0,,0.0,0.0,0.0,0.0,0.0,0,highway_0,2,50.63729920700399,388.637299207004,,-1022.0905743957745
2.5,llm_0,390.74635664658143,-4.8,21.09057439577452,1000.0,,0.0,0.0,0.0,0.0,0.0,0,highway_0,2,52.74635664658143,390.74635664658143,,-1022.0905743957745
2.6,llm_0,392.8554140861589,-4.8,21.09057439577452,1000.0,,0.0,0.0,0.0,0.0,0.0,0,highway_0,2,54.85541408615887,392.8554140861589,,-1022.0905743957745
2.7,llm_0,394.9644715257363,-4.8,21.09057439577452,1000.0,,0.0,0.0,0.0,0.0,0.0,0,highway_0,2,56.964471525736315,394.9644715257363,,-1022.0905743957745
2.8,llm_0,397.07352896531376,-4.8,21.09057439577452,1000.0,,0.0,0.0,0.0,0.0,0.0,0,highway_0,2,59.073528965313756,397.07352896531376,,-1022.0905743957745
2.9,llm_0,399.1825864048912,-4.8,21.09057439577452,1000.0,,0.0,0.0,0.0,0.0,0.0,0,highway_0,2,61.1825864048912,399.1825864048912,,-1022.0905743957745
3.0,llm_0,401.29164384446864,-4.8,21.09057439577452,1000.0,,0.0,0.0,0.0,0.0,0.0,0,highway_0,2,63.29164384446864,401.29164384446864,,-1022.0905743957745
3.1,llm_0,403.4007012840461,-4.8,21.09057439577452,1000.0,,0.0,0.0,0.0,0.0,0.0,0,highway_0,2,65.40070128404608,403.4007012840461,,-1022.0905743957745
3.2,llm_0,405.5097587236235,-4.8,21.09057439577452,1000.0,,0.0,0.0,0.0,0.0,0.0,0,highway_0,2,67.50975872362352,405.5097587236235,,-1022.0905743957745
3.3,llm_0,407.61881616320096,-4.8,21.09057439577452,1000.0,,0.0,0.0,0.0,0.0,0.0,0,highway_0,2,69.61881616320096,407.61881616320096,,-1022.0905743957745
3.4,llm_0,409.7278736027784,-4.8,21.09057439577452,1000.0,,0.0,0.0,0.0,0.0,0.0,0,highway_0,2,71.7278736027784,409.7278736027784,,-1022.0905743957745
3.5,llm_0,411.83693104235584,-4.8,21.09057439577452,1000.0,,0.0,0.0,0.0,0.0,0.0,0,highway_0,2,73.83693104235584,411.83693104235584,,-1022.0905743957745
3.6,llm_0,413.9459884819333,-4.8,21.09057439577452,1000.0,,0.0,0.0,0.0,0.0,0.0,0,highway_0,2,75.94598848193328,413.9459884819333,,-1022.0905743957745
3.7,llm_0,416.0550459215107,-4.8,21.09057439577452,1000.0,,0.0,0.0,0.0,0.0,0.0,0,highway_0,2,78.05504592151073,416.0550459215107,,-1022.0905743957745
3.8,llm_0,418.16410336108817,-4.8,21.09057439577452,1000.0,,0.0,0.0,0.0,0.0,0.0,0,highway_0,2,80.16410336108817,418.16410336108817,,-1022.0905743957745
3.9,llm_0,420.2731608006656,-4.8,21.09057439577452,1000.0,,0.0,0.0,0.0,0.0,0.0,0,highway_0,2,82.27316080066561,420.2731608006656,,-1022.0905743957745
4.0,llm_0,422.38221824024305,-4.8,21.09057439577452,1000.0,,0.0,0.0,0.0,0.0,0.0,0,highway_0,2,84.38221824024305,422.38221824024305,,-1022.0905743957745
4.1,llm_0,424.4912756798205,-4.8,21.09057439577452,1000.0,,0.0,0.0,0.0,0.0,0.0,0,highway_0,2,86.49127567982049,424.4912756798205,,-1022.0905743957745
4.2,llm_0,426.60033311939793,-4.8,21.09057439577452,1000.0,,0.0,0.0,0.0,0.0,0.0,0,highway_0,2,88.60033311939793,426.60033311939793,,-1022.0905743957745
4.3,llm_0,428.7141610658773,-4.8,21.138279464793822,1000.0,,0.48182119709493065,0.48182119709493065,0.48182119709493065,0.48182119709493065,0.4770506901930105,0,highway_0,2,90.7141610658773,428.7141610658773,,-1022.1382794647939
4.4,llm_0,430.83291656652654,-4.8,21.187555006492442,1000.0,,0.49768297115603954,0.49768297115603954,0.49768297115603954,0.49768297115603954,0.4927554169861992,0,highway_0,2,92.83291656652654,430.83291656652654,,-1022.1875550064924
4.5,llm_0,432.9565530845395,-4.8,21.23636518012973,1000.0,,0.4929827537366237,0.4929827537366237,0.4929827537366237,0.4929827537366237,0.4881017363728901,0,highway_0,2,94.95655308453951,432.9565530845395,,-1022.2363651801297
4.6,llm_0,435.0850242013941,-4.8,21.284711168545815,1000.0,,0.4882944830024659,0.4882944830024659,0.4882944830024659,0.4882944830024659,0.48345988416084396,0,highway_0,2,97.0850242013941,435.0850242013941,,-1022.2847111685459
4.7,llm_0,437.2182836234062,-4.8,21.33259422012081,1000.0,,0.48361882090746544,0.48361882090746544,0.48361882090746544,0.48361882090746544,0.47883051574995505,0,highway_0,2,99.2182836234062,437.2182836234062,,-1022.3325942201208
4.8,llm_0,439.3564812039269,-4.8,21.38197580520654,1000.0,,0.4987540093658579,0.4987540093658579,0.4987540093658579,0.4987540093658579,0.4938158508572954,0,highway_0,2,101.35648120392688,439.3564812039269,,-1022.3819758052066
4.9,llm_0,441.49957083046587,-4.8,21.4308962653901,1000.0,,0.4940966478539376,0.4940966478539376,0.4940966478539376,0.4940966478539376,0.48920460183559555,0,highway_0,2,103.49957083046587,441.49957083046587,,-1022.4308962653901
5.0,llm_0,443.6475065050133,-4.8,21.479356745474355,1000.0,,0.4894508488509761,0.4894508488509761,0.4894508488509761,0.4894508488509761,0.4846048008425541,0,highway_0,2,105.64750650501333,443.6475065050133,,-1022.4793567454743
5.1,llm_0,445.8002423504283,-4.8,21.527358454149663,1000.0,,0.4848172576206098,0.4848172576206098,0.4848172576206098,0.4848172576206098,0.4800170867530795,0,highway_0,2,107.80024235042828,445.8002423504283,,-1022.5273584541496
5.2,llm_0,447.9579214338844,-4.8,21.576790834561304,1000.0,,0.4992670421575792,0.4992670421575792,0.4992670421575792,0.4992670421575792,0.4943238041164122,0,highway_0,2,109.9579214338844,447.9579214338844,,-1022.5767908345613
5.3,llm_0,450.1204980611722,-4.8,21.625766272877943,1000.0,,0.4946519269980483,0.4946519269980483,0.4946519269980483,0.4946519269980483,0.4897543831663853,0,highway_0,2,112.12049806117221,450.1204980611722,,-1022.625766272878
5.4,llm_0,452.2879266496924,-4.8,21.67428588520149,1000.0,,0.4900480844678027,0.4900480844678027,0.4900480844678027,0.4900480844678027,0.485196123235454,0,highway_0,2,114.28792664969234,452.28792664969234,,-1022.6742858852015
5.5,llm_0,454.46016173467837,-4.8,21.7223508498607,1000.0,,0.48545614305803253,0.48545614305803253,0.48545614305803253,0.48545614305803253,0.48064964659211284,0,highway_0,2,116.46016173467842,454.4601617346784,,-1022.7223508498607
5.6,llm_0,456.63733996602514,-4.8,21.771782313467337,1000.0,,0.49925778242706353,0.49925778242706353,0.49925778242706353,0.49925778242706353,0.4943146360663775,0,highway_0,2,118.63733996602514,456.63733996602514,,-1022.7717823134674
5.7,llm_0,458.8194160611057,-4.8,21.820760950804846,1000.0,,0.4946842371088578,0.4946842371088578,0.4946842371088578,0.4946842371088578,0.48978637337508957,0,highway_0,2,120.81941606110564,458.81941606110564,,-1022.8207609508048
5.8,llm_0,461.0063448468702,-4.8,21.869287857645535,1000.0,,0.4901217590909491,0.4901217590909491,0.4901217590909491,0.4901217590909491,0.4852690684068861,0,highway_0,2,123.0063448468702,461.0063448468702,,-1022.8692878576455
5.9,llm_0,463.1980812659031,-4.8,21.91736419032981,1000.0,,0.4855709601111673,0.4855709601111673,0.4855709601111673,0.4855709601111673,0.48076332684274803,0,highway_0,2,125.19808126590317,463.19808126590317,,-1022.9173641903299
6.0,llm_0,465.40367907107475,-4.8,22.05597805171595,1000.0,,1.4,1.4,1.4,1.4,1.3861386138614051,0,highway_0,2,127.40367907107475,465.40367907107475,,-1023.0559780517159
6.1,llm_0,467.623138262385,-4.8,22.19459191310209,1000.0,,1.4,1.4,1.4,1.4,1.3861386138614051,0,highway_0,2,129.62313826238494,467.62313826238494,,-1023.194591913102
6.2,llm_0,469.8564588398337,-4.8,22.33320577448823,1000.0,,1.4,1.4,1.4,1.4,1.3861386138614051,0,highway_0,2,131.85645883983375,469.85645883983375,,-1023.3332057744882
6.3,llm_0,472.1036408034211,-4.8,22.471819635874372,1000.0,,1.4,1.4,1.4,1.4,1.3861386138614051,0,highway_0,2,134.10364080342117,472.1036408034212,,-1023.4718196358743
6.4,llm_0,474.36468415314715,-4.8,22.610433497260512,1000.0,,1.4,1.4,1.4,1.4,1.3861386138614051,0,highway_0,2,136.3646841531472,474.3646841531472,,-1023.6104334972605
6.5,llm_0,476.6395888890118,-4.8,22.749047358646653,1000.0,,1.4,1.4,1.4,1.4,1.3861386138614051,0,highway_0,2,138.63958888901186,476.63958888901186,,-1023.7490473586466
6.6,llm_0,478.9283550110151,-4.8,22.887661220032793,1000.0,,1.4,1.4,1.4,1.4,1.3861386138614051,0,highway_0,2,140.92835501101513,478.9283550110151,,-1023.8876612200328
6.7,llm_0,481.230982519157,-4.8,23.026275081418934,1000.0,,1.4,1.4,1.4,1.4,1.3861386138614051,0,highway_0,2,143.230982519157,481.230982519157,,-1024.026275081419
6.8,llm_0,483.54747141343756,-4.8,23.164888942805074,1000.0,,1.4,1.4,1.4,1.4,1.3861386138614051,0,highway_0,2,145.5474714134375,483.5474714134375,,-1024.164888942805
6.9,llm_0,485.87782169385656,-4.8,23.303502804191215,1000.0,,1.4,1.4,1.4,1.4,1.3861386138614051,0,highway_0,2,147.87782169385662,485.8778216938566,,-1024.303502804191
7.0,llm_0,488.22203336041434,-4.8,23.442116665577355,1000.0,,1.4,1.4,1.4,1.4,1.3861386138614051,0,highway_0,2,150.22203336041434,488.22203336041434,,-1024.4421166655773
7.1,llm_0,490.5801064131107,-4.8,23.580730526963496,1000.0,,1.4,1.4,1.4,1.4,1.3861386138614051,0,highway_0,2,152.58010641311068,490.5801064131107,,-1024.5807305269634
7.2,llm_0,492.95204085194564,-4.8,23.719344388349636,1000.0,,1.4,1.4,1.4,1.4,1.3861386138614051,0,highway_0,2,154.95204085194564,492.95204085194564,,-1024.7193443883496
7.3,llm_0,495.3378366769192,-4.8,23.857958249735777,1000.0,,1.4,1.4,1.4,1.4,1.3861386138614051,0,highway_0,2,157.3378366769192,495.3378366769192,,-1024.8579582497357
7.4,llm_0,497.73749388803134,-4.8,23.996572111121917,1000.0,,1.4,1.4,1.4,1.4,1.3861386138614051,0,highway_0,2,159.7374938880314,497.7374938880314,,-1024.9965721111218
7.5,llm_0,500.1510124852822,-4.8,24.135185972508058,1000.0,,1.4,1.4,1.4,1.4,1.3861386138614051,0,highway_0,2,162.1510124852822,500.1510124852822,,-1025.135185972508
7.6,llm_0,502.5783924686716,-4.8,24.2737998338942,1000.0,,1.4,1.4,1.4,1.4,1.3861386138614051,0,highway_0,2,164.5783924686716,502.5783924686716,,-1025.2737998338941
7.7,llm_0,505.01963383819964,-4.8,24.41241369528034,1000.0,,1.4,1.4,1.4,1.4,1.3861386138614051,0,highway_0,2,167.01963383819964,505.01963383819964,,-1025.4124136952803
7.8,llm_0,507.47473659386634,-4.8,24.55102755666648,1000.0,,1.4,1.4,1.4,1.4,1.3861386138614051,0,highway_0,2,169.47473659386628,507.4747365938663,,-1025.5510275566664
7.9,llm_0,509.9437007356715,-4.8,24.68964141805262,1000.0,,1.4,1.4,1.4,1.4,1.3861386138614051,0,highway_0,2,171.94370073567154,509.94370073567154,,-1025.6896414180526
8.0,llm_0,512.4265262636154,-4.8,24.82825527943876,1000.0,,1.4,1.4,1.4,1.4,1.3861386138614051,0,highway_0,2,174.42652626361541,512.4265262636154,,-1025.8282552794387
8.1,llm_0,514.9232131776979,-4.8,24.9668691408249,1000.0,,1.4,1.4,1.4,1.4,1.3861386138614051,0,highway_0,2,176.9232131776979,514.9232131776979,,-1025.9668691408249
8.2,llm_0,517.433761477919,-4.8,25.10548300221104,1000.0,,1.4,1.4,1.4,1.4,1.3861386138614051,0,highway_0,2,179.433761477919,517.433761477919,,-1026.105483002211
8.3,llm_0,519.9581711642787,-4.8,25.244096863597182,1000.0,,1.4,1.4,1.4,1.4,1.3861386138614051,0,highway_0,2,181.95817116427872,519.9581711642787,,-1026.2440968635972
8.4,llm_0,522.496442236777,-4.8,25.382710724983323,1000.0,,1.4,1.4,1.4,1.4,1.3861386138614051,0,highway_0,2,184.49644223677706,522.496442236777,,-1026.3827107249833
8.5,llm_0,525.048574695414,-4.8,25.521324586369463,1000.0,,1.4,1.4,1.4,1.4,1.3861386138614051,0,highway_0,2,187.048574695414,525.048574695414,,-1026.5213245863695
8.6,llm_0,527.6145685401896,-4.8,25.659938447755604,1000.0,,1.4,1.4,1.4,1.4,1.3861386138614051,0,highway_0,2,189.61456854018957,527.6145685401896,,-1026.6599384477556
8.7,llm_0,530.1944237711037,-4.8,25.798552309141744,1000.0,,1.4,1.4,1.4,1.4,1.3861386138614051,0,highway_0,2,192.19442377110374,530.1944237711037,,-1026.7985523091418
8.8,llm_0,532.7881403881565,-4.8,25.937166170527885,1000.0,,1.4,1.4,1.4,1.4,1.3861386138614051,0,highway_0,2,194.78814038815653,532.7881403881565,,-1026.937166170528
8.9,llm_0,535.3957183913479,-4.8,26.075780031914025,1000.0,,1.4,1.4,1.4,1.4,1.3861386138614051,0,highway_0,2,197.39571839134794,535.3957183913479,,-1027.075780031914
9.0,llm_0,538.017157780678,-4.8,26.214393893300166,1000.0,,1.4,1.4,1.4,1.4,1.3861386138614051,0,highway_0,2,200.01715778067796,538.017157780678,,-1027.2143938933002
9.1,llm_0,540.6524585561466,-4.8,26.353007754686306,1000.0,,1.4,1.4,1.4,1.4,1.3861386138614051,0,highway_0,2,202.6524585561466,540.6524585561466,,-1027.3530077546864
9.2,llm_0,543.3016207177538,-4.8,26.491621616072447,1000.0,,1.4,1.4,1.4,1.4,1.3861386138614051,0,highway_0,2,205.30162071775385,543.3016207177538,,-1027.4916216160725
9.3,llm_0,545.9646442654997,-4.8,26.630235477458587,1000.0,,1.4,1.4,1.4,1.4,1.3861386138614051,0,highway_0,2,207.96464426549971,545.9646442654997,,-1027.6302354774587
9.4,llm_0,548.6415291993842,-4.8,26.768849338844728,1000.0,,1.4,1.4,1.4,1.4,1.3861386138614051,0,highway_0,2,210.6415291993842,548.6415291993842,,-1027.7688493388448
9.5,llm_0,551.3322755194073,-4.8,26.90746320023087,1000.0,,1.4,1.4,1.4,1.4,1.3861386138614051,0,highway_0,2,213.3322755194073,551.3322755194073,,-1027.907463200231
9.6,llm_0,554.036883225569,-4.8,27.04607706161701,1000.0,,1.4,1.4,1.4,1.4,1.3861386138614051,0,highway_0,2,216.036883225569,554.036883225569,,-1028.046077061617
9.7,llm_0,556.7553523178693,-4.8,27.18469092300315,1000.0,,1.4,1.4,1.4,1.4,1.3861386138614051,0,highway_0,2,218.75535231786932,556.7553523178693,,-1028.1846909230032
9.8,llm_0,559.4876827963083,-4.8,27.32330478438929,1000.0,,1.4,1.4,1.4,1.4,1.3861386138614051,0,highway_0,2,221.48768279630826,559.4876827963083,,-1028.3233047843894
9.9,llm_0,562.2338746608858,-4.8,27.46191864577543,1000.0,,1.4,1.4,1.4,1.4,1.3861386138614051,0,highway_0,2,224.23387466088582,562.2338746608858,,-1028.4619186457755
10.0,llm_0,564.993927911602,-4.8,27.60053250716157,1000.0,,1.4,1.4,1.4,1.4,1.3861386138614051,0,highway_0,2,226.993927911602,564.993927911602,,-1028.6005325071615
10.1,llm_0,567.751999217342,-4.8,27.58071305740028,1000.0,,-0.20017644258902534,-0.20017644258902534,-0.20017644258902534,-0.20017644258902534,-0.19819449761289576,0,highway_0,2,229.75199921734202,567.751999217342,,-1028.5807130574003
10.2,llm_0,570.5081226730538,-4.8,27.561234557117874,1000.0,,-0.19673285285228648,-0.19673285285228648,-0.19673285285228648,-0.19673285285228648,-0.1947850028240694,0,highway_0,2,232.50812267305378,570.5081226730538,,-1028.5612345571178
10.3,llm_0,573.2623317156182,-4.8,27.5420904256444,1000.0,,-0.19335572788207012,-0.19335572788207012,-0.19335572788207012,-0.19335572788207012,-0.19144131473474602,0,highway_0,2,235.2623317156182,573.2623317156182,,-1028.5420904256443
10.4,llm_0,576.0146591389317,-4.8,27.523274233135158,1000.0,,-0.19004354434334902,-0.19004354434334902,-0.19004354434334902,-0.19004354434334902,-0.18816192509241603,0,highway_0,2,238.01465913893173,576.0146591389317,,-1028.5232742331352
10.5,llm_0,578.7651371085635,-4.8,27.50477969631803,1000.0,,-0.18679482185299223,-0.18679482185299223,-0.18679482185299223,-0.18679482185299223,-0.18494536817126317,0,highway_0,2,240.76513710856352,578.7651371085635,,-1028.504779696318
10.6,llm_0,581.5137971760023,-4.8,27.48660067438753,1000.0,,-0.18360812149806094,-0.18360812149806094,-0.18360812149806094,-0.18360812149806094,-0.18179021930500028,0,highway_0,2,243.5137971760023,581.5137971760023,,-1028.4866006743875
10.7,llm_0,584.2606702925062,-4.8,27.468731165039536,1000.0,,-0.180482044414783,-0.180482044414783,-0.180482044414783,-0.180482044414783,-0.17869509347995916,0,highway_0,2,246.26067029250623,584.2606702925062,,-1028.4687311650396
10.8,llm_0,587.0057868225704,-4.8,27.451165300640987,1000.0,,-0.17741523042536067,-0.17741523042536067,-0.17741523042536067,-0.17741523042536067,-0.1756586439854857,0,highway_0,2,249.00578682257037,587.0057868225704,,-1028.451165300641
10.9,llm_0,589.7491765570232,-4.8,27.433897344529115,1000.0,,-0.17440635672989058,-0.17440635672989058,-0.17440635672989058,-0.17440635672989058,-0.17267956111872707,0,highway_0,2,251.74917655702325,589.7491765570232,,-1028.4338973445292
11.0,llm_0,592.4908687257667,-4.8,27.416921687434975,1000.0,,-0.17145413665081666,-0.17145413665081666,-0.17145413665081666,-0.17145413665081666,-0.16975657094139507,0,highway_0,2,254.49086872576675,592.4908687257667,,-1028.416921687435
11.1,llm_0,595.2308920101693,-4.8,27.400232844026313,1000.0,,-0.16855731842750865,-0.16855731842750865,-0.16855731842750865,-0.16855731842750865,-0.1668884340866228,0,highway_0,2,257.2308920101693,595.2308920101693,,-1028.4002328440263
11.2,llm_0,597.9692745551258,-4.8,27.383825449565066,1000.0,,-0.16571468405861833,-0.16571468405861833,-0.16571468405861833,-0.16571468405861833,-0.16407394461246838,0,highway_0,2,259.9692745551258,597.9692745551258,,-1028.3838254495652
11.3,llm_0,600.7060439807933,-4.8,27.367694256674962,1000.0,,-0.16292504819006326,-0.16292504819006326,-0.16292504819006326,-0.16292504819006326,-0.16131192890103563,0,highway_0,2,262.7060439807933,600.7060439807933,,-1028.367694256675
11.4,llm_0,603.4412273940148,-4.8,27.351834132214908,1000.0,,-0.16018725704655057,-0.16018725704655057,-0.16018725704655057,-0.16018725704655057,-0.15860124460054692,0,highway_0,2,265.44122739401485,603.4412273940148,,-1028.351834132215
11.5,llm_0,606.1748513994403,-4.8,27.336240054254052,1000.0,,-0.15750018740466154,-0.15750018740466154,-0.15750018740466154,-0.15750018740466154,-0.15594077960855657,0,highway_0,2,268.1748513994403,606.1748513994403,,-1028.336240054254
11.6,llm_0,608.9069421103547,-4.8,27.32090710914458,1000.0,,-0.1548627456056555,-0.1548627456056555,-0.1548627456056555,-0.1548627456056555,-0.15332945109470586,0,highway_0,2,270.90694211035475,608.9069421103547,,-1028.3209071091446
11.7,llm_0,611.6375251592236,-4.8,27.30583048868852,1000.0,,-0.1522738666061889,-0.1522738666061889,-0.1522738666061889,-0.1522738666061889,-0.15076620456060397,0,highway_0,2,273.6375251592236,611.6375251592236,,-1028.3058304886886
11.8,llm_0,614.3666257079631,-4.8,27.291005487394926,1000.0,,-0.14973251306529956,-0.14973251306529956,-0.14973251306529956,-0.14973251306529956,-0.14825001293594653,0,highway_0,2,276.36662570796307,614.3666257079631,,-1028.2910054873948
11.9,llm_0,617.0942684579454,-4.8,27.27642749982403,1000.0,,-0.14723767446603442,-0.14723767446603442,-0.14723767446603442,-0.14723767446603442,-0.14577987570895345,0,highway_0,2,279.0942684579454,617.0942684579454,,-1028.276427499824
12.0,llm_0,619.820477659747,-4.8,27.2620920180151,1000.0,,-0.1447883662702072,-0.1447883662702072,-0.1447883662702072,-0.1447883662702072,-0.14335481808931405,0,highway_0,2,281.820477659747,619.820477659747,,-1028.2620920180152
12.1,llm_0,622.5452771226464,-4.8,27.247994628994817,1000.0,,-0.14238362910485103,-0.14238362910485103,-0.14238362910485103,-0.14238362910485103,-0.14097389020282236,0,highway_0,2,284.54527712264644,622.5452771226464,,-1028.2479946289948
12.2,llm_0,625.2686902238828,-4.8,27.234131012363235,1000.0,,-0.14002252797898085,-0.14002252797898085,-0.14002252797898085,-0.14002252797898085,-0.13863616631581976,0,highway_0,2,287.2686902238828,625.2686902238828,,-1028.2341310123632
12.3,llm_0,627.9907399176782,-4.8,27.220496937954387,1000.0,,-0.137704151529372,-0.137704151529372,-0.137704151529372,-0.137704151529372,-0.13634074408848562,0,highway_0,2,289.9907399176782,627.9907399176782,,-1028.2204969379543
12.4,llm_0,630.7114487440351,-4.8,27.20708826356883,1000.0,,-0.13542761129410352,-0.13542761129410352,-0.13542761129410352,-0.13542761129410352,-0.13408674385555486,0,highway_0,2,292.7114487440351,630.7114487440351,,-1028.2070882635687
12.5,llm_0,633.4308388373126,-4.8,27.193900932775495,1000.0,,-0.13319204101269055,-0.13319204101269055,-0.13319204101269055,-0.13319204101269055,-0.13187330793336116,0,highway_0,2,295.43083883731265,633.4308388373126,,-1028.1939009327755
12.6,llm_0,636.1489319345907,-4.8,27.18093097278028,1000.0,,-0.13099659595167723,-0.13099659595167723,-0.13099659595167723,-0.13099659595167723,-0.12969959995213998,0,highway_0,2,298.1489319345907,636.1489319345907,,-1028.1809309727803
12.7,llm_0,638.8657493838266,-4.8,27.168174492359032,1000.0,,-0.1288404522546267,-0.1288404522546267,-0.1288404522546267,-0.1288404522546267,-0.12756480421248995,0,highway_0,2,300.8657493838266,638.8657493838266,,-1028.168174492359
12.8,llm_0,641.5813121518119,-4.8,27.15562767985255,1000.0,,-0.12672280631547217,-0.12672280631547217,-0.12672280631547217,-0.12672280631547217,-0.1254681250648204,0,highway_0,2,303.58131215181186,641.5813121518119,,-1028.1556276798526
12.9,llm_0,644.295640831934,-4.8,27.143286801221436,1000.0,,-0.12464287417427866,-0.12464287417427866,-0.12464287417427866,-0.12464287417427866,-0.12340878631114549,0,highway_0,2,306.29564083193395,644.295640831934,,-1028.1432868012214
13.0,llm_0,647.0087556517498,-4.8,27.131148198158616,1000.0,,-0.12259989093446877,-0.12259989093446877,-0.12259989093446877,-0.12259989093446877,-0.12138603062819442,0,highway_0,2,309.00875565174977,647.0087556517498,,-1028.1311481981586
13.1,llm_0,649.7206764803756,-4.8,27.119208286257564,1000.0,,-0.12059311020064367,-0.12059311020064367,-0.12059311020064367,-0.12059311020064367,-0.11939911901052369,0,highway_0,2,311.7206764803756,649.7206764803756,,-1028.1192082862576
13.2,llm_0,652.431422835699,-4.8,27.107463553234183,1000.0,,-0.1186218035361537,-0.1186218035361537,-0.1186218035361537,-0.1186218035361537,-0.1174473302338086,0,highway_0,2,314.431422835699,652.431422835699,,-1028.107463553234
13.3,llm_0,655.141013891419,-4.8,27.095910557200558,1000.0,,-0.11668525993960577,-0.11668525993960577,-0.11668525993960577,-0.11668525993960577,-0.11552996033625362,0,highway_0,2,317.141013891419,655.141013891419,,-1028.0959105572006
13.4,llm_0,657.8494684839179,-4.8,27.08454592498872,1000.0,,-0.11478278533956554,-0.11478278533956554,-0.11478278533956554,-0.11478278533956554,-0.11364632211837034,0,highway_0,2,319.8494684839179,657.8494684839179,,-1028.0845459249888
13.5,llm_0,660.5568051189701,-4.8,27.07336635052271,1000.0,,-0.11291370210669416,-0.11291370210669416,-0.11291370210669416,-0.11291370210669416,-0.11179574466009257,0,highway_0,2,322.55680511897015,660.5568051189701,,-1028.0733663505227
13.6,llm_0,663.2630419782939,-4.8,27.062368593237302,1000.0,,-0.11107734858264129,-0.11107734858264129,-0.11107734858264129,-0.11107734858264129,-0.10997757285409193,0,highway_0,2,325.2630419782939,663.2630419782939,,-1028.0623685932374
13.7,llm_0,665.9681969259481,-4.8,27.051549476541755,1000.0,,-0.10927307862502844,-0.10927307862502844,-0.10927307862502844,-0.10927307862502844,-0.10819116695547137,0,highway_0,2,327.96819692594806,665.9681969259481,,-1028.0515494765418
13.8,llm_0,668.6722875145808,-4.8,27.040905886327113,1000.0,,-0.1075002611678697,-0.1075002611678697,-0.1075002611678697,-0.1075002611678697,-0.10643590214641563,0,highway_0,2,330.67228751458083,668.6722875145808,,-1028.0409058863272
13.9,llm_0,671.3753309915323,-4.8,27.030434769515544,1000.0,,-0.10575827979684349,-0.10575827979684349,-0.10575827979684349,-0.10575827979684349,-0.10471116811569203,0,highway_0,2,333.37533099153234,671.3753309915323,,-1028.0304347695155
14.0,llm_0,674.0773443047974,-4.8,27.020133132650315,1000.0,,-0.10404653233882355,-0.10404653233882355,-0.10404653233882355,-0.10404653233882355,-0.10301636865229113,0,highway_0,2,336.0773443047974,674.0773443047974,,-1028.0201331326502
14.1,llm_0,676.7783441088499,-4.8,27.00999804052506,1000.0,,-0.10236443046510502,-0.10236443046510502,-0.10236443046510502,-0.10236443046510502,-0.10135092125256762,0,highway_0,2,338.77834410884986,676.7783441088499,,-1028.009998040525
14.2,llm_0,679.478346770335,-4.8,27.000026614851016,1000.0,,-0.10071139930782302,-0.10071139930782302,-0.10071139930782302,-0.10071139930782302,-0.09971425674041967,0,highway_0,2,341.47834677033495,679.478346770335,,-1028.000026614851
14.3,llm_0,682.177368373631,-4.8,26.990216032961015,1000.0,,-0.09908687708902209,-0.09908687708902209,-0.09908687708902209,-0.09908687708902209,-0.09810581890000947,0,highway_0,2,344.177368373631,682.177368373631,,-1027.990216032961
14.4,llm_0,684.8754247262859,-4.8,26.98056352654894,1000.0,,-0.0974903147619195,-0.0974903147619195,-0.0974903147619195,-0.0974903147619195,-0.09652506412074047,0,highway_0,2,346.8754247262859,684.8754247262859,,-1027.9805635265488
14.5,llm_0,687.5725313643303,-4.8,26.971066380443606,1000.0,,-0.09592117566388159,-0.09592117566388159,-0.09592117566388159,-0.09592117566388159,-0.09497146105335474,0,highway_0,2,349.5725313643303,687.5725313643303,,-1027.9710663804435
14.6,llm_0,690.2687035574719,-4.8,26.961721931415816,1000.0,,-0.09437893518067786,-0.09437893518067786,-0.09437893518067786,-0.09437893518067786,-0.09344449027789636,0,highway_0,2,352.2687035574719,690.2687035574719,,-1027.961721931416
14.7,llm_0,692.9639563141736,-4.8,26.95252756701764,1000.0,,-0.09286308042158153,-0.09286308042158153,-0.09286308042158153,-0.09286308042158153,-0.09194364398176447,0,highway_0,2,354.96395631417363,692.9639563141736,,-1027.9525275670176
14.8,llm_0,695.658304386619,-4.8,26.943480724452794,1000.0,,-0.0913731099049131,-0.0913731099049131,-0.0913731099049131,-0.0913731099049131,-0.09046842564846003,0,highway_0,2,357.65830438661897,695.658304386619,,-1027.9434807244527
14.9,llm_0,698.3517622755667,-4.8,26.934578889477184,1000.0,,-0.08990853325363779,-0.08990853325363779,-0.08990853325363779,-0.08990853325363779,-0.08901834975610257,0,highway_0,2,360.35176227556667,698.3517622755667,,-1027.9345788894773
15.0,llm_0,701.0443442350995,-4.8,26.925819595328605,1000.0,,-0.0884688709006467,-0.0884688709006467,-0.0884688709006467,-0.0884688709006467,-0.08759294148578789,0,highway_0,2,363.0443442350995,701.0443442350995,,-1027.9258195953287
15.1,llm_0,703.736064277268,-4.8,26.917200421684708,1000.0,,-0.08705365380334928,-0.08705365380334928,-0.08705365380334928,-0.08705365380334928,-0.08619173643896971,0,highway_0,2,365.73606427726804,703.736064277268,,-1027.9172004216848
15.2,llm_0,706.4269361766329,-4.8,26.908718993648346,1000.0,,-0.08566242316725692,-0.08566242316725692,-0.08566242316725692,-0.08566242316725692,-0.08481428036361649,0,highway_0,2,368.4269361766329,706.4269361766329,,-1027.9087189936483
15.3,llm_0,709.1169734747089,-4.8,26.900372980759414,1000.0,,-0.08429473017821243,-0.08429473017821243,-0.08429473017821243,-0.08429473017821243,-0.08346012888932108,0,highway_0,2,371.11697347470886,709.1169734747089,,-1027.9003729807594
15.4,llm_0,711.8061894843121,-4.8,26.89216009603239,1000.0,,-0.08295013574295762,-0.08295013574295762,-0.08295013574295762,-0.08295013574295762,-0.0821288472702264,0,highway_0,2,373.8061894843121,711.8061894843121,,-1027.8921600960323
15.5,llm_0,714.494597293814,-4.8,26.884078095018754,1000.0,,-0.08162821023773681,-0.08162821023773681,-0.08162821023773681,-0.08162821023773681,-0.08082001013637097,0,highway_0,2,376.49459729381397,714.494597293814,,-1027.8840780950188
15.6,llm_0,717.1822097713033,-4.8,26.87612477489354,1000.0,,-0.08032853326464306,-0.08032853326464306,-0.08032853326464306,-0.08032853326464306,-0.07953320125213992,0,highway_0,2,379.1822097713033,717.1822097713033,,-1027.8761247748935
15.7,llm_0,719.8690395686598,-4.8,26.86829797356528,1000.0,,-0.07905069341543935,-0.07905069341543935,-0.07905069341543935,-0.07905069341543935,-0.07826801328260302,0,highway_0,2,381.8690395686598,719.8690395686598,,-1027.8682979735652
15.8,llm_0,722.5550991255407,-4.8,26.860595568808588,1000.0,,-0.07779428804257771,-0.07779428804257771,-0.07779428804257771,-0.07779428804257771,-0.0770240475669226,0,highway_0,2,384.55509912554066,722.5550991255407,,-1027.8605955688085
15.9,llm_0,725.2404006732826,-4.8,26.85301547741877,1000.0,,-0.07655892303715928,-0.07655892303715928,-0.07655892303715928,-0.07655892303715928,-0.07580091389819188,0,highway_0,2,387.2404006732826,725.2404006732826,,-1027.8530154774187
16.0,llm_0,727.9249562387214,-4.8,26.845555654387717,1000.0,,-0.07534421261361324,-0.07534421261361324,-0.07534421261361324,-0.07534421261361324,-0.07459823031052082,0,highway_0,2,389.9249562387214,727.9249562387214,,-1027.8455556543877
16.1,llm_0,730.6087776479314,-4.8,26.838214092100507,1000.0,,-0.07414977910082032,-0.07414977910082032,-0.07414977910082032,-0.07414977910082032,-0.07341562287209058,0,highway_0,2,392.60877764793145,730.6087776479314,,-1027.8382140921005
16.2,llm_0,733.2918765298866,-4.8,26.830988819552044,1000.0,,-0.07297525273949423,-0.07297525273949423,-0.07297525273949423,-0.07297525273949423,-0.07225272548463835,0,highway_0,2,395.2918765298866,733.2918765298866,,-1027.830988819552
16.3,llm_0,735.974264320045,-4.8,26.823877901583174,1000.0,,-0.07182027148557624,-0.07182027148557624,-0.07182027148557624,-0.07182027148557624,-0.07110917968869757,0,highway_0,2,397.974264320045,735.974264320045,,-1027.8238779015833
16.4,llm_0,738.6559522638586,-4.8,26.816879438135704,1000.0,,-0.07068448081944712,-0.07068448081944712,-0.07068448081944712,-0.07068448081944712,-0.06998463447470016,0,highway_0,2,400.6559522638586,738.6559522638586,,-1027.8168794381356
16.5,llm_0,741.3369514202111,-4.8,26.809991563525728,1000.0,,-0.06956753356075529,-0.06956753356075529,-0.06956753356075529,-0.06956753356075529,-0.06887874609976308,0,highway_0,2,403.3369514202111,741.3369514202111,,-1027.8099915635257
16.6,llm_0,744.0172726647846,-4.8,26.80321244573477,1000.0,,-0.0684690896886675,-0.0684690896886675,-0.0684690896886675,-0.0684690896886675,-0.06779117790959077,0,highway_0,2,406.0172726647846,744.0172726647846,,-1027.8032124457347
16.7,llm_0,746.6969266933564,-4.8,26.7965402857182,1000.0,,-0.06738881616734993,-0.06738881616734993,-0.06738881616734993,-0.06738881616734993,-0.06672160016567119,0,highway_0,2,408.69692669335643,746.6969266933564,,-1027.7965402857183
16.8,llm_0,749.3759240250295,-4.8,26.78997331673043,1000.0,,-0.0663263867765167,-0.0663263867765167,-0.0663263867765167,-0.0663263867765167,-0.06566968987772981,0,highway_0,2,411.37592402502946,749.3759240250295,,-1027.7899733167305
16.9,llm_0,752.0542750053961,-4.8,26.783509803666384,1000.0,,-0.06528148194686478,-0.06528148194686478,-0.06528148194686478,-0.06528148194686478,-0.0646351306404469,0,highway_0,2,414.0542750053961,752.0542750053961,,-1027.7835098036664
17.0,llm_0,754.731989809638,-4.8,26.777148042418837,1000.0,,-0.0642537886002259,-0.0642537886002259,-0.0642537886002259,-0.0642537886002259,-0.06361761247546838,0,highway_0,2,416.731989809638,754.731989809638,,-1027.7771480424187
17.1,llm_0,757.4090784455631,-4.8,26.770886359251083,1000.0,,-0.06324299999429583,-0.06324299999429583,-0.06324299999429583,-0.06324299999429583,-0.06261683167753773,0,highway_0,2,419.40907844556307,757.4090784455631,,-1027.770886359251
17.2,llm_0,760.0855507565815,-4.8,26.764723110184573,1000.0,,-0.06224881557176776,-0.06224881557176776,-0.06224881557176776,-0.06224881557176776,-0.061632490665104456,0,highway_0,2,422.0855507565815,760.0855507565815,,-1027.7647231101846
17.3,llm_0,762.7614164246215,-4.8,26.75865668040103,1000.0,,-0.06127094081373996,-0.06127094081373996,-0.06127094081373996,-0.06127094081373996,-0.06066429783540883,0,highway_0,2,424.76141642462153,762.7614164246215,,-1027.7586566804011
17.4,llm_0,765.4366849729875,-4.8,26.75268548365873,1000.0,,-0.0603090870972407,-0.0603090870972407,-0.0603090870972407,-0.0603090870972407,-0.05971196742301288,0,highway_0,2,427.43668497298745,765.4366849729875,,-1027.7526854836588
17.5,llm_0,768.1113657691596,-4.8,26.746807961722418,1000.0,,-0.05936297155675763,-0.05936297155675763,-0.05936297155675763,-0.05936297155675763,-0.05877521936312746,0,highway_0,2,430.11136576915965,768.1113657691596,,-1027.7468079617224
17.6,llm_0,770.7854680275403,-4.8,26.741022583806615,1000.0,,-0.0584323169496177,-0.0584323169496177,-0.0584323169496177,-0.0584323169496177,-0.05785377915803025,0,highway_0,2,432.78546802754033,770.7854680275403,,-1027.7410225838066
17.7,llm_0,773.4590008121435,-4.8,26.73532784603185,1000.0,,-0.05751685152510366,-0.05751685152510366,-0.05751685152510366,-0.05751685152510366,-0.05694737774764036,0,highway_0,2,435.4590008121435,773.4590008121435,,-1027.7353278460319
17.8,llm_0,776.1319730392328,-4.8,26.729722270893514,1000.0,,-0.05661630889718583,-0.05661630889718583,-0.05661630889718583,-0.05661630889718583,-0.056055751383361496,0,highway_0,2,438.1319730392328,776.1319730392328,,-1027.7297222708935
17.9,llm_0,778.804393479907,-4.8,26.724204406742945,1000.0,,-0.05573042792075378,-0.05573042792075378,-0.05573042792075378,-0.05573042792075378,-0.05517864150569096,0,highway_0,2,440.80439347990705,778.804393479907,,-1027.724204406743
18.0,llm_0,781.4762707626351,-4.8,26.718772827280446,1000.0,,-0.0548589525712293,-0.0548589525712293,-0.0548589525712293,-0.0548589525712293,-0.05431579462499059,0,highway_0,2,443.47627076263507,781.4762707626351,,-1027.7187728272804
18.1,llm_0,784.147613375741,-4.8,26.713426131059908,1000.0,,-0.05400163182745832,-0.05400163182745832,-0.05400163182745832,-0.05400163182745832,-0.05346696220538405,0,highway_0,2,446.147613375741,784.147613375741,,-1027.7134261310598
18.2,llm_0,786.8184296698415,-4.8,26.708162941004684,1000.0,,-0.053158219557774,-0.053158219557774,-0.053158219557774,-0.053158219557774,-0.05263190055224243,0,highway_0,2,448.8184296698415,786.8184296698415,,-1027.7081629410047
18.3,llm_0,789.4887278602349,-4.8,26.70298190393447,1000.0,,-0.05232847440913524,-0.05232847440913524,-0.05232847440913524,-0.05232847440913524,-0.051810370702121133,0,highway_0,2,451.4887278602349,789.4887278602349,,-1027.7029819039344
18.4,llm_0,792.1585160292452,-4.8,26.697881690102864,1000.0,,-0.051512159699240945,-0.051512159699240945,-0.051512159699240945,-0.051512159699240945,-0.05100213831607192,0,highway_0,2,454.1585160292452,792.1585160292452,,-1027.6978816901028
18.5,llm_0,794.8278021285197,-4.8,26.69286099274529,1000.0,,-0.05070904331152115,-0.05070904331152115,-0.05070904331152115,-0.05070904331152115,-0.05020697357576154,0,highway_0,2,456.8278021285197,794.8278021285197,,-1027.6928609927452
18.6,llm_0,797.4965939812834,-4.8,26.687918527637077,1000.0,,-0.04991889759292856,-0.04991889759292856,-0.04991889759292856,-0.04991889759292856,-0.0494246510821128,0,highway_0,2,459.49659398128335,797.4965939812834,,-1027.687918527637
18.7,llm_0,800.1648992845495,-4.8,26.68305303266139,1000.0,,-0.049141499254427234,-0.049141499254427234,-0.049141499254427234,-0.049141499254427234,-0.04865494975685891,0,highway_0,2,462.1648992845495,800.1648992845495,,-1027.6830530326613
18.8,llm_0,802.8327256112882,-4.8,26.678263267386725,1000.0,,-0.048376629274111904,-0.048376629274111904,-0.048376629274111904,-0.048376629274111904,-0.047897652746655695,0,highway_0,2,464.8327256112882,802.8327256112882,,-1027.6782632673867
18.9,llm_0,805.5000804125535,-4.8,26.673548012653768,1000.0,,-0.047624072802859185,-0.047624072802859185,-0.047624072802859185,-0.047624072802859185,-0.04715254732957419,0,highway_0,2,467.50008041255353,805.5000804125535,,-1027.6735480126538
19.0,llm_0,808.1669710195706,-4.8,26.668906070171346,1000.0,,-0.046883619072448646,-0.046883619072448646,-0.046883619072448646,-0.046883619072448646,-0.04641942482422223,0,highway_0,2,470.1669710195706,808.1669710195706,,-1027.6689060701713
19.1,llm_0,810.8334046457827,-4.8,26.66433626212124,1000.0,,-0.04615506130607083,-0.04615506130607083,-0.04615506130607083,-0.04615506130607083,-0.045698080501068716,0,highway_0,2,472.8334046457827,810.8334046457827,,-1027.6643362621212
19.2,llm_0,813.4993883888599,-4.8,26.65983743077162,1000.0,,-0.04543819663114612,-0.04543819663114612,-0.04543819663114612,-0.04543819663114612,-0.04498831349618371,0,highway_0,2,475.49938838885987,813.4993883888599,,-1027.6598374307716
19.3,llm_0,816.1649292326698,-4.8,26.65540843809891,1000.0,,-0.044732825994395764,-0.044732825994395764,-0.044732825994395764,-0.044732825994395764,-0.044289926727110185,0,highway_0,2,478.1649292326698,816.1649292326698,,-1027.655408438099
19.4,llm_0,818.8300340492116,-4.8,26.651048165417812,1000.0,,-0.044038754079081865,-0.044038754079081865,-0.044038754079081865,-0.044038754079081865,-0.04360272681097399,0,highway_0,2,480.8300340492116,818.8300340492116,,-1027.6510481654177
19.5,llm_0,821.4947096005135,-4.8,26.64675551301936,1000.0,,-0.043355789224369445,-0.043355789224369445,-0.043355789224369445,-0.043355789224369445,-0.042926523984512244,0,highway_0,2,483.4947096005135,821.4947096005135,,-1027.6467555130193
19.6,llm_0,824.1589625404952,-4.8,26.642529399816716,1000.0,,-0.04268374334673153,-0.04268374334673153,-0.04268374334673153,-0.04268374334673153,-0.042261132026446546,0,highway_0,2,486.15896254049517,824.1589625404952,,-1027.6425293998168
19.7,llm_0,826.8227994167951,-4.8,26.638368762998564,1000.0,,-0.042022431863340426,-0.042022431863340426,-0.042022431863340426,-0.042022431863340426,-0.041606368181525966,0,highway_0,2,488.8227994167951,826.8227994167951,,-1027.6383687629987
19.8,llm_0,829.486226672564,-4.8,26.63427255768991,1000.0,,-0.041371673617395466,-0.041371673617395466,-0.041371673617395466,-0.041371673617395466,-0.04096205308652401,0,highway_0,2,491.48622667256404,829.486226672564,,-1027.6342725576899
19.9,llm_0,832.149250648226,-4.8,26.630239756620078,1000.0,,-0.04073129080532034,-0.04073129080532034,-0.04073129080532034,-0.04073129080532034,-0.040328010698331695,0,highway_0,2,494.14925064822603,832.149250648226,,-1027.63023975662
20.0,llm_0,834.8118775832058,-4.8,26.626269349797727,1000.0,,-0.0401011089057719,-0.0401011089057719,-0.0401011089057719,-0.0401011089057719,-0.03970406822350725,0,highway_0,2,496.81187758320584,834.8118775832058,,-1027.6262693497977
20.1,llm_0,837.4741136176251,-4.8,26.622360344192735,1000.0,,-0.039480956610427054,-0.039480956610427054,-0.039480956610427054,-0.039480956610427054,-0.039090056049921884,0,highway_0,2,499.4741136176251,837.4741136176251,,-1027.6223603441927
20.2,llm_0,840.1359647939676,-4.8,26.618511763424767,1000.0,,-0.038870665756464806,-0.038870665756464806,-0.038870665756464806,-0.038870665756464806,-0.03848580767968457,0,highway_0,2,502.13596479396756,840.1359647939676,,-1027.6185117634247
20.3,llm_0,842.7974370587134,-4.8,26.614722647458358,1000.0,,-0.03827007126073001,-0.03827007126073001,-0.03827007126073001,-0.03827007126073001,-0.037891159664091845,0,highway_0,2,504.7974370587134,842.7974370587134,,-1027.6147226474584
20.4,llm_0,845.4585362639439,-4.8,26.610992052304347,1000.0,,-0.03767901105549942,-0.03767901105549942,-0.03767901105549942,-0.03767901105549942,-0.0373059515401053,0,highway_0,2,507.45853626394387,845.4585362639439,,-1027.6109920523043
20.5,llm_0,848.1192681689166,-4.8,26.607319049727533,1000.0,,-0.037097326025824495,-0.037097326025824495,-0.037097326025824495,-0.037097326025824495,-0.03673002576814355,0,highway_0,2,510.1192681689166,848.1192681689166,,-1027.6073190497275
20.6,llm_0,850.7796384416126,-4.8,26.603702726960368,1000.0,,-0.03652485994839383,-0.03652485994839383,-0.03652485994839383,-0.03652485994839383,-0.03616322767165059,0,highway_0,2,512.7796384416126,850.7796384416126,,-1027.6037027269604
20.7,llm_0,853.4396526602549,-4.8,26.60014218642256,1000.0,,-0.035961459431877785,-0.035961459431877785,-0.035961459431877785,-0.035961459431877785,-0.03560540537808521,0,highway_0,2,515.4396526602549,853.4396526602549,,-1027.6001421864225
20.8,llm_0,856.0993163147995,-4.8,26.596636545446447,1000.0,,-0.03540697385871594,-0.03540697385871594,-0.03540697385871594,-0.03540697385871594,-0.035056409761118346,0,highway_0,2,518.0993163147995,856.0993163147995,,-1027.5966365454465
20.9,llm_0,858.7586348084003,-4.8,26.593184936008,1000.0,,-0.034861255328292984,-0.034861255328292984,-0.034861255328292984,-0.034861255328292984,-0.03451609438446468,0,highway_0,2,520.7586348084003,858.7586348084003,,-1027.593184936008
21.0,llm_0,861.4176134588466,-4.8,26.589786504463298,1000.0,,-0.03432415860148952,-0.03432415860148952,-0.03432415860148952,-0.03432415860148952,-0.033984315447028735,0,highway_0,2,523.4176134588466,861.4176134588466,,-1027.5897865044633
21.1,llm_0,864.0762574999757,-4.8,26.586440411290372,1000.0,,-0.03379554104653604,-0.03379554104653604,-0.03379554104653604,-0.03379554104653604,-0.0334609317292589,0,highway_0,2,526.0762574999757,864.0762574999757,,-1027.5864404112904
21.2,llm_0,866.7345720830593,-4.8,26.583145830836298,1000.0,,-0.03327526258616187,-0.03327526258616187,-0.03327526258616187,-0.03327526258616187,-0.032945804540744916,0,highway_0,2,528.7345720830593,866.7345720830593,,-1027.5831458308362
21.3,llm_0,869.3925622781662,-4.8,26.579901951069367,1000.0,,-0.032763185645991344,-0.032763185645991344,-0.032763185645991344,-0.032763185645991344,-0.03243879766930746,0,highway_0,2,531.3925622781662,869.3925622781662,,-1027.5799019510694
21.4,llm_0,872.0502330754998,-4.8,26.57670797333628,1000.0,,-0.03225917510415233,-0.03225917510415233,-0.03225917510415233,-0.03225917510415233,-0.03193977733086939,0,highway_0,2,534.0502330754998,872.0502330754998,,-1027.5767079733362
21.5,llm_0,874.7075893867122,-4.8,26.573563112124194,1000.0,,-0.03176309824206247,-0.03176309824206247,-0.03176309824206247,-0.03176309824206247,-0.03144861212085459,0,highway_0,2,536.7075893867122,874.7075893867122,,-1027.5735631121242
21.6,llm_0,877.364636046195,-4.8,26.570466594827526,1000.0,,-0.03127482469637166,-0.03127482469637166,-0.03127482469637166,-0.03127482469637166,-0.030965172966688215,0,highway_0,2,539.364636046195,877.364636046195,,-1027.5704665948276
21.7,llm_0,880.0213778123469,-4.8,26.567417661519407,1000.0,,-0.03079422641201024,-0.03079422641201024,-0.03079422641201024,-0.03079422641201024,-0.030489333081185066,0,highway_0,2,542.0213778123469,880.0213778123469,,-1027.5674176615194
21.8,llm_0,882.6778193688197,-4.8,26.56441556472769,1000.0,,-0.030321177596337234,-0.030321177596337234,-0.030321177596337234,-0.030321177596337234,-0.03002096791718145,0,highway_0,2,544.6778193688197,882.6778193688197,,-1027.5644155647276
21.9,llm_0,885.3339653257412,-4.8,26.56145956921538,1000.0,,-0.029855554674330875,-0.029855554674330875,-0.029855554674330875,-0.029855554674330875,-0.02955995512309073,0,highway_0,2,547.3339653257412,885.3339653257412,,-1027.5614595692155
22.0,llm_0,887.9898202209177,-4.8,26.558548951765395,1000.0,,-0.02939723624482049,-0.02939723624482049,-0.02939723624482049,-0.02939723624482049,-0.02910617449984443,0,highway_0,2,549.9898202209177,887.9898202209177,,-1027.5585489517655
22.1,llm_0,890.6453885210148,-4.8,26.555683000969584,1000.0,,-0.02894610303771028,-0.02894610303771028,-0.02894610303771028,-0.02894610303771028,-0.028659507958117558,0,highway_0,2,552.6453885210148,890.6453885210148,,-1027.5556830009696
22.2,llm_0,893.3006746227169,-4.8,26.552861017021844,1000.0,,-0.02850203787218608,-0.02850203787218608,-0.02850203787218608,-0.02850203787218608,-0.028219839477401365,0,highway_0,2,555.3006746227169,893.3006746227169,,-1027.5528610170218
22.3,llm_0,895.9556828538684,-4.8,26.55008231151532,1000.0,,-0.028064925615859826,-0.028064925615859826,-0.028064925615859826,-0.028064925615859826,-0.02778705506521817,0,highway_0,2,557.9556828538684,895.9556828538684,,-1027.5500823115153
22.4,llm_0,898.6104174745929,-4.8,26.547346207243557,1000.0,,-0.027634653144843258,-0.027634653144843258,-0.027634653144843258,-0.027634653144843258,-0.02736104271765072,0,highway_0,2,560.6104174745929,898.6104174745929,,-1027.5473462072437
22.5,llm_0,901.2648826783935,-4.8,26.544652038005463,1000.0,,-0.02721110930472448,-0.02721110930472448,-0.02721110930472448,-0.02721110930472448,-0.026941692380937354,0,highway_0,2,563.2648826783934,901.2648826783934,,-1027.5446520380056
22.6,llm_0,903.919082593235,-4.8,26.541999148414135,1000.0,,-0.026794184872410698,-0.026794184872410698,-0.026794184872410698,-0.026794184872410698,-0.026528895913280337,0,highway_0,2,565.9190825932349,903.9190825932349,,-1027.541999148414
22.7,llm_0,906.5730212826057,-4.8,26.5393868937093,1000.0,,-0.026383772518829174,-0.026383772518829174,-0.026383772518829174,-0.026383772518829174,-0.02612254704835948,0,highway_0,2,568.5730212826057,906.5730212826057,,-1027.5393868937092
22.8,llm_0,909.226702746563,-4.8,26.53681463957341,1000.0,,-0.02597976677245528,-0.02597976677245528,-0.02597976677245528,-0.02597976677245528,-0.0257225413588813,0,highway_0,2,571.2267027465631,909.2267027465631,,-1027.5368146395733
22.9,llm_0,911.8801309227581,-4.8,26.534281761951267,1000.0,,-0.025582063983652148,-0.025582063983652148,-0.025582063983652148,-0.025582063983652148,-0.025328776221442695,0,highway_0,2,573.8801309227582,911.8801309227582,,-1027.5342817619512
23.0,llm_0,914.5333096874454,-4.8,26.531787646873067,1000.0,,-0.02519056228979255,-0.02519056228979255,-0.02519056228979255,-0.02519056228979255,-0.024941150781998545,0,highway_0,2,576.5333096874455,914.5333096874455,,-1027.531787646873
23.1,llm_0,917.1862428564737,-4.8,26.529331690280873,1000.0,,-0.024805161581155977,-0.024805161581155977,-0.024805161581155977,-0.024805161581155977,-0.024559565921933313,0,highway_0,2,579.1862428564735,917.1862428564735,,-1027.529331690281
23.2,llm_0,919.8389341862594,-4.8,26.526913297858343,1000.0,,-0.02442576346756531,-0.02442576346756531,-0.02442576346756531,-0.02442576346756531,-0.02418392422530502,0,highway_0,2,581.8389341862594,919.8389341862594,,-1027.5269132978583
23.3,llm_0,922.4913873747457,-4.8,26.524531884863713,1000.0,,-0.024052271245753154,-0.024052271245753154,-0.024052271245753154,-0.024052271245753154,-0.023814129946302387,0,highway_0,2,584.4913873747457,922.4913873747457,,-1027.5245318848638
23.4,llm_0,925.1436060623423,-4.8,26.522186875965946,1000.0,,-0.023684589867444705,-0.023684589867444705,-0.023684589867444705,-0.023684589867444705,-0.02345008897766121,0,highway_0,2,587.1436060623423,925.1436060623423,,-1027.5221868759659
23.5,llm_0,927.7955938328507,-4.8,26.519877705083953,1000.0,,-0.02332262590812606,-0.02332262590812606,-0.02332262590812606,-0.02332262590812606,-0.023091708819933388,0,highway_0,2,589.7955938328507,927.7955938328507,,-1027.519877705084
23.6,llm_0,930.4473542143736,-4.8,26.517603815228856,1000.0,,-0.022966287536487107,-0.022966287536487107,-0.022966287536487107,-0.022966287536487107,-0.02273889855096911,0,highway_0,2,592.4473542143736,930.4473542143736,,-1027.5176038152288
23.7,llm_0,933.0988906802086,-4.8,26.515364658349203,1000.0,,-0.02261548448452544,-0.02261548448452544,-0.02261548448452544,-0.02261548448452544,-0.02239156879653592,0,highway_0,2,595.0988906802086,933.0988906802086,,-1027.5153646583492
23.8,llm_0,935.7502066497266,-4.8,26.513159695179077,1000.0,,-0.022270128018288204,-0.022270128018288204,-0.022270128018288204,-0.022270128018288204,-0.02204963170125751,0,highway_0,2,597.7502066497265,935.7502066497265,,-1027.5131596951792
23.9,llm_0,938.4013054892353,-4.8,26.510988395089054,1000.0,,-0.021930130909239898,-0.021930130909239898,-0.021930130909239898,-0.021930130909239898,-0.02171300090022754,0,highway_0,2,600.4013054892354,938.4013054892354,,-1027.510988395089
24.0,llm_0,941.0521905128295,-4.8,26.50885023593992,1000.0,,-0.021595407406238776,-0.021595407406238776,-0.021595407406238776,-0.021595407406238776,-0.021381591491334007,0,highway_0,2,603.0521905128294,941.0521905128294,,-1027.50885023594
24.1,llm_0,943.7028649832233,-4.8,26.50674470393912,1000.0,,-0.021265873208110353,-0.021265873208110353,-0.021265873208110353,-0.021265873208110353,-0.021055320008009915,0,highway_0,2,605.7028649832233,943.7028649832233,,-1027.5067447039391
24.2,llm_0,946.3533321125733,-4.8,26.504671293499833,1000.0,,-0.020941445436799766,-0.020941445436799766,-0.020941445436799766,-0.020941445436799766,-0.020734104392872155,0,highway_0,2,608.3533321125733,946.3533321125733,,-1027.5046712934998
24.3,llm_0,949.0035950632836,-4.8,26.502629507102696,1000.0,,-0.020622042611083025,-0.020622042611083025,-0.020622042611083025,-0.020622042611083025,-0.02041786397136036,0,highway_0,2,611.0035950632836,949.0035950632836,,-1027.5026295071027
24.4,llm_0,951.6536569487996,-4.8,26.500618855160038,1000.0,,-0.020307584620840924,-0.020307584620840924,-0.020307584620840924,-0.020307584620840924,-0.020106519426583702,0,highway_0,2,613.6536569487996,951.6536569487996,,-1027.50061885516
24.5,llm_0,954.3035208343879,-4.8,26.498638855882625,1000.0,,-0.019997992701862533,-0.019997992701862533,-0.019997992701862533,-0.019997992701862533,-0.019799992774132136,0,highway_0,2,616.3035208343879,954.3035208343879,,-1027.4986388558825
24.6,llm_0,956.9531897379028,-4.8,26.496689035148844,1000.0,,-0.019693189411176704,-0.019693189411176704,-0.019693189411176704,-0.019693189411176704,-0.01949820733781138,0,highway_0,2,618.9531897379028,956.9531897379028,,-1027.4966890351488
24.7,llm_0,959.6026666305404,-4.8,26.494768926376278,1000.0,,-0.019393098602900283,-0.019393098602900283,-0.019393098602900283,-0.019393098602900283,-0.01920108772566209,0,highway_0,2,621.6026666305404,959.6026666305404,,-1027.4947689263763
24.8,llm_0,962.2519544375799,-4.8,26.492878070395626,1000.0,,-0.019097645404574815,-0.019097645404574815,-0.019097645404574815,-0.019097645404574815,-0.01890855980651196,0,highway_0,2,624.2519544375799,962.2519544375799,,-1027.4928780703956
24.9,llm_0,964.9010560391126,-4.8,26.491016015326913,1000.0,,-0.018806756194003293,-0.018806756194003293,-0.018806756194003293,-0.018806756194003293,-0.018620550687131754,0,highway_0,2,626.9010560391126,964.9010560391126,,-1027.491016015327
25.0,llm_0,967.5499742707583,-4.8,26.489182316457946,1000.0,,-0.018520358576560314,-0.018520358576560314,-0.018520358576560314,-0.018520358576560314,-0.018336988689675593,0,highway_0,2,629.5499742707584,967.5499742707584,,-1027.489182316458
25.1,llm_0,970.1987119243709,-4.8,26.48737653612498,1000.0,,-0.018238381362958522,-0.018238381362958522,-0.018238381362958522,-0.018238381362958522,-0.01805780332965412,0,highway_0,2,632.1987119243709,970.1987119243709,,-1027.4873765361249
25.2,llm_0,972.8472717487306,-4.8,26.485598243595526,1000.0,,-0.017960754547483804,-0.017960754547483804,-0.017960754547483804,-0.017960754547483804,-0.01778292529454717,0,highway_0,2,634.8472717487305,972.8472717487305,,-1027.4855982435956
25.3,llm_0,975.4956564502257,-4.8,26.483847014953284,1000.0,,-0.01768740928665924,-0.01768740928665924,-0.01768740928665924,-0.01768740928665924,-0.017512286422416423,0,highway_0,2,637.4956564502257,975.4956564502257,,-1027.4838470149532
25.4,llm_0,978.1438686935243,-4.8,26.48212243298513,1000.0,,-0.017418277878356037,-0.017418277878356037,-0.017418277878356037,-0.017418277878356037,-0.01724581968154837,0,highway_0,2,640.1438686935243,978.1438686935243,,-1027.482122432985
25.5,llm_0,980.7919111022313,-4.8,26.480424087070148,1000.0,,-0.017153293741309916,-0.017153293741309916,-0.017153293741309916,-0.017153293741309916,-0.01698345914981303,0,highway_0,2,642.7919111022313,980.7919111022313,,-1027.48042408707
25.6,llm_0,983.4397862595383,-4.8,26.47875157307064,1000.0,,-0.016892391395070483,-0.016892391395070483,-0.016892391395070483,-0.016892391395070483,-0.01672513999508851,0,highway_0,2,645.4397862595384,983.4397862595384,,-1027.4787515730707
25.7,llm_0,986.0874967088608,-4.8,26.477104493225063,1000.0,,-0.016635506440335623,-0.016635506440335623,-0.016635506440335623,-0.016635506440335623,-0.016470798455756608,0,highway_0,2,648.087496708861,986.087496708861,,-1027.4771044932252
25.8,llm_0,988.7350449544654,-4.8,26.475482456042915,1000.0,,-0.01638257553969069,-0.01638257553969069,-0.01638257553969069,-0.01638257553969069,-0.016220371821482615,0,highway_0,2,650.7350449544653,988.7350449544653,,-1027.475482456043
25.9,llm_0,991.3824334620854,-4.8,26.47388507620146,1000.0,,-0.016133536398727166,-0.016133536398727166,-0.016133536398727166,-0.016133536398727166,-0.01597379841456359,0,highway_0,2,653.3824334620854,991.3824334620854,,-1027.4738850762014
26.0,llm_0,994.0296646595297,-4.8,26.472311974444278,1000.0,,-0.015888327747541897,-0.015888327747541897,-0.015888327747541897,-0.015888327747541897,-0.015731017571809502,0,highway_0,2,656.0296646595298,994.0296646595298,,-1027.4723119744442
26.1,llm_0,996.6767409372779,-4.8,26.470762777481646,1000.0,,-0.015646889322600277,-0.015646889322600277,-0.015646889322600277,-0.015646889322600277,-0.015491969626317825,0,highway_0,2,658.6767409372779,996.6767409372779,,-1027.4707627774817
26.2,llm_0,999.3236646490672,-4.8,26.46923711789264,1000.0,,-0.015409161848955799,-0.015409161848955799,-0.015409161848955799,-0.015409161848955799,-0.015256595890065228,0,highway_0,2,661.3236646490672,999.3236646490672,,-1027.4692371178926
26.3,llm_0,1001.9704381124701,-4.8,26.467734634028993,1000.0,,-0.015175087022825329,-0.015175087022825329,-0.015175087022825329,-0.015175087022825329,-0.015024838636463755,0,highway_0,2,663.9704381124701,1001.9704381124701,,-1027.467734634029
26.4,llm_0,1004.6170636094622,-4.8,26.466254969920623,1000.0,,-0.014944607494506545,-0.014944607494506545,-0.014944607494506545,-0.014944607494506545,-0.014796641083698603,0,highway_0,2,666.6170636094622,1004.6170636094622,,-1027.4662549699206
26.5,llm_0,1007.2635433869805,-4.8,26.464797775182838,1000.0,,-0.014717666851627342,-0.014717666851627342,-0.014717666851627342,-0.014717666851627342,-0.014571947377852723,0,highway_0,2,669.2635433869805,1007.2635433869805,,-1027.464797775183
26.6,llm_0,1009.9098796574729,-4.8,26.463362704925142,1000.0,,-0.014494209602722519,-0.014494209602722519,-0.014494209602722519,-0.014494209602722519,-0.014350702576955143,0,highway_0,2,671.909879657473,1009.909879657473,,-1027.4633627049252
26.7,llm_0,1012.5560745994392,-4.8,26.461949419661664,1000.0,,-0.014274181161133992,-0.014274181161133992,-0.014274181161133992,-0.014274181161133992,-0.01413285263478059,0,highway_0,2,674.5560745994392,1012.5560745994392,,-1027.4619494196618
26.8,llm_0,1015.2021303579613,-4.8,26.46055758522313,1000.0,,-0.014057527829224536,-0.014057527829224536,-0.014057527829224536,-0.014057527829224536,-0.01391834438535966,0,highway_0,2,677.2021303579614,1015.2021303579614,,-1027.4605575852231
26.9,llm_0,1017.8480490452283,-4.8,26.45918687267037,1000.0,,-0.013844196782887952,-0.013844196782887952,-0.013844196782887952,-0.013844196782887952,-0.013707125527595565,0,highway_0,2,679.8480490452284,1017.8480490452284,,-1027.4591868726704
27.0,llm_0,1020.4938327410493,-4.8,26.45783695820934,1000.0,,-0.013634136056373869,-0.013634136056373869,-0.013634136056373869,-0.013634136056373869,-0.013499144610271685,0,highway_0,2,682.4938327410493,1020.4938327410493,,-1027.4578369582093
27.1,llm_0,1023.1394834933601,-4.8,26.45650752310762,1000.0,,-0.013427294527388112,-0.013427294527388112,-0.013427294527388112,-0.013427294527388112,-0.013294351017201222,0,highway_0,2,685.1394834933601,1023.1394834933601,,-1027.4565075231076
27.2,llm_0,1025.7850033187212,-4.8,26.455198253612323,1000.0,,-0.013223621902496596,-0.013223621902496596,-0.013223621902496596,-0.013223621902496596,-0.013092694952980821,0,highway_0,2,687.7850033187212,1025.7850033187212,,-1027.4551982536123
27.3,llm_0,1028.4303942028082,-4.8,26.453908840869474,1000.0,,-0.013023068702792573,-0.013023068702792573,-0.013023068702792573,-0.013023068702792573,-0.012894127428495494,0,highway_0,2,690.4303942028082,1028.4303942028082,,-1027.4539088408694
27.4,llm_0,1031.0756581008927,-4.8,26.452638980844736,1000.0,,-0.012825586249848753,-0.012825586249848753,-0.012825586249848753,-0.012825586249848753,-0.012698600247382785,0,highway_0,2,693.0756581008927,1031.0756581008927,,-1027.4526389808448
27.5,llm_0,1033.7207969383173,-4.8,26.451388374245536,1000.0,,-0.012631126651931668,-0.012631126651931668,-0.012631126651931668,-0.012631126651931668,-0.012506065991999549,0,highway_0,2,695.7207969383173,1033.7207969383173,,-1027.4513883742454
27.6,llm_0,1036.3658126109617,-4.8,26.450156726444497,1000.0,,-0.012439642790483152,-0.012439642790483152,-0.012439642790483152,-0.012439642790483152,-0.012316478010383491,0,highway_0,2,698.3658126109617,1036.3658126109617,,-1027.4501567264444
27.7,llm_0,1039.0107069857022,-4.8,26.448943747404215,1000.0,,-0.01225108830684829,-0.01225108830684829,-0.01225108830684829,-0.01225108830684829,-0.012129790402823915,0,highway_0,2,701.0107069857022,1039.0107069857022,,-1027.4489437474042
27.8,llm_0,1041.6554819008625,-4.8,26.447749151603297,1000.0,,-0.01206541758926738,-0.01206541758926738,-0.01206541758926738,-0.01206541758926738,-0.011945958009178526,0,highway_0,2,703.6554819008625,1041.6554819008625,,-1027.4477491516034
27.9,llm_0,1044.300139166659,-4.8,26.44657265796368,1000.0,,-0.01188258576010015,-0.01188258576010015,-0.01188258576010015,-0.01188258576010015,-0.011764936396154724,0,highway_0,2,706.3001391666589,1044.300139166659,,-1027.4465726579638
28.0,llm_0,1046.9446805656369,-4.8,26.445413989779194,1000.0,,-0.011702548663297785,-0.011702548663297785,-0.011702548663297785,-0.011702548663297785,-0.011586681844875102,0,highway_0,2,708.9446805656369,1046.9446805656369,,-1027.4454139897791
28.1,llm_0,1049.5891078531015,-4.8,26.44427287464532,1000.0,,-0.011525262852109863,-0.011525262852109863,-0.011525262852109863,-0.011525262852109863,-0.011411151338727166,0,highway_0,2,711.5891078531015,1049.5891078531015,,-1027.4442728746453
28.2,llm_0,1052.2334227575404,-4.8,26.44314904439017,1000.0,,-0.011350685577016906,-0.011350685577016906,-0.011350685577016906,-0.011350685577016906,-0.01123830255149727,0,highway_0,2,714.2334227575404,1052.2334227575404,,-1027.44314904439
28.3,llm_0,1054.8776269810412,-4.8,26.44204223500662,1000.0,,-0.01117877477389051,-0.01117877477389051,-0.01117877477389051,-0.01117877477389051,-0.011068093835504555,0,highway_0,2,716.8776269810412,1054.8776269810412,,-1027.4420422350065
28.4,llm_0,1057.5217221996998,-4.8,26.440952186585594,1000.0,,-0.011009489052374422,-0.011009489052374422,-0.011009489052374422,-0.011009489052374422,-0.010900484210267791,0,highway_0,2,719.5217221996998,1057.5217221996998,,-1027.4409521865855
28.5,llm_0,1060.1657100640248,-4.8,26.439878643250495,1000.0,,-0.010842787684478994,-0.010842787684478994,-0.010842787684478994,-0.010842787684478994,-0.010735433350994583,0,highway_0,2,722.1657100640248,1060.1657100640248,,-1027.4398786432505
28.6,llm_0,1062.809592199334,-4.8,26.43882135309273,1000.0,,-0.010678630593387473,-0.010678630593387473,-0.010678630593387473,-0.010678630593387473,-0.010572901577639016,0,highway_0,2,724.809592199334,1062.809592199334,,-1027.4388213530926
28.7,llm_0,1065.4533702061449,-4.8,26.437780068108328,1000.0,,-0.01051697834247256,-0.01051697834247256,-0.01051697834247256,-0.01051697834247256,-0.010412849844030347,0,highway_0,2,727.4533702061449,1065.4533702061449,,-1027.4377800681084
28.8,llm_0,1068.0970456605585,-4.8,26.436754544135603,1000.0,,-0.01035779212450727,-0.01035779212450727,-0.01035779212450727,-0.01035779212450727,-0.010255239727250398,0,highway_0,2,730.0970456605585,1068.0970456605585,,-1027.4367545441355
28.9,llm_0,1070.740620114638,-4.8,26.435744540793912,1000.0,,-0.010201033751084054,-0.010201033751084054,-0.010201033751084054,-0.010201033751084054,-0.010100033416904353,0,highway_0,2,732.740620114638,1070.740620114638,,-1027.4357445407938
29.0,llm_0,1073.3840950967804,-4.8,26.434749821423395,1000.0,,-0.010046665642216679,-0.010046665642216679,-0.010046665642216679,-0.010046665642216679,-0.009947193705173163,0,highway_0,2,735.3840950967804,1073.3840950967804,,-1027.4347498214233
29.1,llm_0,1076.027472112083,-4.8,26.43377015302576,1000.0,,-0.009894650816142159,-0.009894650816142159,-0.009894650816142159,-0.009894650816142159,-0.00979668397636857,0,highway_0,2,738.0274721120829,1076.027472112083,,-1027.4337701530258
29.2,llm_0,1078.6707526427035,-4.8,26.432805306206024,1000.0,,-0.009744952879304547,-0.009744952879304547,-0.009744952879304547,-0.009744952879304547,-0.009648468197340776,0,highway_0,2,740.6707526427035,1078.6707526427035,,-1027.432805306206
29.3,llm_0,1081.3139381482151,-4.8,26.431855055115278,1000.0,,-0.009597536016517472,-0.009597536016517472,-0.009597536016517472,-0.009597536016517472,-0.009502510907459794,0,highway_0,2,743.3139381482151,1081.3139381482151,,-1027.4318550551152
29.4,llm_0,1083.9570300659545,-4.8,26.430919177394355,1000.0,,-0.009452364981313854,-0.009452364981313854,-0.009452364981313854,-0.009452364981313854,-0.00935877720923628,0,highway_0,2,745.9570300659545,1083.9570300659545,,-1027.4309191773943
29.5,llm_0,1086.6000298113663,-4.8,26.429997454118467,1000.0,,-0.00930940508645861,-0.00930940508645861,-0.00930940508645861,-0.00930940508645861,-0.009217232758871319,0,highway_0,2,748.6000298113663,1086.6000298113663,,-1027.4299974541184
29.6,llm_0,1089.2429387783407,-4.8,26.42908966974276,1000.0,,-0.009168622194648757,-0.009168622194648757,-0.009168622194648757,-0.009168622194648757,-0.00907784375709042,0,highway_0,2,751.2429387783407,1089.2429387783407,,-1027.4290896697428
29.7,llm_0,1091.8857583395456,-4.8,26.428195612048764,1000.0,,-0.009029982709360507,-0.009029982709360507,-0.009029982709360507,-0.009029982709360507,-0.008940576939941991,0,highway_0,2,753.8857583395456,1091.8857583395456,,-1027.4281956120487
29.8,llm_0,1094.5284898467548,-4.8,26.427315072091748,1000.0,,-0.008893453565884002,-0.008893453565884002,-0.008893453565884002,-0.008893453565884002,-0.00880539957016424,0,highway_0,2,756.5284898467548,1094.5284898467548,,-1027.4273150720917
29.9,llm_0,1097.1711346311697,-4.8,26.426447844148925,1000.0,,-0.008759002222496148,-0.008759002222496148,-0.008759002222496148,-0.008759002222496148,-0.008672279428232343,0,highway_0,2,759.1711346311697,1097.1711346311697,,-1027.426447844149
30.0,llm_0,1099.8136940037366,-4.8,26.42559372566855,1000.0,,-0.00862659665181198,-0.00862659665181198,-0.00862659665181198,-0.00862659665181198,-0.00854118480376087,0,highway_0,2,761.8136940037366,1099.8136940037366,,-1027.4255937256685
30.1,llm_0,1102.4561692554587,-4.8,26.424752517219808,1000.0,,-0.008496205332275686,-0.008496205332275686,-0.008496205332275686,-0.008496205332275686,-0.008412084487403604,0,highway_0,2,764.4561692554587,1102.4561692554587,,-1027.4247525172198
30.2,llm_0,1105.0985616577032,-4.8,26.423924022443586,1000.0,,-0.008367797239812402,-0.008367797239812402,-0.008367797239812402,-0.008367797239812402,-0.00828494776222044,0,highway_0,2,767.0985616577032,1105.0985616577032,,-1027.4239240224435
30.3,llm_0,1107.7408724625036,-4.8,26.42310804800402,1000.0,,-0.00824134183962033,-0.00824134183962033,-0.00824134183962033,-0.00824134183962033,-0.00815974439564826,0,highway_0,2,769.7408724625036,1107.7408724625036,,-1027.423108048004
30.4,llm_0,1110.3831029028577,-4.8,26.422304403540842,1000.0,,-0.008116809078120513,-0.008116809078120513,-0.008116809078120513,-0.008116809078120513,-0.00803644463179154,0,highway_0,2,772.3831029028577,1110.3831029028577,,-1027.422304403541
30.5,llm_0,1113.02525419302,-4.8,26.42151290162252,1000.0,,-0.007994169375036497,-0.007994169375036497,-0.007994169375036497,-0.007994169375036497,-0.007915019183215577,0,highway_0,2,775.0252541930199,1113.02525419302,,-1027.4215129016225
30.6,llm_0,1115.6673275287899,-4.8,26.420733357700183,1000.0,,-0.007873393615617452,-0.007873393615617452,-0.007873393615617452,-0.007873393615617452,-0.007795439223379219,0,highway_0,2,777.6673275287899,1115.6673275287899,,-1027.4207333577
30.7,llm_0,1118.309324087796,-4.8,26.41996559006226,1000.0,,-0.007754453143010265,-0.007754453143010265,-0.007754453143010265,-0.007754453143010265,-0.007677676379209686,0,highway_0,2,780.3093240877961,1118.309324087796,,-1027.4199655900622
30.8,llm_0,1120.951245029775,-4.8,26.41920941978991,1000.0,,-0.007637319750747329,-0.007637319750747329,-0.007637319750747329,-0.007637319750747329,-0.007561702723499764,0,highway_0,2,782.951245029775,1120.951245029775,,-1027.41920941979
30.9,llm_0,1123.5930914968462,-4.8,26.41846467071314,1000.0,,-0.007521965675378217,-0.007521965675378217,-0.007521965675378217,-0.007521965675378217,-0.007447490767731324,0,highway_0,2,785.5930914968462,1123.5930914968462,,-1027.418464670713
31.0,llm_0,1126.234864613783,-4.8,26.41773116936767,1000.0,,-0.007408363589228806,-0.007408363589228806,-0.007408363589228806,-0.007408363589228806,-0.007335013454685679,0,highway_0,2,788.234864613783,1126.234864613783,,-1027.4177311693677
31.1,llm_0,1128.8765654882782,-4.8,26.417008744952494,1000.0,,-0.007296486593286078,-0.007296486593286078,-0.007296486593286078,-0.007296486593286078,-0.007224244151764481,0,highway_0,2,790.8765654882782,1128.8765654882782,,-1027.4170087449525
31.2,llm_0,1131.518195211207,-4.8,26.41629722928812,1000.0,,-0.007186308210205938,-0.007186308210205938,-0.007186308210205938,-0.007186308210205938,-0.007115156643742182,0,highway_0,2,793.5181952112071,1131.518195211207,,-1027.4162972292881
31.3,llm_0,1134.1597548568845,-4.8,26.415596456775503,1000.0,,-0.0070778023774444865,-0.0070778023774444865,-0.0070778023774444865,-0.0070778023774444865,-0.007007725126157993,0,highway_0,2,796.1597548568845,1134.1597548568845,,-1027.4155964567756
31.4,llm_0,1136.8012454833201,-4.8,26.41490626435565,1000.0,,-0.006970943440508526,-0.006970943440508526,-0.006970943440508526,-0.006970943440508526,-0.006901924198530196,0,highway_0,2,798.8012454833201,1136.8012454833201,,-1027.4149062643557
31.5,llm_0,1139.4426681324671,-4.8,26.414226491469876,1000.0,,-0.006865706146325312,-0.006865706146325312,-0.006865706146325312,-0.006865706146325312,-0.006797728857748098,0,highway_0,2,801.4426681324671,1139.4426681324671,,-1027.41422649147
31.6,llm_0,1142.0840238304693,-4.8,26.413556980020697,1000.0,,-0.0067620656367233245,-0.0067620656367233245,-0.0067620656367233245,-0.0067620656367233245,-0.006695114491783727,0,highway_0,2,804.0840238304693,1142.0840238304693,,-1027.4135569800208
31.7,llm_0,1144.7253135879025,-4.8,26.412897574333368,1000.0,,-0.006659997442027388,-0.006659997442027388,-0.006659997442027388,-0.006659997442027388,-0.0065940568732969496,0,highway_0,2,806.7253135879025,1144.7253135879025,,-1027.4128975743333
31.8,llm_0,1147.3665384000144,-4.8,26.412248121118047,1000.0,,-0.006559477474766595,-0.006559477474766595,-0.006559477474766595,-0.006559477474766595,-0.006494532153205057,0,highway_0,2,809.3665384000144,1147.3665384000144,,-1027.412248121118
31.9,llm_0,1150.0076992469576,-4.8,26.411608469432554,1000.0,,-0.006460482023491476,-0.006460482023491476,-0.006460482023491476,-0.006460482023491476,-0.00639651685492737,0,highway_0,2,812.0076992469576,1150.0076992469576,,-1027.4116084694326
32.0,llm_0,1152.6487970940223,-4.8,26.41097847064575,1000.0,,-0.006362987746685311,-0.006362987746685311,-0.006362987746685311,-0.006362987746685311,-0.00629998786802588,0,highway_0,2,814.6487970940223,1152.6487970940223,,-1027.4109784706457
32.1,llm_0,1155.2898328918625,-4.8,26.410357978401514,1000.0,,-0.006266971666802457,-0.006266971666802457,-0.006266971666802457,-0.006266971666802457,-0.006204922442378802,0,highway_0,2,817.2898328918625,1155.2898328918625,,-1027.4103579784014
32.2,llm_0,1157.9308075767208,-4.8,26.409746848583257,1000.0,,-0.006172411164389713,-0.006172411164389713,-0.006172411164389713,-0.006172411164389713,-0.006111298182567282,0,highway_0,2,819.9308075767208,1157.9308075767208,,-1027.4097468485832
32.3,llm_0,1160.5717220706488,-4.8,26.40914493927907,1000.0,,-0.006079283972314498,-0.006079283972314498,-0.006079283972314498,-0.006079283972314498,-0.006019093041871315,0,highway_0,2,822.5717220706488,1160.5717220706488,,-1027.409144939279
32.4,llm_0,1163.2125772817235,-4.8,26.40855211074738,1000.0,,-0.005987568170095825,-0.005987568170095825,-0.005987568170095825,-0.005987568170095825,-0.005928285316905146,0,highway_0,2,825.2125772817235,1163.2125772817235,,-1027.4085521107475
32.5,llm_0,1165.8533741042618,-4.8,26.40796822538319,1000.0,,-0.005897242178323214,-0.005897242178323214,-0.005897242178323214,-0.005897242178323214,-0.005838853641897401,0,highway_0,2,827.8533741042618,1165.8533741042618,,-1027.4079682253832
32.6,llm_0,1168.4941134190303,-4.8,26.407393147684854,1000.0,,-0.005808284753180848,-0.005808284753180848,-0.005808284753180848,-0.005808284753180848,-0.005750776983362016,0,highway_0,2,830.4941134190303,1168.4941134190303,,-1027.4073931476848
32.7,llm_0,1171.1347960934525,-4.8,26.406826744221384,1000.0,,-0.005720674981058549,-0.005720674981058549,-0.005720674981058549,-0.005720674981058549,-0.005664034634698112,0,highway_0,2,833.1347960934525,1171.1347960934525,,-1027.4068267442215
32.8,llm_0,1173.7754229818124,-4.8,26.40626888360027,1000.0,,-0.005634392273254241,-0.005634392273254241,-0.005634392273254241,-0.005634392273254241,-0.005578606211145143,0,highway_0,2,835.7754229818124,1173.7754229818124,,-1027.4062688836002
32.9,llm_0,1176.415994925456,-4.8,26.405719436435835,1000.0,,-0.005549416360769666,-0.005549416360769666,-0.005549416360769666,-0.005549416360769666,-0.005494471644347243,0,highway_0,2,838.4159949254561,1176.415994925456,,-1027.405719436436
33.0,llm_0,1179.0565127529878,-4.8,26.405178275318093,1000.0,,-0.005465727289188038,-0.005465727289188038,-0.005465727289188038,-0.005465727289188038,-0.0054116111774149545,0,highway_0,2,841.0565127529878,1179.0565127529878,,-1027.4051782753181
33.1,llm_0,1181.696977280466,-4.8,26.40464527478209,1000.0,,-0.005383305413648953,-0.005383305413648953,-0.005383305413648953,-0.005383305413648953,-0.005330005360022483,0,highway_0,2,843.696977280466,1181.696977280466,,-1027.404645274782
33.2,llm_0,1184.3373893115938,-4.8,26.404120311277747,1000.0,,-0.0053021313938956816,-0.0053021313938956816,-0.0053021313938956816,-0.0053021313938956816,-0.005249635043433898,0,highway_0,2,846.3373893115938,1184.3373893115938,,-1027.4041203112777
33.3,llm_0,1186.977749637908,-4.8,26.403603263140184,1000.0,,-0.0052221861894139465,-0.0052221861894139465,-0.0052221861894139465,-0.0052221861894139465,-0.005170481375635916,0,highway_0,2,848.9777496379079,1186.977749637908,,-1027.4036032631402
33.4,llm_0,1189.618059038964,-4.8,26.403094010560515,1000.0,,-0.005143451054649306,-0.005143451054649306,-0.005143451054649306,-0.005143451054649306,-0.005092525796683844,0,highway_0,2,851.618059038964,1189.618059038964,,-1027.4030940105606
33.5,llm_0,1192.2583182825197,-4.8,26.402592435557118,1000.0,,-0.005065907534307135,-0.005065907534307135,-0.005065907534307135,-0.005065907534307135,-0.005015750033976474,0,highway_0,2,854.2583182825197,1192.2583182825197,,-1027.4025924355572
33.6,llm_0,1194.8985281247144,-4.8,26.402098421947343,1000.0,,-0.004989537458730764,-0.004989537458730764,-0.004989537458730764,-0.004989537458730764,-0.00494013609774413,0,highway_0,2,856.8985281247144,1194.8985281247144,,-1027.4020984219474
33.7,llm_0,1197.5386893102464,-4.8,26.401611855319686,1000.0,,-0.004914322939352234,-0.004914322939352234,-0.004914322939352234,-0.004914322939352234,-0.004865666276572256,0,highway_0,2,859.5386893102464,1197.5386893102464,,-1027.4016118553197
33.8,llm_0,1200.178802572547,-4.8,26.401132623006394,1000.0,,-0.004840246364228973,-0.004840246364228973,-0.004840246364228973,-0.004840246364228973,-0.004792323132924992,0,highway_0,2,862.178802572547,1200.178802572547,,-1027.4011326230063
33.9,llm_0,1202.8188686339527,-4.8,26.40066061405653,1000.0,,-0.004767290393642654,-0.004767290393642654,-0.004767290393642654,-0.004767290393642654,-0.004720089498633229,0,highway_0,2,864.8188686339527,1202.8188686339527,,-1027.4006606140565
34.0,llm_0,1205.4588882058736,-4.8,26.400195719209425,1000.0,,-0.004695437955785975,-0.004695437955785975,-0.004695437955785975,-0.004695437955785975,-0.004648948471057679,0,highway_0,2,867.4588882058736,1205.4588882058736,,-1027.4001957192095
34.1,llm_0,1208.0988619889604,-4.8,26.399737830868585,1000.0,,-0.004624672242505845,-0.004624672242505845,-0.004624672242505845,-0.004624672242505845,-0.004578883408399292,0,highway_0,2,870.0988619889604,1208.0988619889604,,-1027.3997378308686
34.2,llm_0,1210.7387906732679,-4.8,26.399286843076,1000.0,,-0.004554976705129166,-0.004554976705129166,-0.004554976705129166,-0.004554976705129166,-0.004509877925862327,0,highway_0,2,872.7387906732679,1210.7387906732679,,-1027.399286843076
34.3,llm_0,1213.3786749384167,-4.8,26.398842651486856,1000.0,,-0.004486335050350787,-0.004486335050350787,-0.004486335050350787,-0.004486335050350787,-0.004441915891426618,0,highway_0,2,875.3786749384167,1213.3786749384167,,-1027.3988426514868
34.4,llm_0,1216.0185154537512,-4.8,26.398405153344658,1000.0,,-0.004418731236196294,-0.004418731236196294,-0.004418731236196294,-0.004418731236196294,-0.0043749814219751215,0,highway_0,2,878.0185154537512,1216.0185154537512,,-1027.3984051533446
34.5,llm_0,1218.6583128784969,-4.8,26.397974247456734,1000.0,,-0.004352149468044075,-0.004352149468044075,-0.004352149468044075,-0.004352149468044075,-0.004309058879243821,0,highway_0,2,880.6583128784969,1218.6583128784969,,-1027.3979742474567
34.6,llm_0,1221.298067861914,-4.8,26.39754983417013,1000.0,,-0.004286574194718229,-0.004286574194718229,-0.004286574194718229,-0.004286574194718229,-0.00424413286605585,0,highway_0,2,883.298067861914,1221.298067861914,,-1027.3975498341701
34.7,llm_0,1223.9377810434487,-4.8,26.397131815347887,1000.0,,-0.0042219901046463,-0.0042219901046463,-0.0042219901046463,-0.0042219901046463,-0.004180188222413506,0,highway_0,2,885.9377810434487,1223.9377810434487,,-1027.3971318153478
34.8,llm_0,1226.5774530528834,-4.8,26.3967200943457,1000.0,,-0.004158382122075421,-0.004158382122075421,-0.004158382122075421,-0.004158382122075421,-0.0041172100218744845,0,highway_0,2,888.5774530528834,1226.5774530528834,,-1027.3967200943457
34.9,llm_0,1229.2170845104822,-4.8,26.39631457598893,1000.0,,-0.004095735403357503,-0.004095735403357503,-0.004095735403357503,-0.004095735403357503,-0.004055183567679421,0,highway_0,2,891.2170845104822,1229.2170845104822,,-1027.396314575989
35.0,llm_0,1231.8566760271372,-4.8,26.39591516654999,1000.0,,-0.0040340353332894985,-0.0040340353332894985,-0.0040340353332894985,-0.0040340353332894985,-0.003994094389412339,0,highway_0,2,893.8566760271372,1231.8566760271372,,-1027.39591516655
35.1,llm_0,1234.4962282045099,-4.8,26.395521773726077,1000.0,,-0.0039732675215182756,-0.0039732675215182756,-0.0039732675215182756,-0.0039732675215182756,-0.003933928239128193,0,highway_0,2,896.4962282045099,1234.4962282045099,,-1027.3955217737262
35.2,llm_0,1237.1357416351716,-4.8,26.395134306617265,1000.0,,-0.003913417799002339,-0.003913417799002339,-0.003913417799002339,-0.003913417799002339,-0.0038746710881198965,0,highway_0,2,899.1357416351716,1237.1357416351716,,-1027.3951343066174
35.3,llm_0,1239.7752169027422,-4.8,26.394752675704936,1000.0,,-0.0038544722145326116,-0.0038544722145326116,-0.0038544722145326116,-0.0038544722145326116,-0.003816309123294559,0,highway_0,2,901.7752169027422,1239.7752169027422,,-1027.394752675705
35.4,llm_0,1242.4146545820252,-4.8,26.39437679283055,1000.0,,-0.0037964170313071754,-0.0037964170313071754,-0.0037964170313071754,-0.0037964170313071754,-0.003758828743869458,0,highway_0,2,904.4146545820252,1242.4146545820252,,-1027.3943767928306
35.5,llm_0,1245.0540552391426,-4.8,26.39400657117475,1000.0,,-0.003739238723566629,-0.003739238723566629,-0.003739238723566629,-0.003739238723566629,-0.0037022165579969624,0,highway_0,2,907.0540552391426,1245.0540552391426,,-1027.3940065711747
35.6,llm_0,1247.6934194316664,-4.8,26.3936419252368,1000.0,,-0.0036829239732818486,-0.0036829239732818486,-0.0036829239732818486,-0.0036829239732818486,-0.0036464593794960365,0,highway_0,2,909.6934194316664,1247.6934194316664,,-1027.3936419252368
35.7,llm_0,1250.3327477087478,-4.8,26.393282770814334,1000.0,,-0.0036274596668937065,-0.0036274596668937065,-0.0036274596668937065,-0.0036274596668937065,-0.003591544224654797,0,highway_0,2,912.3327477087478,1250.3327477087478,,-1027.3932827708143
35.8,llm_0,1252.972040611246,-4.8,26.39292902498343,1000.0,,-0.003572832892113187,-0.003572832892113187,-0.003572832892113187,-0.003572832892113187,-0.0035374583090330702,0,highway_0,2,914.972040611246,1252.972040611246,,-1027.3929290249835
35.9,llm_0,1255.611298671854,-4.8,26.392580606078997,1000.0,,-0.0035190309347641335,-0.0035190309347641335,-0.0035190309347641335,-0.0035190309347641335,-0.0034841890443360057,0,highway_0,2,917.611298671854,1255.611298671854,,-1027.392580606079
36.0,llm_0,1258.2505224152214,-4.8,26.392237433675465,1000.0,,-0.003466041275685283,-0.003466041275685283,-0.003466041275685283,-0.003466041275685283,-0.0034317240353232137,0,highway_0,2,920.2505224152214,1258.2505224152214,,-1027.3922374336755
36.1,llm_0,1260.8897123580782,-4.8,26.391899428567775,1000.0,,-0.003413851587674932,-0.003413851587674932,-0.003413851587674932,-0.003413851587674932,-0.0033800510768955405,0,highway_0,2,922.8897123580782,1260.8897123580782,,-1027.3918994285677
36.2,llm_0,1263.5288690093535,-4.8,26.39156651275268,1000.0,,-0.0033624497324953317,-0.0033624497324953317,-0.0033624497324953317,-0.0033624497324953317,-0.0033291581509686807,0,highway_0,2,925.5288690093535,1263.5288690093535,,-1027.3915665127527
36.3,llm_0,1266.1679928702945,-4.8,26.391238609410312,1000.0,,-0.0033118237579143894,-0.0033118237579143894,-0.0033118237579143894,-0.0033118237579143894,-0.003279033423666533,0,highway_0,2,928.1679928702945,1266.1679928702945,,-1027.3912386094103
36.4,llm_0,1268.8070844345832,-4.8,26.390915642886075,1000.0,,-0.0032619618948039886,-0.0032619618948039886,-0.0032619618948039886,-0.0032619618948039886,-0.003229665242372448,0,highway_0,2,930.8070844345832,1268.8070844345832,,-1027.390915642886
36.5,llm_0,1271.4461441884505,-4.8,26.39059753867278,1000.0,,-0.003212852554281831,-0.003212852554281831,-0.003212852554281831,-0.003212852554281831,-0.0031810421329581118,0,highway_0,2,933.4461441884505,1271.4461441884505,,-1027.3905975386729
36.6,llm_0,1274.0851726107899,-4.8,26.39028422339309,1000.0,,-0.003164484324897243,-0.003164484324897243,-0.003164484324897243,-0.003164484324897243,-0.003133152796905847,0,highway_0,2,936.0851726107899,1274.0851726107899,,-1027.390284223393
36.7,llm_0,1276.724170173268,-4.8,26.38997562478221,1000.0,,-0.003116845969868276,-0.003116845969868276,-0.003116845969868276,-0.003116845969868276,-0.0030859861087861873,0,highway_0,2,938.724170173268,1276.724170173268,,-1027.3899756247822
36.8,llm_0,1279.363137340435,-4.8,26.389671671670886,1000.0,,-0.0030699264243565505,-0.0030699264243565505,-0.0030699264243565505,-0.0030699264243565505,-0.00303953111323807,0,highway_0,2,941.3631373404351,1279.363137340435,,-1027.3896716716708
36.9,llm_0,1282.0020745698318,-4.8,26.38937229396863,1000.0,,-0.0030237147927911767,-0.0030237147927911767,-0.0030237147927911767,-0.0030237147927911767,-0.0029937770225529903,0,highway_0,2,944.0020745698318,1282.0020745698318,,-1027.3893722939686
37.0,llm_0,1284.6409823120966,-4.8,26.38907742264722,1000.0,,-0.0029782003462341944,-0.0029782003462341944,-0.0029782003462341944,-0.0029782003462341944,-0.002948713214117049,0,highway_0,2,946.6409823120966,1284.6409823120966,,-1027.3890774226472
37.1,llm_0,1287.279861011069,-4.8,26.38878698972447,1000.0,,-0.0029333725197848715,-0.0029333725197848715,-0.0029333725197848715,-0.0029333725197848715,-0.002904329227497726,0,highway_0,2,949.279861011069,1287.279861011069,,-1027.3887869897244
37.2,llm_0,1289.9187111038939,-4.8,26.38850092824823,1000.0,,-0.002889220910035295,-0.002889220910035295,-0.002889220910035295,-0.002889220910035295,-0.0028606147623833067,0,highway_0,2,951.9187111038939,1289.9187111038939,,-1027.3885009282483
37.3,llm_0,1292.557533021122,-4.8,26.38821917228065,1000.0,,-0.0028457352725534957,-0.0028457352725534957,-0.0028457352725534957,-0.0028457352725534957,-0.002817559675811765,0,highway_0,2,954.557533021122,1292.557533021122,,-1027.3882191722807
37.4,llm_0,1295.1963271868103,-4.8,26.38794165688269,1000.0,,-0.0028029055194151997,-0.0028029055194151997,-0.0028029055194151997,-0.0028029055194151997,-0.00277515397961281,0,highway_0,2,957.1963271868103,1295.1963271868103,,-1027.3879416568827
37.5,llm_0,1297.83509401862,-4.8,26.387668318098846,1000.0,,-0.0027607217167799902,-0.0027607217167799902,-0.0027607217167799902,-0.0027607217167799902,-0.0027333878384183663,0,highway_0,2,959.8350940186201,1297.83509401862,,-1027.3876683180988
37.6,llm_0,1300.4738339279143,-4.8,26.387399092942164,1000.0,,-0.0027191740824894506,-0.0027191740824894506,-0.0027191740824894506,-0.0027191740824894506,-0.002692251566820403,0,highway_0,2,962.4738339279143,1300.4738339279143,,-1027.3873990929421
37.7,llm_0,1303.1125473198522,-4.8,26.38713391937942,1000.0,,-0.0026782529837263702,-0.0026782529837263702,-0.0026782529837263702,-0.0026782529837263702,-0.0026517356274524673,0,highway_0,2,965.1125473198522,1303.1125473198522,,-1027.3871339193795
37.8,llm_0,1305.7512345934838,-4.8,26.386872736316576,1000.0,,-0.0026379489346883833,-0.0026379489346883833,-0.0026379489346883833,-0.0026379489346883833,-0.0026118306284317327,0,highway_0,2,967.7512345934838,1305.7512345934838,,-1027.3868727363165
37.9,llm_0,1308.3898961418422,-4.8,26.386615483584468,1000.0,,-0.00259825259431401,-0.00259825259431401,-0.00259825259431401,-0.00259825259431401,-0.0025725273210852606,0,highway_0,2,970.3898961418422,1308.3898961418422,,-1027.3866154835844
38.0,llm_0,1311.0285323520347,-4.8,26.38636210192466,1000.0,,-0.0025591547640444468,-0.0025591547640444468,-0.0025591547640444468,-0.0025591547640444468,-0.0025338165980670624,0,highway_0,2,973.0285323520347,1311.0285323520347,,-1027.3863621019248
38.1,llm_0,1313.6671436053323,-4.8,26.386112532975588,1000.0,,-0.0025206463856093375,-0.0025206463856093375,-0.0025206463856093375,-0.0025206463856093375,-0.0024956894907290916,0,highway_0,2,975.6671436053323,1313.6671436053323,,-1027.3861125329756
38.2,llm_0,1316.3057302772581,-4.8,26.385866719258868,1000.0,,-0.002482718538861395,-0.002482718538861395,-0.002482718538861395,-0.002482718538861395,-0.0024581371672027785,0,highway_0,2,978.3057302772581,1316.3057302772581,,-1027.385866719259
38.3,llm_0,1318.9442927376747,-4.8,26.385624604165834,1000.0,,-0.00244536243963811,-0.00244536243963811,-0.00244536243963811,-0.00244536243963811,-0.002421150930338456,0,highway_0,2,980.9442927376747,1318.9442927376747,,-1027.3856246041657
38.4,llm_0,1321.5828313508691,-4.8,26.385386131944284,1000.0,,-0.0024085694376589917,-0.0024085694376589917,-0.0024085694376589917,-0.0024085694376589917,-0.002384722215502677,0,highway_0,2,983.5828313508691,1321.5828313508691,,-1027.3853861319442
38.5,llm_0,1324.2213464756376,-4.8,26.385151247685428,1000.0,,-0.0023723310144532217,-0.0023723310144532217,-0.0023723310144532217,-0.0023723310144532217,-0.0023488425885531683,0,highway_0,2,986.2213464756376,1324.2213464756376,,-1027.3851512476854
38.6,llm_0,1326.8598384653687,-4.8,26.384919897311036,1000.0,,-0.0023366387813308354,-0.0023366387813308354,-0.0023366387813308354,-0.0023366387813308354,-0.0023135037439203643,0,highway_0,2,988.8598384653687,1326.8598384653687,,-1027.384919897311
38.7,llm_0,1329.4983076681249,-4.8,26.3846920275608,1000.0,,-0.00230148447736811,-0.00230148447736811,-0.00230148447736811,-0.00230148447736811,-0.002278697502369198,0,highway_0,2,991.4983076681249,1329.4983076681249,,-1027.3846920275607
38.8,llm_0,1332.136754426723,-4.8,26.384467585979866,1000.0,,-0.00226685996744469,-0.00226685996744469,-0.00226685996744469,-0.00226685996744469,-0.0022444158093293254,0,highway_0,2,994.136754426723,1332.136754426723,,-1027.3844675859798
38.9,llm_0,1334.7751790788136,-4.8,26.384246520906572,1000.0,,-0.002232757240296923,-0.002232757240296923,-0.002232757240296923,-0.002232757240296923,-0.002210650732941133,0,highway_0,2,996.7751790788136,1334.7751790788136,,-1027.3842465209066
39.0,llm_0,1337.4135819569597,-4.8,26.384028781460373,1000.0,,-0.0021991684066089423,-0.0021991684066089423,-0.0021991684066089423,-0.0021991684066089423,-0.0021773944619951635,0,highway_0,2,999.4135819569597,1337.4135819569597,,-1027.3840287814603
39.1,llm_0,1340.0519633887127,-4.8,26.383814317529964,1000.0,,-0.0021660856971306153,-0.0021660856971306153,-0.0021660856971306153,-0.0021660856971306153,-0.0021446393040847056,0,highway_0,2,1002.0519633887127,1340.0519633887127,,-1027.3838143175299
39.2,llm_0,1342.690323696689,-4.8,26.383603079761563,1000.0,,-0.002133501460831022,-0.002133501460831022,-0.002133501460831022,-0.002133501460831022,-0.002112377684007072,0,highway_0,2,1004.6903236966889,1342.690323696689,,-1027.3836030797615
39.3,llm_0,1345.3286631986437,-4.8,26.383395019547397,1000.0,,-0.002101408163071916,-0.002101408163071916,-0.002101408163071916,-0.002101408163071916,-0.002080602141667498,0,highway_0,2,1007.3286631986437,1345.3286631986437,,-1027.3833950195474
39.4,llm_0,1347.966982207545,-4.8,26.383190089014345,1000.0,,-0.002069798383819599,-0.002069798383819599,-0.002069798383819599,-0.002069798383819599,-0.002049305330515949,0,highway_0,2,1009.966982207545,1347.966982207545,,-1027.3831900890143
39.5,llm_0,1350.6052810316462,-4.8,26.38298824101277,1000.0,,-0.0020386648158785547,-0.0020386648158785547,-0.0020386648158785547,-0.0020386648158785547,-0.0020184800157352356,0,highway_0,2,1012.6052810316462,1350.6052810316462,,-1027.3829882410128
39.6,llm_0,1353.2435599745568,-4.8,26.38278942910553,1000.0,,-0.0020080002631535088,-0.0020080002631535088,-0.0020080002631535088,-0.0020080002631535088,-0.0019881190724291287,0,highway_0,2,1015.2435599745568,1353.2435599745568,,-1027.3827894291055
39.7,llm_0,1355.8818193353125,-4.8,26.38259360755712,1000.0,,-0.001977797638942125,-0.001977797638942125,-0.001977797638942125,-0.001977797638942125,-0.001958215484094694,0,highway_0,2,1017.8818193353125,1355.8818193353125,,-1027.382593607557
39.8,llm_0,1358.5200594084447,-4.8,26.382400731323035,1000.0,,-0.0019480499642541282,-0.0019480499642541282,-0.0019480499642541282,-0.0019480499642541282,-0.0019287623408459353,0,highway_0,2,1020.5200594084447,1358.5200594084447,,-1027.382400731323
39.9,llm_0,1361.1582804840486,-4.8,26.382210756039257,1000.0,,-0.0019187503661497463,-0.0019187503661497463,-0.0019187503661497463,-0.0019187503661497463,-0.0018997528377795447,0,highway_0,2,1023.1582804840486,1361.1582804840486,,-1027.3822107560393
40.0,llm_0,1363.7964828478498,-4.8,26.38202363801192,1000.0,,-0.0018898920761150073,-0.0018898920761150073,-0.0018898920761150073,-0.0018898920761150073,-0.0018711802733761829,0,highway_0,2,1025.7964828478498,1363.7964828478498,,-1027.382023638012
40.1,llm_0,1366.4346667812706,-4.8,26.381839334207122,1000.0,,-0.0018614684284585792,-0.0018614684284585792,-0.0018614684284585792,-0.0018614684284585792,-0.0018430380479728115,0,highway_0,2,1028.4346667812706,1366.4346667812706,,-1027.3818393342071
40.2,llm_0,1369.0728325614948,-4.8,26.381657802240913,1000.0,,-0.0018334728587252602,-0.0018334728587252602,-0.0018334728587252602,-0.0018334728587252602,-0.001815319662092918,0,highway_0,2,1031.0728325614948,1369.0728325614948,,-1027.3816578022409
40.3,llm_0,1371.7109804615318,-4.8,26.381479000369414,1000.0,,-0.0018058989021485505,-0.0018058989021485505,-0.0018058989021485505,-0.0018058989021485505,-0.001788018714989903,0,highway_0,2,1033.7109804615318,1371.7109804615318,,-1027.3814790003694
40.4,llm_0,1374.3491107502798,-4.8,26.381302887479105,1000.0,,-0.0017787401921198764,-0.0017787401921198764,-0.0017787401921198764,-0.0017787401921198764,-0.0017611289030838861,0,highway_0,2,1036.3491107502798,1374.3491107502798,,-1027.381302887479
40.5,llm_0,1376.9872236925876,-4.8,26.381129423077258,1000.0,,-0.0017519904586791313,-0.0017519904586791313,-0.0017519904586791313,-0.0017519904586791313,-0.0017346440184695666,0,highway_0,2,1038.9872236925876,1376.9872236925876,,-1027.3811294230773
40.6,llm_0,1379.625319549316,-4.8,26.3809585672825,1000.0,,-0.001725643527034748,-0.001725643527034748,-0.001725643527034748,-0.001725643527034748,-0.0017085579475661916,0,highway_0,2,1041.625319549316,1379.625319549316,,-1027.3809585672825
40.7,llm_0,1382.2633985773975,-4.8,26.38079028081556,1000.0,,-0.001699693316102202,-0.001699693316102202,-0.001699693316102202,-0.001699693316102202,-0.001682864669412254,0,highway_0,2,1044.2633985773975,1382.2633985773975,,-1027.3807902808155
40.8,llm_0,1384.9014610298966,-4.8,26.380624524990107,1000.0,,-0.0016741338370720449,-0.0016741338370720449,-0.0016741338370720449,-0.0016741338370720449,-0.0016575582545286238,0,highway_0,2,1046.9014610298966,1384.9014610298966,,-1027.38062452499
40.9,llm_0,1387.539507156067,-4.8,26.380461261703772,1000.0,,-0.0016489591919919278,-0.0016489591919919278,-0.0016489591919919278,-0.0016489591919919278,-0.0016326328633553544,0,highway_0,2,1049.539507156067,1387.539507156067,,-1027.3804612617037
41.0,llm_0,1390.17753720141,-4.8,26.380300453429278,1000.0,,-0.001624163572374826,-0.001624163572374826,-0.001624163572374826,-0.001624163572374826,-0.0016080827449371782,0,highway_0,2,1052.17753720141,1390.17753720141,,-1027.3803004534293
41.1,llm_0,1392.8155514077305,-4.8,26.38014206320573,1000.0,,-0.0015997412578310222,-0.0015997412578310222,-0.0015997412578310222,-0.0015997412578310222,-0.0015839022354668941,0,highway_0,2,1054.8155514077305,1392.8155514077305,,-1027.3801420632058
41.2,llm_0,1395.4535500131935,-4.8,26.379986054630017,1000.0,,-0.0015756866147176307,-0.0015756866147176307,-0.0015756866147176307,-0.0015756866147176307,-0.0015600857571484994,0,highway_0,2,1057.4535500131935,1395.4535500131935,,-1027.37998605463
41.3,llm_0,1398.0915332523784,-4.8,26.379832391848353,1000.0,,-0.0015519940948109934,-0.0015519940948109934,-0.0015519940948109934,-0.0015519940948109934,-0.0015366278166339953,0,highway_0,2,1060.0915332523784,1398.0915332523784,,-1027.3798323918484
41.4,llm_0,1400.7295013563332,-4.8,26.379681039547958,1000.0,,-0.0015286582340006127,-0.0015286582340006127,-0.0015286582340006127,-0.0015286582340006127,-0.0015135230039575731,0,highway_0,2,1062.7295013563332,1400.7295013563332,,-1027.379681039548
41.5,llm_0,1403.367454552628,-4.8,26.37953196294885,1000.0,,-0.0015056736509992952,-0.0015056736509992952,-0.0015056736509992952,-0.0015056736509992952,-0.0014907659910790017,0,highway_0,2,1065.367454552628,1403.367454552628,,-1027.379531962949
41.6,llm_0,1406.0053930654076,-4.8,26.37938512779577,1000.0,,-0.0014830350460812713,-0.0014830350460812713,-0.0014830350460812713,-0.0014830350460812713,-0.0014683515307822859,0,highway_0,2,1068.0053930654076,1406.0053930654076,,-1027.3793851277958
41.7,llm_0,1408.6433171154426,-4.8,26.379240500350246,1000.0,,-0.001460737199831641,-0.001460737199831641,-0.001460737199831641,-0.001460737199831641,-0.0014462744552545814,0,highway_0,2,1070.6433171154426,1408.6433171154426,,-1027.3792405003503
41.8,llm_0,1411.2812269201809,-4.8,26.37909804738273,1000.0,,-0.0014387749719213527,-0.0014387749719213527,-0.0014387749719213527,-0.0014387749719213527,-0.0014245296751624892,0,highway_0,2,1073.2812269201809,1411.2812269201809,,-1027.3790980473827
41.9,llm_0,1413.9191226937974,-4.8,26.37895773616492,1000.0,,-0.0014171432998930644,-0.0014171432998930644,-0.0014171432998930644,-0.0014171432998930644,-0.0014031121780888611,0,highway_0,2,1075.9191226937974,1413.9191226937974,,-1027.378957736165
42.0,llm_0,1416.5570046472435,-4.8,26.378819534462153,1000.0,,-0.0013958371979789774,-0.0013958371979789774,-0.0013958371979789774,-0.0013958371979789774,-0.0013820170276801491,0,highway_0,2,1078.5570046472435,1416.5570046472435,,-1027.378819534462
42.1,llm_0,1419.194872988296,-4.8,26.378683410525923,1000.0,,-0.0013748517559248885,-0.0013748517559248885,-0.0013748517559248885,-0.0013748517559248885,-0.0013612393622963737,0,highway_0,2,1081.194872988296,1419.194872988296,,-1027.3786834105258
42.2,llm_0,1421.8327279216048,-4.8,26.378549333086532,1000.0,,-0.0013541821378371122,-0.0013541821378371122,-0.0013541821378371122,-0.0013541821378371122,-0.0013407743939097827,0,highway_0,2,1083.8327279216048,1421.8327279216048,,-1027.3785493330865
42.3,llm_0,1424.4705696487395,-4.8,26.378417271345835,1000.0,,-0.001333823581048943,-0.001333823581048943,-0.001333823581048943,-0.001333823581048943,-0.0013206174069679832,0,highway_0,2,1086.4705696487395,1424.4705696487395,,-1027.3784172713458
42.4,llm_0,1427.1083983682365,-4.8,26.378287194970092,1000.0,,-0.001313771395003105,-0.001313771395003105,-0.001313771395003105,-0.001313771395003105,-0.0013007637574347086,0,highway_0,2,1089.1083983682365,1427.1083983682365,,-1027.3782871949702
42.5,llm_0,1429.746214275645,-4.8,26.378159074082948,1000.0,,-0.0012940209601504105,-0.0012940209601504105,-0.0012940209601504105,-0.0012940209601504105,-0.0012812088714397873,0,highway_0,2,1091.746214275645,1429.746214275645,,-1027.378159074083
42.6,llm_0,1432.3840175635708,-4.8,26.378032879258505,1000.0,,-0.0012745677268650724,-0.0012745677268650724,-0.0012745677268650724,-0.0012745677268650724,-0.0012619482444264918,0,highway_0,2,1094.3840175635708,1432.3840175635708,,-1027.3780328792584
42.7,llm_0,1435.0218084217222,-4.8,26.377908581514507,1000.0,,-0.0012554072143815542,-0.0012554072143815542,-0.0012554072143815542,-0.0012554072143815542,-0.0012429774399791427,0,highway_0,2,1097.0218084217222,1435.0218084217222,,-1027.3779085815145
42.8,llm_0,1437.6595870369529,-4.8,26.37778615230562,1000.0,,-0.0012365350097436334,-0.0012365350097436334,-0.0012365350097436334,-0.0012365350097436334,-0.0012242920888638764,0,highway_0,2,1099.6595870369529,1437.6595870369529,,-1027.3777861523056
42.9,llm_0,1440.2973535933045,-4.8,26.377665563516832,1000.0,,-0.0012179467667663424,-0.0012179467667663424,-0.0012179467667663424,-0.0012179467667663424,-0.0012058878878917767,0,highway_0,2,1102.2973535933045,1440.2973535933045,,-1027.3776655635168
43.0,llm_0,1442.9351082720502,-4.8,26.37754678745693,1000.0,,-0.0011996382050267762,-0.0011996382050267762,-0.0011996382050267762,-0.0011996382050267762,-0.001187760599030696,0,highway_0,2,1104.9351082720502,1442.9351082720502,,-1027.3775467874568
43.1,llm_0,1445.5728512517355,-4.8,26.37742979685209,1000.0,,-0.001181605108852457,-0.001181605108852457,-0.001181605108852457,-0.001181605108852457,-0.001169906048374969,0,highway_0,2,1107.5728512517355,1445.5728512517355,,-1027.377429796852
43.2,llm_0,1448.2105827082196,-4.8,26.37731456483958,1000.0,,-0.0011638433263427839,-0.0011638433263427839,-0.0011638433263427839,-0.0011638433263427839,-0.001152320125115125,0,highway_0,2,1110.2105827082196,1448.2105827082196,,-1027.3773145648395
43.3,llm_0,1450.8483028147157,-4.8,26.37720106496152,1000.0,,-0.0011463487683918139,-0.0011463487683918139,-0.0011463487683918139,-0.0011463487683918139,-0.0011349987806141826,0,highway_0,2,1112.8483028147157,1450.8483028147157,,-1027.3772010649616
43.4,llm_0,1453.4860117418316,-4.8,26.37708927115877,1000.0,,-0.0011291174077374677,-0.0011291174077374677,-0.0011291174077374677,-0.0011291174077374677,-0.0011179380274839446,0,highway_0,2,1115.4860117418316,1453.4860117418316,,-1027.3770892711589
43.5,llm_0,1456.123709657608,-4.8,26.376979157764907,1000.0,,-0.001112145278013399,-0.001112145278013399,-0.001112145278013399,-0.001112145278013399,-0.0011011339386257646,0,highway_0,2,1118.123709657608,1456.123709657608,,-1027.376979157765
43.6,llm_0,1458.7613967275581,-4.8,26.37687069950027,1000.0,,-0.0010954284728279529,-0.0010954284728279529,-0.0010954284728279529,-0.0010954284728279529,-0.0010845826463778963,0,highway_0,2,1120.7613967275581,1458.7613967275581,,-1027.3768706995002
43.7,llm_0,1461.3990731147048,-4.8,26.376763871466125,1000.0,,-0.0010789631448497872,-0.0010789631448497872,-0.0010789631448497872,-0.0010789631448497872,-0.0010682803414496789,0,highway_0,2,1123.3990731147048,1461.3990731147048,,-1027.3767638714662
43.8,llm_0,1464.0367389796188,-4.8,26.376658649138907,1000.0,,-0.0010627455049050383,-0.0010627455049050383,-0.0010627455049050383,-0.0010627455049050383,-0.0010522232721754676,0,highway_0,2,1126.0367389796188,1464.0367389796188,,-1027.376658649139
43.9,llm_0,1466.6743944804552,-4.8,26.37655500836454,1000.0,,-0.001046771821098913,-0.001046771821098913,-0.001046771821098913,-0.001046771821098913,-0.0010364077436619823,0,highway_0,2,1128.6743944804552,1466.6743944804552,,-1027.3765550083644
44.0,llm_0,1469.3120397729906,-4.8,26.37645292535286,1000.0,,-0.0010310384179406107,-0.0010310384179406107,-0.0010310384179406107,-0.0010310384179406107,-0.0010208301167935474,0,highway_0,2,1131.3120397729906,1469.3120397729906,,-1027.3764529253529
44.1,llm_0,1471.9496750106578,-4.8,26.37635237667212,1000.0,,-0.0010155416754862312,-0.0010155416754862312,-0.0010155416754862312,-0.0010155416754862312,-0.001005486807414968,0,highway_0,2,1133.9496750106578,1471.9496750106578,,-1027.3763523766722
44.2,llm_0,1474.5873003445822,-4.8,26.376253339243558,1000.0,,-0.001000278028494117,-0.001000278028494117,-0.001000278028494117,-0.001000278028494117,-0.0009903742856209874,0,highway_0,2,1136.5873003445822,1474.5873003445822,,-1027.3762533392435
44.3,llm_0,1477.2249159236158,-4.8,26.376155790336075,1000.0,,-0.0009852439655944067,-0.0009852439655944067,-0.0009852439655944067,-0.0009852439655944067,-0.0009754890748325806,0,highway_0,2,1139.2249159236158,1477.2249159236158,,-1027.376155790336
44.4,llm_0,1479.8625218943719,-4.8,26.37605970756098,1000.0,,-0.0009704360284683577,-0.0009704360284683577,-0.0009704360284683577,-0.0009704360284683577,-0.0009608277509443042,0,highway_0,2,1141.8625218943719,1479.8625218943719,,-1027.376059707561
44.5,llm_0,1482.5001184012585,-4.8,26.375965068866815,1000.0,,-0.0009558508110434349,-0.0009558508110434349,-0.0009558508110434349,-0.0009558508110434349,-0.0009463869416492798,0,highway_0,2,1144.5001184012585,1482.5001184012585,,-1027.375965068867
44.6,llm_0,1485.1377055865119,-4.8,26.37587185253427,1000.0,,-0.000941484958699057,-0.000941484958699057,-0.000941484958699057,-0.000941484958699057,-0.000932163325444435,0,highway_0,2,1147.1377055865119,1485.1377055865119,,-1027.3758718525344
44.7,llm_0,1487.775283590229,-4.8,26.375780037171154,1000.0,,-0.0009273351674852215,-0.0009273351674852215,-0.0009273351674852215,-0.0009273351674852215,-0.00091815363116865,0,highway_0,2,1149.775283590229,1487.775283590229,,-1027.3757800371711
44.8,llm_0,1490.4128525503997,-4.8,26.375689601707453,1000.0,,-0.0009133981833535643,-0.0009133981833535643,-0.0009133981833535643,-0.0009133981833535643,-0.000904354637007998,0,highway_0,2,1152.4128525503997,1490.4128525503997,,-1027.3756896017076
44.9,llm_0,1493.0504126029389,-4.8,26.37560052539048,1000.0,,-0.0008996708013964128,-0.0008996708013964128,-0.0008996708013964128,-0.0008996708013964128,-0.0008907631697141483,0,highway_0,2,1155.0504126029389,1493.0504126029389,,-1027.3756005253904
45.0,llm_0,1495.687963881717,-4.8,26.375512787780075,1000.0,,-0.0008861498651051569,-0.0008861498651051569,-0.0008861498651051569,-0.0008861498651051569,-0.0008773761040714589,0,highway_0,2,1157.687963881717,1495.687963881717,,-1027.37551278778
45.1,llm_0,1498.3255065185913,-4.8,26.375426368743874,1000.0,,-0.0008728322656332832,-0.0008728322656332832,-0.0008728322656332832,-0.0008728322656332832,-0.0008641903620087987,0,highway_0,2,1160.3255065185913,1498.3255065185913,,-1027.3754263687438
45.2,llm_0,1500.9630406434364,-4.8,26.375341248452678,1000.0,,-0.0008597149410716209,-0.0008597149410716209,-0.0008597149410716209,-0.0008597149410716209,-0.0008512029119600584,0,highway_0,2,1162.9630406434364,1500.9630406434364,,-1027.3753412484527
45.3,llm_0,1503.600566384174,-4.8,26.37525740737587,1000.0,,-0.0008467948757384658,-0.0008467948757384658,-0.0008467948757384658,-0.0008467948757384658,-0.0008384107680825537,0,highway_0,2,1165.600566384174,1503.600566384174,,-1027.3752574073758
45.4,llm_0,1506.2380838668018,-4.8,26.37517482627691,1000.0,,-0.0008340690994752542,-0.0008340690994752542,-0.0008340690994752542,-0.0008340690994752542,-0.0008258109895820098,0,highway_0,2,1168.2380838668018,1506.2380838668018,,-1027.3751748262769
45.5,llm_0,1508.8755932154227,-4.8,26.375093486208897,1000.0,,-0.0008215346869600015,-0.0008215346869600015,-0.0008215346869600015,-0.0008215346869600015,-0.0008134006801441274,0,highway_0,2,1170.8755932154227,1508.8755932154227,,-1027.375093486209
45.6,llm_0,1511.5130945522737,-4.8,26.37501336851018,1000.0,,-0.0008091887570229606,-0.0008091887570229606,-0.0008091887570229606,-0.0008091887570229606,-0.000801176987152985,0,highway_0,2,1173.5130945522737,1511.5130945522737,,-1027.3750133685103
45.7,llm_0,1514.1505879977537,-4.8,26.374934454800083,1000.0,,-0.0007970284719791554,-0.0007970284719791554,-0.0007970284719791554,-0.0007970284719791554,-0.000789137100980497,0,highway_0,2,1176.1505879977537,1514.1505879977537,,-1027.3749344548
45.8,llm_0,1516.7880736704512,-4.8,26.37485672697464,1000.0,,-0.0007850510369695751,-0.0007850510369695751,-0.0007850510369695751,-0.0007850510369695751,-0.000777278254417979,0,highway_0,2,1178.7880736704512,1516.7880736704512,,-1027.3748567269747
45.9,llm_0,1519.4255516871715,-4.8,26.374780167202434,1000.0,,-0.000773253699309473,-0.000773253699309473,-0.000773253699309473,-0.000773253699309473,-0.0007655977220721866,0,highway_0,2,1181.4255516871715,1519.4255516871715,,-1027.3747801672025
46.0,llm_0,1522.0630221629635,-4.8,26.37470475792047,1000.0,,-0.0007616337478506541,-0.0007616337478506541,-0.0007616337478506541,-0.0007616337478506541,-0.0007540928196547725,0,highway_0,2,1184.0630221629635,1522.0630221629635,,-1027.3747047579204
46.1,llm_0,1524.7004852111465,-4.8,26.37463048183014,1000.0,,-0.000750188512351091,-0.000750188512351091,-0.000750188512351091,-0.000750188512351091,-0.0007427609033072713,0,highway_0,2,1186.7004852111465,1524.7004852111465,,-1027.37463048183
46.2,llm_0,1527.3379409433358,-4.8,26.37455732189322,1000.0,,-0.0007389153628560852,-0.0007389153628560852,-0.0007389153628560852,-0.0007389153628560852,-0.0007315993691747735,0,highway_0,2,1189.3379409433358,1527.3379409433358,,-1027.3745573218932
46.3,llm_0,1529.9753894694686,-4.8,26.374485261327962,1000.0,,-0.0007278117090872005,-0.0007278117090872005,-0.0007278117090872005,-0.0007278117090872005,-0.0007206056525888016,0,highway_0,2,1191.9753894694686,1529.9753894694686,,-1027.374485261328
46.4,llm_0,1532.612830897829,-4.8,26.37441428360521,1000.0,,-0.0007168749998391899,-0.0007168749998391899,-0.0007168749998391899,-0.0007168749998391899,-0.0007097772275344028,0,highway_0,2,1194.612830897829,1532.612830897829,,-1027.3744142836051
46.5,llm_0,1535.2502653350737,-4.8,26.374344372444575,1000.0,,-0.0007061027223931315,-0.0007061027223931315,-0.0007061027223931315,-0.0007061027223931315,-0.0006991116063304048,0,highway_0,2,1197.2502653350737,1535.2502653350737,,-1027.3743443724445
46.6,llm_0,1537.8876928862546,-4.8,26.374275511810723,1000.0,,-0.0006954924019251241,-0.0006954924019251241,-0.0006954924019251241,-0.0006954924019251241,-0.000688606338528075,0,highway_0,2,1199.8876928862546,1537.8876928862546,,-1027.3742755118108
46.7,llm_0,1540.5251136548457,-4.8,26.37420768590964,1000.0,,-0.0006850416009405169,-0.0006850416009405169,-0.0006850416009405169,-0.0006850416009405169,-0.0006782590108400655,0,highway_0,2,1202.5251136548457,1540.5251136548457,,-1027.3742076859096
46.8,llm_0,1543.1625277427643,-4.8,26.374140879185017,1000.0,,-0.000674747918705032,-0.000674747918705032,-0.000674747918705032,-0.000674747918705032,-0.0006680672462167081,0,highway_0,2,1205.1625277427643,1543.1625277427643,,-1027.374140879185
46.9,llm_0,1545.7999352503957,-4.8,26.37407507631465,1000.0,,-0.0006646089906869879,-0.0006646089906869879,-0.0006646089906869879,-0.0006646089906869879,-0.0006580287036683785,0,highway_0,2,1207.7999352503957,1545.7999352503957,,-1027.3740750763147
47.0,llm_0,1548.4373362766164,-4.8,26.374010262206927,1000.0,,-0.0006546224880112916,-0.0006546224880112916,-0.0006546224880112916,-0.0006546224880112916,-0.0006481410772352092,0,highway_0,2,1210.4373362766164,1548.4373362766164,,-1027.3740102622069
47.1,llm_0,1551.0747309188162,-4.8,26.37394642199733,1000.0,,-0.0006447861169176505,-0.0006447861169176505,-0.0006447861169176505,-0.0006447861169176505,-0.0006384020959515624,0,highway_0,2,1213.0747309188162,1551.0747309188162,,-1027.3739464219973
47.2,llm_0,1553.7121192729207,-4.8,26.373883541045032,1000.0,,-0.0006350976182336598,-0.0006350976182336598,-0.0006350976182336598,-0.0006350976182336598,-0.0006288095229933788,0,highway_0,2,1215.7121192729207,1553.7121192729207,,-1027.373883541045
47.3,llm_0,1556.3495014334137,-4.8,26.373821604929503,1000.0,,-0.0006255547668434502,-0.0006255547668434502,-0.0006255547668434502,-0.0006255547668434502,-0.000619361155287379,0,highway_0,2,1218.3495014334137,1556.3495014334137,,-1027.3738216049296
47.4,llm_0,1558.9868774933584,-4.8,26.37376059944721,1000.0,,-0.0006161553711796497,-0.0006161553711796497,-0.0006161553711796497,-0.0006161553711796497,-0.0006100548229426295,0,highway_0,2,1220.9868774933584,1558.9868774933584,,-1027.3737605994472
47.5,llm_0,1561.6242475444192,-4.8,26.373700510608327,1000.0,,-0.0006068972727115707,-0.0006068972727115707,-0.0006068972727115707,-0.0006068972727115707,-0.0006008883888242167,0,highway_0,2,1223.6242475444192,1561.6242475444192,,-1027.3737005106084
47.6,llm_0,1564.2616116768825,-4.8,26.37364132463353,1000.0,,-0.000597778345446498,-0.000597778345446498,-0.000597778345446498,-0.000597778345446498,-0.000591859747949286,0,highway_0,2,1226.2616116768825,1564.2616116768825,,-1027.3736413246336
47.7,llm_0,1566.8989699796775,-4.8,26.373583027950815,1000.0,,-0.0005887964954371938,-0.0005887964954371938,-0.0005887964954371938,-0.0005887964954371938,-0.0005829668271672972,0,highway_0,2,1228.8989699796775,1566.8989699796775,,-1027.3735830279509
47.8,llm_0,1569.5363225403967,-4.8,26.373525607192366,1000.0,,-0.0005799496602998389,-0.0005799496602998389,-0.0005799496602998389,-0.0005799496602998389,-0.0005742075844850092,0,highway_0,2,1231.5363225403967,1569.5363225403967,,-1027.3735256071923
47.9,llm_0,1572.173669445316,-4.8,26.373469049191502,1000.0,,-0.0005712358087299751,-0.0005712358087299751,-0.0005712358087299751,-0.0005712358087299751,-0.0005655800086401541,0,highway_0,2,1234.173669445316,1572.173669445316,,-1027.3734690491915
48.0,llm_0,1574.811010779414,-4.8,26.373413340979617,1000.0,,-0.0005626529400422076,-0.0005626529400422076,-0.0005626529400422076,-0.0005626529400422076,-0.0005570821188527475,0,highway_0,2,1236.811010779414,1574.811010779414,,-1027.3734133409796
48.1,llm_0,1577.4483466263923,-4.8,26.37335846978321,1000.0,,-0.0005541990836963606,-0.0005541990836963606,-0.0005541990836963606,-0.0005541990836963606,-0.0005487119640790183,0,highway_0,2,1239.4483466263923,1577.4483466263923,,-1027.3733584697832
48.2,llm_0,1580.0856770686944,-4.8,26.373304423020944,1000.0,,-0.0005458722988505027,-0.0005458722988505027,-0.0005458722988505027,-0.0005458722988505027,-0.0005404676226561378,0,highway_0,2,1242.0856770686944,1580.0856770686944,,-1027.373304423021
48.3,llm_0,1582.7230021875246,-4.8,26.373251188300753,1000.0,,-0.0005376706739066428,-0.0005376706739066428,-0.0005376706739066428,-0.0005376706739066428,-0.0005323472019114206,0,highway_0,2,1244.7230021875246,1582.7230021875246,,-1027.3732511883009
48.4,llm_0,1585.3603220628663,-4.8,26.373198753416982,1000.0,,-0.0005295923260719704,-0.0005295923260719704,-0.0005295923260719704,-0.0005295923260719704,-0.0005243488377004724,0,highway_0,2,1247.3603220628663,1585.3603220628663,,-1027.373198753417
48.5,llm_0,1587.997636773501,-4.8,26.373147106347584,1000.0,,-0.0005216354009214275,-0.0005216354009214275,-0.0005216354009214275,-0.0005216354009214275,-0.0005164706939808639,0,highway_0,2,1249.997636773501,1587.997636773501,,-1027.3731471063477
48.6,llm_0,1590.6349463970262,-4.8,26.37309623525135,1000.0,,-0.0005137980719671642,-0.0005137980719671642,-0.0005137980719671642,-0.0005137980719671642,-0.0005087109623502784,0,highway_0,2,1252.6349463970262,1590.6349463970262,,-1027.3730962352513
48.7,llm_0,1593.2722510098727,-4.8,26.373046128465187,1000.0,,-0.0005060785402426493,-0.0005060785402426493,-0.0005060785402426493,-0.0005060785402426493,-0.0005010678616201858,0,highway_0,2,1255.2722510098727,1593.2722510098727,,-1027.3730461284651
48.8,llm_0,1595.9095506873227,-4.8,26.372996774501438,1000.0,,-0.0004984750338796751,-0.0004984750338796751,-0.0004984750338796751,-0.0004984750338796751,-0.0004935396374960987,0,highway_0,2,1257.9095506873227,1595.9095506873227,,-1027.3729967745014
48.9,llm_0,1598.5468455035273,-4.8,26.37294816204523,1000.0,,-0.0004909858077020157,-0.0004909858077020157,-0.0004909858077020157,-0.0004909858077020157,-0.0004861245620801924,0,highway_0,2,1260.5468455035273,1598.5468455035273,,-1027.3729481620453
49.0,llm_0,1601.1841355315225,-4.8,26.37290027995188,1000.0,,-0.0004836091428244149,-0.0004836091428244149,-0.0004836091428244149,-0.0004836091428244149,-0.00047882093348050603,0,highway_0,2,1263.1841355315225,1601.1841355315225,,-1027.3729002799519
49.1,llm_0,1603.8214208432469,-4.8,26.372853117244333,1000.0,,-0.0004763433462497968,-0.0004763433462497968,-0.0004763433462497968,-0.0004763433462497968,-0.00047162707549119887,0,highway_0,2,1265.8214208432469,1603.8214208432469,,-1027.3728531172444
49.2,llm_0,1606.4587015095578,-4.8,26.37280666311062,1000.0,,-0.00046918675048379654,-0.00046918675048379654,-0.00046918675048379654,-0.00046918675048379654,-0.00046454133713069723,0,highway_0,2,1268.4587015095578,1606.4587015095578,,-1027.3728066631106
49.3,llm_0,1609.095977600248,-4.8,26.372760906901398,1000.0,,-0.00046213771314618235,-0.00046213771314618235,-0.00046213771314618235,-0.00046213771314618235,-0.0004575620922153689,0,highway_0,2,1271.095977600248,1609.095977600248,,-1027.3727609069015
49.4,llm_0,1611.7332491840607,-4.8,26.37271583812748,1000.0,,-0.00045519461659337956,-0.00045519461659337956,-0.00045519461659337956,-0.00045519461659337956,-0.00045068773918188754,0,highway_0,2,1273.7332491840607,1611.7332491840607,,-1027.3727158381275
49.5,llm_0,1614.3705163287063,-4.8,26.372671446457428,1000.0,,-0.0004483558675432153,-0.0004483558675432153,-0.0004483558675432153,-0.0004483558675432153,-0.0004439167005187983,0,highway_0,2,1276.3705163287063,1614.3705163287063,,-1027.3726714464574
49.6,llm_0,1617.0077791008778,-4.8,26.37262772171518,1000.0,,-0.00044161989670743473,-0.00044161989670743473,-0.00044161989670743473,-0.00044161989670743473,-0.00043724742248230086,0,highway_0,2,1279.0077791008778,1617.0077791008778,,-1027.3726277217152
49.7,llm_0,1619.6450375662655,-4.8,26.37258465387771,1000.0,,-0.00043498515843087837,-0.00043498515843087837,-0.00043498515843087837,-0.00043498515843087837,-0.000430678374705451,0,highway_0,2,1281.6450375662655,1619.6450375662655,,-1027.3725846538778
49.8,llm_0,1622.2822917895728,-4.8,26.372542233072725,1000.0,,-0.0004284501303324362,-0.0004284501303324362,-0.0004284501303324362,-0.0004284501303324362,-0.00042420804984288907,0,highway_0,2,1284.2822917895728,1622.2822917895728,,-1027.3725422330726
49.9,llm_0,1624.9195418345305,-4.8,26.372500449576393,1000.0,,-0.00042201331295665945,-0.00042201331295665945,-0.00042201331295665945,-0.00042201331295665945,-0.0004178349633221501,0,highway_0,2,1286.9195418345305,1624.9195418345305,,-1027.3725004495764
50.0,llm_0,1627.5567877639116,-4.8,26.372459293811104,1000.0,,-0.00041567322942381857,-0.00041567322942381857,-0.00041567322942381857,-0.00041567322942381857,-0.000411557652881811,0,highway_0,2,1289.5567877639116,1627.5567877639116,,-1027.372459293811
50.1,llm_0,1630.194029639546,-4.8,26.372418756343272,1000.0,,-0.00040942842509217314,-0.00040942842509217314,-0.00040942842509217314,-0.00040942842509217314,-0.0004053746783228007,0,highway_0,2,1292.194029639546,1630.194029639546,,-1027.3724187563432
50.2,llm_0,1632.8312675223342,-4.8,26.37237882788117,1000.0,,-0.00040327746722113034,-0.00040327746722113034,-0.00040327746722113034,-0.00040327746722113034,-0.00039928462101102014,0,highway_0,2,1294.8312675223342,1632.8312675223342,,-1027.3723788278812
50.3,llm_0,1635.4685014722616,-4.8,26.37233949927279,1000.0,,-0.00039721894464062046,-0.00039721894464062046,-0.00039721894464062046,-0.00039721894464062046,-0.00039328608380628793,0,highway_0,2,1297.4685014722616,1635.4685014722616,,-1027.3723394992728
50.4,llm_0,1638.105731548412,-4.8,26.372300761503737,1000.0,,-0.00039125146742580164,-0.00039125146742580164,-0.00039125146742580164,-0.00039125146742580164,-0.0003873776905294335,0,highway_0,2,1300.105731548412,1638.105731548412,,-1027.3723007615038
50.5,llm_0,1640.7429578089816,-4.8,26.372262605695166,1000.0,,-0.0003853736665762053,-0.0003853736665762053,-0.0003853736665762053,-0.0003853736665762053,-0.00038155808571360694,0,highway_0,2,1302.7429578089816,1640.7429578089816,,-1027.3722626056951
50.6,llm_0,1643.3801803112917,-4.8,26.37222502310173,1000.0,,-0.0003795841937017652,-0.0003795841937017652,-0.0003795841937017652,-0.0003795841937017652,-0.0003758259343555892,0,highway_0,2,1305.3801803112917,1643.3801803112917,,-1027.3722250231017
50.7,llm_0,1646.0173991118027,-4.8,26.37218800510958,1000.0,,-0.000373881720707292,-0.000373881720707292,-0.000373881720707292,-0.000373881720707292,-0.0003701799214894663,0,highway_0,2,1308.0173991118027,1646.0173991118027,,-1027.3721880051096
50.8,llm_0,1648.6546142661261,-4.8,26.372151543234384,1000.0,,-0.00036826493949204675,-0.00036826493949204675,-0.00036826493949204675,-0.00036826493949204675,-0.0003646187519734667,0,highway_0,2,1310.6546142661261,1648.6546142661261,,-1027.3721515432344
50.9,llm_0,1651.291825829038,-4.8,26.37211562911937,1000.0,,-0.00036273256164420786,-0.00036273256164420786,-0.00036273256164420786,-0.00036273256164420786,-0.0003591411501346897,0,highway_0,2,1313.291825829038,1651.291825829038,,-1027.3721156291194
51.0,llm_0,1653.9290338544915,-4.8,26.37208025453342,1000.0,,-0.0003572833181435531,-0.0003572833181435531,-0.0003572833181435531,-0.0003572833181435531,-0.0003537458595204157,0,highway_0,2,1315.9290338544915,1653.9290338544915,,-1027.3720802545333
51.1,llm_0,1656.5662383956285,-4.8,26.372045411369154,1000.0,,-0.0003519159590748,-0.0003519159590748,-0.0003519159590748,-0.0003519159590748,-0.00034843164264941606,0,highway_0,2,1318.5662383956285,1656.5662383956285,,-1027.372045411369
51.2,llm_0,1659.2034395047926,-4.8,26.372011091641102,1000.0,,-0.00034662925332829,-0.00034662925332829,-0.00034662925332829,-0.00034662925332829,-0.0003431972805145733,0,highway_0,2,1321.2034395047926,1659.2034395047926,,-1027.372011091641
51.3,llm_0,1661.840637233541,-4.8,26.371977287483844,1000.0,,-0.0003414219883293157,-0.0003414219883293157,-0.0003414219883293157,-0.0003414219883293157,-0.00033804157258288114,0,highway_0,2,1323.840637233541,1661.840637233541,,-1027.3719772874838
51.4,llm_0,1664.477831632656,-4.8,26.371943991150204,1000.0,,-0.0003362929697490191,-0.0003362929697490191,-0.0003362929697490191,-0.0003362929697490191,-0.0003329633364046458,0,highway_0,2,1326.477831632656,1664.477831632656,,-1027.3719439911501
51.5,llm_0,1667.115022752157,-4.8,26.371911195009485,1000.0,,-0.0003312410212321648,-0.0003312410212321648,-0.0003312410212321648,-0.0003312410212321648,-0.0003279614071871606,0,highway_0,2,1329.115022752157,1667.115022752157,,-1027.3719111950095
51.6,llm_0,1669.7522106413116,-4.8,26.37187889154571,1000.0,,-0.0003262649841293541,-0.0003262649841293541,-0.0003262649841293541,-0.0003262649841293541,-0.0003230346377591786,0,highway_0,2,1331.7522106413116,1669.7522106413116,,-1027.3718788915457
51.7,llm_0,1672.3893953486472,-4.8,26.371847073355884,1000.0,,-0.00032136371722346624,-0.00032136371722346624,-0.00032136371722346624,-0.00032136371722346624,-0.0003181818982511686,0,highway_0,2,1334.3893953486472,1672.3893953486472,,-1027.3718470733559
51.8,llm_0,1675.026576921962,-4.8,26.371815733148313,1000.0,,-0.0003165360964743069,-0.0003165360964743069,-0.0003165360964743069,-0.0003165360964743069,-0.0003134020757045164,0,highway_0,2,1337.026576921962,1675.026576921962,,-1027.3718157331484
51.9,llm_0,1677.663755408336,-4.8,26.37178486374091,1000.0,,-0.0003117810147530431,-0.0003117810147530431,-0.0003117810147530431,-0.0003117810147530431,-0.0003086940740359978,0,highway_0,2,1339.663755408336,1677.663755408336,,-1027.371784863741
52.0,llm_0,1680.300930854142,-4.8,26.371754458059563,1000.0,,-0.0003070973815910705,-0.0003070973815910705,-0.0003070973815910705,-0.0003070973815910705,-0.00030405681346934443,0,highway_0,2,1342.300930854142,1680.300930854142,,-1027.3717544580595
52.1,llm_0,1682.9381033050556,-4.8,26.3717245091365,1000.0,,-0.0003024841229271047,-0.0003024841229271047,-0.0003024841229271047,-0.0003024841229271047,-0.0002994892306418251,0,highway_0,2,1344.9381033050556,1682.9381033050556,,-1027.3717245091366
52.2,llm_0,1685.5752728060666,-4.8,26.37169501010869,1000.0,,-0.00029794018086182206,-0.00029794018086182206,-0.00029794018086182206,-0.00029794018086182206,-0.0002949902780713387,0,highway_0,2,1347.5752728060666,1685.5752728060666,,-1027.3716950101086
52.3,llm_0,1688.2124394014882,-4.8,26.371665954216272,1000.0,,-0.0002934645134118341,-0.0002934645134118341,-0.0002934645134118341,-0.0002934645134118341,-0.0002905589241919415,0,highway_0,2,1350.2124394014882,1688.2124394014882,,-1027.3716659542163
52.4,llm_0,1690.8496031349682,-4.8,26.371637334800997,1000.0,,-0.000289056094272544,-0.000289056094272544,-0.000289056094272544,-0.000289056094272544,-0.0002861941527498857,0,highway_0,2,1352.8496031349682,1690.8496031349682,,-1027.371637334801
52.5,llm_0,1693.4867640494988,-4.8,26.371609145304703,1000.0,,-0.00028471391257745005,-0.00028471391257745005,-0.00028471391257745005,-0.00028471391257745005,-0.0002818949629457279,0,highway_0,2,1355.4867640494988,1693.4867640494988,,-1027.3716091453048
52.6,llm_0,1696.1239221874255,-4.8,26.371581379267806,1000.0,,-0.0002804369726718825,-0.0002804369726718825,-0.0002804369726718825,-0.0002804369726718825,-0.0002776603689724766,0,highway_0,2,1358.1239221874255,1696.1239221874255,,-1027.3715813792678
52.7,llm_0,1698.7610775904582,-4.8,26.371554030327815,1000.0,,-0.00027622429387763603,-0.00027622429387763603,-0.00027622429387763603,-0.00027622429387763603,-0.00027348939990901044,0,highway_0,2,1360.7610775904582,1698.7610775904582,,-1027.3715540303278
52.8,llm_0,1701.3982302996799,-4.8,26.37152709221789,1000.0,,-0.00027207491026848274,-0.00027207491026848274,-0.00027207491026848274,-0.00027207491026848274,-0.00026938109925822573,0,highway_0,2,1363.3982302996799,1701.3982302996799,,-1027.371527092218
52.9,llm_0,1704.0353803555565,-4.8,26.37150055876537,1000.0,,-0.0002679878704539007,-0.0002679878704539007,-0.0002679878704539007,-0.0002679878704539007,-0.0002653345251957262,0,highway_0,2,1366.0353803555565,1704.0353803555565,,-1027.3715005587653
53.0,llm_0,1706.6725277979456,-4.8,26.371474423890383,1000.0,,-0.0002639622373517003,-0.0002639622373517003,-0.0002639622373517003,-0.0002639622373517003,-0.00026134874985928036,0,highway_0,2,1368.6725277979456,1706.6725277979456,,-1027.3714744238903
53.1,llm_0,1709.309672666106,-4.8,26.371448681604445,1000.0,,-0.00025999708797597165,-0.00025999708797597165,-0.00025999708797597165,-0.00025999708797597165,-0.0002574228593843486,0,highway_0,2,1371.309672666106,1709.309672666106,,-1027.3714486816045
53.2,llm_0,1711.946814998707,-4.8,26.371423326009076,1000.0,,-0.0002560915132261421,-0.0002560915132261421,-0.0002560915132261421,-0.0002560915132261421,-0.00025355595369092043,0,highway_0,2,1373.946814998707,1711.946814998707,,-1027.371423326009
53.3,llm_0,1714.5839548338363,-4.8,26.371398351294452,1000.0,,-0.000252244617676034,-0.000252244617676034,-0.000252244617676034,-0.000252244617676034,-0.0002497471462348244,0,highway_0,2,1376.5839548338363,1714.5839548338363,,-1027.3713983512944
53.4,llm_0,1717.22109220901,-4.8,26.37137375173808,1000.0,,-0.00024845551936802934,-0.00024845551936802934,-0.00024845551936802934,-0.00024845551936802934,-0.00024599556372351117,0,highway_0,2,1379.22109220901,1717.22109220901,,-1027.371373751738
53.5,llm_0,1719.8582271611804,-4.8,26.371349521703465,1000.0,,-0.0002447233496123413,-0.0002447233496123413,-0.0002447233496123413,-0.0002447233496123413,-0.00024230034615158047,0,highway_0,2,1381.8582271611804,1719.8582271611804,,-1027.3713495217035
53.6,llm_0,1722.4953597267443,-4.8,26.371325655638834,1000.0,,-0.0002410472527816232,-0.0002410472527816232,-0.0002410472527816232,-0.0002410472527816232,-0.00023866064630340134,0,highway_0,2,1384.4953597267443,1722.4953597267443,,-1027.3713256556389
53.7,llm_0,1725.1324899415517,-4.8,26.371302148075852,1000.0,,-0.00023742638612045397,-0.00023742638612045397,-0.00023742638612045397,-0.00023742638612045397,-0.0002350756298241663,0,highway_0,2,1387.1324899415517,1725.1324899415517,,-1027.3713021480758
53.8,llm_0,1727.7696178409146,-4.8,26.371278993628373,1000.0,,-0.00023385991954705254,-0.00023385991954705254,-0.00023385991954705254,-0.00023385991954705254,-0.00023154447479356577,0,highway_0,2,1389.7696178409146,1727.7696178409146,,-1027.3712789936283
53.9,llm_0,1730.4067434596138,-4.8,26.3712561869912,1000.0,,-0.00023034703546631619,-0.00023034703546631619,-0.00023034703546631619,-0.00023034703546631619,-0.00022806637172578803,0,highway_0,2,1392.4067434596138,1730.4067434596138,,-1027.371256186991
54.0,llm_0,1733.0438668319077,-4.8,26.371233722938864,1000.0,,-0.00022688692857841808,-0.00022688692857841808,-0.00022688692857841808,-0.00022688692857841808,-0.00022464052335635643,0,highway_0,2,1395.0438668319077,1733.0438668319077,,-1027.3712337229388
54.1,llm_0,1735.6809879915402,-4.8,26.37121159632444,1000.0,,-0.0002234788056940662,-0.0002234788056940662,-0.0002234788056940662,-0.0002234788056940662,-0.00022126614425133084,0,highway_0,2,1397.6809879915402,1735.6809879915402,,-1027.3712115963244
54.2,llm_0,1738.318106971748,-4.8,26.371189802078344,1000.0,,-0.00022012188555486922,-0.00022012188555486922,-0.00022012188555486922,-0.00022012188555486922,-0.00021794246094941627,0,highway_0,2,1400.318106971748,1738.318106971748,,-1027.3711898020783
54.3,llm_0,1740.9552238052686,-4.8,26.37116833520719,1000.0,,-0.00021681539864815136,-0.00021681539864815136,-0.00021681539864815136,-0.00021681539864815136,-0.00021466871153563716,0,highway_0,2,1402.9552238052686,1740.9552238052686,,-1027.3711683352071
54.4,llm_0,1743.592338524348,-4.8,26.371147190792634,1000.0,,-0.0002135585870370882,-0.0002135585870370882,-0.0002135585870370882,-0.0002135585870370882,-0.00021144414557028313,0,highway_0,2,1405.592338524348,1743.592338524348,,-1027.3711471907927
54.5,llm_0,1746.229451160747,-4.8,26.37112636399024,1000.0,,-0.00021035070418196078,-0.00021035070418196078,-0.00021035070418196078,-0.00021035070418196078,-0.00020826802394680044,0,highway_0,2,1408.229451160747,1746.229451160747,,-1027.3711263639902
54.6,llm_0,1748.8665617457498,-4.8,26.37110585002838,1000.0,,-0.00020719101476873725,-0.00020719101476873725,-0.00020719101476873725,-0.00020719101476873725,-0.0002051396186075749,0,highway_0,2,1410.8665617457498,1748.8665617457498,,-1027.3711058500285
54.7,llm_0,1751.5036703101705,-4.8,26.371085644207138,1000.0,,-0.0002040787945405409,-0.0002040787945405409,-0.0002040787945405409,-0.0002040787945405409,-0.0002020582124018233,0,highway_0,2,1413.5036703101705,1751.5036703101705,,-1027.3710856442071
54.8,llm_0,1754.1407768843603,-4.8,26.371065741897223,1000.0,,-0.00020101333013333722,-0.00020101333013333722,-0.00020101333013333722,-0.00020101333013333722,-0.00019902309915664773,0,highway_0,2,1416.1407768843603,1754.1407768843603,,-1027.3710657418972
54.9,llm_0,1756.7778814982141,-4.8,26.371046138538915,1000.0,,-0.0001979939189067359,-0.0001979939189067359,-0.0001979939189067359,-0.0001979939189067359,-0.00019603358307307417,0,highway_0,2,1418.7778814982141,1756.7778814982141,,-1027.371046138539
55.0,llm_0,1759.4149841811782,-4.8,26.371026829641014,1000.0,,-0.00019501986878922573,-0.00019501986878922573,-0.00019501986878922573,-0.00019501986878922573,-0.00019308897901026967,0,highway_0,2,1421.4149841811782,1759.4149841811782,,-1027.371026829641
55.1,llm_0,1762.0520849622562,-4.8,26.371007810779815,1000.0,,-0.00019209049811474976,-0.00019209049811474976,-0.00019209049811474976,-0.00019209049811474976,-0.0001901886119881624,0,highway_0,2,1424.0520849622562,1762.0520849622562,,-1027.3710078107797
55.2,llm_0,1764.689183870016,-4.8,26.370989077598086,1000.0,,-0.00018920513546483164,-0.00018920513546483164,-0.00018920513546483164,-0.00018920513546483164,-0.00018733181729402304,0,highway_0,2,1426.689183870016,1764.689183870016,,-1027.370989077598
55.3,llm_0,1767.3262809325963,-4.8,26.370970625804073,1000.0,,-0.0001863631195184734,-0.0001863631195184734,-0.0001863631195184734,-0.0001863631195184734,-0.00018451794012719347,0,highway_0,2,1429.3262809325963,1767.3262809325963,,-1027.3709706258041
55.4,llm_0,1769.9633761777134,-4.8,26.37095245117052,1000.0,,-0.00018356379889805652,-0.00018356379889805652,-0.00018356379889805652,-0.00018356379889805652,-0.00018174633552803243,0,highway_0,2,1431.9633761777134,1769.9633761777134,,-1027.3709524511705
55.5,llm_0,1772.6004696326668,-4.8,26.370934549533686,1000.0,,-0.0001808065320192398,-0.0001808065320192398,-0.0001808065320192398,-0.0001808065320192398,-0.00017901636834238843,0,highway_0,2,1434.6004696326668,1772.6004696326668,,-1027.3709345495338
55.6,llm_0,1775.237561324346,-4.8,26.370916916792403,1000.0,,-0.00017809068694440988,-0.00017809068694440988,-0.00017809068694440988,-0.00017809068694440988,-0.00017632741283080122,0,highway_0,2,1437.237561324346,1775.237561324346,,-1027.3709169167923
55.7,llm_0,1777.8746512792368,-4.8,26.370899548907133,1000.0,,-0.00017541564123613185,-0.00017541564123613185,-0.00017541564123613185,-0.00017541564123613185,-0.00017367885270402894,0,highway_0,2,1439.8746512792368,1777.8746512792368,,-1027.3708995489071
55.8,llm_0,1780.5117395234267,-4.8,26.37088244189903,1000.0,,-0.0001727807818163729,-0.0001727807818163729,-0.0001727807818163729,-0.0001727807818163729,-0.0001710700810164667,0,highway_0,2,1442.5117395234267,1780.5117395234267,,-1027.370882441899
55.9,llm_0,1783.1488260826115,-4.8,26.370865591849046,1000.0,,-0.00017018550482506,-0.00017018550482506,-0.00017018550482506,-0.00017018550482506,-0.00016850049984640236,0,highway_0,2,1445.1488260826115,1783.1488260826115,,-1027.370865591849
56.0,llm_0,1785.7859109821013,-4.8,26.37084899489702,1000.0,,-0.00016762921547730514,-0.00016762921547730514,-0.00016762921547730514,-0.00016762921547730514,-0.0001659695202604894,0,highway_0,2,1447.7859109821013,1785.7859109821013,,-1027.370848994897
56.1,llm_0,1788.4229942468253,-4.8,26.37083264724079,1000.0,,-0.0001651113279348415,-0.0001651113279348415,-0.0001651113279348415,-0.0001651113279348415,-0.00016347656231374685,0,highway_0,2,1450.4229942468253,1788.4229942468253,,-1027.3708326472408
56.2,llm_0,1791.060075901339,-4.8,26.37081654513533,1000.0,,-0.00016263126516324888,-0.00016263126516324888,-0.00016263126516324888,-0.00016263126516324888,-0.00016102105458770666,0,highway_0,2,1453.060075901339,1791.060075901339,,-1027.3708165451353
56.3,llm_0,1793.6971559698281,-4.8,26.370800684891886,1000.0,,-0.00016018845880538812,-0.00016018845880538812,-0.00016018845880538812,-0.00016018845880538812,-0.0001586024344391035,0,highway_0,2,1455.6971559698281,1793.6971559698281,,-1027.370800684892
56.4,llm_0,1796.3342344761159,-4.8,26.37078506287713,1000.0,,-0.0001577823490463981,-0.0001577823490463981,-0.0001577823490463981,-0.0001577823490463981,-0.00015622014757354918,0,highway_0,2,1458.3342344761159,1796.3342344761159,,-1027.370785062877
56.5,llm_0,1798.971311443667,-4.8,26.370769675512328,1000.0,,-0.00015541238448801842,-0.00015541238448801842,-0.00015541238448801842,-0.00015541238448801842,-0.00015387364801000558,0,highway_0,2,1460.971311443667,1798.971311443667,,-1027.3707696755123
0,llm_1,319.0,-11.200000000000001,23.5,1000.0,,,,,,0,0,highway_0,0,0.0,319.0,,-1024.5
0.1,llm_1,321.3341221625237,-11.200000000000001,23.34122162523723,1000.0,,-1.6036615851039469,-1.6036615851039469,-1.6036615851039469,-1.6036615851039469,-1.5877837476276824,0,highway_0,0,2.3341221625237267,321.3341221625237,,-1024.3412216252373
0.2,llm_1,323.6534717922426,-11.200000000000001,23.19349629718911,1000.0,,-1.4920258132860376,-1.4920258132860376,-1.4920258132860376,-1.4920258132860376,-1.4772532804812144,0,highway_0,0,4.6534717922426125,323.6534717922426,,-1024.193496297189
0.3,llm_1,325.9590628035801,-11.200000000000001,23.055910113374804,1000.0,,-1.3896204565244972,-1.3896204565244972,-1.3896204565244972,-1.3896204565244972,-1.3758618381430665,0,highway_0,0,6.959062803580082,325.9590628035801,,-1024.0559101133747
0.4,llm_1,328.2664395478779,-11.200000000000001,23.073767442978166,1000.0,,0.18035902899393885,0.18035902899393885,0.18035902899393885,0.18035902899393885,0.17857329603362615,0,highway_0,0,9.266439547877894,328.2664395478779,,-1024.0737674429781
0.5,llm_1,330.5755768541027,-11.200000000000001,23.09137306224805,1000.0,,0.17781675462584723,0.17781675462584723,0.17781675462584723,0.17781675462584723,0.17605619269883022,0,highway_0,0,11.575576854102678,330.5755768541027,,-1024.091373062248
0.6,llm_1,332.88644984874514,-11.200000000000001,23.108729946424905,1000.0,,0.17530453018621373,0.17530453018621373,0.17530453018621373,0.17530453018621373,0.17356884176855658,0,highway_0,0,13.886449848745144,332.88644984874514,,-1024.108729946425
0.7,llm_1,335.1990339539566,-11.200000000000001,23.125841052114563,1000.0,,0.17282216746554235,0.17282216746554235,0.17282216746554235,0.17282216746554235,0.1711110568965779,0,highway_0,0,16.199033953956587,335.1990339539566,,-1024.1258410521145
0.8,llm_1,337.51370411324814,-11.200000000000001,23.146701592915505,1000.0,,0.21069146208953127,0.21069146208953127,0.21069146208953127,0.21069146208953127,0.20860540800942573,0,highway_0,0,18.51370411324814,337.51370411324814,,-1024.1467015929154
0.9,llm_1,339.83043209075913,-11.200000000000001,23.167279775109733,1000.0,,0.20783964016172773,0.20783964016172773,0.20783964016172773,0.20783964016172773,0.20578182194228134,0,highway_0,0,20.830432090759132,339.83043209075913,,-1024.1672797751098
1.0,llm_1,342.1491899579176,-11.200000000000001,23.187578671584767,1000.0,,0.20501885439784218,0.20501885439784218,0.20501885439784218,0.20501885439784218,0.20298896475033246,0,highway_0,0,23.1491899579176,342.1491899579176,,-1024.1875786715848
1.1,llm_1,344.46995009218585,-11.200000000000001,23.207601342682562,1000.0,,0.20222897808771045,0.20222897808771045,0.20222897808771045,0.20222897808771045,0.20022671097795097,0,highway_0,0,25.469950092185854,344.46995009218585,,-1024.2076013426827
1.2,llm_1,346.7907102264541,-11.200000000000001,23.207601342682562,1000.0,,0.0,0.0,0.0,0.0,0.0,0,highway_0,0,27.79071022645411,346.7907102264541,,-1024.2076013426827
1.3,llm_1,349.11147036072236,-11.200000000000001,23.207601342682562,1000.0,,0.0,0.0,0.0,0.0,0.0,0,highway_0,0,30.111470360722365,349.11147036072236,,-1024.2076013426827
1.4,llm_1,351.4322304949906,-11.200000000000001,23.207601342682562,1000.0,,0.0,0.0,0.0,0.0,0.0,0,highway_0,0,32.43223049499062,351.4322304949906,,-1024.2076013426827
1.5,llm_1,353.7529906292589,-11.200000000000001,23.207601342682562,1000.0,,0.0,0.0,0.0,0.0,0.0,0,highway_0,0,34.752990629258875,353.7529906292589,,-1024.2076013426827
1.6,llm_1,356.0769916016721,-11.200000000000001,23.240009724131895,1000.0,,0.32732465263825816,0.32732465263825816,0.32732465263825816,0.32732465263825816,0.3240838144933278,0,highway_0,0,37.07699160167209,356.0769916016721,,-1024.2400097241318
1.7,llm_1,358.40427115886655,-11.200000000000001,23.272795571944513,1000.0,,0.3311370629074595,0.3311370629074595,0.3311370629074595,0.3311370629074595,0.3278584781261884,0,highway_0,0,39.40427115886655,358.40427115886655,,-1024.2727955719445
1.8,llm_1,360.7348658820171,-11.200000000000001,23.30594723150587,1000.0,,0.3348317615696872,0.3348317615696872,0.3348317615696872,0.3348317615696872,0.3315165956135502,0,highway_0,0,41.73486588201712,360.7348658820171,,-1024.3059472315058
1.9,llm_1,363.06881122096195,-11.200000000000001,23.339453389448334,1000.0,,0.3384121952188788,0.3384121952188788,0.3384121952188788,0.3384121952188788,0.33506157942465364,0,highway_0,0,44.06881122096195,363.06881122096195,,-1024.3394533894484
2.0,llm_1,365.40614152693456,-11.200000000000001,23.373303059725917,1000.0,,0.3418816698035866,0.3418816698035866,0.3418816698035866,0.3418816698035866,0.3384967027758279,0,highway_0,0,46.40614152693456,365.40614152693456,,-1024.373303059726
2.1,llm_1,367.7468900839729,-11.200000000000001,23.407485570383763,1000.0,,0.3452433576442483,0.3452433576442483,0.3452433576442483,0.3452433576442483,0.34182510657846166,0,highway_0,0,48.746890083972914,367.7468900839729,,-1024.4074855703839
2.2,llm_1,370.09108913907113,-11.200000000000001,23.441990550982055,1000.0,,0.3485003040427511,0.3485003040427511,0.3485003040427511,0.3485003040427511,0.34504980598292434,0,highway_0,0,51.09108913907113,370.09108913907113,,-1024.4419905509822
2.3,llm_1,372.4387699311348,-11.200000000000001,23.476807920636656,1000.0,,0.351655433511477,0.351655433511477,0.351655433511477,0.351655433511477,0.34817369654600583,0,highway_0,0,53.4387699311348,372.4387699311348,,-1024.4768079206367
2.4,llm_1,374.7899627187989,-11.200000000000001,23.511927876641305,1000.0,,0.3547115556469723,0.3547115556469723,0.3547115556469723,0.3547115556469723,0.35119956004649566,0,highway_0,0,55.789962718798904,374.7899627187989,,-1024.5119278766413
2.5,llm_1,377.14469680716275,-11.200000000000001,23.547340883638483,1000.0,,0.357671370671512,0.357671370671512,0.357671370671512,0.357671370671512,0.35413006997178087,0,highway_0,0,58.144696807162745,377.14469680716275,,-1024.5473408836385
2.6,llm_1,379.5030005734936,-11.200000000000001,23.583037663308197,1000.0,,0.3605374746641147,0.3605374746641147,0.3605374746641147,0.3605374746641147,0.3569677966971341,0,highway_0,0,60.50300057349358,379.5030005734936,,-1024.5830376633082
2.7,llm_1,381.86490149194816,-11.200000000000001,23.61900918454592,1000.0,,0.3633123645009947,0.3633123645009947,0.3633123645009947,0.3633123645009947,0.3597152123772318,0,highway_0,0,62.86490149194816,381.86490149194816,,-1024.619009184546
2.8,llm_1,384.2304261573584,-11.200000000000001,23.655246654102747,1000.0,,0.36599844252397473,0.36599844252397473,0.36599844252397473,0.36599844252397473,0.3623746955682705,0,highway_0,0,65.23042615735841,384.2304261573584,,-1024.6552466541027
2.9,llm_1,386.59960030812465,-11.200000000000001,23.691741507662556,1000.0,,0.3685980209540638,0.3685980209540638,0.3685980209540638,0.3685980209540638,0.3649485355980886,0,highway_0,0,67.59960030812465,386.59960030812465,,-1024.6917415076625
3.0,llm_1,388.9724488482579,-11.200000000000001,23.728485401332474,1000.0,,0.3711133260661733,0.3711133260661733,0.3711133260661733,0.3711133260661733,0.3674389366991804,0,highway_0,0,69.9724488482579,388.9724488482579,,-1024.7284854013324
3.1,llm_1,391.34511254026927,-11.200000000000001,23.726636920113943,1000.0,,-0.018669660307130798,-0.018669660307130798,-0.018669660307130798,-0.018669660307130798,-0.01848481218530651,0,highway_0,0,72.34511254026927,391.34511254026927,,-1024.7266369201138
3.2,llm_1,393.71777623228064,-11.200000000000001,23.726636920113943,1000.0,,0.0,0.0,0.0,0.0,0.0,0,highway_0,0,74.71777623228064,393.71777623228064,,-1024.7266369201138
3.3,llm_1,396.090439924292,-11.200000000000001,23.726636920113943,1000.0,,0.0,0.0,0.0,0.0,0.0,0,highway_0,0,77.09043992429201,396.090439924292,,-1024.7266369201138
3.4,llm_1,398.4631036163034,-11.200000000000001,23.726636920113943,1000.0,,0.0,0.0,0.0,0.0,0.0,0,highway_0,0,79.46310361630339,398.4631036163034,,-1024.7266369201138
3.5,llm_1,400.83576730831476,-11.200000000000001,23.726636920113943,1000.0,,0.0,0.0,0.0,0.0,0.0,0,highway_0,0,81.83576730831476,400.83576730831476,,-1024.7266369201138
3.6,llm_1,403.20855461026014,-11.200000000000001,23.72787301945365,1000.0,,0.012484603331052058,0.012484603331052058,0.012484603331052058,0.012484603331052058,0.012360993397066977,0,highway_0,0,84.20855461026014,403.20855461026014,,-1024.7278730194537
3.7,llm_1,405.5813419122055,-11.200000000000001,23.72787301945365,1000.0,,0.0,0.0,0.0,0.0,0.0,0,highway_0,0,86.58134191220552,405.5813419122055,,-1024.7278730194537
3.8,llm_1,407.9541292141509,-11.200000000000001,23.72787301945365,1000.0,,0.0,0.0,0.0,0.0,0.0,0,highway_0,0,88.9541292141509,407.9541292141509,,-1024.7278730194537
3.9,llm_1,410.3269165160963,-11.200000000000001,23.72787301945365,1000.0,,0.0,0.0,0.0,0.0,0.0,0,highway_0,0,91.32691651609628,410.3269165160963,,-1024.7278730194537
4.0,llm_1,412.69970381804166,-11.200000000000001,23.72787301945365,1000.0,,0.0,0.0,0.0,0.0,0.0,0,highway_0,0,93.69970381804166,412.69970381804166,,-1024.7278730194537
4.1,llm_1,415.07249111998703,-11.200000000000001,23.72787301945365,1000.0,,0.0,0.0,0.0,0.0,0.0,0,highway_0,0,96.07249111998703,415.07249111998703,,-1024.7278730194537
4.2,llm_1,417.4452784219324,-11.200000000000001,23.72787301945365,1000.0,,0.0,0.0,0.0,0.0,0.0,0,highway_0,0,98.44527842193241,417.4452784219324,,-1024.7278730194537
4.3,llm_1,419.8180657238778,-11.200000000000001,23.72787301945365,1000.0,,0.0,0.0,0.0,0.0,0.0,0,highway_0,0,100.8180657238778,419.8180657238778,,-1024.7278730194537
4.4,llm_1,422.1908530258232,-11.200000000000001,23.72787301945365,1000.0,,0.0,0.0,0.0,0.0,0.0,0,highway_0,0,103.19085302582317,422.1908530258232,,-1024.7278730194537
4.5,llm_1,424.56364032776855,-11.200000000000001,23.72787301945365,1000.0,,0.0,0.0,0.0,0.0,0.0,0,highway_0,0,105.56364032776855,424.56364032776855,,-1024.7278730194537
4.6,llm_1,426.93642762971393,-11.200000000000001,23.72787301945365,1000.0,,0.0,0.0,0.0,0.0,0.0,0,highway_0,0,107.93642762971393,426.93642762971393,,-1024.7278730194537
4.7,llm_1,429.3092149316593,-11.200000000000001,23.72787301945365,1000.0,,0.0,0.0,0.0,0.0,0.0,0,highway_0,0,110.30921493165931,429.3092149316593,,-1024.7278730194537
4.8,llm_1,431.6820022336047,-11.200000000000001,23.72787301945365,1000.0,,0.0,0.0,0.0,0.0,0.0,0,highway_0,0,112.68200223360469,431.6820022336047,,-1024.7278730194537
4.9,llm_1,434.05478953555007,-11.200000000000001,23.72787301945365,1000.0,,0.0,0.0,0.0,0.0,0.0,0,highway_0,0,115.05478953555007,434.05478953555007,,-1024.7278730194537
5.0,llm_1,436.42757683749545,-11.200000000000001,23.72787301945365,1000.0,,0.0,0.0,0.0,0.0,0.0,0,highway_0,0,117.42757683749545,436.42757683749545,,-1024.7278730194537
5.1,llm_1,438.80036413944083,-11.200000000000001,23.72787301945365,1000.0,,0.0,0.0,0.0,0.0,0.0,0,highway_0,0,119.80036413944083,438.80036413944083,,-1024.7278730194537
5.2,llm_1,441.1731514413862,-11.200000000000001,23.72787301945365,1000.0,,0.0,0.0,0.0,0.0,0.0,0,highway_0,0,122.17315144138621,441.1731514413862,,-1024.7278730194537
5.3,llm_1,443.5459387433316,-11.200000000000001,23.72787301945365,1000.0,,0.0,0.0,0.0,0.0,0.0,0,highway_0,0,124.54593874333159,443.5459387433316,,-1024.7278730194537
5.4,llm_1,445.91872604527697,-11.200000000000001,23.72787301945365,1000.0,,0.0,0.0,0.0,0.0,0.0,0,highway_0,0,126.91872604527697,445.91872604527697,,-1024.7278730194537
5.5,llm_1,448.29151334722235,-11.200000000000001,23.72787301945365,1000.0,,0.0,0.0,0.0,0.0,0.0,0,highway_0,0,129.29151334722235,448.29151334722235,,-1024.7278730194537
5.6,llm_1,450.6643006491677,-11.200000000000001,23.72787301945365,1000.0,,0.0,0.0,0.0,0.0,0.0,0,highway_0,0,131.66430064916773,450.6643006491677,,-1024.7278730194537
5.7,llm_1,453.0370879511131,-11.200000000000001,23.72787301945365,1000.0,,0.0,0.0,0.0,0.0,0.0,0,highway_0,0,134.0370879511131,453.0370879511131,,-1024.7278730194537
5.8,llm_1,455.4117710743949,-11.200000000000001,23.746831232818582,1000.0,,0.1914779549858291,0.1914779549858291,0.1914779549858291,0.1914779549858291,0.1895821336493242,0,highway_0,0,136.41177107439495,455.41177107439495,,-1024.7468312328185
5.9,llm_1,457.78832440429767,-11.200000000000001,23.765533299027698,1000.0,,0.18889086871206928,0.18889086871206928,0.18889086871206928,0.18889086871206928,0.18702066209115742,0,highway_0,0,138.78832440429773,457.7883244042977,,-1024.7655332990278
6.0,llm_1,460.1670063782155,-11.200000000000001,23.786819739177794,1000.0,,0.21499304551596488,0.21499304551596488,0.21499304551596488,0.21499304551596488,0.21286440150095842,0,highway_0,0,141.1670063782155,460.1670063782155,,-1024.7868197391779
6.1,llm_1,462.5477891124074,-11.200000000000001,23.807827341918784,1000.0,,0.21217678768402692,0.21217678768402692,0.21217678768402692,0.21217678768402692,0.2100760274099045,0,highway_0,0,143.54778911240737,462.5477891124074,,-1024.8078273419187
6.2,llm_1,464.9306450148982,-11.200000000000001,23.82855902490789,1000.0,,0.20938999818994264,0.20938999818994264,0.20938999818994264,0.20938999818994264,0.20731682989104883,0,highway_0,0,145.93064501489818,464.9306450148982,,-1024.828559024908
6.3,llm_1,467.31554678441177,-11.200000000000001,23.849017695136457,1000.0,,0.2066325693085176,0.2066325693085176,0.2066325693085176,0.2066325693085176,0.204586702285674,0,highway_0,0,148.31554678441182,467.3155467844118,,-1024.8490176951364
6.4,llm_1,469.7027350354312,-11.200000000000001,23.87188251019308,1000.0,,0.23093463207190534,0.23093463207190534,0.23093463207190534,0.23093463207190534,0.22864815056621524,0,highway_0,0,150.70273503543115,469.70273503543115,,-1024.871882510193
6.5,llm_1,472.0921805248447,-11.200000000000001,23.894454894136427,1000.0,,0.22798107782782118,0.22798107782782118,0.22798107782782118,0.22798107782782118,0.22572383943348484,0,highway_0,0,153.09218052484476,472.09218052484476,,-1024.8944548941365
6.6,llm_1,474.48385430100717,-11.200000000000001,23.9167377616237,1000.0,,0.22505696162145228,0.22505696162145228,0.22505696162145228,0.22505696162145228,0.22282867487273705,0,highway_0,0,155.4838543010071,474.4838543010071,,-1024.9167377616236
6.7,llm_1,476.8777277030194,-11.200000000000001,23.938734020122602,1000.0,,0.22216221083889243,0.22216221083889243,0.22216221083889243,0.22216221083889243,0.21996258498901966,0,highway_0,0,157.8777277030194,476.8777277030194,,-1024.9387340201226
6.8,llm_1,479.2738957382564,-11.200000000000001,23.961680352370134,1000.0,,0.23175795570007074,0.23175795570007074,0.23175795570007074,0.23175795570007074,0.22946332247531842,0,highway_0,0,160.27389573825639,479.2738957382564,,-1024.9616803523702
6.9,llm_1,481.6723292006447,-11.200000000000001,23.984334623883242,1000.0,,0.22880814228236646,0.22880814228236646,0.22880814228236646,0.22880814228236646,0.2265427151310817,0,highway_0,0,162.6723292006447,481.6723292006447,,-1024.9843346238833
7.0,llm_1,484.0729991734175,-11.200000000000001,24.006699727728172,1000.0,,0.2258875488337979,0.2258875488337979,0.2258875488337979,0.2258875488337979,0.22365103844929735,0,highway_0,0,165.07299917341754,484.07299917341754,,-1025.0066997277281
7.1,llm_1,486.4758770284219,-11.200000000000001,24.028778550043445,1000.0,,0.2229961053842664,0.2229961053842664,0.2229961053842664,0.2229961053842664,0.22078822315272362,0,highway_0,0,167.4758770284219,486.4758770284219,,-1025.0287785500434
7.2,llm_1,488.8809344253646,-11.200000000000001,24.050573969427127,1000.0,,0.22013373577517936,0.22013373577517936,0.22013373577517936,0.22013373577517936,0.21795419383682457,0,highway_0,0,169.88093442536461,488.8809344253646,,-1025.0505739694272
7.3,llm_1,491.28814331099875,-11.200000000000001,24.07208885634108,1000.0,,0.21730035783089063,0.21730035783089063,0.21730035783089063,0.21730035783089063,0.2151488691395187,0,highway_0,0,172.28814331099875,491.28814331099875,,-1025.072088856341
7.4,llm_1,493.70040042747337,-11.200000000000001,24.12257116474646,1000.0,,0.509871314894338,0.509871314894338,0.509871314894338,0.509871314894338,0.5048230840538181,0,highway_0,0,174.70040042747337,493.70040042747337,,-1025.1225711647464
7.5,llm_1,496.11766493908095,-11.200000000000001,24.172645116076254,1000.0,,0.5057469084309276,0.5057469084309276,0.5057469084309276,0.5057469084309276,0.5007395132979298,0,highway_0,0,177.117664939081,496.117664939081,,-1025.1726451160762
7.6,llm_1,498.5398960863715,-11.200000000000001,24.222311472905613,1000.0,,0.5016302039765141,0.5016302039765141,0.5016302039765141,0.5016302039765141,0.4966635682935916,0,highway_0,0,179.53989608637158,498.5398960863716,,-1025.2223114729056
7.7,llm_1,500.9670531906778,-11.200000000000001,24.271571043062643,1000.0,,0.4975216585859922,0.4975216585859922,0.4975216585859922,0.4975216585859922,0.49259570157030197,0,highway_0,0,181.96705319067786,500.96705319067786,,-1025.2715710430627
7.8,llm_1,503.39909565858625,-11.200000000000001,24.32042467908366,1000.0,,0.4934217238122658,0.4934217238122658,0.4934217238122658,0.4934217238122658,0.4885363602101833,0,highway_0,0,184.39909565858625,503.39909565858625,,-1025.3204246790838
7.9,llm_1,505.8359829863517,-11.200000000000001,24.36887327765459,1000.0,,0.48933084556636797,0.48933084556636797,0.48933084556636797,0.48933084556636797,0.48448598570928425,0,highway_0,0,186.83598298635172,505.8359829863517,,-1025.3688732776545
8.0,llm_1,508.27767476425555,-11.200000000000001,24.416917779039018,1000.0,,0.4852494639827514,0.4852494639827514,0.4852494639827514,0.4852494639827514,0.48044501384428173,0,highway_0,0,189.2776747642556,508.2776747642556,,-1025.416917779039
8.1,llm_1,510.7241306809049,-11.200000000000001,24.46455916649345,1000.0,,0.4811780132897924,0.4811780132897924,0.4811780132897924,0.4811780132897924,0.4764138745443347,0,highway_0,0,191.72413068090498,510.724130680905,,-1025.4645591664935
8.2,llm_1,513.175310527472,-11.200000000000001,24.51179846567024,1000.0,,0.47711692168554665,0.47711692168554665,0.47711692168554665,0.47711692168554665,0.47239299176787597,0,highway_0,0,194.175310527472,513.175310527472,,-1025.5117984656702
8.3,llm_1,515.6311742018729,-11.200000000000001,24.558636744008734,1000.0,,0.4730666112187851,0.4730666112187851,0.4730666112187851,0.4730666112187851,0.4683827833849463,0,highway_0,0,196.6311742018729,515.6311742018729,,-1025.5586367440087
8.4,llm_1,518.0916817128845,-11.200000000000001,24.6050751101152,1000.0,,0.46902749767533725,0.46902749767533725,0.46902749767533725,0.46902749767533725,0.4643836610646801,0,highway_0,0,199.09168171288445,518.0916817128845,,-1025.6050751101152
8.5,llm_1,520.5567931841977,-11.200000000000001,24.65111471313201,1000.0,,0.4649999904697566,0.4649999904697566,0.4649999904697566,0.4649999904697566,0.4603960301680843,0,highway_0,0,201.55679318419766,520.5567931841977,,-1025.651114713132
8.6,llm_1,523.0264688584073,-11.200000000000001,24.696756742096596,1000.0,,0.4609844925423202,0.4609844925423202,0.4609844925423202,0.4609844925423202,0.45642028964586245,0,highway_0,0,204.02646885840727,523.0264688584073,,-1025.6967567420966
8.7,llm_1,525.5006691009363,-11.200000000000001,24.742002425290792,1000.0,,0.456981400261374,0.456981400261374,0.456981400261374,0.456981400261374,0.4524568319419586,0,highway_0,0,206.5006691009363,525.5006691009363,,-1025.7420024252908
8.8,llm_1,527.9793544038944,-11.200000000000001,24.786853029580993,1000.0,,0.4529911033310138,0.4529911033310138,0.4529911033310138,0.4529911033310138,0.4485060429020038,0,highway_0,0,208.97935440389438,527.9793544038944,,-1025.786853029581
8.9,llm_1,530.4624853898694,-11.200000000000001,24.831309859749716,1000.0,,0.44901398470410436,0.44901398470410436,0.44901398470410436,0.44901398470410436,0.4445683016872337,0,highway_0,0,211.46248538986936,530.4624853898694,,-1025.8313098597498
9.0,llm_1,532.9500228156512,-11.200000000000001,24.875374257819086,1000.0,,0.4450504205006184,0.4450504205006184,0.4450504205006184,0.4450504205006184,0.44064398069370014,0,highway_0,0,213.9500228156512,532.9500228156512,,-1025.875374257819
9.1,llm_1,535.4419275758879,-11.200000000000001,24.91904760236674,1000.0,,0.4411007799312844,0.4411007799312844,0.4411007799312844,0.4411007799312844,0.43673344547652704,0,highway_0,0,216.44192757588792,535.4419275758879,,-1025.9190476023668
9.2,llm_1,537.9381607066714,-11.200000000000001,24.962331307834713,1000.0,,0.4371654252265128,0.4371654252265128,0.4371654252265128,0.4371654252265128,0.4328370546797444,0,highway_0,0,218.9381607066714,537.9381607066714,,-1025.9623313078348
9.3,llm_1,540.4386833890546,-11.200000000000001,25.005226823831798,1000.0,,0.4332447115705782,0.4332447115705782,0.4332447115705782,0.4332447115705782,0.42895515997084743,0,highway_0,0,221.43868338905463,540.4386833890546,,-1026.005226823832
9.4,llm_1,542.9434569524976,-11.200000000000001,25.04773563442992,1000.0,,0.4293389870410227,0.4293389870410227,0.4293389870410227,0.4293389870410227,0.42508810598121727,0,highway_0,0,223.94345695249763,542.9434569524976,,-1026.04773563443
9.5,llm_1,545.4524428782431,-11.200000000000001,25.08985925745499,1000.0,,0.4254485925532373,0.4254485925532373,0.4254485925532373,0.4254485925532373,0.4212362302506989,0,highway_0,0,226.45244287824312,545.4524428782431,,-1026.089859257455
9.6,llm_1,547.9656028026204,-11.200000000000001,25.13159924377283,1000.0,,0.42157386181018686,0.42157386181018686,0.42157386181018686,0.42157386181018686,0.41739986317839595,0,highway_0,0,228.96560280262042,547.9656028026204,,-1026.1315992437728
9.7,llm_1,550.4828985202774,-11.200000000000001,25.172957176570574,1000.0,,0.4177151212572201,0.4177151212572201,0.4177151212572201,0.4177151212572201,0.4135793279774447,0,highway_0,0,231.48289852027744,550.4828985202774,,-1026.1729571765707
9.8,llm_1,553.0042919873408,-11.200000000000001,25.21393467063413,1000.0,,0.4138726900419225,0.4138726900419225,0.4138726900419225,0.4138726900419225,0.40977494063557884,0,highway_0,0,234.00429198734082,553.0042919873408,,-1026.2139346706342
9.9,llm_1,555.529745324503,-11.200000000000001,25.254533371622145,1000.0,,0.4100468799789453,0.4100468799789453,0.4100468799789453,0.4100468799789453,0.4059870098801355,0,highway_0,0,236.52974532450298,555.529745324503,,-1026.254533371622
10.0,llm_1,558.0592208200367,-11.200000000000001,25.294754955336973,1000.0,,0.40623799551975703,0.40623799551975703,0.40623799551975703,0.40623799551975703,0.40221583714828313,0,highway_0,0,239.05922082003667,558.0592208200367,,-1026.2947549553369
10.1,llm_1,560.592680932736,-11.200000000000001,25.33460112699314,1000.0,,0.4024463337272477,0.4024463337272477,0.4024463337272477,0.4024463337272477,0.3984617165616555,0,highway_0,0,241.59268093273602,560.592680932736,,-1026.3346011269932
10.2,llm_1,563.1300882947844,-11.200000000000001,25.374073620483745,1000.0,,0.39867218425511985,0.39867218425511985,0.39867218425511985,0.39867218425511985,0.3947249349060655,0,highway_0,0,244.1300882947844,563.1300882947844,,-1026.3740736204838
10.3,llm_1,565.6714057145489,-11.200000000000001,25.41317419764533,1000.0,,0.39491582933199054,0.39491582933199054,0.39491582933199054,0.39491582933199054,0.3910057716158377,0,highway_0,0,246.67140571454888,565.6714057145489,,-1026.4131741976453
10.4,llm_1,568.2165961793011,-11.200000000000001,25.45190464752158,1000.0,,0.39117754375013114,0.39117754375013114,0.39117754375013114,0.39117754375013114,0.3873044987625107,0,highway_0,0,249.21659617930106,568.2165961793011,,-1026.4519046475216
10.5,llm_1,570.7656228578637,-11.200000000000001,25.49026678562641,1000.0,,0.38745759485876574,0.38745759485876574,0.38745759485876574,0.38745759485876574,0.38362138104830024,0,highway_0,0,251.76562285786372,570.7656228578637,,-1026.4902667856263
10.6,llm_1,573.3184491031844,-11.200000000000001,25.52826245320679,1000.0,,0.3837562425618398,0.3837562425618398,0.3837562425618398,0.3837562425618398,0.3799566758037898,0,highway_0,0,254.31844910318443,573.3184491031844,,-1026.5282624532067
10.7,llm_1,575.875038454835,-11.200000000000001,25.565893516505817,1000.0,,0.3800737393201856,0.3800737393201856,0.3800737393201856,0.3800737393201856,0.37631063299027545,0,highway_0,0,256.875038454835,575.875038454835,,-1026.5658935165059
10.8,llm_1,578.4353546414377,-11.200000000000001,25.603161866026408,1000.0,,0.37641033015798164,0.37641033015798164,0.37641033015798164,0.37641033015798164,0.37268349520591215,0,highway_0,0,259.4353546414377,578.4353546414377,,-1026.6031618660263
10.9,llm_1,580.9993615830173,-11.200000000000001,25.640069415796052,1000.0,,0.37276625267342745,0.37276625267342745,0.37276625267342745,0.37276625267342745,0.36907549769644277,0,highway_0,0,261.9993615830173,580.9993615830173,,-1026.640069415796
11.0,llm_1,583.5670233932806,-11.200000000000001,25.67661810263304,1000.0,,0.3691417370535366,0.3691417370535366,0.3691417370535366,0.3691417370535366,0.3654868683698709,0,highway_0,0,264.5670233932806,583.5670233932806,,-1026.676618102633
11.1,llm_1,586.1383043818221,-11.200000000000001,25.712809885414522,1000.0,,0.36553700609294837,0.36553700609294837,0.36553700609294837,0.36553700609294837,0.3619178278148283,0,highway_0,0,267.1383043818221,586.1383043818221,,-1026.7128098854146
11.2,llm_1,588.7131690562568,-11.200000000000001,25.748646744346864,1000.0,,0.36195227521667217,0.36195227521667217,0.36195227521667217,0.36195227521667217,0.358368589323419,0,highway_0,0,269.7131690562568,588.7131690562568,,-1026.7486467443468
11.3,llm_1,591.287978417738,-11.200000000000001,25.748093614812994,1000.0,,-0.005586608292084572,-0.005586608292084572,-0.005586608292084572,-0.005586608292084572,-0.005531295338698783,0,highway_0,0,272.28797841773803,591.287978417738,,-1026.748093614813
11.4,llm_1,593.8627333217592,-11.200000000000001,25.747549040210757,1000.0,,-0.005500203482587063,-0.005500203482587063,-0.005500203482587063,-0.005500203482587063,-0.005445746022374465,0,highway_0,0,274.86273332175915,593.8627333217592,,-1026.7475490402107
11.5,llm_1,596.4374346105279,-11.200000000000001,25.747012887687422,1000.0,,-0.005415140485680148,-0.005415140485680148,-0.005415140485680148,-0.005415140485680148,-0.0053615252333472085,0,highway_0,0,277.43743461052793,596.4374346105279,,-1026.7470128876873
11.6,llm_1,599.0121358992967,-11.200000000000001,25.747012887687422,1000.0,,0.0,0.0,0.0,0.0,0.0,0,highway_0,0,280.0121358992967,599.0121358992967,,-1026.7470128876873
11.7,llm_1,601.5868371880655,-11.200000000000001,25.747012887687422,1000.0,,0.0,0.0,0.0,0.0,0.0,0,highway_0,0,282.5868371880655,601.5868371880655,,-1026.7470128876873
11.8,llm_1,604.1615384768343,-11.200000000000001,25.747012887687422,1000.0,,0.0,0.0,0.0,0.0,0.0,0,highway_0,0,285.16153847683427,604.1615384768343,,-1026.7470128876873
11.9,llm_1,606.736239765603,-11.200000000000001,25.747012887687422,1000.0,,0.0,0.0,0.0,0.0,0.0,0,highway_0,0,287.73623976560305,606.736239765603,,-1026.7470128876873
12.0,llm_1,609.3109410543718,-11.200000000000001,25.747012887687422,1000.0,,0.0,0.0,0.0,0.0,0.0,0,highway_0,0,290.3109410543718,609.3109410543718,,-1026.7470128876873
12.1,llm_1,611.8856423431406,-11.200000000000001,25.747012887687422,1000.0,,0.0,0.0,0.0,0.0,0.0,0,highway_0,0,292.8856423431406,611.8856423431406,,-1026.7470128876873
12.2,llm_1,614.4603436319094,-11.200000000000001,25.747012887687422,1000.0,,0.0,0.0,0.0,0.0,0.0,0,highway_0,0,295.4603436319094,614.4603436319094,,-1026.7470128876873
12.3,llm_1,617.0350449206782,-11.200000000000001,25.747012887687422,1000.0,,0.0,0.0,0.0,0.0,0.0,0,highway_0,0,298.03504492067816,617.0350449206782,,-1026.7470128876873
12.4,llm_1,619.6097462094469,-11.200000000000001,25.747012887687422,1000.0,,0.0,0.0,0.0,0.0,0.0,0,highway_0,0,300.60974620944694,619.6097462094469,,-1026.7470128876873
12.5,llm_1,622.1844474982157,-11.200000000000001,25.747012887687422,1000.0,,0.0,0.0,0.0,0.0,0.0,0,highway_0,0,303.1844474982157,622.1844474982157,,-1026.7470128876873
12.6,llm_1,624.7591487869845,-11.200000000000001,25.747012887687422,1000.0,,0.0,0.0,0.0,0.0,0.0,0,highway_0,0,305.7591487869845,624.7591487869845,,-1026.7470128876873
12.7,llm_1,627.3338500757533,-11.200000000000001,25.747012887687422,1000.0,,0.0,0.0,0.0,0.0,0.0,0,highway_0,0,308.3338500757533,627.3338500757533,,-1026.7470128876873
12.8,llm_1,629.908551364522,-11.200000000000001,25.747012887687422,1000.0,,0.0,0.0,0.0,0.0,0.0,0,highway_0,0,310.90855136452205,629.908551364522,,-1026.7470128876873
12.9,llm_1,632.4832526532908,-11.200000000000001,25.747012887687422,1000.0,,0.0,0.0,0.0,0.0,0.0,0,highway_0,0,313.48325265329083,632.4832526532908,,-1026.7470128876873
13.0,llm_1,635.0579539420596,-11.200000000000001,25.747012887687422,1000.0,,0.0,0.0,0.0,0.0,0.0,0,highway_0,0,316.0579539420596,635.0579539420596,,-1026.7470128876873
13.1,llm_1,637.6326552308284,-11.200000000000001,25.747012887687422,1000.0,,0.0,0.0,0.0,0.0,0.0,0,highway_0,0,318.6326552308284,637.6326552308284,,-1026.7470128876873
13.2,llm_1,640.2073565195972,-11.200000000000001,25.747012887687422,1000.0,,0.0,0.0,0.0,0.0,0.0,0,highway_0,0,321.20735651959717,640.2073565195972,,-1026.7470128876873
13.3,llm_1,642.782057808366,-11.200000000000001,25.747012887687422,1000.0,,0.0,0.0,0.0,0.0,0.0,0,highway_0,0,323.78205780836595,642.782057808366,,-1026.7470128876873
13.4,llm_1,645.3567590971347,-11.200000000000001,25.747012887687422,1000.0,,0.0,0.0,0.0,0.0,0.0,0,highway_0,0,326.3567590971347,645.3567590971347,,-1026.7470128876873
13.5,llm_1,647.9314603859035,-11.200000000000001,25.747012887687422,1000.0,,0.0,0.0,0.0,0.0,0.0,0,highway_0,0,328.9314603859035,647.9314603859035,,-1026.7470128876873
13.6,llm_1,650.5061616746723,-11.200000000000001,25.747012887687422,1000.0,,0.0,0.0,0.0,0.0,0.0,0,highway_0,0,331.5061616746723,650.5061616746723,,-1026.7470128876873
13.7,llm_1,653.0808629634411,-11.200000000000001,25.747012887687422,1000.0,,0.0,0.0,0.0,0.0,0.0,0,highway_0,0,334.08086296344106,653.0808629634411,,-1026.7470128876873
13.8,llm_1,655.6555642522098,-11.200000000000001,25.747012887687422,1000.0,,0.0,0.0,0.0,0.0,0.0,0,highway_0,0,336.65556425220984,655.6555642522098,,-1026.7470128876873
13.9,llm_1,658.2302655409786,-11.200000000000001,25.747012887687422,1000.0,,0.0,0.0,0.0,0.0,0.0,0,highway_0,0,339.2302655409786,658.2302655409786,,-1026.7470128876873
14.0,llm_1,660.8049668297474,-11.200000000000001,25.747012887687422,1000.0,,0.0,0.0,0.0,0.0,0.0,0,highway_0,0,341.8049668297474,660.8049668297474,,-1026.7470128876873
14.1,llm_1,663.3796681185162,-11.200000000000001,25.747012887687422,1000.0,,0.0,0.0,0.0,0.0,0.0,0,highway_0,0,344.3796681185162,663.3796681185162,,-1026.7470128876873
14.2,llm_1,665.954369407285,-11.200000000000001,25.747012887687422,1000.0,,0.0,0.0,0.0,0.0,0.0,0,highway_0,0,346.95436940728496,665.954369407285,,-1026.7470128876873
14.3,llm_1,668.5142192109051,-11.200000000000001,25.598498036202276,1000.0,,-1.5,-1.5,-1.5,-1.5,-1.4851485148514598,0,highway_0,0,349.51421921090514,668.5142192109051,,-1026.5984980362023
14.4,llm_1,671.0592175293768,-11.200000000000001,25.44998318471713,1000.0,,-1.5,-1.5,-1.5,-1.5,-1.4851485148514598,0,highway_0,0,352.05921752937684,671.0592175293768,,-1026.4499831847172
14.5,llm_1,673.5893643627,-11.200000000000001,25.301468333231984,1000.0,,-1.5,-1.5,-1.5,-1.5,-1.4851485148514598,0,highway_0,0,354.58936436270005,673.5893643627,,-1026.301468333232
14.6,llm_1,676.1046597108748,-11.200000000000001,25.152953481746838,1000.0,,-1.5,-1.5,-1.5,-1.5,-1.4851485148514598,0,highway_0,0,357.1046597108748,676.1046597108748,,-1026.1529534817469
14.7,llm_1,678.6051035739009,-11.200000000000001,25.004438630261692,1000.0,,-1.5,-1.5,-1.5,-1.5,-1.4851485148514598,0,highway_0,0,359.6051035739009,678.6051035739009,,-1026.0044386302618
14.8,llm_1,681.0906959517786,-11.200000000000001,24.855923778776546,1000.0,,-1.5,-1.5,-1.5,-1.5,-1.4851485148514598,0,highway_0,0,362.09069595177857,681.0906959517786,,-1025.8559237787765
14.9,llm_1,683.5614368445077,-11.200000000000001,24.7074089272914,1000.0,,-1.5,-1.5,-1.5,-1.5,-1.4851485148514598,0,highway_0,0,364.56143684450774,683.5614368445077,,-1025.7074089272915
15.0,llm_1,686.0173262520883,-11.200000000000001,24.558894075806254,1000.0,,-1.5,-1.5,-1.5,-1.5,-1.4851485148514598,0,highway_0,0,367.0173262520883,686.0173262520883,,-1025.5588940758062
15.1,llm_1,688.4583641745204,-11.200000000000001,24.410379224321108,1000.0,,-1.5,-1.5,-1.5,-1.5,-1.4851485148514598,0,highway_0,0,369.4583641745204,688.4583641745204,,-1025.410379224321
15.2,llm_1,690.884550611804,-11.200000000000001,24.261864372835962,1000.0,,-1.5,-1.5,-1.5,-1.5,-1.4851485148514598,0,highway_0,0,371.884550611804,690.884550611804,,-1025.261864372836
15.3,llm_1,693.2958855639391,-11.200000000000001,24.113349521350816,1000.0,,-1.5,-1.5,-1.5,-1.5,-1.4851485148514598,0,highway_0,0,374.2958855639391,693.2958855639391,,-1025.1133495213508
15.4,llm_1,695.6923690309256,-11.200000000000001,23.96483466986567,1000.0,,-1.5,-1.5,-1.5,-1.5,-1.4851485148514598,0,highway_0,0,376.69236903092565,695.6923690309256,,-1024.9648346698657
15.5,llm_1,698.0740010127637,-11.200000000000001,23.816319818380524,1000.0,,-1.5,-1.5,-1.5,-1.5,-1.4851485148514598,0,highway_0,0,379.0740010127637,698.0740010127637,,-1024.8163198183806
15.6,llm_1,700.4556329946017,-11.200000000000001,23.816319818380524,1000.0,,0.0,0.0,0.0,0.0,0.0,0,highway_0,0,381.45563299460173,700.4556329946017,,-1024.8163198183806
15.7,llm_1,702.8372649764398,-11.200000000000001,23.816319818380524,1000.0,,0.0,0.0,0.0,0.0,0.0,0,highway_0,0,383.83726497643977,702.8372649764398,,-1024.8163198183806
15.8,llm_1,705.2188969582778,-11.200000000000001,23.816319818380524,1000.0,,0.0,0.0,0.0,0.0,0.0,0,highway_0,0,386.2188969582778,705.2188969582778,,-1024.8163198183806
15.9,llm_1,707.6005289401159,-11.200000000000001,23.816319818380524,1000.0,,0.0,0.0,0.0,0.0,0.0,0,highway_0,0,388.60052894011585,707.6005289401159,,-1024.8163198183806
16.0,llm_1,709.9821609219539,-11.200000000000001,23.816319818380524,1000.0,,0.0,0.0,0.0,0.0,0.0,0,highway_0,0,390.9821609219539,709.9821609219539,,-1024.8163198183806
16.1,llm_1,712.3637929037919,-11.200000000000001,23.816319818380524,1000.0,,0.0,0.0,0.0,0.0,0.0,0,highway_0,0,393.36379290379193,712.3637929037919,,-1024.8163198183806
16.2,llm_1,714.74542488563,-11.200000000000001,23.816319818380524,1000.0,,0.0,0.0,0.0,0.0,0.0,0,highway_0,0,395.74542488563,714.74542488563,,-1024.8163198183806
16.3,llm_1,717.127056867468,-11.200000000000001,23.816319818380524,1000.0,,0.0,0.0,0.0,0.0,0.0,0,highway_0,0,398.127056867468,717.127056867468,,-1024.8163198183806
16.4,llm_1,719.508688849306,-11.200000000000001,23.816319818380524,1000.0,,0.0,0.0,0.0,0.0,0.0,0,highway_0,0,400.50868884930605,719.508688849306,,-1024.8163198183806
16.5,llm_1,721.8903208311441,-11.200000000000001,23.816319818380524,1000.0,,0.0,0.0,0.0,0.0,0.0,0,highway_0,0,402.8903208311441,721.8903208311441,,-1024.8163198183806
16.6,llm_1,724.2719528129821,-11.200000000000001,23.816319818380524,1000.0,,0.0,0.0,0.0,0.0,0.0,0,highway_0,0,405.27195281298214,724.2719528129821,,-1024.8163198183806
16.7,llm_1,726.6535847948202,-11.200000000000001,23.816319818380524,1000.0,,0.0,0.0,0.0,0.0,0.0,0,highway_0,0,407.6535847948202,726.6535847948202,,-1024.8163198183806
16.8,llm_1,729.0352167766582,-11.200000000000001,23.816319818380524,1000.0,,0.0,0.0,0.0,0.0,0.0,0,highway_0,0,410.0352167766582,729.0352167766582,,-1024.8163198183806
16.9,llm_1,731.4168487584963,-11.200000000000001,23.816319818380524,1000.0,,0.0,0.0,0.0,0.0,0.0,0,highway_0,0,412.41684875849626,731.4168487584963,,-1024.8163198183806
17.0,llm_1,733.7984807403343,-11.200000000000001,23.816319818380524,1000.0,,0.0,0.0,0.0,0.0,0.0,0,highway_0,0,414.7984807403343,733.7984807403343,,-1024.8163198183806
17.1,llm_1,736.1801127221723,-11.200000000000001,23.816319818380524,1000.0,,0.0,0.0,0.0,0.0,0.0,0,highway_0,0,417.18011272217234,736.1801127221723,,-1024.8163198183806
17.2,llm_1,738.5617447040104,-11.200000000000001,23.816319818380524,1000.0,,0.0,0.0,0.0,0.0,0.0,0,highway_0,0,419.5617447040104,738.5617447040104,,-1024.8163198183806
17.3,llm_1,740.9433766858484,-11.200000000000001,23.816319818380524,1000.0,,0.0,0.0,0.0,0.0,0.0,0,highway_0,0,421.9433766858484,740.9433766858484,,-1024.8163198183806
17.4,llm_1,743.3250086676865,-11.200000000000001,23.816319818380524,1000.0,,0.0,0.0,0.0,0.0,0.0,0,highway_0,0,424.32500866768646,743.3250086676865,,-1024.8163198183806
17.5,llm_1,745.7066406495245,-11.200000000000001,23.816319818380524,1000.0,,0.0,0.0,0.0,0.0,0.0,0,highway_0,0,426.7066406495245,745.7066406495245,,-1024.8163198183806
17.6,llm_1,748.0882726313625,-11.200000000000001,23.816319818380524,1000.0,,0.0,0.0,0.0,0.0,0.0,0,highway_0,0,429.08827263136254,748.0882726313625,,-1024.8163198183806
17.7,llm_1,750.4699046132006,-11.200000000000001,23.816319818380524,1000.0,,0.0,0.0,0.0,0.0,0.0,0,highway_0,0,431.4699046132006,750.4699046132006,,-1024.8163198183806
17.8,llm_1,752.8515365950386,-11.200000000000001,23.816319818380524,1000.0,,0.0,0.0,0.0,0.0,0.0,0,highway_0,0,433.8515365950386,752.8515365950386,,-1024.8163198183806
17.9,llm_1,755.2331685768767,-11.200000000000001,23.816319818380524,1000.0,,0.0,0.0,0.0,0.0,0.0,0,highway_0,0,436.23316857687666,755.2331685768767,,-1024.8163198183806
18.0,llm_1,757.6148005587147,-11.200000000000001,23.816319818380524,1000.0,,0.0,0.0,0.0,0.0,0.0,0,highway_0,0,438.6148005587147,757.6148005587147,,-1024.8163198183806
18.1,llm_1,759.9964325405527,-11.200000000000001,23.816319818380524,1000.0,,0.0,0.0,0.0,0.0,0.0,0,highway_0,0,440.99643254055275,759.9964325405527,,-1024.8163198183806
18.2,llm_1,762.3805135511234,-11.200000000000001,23.840810105706097,1000.0,,0.24735190198830048,0.24735190198830048,0.24735190198830048,0.24735190198830048,0.24490287325573235,0,highway_0,0,443.3805135511234,762.3805135511234,,-1024.8408101057062
18.3,llm_1,764.7670128917515,-11.200000000000001,23.864993406281084,1000.0,,0.2442513358073598,0.2442513358073598,0.2442513358073598,0.2442513358073598,0.24183300574986077,0,highway_0,0,445.7670128917515,764.7670128917515,,-1024.864993406281
18.4,llm_1,767.1559001555953,-11.200000000000001,23.888872638437626,1000.0,,0.24118024478107347,0.24118024478107347,0.24118024478107347,0.24118024478107347,0.23879232156541974,0,highway_0,0,448.1559001555953,767.1559001555953,,-1024.8888726384375
18.5,llm_1,769.5471452272945,-11.200000000000001,23.912450716992513,1000.0,,0.23813859340436616,0.23813859340436616,0.23813859340436616,0.23813859340436616,0.23578078554887583,0,highway_0,0,450.54714522729455,769.5471452272945,,-1024.9124507169925
18.6,llm_1,771.9407182825493,-11.200000000000001,23.935730552546506,1000.0,,0.23512633909533764,0.23512633909533764,0.23512633909533764,0.23512633909533764,0.23279835553992712,0,highway_0,0,452.94071828254926,771.9407182825493,,-1024.9357305525466
18.7,llm_1,774.3365897876294,-11.200000000000001,23.958715050800873,1000.0,,0.23214343236910595,0.23214343236910595,0.23214343236910595,0.23214343236910595,0.2298449825436677,0,highway_0,0,455.33658978762935,774.3365897876294,,-1024.958715050801
18.8,llm_1,776.7347304988184,-11.200000000000001,23.981407111891116,1000.0,,0.22918981701147478,0.22918981701147478,0.22918981701147478,0.22918981701147478,0.22692061090243243,0,highway_0,0,457.7347304988184,776.7347304988184,,-1024.981407111891
18.9,llm_1,779.1351114617922,-11.200000000000001,24.003809629737873,1000.0,,0.22626543025227086,0.22626543025227086,0.22626543025227086,0.22626543025227086,0.22402517846757064,0,highway_0,0,460.13511146179223,779.1351114617922,,-1025.0038096297378
19.0,llm_1,781.5377040109337,-11.200000000000001,24.025925491414924,1000.0,,0.22337020293821608,0.22337020293821608,0.22337020293821608,0.22337020293821608,0.2211586167705093,0,highway_0,0,462.5377040109337,781.5377040109337,,-1025.025925491415
19.1,llm_1,783.9424797685871,-11.200000000000001,24.047757576534252,1000.0,,0.22050405970520248,0.22050405970520248,0.22050405970520248,0.22050405970520248,0.21832085119328326,0,highway_0,0,464.9424797685871,783.9424797685871,,-1025.0477575765342
19.2,llm_1,786.3494106442519,-11.200000000000001,24.0693087566481,1000.0,,0.21766691914983816,0.21766691914983816,0.21766691914983816,0.21766691914983816,0.21551180113846158,0,highway_0,0,467.34941064425186,786.3494106442519,,-1025.069308756648
19.3,llm_1,788.7584688337187,-11.200000000000001,24.090581894667913,1000.0,,0.2148586940001418,0.2148586940001418,0.2148586940001418,0.2148586940001418,0.21273138019815008,0,highway_0,0,469.75846883371867,788.7584688337187,,-1025.0905818946678
19.4,llm_1,791.1696268181487,-11.200000000000001,24.111579844300117,1000.0,,0.21207929128526826,0.21207929128526826,0.21207929128526826,0.21207929128526826,0.20997949632203472,0,highway_0,0,472.1696268181487,791.1696268181487,,-1025.1115798443002
19.5,llm_1,793.5828573630986,-11.200000000000001,24.13230544949855,1000.0,,0.20932861250415136,0.20932861250415136,0.20932861250415136,0.20932861250415136,0.20725605198432362,0,highway_0,0,474.5828573630986,793.5828573630986,,-1025.1323054494985
19.6,llm_1,796.0010873994653,-11.200000000000001,24.182300363667306,1000.0,,0.5049486331044557,0.5049486331044557,0.5049486331044557,0.5049486331044557,0.49994914168756566,0,highway_0,0,477.0010873994653,796.0010873994653,,-1025.1823003636673
19.7,llm_1,798.4242761830997,-11.200000000000001,24.2318878363438,1000.0,,0.5008334740326122,0.5008334740326122,0.5008334740326122,0.5008334740326122,0.4958747267649599,0,highway_0,0,479.42427618309966,798.4242761830997,,-1025.2318878363437
19.8,llm_1,800.8523830515059,-11.200000000000001,24.281068684061868,1000.0,,0.49672656195247133,0.49672656195247133,0.49672656195247133,0.49672656195247133,0.4918084771806619,0,highway_0,0,481.85238305150585,800.8523830515059,,-1025.281068684062
19.9,llm_1,803.2853674283015,-11.200000000000001,24.329843767956373,1000.0,,0.49262834733452465,0.49262834733452465,0.49262834733452465,0.49262834733452465,0.4877508389450469,0,highway_0,0,484.28536742830147,803.2853674283015,,-1025.3298437679564
20.0,llm_1,805.7231888276217,-11.200000000000001,24.378213993202007,1000.0,,0.4885392749808859,0.4885392749808859,0.4885392749808859,0.4885392749808859,0.48370225245633947,0,highway_0,0,486.7231888276217,805.7231888276217,,-1025.378213993202
20.1,llm_1,808.1658068584655,-11.200000000000001,24.426180308438795,1000.0,,0.48445978389158806,0.48445978389158806,0.48445978389158806,0.48445978389158806,0.47966315236788404,0,highway_0,0,489.16580685846554,808.1658068584655,,-1025.4261803084387
20.2,llm_1,810.613181228984,-11.200000000000001,24.473743705184944,1000.0,,0.4803903071361041,0.4803903071361041,0.4803903071361041,0.4803903071361041,0.47563396746149067,0,highway_0,0,491.613181228984,810.613181228984,,-1025.473743705185
20.3,llm_1,813.0652717507078,-11.200000000000001,24.52090521723743,1000.0,,0.4763312717301216,0.4763312717301216,0.4763312717301216,0.4763312717301216,0.4716151205248664,0,highway_0,0,494.0652717507078,813.0652717507078,,-1025.5209052172374
20.4,llm_1,815.5220383427139,-11.200000000000001,24.567665920060957,1000.0,,0.4722830985176062,0.4722830985176062,0.4722830985176062,0.4722830985176062,0.467607028235264,0,highway_0,0,496.5220383427139,815.5220383427139,,-1025.567665920061
20.5,llm_1,817.9834410357305,-11.200000000000001,24.61402693016573,1000.0,,0.46824620205817424,0.46824620205817424,0.46824620205817424,0.46824620205817424,0.4636101010477134,0,highway_0,0,498.9834410357305,817.9834410357305,,-1025.6140269301657
20.6,llm_1,820.4494399761779,-11.200000000000001,24.65998940447462,1000.0,,0.4642209905197918,0.4642209905197918,0.4642209905197918,0.4642209905197918,0.4596247430889022,0,highway_0,0,501.4494399761779,820.4494399761779,,-1025.6599894044746
20.7,llm_1,822.919995430146,-11.200000000000001,24.705554539680243,1000.0,,0.4602078655768105,0.4602078655768105,0.4602078655768105,0.4602078655768105,0.4556513520562433,0,highway_0,0,503.91999543014595,822.919995430146,,-1025.7055545396802
20.8,llm_1,825.3950677873052,-11.200000000000001,24.750723571592456,1000.0,,0.45620722231334454,0.45620722231334454,0.45620722231334454,0.45620722231334454,0.45169031912212887,0,highway_0,0,506.39506778730515,825.3950677873052,,-1025.7507235715925
20.9,llm_1,827.8746175647528,-11.200000000000001,24.79549777447681,1000.0,,0.4522194491319882,0.4522194491319882,0.4522194491319882,0.4522194491319882,0.44774202884354963,0,highway_0,0,508.87461756475284,827.8746175647528,,-1025.7954977744769
21.0,llm_1,830.3586054107913,-11.200000000000001,24.83987846038452,1000.0,,0.4482449276678673,0.4482449276678673,0.4482449276678673,0.4482449276678673,0.4438068590770783,0,highway_0,0,511.35860541079126,830.3586054107913,,-1025.8398784603846
21.1,llm_1,832.8469921086387,-11.200000000000001,24.88386697847442,1000.0,,0.44428403270800765,0.44428403270800765,0.44428403270800765,0.44428403270800765,0.4398851808990045,0,highway_0,0,513.8469921086387,832.8469921086387,,-1025.8838669784743
21.2,llm_1,835.3397385800714,-11.200000000000001,24.92746471432749,1000.0,,0.440337132116007,0.440337132116007,0.440337132116007,0.440337132116007,0.4359773585306925,0,highway_0,0,516.3397385800714,835.3397385800714,,-1025.9274647143275
21.3,llm_1,837.8368058889969,-11.200000000000001,24.970673089254415,1000.0,,0.43640458676198335,0.43640458676198335,0.43640458676198335,0.43640458676198335,0.4320837492692675,0,highway_0,0,518.8368058889969,837.8368058889969,,-1025.9706730892544
21.4,llm_1,840.3381552449565,-11.200000000000001,25.013493559596768,1000.0,,0.43248675045777063,0.43248675045777063,0.43248675045777063,0.43248675045777063,0.4282047034235248,0,highway_0,0,521.3381552449565,840.3381552449565,,-1026.0134935595968
21.5,llm_1,842.8437480065587,-11.200000000000001,25.055927616022245,1000.0,,0.4285839698973285,0.4285839698973285,0.4285839698973285,0.4285839698973285,0.42434056425477706,0,highway_0,0,523.8437480065587,842.8437480065587,,-1026.0559276160222
21.6,llm_1,845.3535456848401,-11.200000000000001,25.097976782814552,1000.0,,0.42469658460232484,0.42469658460232484,0.42469658460232484,0.42469658460232484,0.42049166792306636,0,highway_0,0,526.3535456848401,845.3535456848401,,-1026.0979767828146
21.7,llm_1,847.867509946556,-11.200000000000001,25.139642617158398,1000.0,,0.4208249268728492,0.4208249268728492,0.4208249268728492,0.4208249268728492,0.4166583434384563,0,highway_0,0,528.867509946556,847.867509946556,,-1026.1396426171584
21.8,llm_1,850.385602617398,-11.200000000000001,25.180926708420102,1000.0,,0.4169693217432042,0.4169693217432042,0.4169693217432042,0.4169693217432042,0.4128409126170496,0,highway_0,0,531.385602617398,850.385602617398,,-1026.1809267084202
21.9,llm_1,852.9077856851404,-11.200000000000001,25.221830677424336,1000.0,,0.4131300869427267,0.4131300869427267,0.4131300869427267,0.4131300869427267,0.4090396900423343,0,highway_0,0,533.9077856851404,852.9077856851404,,-1026.2218306774244
22.0,llm_1,855.4340213027132,-11.200000000000001,25.26235617572746,1000.0,,0.4093075328615764,0.4093075328615764,0.4093075328615764,0.4093075328615764,0.40525498303125573,0,highway_0,0,536.4340213027132,855.4340213027132,,-1026.2623561757275
22.1,llm_1,857.964271791202,-11.200000000000001,25.302504884888002,1000.0,,0.40550196252143356,0.40550196252143356,0.40550196252143356,0.40550196252143356,0.40148709160540363,0,highway_0,0,538.964271791202,857.964271791202,,-1026.302504884888
22.2,llm_1,860.4984996427755,-11.200000000000001,25.342278515734638,1000.0,,0.4017136715510329,0.4017136715510329,0.4017136715510329,0.4017136715510329,0.39773630846635655,0,highway_0,0,541.4984996427755,860.4984996427755,,-1026.3422785157347
22.3,llm_1,863.0366675235388,-11.200000000000001,25.38167880763231,1000.0,,0.39794294816647724,0.39794294816647724,0.39794294816647724,0.39794294816647724,0.39400291897671025,0,highway_0,0,544.0366675235388,863.0366675235388,,-1026.3816788076324
22.4,llm_1,865.5787382763134,-11.200000000000001,25.420707527746785,1000.0,,0.39419007315624166,0.39419007315624166,0.39419007315624166,0.39419007315624166,0.39028720114476556,0,highway_0,0,546.5787382763134,865.5787382763134,,-1026.4207075277468
22.5,llm_1,868.1246749233442,-11.200000000000001,25.459366470308254,1000.0,,0.39045531987080406,0.39045531987080406,0.39045531987080406,0.39045531987080406,0.38658942561468734,0,highway_0,0,549.1246749233442,868.1246749233442,,-1026.4593664703082
22.6,llm_1,870.6744406689317,-11.200000000000001,25.497657455874275,1000.0,,0.38673895421681437,0.38673895421681437,0.38673895421681437,0.38673895421681437,0.3829098556602162,0,highway_0,0,551.6744406689317,870.6744406689317,,-1026.4976574558743
22.7,llm_1,873.2279989019909,-11.200000000000001,25.535582330592664,1000.0,,0.3830412346557256,0.3830412346557256,0.3830412346557256,0.3830412346557256,0.3792487471838868,0,highway_0,0,554.2279989019909,873.2279989019909,,-1026.5355823305927
22.8,llm_1,875.7853131985373,-11.200000000000001,25.573142965464626,1000.0,,0.3793624122067937,0.3793624122067937,0.3793624122067937,0.3793624122067937,0.3756063487196215,0,highway_0,0,556.7853131985373,875.7853131985373,,-1026.5731429654647
22.9,llm_1,878.3463473240981,-11.200000000000001,25.61034125560862,1000.0,,0.37570273045436453,0.37570273045436453,0.37570273045436453,0.37570273045436453,0.3719829014399423,0,highway_0,0,559.3463473240981,878.3463473240981,,-1026.6103412556085
23.0,llm_1,880.9110652360507,-11.200000000000001,25.64717911952539,1000.0,,0.3720624255593534,0.3720624255593534,0.3720624255593534,0.3720624255593534,0.36837863916769464,0,highway_0,0,561.9110652360507,880.9110652360507,,-1026.6471791195254
23.1,llm_1,883.4794310858872,-11.200000000000001,25.68365849836448,1000.0,,0.3684417262748203,0.3684417262748203,0.3684417262748203,0.3684417262748203,0.36479378839089804,0,highway_0,0,564.4794310858872,883.4794310858872,,-1026.6836584983644
23.2,llm_1,886.0477969357237,-11.200000000000001,25.68365849836448,1000.0,,0.0,0.0,0.0,0.0,0.0,0,highway_0,0,567.0477969357237,886.0477969357237,,-1026.6836584983644
23.3,llm_1,888.6161627855602,-11.200000000000001,25.68365849836448,1000.0,,0.0,0.0,0.0,0.0,0.0,0,highway_0,0,569.6161627855602,888.6161627855602,,-1026.6836584983644
23.4,llm_1,891.1845286353966,-11.200000000000001,25.68365849836448,1000.0,,0.0,0.0,0.0,0.0,0.0,0,highway_0,0,572.1845286353966,891.1845286353966,,-1026.6836584983644
23.5,llm_1,893.7528944852331,-11.200000000000001,25.68365849836448,1000.0,,0.0,0.0,0.0,0.0,0.0,0,highway_0,0,574.7528944852331,893.7528944852331,,-1026.6836584983644
23.6,llm_1,896.3212603350696,-11.200000000000001,25.68365849836448,1000.0,,0.0,0.0,0.0,0.0,0.0,0,highway_0,0,577.3212603350696,896.3212603350696,,-1026.6836584983644
23.7,llm_1,898.8896261849061,-11.200000000000001,25.68365849836448,1000.0,,0.0,0.0,0.0,0.0,0.0,0,highway_0,0,579.8896261849061,898.8896261849061,,-1026.6836584983644
23.8,llm_1,901.4579920347425,-11.200000000000001,25.68365849836448,1000.0,,0.0,0.0,0.0,0.0,0.0,0,highway_0,0,582.4579920347426,901.4579920347426,,-1026.6836584983644
23.9,llm_1,904.0263578845789,-11.200000000000001,25.68365849836448,1000.0,,0.0,0.0,0.0,0.0,0.0,0,highway_0,0,585.026357884579,904.026357884579,,-1026.6836584983644
24.0,llm_1,906.5947237344157,-11.200000000000001,25.68365849836448,1000.0,,0.0,0.0,0.0,0.0,0.0,0,highway_0,0,587.5947237344155,906.5947237344155,,-1026.6836584983644
24.1,llm_1,909.1630895842521,-11.200000000000001,25.68365849836448,1000.0,,0.0,0.0,0.0,0.0,0.0,0,highway_0,0,590.163089584252,909.163089584252,,-1026.6836584983644
24.2,llm_1,911.7314554340885,-11.200000000000001,25.68365849836448,1000.0,,0.0,0.0,0.0,0.0,0.0,0,highway_0,0,592.7314554340885,911.7314554340885,,-1026.6836584983644
24.3,llm_1,914.299821283925,-11.200000000000001,25.68365849836448,1000.0,,0.0,0.0,0.0,0.0,0.0,0,highway_0,0,595.299821283925,914.299821283925,,-1026.6836584983644
24.4,llm_1,916.8681871337615,-11.200000000000001,25.68365849836448,1000.0,,0.0,0.0,0.0,0.0,0.0,0,highway_0,0,597.8681871337615,916.8681871337615,,-1026.6836584983644
24.5,llm_1,919.436552983598,-11.200000000000001,25.68365849836448,1000.0,,0.0,0.0,0.0,0.0,0.0,0,highway_0,0,600.436552983598,919.436552983598,,-1026.6836584983644
24.6,llm_1,922.0049188334344,-11.200000000000001,25.68365849836448,1000.0,,0.0,0.0,0.0,0.0,0.0,0,highway_0,0,603.0049188334344,922.0049188334344,,-1026.6836584983644
24.7,llm_1,924.5732846832709,-11.200000000000001,25.68365849836448,1000.0,,0.0,0.0,0.0,0.0,0.0,0,highway_0,0,605.5732846832709,924.5732846832709,,-1026.6836584983644
24.8,llm_1,927.1416505331073,-11.200000000000001,25.68365849836448,1000.0,,0.0,0.0,0.0,0.0,0.0,0,highway_0,0,608.1416505331074,927.1416505331074,,-1026.6836584983644
24.9,llm_1,929.7100163829438,-11.200000000000001,25.68365849836448,1000.0,,0.0,0.0,0.0,0.0,0.0,0,highway_0,0,610.7100163829439,929.7100163829439,,-1026.6836584983644
25.0,llm_1,932.2783822327805,-11.200000000000001,25.68365849836448,1000.0,,0.0,0.0,0.0,0.0,0.0,0,highway_0,0,613.2783822327804,932.2783822327804,,-1026.6836584983644
25.1,llm_1,934.846748082617,-11.200000000000001,25.68365849836448,1000.0,,0.0,0.0,0.0,0.0,0.0,0,highway_0,0,615.8467480826168,934.8467480826168,,-1026.6836584983644
25.2,llm_1,937.4151139324534,-11.200000000000001,25.68365849836448,1000.0,,0.0,0.0,0.0,0.0,0.0,0,highway_0,0,618.4151139324533,937.4151139324533,,-1026.6836584983644
25.3,llm_1,939.9834797822898,-11.200000000000001,25.68365849836448,1000.0,,0.0,0.0,0.0,0.0,0.0,0,highway_0,0,620.9834797822898,939.9834797822898,,-1026.6836584983644
25.4,llm_1,942.5518456321263,-11.200000000000001,25.68365849836448,1000.0,,0.0,0.0,0.0,0.0,0.0,0,highway_0,0,623.5518456321263,942.5518456321263,,-1026.6836584983644
25.5,llm_1,945.1202114819628,-11.200000000000001,25.68365849836448,1000.0,,0.0,0.0,0.0,0.0,0.0,0,highway_0,0,626.1202114819628,945.1202114819628,,-1026.6836584983644
25.6,llm_1,947.6885773317993,-11.200000000000001,25.68365849836448,1000.0,,0.0,0.0,0.0,0.0,0.0,0,highway_0,0,628.6885773317993,947.6885773317993,,-1026.6836584983644
25.7,llm_1,950.2569431816357,-11.200000000000001,25.68365849836448,1000.0,,0.0,0.0,0.0,0.0,0.0,0,highway_0,0,631.2569431816357,950.2569431816357,,-1026.6836584983644
25.8,llm_1,952.8253090314721,-11.200000000000001,25.68365849836448,1000.0,,0.0,0.0,0.0,0.0,0.0,0,highway_0,0,633.8253090314722,952.8253090314722,,-1026.6836584983644
25.9,llm_1,955.3936748813086,-11.200000000000001,25.68365849836448,1000.0,,0.0,0.0,0.0,0.0,0.0,0,highway_0,0,636.3936748813087,955.3936748813087,,-1026.6836584983644
26.0,llm_1,957.9620407311451,-11.200000000000001,25.68365849836448,1000.0,,0.0,0.0,0.0,0.0,0.0,0,highway_0,0,638.9620407311452,957.9620407311452,,-1026.6836584983644
26.1,llm_1,960.5304065809818,-11.200000000000001,25.68365849836448,1000.0,,0.0,0.0,0.0,0.0,0.0,0,highway_0,0,641.5304065809817,960.5304065809817,,-1026.6836584983644
26.2,llm_1,963.0987724308183,-11.200000000000001,25.68365849836448,1000.0,,0.0,0.0,0.0,0.0,0.0,0,highway_0,0,644.0987724308181,963.0987724308181,,-1026.6836584983644
26.3,llm_1,965.6671382806546,-11.200000000000001,25.68365849836448,1000.0,,0.0,0.0,0.0,0.0,0.0,0,highway_0,0,646.6671382806546,965.6671382806546,,-1026.6836584983644
26.4,llm_1,968.2206526453424,-11.200000000000001,25.535143646879334,1000.0,,-1.5,-1.5,-1.5,-1.5,-1.4851485148514598,0,highway_0,0,649.2206526453425,968.2206526453425,,-1026.5351436468793
26.5,llm_1,970.7593155248819,-11.200000000000001,25.386628795394188,1000.0,,-1.5,-1.5,-1.5,-1.5,-1.4851485148514598,0,highway_0,0,651.7593155248819,970.7593155248819,,-1026.3866287953942
26.6,llm_1,973.2831269192727,-11.200000000000001,25.238113943909042,1000.0,,-1.5,-1.5,-1.5,-1.5,-1.4851485148514598,0,highway_0,0,654.2831269192728,973.2831269192728,,-1026.238113943909
26.7,llm_1,975.7920868285153,-11.200000000000001,25.089599092423896,1000.0,,-1.5,-1.5,-1.5,-1.5,-1.4851485148514598,0,highway_0,0,656.7920868285153,975.7920868285153,,-1026.089599092424
26.8,llm_1,978.2861952526091,-11.200000000000001,24.94108424093875,1000.0,,-1.5,-1.5,-1.5,-1.5,-1.4851485148514598,0,highway_0,0,659.2861952526091,978.2861952526091,,-1025.9410842409388
26.9,llm_1,980.7654521915546,-11.200000000000001,24.792569389453604,1000.0,,-1.5,-1.5,-1.5,-1.5,-1.4851485148514598,0,highway_0,0,661.7654521915545,980.7654521915545,,-1025.7925693894535
27.0,llm_1,983.2298576453514,-11.200000000000001,24.644054537968458,1000.0,,-1.5,-1.5,-1.5,-1.5,-1.4851485148514598,0,highway_0,0,664.2298576453513,983.2298576453513,,-1025.6440545379685
27.1,llm_1,985.6794116139996,-11.200000000000001,24.495539686483312,1000.0,,-1.5,-1.5,-1.5,-1.5,-1.4851485148514598,0,highway_0,0,666.6794116139997,985.6794116139997,,-1025.4955396864834
27.2,llm_1,988.1141140974995,-11.200000000000001,24.347024834998166,1000.0,,-1.5,-1.5,-1.5,-1.5,-1.4851485148514598,0,highway_0,0,669.1141140974995,988.1141140974995,,-1025.3470248349981
27.3,llm_1,990.5339650958508,-11.200000000000001,24.19850998351302,1000.0,,-1.5,-1.5,-1.5,-1.5,-1.4851485148514598,0,highway_0,0,671.5339650958508,990.5339650958508,,-1025.198509983513
27.4,llm_1,992.9389646090535,-11.200000000000001,24.049995132027874,1000.0,,-1.5,-1.5,-1.5,-1.5,-1.4851485148514598,0,highway_0,0,673.9389646090536,992.9389646090536,,-1025.0499951320278
27.5,llm_1,995.3291126371079,-11.200000000000001,23.901480280542728,1000.0,,-1.5,-1.5,-1.5,-1.5,-1.4851485148514598,0,highway_0,0,676.3291126371079,995.3291126371079,,-1024.9014802805427
27.6,llm_1,997.7192606651621,-11.200000000000001,23.901480280542728,1000.0,,0.0,0.0,0.0,0.0,0.0,0,highway_0,0,678.7192606651621,997.7192606651621,,-1024.9014802805427
27.7,llm_1,1000.1094086932162,-11.200000000000001,23.901480280542728,1000.0,,0.0,0.0,0.0,0.0,0.0,0,highway_0,0,681.1094086932163,1000.1094086932163,,-1024.9014802805427
27.8,llm_1,1002.4995567212706,-11.200000000000001,23.901480280542728,1000.0,,0.0,0.0,0.0,0.0,0.0,0,highway_0,0,683.4995567212706,1002.4995567212706,,-1024.9014802805427
27.9,llm_1,1004.8897047493248,-11.200000000000001,23.901480280542728,1000.0,,0.0,0.0,0.0,0.0,0.0,0,highway_0,0,685.8897047493248,1004.8897047493248,,-1024.9014802805427
28.0,llm_1,1007.2798527773791,-11.200000000000001,23.901480280542728,1000.0,,0.0,0.0,0.0,0.0,0.0,0,highway_0,0,688.279852777379,1007.279852777379,,-1024.9014802805427
28.1,llm_1,1009.6700008054331,-11.200000000000001,23.901480280542728,1000.0,,0.0,0.0,0.0,0.0,0.0,0,highway_0,0,690.6700008054332,1009.6700008054332,,-1024.9014802805427
28.2,llm_1,1012.0601488334875,-11.200000000000001,23.901480280542728,1000.0,,0.0,0.0,0.0,0.0,0.0,0,highway_0,0,693.0601488334875,1012.0601488334875,,-1024.9014802805427
28.3,llm_1,1014.4502968615417,-11.200000000000001,23.901480280542728,1000.0,,0.0,0.0,0.0,0.0,0.0,0,highway_0,0,695.4502968615417,1014.4502968615417,,-1024.9014802805427
28.4,llm_1,1016.8404448895958,-11.200000000000001,23.901480280542728,1000.0,,0.0,0.0,0.0,0.0,0.0,0,highway_0,0,697.8404448895959,1016.8404448895959,,-1024.9014802805427
28.5,llm_1,1019.2305929176501,-11.200000000000001,23.901480280542728,1000.0,,0.0,0.0,0.0,0.0,0.0,0,highway_0,0,700.2305929176501,1019.2305929176501,,-1024.9014802805427
28.6,llm_1,1021.6207409457044,-11.200000000000001,23.901480280542728,1000.0,,0.0,0.0,0.0,0.0,0.0,0,highway_0,0,702.6207409457044,1021.6207409457044,,-1024.9014802805427
28.7,llm_1,1024.0108889737587,-11.200000000000001,23.901480280542728,1000.0,,0.0,0.0,0.0,0.0,0.0,0,highway_0,0,705.0108889737587,1024.0108889737587,,-1024.9014802805427
28.8,llm_1,1026.401037001813,-11.200000000000001,23.901480280542728,1000.0,,0.0,0.0,0.0,0.0,0.0,0,highway_0,0,707.4010370018129,1026.401037001813,,-1024.9014802805427
28.9,llm_1,1028.7911850298672,-11.200000000000001,23.901480280542728,1000.0,,0.0,0.0,0.0,0.0,0.0,0,highway_0,0,709.7911850298672,1028.7911850298672,,-1024.9014802805427
29.0,llm_1,1031.1813330579214,-11.200000000000001,23.901480280542728,1000.0,,0.0,0.0,0.0,0.0,0.0,0,highway_0,0,712.1813330579214,1031.1813330579214,,-1024.9014802805427
29.1,llm_1,1033.5714810859756,-11.200000000000001,23.901480280542728,1000.0,,0.0,0.0,0.0,0.0,0.0,0,highway_0,0,714.5714810859756,1033.5714810859756,,-1024.9014802805427
29.2,llm_1,1035.9616291140298,-11.200000000000001,23.901480280542728,1000.0,,0.0,0.0,0.0,0.0,0.0,0,highway_0,0,716.9616291140298,1035.9616291140298,,-1024.9014802805427
29.3,llm_1,1038.351777142084,-11.200000000000001,23.901480280542728,1000.0,,0.0,0.0,0.0,0.0,0.0,0,highway_0,0,719.3517771420841,1038.351777142084,,-1024.9014802805427
29.4,llm_1,1040.7419251701383,-11.200000000000001,23.901480280542728,1000.0,,0.0,0.0,0.0,0.0,0.0,0,highway_0,0,721.7419251701383,1040.7419251701383,,-1024.9014802805427
29.5,llm_1,1043.1320731981925,-11.200000000000001,23.901480280542728,1000.0,,0.0,0.0,0.0,0.0,0.0,0,highway_0,0,724.1320731981925,1043.1320731981925,,-1024.9014802805427
29.6,llm_1,1045.5222212262468,-11.200000000000001,23.901480280542728,1000.0,,0.0,0.0,0.0,0.0,0.0,0,highway_0,0,726.5222212262468,1045.5222212262468,,-1024.9014802805427
29.7,llm_1,1047.912369254301,-11.200000000000001,23.901480280542728,1000.0,,0.0,0.0,0.0,0.0,0.0,0,highway_0,0,728.912369254301,1047.912369254301,,-1024.9014802805427
29.8,llm_1,1050.3025172823552,-11.200000000000001,23.901480280542728,1000.0,,0.0,0.0,0.0,0.0,0.0,0,highway_0,0,731.3025172823552,1050.3025172823552,,-1024.9014802805427
29.9,llm_1,1052.6926653104094,-11.200000000000001,23.901480280542728,1000.0,,0.0,0.0,0.0,0.0,0.0,0,highway_0,0,733.6926653104094,1052.6926653104094,,-1024.9014802805427
30.0,llm_1,1055.0828133384637,-11.200000000000001,23.901480280542728,1000.0,,0.0,0.0,0.0,0.0,0.0,0,highway_0,0,736.0828133384637,1055.0828133384637,,-1024.9014802805427
30.1,llm_1,1057.472961366518,-11.200000000000001,23.901480280542728,1000.0,,0.0,0.0,0.0,0.0,0.0,0,highway_0,0,738.4729613665179,1057.472961366518,,-1024.9014802805427
30.2,llm_1,1059.8631093945721,-11.200000000000001,23.901480280542728,1000.0,,0.0,0.0,0.0,0.0,0.0,0,highway_0,0,740.8631093945721,1059.8631093945721,,-1024.9014802805427
30.3,llm_1,1062.2532574226263,-11.200000000000001,23.901480280542728,1000.0,,0.0,0.0,0.0,0.0,0.0,0,highway_0,0,743.2532574226263,1062.2532574226263,,-1024.9014802805427
30.4,llm_1,1064.6434054506806,-11.200000000000001,23.901480280542728,1000.0,,0.0,0.0,0.0,0.0,0.0,0,highway_0,0,745.6434054506806,1064.6434054506806,,-1024.9014802805427
30.5,llm_1,1067.0358953499563,-11.200000000000001,23.924898992757246,1000.0,,0.23652899336664213,0.23652899336664213,0.23652899336664213,0.23652899336664213,0.23418712214517967,0,highway_0,0,748.0358953499563,1067.0358953499563,,-1024.9248989927573
30.6,llm_1,1069.4306974511323,-11.200000000000001,23.948021011760545,1000.0,,0.2335323919333281,0.2335323919333281,0.2335323919333281,0.2335323919333281,0.23122019003299243,0,highway_0,0,750.4306974511323,1069.4306974511323,,-1024.9480210117606
30.7,llm_1,1071.8277823751691,-11.200000000000001,23.970849240368405,1000.0,,0.2305651089393732,0.2305651089393732,0.2305651089393732,0.2305651089393732,0.22828228607860268,0,highway_0,0,752.8277823751691,1071.8277823751691,,-1024.9708492403684
30.8,llm_1,1074.2271210327174,-11.200000000000001,23.993386575482642,1000.0,,0.22762708465380077,0.22762708465380077,0.22762708465380077,0.22762708465380077,0.22537335114236612,0,highway_0,0,755.2271210327174,1074.2271210327174,,-1024.9933865754826
30.9,llm_1,1076.6286846234625,-11.200000000000001,24.015635907451145,1000.0,,0.22471825288188862,0.22471825288188862,0.22471825288188862,0.22471825288188862,0.22249331968502872,0,highway_0,0,757.6286846234625,1076.6286846234625,,-1025.015635907451
31.0,llm_1,1079.032444635407,-11.200000000000001,24.03760011944498,1000.0,,0.22183854113773882,0.22183854113773882,0.22183854113773882,0.22183854113773882,0.21964211993836358,0,highway_0,0,760.032444635407,1079.032444635407,,-1025.037600119445
31.1,llm_1,1081.4383728440923,-11.200000000000001,24.059282086852523,1000.0,,0.2189878708161792,0.2189878708161792,0.2189878708161792,0.2189878708161792,0.2168196740754169,0,highway_0,0,762.4383728440923,1081.4383728440923,,-1025.0592820868526
31.2,llm_1,1083.8464413117613,-11.200000000000001,24.08068467669053,1000.0,,0.21616615736387057,0.21616615736387057,0.21616615736387057,0.21616615736387057,0.21402589838007913,0,highway_0,0,764.8464413117613,1083.8464413117613,,-1025.0806846766905
31.3,llm_1,1086.2566223864644,-11.200000000000001,24.101810747032065,1000.0,,0.21337331044949992,0.21337331044949992,0.21337331044949992,0.21337331044949992,0.2112607034153413,0,highway_0,0,767.2566223864644,1086.2566223864644,,-1025.101810747032
31.4,llm_1,1088.6688887011096,-11.200000000000001,24.122663146451167,1000.0,,0.2106092341329412,0.2106092341329412,0.2106092341329412,0.2106092341329412,0.20852399419101886,0,highway_0,0,769.6688887011096,1088.6688887011096,,-1025.1226631464513
31.5,llm_1,1091.083213172458,-11.200000000000001,24.143244713484165,1000.0,,0.20787382703327906,0.20787382703327906,0.20787382703327906,0.20787382703327906,0.20581567032998294,0,highway_0,0,772.083213172458,1091.083213172458,,-1025.1432447134841
31.6,llm_1,1093.4995690000687,-11.200000000000001,24.16355827610749,1000.0,,0.20516698249558463,0.20516698249558463,0.20516698249558463,0.20516698249558463,0.2031356262332551,0,highway_0,0,774.4995690000687,1093.4995690000687,,-1025.1635582761076
31.7,llm_1,1095.9179296651919,-11.200000000000001,24.183606651231884,1000.0,,0.20248858875634945,0.20248858875634945,0.20248858875634945,0.20248858875634945,0.20048375124392948,0,highway_0,0,776.9179296651919,1095.9179296651919,,-1025.183606651232
31.8,llm_1,1098.3382689296132,-11.200000000000001,24.203392644212823,1000.0,,0.1998385291074769,0.1998385291074769,0.1998385291074769,0.1998385291074769,0.1978599298093897,0,highway_0,0,779.3382689296132,1098.3382689296132,,-1025.2033926442127
31.9,llm_1,1100.7605608344509,-11.200000000000001,24.222919048377054,1000.0,,0.1972166820587461,0.1972166820587461,0.1972166820587461,0.1972166820587461,0.19526404164231792,0,highway_0,0,781.7605608344509,1100.7605608344509,,-1025.222919048377
32.0,llm_1,1103.1877781971245,-11.200000000000001,24.272173626736656,1000.0,,0.4974712414319793,0.4974712414319793,0.4974712414319793,0.4974712414319793,0.49254578359601453,0,highway_0,0,784.1877781971245,1103.1877781971245,,-1025.2721736267367
32.1,llm_1,1105.6198804252954,-11.200000000000001,24.32102228170854,1000.0,,0.49337141521605,0.49337141521605,0.49337141521605,0.49337141521605,0.48848654971884287,0,highway_0,0,786.6198804252954,1105.6198804252954,,-1025.3210222817086
32.2,llm_1,1108.0568270163471,-11.200000000000001,24.36946591051744,1000.0,,0.48928065096991846,0.48928065096991846,0.48928065096991846,0.48928065096991846,0.4844362880890074,0,highway_0,0,789.0568270163471,1108.0568270163471,,-1025.3694659105174
32.3,llm_1,1110.498577561743,-11.200000000000001,24.417505453958654,1000.0,,0.4851993887562611,0.4851993887562611,0.4851993887562611,0.4851993887562611,0.48039543441213084,0,highway_0,0,791.4985775617431,1110.498577561743,,-1025.4175054539587
32.4,llm_1,1112.9450917513245,-11.200000000000001,24.46514189581312,1000.0,,0.4811280627301201,0.4811280627301201,0.4811280627301201,0.4811280627301201,0.47636441854464806,0,highway_0,0,793.9450917513245,1112.9450917513245,,-1025.465141895813
32.5,llm_1,1115.3963293775496,-11.200000000000001,24.51237626225022,1000.0,,0.47706710101472405,0.47706710101472405,0.47706710101472405,0.47706710101472405,0.4723436643710244,0,highway_0,0,796.3963293775496,1115.3963293775496,,-1025.5123762622502
32.6,llm_1,1117.8522503396714,-11.200000000000001,24.559209621218795,1000.0,,0.4730169255825879,0.4730169255825879,0.4730169255825879,0.4730169255825879,0.46833358968573435,0,highway_0,0,798.8522503396714,1117.8522503396714,,-1025.5592096212188
32.7,llm_1,1120.312814647854,-11.200000000000001,24.605643081826905,1000.0,,0.46897795214192206,0.46897795214192206,0.46897795214192206,0.46897795214192206,0.46433460608110266,0,highway_0,0,801.3128146478541,1120.312814647854,,-1025.6056430818269
32.8,llm_1,1122.7779824272252,-11.200000000000001,24.651677793710903,1000.0,,0.4649505900283627,0.4649505900283627,0.4649505900283627,0.4649505900283627,0.4603471188399766,0,highway_0,0,803.7779824272252,1122.7779824272252,,-1025.6516777937109
32.9,llm_1,1125.2477139218647,-11.200000000000001,24.697314946394272,1000.0,,0.46093524210203884,0.46093524210203884,0.46093524210203884,0.46093524210203884,0.4563715268336921,0,highway_0,0,806.2477139218647,1125.2477139218647,,-1025.6973149463943
33.0,llm_1,1127.7219694987284,-11.200000000000001,24.742555768636844,1000.0,,0.45693230464998147,0.45693230464998147,0.45693230464998147,0.45693230464998147,0.4524082224257242,0,highway_0,0,808.7219694987284,1127.7219694987284,,-1025.7425557686367
33.1,llm_1,1130.2007096515058,-11.200000000000001,24.787401527774854,1000.0,,0.4529421672938698,0.4529421672938698,0.4529421672938698,0.4529421672938698,0.4484575913800981,0,highway_0,0,811.2007096515058,1130.2007096515058,,-1025.7874015277748
33.2,llm_1,1132.683895004411,-11.200000000000001,24.831853529052392,1000.0,,0.448965212903117,0.448965212903117,0.448965212903117,0.448965212903117,0.4445200127753779,0,highway_0,0,813.6838950044109,1132.683895004411,,-1025.8318535290523
33.3,llm_1,1135.1714863159054,-11.200000000000001,24.875913114944797,1000.0,,0.44500181751327517,0.44500181751327517,0.44500181751327517,0.44500181751327517,0.4405958589240555,0,highway_0,0,816.1714863159054,1135.1714863159054,,-1025.8759131149448
33.4,llm_1,1137.6634444823528,-11.200000000000001,24.919581664474475,1000.0,,0.44105235024974543,0.44105235024974543,0.44105235024974543,0.44105235024974543,0.43668549529677136,0,highway_0,0,818.6634444823528,1137.6634444823528,,-1025.9195816644744
33.5,llm_1,1140.1597305416049,-11.200000000000001,24.9628605925197,1000.0,,0.43711717325677224,0.43711717325677224,0.43711717325677224,0.43711717325677224,0.43278928045225484,0,highway_0,0,821.1597305416049,1140.1597305416049,,-1025.9628605925197
33.6,llm_1,1142.6603056765166,-11.200000000000001,25.005751349116895,1000.0,,0.4331966416316868,0.4331966416316868,0.4331966416316868,0.4331966416316868,0.42890756597195434,0,highway_0,0,823.6603056765166,1142.6603056765166,,-1026.005751349117
33.7,llm_1,1145.1651312183924,-11.200000000000001,25.048255418756934,1000.0,,0.42929110336437626,0.42929110336437626,0.42929110336437626,0.42929110336437626,0.4250406964003872,0,highway_0,0,826.1651312183924,1145.1651312183924,,-1026.048255418757
33.8,llm_1,1147.67416865036,-11.200000000000001,25.090374319675934,1000.0,,0.4254008992819278,0.4254008992819278,0.4254008992819278,0.4254008992819278,0.4211890091900017,0,highway_0,0,828.6741686503599,1147.67416865036,,-1026.090374319676
33.9,llm_1,1150.187379610674,-11.200000000000001,25.132109603141124,1000.0,,0.4215263629984174,0.4215263629984174,0.4215263629984174,0.4215263629984174,0.41735283465190065,0,highway_0,0,831.187379610674,1150.187379610674,,-1026.132109603141
34.0,llm_1,1152.7047258959471,-11.200000000000001,25.17346285273219,1000.0,,0.41766782086978027,0.41766782086978027,0.41766782086978027,0.41766782086978027,0.4135324959106512,0,highway_0,0,833.7047258959471,1152.7047258959471,,-1026.1734628527322
34.1,llm_1,1155.2261694643091,-11.200000000000001,25.2144356836187,1000.0,,0.4138255919537268,0.4138255919537268,0.4138255919537268,0.4138255919537268,0.40972830886509826,0,highway_0,0,836.2261694643091,1155.2261694643091,,-1026.2144356836186
34.2,llm_1,1157.7516724384925,-11.200000000000001,25.25502974183401,1000.0,,0.40999998797463166,0.40999998797463166,0.40999998797463166,0.40999998797463166,0.40594058215312145,0,highway_0,0,838.7516724384925,1157.7516724384925,,-1026.255029741834
34.3,llm_1,1160.2811971088472,-11.200000000000001,25.295246703546226,1000.0,,0.4061913132933451,0.4061913132933451,0.4061913132933451,0.4061913132933451,0.4021696171221478,0,highway_0,0,841.2811971088472,1160.2811971088472,,-1026.2952467035461
34.4,llm_1,1162.8147059362798,-11.200000000000001,25.33508827432661,1000.0,,0.40239986488185797,0.40239986488185797,0.40239986488185797,0.40239986488185797,0.39841570780382085,0,highway_0,0,843.8147059362798,1162.8147059362798,,-1026.3350882743266
34.5,llm_1,1165.3521615551215,-11.200000000000001,25.37455618841599,1000.0,,0.398625932302749,0.398625932302749,0.398625932302749,0.398625932302749,0.39467914089382106,0,highway_0,0,846.3521615551215,1165.3521615551215,,-1026.374556188416
34.6,llm_1,1167.8935267759205,-11.200000000000001,25.41365220798959,1000.0,,0.39486979769334507,0.39486979769334507,0.39486979769334507,0.39486979769334507,0.3909601957359854,0,highway_0,0,848.8935267759205,1167.8935267759205,,-1026.4136522079896
34.7,llm_1,1170.4387645881625,-11.200000000000001,25.45237812242073,1000.0,,0.39113173575451865,0.39113173575451865,0.39113173575451865,0.39113173575451865,0.3872591443114004,0,highway_0,0,851.4387645881625,1170.4387645881625,,-1026.4523781224207
34.8,llm_1,1172.987838162917,-11.200000000000001,25.4907357475439,1000.0,,0.38741201374403844,0.38741201374403844,0.38741201374403844,0.38741201374403844,0.3835762512317231,0,highway_0,0,853.9878381629169,1172.987838162917,,-1026.4907357475438
34.9,llm_1,1175.5407108554086,-11.200000000000001,25.528726924917603,1000.0,,0.3837108914743972,0.3837108914743972,0.3837108914743972,0.3837108914743972,0.3799117737370139,0,highway_0,0,856.5407108554086,1175.5407108554086,,-1026.5287269249177
35.0,llm_1,1178.0973462075174,-11.200000000000001,25.566353521087407,1000.0,,0.3800286213150259,0.3800286213150259,0.3800286213150259,0.3800286213150259,0.3762659616980457,0,highway_0,0,859.0973462075174,1178.0973462075174,,-1026.5663535210874
35.1,llm_1,1180.6577079502024,-11.200000000000001,25.603617426849667,1000.0,,0.37636544819880824,0.37636544819880824,0.37636544819880824,0.37636544819880824,0.3726390576225924,0,highway_0,0,861.6577079502024,1180.6577079502024,,-1026.6036174268497
35.2,llm_1,1183.2180696928874,-11.200000000000001,25.603617426849667,1000.0,,0.0,0.0,0.0,0.0,0.0,0,highway_0,0,864.2180696928874,1183.2180696928874,,-1026.6036174268497
35.3,llm_1,1185.7784314355724,-11.200000000000001,25.603617426849667,1000.0,,0.0,0.0,0.0,0.0,0.0,0,highway_0,0,866.7784314355724,1185.7784314355724,,-1026.6036174268497
35.4,llm_1,1188.3387931782574,-11.200000000000001,25.603617426849667,1000.0,,0.0,0.0,0.0,0.0,0.0,0,highway_0,0,869.3387931782574,1188.3387931782574,,-1026.6036174268497
35.5,llm_1,1190.8991549209425,-11.200000000000001,25.603617426849667,1000.0,,0.0,0.0,0.0,0.0,0.0,0,highway_0,0,871.8991549209425,1190.8991549209425,,-1026.6036174268497
35.6,llm_1,1193.4595166636275,-11.200000000000001,25.603617426849667,1000.0,,0.0,0.0,0.0,0.0,0.0,0,highway_0,0,874.4595166636275,1193.4595166636275,,-1026.6036174268497
35.7,llm_1,1196.0198784063125,-11.200000000000001,25.603617426849667,1000.0,,0.0,0.0,0.0,0.0,0.0,0,highway_0,0,877.0198784063125,1196.0198784063125,,-1026.6036174268497
35.8,llm_1,1198.5802401489975,-11.200000000000001,25.603617426849667,1000.0,,0.0,0.0,0.0,0.0,0.0,0,highway_0,0,879.5802401489975,1198.5802401489975,,-1026.6036174268497
35.9,llm_1,1201.1406018916825,-11.200000000000001,25.603617426849667,1000.0,,0.0,0.0,0.0,0.0,0.0,0,highway_0,0,882.1406018916825,1201.1406018916825,,-1026.6036174268497
36.0,llm_1,1203.7009636343676,-11.200000000000001,25.603617426849667,1000.0,,0.0,0.0,0.0,0.0,0.0,0,highway_0,0,884.7009636343676,1203.7009636343676,,-1026.6036174268497
36.1,llm_1,1206.2613253770526,-11.200000000000001,25.603617426849667,1000.0,,0.0,0.0,0.0,0.0,0.0,0,highway_0,0,887.2613253770526,1206.2613253770526,,-1026.6036174268497
36.2,llm_1,1208.8216871197376,-11.200000000000001,25.603617426849667,1000.0,,0.0,0.0,0.0,0.0,0.0,0,highway_0,0,889.8216871197376,1208.8216871197376,,-1026.6036174268497
36.3,llm_1,1211.3820488624226,-11.200000000000001,25.603617426849667,1000.0,,0.0,0.0,0.0,0.0,0.0,0,highway_0,0,892.3820488624226,1211.3820488624226,,-1026.6036174268497
36.4,llm_1,1213.9424106051076,-11.200000000000001,25.603617426849667,1000.0,,0.0,0.0,0.0,0.0,0.0,0,highway_0,0,894.9424106051076,1213.9424106051076,,-1026.6036174268497
36.5,llm_1,1216.5027723477926,-11.200000000000001,25.603617426849667,1000.0,,0.0,0.0,0.0,0.0,0.0,0,highway_0,0,897.5027723477926,1216.5027723477926,,-1026.6036174268497
36.6,llm_1,1219.0631340904777,-11.200000000000001,25.603617426849667,1000.0,,0.0,0.0,0.0,0.0,0.0,0,highway_0,0,900.0631340904777,1219.0631340904777,,-1026.6036174268497
36.7,llm_1,1221.6234958331627,-11.200000000000001,25.603617426849667,1000.0,,0.0,0.0,0.0,0.0,0.0,0,highway_0,0,902.6234958331627,1221.6234958331627,,-1026.6036174268497
36.8,llm_1,1224.1838575758477,-11.200000000000001,25.603617426849667,1000.0,,0.0,0.0,0.0,0.0,0.0,0,highway_0,0,905.1838575758477,1224.1838575758477,,-1026.6036174268497
36.9,llm_1,1226.7442193185327,-11.200000000000001,25.603617426849667,1000.0,,0.0,0.0,0.0,0.0,0.0,0,highway_0,0,907.7442193185327,1226.7442193185327,,-1026.6036174268497
37.0,llm_1,1229.3045810612177,-11.200000000000001,25.603617426849667,1000.0,,0.0,0.0,0.0,0.0,0.0,0,highway_0,0,910.3045810612177,1229.3045810612177,,-1026.6036174268497
37.1,llm_1,1231.8649428039027,-11.200000000000001,25.603617426849667,1000.0,,0.0,0.0,0.0,0.0,0.0,0,highway_0,0,912.8649428039027,1231.8649428039027,,-1026.6036174268497
37.2,llm_1,1234.4253045465878,-11.200000000000001,25.603617426849667,1000.0,,0.0,0.0,0.0,0.0,0.0,0,highway_0,0,915.4253045465878,1234.4253045465878,,-1026.6036174268497
37.3,llm_1,1236.9856662892728,-11.200000000000001,25.603617426849667,1000.0,,0.0,0.0,0.0,0.0,0.0,0,highway_0,0,917.9856662892728,1236.9856662892728,,-1026.6036174268497
37.4,llm_1,1239.5460280319578,-11.200000000000001,25.603617426849667,1000.0,,0.0,0.0,0.0,0.0,0.0,0,highway_0,0,920.5460280319578,1239.5460280319578,,-1026.6036174268497
37.5,llm_1,1242.1063897746428,-11.200000000000001,25.603617426849667,1000.0,,0.0,0.0,0.0,0.0,0.0,0,highway_0,0,923.1063897746428,1242.1063897746428,,-1026.6036174268497
37.6,llm_1,1244.6667515173278,-11.200000000000001,25.603617426849667,1000.0,,0.0,0.0,0.0,0.0,0.0,0,highway_0,0,925.6667515173278,1244.6667515173278,,-1026.6036174268497
37.7,llm_1,1247.2271132600129,-11.200000000000001,25.603617426849667,1000.0,,0.0,0.0,0.0,0.0,0.0,0,highway_0,0,928.2271132600129,1247.2271132600129,,-1026.6036174268497
37.8,llm_1,1249.7874750026979,-11.200000000000001,25.603617426849667,1000.0,,0.0,0.0,0.0,0.0,0.0,0,highway_0,0,930.7874750026979,1249.7874750026979,,-1026.6036174268497
37.9,llm_1,1252.347836745383,-11.200000000000001,25.603617426849667,1000.0,,0.0,0.0,0.0,0.0,0.0,0,highway_0,0,933.3478367453829,1252.347836745383,,-1026.6036174268497
38.0,llm_1,1254.908198488068,-11.200000000000001,25.603617426849667,1000.0,,0.0,0.0,0.0,0.0,0.0,0,highway_0,0,935.9081984880679,1254.908198488068,,-1026.6036174268497
38.1,llm_1,1257.468560230753,-11.200000000000001,25.603617426849667,1000.0,,0.0,0.0,0.0,0.0,0.0,0,highway_0,0,938.4685602307529,1257.468560230753,,-1026.6036174268497
38.2,llm_1,1260.028921973438,-11.200000000000001,25.603617426849667,1000.0,,0.0,0.0,0.0,0.0,0.0,0,highway_0,0,941.028921973438,1260.028921973438,,-1026.6036174268497
38.3,llm_1,1262.589283716123,-11.200000000000001,25.603617426849667,1000.0,,0.0,0.0,0.0,0.0,0.0,0,highway_0,0,943.589283716123,1262.589283716123,,-1026.6036174268497
38.4,llm_1,1265.149645458808,-11.200000000000001,25.603617426849667,1000.0,,0.0,0.0,0.0,0.0,0.0,0,highway_0,0,946.149645458808,1265.149645458808,,-1026.6036174268497
38.5,llm_1,1267.710007201493,-11.200000000000001,25.603617426849667,1000.0,,0.0,0.0,0.0,0.0,0.0,0,highway_0,0,948.710007201493,1267.710007201493,,-1026.6036174268497
38.6,llm_1,1270.270368944178,-11.200000000000001,25.603617426849667,1000.0,,0.0,0.0,0.0,0.0,0.0,0,highway_0,0,951.270368944178,1270.270368944178,,-1026.6036174268497
38.7,llm_1,1272.830730686863,-11.200000000000001,25.603617426849667,1000.0,,0.0,0.0,0.0,0.0,0.0,0,highway_0,0,953.830730686863,1272.830730686863,,-1026.6036174268497
38.8,llm_1,1275.3762409443996,-11.200000000000001,25.45510257536452,1000.0,,-1.5,-1.5,-1.5,-1.5,-1.4851485148514598,0,highway_0,0,956.3762409443996,1275.3762409443996,,-1026.4551025753644
38.9,llm_1,1277.9068997167874,-11.200000000000001,25.306587723879375,1000.0,,-1.5,-1.5,-1.5,-1.5,-1.4851485148514598,0,highway_0,0,958.9068997167874,1277.9068997167874,,-1026.3065877238794
39.0,llm_1,1280.4227070040267,-11.200000000000001,25.15807287239423,1000.0,,-1.5,-1.5,-1.5,-1.5,-1.4851485148514598,0,highway_0,0,961.4227070040267,1280.4227070040267,,-1026.1580728723943
39.1,llm_1,1282.9236628061176,-11.200000000000001,25.009558020909083,1000.0,,-1.5,-1.5,-1.5,-1.5,-1.4851485148514598,0,highway_0,0,963.9236628061176,1282.9236628061176,,-1026.009558020909
39.2,llm_1,1285.40976712306,-11.200000000000001,24.861043169423937,1000.0,,-1.5,-1.5,-1.5,-1.5,-1.4851485148514598,0,highway_0,0,966.40976712306,1285.40976712306,,-1025.861043169424
39.3,llm_1,1287.8810199548539,-11.200000000000001,24.71252831793879,1000.0,,-1.5,-1.5,-1.5,-1.5,-1.4851485148514598,0,highway_0,0,968.8810199548539,1287.8810199548539,,-1025.712528317939
39.4,llm_1,1290.3374213014993,-11.200000000000001,24.564013466453645,1000.0,,-1.5,-1.5,-1.5,-1.5,-1.4851485148514598,0,highway_0,0,971.3374213014993,1290.3374213014993,,-1025.5640134664536
39.5,llm_1,1292.7789711629962,-11.200000000000001,24.4154986149685,1000.0,,-1.5,-1.5,-1.5,-1.5,-1.4851485148514598,0,highway_0,0,973.7789711629962,1292.7789711629962,,-1025.4154986149686
39.6,llm_1,1295.2056695393446,-11.200000000000001,24.266983763483353,1000.0,,-1.5,-1.5,-1.5,-1.5,-1.4851485148514598,0,highway_0,0,976.2056695393446,1295.2056695393446,,-1025.2669837634833
39.7,llm_1,1297.6175164305444,-11.200000000000001,24.118468911998207,1000.0,,-1.5,-1.5,-1.5,-1.5,-1.4851485148514598,0,highway_0,0,978.6175164305444,1297.6175164305444,,-1025.1184689119982
39.8,llm_1,1300.0145118365956,-11.200000000000001,23.96995406051306,1000.0,,-1.5,-1.5,-1.5,-1.5,-1.4851485148514598,0,highway_0,0,981.0145118365956,1300.0145118365956,,-1024.9699540605131
39.9,llm_1,1302.4115072426468,-11.200000000000001,23.96995406051306,1000.0,,0.0,0.0,0.0,0.0,0.0,0,highway_0,0,983.4115072426468,1302.4115072426468,,-1024.9699540605131
40.0,llm_1,1304.808502648698,-11.200000000000001,23.96995406051306,1000.0,,0.0,0.0,0.0,0.0,0.0,0,highway_0,0,985.8085026486981,1304.808502648698,,-1024.9699540605131
40.1,llm_1,1307.2054980547493,-11.200000000000001,23.96995406051306,1000.0,,0.0,0.0,0.0,0.0,0.0,0,highway_0,0,988.2054980547493,1307.2054980547493,,-1024.9699540605131
40.2,llm_1,1309.6024934608006,-11.200000000000001,23.96995406051306,1000.0,,0.0,0.0,0.0,0.0,0.0,0,highway_0,0,990.6024934608006,1309.6024934608006,,-1024.9699540605131
40.3,llm_1,1311.9994888668518,-11.200000000000001,23.96995406051306,1000.0,,0.0,0.0,0.0,0.0,0.0,0,highway_0,0,992.9994888668518,1311.9994888668518,,-1024.9699540605131
40.4,llm_1,1314.396484272903,-11.200000000000001,23.96995406051306,1000.0,,0.0,0.0,0.0,0.0,0.0,0,highway_0,0,995.3964842729031,1314.396484272903,,-1024.9699540605131
40.5,llm_1,1316.7934796789543,-11.200000000000001,23.96995406051306,1000.0,,0.0,0.0,0.0,0.0,0.0,0,highway_0,0,997.7934796789543,1316.7934796789543,,-1024.9699540605131
40.6,llm_1,1319.1904750850056,-11.200000000000001,23.96995406051306,1000.0,,0.0,0.0,0.0,0.0,0.0,0,highway_0,0,1000.1904750850056,1319.1904750850056,,-1024.9699540605131
40.7,llm_1,1321.5874704910568,-11.200000000000001,23.96995406051306,1000.0,,0.0,0.0,0.0,0.0,0.0,0,highway_0,0,1002.5874704910568,1321.5874704910568,,-1024.9699540605131
40.8,llm_1,1323.984465897108,-11.200000000000001,23.96995406051306,1000.0,,0.0,0.0,0.0,0.0,0.0,0,highway_0,0,1004.9844658971081,1323.984465897108,,-1024.9699540605131
40.9,llm_1,1326.3814613031593,-11.200000000000001,23.96995406051306,1000.0,,0.0,0.0,0.0,0.0,0.0,0,highway_0,0,1007.3814613031593,1326.3814613031593,,-1024.9699540605131
41.0,llm_1,1328.7784567092106,-11.200000000000001,23.96995406051306,1000.0,,0.0,0.0,0.0,0.0,0.0,0,highway_0,0,1009.7784567092106,1328.7784567092106,,-1024.9699540605131
41.1,llm_1,1331.1754521152618,-11.200000000000001,23.96995406051306,1000.0,,0.0,0.0,0.0,0.0,0.0,0,highway_0,0,1012.1754521152618,1331.1754521152618,,-1024.9699540605131
41.2,llm_1,1333.572447521313,-11.200000000000001,23.96995406051306,1000.0,,0.0,0.0,0.0,0.0,0.0,0,highway_0,0,1014.572447521313,1333.572447521313,,-1024.9699540605131
41.3,llm_1,1335.9694429273643,-11.200000000000001,23.96995406051306,1000.0,,0.0,0.0,0.0,0.0,0.0,0,highway_0,0,1016.9694429273643,1335.9694429273643,,-1024.9699540605131
41.4,llm_1,1338.3664383334155,-11.200000000000001,23.96995406051306,1000.0,,0.0,0.0,0.0,0.0,0.0,0,highway_0,0,1019.3664383334155,1338.3664383334155,,-1024.9699540605131
41.5,llm_1,1340.7634337394668,-11.200000000000001,23.96995406051306,1000.0,,0.0,0.0,0.0,0.0,0.0,0,highway_0,0,1021.7634337394668,1340.7634337394668,,-1024.9699540605131
41.6,llm_1,1343.160429145518,-11.200000000000001,23.96995406051306,1000.0,,0.0,0.0,0.0,0.0,0.0,0,highway_0,0,1024.160429145518,1343.160429145518,,-1024.9699540605131
41.7,llm_1,1345.5574245515693,-11.200000000000001,23.96995406051306,1000.0,,0.0,0.0,0.0,0.0,0.0,0,highway_0,0,1026.5574245515693,1345.5574245515693,,-1024.9699540605131
41.8,llm_1,1347.9544199576205,-11.200000000000001,23.96995406051306,1000.0,,0.0,0.0,0.0,0.0,0.0,0,highway_0,0,1028.9544199576205,1347.9544199576205,,-1024.9699540605131
41.9,llm_1,1350.3514153636718,-11.200000000000001,23.96995406051306,1000.0,,0.0,0.0,0.0,0.0,0.0,0,highway_0,0,1031.3514153636718,1350.3514153636718,,-1024.9699540605131
42.0,llm_1,1352.748410769723,-11.200000000000001,23.96995406051306,1000.0,,0.0,0.0,0.0,0.0,0.0,0,highway_0,0,1033.748410769723,1352.748410769723,,-1024.9699540605131
42.1,llm_1,1355.1454061757743,-11.200000000000001,23.96995406051306,1000.0,,0.0,0.0,0.0,0.0,0.0,0,highway_0,0,1036.1454061757743,1355.1454061757743,,-1024.9699540605131
42.2,llm_1,1357.5424015818255,-11.200000000000001,23.96995406051306,1000.0,,0.0,0.0,0.0,0.0,0.0,0,highway_0,0,1038.5424015818255,1357.5424015818255,,-1024.9699540605131
42.3,llm_1,1359.9393969878768,-11.200000000000001,23.96995406051306,1000.0,,0.0,0.0,0.0,0.0,0.0,0,highway_0,0,1040.9393969878768,1359.9393969878768,,-1024.9699540605131
42.4,llm_1,1362.336392393928,-11.200000000000001,23.96995406051306,1000.0,,0.0,0.0,0.0,0.0,0.0,0,highway_0,0,1043.336392393928,1362.336392393928,,-1024.9699540605131
42.5,llm_1,1364.7333877999793,-11.200000000000001,23.96995406051306,1000.0,,0.0,0.0,0.0,0.0,0.0,0,highway_0,0,1045.7333877999793,1364.7333877999793,,-1024.9699540605131
42.6,llm_1,1367.1303832060305,-11.200000000000001,23.96995406051306,1000.0,,0.0,0.0,0.0,0.0,0.0,0,highway_0,0,1048.1303832060305,1367.1303832060305,,-1024.9699540605131
42.7,llm_1,1369.5273786120817,-11.200000000000001,23.96995406051306,1000.0,,0.0,0.0,0.0,0.0,0.0,0,highway_0,0,1050.5273786120817,1369.5273786120817,,-1024.9699540605131
42.8,llm_1,1371.924374018133,-11.200000000000001,23.96995406051306,1000.0,,0.0,0.0,0.0,0.0,0.0,0,highway_0,0,1052.924374018133,1371.924374018133,,-1024.9699540605131
42.9,llm_1,1374.3213694241842,-11.200000000000001,23.96995406051306,1000.0,,0.0,0.0,0.0,0.0,0.0,0,highway_0,0,1055.3213694241842,1374.3213694241842,,-1024.9699540605131
43.0,llm_1,1376.7206197060154,-11.200000000000001,23.992502818312435,1000.0,,0.2277424537736764,0.2277424537736764,0.2277424537736764,0.2277424537736764,0.2254875779937393,0,highway_0,0,1057.7206197060154,1376.7206197060154,,-1024.9925028183125
43.1,llm_1,1379.122096051921,-11.200000000000001,24.014763459056397,1000.0,,0.2248324715140192,0.2248324715140192,0.2248324715140192,0.2248324715140192,0.22260640743962057,0,highway_0,0,1060.122096051921,1379.122096051921,,-1025.0147634590564
43.2,llm_1,1381.5257699385422,-11.200000000000001,24.036738866210772,1000.0,,0.22195161225921423,0.22195161225921423,0.22195161225921423,0.22195161225921423,0.21975407154375404,0,highway_0,0,1062.5257699385422,1381.5257699385422,,-1025.0367388662107
43.3,llm_1,1383.9316131300905,-11.200000000000001,24.058431915482284,1000.0,,0.2190997976422835,0.2190997976422835,0.2190997976422835,0.2190997976422835,0.21693049271512166,0,highway_0,0,1064.9316131300905,1383.9316131300905,,-1025.0584319154823
43.4,llm_1,1386.3395976775134,-11.200000000000001,24.079845474228954,1000.0,,0.21627694334134706,0.21627694334134706,0.21627694334134706,0.21627694334134706,0.2141355874666928,0,highway_0,0,1067.3395976775134,1386.3395976775134,,-1025.079845474229
43.5,llm_1,1388.7496959176021,-11.200000000000001,24.100982400887354,1000.0,,0.21348295924985483,0.21348295924985483,0.21348295924985483,0.21348295924985483,0.21136926658400057,0,highway_0,0,1069.7496959176021,1388.7496959176021,,-1025.1009824008875
43.6,llm_1,1391.1618804720438,-11.200000000000001,24.12184554441664,1000.0,,0.2107177496457916,0.2107177496457916,0.2107177496457916,0.2107177496457916,0.20863143529286532,0,highway_0,0,1072.1618804720438,1391.1618804720438,,-1025.1218455444166
43.7,llm_1,1393.5761242464198,-11.200000000000001,24.14243774375919,1000.0,,0.2079812133597434,0.2079812133597434,0.2079812133597434,0.2079812133597434,0.20592199342548412,0,highway_0,0,1074.5761242464198,1393.5761242464198,,-1025.1424377437593
43.8,llm_1,1395.9924004291515,-11.200000000000001,24.162761827317777,1000.0,,0.20527324394173052,0.20527324394173052,0.20527324394173052,0.20527324394173052,0.20324083558588057,0,highway_0,0,1076.9924004291515,1395.9924004291515,,-1025.1627618273178
43.9,llm_1,1398.4106824903965,-11.200000000000001,24.18282061244913,1000.0,,0.20259372982669077,0.20259372982669077,0.20259372982669077,0.20259372982669077,0.20058785131354284,0,highway_0,0,1079.4106824903965,1398.4106824903965,,-1025.1828206124492
44.0,llm_1,1400.830944180894,-11.200000000000001,24.202616904973738,1000.0,,0.1999425544985327,0.1999425544985327,0.1999425544985327,0.1999425544985327,0.19796292524606685,0,highway_0,0,1081.830944180894,1400.830944180894,,-1025.2026169049736
44.1,llm_1,1403.2531595307642,-11.200000000000001,24.222153498701722,1000.0,,0.19731959665265975,0.19731959665265975,0.19731959665265975,0.19731959665265975,0.19536593727984553,0,highway_0,0,1084.2531595307642,1403.2531595307642,,-1025.2221534987018
44.2,llm_1,1405.6773028482617,-11.200000000000001,24.24143317497468,1000.0,,0.19472473035688542,0.19472473035688542,0.19472473035688542,0.19472473035688542,0.19279676272958568,0,highway_0,0,1086.6773028482617,1405.6773028482617,,-1025.2414331749746
44.3,llm_1,1408.103348718484,-11.200000000000001,24.26045870222326,1000.0,,0.1921578252106545,0.1921578252106545,0.1921578252106545,0.1921578252106545,0.19025527248579976,0,highway_0,0,1089.103348718484,1408.103348718484,,-1025.2604587022233
44.4,llm_1,1410.5312720020381,-11.200000000000001,24.279232835540338,1000.0,,0.18961874650249855,0.18961874650249855,0.18961874650249855,0.18961874650249855,0.18774133317077002,0,highway_0,0,1091.5312720020381,1410.5312720020381,,-1025.2792328355404
44.5,llm_1,1412.9610478336651,-11.200000000000001,24.29775831626961,1000.0,,0.18710735536565526,0.18710735536565526,0.18710735536565526,0.18710735536565526,0.18525480729273625,0,highway_0,0,1093.9610478336651,1412.9610478336651,,-1025.2977583162697
44.6,llm_1,1415.3956873478414,-11.200000000000001,24.346395141763306,1000.0,,0.49123193748630845,0.49123193748630845,0.49123193748630845,0.49123193748630845,0.4863682549369486,0,highway_0,0,1096.3956873478414,1415.3956873478414,,-1025.3463951417632
44.7,llm_1,1417.835150090588,-11.200000000000001,24.394627427467054,1000.0,,0.48714608560787487,0.48714608560787487,0.48714608560787487,0.48714608560787487,0.4823228570374738,0,highway_0,0,1098.835150090588,1417.835150090588,,-1025.394627427467
44.8,llm_1,1420.27939570426,-11.200000000000001,24.44245613671931,1000.0,,0.48306996344782804,0.48306996344782804,0.48306996344782804,0.48306996344782804,0.47828709252257795,0,highway_0,0,1101.27939570426,1420.27939570426,,-1025.4424561367193
44.9,llm_1,1422.7283839318134,-11.200000000000001,24.48988227553351,1000.0,,0.4790040020234241,0.4790040020234241,0.4790040020234241,0.4790040020234241,0.4742613881419899,0,highway_0,0,1103.7283839318134,1422.7283839318134,,-1025.4898822755335
45.0,llm_1,1425.1820746210128,-11.200000000000001,24.53690689199463,1000.0,,0.4749486262572944,0.4749486262572944,0.4749486262572944,0.4749486262572944,0.47024616461118995,0,highway_0,0,1106.1820746210128,1425.1820746210128,,-1025.5369068919947
45.1,llm_1,1427.6404277285772,-11.200000000000001,24.583531075644267,1000.0,,0.47090425486131704,0.47090425486131704,0.47090425486131704,0.47090425486131704,0.46624183649637274,0,highway_0,0,1108.6404277285772,1427.6404277285772,,-1025.5835310756443
45.2,llm_1,1430.1034033242627,-11.200000000000001,24.62975595685474,1000.0,,0.4668713002258059,0.4668713002258059,0.4668713002258059,0.4668713002258059,0.46224881210473967,0,highway_0,0,1111.1034033242627,1430.1034033242627,,-1025.6297559568548
45.3,llm_1,1432.570961594882,-11.200000000000001,24.675582706192767,1000.0,,0.46285016831403114,0.46285016831403114,0.46285016831403114,0.46285016831403114,0.4582674933802622,0,highway_0,0,1113.570961594882,1432.570961594882,,-1025.6755827061927
45.4,llm_1,1435.0430628482593,-11.200000000000001,24.72101253377317,1000.0,,0.4588412585620737,0.4588412585620737,0.4588412585620737,0.4588412585620737,0.45429827580402815,0,highway_0,0,1116.0430628482593,1435.0430628482593,,-1025.721012533773
45.5,llm_1,1437.5196675171196,-11.200000000000001,24.76604668860327,1000.0,,0.45484496378403116,0.45484496378403116,0.45484496378403116,0.45484496378403116,0.4503415483010187,0,highway_0,0,1118.5196675171196,1437.5196675171196,,-1025.7660466886032
45.6,llm_1,1440.0007361629114,-11.200000000000001,24.810686457918376,1000.0,,0.45086167008255074,0.45086167008255074,0.45086167008255074,0.45086167008255074,0.4463976931510416,0,highway_0,0,1121.0007361629114,1440.0007361629114,,-1025.8106864579183
45.7,llm_1,1442.4862294795623,-11.200000000000001,24.85493316650894,1000.0,,0.4468917567646995,0.4468917567646995,0.4468917567646995,0.4468917567646995,0.44246708590563344,0,highway_0,0,1123.4862294795623,1442.4862294795623,,-1025.854933166509
45.8,llm_1,1444.9761082971663,-11.200000000000001,24.898788176039943,1000.0,,0.44293559626314594,0.44293559626314594,0.44293559626314594,0.44293559626314594,0.43855009531004185,0,highway_0,0,1125.9761082971663,1444.9761082971663,,-1025.89878817604
45.9,llm_1,1447.4703335856027,-11.200000000000001,24.942252884362976,1000.0,,0.4389935540626331,0.4389935540626331,0.4389935540626331,0.4389935540626331,0.43464708323032397,0,highway_0,0,1128.4703335856027,1447.4703335856027,,-1025.942252884363
46.0,llm_1,1449.968866458085,-11.200000000000001,24.98532872482156,1000.0,,0.4350659886317224,0.4350659886317224,0.4350659886317224,0.4350659886317224,0.4307584045858448,0,highway_0,0,1130.968866458085,1449.968866458085,,-1025.9853287248216
46.1,llm_1,1452.47166817464,-11.200000000000001,25.028017165550253,1000.0,,0.4311532513597731,0.4311532513597731,0.4311532513597731,0.4311532513597731,0.4268844072869271,0,highway_0,0,1133.47166817464,1452.47166817464,,-1026.0280171655502
46.2,llm_1,1454.9787001455168,-11.200000000000001,25.07031970876799,1000.0,,0.42725568649911994,0.42725568649911994,0.42725568649911994,0.42725568649911994,0.42302543217736854,0,highway_0,0,1135.9787001455168,1454.9787001455168,,-1026.070319708768
46.3,llm_1,1457.4899239345234,-11.200000000000001,25.112237890066247,1000.0,,0.42337363111241444,0.42337363111241444,0.42337363111241444,0.42337363111241444,0.41918181298257196,0,highway_0,0,1138.4899239345234,1457.4899239345234,,-1026.1122378900664
46.4,llm_1,1460.0053012622927,-11.200000000000001,25.15377327769249,1000.0,,0.41950741502507516,0.41950741502507516,0.41950741502507516,0.41950741502507516,0.41535387626243647,0,highway_0,0,1141.0053012622927,1460.0053012622927,,-1026.1537732776924
46.5,llm_1,1462.5247940094757,-11.200000000000001,25.194927471829402,1000.0,,0.415657360782802,0.415657360782802,0.415657360782802,0.415657360782802,0.4115419413691157,0,highway_0,0,1143.5247940094757,1462.5247940094757,,-1026.1949274718295
46.6,llm_1,1465.0483642198628,-11.200000000000001,25.235702103870402,1000.0,,0.4118237836140993,0.4118237836140993,0.4118237836140993,0.4118237836140993,0.4077463204099985,0,highway_0,0,1146.0483642198628,1465.0483642198628,,-1026.2357021038704
46.7,llm_1,1467.575974103432,-11.200000000000001,25.27609883569196,1000.0,,0.40800699139774654,0.40800699139774654,0.40800699139774654,0.40800699139774654,0.4039673182155923,0,highway_0,0,1148.575974103432,1467.575974103432,,-1026.276098835692
46.8,llm_1,1470.1075860393241,-11.200000000000001,25.316119358923164,1000.0,,0.4042072846351542,0.4042072846351542,0.4042072846351542,0.4042072846351542,0.4002052323120253,0,highway_0,0,1151.1075860393241,1470.1075860393241,,-1026.316119358923
46.9,llm_1,1472.6431625787454,-11.200000000000001,25.35576539421302,1000.0,,0.4004249564275375,0.4004249564275375,0.4004249564275375,0.4004249564275375,0.39646035289855774,0,highway_0,0,1153.6431625787454,1472.6431625787454,,-1026.355765394213
47.0,llm_1,1475.182666447795,-11.200000000000001,25.395038690495973,1000.0,,0.39666029245783696,0.39666029245783696,0.39666029245783696,0.39666029245783696,0.39273296282953396,0,highway_0,0,1156.182666447795,1475.182666447795,,-1026.395038690496
47.1,llm_1,1477.7260605502206,-11.200000000000001,25.433941024256104,1000.0,,0.39291357097731205,0.39291357097731205,0.39291357097731205,0.39291357097731205,0.3890233376013086,0,highway_0,0,1158.7260605502206,1477.7260605502206,,-1026.433941024256
47.2,llm_1,1480.2733079700997,-11.200000000000001,25.472474198790433,1000.0,,0.3891850627967297,0.3891850627967297,0.3891850627967297,0.3891850627967297,0.3853317453432936,0,highway_0,0,1161.2733079700997,1480.2733079700997,,-1026.4724741987905
47.3,llm_1,1482.8243719744469,-11.200000000000001,25.510640043471827,1000.0,,0.38547503128206406,0.38547503128206406,0.38547503128206406,0.38547503128206406,0.3816584468139439,0,highway_0,0,1163.8243719744469,1482.8243719744469,,-1026.5106400434718
47.4,llm_1,1485.3792160157482,-11.200000000000001,25.548440413011893,1000.0,,0.3817837323546286,0.3817837323546286,0.3817837323546286,0.3817837323546286,0.3780036954006505,0,highway_0,0,1166.3792160157482,1485.3792160157482,,-1026.5484404130118
47.5,llm_1,1487.934093037703,-11.200000000000001,25.54877021954852,1000.0,,0.003331046019906747,0.003331046019906747,0.003331046019906747,0.003331046019906747,0.0032980653662662007,0,highway_0,0,1168.934093037703,1487.934093037703,,-1026.5487702195485
47.6,llm_1,1490.4890025307543,-11.200000000000001,25.549094930514556,1000.0,,0.003279580756965217,0.003279580756965217,0.003279580756965217,0.003279580756965217,0.00324710966037145,0,highway_0,0,1171.4890025307543,1490.4890025307543,,-1026.5490949305145
47.7,llm_1,1493.0439439931988,-11.200000000000001,25.549414624444704,1000.0,,0.003228908694471233,0.003228908694471233,0.003228908694471233,0.003228908694471233,0.0031969393014819047,0,highway_0,0,1174.0439439931988,1493.0439439931988,,-1026.5494146244448
47.8,llm_1,1495.5989169310658,-11.200000000000001,25.549729378669166,1000.0,,0.0031790176670766224,0.0031790176670766224,0.0031790176670766224,0.0031790176670766224,0.003147542244619217,0,highway_0,0,1176.5989169310658,1495.5989169310658,,-1026.549729378669
47.9,llm_1,1498.153920857999,-11.200000000000001,25.550039269331958,1000.0,,0.003129895694181317,0.003129895694181317,0.003129895694181317,0.003129895694181317,0.0030989066279119015,0,highway_0,0,1179.153920857999,1498.153920857999,,-1026.550039269332
48.0,llm_1,1500.70895529514,-11.200000000000001,25.550344371408908,1000.0,,0.003081530977182556,0.003081530977182556,0.003081530977182556,0.003081530977182556,0.0030510207695044755,0,highway_0,0,1181.70895529514,1500.70895529514,,-1026.550344371409
48.1,llm_1,1503.2639897322808,-11.200000000000001,25.550344371408908,1000.0,,0.0,0.0,0.0,0.0,0.0,0,highway_0,0,1184.2639897322808,1503.2639897322808,,-1026.550344371409
48.2,llm_1,1505.8190241694217,-11.200000000000001,25.550344371408908,1000.0,,0.0,0.0,0.0,0.0,0.0,0,highway_0,0,1186.8190241694217,1505.8190241694217,,-1026.550344371409
48.3,llm_1,1508.3740586065626,-11.200000000000001,25.550344371408908,1000.0,,0.0,0.0,0.0,0.0,0.0,0,highway_0,0,1189.3740586065626,1508.3740586065626,,-1026.550344371409
48.4,llm_1,1510.9290930437035,-11.200000000000001,25.550344371408908,1000.0,,0.0,0.0,0.0,0.0,0.0,0,highway_0,0,1191.9290930437035,1510.9290930437035,,-1026.550344371409
48.5,llm_1,1513.4841274808443,-11.200000000000001,25.550344371408908,1000.0,,0.0,0.0,0.0,0.0,0.0,0,highway_0,0,1194.4841274808443,1513.4841274808443,,-1026.550344371409
48.6,llm_1,1516.0391619179852,-11.200000000000001,25.550344371408908,1000.0,,0.0,0.0,0.0,0.0,0.0,0,highway_0,0,1197.0391619179852,1516.0391619179852,,-1026.550344371409
48.7,llm_1,1518.594196355126,-11.200000000000001,25.550344371408908,1000.0,,0.0,0.0,0.0,0.0,0.0,0,highway_0,0,1199.594196355126,1518.594196355126,,-1026.550344371409
48.8,llm_1,1521.149230792267,-11.200000000000001,25.550344371408908,1000.0,,0.0,0.0,0.0,0.0,0.0,0,highway_0,0,1202.149230792267,1521.149230792267,,-1026.550344371409
48.9,llm_1,1523.7042652294078,-11.200000000000001,25.550344371408908,1000.0,,0.0,0.0,0.0,0.0,0.0,0,highway_0,0,1204.7042652294078,1523.7042652294078,,-1026.550344371409
49.0,llm_1,1526.2592996665487,-11.200000000000001,25.550344371408908,1000.0,,0.0,0.0,0.0,0.0,0.0,0,highway_0,0,1207.2592996665487,1526.2592996665487,,-1026.550344371409
49.1,llm_1,1528.8143341036896,-11.200000000000001,25.550344371408908,1000.0,,0.0,0.0,0.0,0.0,0.0,0,highway_0,0,1209.8143341036896,1528.8143341036896,,-1026.550344371409
49.2,llm_1,1531.3693685408305,-11.200000000000001,25.550344371408908,1000.0,,0.0,0.0,0.0,0.0,0.0,0,highway_0,0,1212.3693685408305,1531.3693685408305,,-1026.550344371409
49.3,llm_1,1533.9244029779713,-11.200000000000001,25.550344371408908,1000.0,,0.0,0.0,0.0,0.0,0.0,0,highway_0,0,1214.9244029779713,1533.9244029779713,,-1026.550344371409
49.4,llm_1,1536.4794374151122,-11.200000000000001,25.550344371408908,1000.0,,0.0,0.0,0.0,0.0,0.0,0,highway_0,0,1217.4794374151122,1536.4794374151122,,-1026.550344371409
49.5,llm_1,1539.034471852253,-11.200000000000001,25.550344371408908,1000.0,,0.0,0.0,0.0,0.0,0.0,0,highway_0,0,1220.034471852253,1539.034471852253,,-1026.550344371409
49.6,llm_1,1541.589506289394,-11.200000000000001,25.550344371408908,1000.0,,0.0,0.0,0.0,0.0,0.0,0,highway_0,0,1222.589506289394,1541.589506289394,,-1026.550344371409
49.7,llm_1,1544.1445407265348,-11.200000000000001,25.550344371408908,1000.0,,0.0,0.0,0.0,0.0,0.0,0,highway_0,0,1225.1445407265348,1544.1445407265348,,-1026.550344371409
49.8,llm_1,1546.6995751636757,-11.200000000000001,25.550344371408908,1000.0,,0.0,0.0,0.0,0.0,0.0,0,highway_0,0,1227.6995751636757,1546.6995751636757,,-1026.550344371409
49.9,llm_1,1549.2546096008166,-11.200000000000001,25.550344371408908,1000.0,,0.0,0.0,0.0,0.0,0.0,0,highway_0,0,1230.2546096008166,1549.2546096008166,,-1026.550344371409
50.0,llm_1,1551.8096440379575,-11.200000000000001,25.550344371408908,1000.0,,0.0,0.0,0.0,0.0,0.0,0,highway_0,0,1232.8096440379575,1551.8096440379575,,-1026.550344371409
50.1,llm_1,1554.3646784750983,-11.200000000000001,25.550344371408908,1000.0,,0.0,0.0,0.0,0.0,0.0,0,highway_0,0,1235.3646784750983,1554.3646784750983,,-1026.550344371409
50.2,llm_1,1556.9197129122392,-11.200000000000001,25.550344371408908,1000.0,,0.0,0.0,0.0,0.0,0.0,0,highway_0,0,1237.9197129122392,1556.9197129122392,,-1026.550344371409
50.3,llm_1,1559.47474734938,-11.200000000000001,25.550344371408908,1000.0,,0.0,0.0,0.0,0.0,0.0,0,highway_0,0,1240.47474734938,1559.47474734938,,-1026.550344371409
50.4,llm_1,1562.029781786521,-11.200000000000001,25.550344371408908,1000.0,,0.0,0.0,0.0,0.0,0.0,0,highway_0,0,1243.029781786521,1562.029781786521,,-1026.550344371409
50.5,llm_1,1564.5848162236618,-11.200000000000001,25.550344371408908,1000.0,,0.0,0.0,0.0,0.0,0.0,0,highway_0,0,1245.5848162236618,1564.5848162236618,,-1026.550344371409
50.6,llm_1,1567.1398506608027,-11.200000000000001,25.550344371408908,1000.0,,0.0,0.0,0.0,0.0,0.0,0,highway_0,0,1248.1398506608027,1567.1398506608027,,-1026.550344371409
50.7,llm_1,1569.6948850979436,-11.200000000000001,25.550344371408908,1000.0,,0.0,0.0,0.0,0.0,0.0,0,highway_0,0,1250.6948850979436,1569.6948850979436,,-1026.550344371409
50.8,llm_1,1572.2499195350845,-11.200000000000001,25.550344371408908,1000.0,,0.0,0.0,0.0,0.0,0.0,0,highway_0,0,1253.2499195350845,1572.2499195350845,,-1026.550344371409
50.9,llm_1,1574.8049539722253,-11.200000000000001,25.550344371408908,1000.0,,0.0,0.0,0.0,0.0,0.0,0,highway_0,0,1255.8049539722253,1574.8049539722253,,-1026.550344371409
51.0,llm_1,1577.3599884093662,-11.200000000000001,25.550344371408908,1000.0,,0.0,0.0,0.0,0.0,0.0,0,highway_0,0,1258.3599884093662,1577.3599884093662,,-1026.550344371409
51.1,llm_1,1579.915022846507,-11.200000000000001,25.550344371408908,1000.0,,0.0,0.0,0.0,0.0,0.0,0,highway_0,0,1260.915022846507,1579.915022846507,,-1026.550344371409
51.2,llm_1,1582.470057283648,-11.200000000000001,25.550344371408908,1000.0,,0.0,0.0,0.0,0.0,0.0,0,highway_0,0,1263.470057283648,1582.470057283648,,-1026.550344371409
51.3,llm_1,1585.0102402356404,-11.200000000000001,25.401829519923762,1000.0,,-1.5,-1.5,-1.5,-1.5,-1.4851485148514598,0,highway_0,0,1266.0102402356404,1585.0102402356404,,-1026.4018295199237
51.4,llm_1,1587.5355717024843,-11.200000000000001,25.253314668438616,1000.0,,-1.5,-1.5,-1.5,-1.5,-1.4851485148514598,0,highway_0,0,1268.5355717024843,1587.5355717024843,,-1026.2533146684386
51.5,llm_1,1590.0460516841797,-11.200000000000001,25.10479981695347,1000.0,,-1.5,-1.5,-1.5,-1.5,-1.4851485148514598,0,highway_0,0,1271.0460516841797,1590.0460516841797,,-1026.1047998169536
51.6,llm_1,1592.5416801807266,-11.200000000000001,24.956284965468324,1000.0,,-1.5,-1.5,-1.5,-1.5,-1.4851485148514598,0,highway_0,0,1273.5416801807266,1592.5416801807266,,-1025.9562849654683
51.7,llm_1,1595.0224571921249,-11.200000000000001,24.807770113983178,1000.0,,-1.5,-1.5,-1.5,-1.5,-1.4851485148514598,0,highway_0,0,1276.0224571921249,1595.0224571921249,,-1025.8077701139832
51.8,llm_1,1597.4883827183746,-11.200000000000001,24.659255262498032,1000.0,,-1.5,-1.5,-1.5,-1.5,-1.4851485148514598,0,highway_0,0,1278.4883827183746,1597.4883827183746,,-1025.659255262498
51.9,llm_1,1599.939456759476,-11.200000000000001,24.510740411012886,1000.0,,-1.5,-1.5,-1.5,-1.5,-1.4851485148514598,0,highway_0,0,1280.939456759476,1599.939456759476,,-1025.5107404110129
52.0,llm_1,1602.3756793154287,-11.200000000000001,24.36222555952774,1000.0,,-1.5,-1.5,-1.5,-1.5,-1.4851485148514598,0,highway_0,0,1283.3756793154287,1602.3756793154287,,-1025.3622255595278
52.1,llm_1,1604.797050386233,-11.200000000000001,24.213710708042594,1000.0,,-1.5,-1.5,-1.5,-1.5,-1.4851485148514598,0,highway_0,0,1285.797050386233,1604.797050386233,,-1025.2137107080425
52.2,llm_1,1607.2035699718888,-11.200000000000001,24.065195856557448,1000.0,,-1.5,-1.5,-1.5,-1.5,-1.4851485148514598,0,highway_0,0,1288.2035699718888,1607.2035699718888,,-1025.0651958565575
52.3,llm_1,1609.5952380723961,-11.200000000000001,23.916681005072302,1000.0,,-1.5,-1.5,-1.5,-1.5,-1.4851485148514598,0,highway_0,0,1290.5952380723961,1609.5952380723961,,-1024.9166810050724
52.4,llm_1,1611.9869061729034,-11.200000000000001,23.916681005072302,1000.0,,0.0,0.0,0.0,0.0,0.0,0,highway_0,0,1292.9869061729034,1611.9869061729034,,-1024.9166810050724
52.5,llm_1,1614.3785742734108,-11.200000000000001,23.916681005072302,1000.0,,0.0,0.0,0.0,0.0,0.0,0,highway_0,0,1295.3785742734108,1614.3785742734108,,-1024.9166810050724
52.6,llm_1,1616.770242373918,-11.200000000000001,23.916681005072302,1000.0,,0.0,0.0,0.0,0.0,0.0,0,highway_0,0,1297.770242373918,1616.770242373918,,-1024.9166810050724
52.7,llm_1,1619.1619104744254,-11.200000000000001,23.916681005072302,1000.0,,0.0,0.0,0.0,0.0,0.0,0,highway_0,0,1300.1619104744254,1619.1619104744254,,-1024.9166810050724
52.8,llm_1,1621.5535785749328,-11.200000000000001,23.916681005072302,1000.0,,0.0,0.0,0.0,0.0,0.0,0,highway_0,0,1302.5535785749328,1621.5535785749328,,-1024.9166810050724
52.9,llm_1,1623.94524667544,-11.200000000000001,23.916681005072302,1000.0,,0.0,0.0,0.0,0.0,0.0,0,highway_0,0,1304.94524667544,1623.94524667544,,-1024.9166810050724
53.0,llm_1,1626.3369147759474,-11.200000000000001,23.916681005072302,1000.0,,0.0,0.0,0.0,0.0,0.0,0,highway_0,0,1307.3369147759474,1626.3369147759474,,-1024.9166810050724
53.1,llm_1,1628.7285828764548,-11.200000000000001,23.916681005072302,1000.0,,0.0,0.0,0.0,0.0,0.0,0,highway_0,0,1309.7285828764548,1628.7285828764548,,-1024.9166810050724
53.2,llm_1,1631.120250976962,-11.200000000000001,23.916681005072302,1000.0,,0.0,0.0,0.0,0.0,0.0,0,highway_0,0,1312.120250976962,1631.120250976962,,-1024.9166810050724
53.3,llm_1,1633.5119190774694,-11.200000000000001,23.916681005072302,1000.0,,0.0,0.0,0.0,0.0,0.0,0,highway_0,0,1314.5119190774694,1633.5119190774694,,-1024.9166810050724
53.4,llm_1,1635.9035871779768,-11.200000000000001,23.916681005072302,1000.0,,0.0,0.0,0.0,0.0,0.0,0,highway_0,0,1316.9035871779768,1635.9035871779768,,-1024.9166810050724
53.5,llm_1,1638.295255278484,-11.200000000000001,23.916681005072302,1000.0,,0.0,0.0,0.0,0.0,0.0,0,highway_0,0,1319.295255278484,1638.295255278484,,-1024.9166810050724
53.6,llm_1,1640.6869233789914,-11.200000000000001,23.916681005072302,1000.0,,0.0,0.0,0.0,0.0,0.0,0,highway_0,0,1321.6869233789914,1640.6869233789914,,-1024.9166810050724
53.7,llm_1,1643.0785914794988,-11.200000000000001,23.916681005072302,1000.0,,0.0,0.0,0.0,0.0,0.0,0,highway_0,0,1324.0785914794988,1643.0785914794988,,-1024.9166810050724
53.8,llm_1,1645.470259580006,-11.200000000000001,23.916681005072302,1000.0,,0.0,0.0,0.0,0.0,0.0,0,highway_0,0,1326.470259580006,1645.470259580006,,-1024.9166810050724
53.9,llm_1,1647.8619276805134,-11.200000000000001,23.916681005072302,1000.0,,0.0,0.0,0.0,0.0,0.0,0,highway_0,0,1328.8619276805134,1647.8619276805134,,-1024.9166810050724
54.0,llm_1,1650.2535957810207,-11.200000000000001,23.916681005072302,1000.0,,0.0,0.0,0.0,0.0,0.0,0,highway_0,0,1331.2535957810207,1650.2535957810207,,-1024.9166810050724
54.1,llm_1,1652.645263881528,-11.200000000000001,23.916681005072302,1000.0,,0.0,0.0,0.0,0.0,0.0,0,highway_0,0,1333.645263881528,1652.645263881528,,-1024.9166810050724
54.2,llm_1,1655.0369319820354,-11.200000000000001,23.916681005072302,1000.0,,0.0,0.0,0.0,0.0,0.0,0,highway_0,0,1336.0369319820354,1655.0369319820354,,-1024.9166810050724
54.3,llm_1,1657.4286000825427,-11.200000000000001,23.916681005072302,1000.0,,0.0,0.0,0.0,0.0,0.0,0,highway_0,0,1338.4286000825427,1657.4286000825427,,-1024.9166810050724
54.4,llm_1,1659.82026818305,-11.200000000000001,23.916681005072302,1000.0,,0.0,0.0,0.0,0.0,0.0,0,highway_0,0,1340.82026818305,1659.82026818305,,-1024.9166810050724
54.5,llm_1,1662.2119362835574,-11.200000000000001,23.916681005072302,1000.0,,0.0,0.0,0.0,0.0,0.0,0,highway_0,0,1343.2119362835574,1662.2119362835574,,-1024.9166810050724
54.6,llm_1,1664.6036043840647,-11.200000000000001,23.916681005072302,1000.0,,0.0,0.0,0.0,0.0,0.0,0,highway_0,0,1345.6036043840647,1664.6036043840647,,-1024.9166810050724
54.7,llm_1,1666.995272484572,-11.200000000000001,23.916681005072302,1000.0,,0.0,0.0,0.0,0.0,0.0,0,highway_0,0,1347.995272484572,1666.995272484572,,-1024.9166810050724
54.8,llm_1,1669.3869405850794,-11.200000000000001,23.916681005072302,1000.0,,0.0,0.0,0.0,0.0,0.0,0,highway_0,0,1350.3869405850794,1669.3869405850794,,-1024.9166810050724
54.9,llm_1,1671.7786086855867,-11.200000000000001,23.916681005072302,1000.0,,0.0,0.0,0.0,0.0,0.0,0,highway_0,0,1352.7786086855867,1671.7786086855867,,-1024.9166810050724
55.0,llm_1,1674.170276786094,-11.200000000000001,23.916681005072302,1000.0,,0.0,0.0,0.0,0.0,0.0,0,highway_0,0,1355.170276786094,1674.170276786094,,-1024.9166810050724
55.1,llm_1,1676.5619448866014,-11.200000000000001,23.916681005072302,1000.0,,0.0,0.0,0.0,0.0,0.0,0,highway_0,0,1357.5619448866014,1676.5619448866014,,-1024.9166810050724
55.2,llm_1,1678.9536129871087,-11.200000000000001,23.916681005072302,1000.0,,0.0,0.0,0.0,0.0,0.0,0,highway_0,0,1359.9536129871087,1678.9536129871087,,-1024.9166810050724
55.3,llm_1,1681.3476037108674,-11.200000000000001,23.939907237586112,1000.0,,0.23458494838947208,0.23458494838947208,0.23458494838947208,0.23458494838947208,0.23226232513810174,0,highway_0,0,1362.3476037108674,1681.3476037108674,,-1024.939907237586
55.4,llm_1,1683.743887576616,-11.200000000000001,23.962838657488216,1000.0,,0.23160734101125224,0.23160734101125224,0.23160734101125224,0.23160734101125224,0.2293141990210401,0,highway_0,0,1364.743887576616,1683.743887576616,,-1024.9628386574882
55.5,llm_1,1686.142435393,-11.200000000000001,23.985478163838224,1000.0,,0.22865901413508571,0.22865901413508571,0.22865901413508571,0.22865901413508571,0.2263950635000711,0,highway_0,0,1367.142435393,1686.142435393,,-1024.9854781638383
55.6,llm_1,1688.5432182579364,-11.200000000000001,24.00782864936537,1000.0,,0.22573990382414244,0.22573990382414244,0.22573990382414244,0.22573990382414244,0.22350485527145025,0,highway_0,0,1369.5432182579364,1688.5432182579364,,-1025.0078286493654
55.7,llm_1,1690.9462075579204,-11.200000000000001,24.029892999839593,1000.0,,0.2228499397896775,0.2228499397896775,0.2228499397896775,0.2228499397896775,0.2206435047422417,0,highway_0,0,1371.9462075579204,1690.9462075579204,,-1025.0298929998396
55.8,llm_1,1693.3513749672663,-11.200000000000001,24.05167409345971,1000.0,,0.21998904556318488,0.21998904556318488,0.21998904556318488,0.21998904556318488,0.2178109362011682,0,highway_0,0,1374.3513749672663,1693.3513749672663,,-1025.0516740934597
55.9,llm_1,1695.758692447292,-11.200000000000001,24.0731748002585,1000.0,,0.21715713866779673,0.21715713866779673,0.21715713866779673,0.21715713866779673,0.21500706798789793,0,highway_0,0,1376.758692447292,1695.758692447292,,-1025.0731748002586
56.0,llm_1,1698.1681322454447,-11.200000000000001,24.09439798152472,1000.0,,0.21435413078881183,0.21435413078881183,0.21435413078881183,0.21435413078881183,0.21223181266218916,0,highway_0,0,1379.1681322454447,1698.1681322454447,,-1025.0943979815247
56.1,llm_1,1700.5796668943688,-11.200000000000001,24.11534648924187,1000.0,,0.21157992794323466,0.21157992794323466,0.21157992794323466,0.21157992794323466,0.20948507717150733,0,highway_0,0,1381.5796668943688,1700.5796668943688,,-1025.1153464892418
56.2,llm_1,1702.993269210923,-11.200000000000001,24.136023165543673,1000.0,,0.20883443064821028,0.20883443064821028,0.20883443064821028,0.20883443064821028,0.2067667630180381,0,highway_0,0,1383.993269210923,1702.993269210923,,-1025.1360231655437
56.3,llm_1,1705.4089122951416,-11.200000000000001,24.156430842186076,1000.0,,0.20611753408825328,0.20611753408825328,0.20611753408825328,0.20611753408825328,0.2040767664240306,0,highway_0,0,1386.4089122951416,1705.4089122951416,,-1025.1564308421862
56.4,llm_1,1707.8265695291452,-11.200000000000001,24.176572340035698,1000.0,,0.20342912828116388,0.20342912828116388,0.20342912828116388,0.20342912828116388,0.20141497849621715,0,highway_0,0,1388.8265695291452,1707.8265695291452,,-1025.1765723400356
56.5,llm_1,1710.2462145760028,-11.200000000000001,24.196450468574564,1000.0,,0.2007690982425392,0.2007690982425392,0.2007690982425392,0.2007690982425392,0.19878128538866946,0,highway_0,0,1391.2462145760028,1710.2462145760028,,-1025.1964504685745
56.6,llm_1,1712.6678213785449,-11.200000000000001,24.216068025420977,1000.0,,0.19813732414878515,0.19813732414878515,0.19813732414878515,0.19813732414878515,0.19617556846412754,0,highway_0,0,1393.6678213785449,1712.6678213785449,,-1025.216068025421
56.7,llm_1,1715.0913641581315,-11.200000000000001,24.23542779586638,1000.0,,0.1955336814985439,0.1955336814985439,0.1955336814985439,0.1955336814985439,0.1935977044540138,0,highway_0,0,1396.0913641581315,1715.0913641581315,,-1025.2354277958664
56.8,llm_1,1717.5198221101045,-11.200000000000001,24.284579519730855,1000.0,,0.49643241103119584,0.49643241103119584,0.49643241103119584,0.49643241103119584,0.4915172386447608,0,highway_0,0,1398.5198221101045,1717.5198221101045,,-1025.2845795197309
56.9,llm_1,1719.9531546644262,-11.200000000000001,24.333325543216986,1000.0,,0.49233483720992266,0.49233483720992266,0.49233483720992266,0.49233483720992266,0.4874602348613166,0,highway_0,0,1400.9531546644262,1719.9531546644262,,-1025.333325543217
57.0,llm_1,1722.3913213418898,-11.200000000000001,24.38166677463535,1000.0,,0.48824643732543194,0.48824643732543194,0.48824643732543194,0.48824643732543194,0.4834123141836244,0,highway_0,0,1403.3913213418898,1722.3913213418898,,-1025.3816667746353
57.1,llm_1,1724.8342817584619,-11.200000000000001,24.42960416572017,1000.0,,0.48416764995672945,0.48416764995672945,0.48416764995672945,0.48416764995672945,0.4793739108482242,0,highway_0,0,1405.8342817584619,1724.8342817584619,,-1025.42960416572
57.2,llm_1,1727.281995629566,-11.200000000000001,24.477138711041285,1000.0,,0.4800989077432495,0.4800989077432495,0.4800989077432495,0.4800989077432495,0.4753454532111334,0,highway_0,0,1408.281995629566,1727.281995629566,,-1025.4771387110413
57.3,llm_1,1729.7344227743063,-11.200000000000001,24.52427144740386,1000.0,,0.47604063726200685,0.47604063726200685,0.47604063726200685,0.47604063726200685,0.4713273636257398,0,highway_0,0,1410.7344227743063,1729.7344227743063,,-1025.5242714474039
57.4,llm_1,1732.19152311963,-11.200000000000001,24.571003453236536,1000.0,,0.4719932589100435,0.4719932589100435,0.4719932589100435,0.4719932589100435,0.46732005832677004,0,highway_0,0,1413.19152311963,1732.19152311963,,-1025.5710034532365
57.5,llm_1,1734.6532567044267,-11.200000000000001,24.617335847968434,1000.0,,0.4679571867921798,0.4679571867921798,0.4679571867921798,0.4679571867921798,0.4633239473189832,0,highway_0,0,1415.6532567044267,1734.6532567044267,,-1025.6173358479684
57.6,llm_1,1737.1195836835661,-11.200000000000001,24.66326979139557,1000.0,,0.46393282861409746,0.46393282861409746,0.46393282861409746,0.46393282861409746,0.4593394342713708,0,highway_0,0,1418.1195836835661,1737.1195836835661,,-1025.6632697913956
57.7,llm_1,1739.59046433187,-11.200000000000001,24.70880648303723,1000.0,,0.45992058558075677,0.45992058558075677,0.45992058558075677,0.45992058558075677,0.45536691641657967,0,highway_0,0,1420.59046433187,1739.59046433187,,-1025.7088064830373
57.8,llm_1,1742.0658590480182,-11.200000000000001,24.753947161482788,1000.0,,0.4559208523001592,0.4559208523001592,0.4559208523001592,0.4559208523001592,0.45140678445559246,0,highway_0,0,1423.0658590480182,1742.0658590480182,,-1025.7539471614828
57.9,llm_1,1744.5457283583912,-11.200000000000001,24.798693103729565,1000.0,,0.45193401669244515,0.45193401669244515,0.45193401669244515,0.45193401669244515,0.44745942246777304,0,highway_0,0,1425.5457283583912,1744.5457283583912,,-1025.7986931037296
58.0,llm_1,1747.0300329208424,-11.200000000000001,24.843045624512175,1000.0,,0.44796045990432787,0.44796045990432787,0.44796045990432787,0.44796045990432787,0.4435252078260987,0,highway_0,0,1428.0300329208424,1747.0300329208424,,-1025.8430456245121
58.1,llm_1,1749.5187335284047,-11.200000000000001,24.88700607562394,1000.0,,0.4440005562288436,0.4440005562288436,0.4440005562288436,0.4440005562288436,0.43960451111765053,0,highway_0,0,1430.5187335284047,1749.5187335284047,,-1025.887006075624
58.2,llm_1,1752.0117911129278,-11.200000000000001,24.930575845230912,1000.0,,0.44005467303040324,0.44005467303040324,0.44005467303040324,0.44005467303040324,0.43569769606971676,0,highway_0,0,1433.0117911129278,1752.0117911129278,,-1025.9305758452308
58.3,llm_1,1754.5091667486456,-11.200000000000001,24.973756357178946,1000.0,,0.43612317067511475,0.43612317067511475,0.43612317067511475,0.43612317067511475,0.4318051194803374,0,highway_0,0,1435.5091667486456,1754.5091667486456,,-1025.973756357179
58.4,llm_1,1757.010821655675,-11.200000000000001,25.016549070294424,1000.0,,0.43220640246635833,0.43220640246635833,0.43220640246635833,0.43220640246635833,0.42792713115478165,0,highway_0,0,1438.010821655675,1757.010821655675,,-1026.0165490702943
58.5,llm_1,1759.516717203443,-11.200000000000001,25.058955477679135,1000.0,,0.4283047145855653,0.4283047145855653,0.4283047145855653,0.4283047145855653,0.42406407384710576,0,highway_0,0,1440.516717203443,1759.516717203443,,-1026.058955477679
58.6,llm_1,1762.026814914043,-11.200000000000001,25.100977105999746,1000.0,,0.42441844603817047,0.42441844603817047,0.42441844603817047,0.42441844603817047,0.42021628320611626,0,highway_0,0,1443.026814914043,1762.026814914043,,-1026.1009771059998
58.7,llm_1,1764.54107646552,-11.200000000000001,25.142615514772487,1000.0,,0.4205479286046928,0.4205479286046928,0.4205479286046928,0.4205479286046928,0.4163840877274083,0,highway_0,0,1445.54107646552,1764.54107646552,,-1026.1426155147724
58.8,llm_1,1767.0594636950843,-11.200000000000001,25.183872295643468,1000.0,,0.4166934867968888,0.4166934867968888,0.4166934867968888,0.4166934867968888,0.41256780870980947,0,highway_0,0,1448.0594636950843,1767.0594636950843,,-1026.1838722956434
58.9,llm_1,1769.5819386022508,-11.200000000000001,25.224749071665144,1000.0,,0.41285543781892997,0.41285543781892997,0.41285543781892997,0.41285543781892997,0.40876776021676164,0,highway_0,0,1450.5819386022508,1769.5819386022508,,-1026.2247490716652
59.0,llm_1,1772.1084633519079,-11.200000000000001,25.265247496569454,1000.0,,0.40903409153354886,0.40903409153354886,0.40903409153354886,0.40903409153354886,0.40498424904310326,0,highway_0,0,1453.1084633519079,1772.1084633519079,,-1026.2652474965694
59.1,llm_1,1774.6390002773117,-11.200000000000001,25.305369254038077,1000.0,,0.40522975043308196,0.40522975043308196,0.40522975043308196,0.40522975043308196,0.4012175746862212,0,highway_0,0,1455.6390002773117,1774.6390002773117,,-1026.3053692540382
59.2,llm_1,1777.1735118830086,-11.200000000000001,25.345116056970287,1000.0,,0.40144270961535233,0.40144270961535233,0.40144270961535233,0.40144270961535233,0.39746802932210556,0,highway_0,0,1458.1735118830086,1777.1735118830086,,-1026.3451160569703
59.3,llm_1,1779.7119608476835,-11.200000000000001,25.384489646748932,1000.0,,0.39767325676431986,0.39767325676431986,0.39767325676431986,0.39767325676431986,0.39373589778644913,0,highway_0,0,1460.7119608476835,1779.7119608476835,,-1026.384489646749
59.4,llm_1,1782.254310026934,-11.200000000000001,25.423491792504915,1000.0,,0.3939216721354196,0.3939216721354196,0.3939216721354196,0.3939216721354196,0.39002145755983264,0,highway_0,0,1463.254310026934,1782.254310026934,,-1026.4234917925048
59.5,llm_1,1784.8005224559722,-11.200000000000001,25.462124290380707,1000.0,,0.3901882285455217,0.3901882285455217,0.3901882285455217,0.3901882285455217,0.38632497875791927,0,highway_0,0,1465.8005224559722,1784.8005224559722,,-1026.4621242903806
59.6,llm_1,1787.3505613522516,-11.200000000000001,25.500388962793323,1000.0,,0.38647319136742464,0.38647319136742464,0.38647319136742464,0.38647319136742464,0.3826467241261611,0,highway_0,0,1468.3505613522516,1787.3505613522516,,-1026.5003889627933
59.7,llm_1,1789.9043901180214,-11.200000000000001,25.538287657697165,1000.0,,0.38277681852879697,0.38277681852879697,0.38277681852879697,0.38277681852879697,0.37898694903841346,0,highway_0,0,1470.9043901180214,1789.9043901180214,,-1026.538287657697
59.8,llm_1,1792.4619723428061,-11.200000000000001,25.575822247847213,1000.0,,0.37909936051549387,0.37909936051549387,0.37909936051549387,0.37909936051549387,0.37534590150048786,0,highway_0,0,1473.4619723428061,1792.4619723428061,,-1026.575822247847
59.9,llm_1,1795.0190609846895,-11.200000000000001,25.5708864188336,1000.0,,-0.049851873037538574,-0.049851873037538574,-0.049851873037538574,-0.049851873037538574,-0.04935829013614779,0,highway_0,0,1476.0190609846895,1795.0190609846895,,-1026.5708864188337
60.0,llm_1,1797.5756310676134,-11.200000000000001,25.565700829237336,1000.0,,-0.05237445492222714,-0.05237445492222714,-0.05237445492222714,-0.05237445492222714,-0.05185589596262474,0,highway_0,0,1478.5756310676134,1797.5756310676134,,-1026.5657008292374
