time,id,x,y,speed,headway,leader_id,target_accel_with_noise_with_failsafe,target_accel_no_noise_no_failsafe,target_accel_with_noise_no_failsafe,target_accel_no_noise_with_failsafe,realized_accel,road_grade,edge_id,lane_number,distance,relative_position,follower_id,leader_rel_speed
0,ego_0,324.0,-8.0,20.5,1000.0,,,,,,0,0,highway_0,1,0.0,324.0,,-1021.5
0.1,ego_0,326.0577422067901,-8.0,20.577422067901235,1000.0,,0.7819628858024691,0.7819628858024691,0.7819628858024691,0.7819628858024691,0.7742206790123518,0,highway_0,1,2.057742206790124,326.0577422067901,,-1021.5774220679012
0.2,ego_0,328.1231938229669,-8.0,20.654516161767777,1000.0,,0.7786503480520746,0.7786503480520746,0.7786503480520746,0.7786503480520746,0.7709409386654187,0,highway_0,1,4.123193822966925,328.1231938229669,,-1021.6545161617678
0.3,ego_0,330.19632182013385,-8.0,20.731279971668997,1000.0,,0.7753144800023382,0.7753144800023382,0.7753144800023382,0.7753144800023382,0.7676380990121956,0,highway_0,1,6.196321820133846,330.19632182013385,,-1021.731279971669
0.4,ego_0,332.27709294186525,-8.0,20.807711217314278,1000.0,,0.7719555810173349,0.7719555810173349,0.7719555810173349,0.7719555810173349,0.7643124564528136,0,highway_0,1,8.277092941865249,332.27709294186525,,-1021.8077112173142
0.5,ego_0,334.36547370674225,-8.0,20.883807648770293,1000.0,,0.7685739577057377,0.7685739577057377,0.7685739577057377,0.7685739577057377,0.7609643145601552,0,highway_0,1,10.36547370674225,334.36547370674225,,-1021.8838076487702
0.6,ego_0,336.46143041145905,-8.0,20.959567047168086,1000.0,,0.7651699238177089,0.7651699238177089,0.7651699238177089,0.7651699238177089,0.7575939839779267,0,highway_0,1,12.461430411459048,336.46143041145905,,-1021.9595670471681
0.7,ego_0,338.564929133999,-8.0,21.034987225399483,1000.0,,0.7617438001371016,0.7617438001371016,0.7617438001371016,0.7617438001371016,0.7542017823139702,0,highway_0,1,14.564929133998987,338.564929133999,,-1022.0349872253995
0.8,ego_0,340.67593573687924,-8.0,21.110066028802358,1000.0,,0.7582959143690431,0.7582959143690431,0.7582959143690431,0.7582959143690431,0.7507880340287443,0,highway_0,1,16.67593573687924,340.67593573687924,,-1022.1100660288024
0.9,ego_0,342.7944158704627,-8.0,21.184801335834333,1000.0,,0.7548266010229694,0.7548266010229694,0.7548266010229694,0.7548266010229694,0.747353070319754,0,highway_0,1,18.79441587046267,342.7944158704627,,-1022.1848013358343
1.0,ego_0,344.9203349763361,-8.0,21.25919105873445,1000.0,,0.7513362012911924,0.7513362012911924,0.7513362012911924,0.7513362012911924,0.7438972290011847,0,highway_0,1,20.920334976336108,344.9203349763361,,-1022.2591910587345
1.1,ego_0,347.05365829075333,-8.0,21.333233144172382,1000.0,,0.7478250629230792,0.7478250629230792,0.7478250629230792,0.7478250629230792,0.7404208543793089,0,highway_0,1,23.053658290753333,347.05365829075333,,-1022.3332331441724
1.2,ego_0,349.1943508481418,-8.0,21.406925573884752,1000.0,,0.7442935400949351,0.7442935400949351,0.7442935400949351,0.7442935400949351,0.7369242971237,0,highway_0,1,25.194350848141823,349.1943508481418,,-1022.4069255738848
1.3,ego_0,351.34237748467166,-8.0,21.48026636529819,1000.0,,0.740741993275682,0.740741993275682,0.740741993275682,0.740741993275682,0.7334079141343608,0,highway_0,1,27.34237748467166,351.34237748467166,,-1022.4802663652982
1.4,ego_0,353.49770284188554,-8.0,21.553253572138626,1000.0,,0.7371707890884289,0.7371707890884289,0.7371707890884289,0.7371707890884289,0.7298720684043758,0,highway_0,1,29.49770284188554,353.49770284188554,,-1022.5532535721386
1.5,ego_0,355.6602913703882,-8.0,21.625885285026552,1000.0,,0.733580300168041,0.733580300168041,0.733580300168041,0.733580300168041,0.7263171288792591,0,highway_0,1,31.660291370388222,355.6602913703882,,-1022.6258852850266
1.6,ego_0,357.830107333594,-8.0,21.69815963205772,1000.0,,0.7299709050148108,0.7299709050148108,0.7299709050148108,0.7299709050148108,0.7227434703116842,0,highway_0,1,33.830107333594015,357.830107333594,,-1022.6981596320577
1.7,ego_0,360.0071148115309,-8.0,21.770074779369043,1000.0,,0.7263429878443475,0.7263429878443475,0.7263429878443475,0.7263429878443475,0.7191514731132287,0,highway_0,1,36.007114811530926,360.0071148115309,,-1022.770074779369
1.8,ego_0,362.19127770469987,-8.0,21.841628931689222,1000.0,,0.7226969384337967,0.7226969384337967,0.7226969384337967,0.7226969384337967,0.7155415232017859,0,highway_0,1,38.19127770469987,362.19127770469987,,-1022.8416289316892
1.9,ego_0,364.38255973798726,-8.0,21.912820332873828,1000.0,,0.7190331519645153,0.7190331519645153,0.7190331519645153,0.7190331519645153,0.7119140118460621,0,highway_0,1,40.382559737987265,364.38255973798726,,-1022.9128203328738
2.0,ego_0,366.58092446462973,-8.0,21.983647266424455,1000.0,,0.7153520288613222,0.7153520288613222,0.7153520288613222,0.7153520288613222,0.708269335506273,0,highway_0,1,42.58092446462973,366.58092446462973,,-1022.9836472664244
2.1,ego_0,368.7863352702289,-8.0,22.05410805599163,1000.0,,0.7116539746284574,0.7116539746284574,0.7116539746284574,0.7116539746284574,0.7046078956717494,0,highway_0,1,44.7863352702289,368.7863352702289,,-1023.0541080559916
2.2,ego_0,370.99875537681504,-8.0,22.124201065861172,1000.0,,0.7079393996823782,0.7079393996823782,0.7079393996823782,0.7079393996823782,0.7009300986954159,0,highway_0,1,46.99875537681504,370.99875537681504,,-1023.1242010658611
2.3,ego_0,373.21814784695744,-8.0,22.1939247014237,1000.0,,0.7042087191815318,0.7042087191815318,0.7042087191815318,0.7042087191815318,0.6972363556252859,0,highway_0,1,49.218147846957436,373.21814784695744,,-1023.1939247014237
2.4,ego_0,375.4444755879201,-8.0,22.263277409626994,1000.0,,0.7004623528532399,0.7004623528532399,0.7004623528532399,0.7004623528532399,0.6935270820329364,0,highway_0,1,51.444475587920124,375.4444755879201,,-1023.263277409627
2.5,ego_0,377.67770135586125,-8.0,22.33225767941094,1000.0,,0.6967007248178414,0.6967007248178414,0.6967007248178414,0.6967007248178414,0.6898026978394611,0,highway_0,1,53.677701355861245,377.67770135586125,,-1023.332257679411
2.6,ego_0,379.91778776007374,-8.0,22.400864042124823,1000.0,,0.692924263410236,0.692924263410236,0.692924263410236,0.692924263410236,0.6860636271388287,0,highway_0,1,55.917787760073736,379.91778776007374,,-1023.4008640421248
2.7,ego_0,382.16469726726643,-8.0,22.469095071926702,1000.0,,0.6891334009989791,0.6891334009989791,0.6891334009989791,0.6891334009989791,0.6823102980187912,0,highway_0,1,58.16469726726643,382.16469726726643,,-1023.4690950719267
2.8,ego_0,384.4183922058829,-8.0,22.536949386164633,1000.0,,0.6853285738030745,0.6853285738030745,0.6853285738030745,0.6853285738030745,0.6785431423793042,0,highway_0,1,60.418392205882924,384.4183922058829,,-1023.5369493861647
2.9,ego_0,386.6788347704569,-8.0,22.604425645739546,1000.0,,0.6815102217066251,0.6815102217066251,0.6815102217066251,0.6815102217066251,0.6747625957491366,0,highway_0,1,62.67883477045689,386.6788347704569,,-1023.6044256457395
3.0,ego_0,388.94598702600183,-8.0,22.671522555449595,1000.0,,0.6776787880714912,0.6776787880714912,0.6776787880714912,0.6776787880714912,0.6709690971004889,0,highway_0,1,64.94598702600183,388.94598702600183,,-1023.6715225554495
3.1,ego_0,391.2198109124334,-8.0,22.738238864315747,1000.0,,0.6738347195481145,0.6738347195481145,0.6738347195481145,0.6738347195481145,0.6671630886615176,0,highway_0,1,67.21981091243339,391.2198109124334,,-1023.7382388643157
3.2,ego_0,393.5002682490222,-8.0,22.804573365888487,1000.0,,0.6699784658846691,0.6699784658846691,0.6699784658846691,0.6699784658846691,0.6633450157274012,0,highway_0,1,69.50026824902221,393.5002682490222,,-1023.8045733658885
3.3,ego_0,395.78732073887574,-8.0,22.87052489853549,1000.0,,0.6661104797346995,0.6661104797346995,0.6661104797346995,0.6661104797346995,0.6595153264700215,0,highway_0,1,71.78732073887574,395.78732073887574,,-1023.8705248985355
3.4,ego_0,398.08092997344676,-8.0,22.936092345710087,1000.0,,0.6622312164634039,0.6622312164634039,0.6622312164634039,0.6622312164634039,0.655674471745975,0,highway_0,1,74.08092997344676,398.08092997344676,,-1023.9360923457101
3.5,ego_0,400.38105743706683,-8.0,23.001274636200456,1000.0,,0.6583411339527312,0.6583411339527312,0.6583411339527312,0.6583411339527312,0.6518229049036961,0,highway_0,1,76.38105743706683,400.38105743706683,,-1024.0012746362004
3.6,ego_0,402.68766451150276,-8.0,23.06607074435941,1000.0,,0.6544406924054518,0.6544406924054518,0.6544406924054518,0.6544406924054518,0.6479610815895498,0,highway_0,1,78.68766451150276,402.68766451150276,,-1024.0660707443594
3.7,ego_0,405.0007124805342,-8.0,23.130479690314697,1000.0,,0.6505303541483655,0.6505303541483655,0.6505303541483655,0.6505303541483655,0.644089459552859,0,highway_0,1,81.00071248053422,405.0007124805342,,-1024.1304796903146
3.8,ego_0,407.3201625345502,-8.0,23.19450054015973,1000.0,,0.6466105834348149,0.6466105834348149,0.6466105834348149,0.6466105834348149,0.6402084984503276,0,highway_0,1,83.3201625345502,407.3201625345502,,-1024.1945005401597
3.9,ego_0,409.6459757751627,-8.0,23.258132406124744,1000.0,,0.6426818462466674,0.6426818462466674,0.6426818462466674,0.6426818462466674,0.6363186596501436,0,highway_0,1,85.6459757751627,409.6459757751627,,-1024.2581324061248
4.0,ego_0,411.9781132198355,-8.0,23.321374446728303,1000.0,,0.638744610095928,0.638744610095928,0.638744610095928,0.638744610095928,0.6324204060355854,0,highway_0,1,87.9781132198355,411.9781132198355,,-1024.3213744467282
4.1,ego_0,414.3165358065264,-8.0,23.384225866909112,1000.0,,0.6347993438261509,0.6347993438261509,0.6347993438261509,0.6347993438261509,0.6285142018080947,0,highway_0,1,90.31653580652642,414.3165358065264,,-1024.3842258669092
4.2,ego_0,416.66120439834026,-8.0,23.4466859181382,1000.0,,0.6308465174138129,0.6308465174138129,0.6308465174138129,0.6308465174138129,0.6246005122908826,0,highway_0,1,92.66120439834026,416.66120439834026,,-1024.4466859181382
4.3,ego_0,419.0120797881914,-8.0,23.50875389851145,1000.0,,0.6268866017698105,0.6268866017698105,0.6268866017698105,0.6268866017698105,0.6206798037325001,0,highway_0,1,95.01207978819139,419.0120797881914,,-1024.5087538985115
4.4,ego_0,421.36912270347364,-8.0,23.570429152822467,1000.0,,0.6229200685412419,0.6229200685412419,0.6229200685412419,0.6229200685412419,0.6167525431101595,0,highway_0,1,97.36912270347364,421.36912270347364,,-1024.5704291528225
4.5,ego_0,423.7322938107352,-8.0,23.631711072615897,1000.0,,0.6189473899136404,0.6189473899136404,0.6189473899136404,0.6189473899136404,0.6128191979343001,0,highway_0,1,99.7322938107352,423.7322938107352,,-1024.6317110726159
4.6,ego_0,426.10155372035734,-8.0,23.692599096221223,1000.0,,0.6149690384138112,0.6149690384138112,0.6149690384138112,0.6149690384138112,0.6088802360532597,0,highway_0,1,102.10155372035734,426.10155372035734,,-1024.6925990962213
4.7,ego_0,428.47686299123404,-8.0,23.753092708767106,1000.0,,0.6109854867134349,0.6109854867134349,0.6109854867134349,0.6109854867134349,0.6049361254588348,0,highway_0,1,104.47686299123404,428.47686299123404,,-1024.753092708767
4.8,ego_0,430.85818213545167,-8.0,23.81319144217637,1000.0,,0.6069972074335914,0.6069972074335914,0.6069972074335914,0.6069972074335914,0.6009873340926575,0,highway_0,1,106.85818213545167,430.85818213545167,,-1024.8131914421763
4.9,ego_0,433.24547162296585,-8.0,23.872894875141753,1000.0,,0.6030046729503595,0.6030046729503595,0.6030046729503595,0.6030046729503595,0.5970343296538161,0,highway_0,1,109.24547162296585,433.24547162296585,,-1024.8728948751418
5.0,ego_0,435.6386918862741,-8.0,23.93220263308251,1000.0,,0.5990083552016434,0.5990083552016434,0.5990083552016434,0.5990083552016434,0.5930775794075771,0,highway_0,1,111.6386918862741,435.6386918862741,,-1024.9322026330824
5.1,ego_0,438.03780332508234,-8.0,23.991114388082053,1000.0,,0.5950087254953766,0.5950087254953766,0.5950087254953766,0.5950087254953766,0.5891175499954215,0,highway_0,1,114.03780332508234,438.03780332508234,,-1024.991114388082
5.2,ego_0,440.442766310963,-8.0,24.049629858806732,1000.0,,0.5910062543192485,0.5910062543192485,0.5910062543192485,0.5910062543192485,0.5851547072467866,0,highway_0,1,116.44276631096301,440.442766310963,,-1025.0496298588068
5.3,ego_0,442.8535411920036,-8.0,24.10774881040595,1000.0,,0.5870014111520969,0.5870014111520969,0.5870014111520969,0.5870014111520969,0.5811895159921932,0,highway_0,1,118.8535411920036,442.8535411920036,,-1025.107748810406
5.4,ego_0,445.270088297443,-8.0,24.165471054393784,1000.0,,0.5829946642771144,0.5829946642771144,0.5829946642771144,0.5829946642771144,0.5772224398783266,0,highway_0,1,121.27008829744301,445.270088297443,,-1025.1654710543937
5.5,ego_0,447.69236794229425,-8.0,24.222796448512298,1000.0,,0.5789864805969975,0.5789864805969975,0.5789864805969975,0.5789864805969975,0.5732539411851434,0,highway_0,1,123.69236794229425,447.69236794229425,,-1025.2227964485123
5.6,ego_0,450.1203404319519,-8.0,24.279724896576774,1000.0,,0.5749773254511784,0.5749773254511784,0.5749773254511784,0.5749773254511784,0.5692844806447539,0,highway_0,1,126.12034043195194,450.12034043195194,,-1025.2797248965767
5.7,ego_0,452.5539660667823,-8.0,24.33625634830304,1000.0,,0.570967662435272,0.570967662435272,0.570967662435272,0.570967662435272,0.5653145172626495,0,highway_0,1,128.55396606678227,452.55396606678227,,-1025.336256348303
5.8,ego_0,454.993205146694,-8.0,24.392390799117184,1000.0,,0.5669579532228624,0.5669579532228624,0.5669579532228624,0.5669579532228624,0.5613445081414525,0,highway_0,1,130.99320514669398,454.993205146694,,-1025.3923907991173
5.9,ego_0,457.4380179756887,-8.0,24.448128289947853,1000.0,,0.5629486573897564,0.5629486573897564,0.5629486573897564,0.5629486573897564,0.5573749083066915,0,highway_0,1,133.43801797568875,457.43801797568875,,-1025.4481282899478
6.0,ego_0,459.88836486638894,-8.0,24.5034689070014,1000.0,,0.558940232240822,0.558940232240822,0.558940232240822,0.558940232240822,0.5534061705354532,0,highway_0,1,135.88836486638888,459.8883648663889,,-1025.5034689070014
6.1,ego_0,462.34420614454086,-8.0,24.55841278152016,1000.0,,0.5549331326395293,0.5549331326395293,0.5549331326395293,0.5549331326395293,0.5494387451876293,0,highway_0,1,138.34420614454092,462.3442061445409,,-1025.5584127815202
6.2,ego_0,464.80550215349336,-8.0,24.61296008952415,1000.0,,0.5509278108403062,0.5509278108403062,0.5509278108403062,0.5509278108403062,0.5454730800398977,0,highway_0,1,140.8055021534933,464.8055021534933,,-1025.6129600895242
6.3,ego_0,467.27221325864696,-8.0,24.66711105153641,1000.0,,0.54692471632382,0.54692471632382,0.54692471632382,0.54692471632382,0.5415096201225822,0,highway_0,1,143.27221325864696,467.27221325864696,,-1025.6671110515365
6.4,ego_0,469.7442998518762,-8.0,24.720865932292376,1000.0,,0.5429242956352816,0.5429242956352816,0.5429242956352816,0.5429242956352816,0.5375488075596735,0,highway_0,1,145.74429985187618,469.7442998518762,,-1025.7208659322923
6.5,ego_0,472.22172235591955,-8.0,24.774225040433553,1000.0,,0.5389269922258803,0.5389269922258803,0.5389269922258803,0.5389269922258803,0.5335910814117639,0,highway_0,1,148.22172235591955,472.22172235591955,,-1025.7742250404335
6.6,ego_0,474.7044412287381,-8.0,24.827188728185774,1000.0,,0.5349332462974397,0.5349332462974397,0.5349332462974397,0.5349332462974397,0.5296368775222149,0,highway_0,1,150.70444122873812,474.7044412287381,,-1025.8271887281858
6.7,ego_0,477.19241696784036,-8.0,24.879757391022444,1000.0,,0.5309434946503864,0.5309434946503864,0.5309434946503864,0.5309434946503864,0.5256866283666994,0,highway_0,1,153.19241696784036,477.19241696784036,,-1025.8797573910224
6.8,ego_0,479.6856101145717,-8.0,24.93193146731305,1000.0,,0.5269581705351172,0.5269581705351172,0.5269581705351172,0.5269581705351172,0.5217407629060489,0,highway_0,1,155.68561011457166,479.68561011457166,,-1025.931931467313
6.9,ego_0,482.18398125836734,-8.0,24.98371143795729,1000.0,,0.5229777035068494,0.5229777035068494,0.5229777035068494,0.5229777035068494,0.5177997064424034,0,highway_0,1,158.1839812583674,482.1839812583674,,-1025.9837114379573
7.0,ego_0,484.6874910409679,-8.0,25.035097826005213,1000.0,,0.5190025192840276,0.5190025192840276,0.5190025192840276,0.5190025192840276,0.513863880479235,0,highway_0,1,160.68749104096793,484.6874910409679,,-1026.0350978260053
7.1,ego_0,487.1961001605943,-8.0,25.086091196263663,1000.0,,0.5150330396103597,0.5150330396103597,0.5150330396103597,0.5150330396103597,0.5099337025844974,0,highway_0,1,163.1961001605943,487.1961001605943,,-1026.0860911962636
7.2,ego_0,489.7097693760833,-8.0,25.136692154889463,1000.0,,0.5110696821205545,0.5110696821205545,0.5110696821205545,0.5110696821205545,0.5060095862580027,0,highway_0,1,165.70976937608327,489.7097693760833,,-1026.1366921548895
7.3,ego_0,492.22845951098026,-8.0,25.18690134896964,1000.0,,0.5071128602098136,0.5071128602098136,0.5071128602098136,0.5071128602098136,0.5020919408017832,0,highway_0,1,168.22845951098026,492.22845951098026,,-1026.1869013489697
7.4,ego_0,494.7521314575892,-8.0,25.23671946608916,1000.0,,0.5031629829071509,0.5031629829071509,0.5031629829071509,0.5031629829071509,0.4981811711951778,0,highway_0,1,170.7521314575892,494.7521314575892,,-1026.2367194660892
7.5,ego_0,497.28074618097787,-8.0,25.286147233886442,1000.0,,0.49922045475257537,0.49922045475257537,0.49922045475257537,0.49922045475257537,0.49427767797283195,0,highway_0,1,173.28074618097787,497.28074618097787,,-1026.2861472338864
7.6,ego_0,499.8142647229376,-8.0,25.335185419597153,1000.0,,0.49528567567820037,0.49528567567820037,0.49528567567820037,0.49528567567820037,0.4903818571071028,0,highway_0,1,175.8142647229376,499.8142647229376,,-1026.335185419597
7.7,ego_0,502.35264820589623,-8.0,25.38383482958659,1000.0,,0.49135904089331583,0.49135904089331583,0.49135904089331583,0.49135904089331583,0.4864940998943723,0,highway_0,1,178.35264820589623,502.35264820589623,,-1026.3838348295867
7.8,ego_0,504.8958578367833,-8.0,25.432096308871092,1000.0,,0.4874409407734642,0.4874409407734642,0.4874409407734642,0.4874409407734642,0.48261479284501974,0,highway_0,1,180.89585783678336,504.89585783678336,,-1026.432096308871
7.9,ego_0,507.44385491084626,-8.0,25.47997074062887,1000.0,,0.48353176075355486,0.48353176075355486,0.48353176075355486,0.48353176075355486,0.4787443175777639,0,highway_0,1,183.44385491084626,507.44385491084626,,-1026.479970740629
8.0,ego_0,509.9966008154164,-8.0,25.527459045700656,1000.0,,0.47963188122504696,0.47963188122504696,0.47963188122504696,0.47963188122504696,0.47488305071787806,0,highway_0,1,185.99660081541634,509.99660081541634,,-1026.5274590457007
8.1,ego_0,512.5540570336244,-8.0,25.57456218208058,1000.0,,0.4757416774372245,0.4757416774372245,0.4757416774372245,0.4757416774372245,0.4710313637992414,0,highway_0,1,188.55405703362442,512.5540570336244,,-1026.5745621820806
8.2,ego_0,515.1161851480642,-8.0,25.62128114439767,1000.0,,0.4718615194025858,0.4718615194025858,0.4718615194025858,0.4718615194025858,0.46718962317090273,0,highway_0,1,191.11618514806423,515.1161851480642,,-1026.6212811443977
8.3,ego_0,517.6829468444031,-8.0,25.667616963388397,1000.0,,0.4679917718063633,0.4679917718063633,0.4679917718063633,0.4679917718063633,0.46335818990726807,0,highway_0,1,193.6829468444031,517.6829468444031,,-1026.6676169633884
8.4,ego_0,520.2543039149392,-8.0,25.713570705360695,1000.0,,0.46413279392018547,0.46413279392018547,0.46413279392018547,0.46413279392018547,0.45953741972297735,0,highway_0,1,196.25430391493921,520.2543039149392,,-1026.7135707053608
8.5,ego_0,522.8302182621042,-8.0,25.75914347164979,1000.0,,0.46028493951988303,0.46028493951988303,0.46028493951988303,0.46028493951988303,0.45572766289094346,0,highway_0,1,198.83021826210415,522.8302182621042,,-1026.7591434716498
8.6,ego_0,525.4106519019108,-8.0,25.80433639806637,1000.0,,0.4564485568074539,0.4564485568074539,0.4564485568074539,0.4564485568074539,0.45192926416579127,0,highway_0,1,201.4106519019108,525.4106519019108,,-1026.8043363980664
8.7,ego_0,527.9955669673445,-8.0,25.849150654337375,1000.0,,0.45262398833717055,0.45262398833717055,0.45262398833717055,0.45262398833717055,0.4481425627100677,0,highway_0,1,203.99556696734453,527.9955669673445,,-1026.8491506543373
8.8,ego_0,530.5849257116985,-8.0,25.893587443539932,1000.0,,0.4488115709458398,0.4488115709458398,0.4488115709458398,0.4488115709458398,0.4443678920255678,0,highway_0,1,206.58492571169847,530.5849257116985,,-1026.89358744354
8.9,ego_0,533.1786905118513,-8.0,25.93764800152876,1000.0,,0.4450116356871905,0.4450116356871905,0.4450116356871905,0.4450116356871905,0.44060557988828464,0,highway_0,1,209.1786905118513,533.1786905118513,,-1026.9376480015287
9.0,ego_0,535.7768238714871,-8.0,25.981333596357512,1000.0,,0.44122450777038624,0.44122450777038624,0.44122450777038624,0.44122450777038624,0.4368559482875156,0,highway_0,1,211.77682387148707,535.7768238714871,,-1026.9813335963574
9.1,ego_0,538.3792884242565,-8.0,26.02464552769441,1000.0,,0.4374505065026415,0.4374505065026415,0.4374505065026415,0.4374505065026415,0.4331193133689837,0,highway_0,1,214.37928842425652,538.3792884242565,,-1027.0246455276945
9.2,ego_0,540.9860469368798,-8.0,26.067585126232622,1000.0,,0.4336899452359193,0.4336899452359193,0.4336899452359193,0.4336899452359193,0.429395985382115,0,highway_0,1,216.9860469368798,540.9860469368798,,-1027.0675851262326
9.3,ego_0,543.5970623121893,-8.0,26.11015375309576,1000.0,,0.42994313131768747,0.42994313131768747,0.42994313131768747,0.42994313131768747,0.4256862686313667,0,highway_0,1,219.59706231218934,543.5970623121893,,-1027.1101537530958
9.4,ego_0,546.2122975921133,-8.0,26.152352799238894,1000.0,,0.4262103660457023,0.4262103660457023,0.4262103660457023,0.4262103660457023,0.4219904614313563,0,highway_0,1,222.21229759211326,546.2122975921133,,-1027.152352799239
9.5,ego_0,548.8317159605978,-8.0,26.194183684845505,1000.0,,0.4224919446267882,0.4224919446267882,0.4224919446267882,0.4224919446267882,0.4183088560661119,0,highway_0,1,224.83171596059776,548.8317159605978,,-1027.1941836848455
9.6,ego_0,551.4552807464698,-8.0,26.23564785872071,1000.0,,0.418788156139581,0.418788156139581,0.418788156139581,0.418788156139581,0.4146417387520529,0,highway_0,1,227.45528074646984,551.4552807464698,,-1027.2356478587208
9.7,ego_0,554.082955426238,-8.0,26.276746797681227,1000.0,,0.4150992835011922,0.4150992835011922,0.4150992835011922,0.4150992835011922,0.41098938960516307,0,highway_0,1,230.08295542623796,554.082955426238,,-1027.2767467976812
9.8,ego_0,556.7147036268321,-8.0,26.31748200594239,1000.0,,0.41142560343775314,0.41142560343775314,0.41142560343775314,0.41142560343775314,0.407352082611645,0,highway_0,1,232.71470362683215,556.7147036268321,,-1027.3174820059423
9.9,ego_0,559.3504891282824,-8.0,26.357855014502668,1000.0,,0.4077673864587965,0.4077673864587965,0.4077673864587965,0.4077673864587965,0.403730085602767,0,highway_0,1,235.35048912828245,559.3504891282824,,-1027.3578550145028
10.0,ego_0,561.9902758663351,-8.0,26.39786738052598,1000.0,,0.40412489683542363,0.40412489683542363,0.40412489683542363,0.40412489683542363,0.4001236602331204,0,highway_0,1,237.99027586633508,561.9902758663351,,-1027.397867380526
10.1,ego_0,564.6340279350073,-8.0,26.437520686722237,1000.0,,0.40049839258220976,0.40049839258220976,0.40049839258220976,0.40049839258220976,0.39653306196257176,0,highway_0,1,240.63402793500734,564.6340279350073,,-1027.4375206867223
10.2,ego_0,567.28170958908,-8.0,26.476816540726475,1000.0,,0.3968881254427975,0.3968881254427975,0.3968881254427975,0.3968881254427975,0.39295854004237185,0,highway_0,1,243.28170958908004,567.28170958908,,-1027.4768165407265
10.3,ego_0,569.9332852465277,-8.0,26.51575657447688,1000.0,,0.3932943408791101,0.3932943408791101,0.3932943408791101,0.3932943408791101,0.3894003375040711,0,highway_0,1,245.9332852465277,569.9332852465277,,-1027.5157565744769
10.4,ego_0,572.5887194908869,-8.0,26.554342443592144,1000.0,,0.38971727806414425,0.38971727806414425,0.38971727806414425,0.38971727806414425,0.3858586911526274,0,highway_0,1,248.5887194908869,572.5887194908869,,-1027.554342443592
10.5,ego_0,575.2479770735617,-8.0,26.59257582674841,1000.0,,0.38615716987826687,0.38615716987826687,0.38615716987826687,0.38615716987826687,0.3823338315626401,0,highway_0,1,251.24797707356174,575.2479770735617,,-1027.5925758267483
10.6,ego_0,577.9110229160674,-8.0,26.63045842505623,1000.0,,0.3826142429089632,0.3826142429089632,0.3826142429089632,0.3826142429089632,0.37882598307820814,0,highway_0,1,253.9110229160674,577.9110229160674,,-1027.6304584250563
10.7,ego_0,580.5778221122112,-8.0,26.66799196143781,1000.0,,0.3790887174539638,0.3790887174539638,0.3790887174539638,0.3790887174539638,0.37533536381580745,0,highway_0,1,256.57782211221115,580.5778221122112,,-1027.6679919614378
10.8,ego_0,583.2483399302116,-8.0,26.70517818000491,1000.0,,0.3755808075276936,0.3755808075276936,0.3755808075276936,0.3755808075276936,0.3718621856710058,0,highway_0,1,259.2483399302116,583.2483399302116,,-1027.7051781800049
10.9,ego_0,585.9225418147554,-8.0,26.74201884543768,1000.0,,0.3720907208709645,0.3720907208709645,0.3720907208709645,0.3720907208709645,0.3684066543276998,0,highway_0,1,261.9225418147554,585.9225418147554,,-1027.7420188454378
11.0,ego_0,588.6003933889918,-8.0,26.778515742364792,1000.0,,0.36861865896384927,0.36861865896384927,0.36861865896384927,0.36861865896384927,0.36496896927111777,0,highway_0,1,264.60039338899185,588.6003933889918,,-1027.7785157423648
11.1,ego_0,591.2818604564663,-8.0,26.814670674745155,1000.0,,0.3651648170416628,0.3651648170416628,0.3651648170416628,0.3651648170416628,0.36154932380362936,0,highway_0,1,267.28186045646635,591.2818604564663,,-1027.8146706747452
11.2,ego_0,593.9669090029915,-8.0,26.850485465251488,1000.0,,0.3617293841139775,0.3617293841139775,0.3617293841139775,0.3617293841139775,0.3581479050633263,0,highway_0,1,269.96690900299154,593.9669090029915,,-1027.8504854652515
11.3,ego_0,596.6555051984571,-8.0,26.885961954656104,1000.0,,0.35831254298659954,0.35831254298659954,0.35831254298659954,0.35831254298659954,0.35476489404615563,0,highway_0,1,272.65550519845715,596.6555051984571,,-1027.885961954656
11.4,ego_0,599.347615398579,-8.0,26.92110200121912,1000.0,,0.35491447028643186,0.35491447028643186,0.35491447028643186,0.35491447028643186,0.3514004656301495,0,highway_0,1,275.347615398579,599.347615398579,,-1027.9211020012192
11.5,ego_0,602.043206146587,-8.0,26.955907480079432,1000.0,,0.3515353364891465,0.3515353364891465,0.3515353364891465,0.3515353364891465,0.348054788603136,0,highway_0,1,278.04320614658695,602.043206146587,,-1027.9559074800795
11.6,ego_0,604.7422441748519,-8.0,26.9903802826487,1000.0,,0.348175305949588,0.348175305949588,0.348175305949588,0.348175305949588,0.3447280256926888,0,highway_0,1,280.74224417485186,604.7422441748519,,-1027.9903802826486
11.7,ego_0,607.4446964064527,-8.0,27.024522316008586,1000.0,,0.3448345369348347,0.3448345369348347,0.3448345369348347,0.3448345369348347,0.3414203335988475,0,highway_0,1,283.44469640645275,607.4446964064527,,-1028.0245223160086
11.8,ego_0,610.150529956684,-8.0,27.05833550231154,1000.0,,0.34151318165983435,0.34151318165983435,0.34151318165983435,0.34151318165983435,0.33813186302953824,0,highway_0,1,286.15052995668395,610.150529956684,,-1028.0583355023116
11.9,ego_0,612.8597121345025,-8.0,27.091821778185356,1000.0,,0.3382113863255378,0.3382113863255378,0.3382113863255378,0.3382113863255378,0.3348627587381614,0,highway_0,1,288.8597121345025,612.8597121345025,,-1028.0918217781852
12.0,ego_0,615.5722104439167,-8.0,27.124983094141736,1000.0,,0.334929291159451,0.334929291159451,0.334929291159451,0.334929291159451,0.3316131595638083,0,highway_0,1,291.5722104439167,615.5722104439167,,-1028.1249830941417
12.1,ego_0,618.2879925853156,-8.0,27.157821413989115,1000.0,,0.33166703045852397,0.33166703045852397,0.33166703045852397,0.33166703045852397,0.3283831984737873,0,highway_0,1,294.2879925853156,618.2879925853156,,-1028.157821413989
12.2,ego_0,621.0070264567406,-8.0,27.190338714249936,1000.0,,0.3284247326343004,0.3284247326343004,0.3284247326343004,0.3284247326343004,0.32517300260821,0,highway_0,1,297.0070264567406,621.0070264567406,,-1028.19033871425
12.3,ego_0,623.7292801550989,-8.0,27.222536983582636,1000.0,,0.3252025202602412,0.3252025202602412,0.3252025202602412,0.3252025202602412,0.32198269332699425,0,highway_0,1,299.7292801550989,623.7292801550989,,-1028.2225369835826
12.4,ego_0,626.4547219773198,-8.0,27.254418222208493,1000.0,,0.3220005101211507,0.3220005101211507,0.3220005101211507,0.3220005101211507,0.3188123862585712,0,highway_0,1,302.45472197731976,626.4547219773198,,-1028.2544182222084
12.5,ego_0,629.1833204214541,-8.0,27.285984441343604,1000.0,,0.3188188132646148,0.3188188132646148,0.3188188132646148,0.3188188132646148,0.31566219135111595,0,highway_0,1,305.18332042145414,629.1833204214541,,-1028.2859844413435
12.6,ego_0,631.9150441877177,-8.0,27.317237662636117,1000.0,,0.31565753505438054,0.31565753505438054,0.31565753505438054,0.31565753505438054,0.31253221292512734,0,highway_0,1,307.91504418771774,631.9150441877177,,-1028.3172376626362
12.7,ego_0,634.6498621794786,-8.0,27.348179917608945,1000.0,,0.31251677522559107,0.31251677522559107,0.31251677522559107,0.31251677522559107,0.3094225497282821,0,highway_0,1,310.64986217947865,634.6498621794786,,-1028.3481799176088
12.8,ego_0,637.3877435041894,-8.0,27.37881324710813,1000.0,,0.30939662794179845,0.30939662794179845,0.30939662794179845,0.30939662794179845,0.3063332949918518,0,highway_0,1,313.3877435041894,637.3877435041894,,-1028.3788132471082
12.9,ego_0,640.1286574742651,-8.0,27.40913970075701,1000.0,,0.3062971818536766,0.3062971818536766,0.3062971818536766,0.3062971818536766,0.3032645364887898,0,highway_0,1,316.1286574742651,640.1286574742651,,-1028.409139700757
13.0,ego_0,642.8725736079067,-8.0,27.43916133641635,1000.0,,0.30321852015935225,0.30321852015935225,0.30321852015935225,0.30321852015935225,0.30021635659341683,0,highway_0,1,318.8725736079067,642.8725736079067,,-1028.4391613364164
13.1,ego_0,645.6194616298718,-8.0,27.468880219650636,1000.0,,0.30016072066627963,0.30016072066627963,0.30016072066627963,0.30016072066627963,0.2971888323428473,0,highway_0,1,321.6194616298718,645.6194616298718,,-1028.4688802196506
13.2,ego_0,648.3692914721919,-8.0,27.498298423200595,1000.0,,0.2971238558545801,0.2971238558545801,0.2971238558545801,0.2971238558545801,0.2941820354995883,0,highway_0,1,324.3692914721919,648.3692914721919,,-1028.4982984232006
13.3,ego_0,651.1220332748381,-8.0,27.527418026462154,1000.0,,0.2941079929417657,0.2941079929417657,0.2941079929417657,0.2941079929417657,0.2911960326155949,0,highway_0,1,327.12203327483815,651.1220332748381,,-1028.527418026462
13.4,ego_0,653.8776573863354,-8.0,27.556241114971936,1000.0,,0.2911131939487781,0.2911131939487781,0.2911131939487781,0.2911131939487781,0.2882308850978177,0,highway_0,1,329.8776573863354,653.8776573863354,,-1028.556241114972
13.5,ego_0,656.6361343643254,-8.0,27.58476977989939,1000.0,,0.2881395157672636,0.2881395157672636,0.2881395157672636,0.2881395157672636,0.28528664927453207,0,highway_0,1,332.63613436432536,656.6361343643254,,-1028.5847697798995
13.6,ego_0,659.3974349760799,-8.0,27.613006117545726,1000.0,,0.2851870102280072,0.2851870102280072,0.2851870102280072,0.2851870102280072,0.2823633764633726,0,highway_0,1,335.3974349760799,659.3974349760799,,-1028.6130061175456
13.7,ego_0,662.1615301989649,-8.0,27.640952228849734,1000.0,,0.2822557241704603,0.2822557241704603,0.2822557241704603,0.2822557241704603,0.27946111304007815,0,highway_0,1,338.1615301989649,662.1615301989649,,-1028.6409522288498
13.8,ego_0,664.9283912208549,-8.0,27.668610218900554,1000.0,,0.27934569951327903,0.27934569951327903,0.27934569951327903,0.27934569951327903,0.2765799005081959,0,highway_0,1,340.9283912208549,664.9283912208549,,-1028.6686102189005
13.9,ego_0,667.6979894405007,-8.0,27.695982196457564,1000.0,,0.276456973325813,0.276456973325813,0.276456973325813,0.276456973325813,0.2737197755701004,0,highway_0,1,343.6979894405007,667.6979894405007,,-1028.6959821964576
14.0,ego_0,670.4702964678485,-8.0,27.72307027347741,1000.0,,0.27358957790046445,0.27358957790046445,0.27358957790046445,0.27358957790046445,0.2708807701984739,0,highway_0,1,346.47029646784847,670.4702964678485,,-1028.7230702734773
14.1,ego_0,673.2452841243133,-8.0,27.74987656464829,1000.0,,0.2707435408258563,0.2707435408258563,0.2707435408258563,0.2707435408258563,0.2680629117087818,0,highway_0,1,349.24528412431334,673.2452841243133,,-1028.7498765646483
14.2,ego_0,676.0229244430064,-8.0,27.77640318693153,1000.0,,0.26791888506073636,0.26791888506073636,0.26791888506073636,0.26791888506073636,0.2652662228324232,0,highway_0,1,352.02292444300645,676.0229244430064,,-1028.7764031869315
14.3,ego_0,678.8031896689175,-8.0,27.802652259110594,1000.0,,0.2651156290085529,0.2651156290085529,0.2651156290085529,0.2651156290085529,0.26249072179062694,0,highway_0,1,354.8031896689175,678.8031896689175,,-1028.8026522591106
14.4,ego_0,681.5860522590523,-8.0,27.82862590134749,1000.0,,0.26233378659263806,0.26233378659263806,0.26233378659263806,0.26233378659263806,0.25973642236895245,0,highway_0,1,357.5860522590523,681.5860522590523,,-1028.8286259013476
14.5,ego_0,684.3714848825269,-8.0,27.85432623474669,1000.0,,0.25957336733192704,0.25957336733192704,0.25957336733192704,0.25957336733192704,0.25700333399200304,0,highway_0,1,360.37148488252694,684.3714848825269,,-1028.8543262347466
14.6,ego_0,687.1594604206196,-8.0,27.879755380926607,1000.0,,0.2568343764171639,0.2568343764171639,0.2568343764171639,0.2568343764171639,0.25429146179916984,0,highway_0,1,363.15946042061955,687.1594604206196,,-1028.8797553809266
14.7,ego_0,689.9499519667794,-8.0,27.904915461598637,1000.0,,0.25411681478751913,0.25411681478751913,0.25411681478751913,0.25411681478751913,0.2516008067203046,0,highway_0,1,365.9499519667794,689.9499519667794,,-1028.9049154615986
14.8,ego_0,692.7429328265948,-8.0,27.929808598153844,1000.0,,0.25142067920756594,0.25142067920756594,0.25142067920756594,0.25142067920756594,0.24893136555206752,0,highway_0,1,368.7429328265948,692.7429328265948,,-1028.9298085981538
14.9,ego_0,695.5383765177205,-8.0,27.954436911257265,1000.0,,0.24874596234455626,0.24874596234455626,0.24874596234455626,0.24874596234455626,0.24628313103420396,0,highway_0,1,371.5383765177205,695.5383765177205,,-1028.9544369112573
15.0,ego_0,698.3362567697656,-8.0,27.978802520449932,1000.0,,0.24609265284593773,0.24609265284593773,0.24609265284593773,0.24609265284593773,0.24365609192667392,0,highway_0,1,374.33625676976555,698.3362567697656,,-1028.97880252045
15.1,ego_0,701.1365475241414,-8.0,28.00290754375855,1000.0,,0.24346073541705304,0.24346073541705304,0.24346073541705304,0.24346073541705304,0.24105023308617746,0,highway_0,1,377.1365475241414,701.1365475241414,,-1029.0029075437585
15.2,ego_0,703.9392229338727,-8.0,28.026754097312907,1000.0,,0.24085019089897608,0.24085019089897608,0.24085019089897608,0.24085019089897608,0.2384655355435683,0,highway_0,1,379.93922293387266,703.9392229338727,,-1029.026754097313
15.3,ego_0,706.7442573633698,-8.0,28.05034429497097,1000.0,,0.23826099634641995,0.23826099634641995,0.23826099634641995,0.23826099634641995,0.23590197658062806,0,highway_0,1,382.7442573633698,706.7442573633698,,-1029.050344294971
15.4,ego_0,709.551625388165,-8.0,28.073680247951728,1000.0,,0.23569312510567852,0.23569312510567852,0.23569312510567852,0.23569312510567852,0.23335952980758634,0,highway_0,1,385.551625388165,709.551625388165,,-1029.0736802479516
15.5,ego_0,712.3613017946126,-8.0,28.096764064475742,1000.0,,0.23314654689253644,0.23314654689253644,0.23314654689253644,0.23314654689253644,0.23083816524014367,0,highway_0,1,388.3613017946126,712.3613017946126,,-1029.0967640644758
15.6,ego_0,715.1732615795539,-8.0,28.119597849413378,1000.0,,0.2306212278701142,0.2306212278701142,0.2306212278701142,0.2306212278701142,0.22833784937635215,0,highway_0,1,391.1732615795539,715.1732615795539,,-1029.1195978494134
15.7,ego_0,717.987479949948,-8.0,28.142183703940763,1000.0,,0.22811713072659145,0.22811713072659145,0.22811713072659145,0.22811713072659145,0.22585854527385152,0,highway_0,1,393.987479949948,717.987479949948,,-1029.1421837039409
15.8,ego_0,720.8039323224683,-8.0,28.164523725203413,1000.0,,0.22563421475276535,0.22563421475276535,0.22563421475276535,0.22563421475276535,0.22340021262650112,0,highway_0,1,396.8039323224683,720.8039323224683,,-1029.1645237252035
15.9,ego_0,723.6225943230671,-8.0,28.18662000598751,1000.0,,0.2231724359194004,0.2231724359194004,0.2231724359194004,0.2231724359194004,0.22096280784097644,0,highway_0,1,399.6225943230671,723.6225943230671,,-1029.1866200059876
16.0,ego_0,726.443441786507,-8.0,28.20847463439883,1000.0,,0.2207317469543283,0.2207317469543283,0.2207317469543283,0.2207317469543283,0.218546284113188,0,highway_0,1,402.44344178650704,726.443441786507,,-1029.2084746343987
16.1,ego_0,729.2664507558619,-8.0,28.23008969354925,1000.0,,0.21831209741925395,0.21831209741925395,0.21831209741925395,0.21831209741925395,0.2161505915042028,0,highway_0,1,405.2664507558619,729.2664507558619,,-1029.2300896935492
16.2,ego_0,732.091597481987,-8.0,28.25146726125086,1000.0,,0.2159134337862295,0.2159134337862295,0.2159134337862295,0.2159134337862295,0.2137756770160948,0,highway_0,1,408.09159748198704,732.091597481987,,-1029.2514672612508
16.3,ego_0,734.9188584229588,-8.0,28.272609409717568,1000.0,,0.21353569951376028,0.21353569951376028,0.21353569951376028,0.21353569951376028,0.21142148466708477,0,highway_0,1,410.9188584229588,734.9188584229588,,-1029.2726094097175
16.4,ego_0,737.7482102434863,-8.0,28.29351820527425,1000.0,,0.2111788351224999,0.2111788351224999,0.2111788351224999,0.2111788351224999,0.20908795556682236,0,highway_0,1,413.74821024348626,737.7482102434863,,-1029.2935182052743
16.5,ego_0,740.5796298142936,-8.0,28.31419570807331,1000.0,,0.20884277827050568,0.20884277827050568,0.20884277827050568,0.20884277827050568,0.2067750279906022,0,highway_0,1,416.57962981429364,740.5796298142936,,-1029.3141957080734
16.6,ego_0,743.4130942114755,-8.0,28.334643971818657,1000.0,,0.20652746382801646,0.20652746382801646,0.20652746382801646,0.20652746382801646,0.20448263745347361,0,highway_0,1,419.4130942114755,743.4130942114755,,-1029.3346439718187
16.7,ego_0,746.2485807158251,-8.0,28.354865043497046,1000.0,,0.2042328239517225,0.2042328239517225,0.2042328239517225,0.2042328239517225,0.20221071678388824,0,highway_0,1,422.24858071582514,746.2485807158251,,-1029.354865043497
16.8,ego_0,749.0860668121368,-8.0,28.3748609631167,1000.0,,0.20195878815849366,0.20195878815849366,0.20195878815849366,0.20195878815849366,0.1999591961965308,0,highway_0,1,425.0860668121368,749.0860668121368,,-1029.3748609631166
16.9,ego_0,751.9255301884821,-8.0,28.39463376345319,1000.0,,0.19970528339854,0.19970528339854,0.19970528339854,0.19970528339854,0.19772800336490093,0,highway_0,1,427.92553018848207,751.9255301884821,,-1029.3946337634532
17.0,ego_0,754.7669487354623,-8.0,28.414185469802494,1000.0,,0.19747223412797243,0.19747223412797243,0.19747223412797243,0.19747223412797243,0.19551706349304254,0,highway_0,1,430.7669487354623,754.7669487354623,,-1029.4141854698025
17.1,ego_0,757.6103005454364,-8.0,28.433518099741182,1000.0,,0.1952595623807396,0.1952595623807396,0.1952595623807396,0.1952595623807396,0.19332629938688228,0,highway_0,1,433.6103005454364,757.6103005454364,,-1029.4335180997411
17.2,ego_0,760.4555639117258,-8.0,28.452633662893646,1000.0,,0.1930671878399115,0.1930671878399115,0.1930671878399115,0.1930671878399115,0.19115563152464432,0,highway_0,1,436.4555639117258,760.4555639117258,,-1029.4526336628937
17.3,ego_0,763.3027173277965,-8.0,28.471534160706348,1000.0,,0.19089502790829138,0.19089502790829138,0.19089502790829138,0.19089502790829138,0.18900497812701644,0,highway_0,1,439.3027173277965,763.3027173277965,,-1029.4715341607064
17.4,ego_0,766.1517394864194,-8.0,28.49022158622895,1000.0,,0.18874299777832526,0.18874299777832526,0.18874299777832526,0.18874299777832526,0.18687425522603718,0,highway_0,1,442.1517394864194,766.1517394864194,llm_1,-1029.490221586229
17.5,ego_0,769.0026092788096,-8.0,28.508697923902346,1000.0,,0.1866110105012948,0.1866110105012948,0.1866110105012948,0.1866110105012948,0.18476337673394738,0,highway_0,1,445.0026092788096,769.0026092788096,llm_1,-1029.5086979239024
17.6,ego_0,771.855305793745,-8.0,28.526965149353412,1000.0,,0.18449897705576535,0.18449897705576535,0.18449897705576535,0.18449897705576535,0.18267225451065627,0,highway_0,1,447.85530579374495,771.855305793745,llm_1,-1029.5269651493534
17.7,ego_0,774.7098083166646,-8.0,28.54502522919651,1000.0,,0.18240680641527718,0.18240680641527718,0.18240680641527718,0.18240680641527718,0.1806007984309943,0,highway_0,1,450.70980831666463,774.7098083166646,llm_1,-1029.5450252291964
17.8,ego_0,777.5660963287488,-8.0,28.562880120841584,1000.0,,0.1803344056152555,0.1803344056152555,0.1803344056152555,0.1803344056152555,0.17854891645072257,0,highway_0,1,453.5660963287488,777.5660963287488,llm_1,-1029.5628801208416
17.9,ego_0,780.4241495059797,-8.0,28.580531772308827,1000.0,,0.17828167981912824,0.17828167981912824,0.17828167981912824,0.17828167981912824,0.17651651467243568,0,highway_0,1,456.4241495059797,780.4241495059797,llm_1,-1029.5805317723089
18.0,ego_0,783.2839477181847,-8.0,28.597982122049782,1000.0,,0.17624853238362448,0.17624853238362448,0.17624853238362448,0.17624853238362448,0.17450349740954607,0,highway_0,1,459.28394771818466,783.2839477181847,llm_1,-1029.5979821220499
18.1,ego_0,786.1454710280622,-8.0,28.61523309877486,1000.0,,0.17423486492325702,0.17423486492325702,0.17423486492325702,0.17423486492325702,0.17250976725076583,0,highway_0,1,462.14547102806216,786.1454710280622,llm_1,-1029.6152330987748
18.2,ego_0,789.0086996901908,-8.0,28.63228662128713,1000.0,,0.17224057737395582,0.17224057737395582,0.17224057737395582,0.17224057737395582,0.17053522512270547,0,highway_0,1,465.00869969019084,789.0086996901908,llm_1,-1029.6322866212872
18.3,ego_0,791.8736141500231,-8.0,28.649144598322362,1000.0,,0.17026556805585447,0.17026556805585447,0.17026556805585447,0.17026556805585447,0.16857977035233063,0,highway_0,1,467.87361415002306,791.8736141500231,llm_1,-1029.6491445983224
18.4,ego_0,794.7401950428625,-8.0,28.665808928395155,1000.0,,0.16830973373520697,0.16830973373520697,0.16830973373520697,0.16830973373520697,0.16664330072792666,0,highway_0,1,470.7401950428625,794.7401950428625,llm_1,-1029.665808928395
18.5,ego_0,797.6084231928277,-8.0,28.68228149965114,1000.0,,0.1663729696854348,0.1663729696854348,0.1663729696854348,0.1663729696854348,0.16472571255985002,0,highway_0,1,473.6084231928277,797.6084231928277,llm_1,-1029.6822814996513
18.6,ego_0,800.4782796118002,-8.0,28.698564189725126,1000.0,,0.16445516974728613,0.16445516974728613,0.16445516974728613,0.16445516974728613,0.16282690073985862,0,highway_0,1,476.4782796118002,800.4782796118002,llm_1,-1029.6985641897252
18.7,ego_0,803.3497454983607,-8.0,28.714658865605134,1000.0,,0.16255622638810274,0.16255622638810274,0.16255622638810274,0.16255622638810274,0.1609467588000868,0,highway_0,1,479.3497454983607,803.3497454983607,llm_1,-1029.714658865605
18.8,ego_0,806.2228022367109,-8.0,28.73056738350218,1000.0,,0.1606760307601831,0.1606760307601831,0.1606760307601831,0.1606760307601831,0.15908517897045726,0,highway_0,1,482.2228022367109,806.2228022367109,llm_1,-1029.7305673835021
18.9,ego_0,809.0974313955835,-8.0,28.746291588725768,1000.0,,0.15881447275824256,0.15881447275824256,0.15881447275824256,0.15881447275824256,0.15724205223587973,0,highway_0,1,485.0974313955835,809.0974313955835,llm_1,-1029.7462915887259
19.0,ego_0,811.97361472714,-8.0,28.76183331556497,1000.0,,0.15697144107595717,0.15697144107595717,0.15697144107595717,0.15697144107595717,0.15541726839202852,0,highway_0,1,487.97361472714,811.97361472714,llm_1,-1029.761833315565
19.1,ego_0,814.8513341658575,-8.0,28.77719438717503,1000.0,,0.1551468232615859,0.1551468232615859,0.1551468232615859,0.1551468232615859,0.1536107161005873,0,highway_0,1,490.85133416585745,814.8513341658575,llm_1,-1029.777194387175
19.2,ego_0,817.7305718274043,-8.0,28.79237661546935,1000.0,,0.15334050577267588,0.15334050577267588,0.15334050577267588,0.15334050577267588,0.15182228294321476,0,highway_0,1,493.73057182740433,817.7305718274043,llm_1,-1029.7923766154693
19.3,ego_0,820.6113100075061,-8.0,28.80738180101686,1000.0,,0.15155237402983412,0.15155237402983412,0.15155237402983412,0.15155237402983412,0.15005185547508404,0,highway_0,1,496.61131000750606,820.6113100075061,llm_1,-1029.8073818010168
19.4,ego_0,823.4935311808006,-8.0,28.822211732944538,1000.0,,0.1497823124695754,0.1497823124695754,0.1497823124695754,0.1497823124695754,0.14829931927678786,0,highway_0,1,499.4935311808006,823.4935311808006,llm_1,-1029.8222117329447
19.5,ego_0,826.3772179996851,-8.0,28.836868188845155,1000.0,,0.14803020459623717,0.14803020459623717,0.14803020459623717,0.14803020459623717,0.1465645590061726,0,highway_0,1,502.37721799968506,826.3772179996851,llm_1,-1029.836868188845
19.6,ego_0,829.2623532931541,-8.0,28.851352934690006,1000.0,,0.1462959330329593,0.1462959330329593,0.1462959330329593,0.1462959330329593,0.14484745844850266,0,highway_0,1,505.2623532931541,829.2623532931541,llm_1,-1029.85135293469
19.7,ego_0,832.1489200656288,-8.0,28.865667724746615,1000.0,,0.1445793795717356,0.1445793795717356,0.1445793795717356,0.1445793795717356,0.14314790056609183,0,highway_0,1,508.1489200656288,832.1489200656288,llm_1,-1029.8656677247466
19.8,ego_0,835.0369014957789,-8.0,28.87981430150132,1000.0,,0.14288042522253164,0.14288042522253164,0.14288042522253164,0.14288042522253164,0.14146576754704654,0,highway_0,1,511.0369014957789,835.0369014957789,llm_1,-1029.8798143015013
19.9,ego_0,837.9262809353376,-8.0,28.893794395586614,1000.0,,0.1411989502614669,0.1411989502614669,0.1411989502614669,0.1411989502614669,0.13980094085294326,0,highway_0,1,513.9262809353376,837.9262809353376,llm_1,-1029.8937943955866
20.0,ego_0,840.8170419079089,-8.0,28.907609725713154,1000.0,,0.13953483427806834,0.13953483427806834,0.13953483427806834,0.13953483427806834,0.1381533012654046,0,highway_0,1,516.8170419079089,840.8170419079089,llm_1,-1029.9076097257132
20.1,ego_0,843.7091681077695,-8.0,28.92126199860638,1000.0,,0.1378879562216001,0.1378879562216001,0.1378879562216001,0.1378879562216001,0.13652272893224904,0,highway_0,1,519.7091681077695,843.7091681077695,llm_1,-1029.9212619986063
20.2,ego_0,846.6026433986643,-8.0,28.934752908947612,1000.0,,0.13625819444646148,0.13625819444646148,0.13625819444646148,0.13625819444646148,0.1349091034123262,0,highway_0,1,522.6026433986643,846.6026433986643,llm_1,-1029.9347529089475
20.3,ego_0,849.4974518125963,-8.01,28.94808413931956,1000.0,,0.1346454267566629,0.1346454267566629,0.1346454267566629,0.1346454267566629,0.1333123037194639,0,highway_0,1,525.4974518125963,849.4974518125963,llm_1,-1029.9480841393195
20.4,ego_0,852.3935775486119,-8.03,28.961257360156132,1000.0,,0.13304953044938805,0.13304953044938805,0.13304953044938805,0.13304953044938805,0.13173220836574018,0,highway_0,1,528.3935775486119,852.3935775486119,llm_1,-1029.9612573601562
20.5,ego_0,855.2910049715815,-8.06,28.974274229696494,1000.0,,0.13147038235763553,0.13147038235763553,0.13147038235763553,0.13147038235763553,0.13016869540361853,0,highway_0,1,531.2910049715815,855.2910049715815,llm_1,-1029.9742742296964
20.6,ego_0,858.1897186109759,-8.1,28.98713639394322,1000.0,,0.12990785889195366,0.12990785889195366,0.12990785889195366,0.12990785889195366,0.12862164246726593,0,highway_0,1,534.1897186109759,858.1897186109759,llm_1,-1029.9871363939433
20.7,ego_0,861.0897031596384,-8.15,28.999845486624533,1000.0,,0.12836183608127094,0.12836183608127094,0.12836183608127094,0.12836183608127094,0.12709092681312484,0,highway_0,1,537.0897031596384,861.0897031596384,llm_1,-1029.9998454866245
20.8,ego_0,863.9909434725544,-8.21,29.012403129160457,1000.0,,0.12683218961282394,0.12683218961282394,0.12683218961282394,0.12683218961282394,0.12557642535924174,0,highway_0,1,539.9909434725544,863.9909434725544,llm_1,-1030.0124031291605
20.9,ego_0,866.8934245656177,-8.28,29.024810930632853,1000.0,,0.12531879487119468,0.12531879487119468,0.12531879487119468,0.12531879487119468,0.12407801472395619,0,highway_0,1,542.8934245656177,866.8934245656177,llm_1,-1030.0248109306328
21.0,ego_0,869.7971316143936,-8.36,29.037070487759237,1000.0,,0.12382152697646398,0.12382152697646398,0.12382152697646398,0.12382152697646398,0.1225955712638438,0,highway_0,1,545.7971316143936,869.7971316143936,llm_1,-1030.0370704877591
21.1,ego_0,872.7020499528807,-8.45,29.049183384870275,1000.0,,0.12234026082147598,0.12234026082147598,0.12234026082147598,0.12234026082147598,0.12112897111038023,0,highway_0,1,548.7020499528807,872.7020499528807,llm_1,-1030.0491833848703
21.2,ego_0,875.6081650722698,-8.55,29.061151193890893,1000.0,,0.12087487110824258,0.12087487110824258,0.12087487110824258,0.12087487110824258,0.11967809020617892,0,highway_0,1,551.6081650722698,875.6081650722698,llm_1,-1030.061151193891
21.3,ego_0,878.5154626197022,-8.65,29.0729754743249,1000.0,,0.11942523238346836,0.11942523238346836,0.11942523238346836,0.11942523238346836,0.1182428043400563,0,highway_0,1,554.5154626197022,878.5154626197022,llm_1,-1030.072975474325
21.4,ego_0,881.4239283970265,-8.75,29.08465777324304,1000.0,,0.11799121907323162,0.11799121907323162,0.11799121907323162,0.11799121907323162,0.11682298918142209,0,highway_0,1,557.4239283970265,881.4239283970265,llm_1,-1030.084657773243
21.5,ego_0,884.333548359554,-8.85,29.09619962527441,1000.0,,0.1165727055168041,0.1165727055168041,0.1165727055168041,0.1165727055168041,0.11541852031367483,0,highway_0,1,560.333548359554,884.333548359554,llm_1,-1030.0961996252745
21.6,ego_0,887.2443086148141,-8.95,29.107602552601108,1000.0,,0.11516956599964001,0.11516956599964001,0.11516956599964001,0.11516956599964001,0.11402927326699341,0,highway_0,1,563.2443086148141,887.2443086148141,llm_1,-1030.107602552601
21.7,ego_0,890.1561954213098,-9.05,29.118868064956107,1000.0,,0.11378167478552403,0.11378167478552403,0.11378167478552403,0.11378167478552403,0.11265512354999174,0,highway_0,1,566.1561954213098,890.1561954213098,llm_1,-1030.1188680649561
21.8,ego_0,893.0691951872723,-9.15,29.129997659624216,1000.0,,0.112408906147905,0.112408906147905,0.112408906147905,0.112408906147905,0.11129594668108922,0,highway_0,1,569.0691951872723,893.0691951872723,llm_1,-1030.1299976596242
21.9,ego_0,895.9832944694168,-9.25,29.14099282144604,1000.0,,0.11105113440040282,0.11105113440040282,0.11105113440040282,0.11105113440040282,0.10995161821824695,0,highway_0,1,571.9832944694168,895.9832944694168,llm_1,-1030.140992821446
22.0,ego_0,898.8984799716993,-9.35,29.151855022824908,1000.0,,0.10970823392652418,0.10970823392652418,0.10970823392652418,0.10970823392652418,0.10862201378866843,0,highway_0,1,574.8984799716993,898.8984799716993,llm_1,-1030.151855022825
22.1,ego_0,901.814738544073,-9.450000000000001,29.162585723736647,1000.0,,0.10838007920857418,0.10838007920857418,0.10838007920857418,0.10838007920857418,0.10730700911739888,0,highway_0,1,577.814738544073,901.814738544073,llm_1,-1030.1625857237366
22.2,ego_0,904.7320571812471,-9.55,29.17318637174217,1000.0,,0.10706654485578582,0.10706654485578582,0.10706654485578582,0.10706654485578582,0.10600648005521407,0,highway_0,1,580.7320571812471,904.7320571812471,llm_1,-1030.173186371742
22.3,ego_0,907.6504230214474,-9.650000000000002,29.18365840200273,1000.0,,0.10576750563167048,0.10576750563167048,0.10576750563167048,0.10576750563167048,0.10472030260562093,0,highway_0,0,583.6504230214474,907.6504230214474,llm_1,-1030.1836584020027
22.4,ego_0,910.5698233451772,-9.750000000000002,29.19400323729784,1000.0,,0.10448283648060674,0.10448283648060674,0.10448283648060674,0.10448283648060674,0.10344835295107657,0,highway_0,0,586.5698233451772,910.5698233451772,llm_1,-1030.194003237298
22.5,ego_0,913.4902455739818,-9.850000000000001,29.204222288045727,1000.0,,0.10321241255367208,0.10321241255367208,0.10321241255367208,0.10321241255367208,0.10219050747888758,0,highway_0,0,589.4902455739817,913.4902455739817,llm_1,-1030.2042222880457
22.6,ego_0,916.4116772692144,-9.950000000000001,29.214316952326293,1000.0,,0.10195610923372833,0.10195610923372833,0.10195610923372833,0.10195610923372833,0.10094664280565269,0,highway_0,0,592.4116772692144,916.4116772692144,llm_1,-1030.2143169523263
22.7,ego_0,919.3341061308051,-10.050000000000002,29.224288615906467,1000.0,,0.1007138021597761,0.1007138021597761,0.1007138021597761,0.1007138021597761,0.09971663580174095,0,highway_0,0,595.334106130805,919.334106130805,llm_1,-1030.2242886159065
22.8,ego_0,922.2575199960318,-10.150000000000002,29.234138652267912,1000.0,,0.09948536725057855,0.09948536725057855,0.09948536725057855,0.09948536725057855,0.09850036361445547,0,highway_0,0,598.2575199960318,922.2575199960318,llm_1,-1030.2341386522678
22.9,ego_0,925.1819068382955,-10.250000000000002,29.243868422636982,1000.0,,0.09827068072757916,0.09827068072757916,0.09827068072757916,0.09827068072757916,0.09729770369069968,0,highway_0,0,601.1819068382955,925.1819068382955,llm_1,-1030.243868422637
23.0,ego_0,928.1072547658972,-10.350000000000001,29.253479276016893,1000.0,,0.09706961913711265,0.09706961913711265,0.09706961913711265,0.09706961913711265,0.09610853379911077,0,highway_0,0,604.1072547658972,928.1072547658972,llm_1,-1030.2534792760168
23.1,ego_0,931.0335520208196,-10.450000000000001,29.262972549222035,1000.0,,0.0958820593719244,0.0958820593719244,0.0958820593719244,0.0958820593719244,0.0949327320514115,0,highway_0,0,607.0335520208195,931.0335520208195,llm_1,-1030.262972549222
23.2,ego_0,933.9607869775108,-10.550000000000002,29.272349566914315,1000.0,,0.09470787869200759,0.09470787869200759,0.09470787869200759,0.09470787869200759,0.09377017692280276,0,highway_0,0,609.9607869775109,933.9607869775109,,-1030.2723495669143
23.3,ego_0,936.888948141675,-10.650000000000002,29.281611641641522,1000.0,,0.09354695474477315,0.09354695474477315,0.09354695474477315,0.09354695474477315,0.09262074727207192,0,highway_0,0,612.8889481416751,936.8889481416751,,-1030.2816116416416
23.4,ego_0,939.8180241490628,-10.750000000000002,29.290760073877617,1000.0,,0.09239916558455952,0.09239916558455952,0.09239916558455952,0.09239916558455952,0.09148432236095516,0,highway_0,0,615.8180241490628,939.8180241490628,,-1030.2907600738777
23.5,ego_0,942.7480037642691,-10.840000000000002,29.299796152064893,1000.0,,0.09126438969149009,0.09126438969149009,0.09126438969149009,0.09126438969149009,0.09036078187275365,0,highway_0,0,618.7480037642692,942.7480037642692,,-1030.2997961520648
23.6,ego_0,945.678875879535,-10.920000000000002,29.30872115265793,1000.0,,0.09014250598970075,0.09014250598970075,0.09014250598970075,0.09014250598970075,0.08925000593038135,0,highway_0,0,621.678875879535,945.678875879535,,-1030.3087211526579
23.7,ego_0,948.6106295135518,-10.990000000000002,29.31753634016931,1000.0,,0.08903339386493159,0.08903339386493159,0.08903339386493159,0.08903339386493159,0.08815187511377331,0,highway_0,0,624.6106295135519,948.6106295135519,,-1030.3175363401692
23.8,ego_0,951.5432538102735,-11.050000000000002,29.32624296721698,1000.0,,0.08793693318151174,0.08793693318151174,0.08793693318151174,0.08793693318151174,0.08706627047672555,0,highway_0,0,627.5432538102735,951.5432538102735,,-1030.326242967217
23.9,ego_0,954.4767380377309,-11.100000000000001,29.334842274573294,1000.0,,0.08685300429873588,0.08685300429873588,0.08685300429873588,0.08685300429873588,0.0859930735631309,0,highway_0,0,630.4767380377309,954.4767380377309,,-1030.3348422745732
24.0,ego_0,957.4110715868525,-11.140000000000002,29.343335491215534,1000.0,,0.08578148808664443,0.08578148808664443,0.08578148808664443,0.08578148808664443,0.08493216642239787,0,highway_0,0,633.4110715868525,957.4110715868525,,-1030.3433354912156
24.1,ego_0,960.3462439702902,-11.170000000000002,29.35172383437803,1000.0,,0.08472226594122856,0.08472226594122856,0.08472226594122856,0.08472226594122856,0.08388343162497591,0,highway_0,0,636.3462439702903,960.3462439702903,,-1030.351723834378
24.2,ego_0,963.2822448212507,-11.190000000000001,29.36000850960566,1000.0,,0.08367521979905423,0.08367521979905423,0.08367521979905423,0.08367521979905423,0.08284675227628213,0,highway_0,0,639.2822448212509,963.2822448212509,,-1030.3600085096057
24.3,ego_0,966.2190638923317,-11.200000000000003,29.36819071080876,1000.0,,0.0826402321513321,0.0826402321513321,0.0826402321513321,0.0826402321513321,0.08182201203101869,0,highway_0,0,642.2190638923317,966.2190638923317,,-1030.3681907108087
24.4,ego_0,969.1566910543637,-11.200000000000003,29.3762716203194,1000.0,,0.08161718605743506,0.08161718605743506,0.08161718605743506,0.08161718605743506,0.0808090951063889,0,highway_0,0,645.1566910543637,969.1566910543637,,-1030.3762716203194
24.5,ego_0,972.0951162952585,-11.200000000000003,29.384252408948893,1000.0,,0.08060596515787455,0.08060596515787455,0.08060596515787455,0.08060596515787455,0.07980788629492253,0,highway_0,0,648.0951162952585,972.0951162952585,,-1030.384252408949
24.6,ego_0,975.0343297188632,-11.200000000000003,29.39213423604659,1000.0,,0.07960645368675245,0.07960645368675245,0.07960645368675245,0.07960645368675245,0.07881827097698135,0,highway_0,0,651.0343297188632,975.0343297188632,,-1030.3921342360466
24.7,ego_0,977.9743215438192,-11.200000000000003,29.399918249559825,1000.0,,0.078618536483689,0.078618536483689,0.078618536483689,0.078618536483689,0.077840135132341,0,highway_0,0,653.9743215438192,977.9743215438192,,-1030.3999182495597
24.8,ego_0,980.9150821024288,-11.200000000000003,29.407605586095,1000.0,,0.07764209900524865,0.07764209900524865,0.07764209900524865,0.07764209900524865,0.07687336535173728,0,highway_0,0,656.9150821024288,980.9150821024288,,-1030.407605586095
24.9,ego_0,983.8566018395268,-11.200000000000003,29.415197370979737,1000.0,,0.07667702733586423,0.07667702733586423,0.07667702733586423,0.07667702733586423,0.07591784884738217,0,highway_0,0,659.8566018395268,983.8566018395268,,-1030.4151973709797
25.0,ego_0,986.7988713113593,-11.200000000000003,29.422694718326103,1000.0,,0.07572320819827905,0.07572320819827905,0.07572320819827905,0.07572320819827905,0.07497347346365757,0,highway_0,0,662.7988713113593,986.7988713113593,,-1030.422694718326
25.1,ego_0,989.7418811844688,-11.200000000000003,29.430098731094766,1000.0,,0.07478052896350751,0.07478052896350751,0.07478052896350751,0.07478052896350751,0.07404012768663648,0,highway_0,0,665.7418811844689,989.7418811844689,,-1030.4300987310949
25.2,ego_0,992.6856222345849,-11.200000000000003,29.437410501160144,1000.0,,0.07384887766033454,0.07384887766033454,0.07384887766033454,0.07384887766033454,0.07311770065378198,0,highway_0,0,668.6856222345849,992.6856222345849,,-1030.4374105011602
25.3,ego_0,995.6300853455224,-11.200000000000003,29.444631109376417,1000.0,,0.07292814298435413,0.07292814298435413,0.07292814298435413,0.07292814298435413,0.0722060821627224,0,highway_0,0,671.6300853455225,995.6300853455225,,-1030.4446311093764
25.4,ego_0,998.5752615080869,-11.200000000000003,29.45176162564439,1000.0,,0.07201821430656485,0.07201821430656485,0.07201821430656485,0.07201821430656485,0.0713051626797423,0,highway_0,0,674.5752615080869,998.5752615080869,,-1030.4517616256444
25.5,ego_0,1001.5211418189848,-11.200000000000003,29.458803108979193,1000.0,,0.07111898168153097,0.07111898168153097,0.07111898168153097,0.07111898168153097,0.07041483334802479,0,highway_0,0,677.5211418189848,1001.5211418189848,,-1030.4588031089793
25.6,ego_0,1004.4677174797425,-11.200000000000003,29.465756607578708,1000.0,,0.07023033585511096,0.07023033585511096,0.07023033585511096,0.07023033585511096,0.06953498599514774,0,highway_0,0,680.4677174797426,1004.4677174797426,,-1030.4657566075787
25.7,ego_0,1007.4149797956319,-11.200000000000003,29.472623158892745,1000.0,,0.0693521682717767,0.0693521682717767,0.0693521682717767,0.0693521682717767,0.06866551314036684,0,highway_0,0,683.4149797956319,1007.4149797956319,,-1030.4726231588927
25.8,ego_0,1010.3629201746011,-11.200000000000003,29.479403789692896,1000.0,,0.06848437108152172,0.06848437108152172,0.06848437108152172,0.06848437108152172,0.06780630800150789,0,highway_0,0,686.3629201746012,1010.3629201746012,llm_1,-1030.479403789693
25.9,ego_0,1013.3115301262154,-11.200000000000003,29.48609951614303,1000.0,,0.06762683714637308,0.06762683714637308,0.06762683714637308,0.06762683714637308,0.06695726450136164,0,highway_0,0,689.3115301262155,1013.3115301262155,llm_1,-1030.486099516143
26.0,ego_0,1016.2608012606025,-11.200000000000003,29.492711343870408,1000.0,,0.06677946004651492,0.06677946004651492,0.06677946004651492,0.06677946004651492,0.06611827727375896,0,highway_0,0,692.2608012606025,1016.2608012606025,llm_1,-1030.4927113438705
26.1,ego_0,1019.2107252874064,-11.200000000000003,29.499240268037344,1000.0,,0.06594213408603444,0.06594213408603444,0.06594213408603444,0.06594213408603444,0.06528924166936179,0,highway_0,0,695.2107252874063,1019.2107252874063,llm_1,-1030.4992402680373
26.2,ego_0,1022.1612940147475,-11.200000000000003,29.50568727341341,1000.0,,0.06511475429829561,0.06511475429829561,0.06511475429829561,0.06511475429829561,0.06447005376067239,0,highway_0,0,698.1612940147476,1022.1612940147476,llm_1,-1030.5056872734135
26.3,ego_0,1025.1124993481924,-11.200000000000003,29.512053334448158,1000.0,,0.06429721645095843,0.06429721645095843,0.06429721645095843,0.06429721645095843,0.06366061034746906,0,highway_0,0,701.1124993481924,1025.1124993481924,llm_1,-1030.5120533344482
26.4,ego_0,1028.0643332897268,-11.200000000000003,29.51833941534426,1000.0,,0.0634894170506386,0.0634894170506386,0.0634894170506386,0.0634894170506386,0.06286080896103385,0,highway_0,0,704.0643332897268,1028.0643332897268,llm_1,-1030.5183394153444
26.5,ego_0,1031.01678793674,-11.200000000000003,29.524546470131114,1000.0,,0.0626912533472308,0.0626912533472308,0.0626912533472308,0.0626912533472308,0.0620705478685224,0,highway_0,0,707.01678793674,1031.01678793674,llm_1,-1030.524546470131
26.6,ego_0,1033.9698554810138,-11.200000000000003,29.530675442738826,1000.0,,0.06190262333789609,0.06190262333789609,0.06190262333789609,0.06190262333789609,0.061289726077120577,0,highway_0,0,709.9698554810138,1033.9698554810138,llm_1,-1030.5306754427388
26.7,ego_0,1036.9235282077211,-11.200000000000003,29.53672726707256,1000.0,,0.06112342577072216,0.06112342577072216,0.06112342577072216,0.06112342577072216,0.060518243337348565,0,highway_0,0,712.9235282077211,1036.9235282077211,llm_1,-1030.5367272670726
26.8,ego_0,1039.87779849443,-11.200000000000003,29.54270286708722,13.851661207287407,llm_0,0.06035356014807036,0.06035356014807036,0.06035356014807036,0.06035356014807036,0.059756000146578,0,highway_0,0,715.87779849443,1039.87779849443,llm_1,-0.10146456967174444
26.9,ego_0,1042.7772557837993,-11.200000000000003,28.99457289369328,13.896327747659598,llm_0,-5.536112731278767,-5.536112731278767,-5.536112731278767,-5.536112731278767,-5.481299733939373,0,highway_0,0,718.7772557837993,1042.7772557837993,llm_1,0.4466654037221929
27.0,ego_0,1045.6440911066306,-11.200000000000003,28.668353228313574,13.973616254569833,llm_0,-3.2948186203350405,-3.2948186203350405,-3.2948186203350405,-3.2948186203350405,-3.2621966537970692,0,highway_0,0,721.6440911066306,1045.6440911066306,llm_1,0.7728850691018998
27.1,ego_0,1048.488863620146,-11.200000000000003,28.447725135153107,14.072967570795981,llm_0,-2.228343740920727,-2.228343740920727,-2.228343740920727,-2.228343740920727,-2.206280931604674,0,highway_0,0,724.488863620146,1048.488863620146,llm_1,0.9935131622623672
27.2,ego_0,1051.317656161881,-11.200000000000003,28.287925417348617,14.188298858802682,llm_0,-1.6139771498253301,-1.6139771498253301,-1.6139771498253301,-1.6139771498253301,-1.597997178044892,0,highway_0,0,727.3176561618809,1051.317656161881,llm_1,1.1533128800668564
27.3,ego_0,1054.13436062941,-11.200000000000003,28.167044675289084,14.315718221015231,llm_0,-1.220895494801303,-1.220895494801303,-1.220895494801303,-1.220895494801303,-1.2088074205953347,0,highway_0,0,730.1343606294099,1054.13436062941,llm_1,1.2741936221263899
27.4,ego_0,1056.941642752681,-11.200000000000003,28.072821232710705,14.452559927485709,llm_0,-0.9516567700416154,-0.9516567700416154,-0.9516567700416154,-0.9516567700416154,-0.9422344257837878,0,highway_0,0,732.941642752681,1056.941642752681,llm_1,1.3684170647047686
27.5,ego_0,1059.7414189596125,-11.200000000000003,27.99776206931382,14.596907550295782,llm_0,-0.7580975503085553,-0.7580975503085553,-0.7580975503085553,-0.7580975503085553,-0.7505916339688667,0,highway_0,0,735.7414189596125,1059.7414189596125,llm_1,1.4434762281016553
27.6,ego_0,1062.53511803379,-11.200000000000003,27.936990741776203,14.7473323058598,llm_0,-0.6137904081298934,-0.6137904081298934,-0.6137904081298934,-0.6137904081298934,-0.607713275376156,0,highway_0,0,738.53511803379,1062.53511803379,llm_1,1.504247555639271
27.7,ego_0,1065.3238359118263,-11.200000000000003,27.887178780362678,14.902738257565034,llm_0,-0.5031008102765919,-0.5031008102765919,-0.5031008102765919,-0.5031008102765919,-0.4981196141352484,0,highway_0,0,741.3238359118263,1065.3238359118263,llm_1,1.5540595170527958
27.8,ego_0,1068.108432658854,-11.200000000000003,27.84596747027696,15.062265340278827,llm_0,-0.41623423186575825,-0.41623423186575825,-0.41623423186575825,-0.41623423186575825,-0.41211310085717656,0,highway_0,0,744.1084326588541,1068.108432658854,llm_1,1.5952708271385134
27.9,ego_0,1070.8895960325212,-11.200000000000003,27.811633736670913,15.225225796353243,llm_0,-0.3467707094210809,-0.3467707094210809,-0.3467707094210809,-0.3467707094210809,-0.3433373360604719,0,highway_0,0,746.8895960325212,1070.8895960325212,llm_1,1.6296045607445606
28.0,ego_0,1073.6678847080975,-11.200000000000003,27.78288675576297,15.391021026545786,llm_0,-0.29034450717025573,-0.29034450717025573,-0.29034450717025573,-0.29034450717025573,-0.28746980907943254,0,highway_0,0,749.6678847080975,1073.6678847080975,llm_1,1.6579523019254836
28.1,ego_0,1076.443754404452,-11.200000000000003,27.758696963544864,15.55919585119409,llm_0,-0.2443169014028581,-0.2443169014028581,-0.2443169014028581,-0.2443169014028581,-0.2418979221810602,0,highway_0,0,752.443754404452,1076.443754404452,llm_1,1.681748246482016
28.2,ego_0,1079.217584769749,-11.200000000000003,27.738303652971076,15.729371154036244,llm_0,-0.20597243679524352,-0.20597243679524352,-0.20597243679524352,-0.20597243679524352,-0.2039331057378746,0,highway_0,0,755.217584769749,1079.217584769749,llm_1,1.7017530284203986
28.3,ego_0,1081.9896951977762,-11.200000000000003,27.721104280272975,15.901228065982878,llm_0,-0.1737136642508026,-0.1737136642508026,-0.1737136642508026,-0.1737136642508026,-0.17199372698101456,0,highway_0,0,757.9896951977762,1081.9896951977762,llm_1,1.7185691194651262
28.4,ego_0,1084.7603566996559,-11.200000000000003,27.706615018797088,16.074372778936777,llm_0,-0.14634154090646945,-0.14634154090646945,-0.14634154090646945,-0.14634154090646945,-0.1448926147588736,0,highway_0,0,760.7603566996559,1084.7603566996559,llm_1,1.731447129539351
28.5,ego_0,1087.52979009356,-11.200000000000003,27.694333939041933,16.248586677368166,llm_0,-0.12403890552707175,-0.12403890552707175,-0.12403890552707175,-0.12403890552707175,-0.12281079755155133,0,highway_0,0,763.52979009356,1087.52979009356,llm_1,1.7421389843142947
28.6,ego_0,1090.2981857992438,-11.200000000000003,27.683957056838224,16.423681513698966,llm_0,-0.10480651025744492,-0.10480651025744492,-0.10480651025744492,-0.10480651025744492,-0.10376882203708249,0,highway_0,0,766.2981857992438,1090.2981857992438,llm_1,1.750948363307014
28.7,ego_0,1093.0657089673277,-11.200000000000003,27.675231680839765,16.599494279451164,llm_0,-0.08812629758444868,-0.08812629758444868,-0.08812629758444868,-0.08812629758444868,-0.08725375998459128,0,highway_0,0,769.0657089673277,1093.0657089673277,llm_1,1.7581276575211717
28.8,ego_0,1095.8325035680264,-11.200000000000003,27.667946006987396,16.775819955752922,llm_0,-0.07358530590893175,-0.07358530590893175,-0.07358530590893175,-0.07358530590893175,-0.07285673852369001,0,highway_0,0,771.8325035680264,1095.8325035680264,llm_1,1.7632567630165283
28.9,ego_0,1098.5986907664405,-11.200000000000003,27.66187198414119,16.952540342145312,llm_0,-0.06134763074669014,-0.06134763074669014,-0.06134763074669014,-0.06134763074669014,-0.06074022846206617,0,highway_0,0,774.5986907664405,1098.5986907664405,llm_1,1.7672038639252357
29.0,ego_0,1101.364377251185,-11.200000000000003,27.656864847445565,17.129551673262313,llm_0,-0.05057208062580315,-0.05057208062580315,-0.05057208062580315,-0.05057208062580315,-0.05007136695624581,0,highway_0,0,777.364377251185,1101.364377251185,llm_1,1.7701133111699754
29.1,ego_0,1104.129657308807,-11.200000000000003,27.652800576221004,17.30676254500736,llm_0,-0.04104913936806137,-0.04104913936806137,-0.04104913936806137,-0.04104913936806137,-0.04064271224560656,0,highway_0,0,780.129657308807,1104.129657308807,llm_1,1.7721087174505854
29.2,ego_0,1106.8946145424652,-11.200000000000003,27.649572336582548,17.484061166552692,llm_0,-0.032605220348446984,-0.032605220348446984,-0.032605220348446984,-0.032605220348446984,-0.032282396384566425,0,highway_0,0,782.8946145424652,1106.8946145424652,llm_1,1.7729862154530664
29.3,ego_0,1109.6593211094055,-11.200000000000003,27.647065669401844,17.661378619325205,llm_0,-0.025317338525109645,-0.025317338525109645,-0.025317338525109645,-0.025317338525109645,-0.025066671807039143,0,highway_0,0,785.6593211094055,1109.6593211094055,llm_1,1.7731745277254873
29.4,ego_0,1112.4238414111699,-11.200000000000003,27.645203017643556,17.838653695075436,llm_0,-0.01881278275870979,-0.01881278275870979,-0.01881278275870979,-0.01881278275870979,-0.018626517582873703,0,highway_0,0,788.4238414111699,1112.4238414111699,llm_1,1.7727507575014094
29.5,ego_0,1115.1882330697638,-11.200000000000003,27.643916585938836,18.015831920366736,llm_0,-0.012992960217670935,-0.012992960217670935,-0.012992960217670935,-0.012992960217670935,-0.012864317047203144,0,highway_0,0,791.1882330697638,1115.1882330697638,llm_1,1.771782252913912
29.6,ego_0,1117.9525477580917,-11.200000000000003,27.64314688327913,18.19285241968123,llm_0,-0.0077739968630325396,-0.0077739968630325396,-0.0077739968630325396,-0.0077739968630325396,-0.007697026597064394,0,highway_0,0,793.9525477580917,1117.9525477580917,llm_1,1.7702049931436825
29.7,ego_0,1120.71683110312,-11.200000000000003,27.64283345028316,18.369672800410626,llm_0,-0.0031656732592995618,-0.0031656732592995618,-0.0031656732592995618,-0.0031656732592995618,-0.0031343299596997554,0,highway_0,0,796.7168311031201,1120.71683110312,llm_1,1.7682038072938582
29.8,ego_0,1123.4811241993373,-11.200000000000003,27.64293096217255,18.54625515709381,llm_0,0.000984870082854583,0.000984870082854583,0.000984870082854583,0.000984870082854583,0.0009751188938977862,0,highway_0,0,799.4811241993373,1123.4811241993373,llm_1,1.76582356683247
29.9,ego_0,1126.245464122851,-11.200000000000003,27.643399235136147,18.722565557975713,llm_0,0.004729556932319412,0.004729556932319412,0.004729556932319412,0.004729556932319412,0.00468272963598082,0,highway_0,0,802.245464122851,1126.245464122851,llm_1,1.763104008820541
30.0,ego_0,1129.009884377047,-11.200000000000003,27.644202541960606,18.898572883621455,llm_0,0.008113398927029336,0.008113398927029336,0.008113398927029336,0.008113398927029336,0.008033068244586161,0,highway_0,0,805.009884377047,1129.009884377047,llm_1,1.760073256457492
30.1,ego_0,1131.7744152363503,-11.200000000000003,27.645308593032194,19.074249926615494,llm_0,0.011171115823034261,0.011171115823034261,0.011171115823034261,0.011171115823034261,0.01106051071587899,0,highway_0,0,807.7744152363503,1131.7744152363503,llm_1,1.7567704299414615
30.2,ego_0,1134.5390841338058,-11.200000000000003,27.646688974554756,19.24957227800951,llm_0,0.013941853377875846,0.013941853377875846,0.013941853377875846,0.013941853377875846,0.013803815225621463,0,highway_0,0,810.5390841338058,1134.5390841338058,llm_1,1.7532235139406787
30.3,ego_0,1137.3039159572356,-11.200000000000003,27.64831823429915,19.424518031784146,llm_0,0.016455523418389906,0.016455523418389906,0.016455523418389906,0.016455523418389906,0.01629259744394318,0,highway_0,0,813.3039159572356,1137.3039159572356,llm_1,1.7494575377467143
30.4,ego_0,1140.0689333095413,-11.200000000000003,27.650173523056324,19.599074325821903,llm_0,0.018738416447459383,0.018738416447459383,0.018738416447459383,0.018738416447459383,0.018552887571736676,0,highway_0,0,816.0689333095413,1140.0689333095413,llm_1,1.745562940377365
30.5,ego_0,1142.834157133551,-11.200000000000003,27.65223824009661,19.773223020895557,llm_0,0.02085364210690588,0.02085364210690588,0.02085364210690588,0.02085364210690588,0.020647170402874337,0,highway_0,0,818.8341571335509,1142.834157133551,llm_1,1.741486950734629
30.6,ego_0,1145.599606478204,-11.200000000000003,27.65449344653013,19.946947832551587,llm_0,0.02277758497852672,0.02277758497852672,0.02277758497852672,0.02277758497852672,0.022552064335172872,0,highway_0,0,821.5996064782039,1145.599606478204,llm_1,1.7372481165603268
30.7,ego_0,1148.3652986826812,-11.200000000000003,27.656922044773584,20.12023414754185,llm_0,0.024528842258880912,0.024528842258880912,0.024528842258880912,0.024528842258880912,0.024285982434548714,0,highway_0,0,824.3652986826812,1148.3652986826812,llm_1,1.732863149902446
30.8,ego_0,1151.1312495399384,-11.200000000000003,27.659508572571415,20.293080729218445,llm_0,0.026123930758109204,0.026123930758109204,0.026123930758109204,0.026123930758109204,0.02586527797831195,0,highway_0,0,827.1312495399384,1151.1312495399384,llm_1,1.728465816767109
30.9,ego_0,1153.897474098781,-11.200000000000003,27.662245588425673,20.46547501330997,llm_0,0.0276438601279915,0.0276438601279915,0.0276438601279915,0.0276438601279915,0.02737015854258118,0,highway_0,0,829.897474098781,1153.897474098781,llm_1,1.7239428409152886
31.0,ego_0,1156.6639860721666,-11.200000000000003,27.665119733855647,20.63740573685368,llm_0,0.02902886884275957,0.02902886884275957,0.02902886884275957,0.02902886884275957,0.028741454299741065,0,highway_0,0,832.6639860721666,1156.6639860721666,llm_1,1.7193072354364674
31.1,ego_0,1159.430797959777,-11.200000000000003,27.668118876103378,20.808862816115834,llm_0,0.030291336702058247,0.030291336702058247,0.030291336702058247,0.030291336702058247,0.029991422477309015,0,highway_0,0,835.430797959777,1159.430797959777,llm_1,1.71457079262116
31.2,ego_0,1162.1979211577611,-11.200000000000003,27.671231979840197,20.97985264161275,llm_0,0.03144234774186727,0.03144234774186727,0.03144234774186727,0.03144234774186727,0.03113103736819056,0,highway_0,0,838.1979211577611,1162.1979211577611,llm_1,1.7098982549702768
31.3,ego_0,1164.9653668714661,-11.200000000000003,27.674457137050176,21.150366142842813,llm_0,0.03257408782079696,0.03257408782079696,0.03257408782079696,0.03257408782079696,0.03225157209978846,0,highway_0,0,840.9653668714661,1164.9653668714661,llm_1,1.7051350122998272
31.4,ego_0,1167.7331453123586,-11.200000000000003,27.677784408925074,21.320395213625943,llm_0,0.03360544593647985,0.03360544593647985,0.03360544593647985,0.03360544593647985,0.0332727187489823,0,highway_0,0,843.7331453123586,1167.7331453123586,llm_1,1.700290707830888
31.5,ego_0,1170.5012657849052,-11.200000000000003,27.68120472546503,21.489932625641814,llm_0,0.0345451970535417,0.0345451970535417,0.0345451970535417,0.0345451970535417,0.03420316539955337,0,highway_0,0,846.5012657849052,1170.5012657849052,llm_1,1.6953741201591477
31.6,ego_0,1173.269736764861,-11.200000000000003,27.68470979955651,21.658989901447057,llm_0,0.03540124832398844,0.03540124832398844,0.03540124832398844,0.03540124832398844,0.0350507409148193,0,highway_0,0,849.2697367648609,1173.269736764861,llm_1,1.6905727580536052
31.7,ego_0,1176.038566879799,-11.200000000000003,27.68830114938098,21.82756018381906,llm_0,0.03627263322712121,0.03627263322712121,0.03627263322712121,0.03627263322712121,0.03591349824468182,0,highway_0,0,852.038566879799,1176.038566879799,llm_1,1.6857028237203195
31.8,ego_0,1178.8077639800358,-11.200000000000003,27.691971002368785,21.995637368384678,llm_0,0.03706551517684015,0.03706551517684015,0.03706551517684015,0.03706551517684015,0.036698529878052,0,highway_0,0,854.8077639800358,1178.8077639800358,llm_1,1.6807718456550624
31.9,ego_0,1181.5773352038627,-11.200000000000003,27.695712238269643,22.163216038730752,llm_0,0.03778648259866474,0.03778648259866474,0.03778648259866474,0.03778648259866474,0.03741235900857731,0,highway_0,0,857.5773352038627,1181.5773352038627,llm_1,1.675786703461391
32.0,ego_0,1184.3472870366359,-11.200000000000003,27.699518327730328,22.330311248197404,llm_0,0.03844150355291545,0.03844150355291545,0.03844150355291545,0.03844150355291545,0.03806089460685058,0,highway_0,0,860.3472870366359,1184.3472870366359,llm_1,1.6709520946672427
32.1,ego_0,1187.117626331208,-11.200000000000003,27.70339294571998,22.496917545100132,llm_0,0.03913364169550304,0.03913364169550304,0.03913364169550304,0.03913364169550304,0.038746179896520516,0,highway_0,0,863.1176263312079,1187.117626331208,llm_1,1.6660629690287507
32.2,ego_0,1189.8883593044832,-11.200000000000003,27.70732973275343,22.66303009447074,llm_0,0.03976154903784773,0.03976154903784773,0.03976154903784773,0.03976154903784773,0.039367870334494626,0,highway_0,0,865.8883593044832,1189.8883593044832,llm_1,1.6611254937056437
32.3,ego_0,1192.6594915889834,-11.200000000000003,27.711322845002375,22.82864462675866,llm_0,0.04033043371435563,0.04033043371435563,0.04033043371435563,0.04033043371435563,0.03993112248945607,0,highway_0,0,868.6594915889834,1192.6594915889834,llm_1,1.6561453228796275
32.4,ego_0,1195.4310282797624,-11.200000000000003,27.715366907789587,22.993778673835777,llm_0,0.040845034150814336,0.040845034150814336,0.040845034150814336,0.040845034150814336,0.04044062787212255,0,highway_0,0,871.4310282797624,1195.4310282797624,llm_1,1.6513404707714336
32.5,ego_0,1198.202974976346,-11.200000000000003,27.719466965836542,23.1584276699939,llm_0,0.04141058627426633,0.04141058627426633,0.04141058627426633,0.04141058627426633,0.04100058046955013,0,highway_0,0,874.202974976346,1198.202974976346,llm_1,1.6464899615812136
32.6,ego_0,1200.975336737058,-11.200000000000003,27.72361760711852,23.3225875766002,llm_0,0.04192147694797038,0.04192147694797038,0.04192147694797038,0.04192147694797038,0.041506412819778404,0,highway_0,0,876.9753367370579,1200.975336737058,llm_1,1.6415990660635984
32.7,ego_0,1203.7481181216306,-11.200000000000003,27.727813845726587,23.486254839681123,llm_0,0.04238200994149299,0.04238200994149299,0.04238200994149299,0.04238200994149299,0.04196238608066949,0,highway_0,0,879.7481181216306,1203.7481181216306,llm_1,1.6366726308091089
32.8,ego_0,1206.5213232301192,-11.200000000000003,27.73205108488525,23.649448763560486,llm_0,0.042796115502493653,0.042796115502493653,0.042796115502493653,0.042796115502493653,0.04237239158662476,0,highway_0,0,882.5213232301192,1206.5213232301192,llm_1,1.6319392387942564
32.9,ego_0,1209.2949567540568,-11.200000000000003,27.7363352393772,23.812165329204163,llm_0,0.04326996036871411,0.04326996036871411,0.04326996036871411,0.04326996036871411,0.042841544919518526,0,highway_0,0,885.2949567540568,1209.2949567540568,llm_1,1.6271656564350359
33.0,ego_0,1212.069022909045,-11.200000000000003,27.74066154988342,23.974400984360727,llm_0,0.04369573611282715,0.04369573611282715,0.04369573611282715,0.04369573611282715,0.04326310506218789,0,highway_0,0,888.0690229090451,1212.069022909045,llm_1,1.622356551564188
33.1,ego_0,1214.8435254712822,-11.200000000000003,27.7450256223713,24.13615260715892,llm_0,0.044077132127588986,0.044077132127588986,0.044077132127588986,0.044077132127588986,0.043640724878812875,0,highway_0,0,890.8435254712822,1214.8435254712822,llm_1,1.6175162279815893
33.2,ego_0,1217.6184678110294,-11.200000000000003,27.749423397472686,24.29744079142256,llm_0,0.04441752852395475,0.04441752852395475,0.04441752852395475,0.04441752852395475,0.043977751013848376,0,highway_0,0,893.6184678110294,1217.6184678110294,llm_1,1.6128818426359643
33.3,ego_0,1220.3938539446658,-11.200000000000003,27.753861336364878,24.458261840669365,llm_0,0.04482318281114114,0.04482318281114114,0.04482318281114114,0.04482318281114114,0.04437938892191795,0,highway_0,0,896.3938539446658,1220.3938539446658,llm_1,1.6082104924674638
33.4,ego_0,1223.16968745887,-11.200000000000003,27.758335142041627,24.618612483785,llm_0,0.045185437335189566,0.045185437335189566,0.045185437335189566,0.045185437335189566,0.04473805676749265,0,highway_0,0,899.1696874588699,1223.16968745887,llm_1,1.60350643115655
33.5,ego_0,1225.9459715428636,-11.200000000000003,27.762840839936956,24.778489842838326,llm_0,0.045507548742842296,0.045507548742842296,0.045507548742842296,0.045507548742842296,0.04505697895329064,0,highway_0,0,901.9459715428636,1225.9459715428636,llm_1,1.5987735905322396
33.6,ego_0,1228.7227090180377,-11.200000000000003,27.767374751739542,24.93791381071128,llm_0,0.04579250920609679,0.04579250920609679,0.04579250920609679,0.04579250920609679,0.04533911802585777,0,highway_0,0,904.7227090180377,1228.7227090180377,llm_1,1.5942396787296538
33.7,ego_0,1231.4999033151007,-11.200000000000003,27.7719429706294,25.09688095669526,llm_0,0.04613901078756663,0.04613901078756663,0.04613901078756663,0.04613901078756663,0.045682188898581444,0,highway_0,0,907.4999033151007,1231.4999033151007,llm_1,1.5896714598397956
33.8,ego_0,1234.2775574743177,-11.200000000000003,27.776541592170208,25.255388240525235,llm_0,0.04644607756214822,0.04644607756214822,0.04644607756214822,0.04644607756214822,0.045986215408078124,0,highway_0,0,910.2775574743177,1234.2775574743177,llm_1,1.5850728382989878
33.9,ego_0,1237.0556741742082,-11.200000000000003,27.78116699890516,25.413432983681787,llm_0,0.04671660802302463,0.04671660802302463,0.04671660802302463,0.04671660802302463,0.04625406734952264,0,highway_0,0,913.0556741742082,1237.0556741742082,llm_1,1.5804474315640356
34.0,ego_0,1239.8342557579824,-11.200000000000003,27.78581583774304,25.571012842954588,llm_0,0.046953272262594214,0.046953272262594214,0.046953272262594214,0.046953272262594214,0.04648838837880476,0,highway_0,0,915.8342557579824,1239.8342557579824,llm_1,1.575798592726155
34.1,ego_0,1242.6133042579158,-11.200000000000003,27.79048499933524,25.728125786068176,llm_0,0.047158532081229054,0.047158532081229054,0.047158532081229054,0.047158532081229054,0.04669161592200766,0,highway_0,0,918.6133042579158,1242.6133042579158,llm_1,1.5711294311339543
34.2,ego_0,1245.3928214178407,-11.200000000000003,27.795171599247055,25.88477006919038,llm_0,0.04733465910930934,0.04733465910930934,0.04733465910930934,0.04733465910930934,0.04686599911813971,0,highway_0,0,921.3928214178407,1245.3928214178407,llm_1,1.5664428312221403
34.3,ego_0,1248.1728087139154,-11.200000000000003,27.799872960748264,26.040944216162643,llm_0,0.04748375116221207,0.04748375116221207,0.04748375116221207,0.04748375116221207,0.047013615012083676,0,highway_0,0,924.1728087139154,1248.1728087139154,llm_1,1.561741469720932
34.4,ego_0,1250.9532673738222,-11.200000000000003,27.80458659906717,26.196646999302857,llm_0,0.04760774702096893,0.04760774702096893,0.04760774702096893,0.04760774702096893,0.04713638318907698,0,highway_0,0,926.9532673738222,1250.9532673738222,llm_1,1.5570278314020243
34.5,ego_0,1253.7341983945191,-11.200000000000003,27.809310206968938,26.351877421652944,llm_0,0.0477084398078399,0.0477084398078399,0.0477084398078399,0.0477084398078399,0.047236079017665134,0,highway_0,0,929.7341983945191,1253.7341983945191,llm_1,1.5523042235002578
34.6,ego_0,1256.5156025586725,-11.200000000000003,27.814041641533887,26.506634700546556,llm_0,0.04778748910599029,0.04778748910599029,0.04778748910599029,0.04778748910599029,0.04731434564948955,0,highway_0,0,932.5156025586725,1256.5156025586725,llm_1,1.5475727889353088
34.7,ego_0,1259.297480449875,-11.200000000000003,27.81877891202445,26.660918252391184,llm_0,0.0478464319546818,0.0478464319546818,0.0478464319546818,0.0478464319546818,0.0473727049056194,0,highway_0,0,935.2974804498749,1259.297480449875,llm_1,1.5428355184447469
34.8,ego_0,1262.079832466749,-11.200000000000003,27.823520168740913,26.814727678564168,llm_0,0.047886692836271144,0.047886692836271144,0.047886692836271144,0.047886692836271144,0.04741256716464193,0,highway_0,0,938.0798324667489,1262.079832466749,llm_1,1.5380942617282827
34.9,ego_0,1264.8626588360266,-11.200000000000003,27.828263692776346,26.96806275233348,llm_0,0.04790959275788084,0.04790959275788084,0.04790959275788084,0.04790959275788084,0.04743524035433211,0,highway_0,0,940.8626588360266,1264.8626588360266,llm_1,1.5333507376928495
35.0,ego_0,1267.6459596246857,-11.200000000000003,27.83300788659011,27.12092340672143,llm_0,0.04791635751901166,0.04791635751901166,0.04791635751901166,0.04791635751901166,0.04744193813763786,0,highway_0,0,943.6459596246857,1267.6459596246857,llm_1,1.5286065438790857
35.1,ego_0,1270.4297347512183,-11.200000000000003,27.837751265327352,27.273309723235798,llm_0,0.047908125246144656,0.047908125246144656,0.047908125246144656,0.047908125246144656,0.047433787372419545,0,highway_0,0,946.4297347512183,1270.4297347512183,llm_1,1.5238631651418437
35.2,ego_0,1273.2139839961003,-11.200000000000003,27.84249244881908,27.425221921400862,llm_0,0.04788595326646186,0.04788595326646186,0.04788595326646186,0.04788595326646186,0.04741183491727696,0,highway_0,0,949.2139839961003,1273.2139839961003,llm_1,1.519121981650116
35.3,ego_0,1275.9987070115208,-11.200000000000003,27.84723015420373,27.576660349027406,llm_0,0.04785082438494692,0.04785082438494692,0.04785082438494692,0.04785082438494692,0.04737705384648905,0,highway_0,0,951.9987070115208,1275.9987070115208,llm_1,1.5143842762654671
35.4,ego_0,1278.7839033304324,-11.200000000000003,27.851963189116823,27.72762547316279,llm_0,0.047803652622244786,0.047803652622244786,0.047803652622244786,0.047803652622244786,0.04733034913094514,0,highway_0,0,954.7839033304324,1278.7839033304324,llm_1,1.5096512413523726
35.5,ego_0,1281.5695723749725,-11.200000000000003,27.856690445400442,27.8781178716697,llm_0,0.04774528846452342,0.04774528846452342,0.04774528846452342,0.04774528846452342,0.04727256283619141,0,highway_0,0,957.5695723749725,1281.5695723749725,llm_1,1.5049239850687535
35.6,ego_0,1284.3557134643013,-11.200000000000003,27.86141089328868,28.02813822538792,llm_0,0.04767652367120978,0.04767652367120978,0.04767652367120978,0.04767652367120978,0.04720447888239221,0,highway_0,0,960.3557134643013,1284.3557134643013,llm_1,1.5002035371805142
35.7,ego_0,1287.1423258219043,-11.200000000000003,27.86612357602945,28.17768731083197,llm_0,0.047598095681774893,0.047598095681774893,0.047598095681774893,0.047598095681774893,0.04712682740770191,0,highway_0,0,963.1423258219043,1287.1423258219043,llm_1,1.495490854439744
35.8,ego_0,1289.929408582395,-11.200000000000003,27.87082760490652,28.326765993388335,llm_0,0.04751069165839314,0.04751069165839314,0.04751069165839314,0.04751069165839314,0.047040288770681116,0,highway_0,0,965.9294085823949,1289.929408582395,llm_1,1.490786825562676
35.9,ego_0,1292.7169607978578,-11.200000000000003,27.875522154629067,28.47537522097241,llm_0,0.04741495219771866,0.04741495219771866,0.04741495219771866,0.04741495219771866,0.046945497225472366,0,highway_0,0,968.7169607978578,1292.7169607978578,llm_1,1.4860922758401287
36.0,ego_0,1295.5049814437637,-11.200000000000003,27.880206459058925,28.623516018113605,llm_0,0.04731147474155578,0.04731147474155578,0.04731147474155578,0.04731147474155578,0.046843044298583436,0,highway_0,0,971.5049814437637,1295.5049814437637,llm_1,1.4814079714102704
36.1,ego_0,1298.2934694244884,-11.200000000000003,27.884879807248364,28.77118948043585,llm_0,0.04720081671333551,0.04720081671333551,0.04720081671333551,0.04720081671333551,0.04673348189438542,0,highway_0,0,974.2934694244884,1298.2934694244884,llm_1,1.4767346232208318
36.2,ego_0,1301.0824235784648,-11.200000000000003,27.889541539763673,28.918396769506444,llm_0,0.047083498404615565,0.047083498404615565,0.047083498404615565,0.047083498404615565,0.04661732515309325,0,highway_0,0,977.0824235784648,1301.0824235784648,llm_1,1.4720728907055225
36.3,ego_0,1303.871842682992,-11.200000000000003,27.89419104527194,29.065139108026187,llm_0,0.046960005633502944,0.046960005633502944,0.046960005633502944,0.046960005633502944,0.046495055082651504,0,highway_0,0,979.8718426829921,1303.871842682992,llm_1,1.4674233851972573
36.4,ego_0,1306.661725458729,-11.200000000000003,27.898827757370434,29.21141777533626,llm_0,0.046830792194788834,0.046830792194788834,0.046830792194788834,0.046830792194788834,0.04636712098495366,0,highway_0,0,982.661725458729,1306.661725458729,llm_1,1.462786673098762
36.5,ego_0,1309.452070573893,-11.200000000000003,27.903451151639707,29.357234103219298,llm_0,0.04669628211966395,0.04669628211966395,0.04669628211966395,0.04669628211966395,0.04623394269273717,0,highway_0,0,985.452070573893,1309.452070573893,llm_1,1.4581632788294883
36.6,ego_0,1312.2428766481833,-11.200000000000003,27.9080607429032,29.50258947197608,llm_0,0.046556871761264634,0.046556871761264634,0.046556871761264634,0.046556871761264634,0.04609591263491808,0,highway_0,0,988.2428766481833,1312.2428766481833,llm_1,1.4535536875659965
36.7,ego_0,1315.034142256451,-11.200000000000003,27.91265608267753,29.647485306755243,llm_0,0.046412931720738876,0.046412931720738876,0.046412931720738876,0.046412931720738876,0.045953397743296875,0,highway_0,0,991.0341422564511,1315.034142256451,llm_1,1.4489583477916668
36.8,ego_0,1317.825865932131,-11.200000000000003,27.917236756799028,29.79192307412245,llm_0,0.04626480862715909,0.04626480862715909,0.04626480862715909,0.04626480862715909,0.04580674121498873,0,highway_0,0,993.8258659321309,1317.825865932131,llm_1,1.444377673670168
36.9,ego_0,1320.6180461704523,-11.200000000000003,27.92180238321323,29.935904278848056,llm_0,0.046112826783444444,0.046112826783444444,0.046112826783444444,0.046112826783444444,0.04565626414201773,0,highway_0,0,996.6180461704523,1320.6180461704523,llm_1,1.4398120472559661
37.0,ego_0,1323.410681431444,-11.200000000000003,27.92635260991514,30.079430460903495,llm_0,0.045957289689255915,0.045957289689255915,0.045957289689255915,0.045957289689255915,0.04550226701908855,0,highway_0,0,999.4106814314439,1323.410681431444,llm_1,1.4352618205540573
37.1,ego_0,1326.2037701427469,-11.200000000000003,27.930887113029097,30.222503192647537,llm_0,0.045798481450975176,0.045798481450975176,0.045798481450975176,0.045798481450975176,0.045345031139589764,0,highway_0,0,1002.2037701427469,1326.2037701427469,llm_1,1.4307273174400983
37.2,ego_0,1328.9973107022486,-11.200000000000003,27.935405595017993,30.365124076192842,llm_0,0.045636668087835064,0.045636668087835064,0.045636668087835064,0.045636668087835064,0.04518481988895928,0,highway_0,0,1004.9973107022486,1328.9973107022486,llm_1,1.4262088354512024
37.3,ego_0,1331.7913014805497,-11.200000000000003,27.93990778301231,30.507294740938733,llm_0,0.045472098742575795,0.045472098742575795,0.045472098742575795,0.045472098742575795,0.04502187994315676,0,highway_0,0,1007.7913014805497,1331.7913014805497,llm_1,1.4217066474568867
37.4,ego_0,1334.5857408232748,-11.200000000000003,27.94439342725035,30.649016841260618,llm_0,0.0453050068042187,0.0453050068042187,0.0453050068042187,0.0453050068042187,0.04485644238041431,0,highway_0,0,1010.5857408232748,1334.5857408232748,llm_1,1.4172210032188453
37.5,ego_0,1337.380627053237,-11.200000000000003,27.94886229962163,30.7902920543454,llm_0,0.04513561094990859,0.04513561094990859,0.04513561094990859,0.04513561094990859,0.044688723712802414,0,highway_0,0,1013.380627053237,1337.380627053237,llm_1,1.412752130847565
37.6,ego_0,1340.1759584724678,-11.200000000000003,27.953314192306003,30.931122078161707,llm_0,0.04496411611217302,0.04496411611217302,0.04496411611217302,0.04496411611217302,0.04451892684372183,0,highway_0,0,1016.1759584724678,1340.1759584724678,llm_1,1.4083002381631928
37.7,ego_0,1342.9717333641179,-11.200000000000003,27.957748916501785,31.071508629558593,llm_0,0.044790714377386964,0.044790714377386964,0.044790714377386964,0.044790714377386964,0.0443472419578228,0,highway_0,0,1018.9717333641179,1342.9717333641179,llm_1,1.4038655139674105
37.8,ego_0,1345.7679499942415,-11.200000000000003,27.96216630123652,31.211453442482025,llm_0,0.044615585820777764,0.044615585820777764,0.044615585820777764,0.044615585820777764,0.044173847347330764,0,highway_0,0,1021.7679499942415,1345.7679499942415,llm_1,1.3994481292326775
37.9,ego_0,1348.5646066134668,-11.200000000000003,27.96656619225462,31.350958266303678,llm_0,0.04443889928282943,0.04443889928282943,0.04443889928282943,0.04443889928282943,0.04399891018103119,0,highway_0,0,1024.5646066134668,1348.5646066134668,llm_1,1.3950482382145744
38.0,ego_0,1351.3617014585645,-11.200000000000003,27.970948450976557,31.490024864252973,llm_0,0.04426081309155683,0.04426081309155683,0.04426081309155683,0.04426081309155683,0.04382258721935983,0,highway_0,0,1027.3617014585645,1351.3617014585645,llm_1,1.3906659794926384
38.1,ego_0,1354.159232753917,-11.200000000000003,27.97531295352455,31.628655011947558,llm_0,0.04408147573472482,0.04408147573472482,0.04408147573472482,0.04408147573472482,0.04364502547993254,0,highway_0,0,1030.159232753917,1354.159232753917,llm_1,1.3863014769446451
38.2,ego_0,1356.957198712898,-11.200000000000003,27.97965958981027,31.766850496013603,llm_0,0.043901026485801825,0.043901026485801825,0.043901026485801825,0.043901026485801825,0.04346636285720962,0,highway_0,0,1032.957198712898,1356.957198712898,llm_1,1.3819548406589242
38.3,ego_0,1359.755597539166,-11.200000000000003,27.983988262680278,31.904613112792504,llm_0,0.04371959598706637,0.04371959598706637,0.04371959598706637,0.04371959598706637,0.04328672870006045,0,highway_0,0,1035.755597539166,1359.755597539166,llm_1,1.377626167788918
38.4,ego_0,1362.5544274278775,-11.200000000000003,27.988298887115235,32.041944667128064,llm_0,0.04353730679305684,0.04353730679305684,0.04353730679305684,0.04353730679305684,0.04310624434957333,0,highway_0,0,1038.5544274278775,1362.5544274278775,llm_1,1.3733155433539608
38.5,ego_0,1365.3536865668254,-11.200000000000003,27.992591389479323,32.17884697122713,llm_0,0.043354273877298066,0.043354273877298066,0.043354273877298066,0.043354273877298066,0.04292502364087625,0,highway_0,0,1041.3536865668254,1365.3536865668254,llm_1,1.3690230409898732
38.6,ego_0,1368.153373137507,-11.200000000000003,27.996865706816447,32.31532184359253,llm_0,0.04317060510495346,0.04317060510495346,0.04317060510495346,0.04317060510495346,0.04274317337124245,0,highway_0,0,1044.153373137507,1368.153373137507,llm_1,1.364748723652749
38.7,ego_0,1370.953485316126,-11.200000000000003,28.0011217861901,32.45137110802057,llm_0,0.04298640167390902,0.04298640167390902,0.04298640167390902,0.04298640167390902,0.042560793736541314,0,highway_0,0,1046.953485316126,1370.953485316126,llm_1,1.3604926442790948
38.8,ego_0,1373.7540212745325,-11.200000000000003,28.005359584064017,32.58699659266108,llm_0,0.042801758526558015,0.042801758526558015,0.042801758526558015,0.042801758526558015,0.04237797873916094,0,highway_0,0,1049.7540212745325,1373.7540212745325,llm_1,1.3562548464051787
38.9,ego_0,1376.5549791811047,-11.200000000000003,28.009579065720885,32.7222001291359,llm_0,0.042616764734379836,0.042616764734379836,0.042616764734379836,0.042616764734379836,0.042194816568681404,0,highway_0,0,1052.5549791811047,1376.5549791811047,llm_1,1.3520353647483105
39.0,ego_0,1379.3563572015764,-11.200000000000003,28.013780204716653,32.85698355171121,llm_0,0.042431503857271874,0.042431503857271874,0.042431503857271874,0.042431503857271874,0.04201138995767906,0,highway_0,0,1055.3563572015764,1379.3563572015764,llm_1,1.3478342257525426
39.1,ego_0,1382.1581534998131,-11.200000000000003,28.01796298236808,32.99134869652153,llm_0,0.04224605427939829,0.04224605427939829,0.04224605427939829,0.04224605427939829,0.041827776514260506,0,highway_0,0,1058.1581534998131,1382.1581534998131,llm_1,1.3436514481011166
39.2,ego_0,1384.9603662385402,-11.200000000000003,28.022127387271368,33.12529740084142,llm_0,0.042060489523225636,0.042060489523225636,0.042060489523225636,0.042060489523225636,0.04164404903288954,0,highway_0,0,1060.9603662385402,1384.9603662385402,llm_1,1.3394870431978276
39.3,ego_0,1387.7629935800253,-11.200000000000003,28.02627341484991,33.25883150240338,llm_0,0.04187487854327254,0.04187487854327254,0.04187487854327254,0.04187487854327254,0.04146027578542544,0,highway_0,0,1063.7629935800253,1387.7629935800253,llm_1,1.335341015619285
39.4,ego_0,1390.5660336867181,-11.200000000000003,28.030401066929215,33.39195283875756,llm_0,0.041689286000979014,0.041689286000979014,0.041689286000979014,0.041689286000979014,0.041276520793047666,0,highway_0,0,1066.5660336867181,1390.5660336867181,llm_1,1.3312133635399803
39.5,ego_0,1393.369484721852,-11.200000000000003,28.034510351337335,33.5246632466708,llm_0,0.04150377252200693,0.04150377252200693,0.04150377252200693,0.04150377252200693,0.04109284408119862,0,highway_0,0,1069.369484721852,1393.369484721852,llm_1,1.3271040791318605
39.6,ego_0,1396.173344850005,-11.200000000000003,28.038601281529132,33.65696456156479,llm_0,0.041318394937162134,0.041318394937162134,0.041318394937162134,0.041318394937162134,0.04090930191797071,0,highway_0,0,1072.173344850005,1396.173344850005,llm_1,1.3230131489400634
39.7,ego_0,1398.9776122376281,-11.200000000000003,28.042673876232904,33.78885861698859,llm_0,0.041133206508097264,0.041133206508097264,0.041133206508097264,0.041133206508097264,0.04072594703771415,0,highway_0,0,1074.9776122376281,1398.9776122376281,llm_1,1.318940554236292
39.8,ego_0,1401.78228505354,-11.200000000000003,28.046728159117933,33.92034724412383,llm_0,0.04094825713878911,0.04094825713878911,0.04094825713878911,0.04094825713878911,0.04054282885029181,0,highway_0,0,1077.78228505354,1401.78228505354,llm_1,1.3148862713512628
39.9,ego_0,1404.587361469388,-11.200000000000003,28.050764158481673,34.05143227132271,llm_0,0.040763593573767215,0.040763593573767215,0.040763593573767215,0.040763593573767215,0.04035999363740217,0,highway_0,0,1080.587361469388,1404.587361469388,llm_1,1.3108502719875226
40.0,ego_0,1407.3928396600836,-11.200000000000003,28.054781906955334,34.182115523674156,llm_0,0.04057925958400463,0.04057925958400463,0.04057925958400463,0.04057925958400463,0.04017748473660987,0,highway_0,0,1083.3928396600836,1407.3928396600836,llm_1,1.3068325235138616
40.1,ego_0,1410.1987178042064,-11.200000000000003,28.058781441226746,34.312398822598425,llm_0,0.04039529614126325,0.04039529614126325,0.04039529614126325,0.04039529614126325,0.0399953427141142,0,highway_0,0,1086.1987178042064,1410.1987178042064,llm_1,1.3028329892424502
40.2,ego_0,1413.0049940843842,-11.200000000000003,28.06276280177939,34.44228398546761,llm_0,0.04021174158168159,0.04021174158168159,0.04021174158168159,0.04021174158168159,0.039813605526433093,0,highway_0,0,1089.0049940843842,1413.0049940843842,llm_1,1.2988516286898069
40.3,ego_0,1415.8116666876488,-11.200000000000003,28.066726032646645,34.57177282525004,llm_0,0.04002863175932006,0.04002863175932006,0.04002863175932006,0.04002863175932006,0.03963230867256584,0,highway_0,0,1091.8116666876488,1415.8116666876488,llm_1,1.2948883978225503
40.4,ego_0,1418.6187338057669,-11.200000000000003,28.07067118118034,34.700867150178965,llm_0,0.03984600019030729,0.03984600019030729,0.03984600019030729,0.03984600019030729,0.039451485336954306,0,highway_0,0,1094.6187338057669,1418.6187338057669,llm_1,1.2909432492888548
40.5,ego_0,1421.4261936355501,-11.200000000000003,28.07459829783264,34.829568763442694,llm_0,0.039663878188214735,0.039663878188214735,0.039663878188214735,0.039663878188214735,0.039271166522993894,0,highway_0,0,1097.4261936355501,1421.4261936355501,llm_1,1.2870161326365555
40.6,ego_0,1424.2340443791452,-11.200000000000003,28.078507435950584,34.95787946289465,llm_0,0.039482294991246863,0.039482294991246863,0.039482294991246863,0.039482294991246863,0.03909138117943911,0,highway_0,0,1100.2340443791452,1424.2340443791452,llm_1,1.2831069945186115
40.7,ego_0,1427.0422842443033,-11.200000000000003,28.082398651582437,35.08580104078351,llm_0,0.03930127788173585,0.03930127788173585,0.03930127788173585,0.03930127788173585,0.03891215631853129,0,highway_0,0,1103.0422842443033,1427.0422842443033,llm_1,1.2792157788867584
40.8,ego_0,1429.8509114446329,-11.200000000000003,28.086272003295157,35.21333528350101,llm_0,0.039120852298477254,0.039120852298477254,0.039120852298477254,0.039120852298477254,0.038733517127198525,0,highway_0,0,1105.8509114446329,1429.8509114446329,llm_1,1.2753424271740386
40.9,ego_0,1432.659924199833,-11.200000000000003,28.09012755200232,35.340483971347794,llm_0,0.0389410419423431,0.0389410419423431,0.0389410419423431,0.0389410419423431,0.03855548707161205,0,highway_0,0,1108.659924199833,1432.659924199833,llm_1,1.2714868784668774
41.0,ego_0,1435.4693207359132,-11.200000000000003,28.093965360801885,35.46724887831465,llm_0,0.038761868875622385,0.038761868875622385,0.038761868875622385,0.038761868875622385,0.03837808799566744,0,highway_0,0,1111.4693207359132,1435.4693207359132,llm_1,1.2676490696673106
41.1,ego_0,1438.2790992853957,-11.200000000000003,28.097785494823217,35.593631771879245,llm_0,0.03858335361545612,0.03858335361545612,0.03858335361545612,0.03858335361545612,0.03820134021331967,0,highway_0,0,1114.2790992853957,1438.2790992853957,llm_1,1.2638289356459786
41.2,ego_0,1441.089258087504,-11.200000000000003,28.101588021082797,35.71963441281787,llm_0,0.03840551522177199,0.03840551522177199,0.03840551522177199,0.03840551522177199,0.03802526259580219,0,highway_0,0,1117.089258087504,1441.089258087504,llm_1,1.2600264093863984
41.3,ego_0,1443.8997953883388,-11.200000000000003,28.10537300834815,35.845258555030114,llm_0,0.038228371380050585,0.038228371380050585,0.038228371380050585,0.038228371380050585,0.037849872653517025,0,highway_0,0,1119.8997953883388,1443.8997953883388,llm_1,1.2562414221210467
41.4,ego_0,1446.7107094410399,-11.200000000000003,28.109140527009462,35.97050594537609,llm_0,0.03805193847924135,0.03805193847924135,0.03805193847924135,0.03805193847924135,0.03767518661312863,0,highway_0,0,1122.7107094410399,1446.7107094410399,llm_1,1.2524739034597339
41.5,ego_0,1449.5219985059357,-11.200000000000003,28.112890648958484,36.09537832352726,llm_0,0.03787623168513696,0.03787623168513696,0.03787623168513696,0.03787623168513696,0.0375012194902169,0,highway_0,0,1125.5219985059357,1449.5219985059357,llm_1,1.2487237815107122
41.6,ego_0,1452.3336608506831,-11.200000000000003,28.116623447474275,36.21987742182682,llm_0,0.03770126500950627,0.03770126500950627,0.03770126500950627,0.03770126500950627,0.03732798515791558,0,highway_0,0,1128.3336608506831,1452.3336608506831,llm_1,1.2449909829949206
41.7,ego_0,1455.1456947503948,-11.200000000000003,28.120338997115383,36.344004965162185,llm_0,0.03752705137519968,0.03752705137519968,0.03752705137519968,0.03752705137519968,0.037155496411074296,0,highway_0,0,1131.1456947503948,1455.1456947503948,llm_1,1.2412754333538132
41.8,ego_0,1457.9580984877566,-11.200000000000003,28.12403737361811,36.46776267084738,llm_0,0.037353602677530795,0.037353602677530795,0.037353602677530795,0.037353602677530795,0.03698376502725864,0,highway_0,0,1133.9580984877566,1457.9580984877566,llm_1,1.2375770568510873
41.9,ego_0,1460.7708703531366,-11.200000000000003,28.127718653800496,36.59115224851439,llm_0,0.037180929842127536,0.037180929842127536,0.037180929842127536,0.037180929842127536,0.036812801823877805,0,highway_0,0,1136.7708703531366,1460.7708703531366,llm_1,1.2338957766686995
42.0,ego_0,1463.5840086446838,-11.200000000000003,28.13138291547173,36.714175400014256,llm_0,0.03700904287947021,0.03700904287947021,0.03700904287947021,0.03700904287947021,0.036642616712327936,0,highway_0,0,1139.5840086446838,1463.5840086446838,llm_1,1.2302315149974667
42.1,ego_0,1466.3975116684185,-11.200000000000003,28.135030237346612,36.83683381932656,llm_0,0.03683795093633127,0.03683795093633127,0.03683795093633127,0.03683795093633127,0.03647321874883147,0,highway_0,0,1142.3975116684185,1466.3975116684185,llm_1,1.2265841931225836
42.2,ego_0,1469.211377738315,-11.200000000000003,28.13866069896486,36.95912919247712,llm_0,0.03666766234429519,0.03666766234429519,0.03666766234429519,0.03666766234429519,0.03630461618246983,0,highway_0,0,1145.211377738315,1469.211377738315,llm_1,1.2229537315043366
42.3,ego_0,1472.0256051763763,-11.200000000000003,28.14227438061491,37.081063197462754,llm_0,0.036498184665535865,0.036498184665535865,0.036498184665535865,0.036498184665535865,0.036136816500516034,0,highway_0,0,1148.0256051763763,1472.0256051763763,llm_1,1.219340049854285
42.4,ego_0,1474.8401923127026,-11.200000000000003,28.145871363262042,37.202637504183485,llm_0,0.0363295247360132,0.0363295247360132,0.0363295247360132,0.0363295247360132,0.03596982647131597,0,highway_0,0,1150.8401923127026,1474.8401923127026,llm_1,1.2157430672071534
42.5,ego_0,1477.6551374855505,-11.200000000000003,28.149451728480482,37.32385377438254,llm_0,0.036161688706238954,0.036161688706238954,0.036161688706238954,0.036161688706238954,0.035803652184398516,0,highway_0,0,1153.6551374855505,1477.6551374855505,llm_1,1.2121627019887136
42.6,ego_0,1480.4704390413895,-11.200000000000003,28.15301555838937,37.44471366159064,llm_0,0.03599468207978512,0.03599468207978512,0.03599468207978512,0.03599468207978512,0.03563829908888039,0,highway_0,0,1156.4704390413895,1480.4704390413895,llm_1,1.2085988720798255
42.7,ego_0,1483.2860953349486,-11.200000000000003,28.1565629355923,37.565218811078466,llm_0,0.035828509749610826,0.035828509749610826,0.035828509749610826,0.035828509749610826,0.03547377202931301,0,highway_0,0,1159.2860953349486,1483.2860953349486,llm_1,1.2050514948768942
42.8,ego_0,1486.1021047292606,-11.200000000000003,28.160093943120263,37.685370859813474,llm_0,0.03566317603239802,0.03566317603239802,0.03566317603239802,0.03566317603239802,0.03531007527961094,0,highway_0,0,1162.1021047292606,1486.1021047292606,llm_1,1.2015204873489331
42.9,ego_0,1488.9184655956985,-11.200000000000003,28.163608664377787,37.8051714364226,llm_0,0.03549868470097303,0.03549868470097303,0.03549868470097303,0.03549868470097303,0.03514721257523945,0,highway_0,0,1164.9184655956985,1488.9184655956985,llm_1,1.1980057660914092
43.0,ego_0,1491.7351763140077,-11.200000000000003,28.16710718309214,37.924622161160414,llm_0,0.03533503901494095,0.03533503901494095,0.03533503901494095,0.03533503901494095,0.03498518714351917,0,highway_0,0,1167.7351763140077,1491.7351763140077,llm_1,1.1945072473770573
43.1,ego_0,1494.5522352723342,-11.200000000000003,28.170589583265368,38.04372464588096,llm_0,0.035172241749637484,0.035172241749637484,0.035172241749637484,0.035172241749637484,0.034824001732296495,0,highway_0,0,1170.5522352723342,1494.5522352723342,llm_1,1.1910248472038276
43.2,ego_0,1497.3696408672472,-11.200000000000003,28.174055949129077,38.16248049401497,llm_0,0.03501029522348087,0.03501029522348087,0.03501029522348087,0.03501029522348087,0.034663658637086314,0,highway_0,0,1173.3696408672472,1497.3696408672472,llm_1,1.187558481340119
43.3,ego_0,1500.1873915037575,-11.200000000000003,28.177506365101735,38.28089130055173,llm_0,0.03484920132383429,0.03484920132383429,0.03484920132383429,0.03484920132383429,0.0345041597265805,0,highway_0,0,1176.1873915037575,1500.1873915037575,llm_1,1.184108065367461
43.4,ego_0,1503.0054855953324,-11.200000000000003,28.180940915748415,38.39895865202379,llm_0,0.034688961531463586,0.034688961531463586,0.034688961531463586,0.034688961531463586,0.03434550646680634,0,highway_0,0,1179.0054855953324,1503.0054855953324,llm_1,1.1806735147207803
43.5,ego_0,1505.8239215639067,-11.200000000000003,28.184359685742834,38.51668412649656,llm_0,0.03452957694365491,0.03452957694365491,0.03452957694365491,0.03452957694365491,0.03418769994418369,0,highway_0,0,1181.8239215639067,1505.8239215639067,llm_1,1.177254744726362
43.6,ego_0,1508.6426978398897,-11.200000000000003,28.187762759831553,38.634069293560515,llm_0,0.034371048296085616,0.034371048296085616,0.034371048296085616,0.034371048296085616,0.03403074088719649,0,highway_0,0,1184.6426978398897,1508.6426978398897,llm_1,1.1738516706376423
43.7,ego_0,1511.4618128621698,-11.200000000000003,28.191150222800218,38.7511157143274,llm_0,0.03421337598349694,0.03421337598349694,0.03421337598349694,0.03421337598349694,0.03387462968664323,0,highway_0,0,1187.4618128621698,1511.4618128621698,llm_1,1.170464207668978
43.8,ego_0,1514.281265078114,-11.200000000000003,28.194522159441732,38.86782494143017,llm_0,0.03405656007926969,0.03405656007926969,0.03405656007926969,0.03405656007926969,0.033719366415141394,0,highway_0,0,1190.281265078114,1514.281265078114,llm_1,1.1670922710274638
43.9,ego_0,1517.1010529435666,-11.200000000000003,28.197878654526278,38.98419851902463,llm_0,0.033900600353945626,0.033900600353945626,0.033900600353945626,0.033900600353945626,0.03356495084545941,0,highway_0,0,1193.1010529435666,1517.1010529435666,llm_1,1.1637357759429179
44.0,ego_0,1519.9211749228439,-11.200000000000003,28.201219792773085,39.1002379827944,llm_0,0.03374549629273971,0.03374549629273971,0.03374549629273971,0.03374549629273971,0.033411382468067075,0,highway_0,0,1195.9211749228439,1519.9211749228439,llm_1,1.1603946376961112
44.1,ego_0,1522.7416294887262,-11.200000000000003,28.20454565882379,39.21594485995911,llm_0,0.03359124711211789,0.03359124711211789,0.03359124711211789,0.03359124711211789,0.03325866050705173,0,highway_0,0,1198.7416294887262,1522.7416294887262,llm_1,1.157068771645406
44.2,ego_0,1525.5624151224479,-11.200000000000003,28.207856337217404,39.33132066928442,llm_0,0.033437851775504124,0.033437851775504124,0.033437851775504124,0.033437851775504124,0.03310678393614097,0,highway_0,0,1201.5624151224479,1525.5624151224479,llm_1,1.153758093251792
44.3,ego_0,1528.3835303136846,-11.200000000000003,28.211151912366724,39.44636692109475,llm_0,0.03328530900813448,0.03328530900813448,0.03328530900813448,0.03328530900813448,0.03295575149319774,0,highway_0,0,1204.3835303136846,1528.3835303136846,llm_1,1.1504625181024721
44.4,ego_0,1531.204973560538,-11.200000000000003,28.214432468536142,39.56108511728826,llm_0,0.03313361731112682,0.03313361731112682,0.03313361731112682,0.03313361731112682,0.03280556169418247,0,highway_0,0,1207.204973560538,1531.204973560538,llm_1,1.1471819619330539
44.5,ego_0,1534.02674336952,-11.200000000000003,28.21769808982078,39.675476751353244,llm_0,0.03298277497480415,0.03298277497480415,0.03298277497480415,0.03298277497480415,0.032656212846369215,0,highway_0,0,1210.02674336952,1534.02674336952,llm_1,1.143916340648417
44.6,ego_0,1536.8488382555329,-11.200000000000003,28.22094886012685,39.789543308387465,llm_0,0.03283278009130647,0.03283278009130647,0.03283278009130647,0.03283278009130647,0.03250770306070905,0,highway_0,0,1212.8488382555329,1536.8488382555329,llm_1,1.140665570342346
44.7,ego_0,1539.6712567418483,-11.200000000000003,28.22418486315324,39.90328626511905,llm_0,0.03268363056654705,0.03268363056654705,0.03268363056654705,0.03268363056654705,0.03236003026390932,0,highway_0,0,1215.6712567418483,1539.6712567418483,llm_1,1.1374295673159551
44.8,ego_0,1542.4939973600858,-11.200000000000003,28.227406182374185,40.01670708992856,llm_0,0.03253532413152663,0.03253532413152663,0.03253532413152663,0.03253532413152663,0.03221319220944707,0,highway_0,0,1218.4939973600858,1542.4939973600858,llm_1,1.1342082480950104
44.9,ego_0,1545.317058650188,-11.200000000000003,28.230612901023,40.12980724287331,llm_0,0.032387858353055576,0.032387858353055576,0.032387858353055576,0.032387858353055576,0.032067186488156096,0,highway_0,0,1221.317058650188,1545.317058650188,llm_1,1.1310015294461948
45.0,ego_0,1548.1404391603958,-11.200000000000003,28.233805102076854,40.242588175712626,llm_0,0.032241230643914126,0.032241230643914126,0.032241230643914126,0.032241230643914126,0.03192201053852983,0,highway_0,0,1224.1404391603958,1548.1404391603958,llm_1,1.1278093283923418
45.1,ego_0,1550.96413744722,-11.200000000000003,28.236982868242443,40.35505133193533,llm_0,0.03209543827247091,0.03209543827247091,0.03209543827247091,0.03209543827247091,0.03177766165588736,0,highway_0,0,1226.96413744722,1550.96413744722,llm_1,1.124631562226753
45.2,ego_0,1553.7881520754142,-11.200000000000003,28.24014628194262,40.46719814678818,llm_0,0.03195047837181075,0.03195047837181075,0.03195047837181075,0.03195047837181075,0.031634137001788076,0,highway_0,0,1229.7881520754142,1553.7881520754142,llm_1,1.1214681485265743
45.3,ego_0,1556.6124816179447,-11.200000000000003,28.243295425303845,40.57903004730474,llm_0,0.031806347948371366,0.031806347948371366,0.031806347948371366,0.031806347948371366,0.031491433612238495,0,highway_0,0,1232.6124816179447,1556.6124816179447,llm_1,1.1183190051653504
45.4,ego_0,1559.4371246559592,-11.200000000000003,28.246430380144453,40.690548452337225,llm_0,0.0316630438901338,0.0316630438901338,0.0316630438901338,0.0316630438901338,0.03134954840607662,0,highway_0,0,1235.4371246559592,1559.4371246559592,llm_1,1.1151840503247428
45.5,ego_0,1562.2620797787556,-11.200000000000003,28.2495512279637,40.801754772587856,llm_0,0.03152056297438552,0.03152056297438552,0.03152056297438552,0.03152056297438552,0.031208478192468192,0,highway_0,0,1238.2620797787556,1562.2620797787556,llm_1,1.112063202505496
45.6,ego_0,1565.0873455837489,-11.200000000000003,28.25265804993153,40.91265041064162,llm_0,0.03137890187507855,0.03137890187507855,0.03137890187507855,0.03137890187507855,0.031068219678296316,0,highway_0,0,1241.0873455837489,1565.0873455837489,llm_1,1.1089563805376663
45.7,ego_0,1567.9129206764367,-11.200000000000003,28.255750926879035,41.02323676100082,llm_0,0.031238057169798467,0.031238057169798467,0.031238057169798467,0.031238057169798467,0.03092876947505374,0,highway_0,0,1243.9129206764367,1567.9129206764367,llm_1,1.105863503590161
45.8,ego_0,1570.7388036703655,-11.200000000000003,28.25882993928957,41.13351521011896,llm_0,0.031098025346377373,0.031098025346377373,0.031098025346377373,0.031098025346377373,0.03079012410534432,0,highway_0,0,1246.7388036703655,1570.7388036703655,llm_1,1.1027844911796265
45.9,ego_0,1573.5649931870946,-11.200000000000003,28.261895167290476,41.2434871364369,llm_0,0.03095880280915428,0.03095880280915428,0.03095880280915428,0.03095880280915428,0.030652280009064725,0,highway_0,0,1249.5649931870946,1573.5649931870946,llm_1,1.09971926317872
46.0,ego_0,1576.391487856159,-11.200000000000003,28.264946690645417,41.35315391041945,llm_0,0.030820385884919116,0.030820385884919116,0.030820385884919116,0.030820385884919116,0.03051523354940855,0,highway_0,0,1252.391487856159,1576.391487856159,llm_1,1.0966677398237792
46.1,ego_0,1579.2182863150338,-11.200000000000003,28.26798458874725,41.46251689459177,llm_0,0.030682770828542594,0.030682770828542594,0.030682770828542594,0.030682770828542594,0.03037898101833747,0,highway_0,0,1255.2182863150338,1579.2182863150338,llm_1,1.0936298417219454
46.2,ego_0,1582.045387209095,-11.200000000000003,28.27100894061144,41.57157744357755,llm_0,0.03054595382830763,0.03054595382830763,0.03054595382830763,0.03054595382830763,0.030243518641910327,0,highway_0,0,1258.045387209095,1582.045387209095,llm_1,1.0906054898577544
46.3,ego_0,1584.872789191582,-11.200000000000003,28.274019824869956,41.680336904137675,llm_0,0.030409931010971003,0.030409931010971003,0.030409931010971003,0.030409931010971003,0.03010884258515034,0,highway_0,0,1260.872789191582,1584.872789191582,llm_1,1.0875946055992394
46.4,ego_0,1587.7004909235584,-11.200000000000003,28.277017319765655,41.788796615208184,llm_0,0.030274698446567966,0.030274698446567966,0.030274698446567966,0.030274698446567966,0.029974948956983383,0,highway_0,0,1263.7004909235584,1587.7004909235584,llm_1,1.084597110703541
46.5,ego_0,1590.528491073873,-11.200000000000003,28.280001503147133,41.89695790794053,llm_0,0.03014025215294655,0.03014025215294655,0.03014025215294655,0.03014025215294655,0.029841833814785446,0,highway_0,0,1266.528491073873,1590.528491073873,llm_1,1.0816129273220625
46.6,ego_0,1593.3567883191195,-11.200000000000003,28.282972452463973,42.00482210574114,llm_0,0.030006588100081333,0.030006588100081333,0.030006588100081333,0.030006588100081333,0.029709493168397216,0,highway_0,0,1269.3567883191195,1593.3567883191195,llm_1,1.0786419780052228
46.7,ego_0,1596.1853813435957,-11.200000000000003,28.285930244762405,42.11239052431188,llm_0,0.02987370221415983,0.02987370221415983,0.02987370221415983,0.02987370221415983,0.029577922984316274,0,highway_0,0,1272.1853813435957,1596.1853813435957,llm_1,1.0756841857067911
46.8,ego_0,1599.0142688392639,-11.200000000000003,28.28887495668136,42.21966447169075,llm_0,0.02974159038145688,0.02974159038145688,0.02974159038145688,0.02974159038145688,0.02944711918956955,0,highway_0,0,1275.0142688392639,1599.0142688392639,llm_1,1.0727394737878342
46.9,ego_0,1601.8434495057088,-11.200000000000003,28.291806664448885,42.326645248292834,llm_0,0.02961024845200172,0.02961024845200172,0.02961024845200172,0.02961024845200172,0.029317077675230507,0,highway_0,0,1277.8434495057088,1601.8434495057088,llm_1,1.0698077660203111
47.0,ego_0,1604.6729220500968,-11.200000000000003,28.29472544387889,42.43333414695189,llm_0,0.029479672243058752,0.029479672243058752,0.029479672243058752,0.029479672243058752,0.029187794300042924,0,highway_0,0,1280.6729220500968,1604.6729220500968,llm_1,1.0668889865903068
47.1,ego_0,1607.5026851871337,-11.200000000000003,28.297631370368237,42.53973245296197,llm_0,0.029349857542420255,0.029349857542420255,0.029349857542420255,0.029349857542420255,0.02905926489347621,0,highway_0,0,1283.5026851871337,1607.5026851871337,llm_1,1.0639830601009592
47.2,ego_0,1610.3327376390232,-11.200000000000003,28.300524518894132,42.64584144411947,llm_0,0.029220800111536188,0.029220800111536188,0.029220800111536188,0.029220800111536188,0.02893148525895839,0,highway_0,0,1286.3327376390232,1610.3327376390232,llm_1,1.0610899115750634
47.3,ego_0,1613.1630781354245,-11.200000000000003,28.303404964011804,42.751662390765205,llm_0,0.029092495688471387,0.029092495688471387,0.029092495688471387,0.029092495688471387,0.02880445117671826,0,highway_0,0,1289.1630781354245,1613.1630781354245,llm_1,1.0582094664573916
47.4,ego_0,1615.9937054134098,-11.200000000000003,28.306272779852467,42.85719655582693,llm_0,0.02896493999071076,0.02896493999071076,0.02896493999071076,0.02896493999071076,0.028678158406627574,0,highway_0,0,1291.9937054134098,1615.9937054134098,llm_1,1.0553416506167288
47.5,ego_0,1618.8246182174219,-11.200000000000003,28.30912804012156,42.96244519486186,llm_0,0.028838128717818684,0.028838128717818684,0.028838128717818684,0.028838128717818684,0.028552602690936624,0,highway_0,0,1294.8246182174219,1618.8246182174219,llm_1,1.0524863903476351
47.6,ego_0,1621.6558152992316,-11.200000000000003,28.311970818097198,43.067409556099165,llm_0,0.02871205755394829,0.02871205755394829,0.02871205755394829,0.02871205755394829,0.02842777975637034,0,highway_0,0,1297.6558152992316,1621.6558152992316,llm_1,1.049643612371998
47.7,ego_0,1624.4872954178945,-11.200000000000003,28.314801186628905,43.17209088048321,llm_0,0.028586722170236,0.028586722170236,0.028586722170236,0.028586722170236,0.028303685317077054,0,highway_0,0,1300.4872954178945,1624.4872954178945,llm_1,1.0468132438402904
47.8,ego_0,1627.3190573397083,-11.200000000000003,28.31761921813653,43.2764904017165,llm_0,0.02846211822704739,0.02846211822704739,0.02846211822704739,0.02846211822704739,0.02818031507626273,0,highway_0,0,1303.3190573397083,1627.3190573397083,llm_1,1.0439952123326641
47.9,ego_0,1630.151099838169,-11.200000000000003,28.320424984609417,43.38060934630266,llm_0,0.028338241376126116,0.028338241376126116,0.028338241376126116,0.028338241376126116,0.028057664728855514,0,highway_0,0,1306.151099838169,1630.151099838169,llm_1,1.0411894458597786
48.0,ego_0,1632.9834216939296,-11.200000000000003,28.323218557605713,43.48444893358919,llm_0,0.028215087262606603,0.028215087262606603,0.028215087262606603,0.028215087262606603,0.02793572996296234,0,highway_0,0,1308.9834216939296,1632.9834216939296,llm_1,1.0383958728634823
48.1,ego_0,1635.8160216947547,-11.200000000000003,28.326000008251942,43.58801037581111,llm_0,0.028092651526933993,0.028092651526933993,0.028092651526933993,0.028092651526933993,0.027814506462284783,0,highway_0,0,1311.8160216947547,1635.8160216947547,llm_1,1.0356144222172539
48.2,ego_0,1638.6488986354789,-11.200000000000003,28.328769407242703,43.69129487813393,llm_0,0.02797092980667487,0.02797092980667487,0.02797092980667487,0.02797092980667487,0.027693989907611183,0,highway_0,0,1314.6488986354789,1638.6488986354789,llm_1,1.0328450232264927
48.3,ego_0,1641.482051317963,-11.200000000000003,28.331526824840548,43.794303638696874,llm_0,0.027849917738225982,0.027849917738225982,0.027849917738225982,0.027849917738225982,0.02757417597845091,0,highway_0,0,1317.482051317963,1641.482051317963,llm_1,1.0300876056286477
48.4,ego_0,1644.3154785510505,-11.200000000000003,28.334272330876036,43.89703784865628,llm_0,0.027729610958443757,0.027729610958443757,0.027729610958443757,0.027729610958443757,0.027455060354881766,0,highway_0,0,1320.3154785510505,1644.3154785510505,llm_1,1.0273420995931595
48.5,ego_0,1647.1491791505252,-11.200000000000003,28.337005994747933,43.9994986922286,llm_0,0.027610005106172703,0.027610005106172703,0.027610005106172703,0.027610005106172703,0.027336638718971074,0,highway_0,0,1323.1491791505252,1647.1491791505252,llm_1,1.0246084357212624
48.6,ego_0,1649.9831519390675,-11.200000000000003,28.339727885423546,44.10168734673334,llm_0,0.027491095823689887,0.027491095823689887,0.027491095823689887,0.027491095823689887,0.027218906756125705,0,highway_0,0,1325.9831519390675,1649.9831519390675,llm_1,1.0218865450456498
48.7,ego_0,1652.8173957462113,-11.200000000000003,28.342438071439197,44.203604982636534,llm_0,0.02737287875807609,0.02737287875807609,0.02737287875807609,0.02737287875807609,0.02710186015651317,0,highway_0,0,1328.8173957462113,1652.8173957462113,llm_1,1.0191763590299985
48.8,ego_0,1655.6519094083014,-11.200000000000003,28.34513662090083,44.305252763593444,llm_0,0.027255349562508413,0.027255349562508413,0.027255349562508413,0.027255349562508413,0.02698549461634059,0,highway_0,0,1331.6519094083014,1655.6519094083014,llm_1,1.0164778095683644
48.9,ego_0,1658.4866917684499,-11.200000000000003,28.34782360148474,44.40663184649202,llm_0,0.02713850389748046,0.02713850389748046,0.02713850389748046,0.02713850389748046,0.02686980583909815,0,highway_0,0,1334.4866917684499,1658.4866917684499,llm_1,1.0137908289844546
49.0,ego_0,1661.3217416764937,-11.200000000000003,28.3504990804384,44.507743381495175,llm_0,0.027022337431954563,0.027022337431954563,0.027022337431954563,0.027022337431954563,0.026754789536589385,0,highway_0,0,1337.3217416764937,1661.3217416764937,llm_1,1.0111153500307957
49.1,ego_0,1664.157057988952,-11.200000000000003,28.353163124581414,44.608588512084,llm_0,0.026906845844445693,0.026906845844445693,0.026906845844445693,0.026906845844445693,0.026640441430139106,0,highway_0,0,1340.157057988952,1664.157057988952,llm_1,1.0084513058877818
49.2,ego_0,1666.9926395689827,-11.200000000000003,28.355815800306566,44.70916837510026,llm_0,0.026792024824048855,0.026792024824048855,0.026792024824048855,0.026792024824048855,0.026526757251517097,0,highway_0,0,1342.9926395689827,1666.9926395689827,llm_1,1.00579863016263
49.3,ego_0,1669.8284852863408,-11.200000000000003,28.358457173580963,44.80948410078918,llm_0,0.0266778700714016,0.0266778700714016,0.0266778700714016,0.0266778700714016,0.02641373274396841,0,highway_0,0,1345.8284852863408,1669.8284852863408,llm_1,1.0031572568882332
49.4,ego_0,1672.6645940173355,-11.200000000000003,28.361087309947262,44.90953681284145,llm_0,0.026564377299594738,0.026564377299594738,0.026564377299594738,0.026564377299594738,0.02630136366299496,0,highway_0,0,1348.6645940173355,1672.6645940173355,llm_1,1.0005271205219337
49.5,ego_0,1675.500964644788,-11.200000000000003,28.36370627452499,45.00932762843604,llm_0,0.026451542235026965,0.026451542235026965,0.026451542235026965,0.026451542235026965,0.026189645777279225,0,highway_0,0,1351.500964644788,1675.500964644788,llm_1,0.9979081559442058
49.6,ego_0,1678.3375960579892,-11.200000000000003,28.366314132011944,45.10885765828175,llm_0,0.026339360618213598,0.026339360618213598,0.026339360618213598,0.026339360618213598,0.026078574869536908,0,highway_0,0,1354.3375960579892,1678.3375960579892,llm_1,0.9953002984572521
49.7,ego_0,1681.1744871526578,-11.200000000000003,28.36891094668566,45.20812800666022,llm_0,0.02622782820453734,0.02622782820453734,0.02622782820453734,0.02622782820453734,0.025968146737156417,0,highway_0,0,1357.1744871526578,1681.1744871526578,llm_1,0.9927034837835365
49.8,ego_0,1684.0116368308982,-11.200000000000003,28.37149678240496,45.30713977146684,llm_0,0.026116940764966762,0.026116940764966762,0.026116940764966762,0.026116940764966762,0.02585835719301599,0,highway_0,0,1360.0116368308982,1684.0116368308982,llm_1,0.9901176480642349
49.9,ego_0,1686.8490440011594,-11.200000000000003,28.374071702611566,45.40589404425259,llm_0,0.02600669408671677,0.02600669408671677,0.02600669408671677,0.02600669408671677,0.025749202066052135,0,highway_0,0,1362.8490440011594,1686.8490440011594,llm_1,0.9875427278576296
50.0,ego_0,1689.6867075781927,-11.200000000000003,28.376635770331752,45.50439191026635,llm_0,0.02589708397387483,0.02589708397387483,0.02589708397387483,0.02589708397387483,0.025640677201863582,0,highway_0,0,1365.6867075781927,1689.6867075781927,llm_1,0.9849786601374433
50.1,ego_0,1692.5246264830105,-11.200000000000003,28.37918904817809,45.602634448495564,llm_0,0.02578810624799413,0.02578810624799413,0.02578810624799413,0.02578810624799413,0.025532778463386308,0,highway_0,0,1368.5246264830105,1692.5246264830105,llm_1,0.9824253822911047
50.2,ego_0,1695.3627996428456,-11.200000000000003,28.381731598351223,45.700622731707426,llm_0,0.025679756748636956,0.025679756748636956,0.025679756748636956,0.025679756748636956,0.025425501731319855,0,highway_0,0,1371.3627996428456,1695.3627996428456,llm_1,0.9798828321179727
50.3,ego_0,1698.2012259911098,-11.200000000000003,28.384263482641707,45.798357826490246,llm_0,0.025572031333888745,0.025572031333888745,0.025572031333888745,0.025572031333888745,0.02531884290483788,0,highway_0,0,1374.2012259911098,1698.2012259911098,llm_1,0.9773509478274889
50.4,ego_0,1701.039904467353,-11.200000000000003,28.38678476243189,45.895840793294155,llm_0,0.02546492588083607,0.02546492588083607,0.02546492588083607,0.02546492588083607,0.025212797901836836,0,highway_0,0,1377.039904467353,1701.039904467353,llm_1,0.9748296680373052
50.5,ego_0,1703.8788340172227,-11.200000000000003,28.38929549869783,45.99307268647135,llm_0,0.025358436286015723,0.025358436286015723,0.025358436286015723,0.025358436286015723,0.025107362659397836,0,highway_0,0,1379.8788340172227,1703.8788340172227,llm_1,0.9723189317713654
50.6,ego_0,1706.7180135924239,-11.200000000000003,28.391795752011276,46.09005455431725,llm_0,0.02525255846582894,0.02525255846582894,0.02525255846582894,0.02525255846582894,0.025002533134461657,0,highway_0,0,1382.7180135924239,1706.7180135924239,llm_1,0.9698186784579192
50.7,ego_0,1709.557442150678,-11.200000000000003,28.394285582541663,46.18678743911005,llm_0,0.02514728835693006,0.02514728835693006,0.02514728835693006,0.02514728835693006,0.024898305303864277,0,highway_0,0,1385.557442150678,1709.557442150678,llm_1,0.9673288479275328
50.8,ego_0,1712.397118655684,-11.200000000000003,28.396765050058153,46.28327237715121,llm_0,0.02504262191658188,0.02504262191658188,0.02504262191658188,0.02504262191658188,0.0247946751649053,0,highway_0,0,1388.397118655684,1712.397118655684,llm_1,0.9648493804110423
50.9,ego_0,1715.2370420770771,-11.200000000000003,28.399234213931717,46.379510398804996,llm_0,0.024938555122992895,0.024938555122992895,0.024938555122992895,0.024938555122992895,0.024691638735632182,0,highway_0,0,1391.2370420770771,1715.2370420770771,llm_1,0.9623802165374791
51.0,ego_0,1718.0772113903909,-11.200000000000003,28.401693133137226,46.4755025285383,llm_0,0.024835083975621813,0.024835083975621813,0.024835083975621813,0.024835083975621813,0.024589192055088915,0,highway_0,0,1394.0772113903909,1718.0772113903909,llm_1,0.9599212973319702
51.1,ego_0,1720.9176255770165,-11.200000000000003,28.404141866255586,46.57124978495972,llm_0,0.02473220449546157,0.02473220449546157,0.02473220449546157,0.02473220449546157,0.024487331183600247,0,highway_0,0,1396.9176255770165,1720.9176255770165,llm_1,0.9574725642136102
51.2,ego_0,1723.758283624164,-11.200000000000003,28.406580471475912,46.66675318085913,llm_0,0.024629912725302933,0.024629912725302933,0.024629912725302933,0.024629912725302933,0.02438605220326906,0,highway_0,0,1399.758283624164,1723.758283624164,llm_1,0.9550339589932832
51.3,ego_0,1726.5991845248238,-11.200000000000003,28.409009006597692,46.762013723246355,llm_0,0.024528204729967,0.024528204729967,0.024528204729967,0.024528204729967,0.024285351217798734,0,highway_0,0,1402.5991845248238,1726.5991845248238,llm_1,0.9526054238715034
51.4,ego_0,1729.4403272777272,-11.200000000000003,28.41142752903299,46.857032413390016,llm_0,0.024427076596529873,0.024427076596529873,0.024427076596529873,0.024427076596529873,0.02418522435299053,0,highway_0,0,1405.4403272777272,1729.4403272777272,llm_1,0.9501869014362043
51.5,ego_0,1732.281710887308,-11.200000000000003,28.413836095808687,46.95181024685621,llm_0,0.02432652443452113,0.02432652443452113,0.02432652443452113,0.02432652443452113,0.024085667756956752,0,highway_0,0,1408.281710887308,1732.281710887308,llm_1,0.9477783346605086
51.6,ego_0,1735.123334363665,-11.200000000000003,28.416234763568696,47.04634821354625,llm_0,0.02422654437610089,0.02422654437610089,0.02422654437610089,0.02422654437610089,0.023986677600085216,0,highway_0,0,1411.123334363665,1735.123334363665,llm_1,0.9453796669005001
51.7,ego_0,1737.9651967225227,-11.200000000000003,28.418623588576242,47.14064729773554,llm_0,0.024127132576224508,0.024127132576224508,0.024127132576224508,0.024127132576224508,0.023888250075465578,0,highway_0,0,1413.9651967225227,1737.9651967225227,llm_1,0.9429908418929536
51.8,ego_0,1740.8072969851944,-11.200000000000003,28.421002626716124,47.23470847811086,llm_0,0.024028285212790407,0.024028285212790407,0.024028285212790407,0.024028285212790407,0.023790381398818283,0,highway_0,0,1416.8072969851944,1740.8072969851944,llm_1,0.9406118037530717
51.9,ego_0,1743.6496341785441,-11.200000000000003,28.42337193349699,47.328532727808124,llm_0,0.023929998486766746,0.023929998486766746,0.023929998486766746,0.023929998486766746,0.023693067808672197,0,highway_0,0,1419.6496341785441,1743.6496341785441,llm_1,0.9382424969722045
52.0,ego_0,1746.4922073349496,-11.200000000000003,28.425731564053656,47.42212101444966,llm_0,0.023832268622311886,0.023832268622311886,0.023832268622311886,0.023832268622311886,0.023596305566648823,0,highway_0,0,1422.4922073349496,1746.4922073349496,llm_1,0.9358828664155396
52.1,ego_0,1749.3350154922646,-11.200000000000003,28.428081573149385,1000.0,,0.023735091866866148,0.023735091866866148,0.023735091866866148,0.023735091866866148,0.02350009095728467,0,highway_0,0,1425.3350154922646,1749.3350154922646,llm_1,-1029.4280815731495
52.2,ego_0,1752.179741314504,-11.200000000000003,28.447258222395348,1000.0,,0.19368415738424083,0.19368415738424083,0.19368415738424083,0.19368415738424083,0.19176649245963517,0,highway_0,0,1428.179741314504,1752.179741314504,llm_1,-1029.4472582223952
52.3,ego_0,1755.026363238707,-11.200000000000003,28.46621924203063,1000.0,,0.19150629831636268,0.19150629831636268,0.19150629831636268,0.19150629831636268,0.18961019635280962,0,highway_0,0,1431.026363238707,1755.026363238707,llm_1,-1029.4662192420305
52.4,ego_0,1757.8748599014568,-11.200000000000003,28.48496662749752,1000.0,,0.1893485932156299,0.1893485932156299,0.1893485932156299,0.1893485932156299,0.18747385466891586,0,highway_0,0,1433.8748599014568,1757.8748599014568,llm_1,-1029.4849666274974
52.5,ego_0,1760.7252101380257,-11.200000000000003,28.5035023656887,1000.0,,0.1872109557309184,0.1872109557309184,0.1872109557309184,0.1872109557309184,0.18535738191179263,0,highway_0,0,1436.7252101380257,1760.7252101380257,llm_1,-1029.5035023656887
52.6,ego_0,1763.5773929814998,-11.200000000000003,28.5218284347401,1000.0,,0.18509329741913816,0.18509329741913816,0.18509329741913816,0.18509329741913816,0.18326069051401106,0,highway_0,0,1439.5773929814998,1763.5773929814998,llm_1,-1029.5218284347402
52.7,ego_0,1766.4313876618828,-11.200000000000003,28.53994680383051,1000.0,,0.18299552781313877,0.18299552781313877,0.18299552781313877,0.18299552781313877,0.18118369090409203,0,highway_0,0,1442.4313876618828,1766.4313876618828,llm_1,-1029.5399468038306
52.8,ego_0,1769.2871736051816,-11.200000000000003,28.557859432987822,1000.0,,0.1809175544888435,0.1809175544888435,0.1809175544888435,0.1809175544888435,0.17912629157311954,0,highway_0,0,1445.2871736051816,1769.2871736051816,llm_1,-1029.557859432988
52.9,ego_0,1772.1447304324718,-11.200000000000003,28.57556827290184,1000.0,,0.17885928313158983,0.17885928313158983,0.17885928313158983,0.17885928313158983,0.1770883991401817,0,highway_0,0,1448.1447304324718,1772.1447304324718,llm_1,-1029.5755682729018
53.0,ego_0,1775.0040379589461,-11.200000000000003,28.59307526474359,1000.0,,0.1768206176016639,0.1768206176016639,0.1768206176016639,0.1768206176016639,0.17506991841749198,0,highway_0,0,1451.0040379589461,1775.0040379589461,llm_1,-1029.5930752647437
53.1,ego_0,1777.8650761929453,-11.200000000000003,28.610382339991016,1000.0,,0.17480145999901198,0.17480145999901198,0.17480145999901198,0.17480145999901198,0.17307075247426695,0,highway_0,0,1453.8650761929453,1777.8650761929453,llm_1,-1029.610382339991
53.2,ego_0,1780.7278253349714,-11.200000000000003,28.62749142026103,1000.0,,0.17280171072711747,0.17280171072711747,0.17280171072711747,0.17280171072711747,0.17109080270014232,0,highway_0,0,1456.7278253349714,1780.7278253349714,llm_1,-1029.627491420261
53.3,ego_0,1783.5922657766862,-11.200000000000003,28.644404417147765,1000.0,,0.17082126855602542,0.17082126855602542,0.17082126855602542,0.17082126855602542,0.16912996886734533,0,highway_0,0,1459.5922657766862,1783.5922657766862,llm_1,-1029.6444044171478
53.4,ego_0,1786.4583780998928,-11.200000000000003,28.661123232067023,1000.0,,0.16886003068450905,0.16886003068450905,0.16886003068450905,0.16886003068450905,0.16718814919258307,0,highway_0,0,1462.4583780998928,1786.4583780998928,llm_1,-1029.661123232067
53.5,ego_0,1789.3261430755035,-11.200000000000003,28.67764975610676,1000.0,,0.1669178928013606,0.1669178928013606,0.1669178928013606,0.1669178928013606,0.16526524039736756,0,highway_0,0,1465.3261430755035,1789.3261430755035,llm_1,-1029.6776497561068
53.6,ego_0,1792.195541662492,-11.200000000000003,28.693985869883573,1000.0,,0.1649947491458018,0.1649947491458018,0.1649947491458018,0.1649947491458018,0.16336113776812766,0,highway_0,0,1468.195541662492,1792.195541662492,llm_1,-1029.6939858698836
53.7,ego_0,1795.0665550068325,-11.200000000000003,28.71013344340506,1000.0,,0.16309049256700614,0.16309049256700614,0.16309049256700614,0.16309049256700614,0.16147573521486436,0,highway_0,0,1471.0665550068325,1795.0665550068325,llm_1,-1029.710133443405
53.8,ego_0,1797.9391644404263,-11.200000000000003,28.726094335938,1000.0,,0.16120501458271685,0.16120501458271685,0.16120501458271685,0.16120501458271685,0.15960892532941529,0,highway_0,0,1473.9391644404263,1797.9391644404263,llm_1,-1029.726094335938
0,llm_0,338.0,-4.8,21.3,1000.0,,,,,,0,0,highway_0,2,0.0,338.0,,-1022.3
0.1,llm_0,340.1225025574475,-4.8,21.22502557447475,1000.0,,-0.7572416978050445,-0.7572416978050445,-0.7572416978050445,-0.7572416978050445,-0.7497442552525158,0,highway_0,2,2.12250255744749,340.1225025574475,,-1022.2250255744748
0.2,llm_0,342.2380355363003,-4.8,21.155329788528203,1000.0,,-0.7039274380601084,-0.7039274380601084,-0.7039274380601084,-0.7039274380601084,-0.6969578594654635,0,highway_0,2,4.238035536300288,342.2380355363003,,-1022.1553297885282
0.3,llm_0,344.34709297587773,-4.8,21.09057439577452,1000.0,,-0.6540294668121842,-0.6540294668121842,-0.6540294668121842,-0.6540294668121842,-0.6475539275368192,0,highway_0,2,6.347092975877729,344.34709297587773,,-1022.0905743957745
0.4,llm_0,346.45615041545517,-4.8,21.09057439577452,1000.0,,0.0,0.0,0.0,0.0,0.0,0,highway_0,2,8.45615041545517,346.45615041545517,,-1022.0905743957745
0.5,llm_0,348.5652078550326,-4.8,21.09057439577452,1000.0,,0.0,0.0,0.0,0.0,0.0,0,highway_0,2,10.565207855032611,348.5652078550326,,-1022.0905743957745
0.6,llm_0,350.67426529461005,-4.8,21.09057439577452,1000.0,,0.0,0.0,0.0,0.0,0.0,0,highway_0,2,12.674265294610052,350.67426529461005,,-1022.0905743957745
0.7,llm_0,352.7833227341875,-4.8,21.09057439577452,1000.0,,0.0,0.0,0.0,0.0,0.0,0,highway_0,2,14.783322734187493,352.7833227341875,,-1022.0905743957745
0.8,llm_0,354.89238017376493,-4.8,21.09057439577452,1000.0,,0.0,0.0,0.0,0.0,0.0,0,highway_0,2,16.892380173764934,354.89238017376493,,-1022.0905743957745
0.9,llm_0,357.0014376133424,-4.8,21.09057439577452,1000.0,,0.0,0.0,0.0,0.0,0.0,0,highway_0,2,19.001437613342375,357.0014376133424,,-1022.0905743957745
1.0,llm_0,359.1104950529198,-4.8,21.09057439577452,1000.0,,0.0,0.0,0.0,0.0,0.0,0,highway_0,2,21.110495052919816,359.1104950529198,,-1022.0905743957745
1.1,llm_0,361.21955249249726,-4.8,21.09057439577452,1000.0,,0.0,0.0,0.0,0.0,0.0,0,highway_0,2,23.219552492497257,361.21955249249726,,-1022.0905743957745
1.2,llm_0,363.3286099320747,-4.8,21.09057439577452,1000.0,,0.0,0.0,0.0,0.0,0.0,0,highway_0,2,25.3286099320747,363.3286099320747,,-1022.0905743957745
1.3,llm_0,365.43766737165214,-4.8,21.09057439577452,1000.0,,0.0,0.0,0.0,0.0,0.0,0,highway_0,2,27.43766737165214,365.43766737165214,,-1022.0905743957745
1.4,llm_0,367.5467248112296,-4.8,21.09057439577452,1000.0,,0.0,0.0,0.0,0.0,0.0,0,highway_0,2,29.54672481122958,367.5467248112296,,-1022.0905743957745
1.5,llm_0,369.655782250807,-4.8,21.09057439577452,1000.0,,0.0,0.0,0.0,0.0,0.0,0,highway_0,2,31.65578225080702,369.655782250807,,-1022.0905743957745
1.6,llm_0,371.76483969038446,-4.8,21.09057439577452,1000.0,,0.0,0.0,0.0,0.0,0.0,0,highway_0,2,33.76483969038446,371.76483969038446,,-1022.0905743957745
1.7,llm_0,373.8738971299619,-4.8,21.09057439577452,1000.0,,0.0,0.0,0.0,0.0,0.0,0,highway_0,2,35.873897129961904,373.8738971299619,,-1022.0905743957745
1.8,llm_0,375.98295456953934,-4.8,21.09057439577452,1000.0,,0.0,0.0,0.0,0.0,0.0,0,highway_0,2,37.982954569539345,375.98295456953934,,-1022.0905743957745
1.9,llm_0,378.0920120091168,-4.8,21.09057439577452,1000.0,,0.0,0.0,0.0,0.0,0.0,0,highway_0,2,40.092012009116786,378.0920120091168,,-1022.0905743957745
2.0,llm_0,380.2010694486942,-4.8,21.09057439577452,1000.0,,0.0,0.0,0.0,0.0,0.0,0,highway_0,2,42.20106944869423,380.2010694486942,,-1022.0905743957745
2.1,llm_0,382.31012688827167,-4.8,21.09057439577452,1000.0,,0.0,0.0,0.0,0.0,0.0,0,highway_0,2,44.31012688827167,382.31012688827167,,-1022.0905743957745
2.2,llm_0,384.4191843278491,-4.8,21.09057439577452,1000.0,,0.0,0.0,0.0,0.0,0.0,0,highway_0,2,46.41918432784911,384.4191843278491,,-1022.0905743957745
2.3,llm_0,386.52824176742655,-4.8,21.09057439577452,1000.0,,0.0,0.0,0.0,0.0,0.0,0,highway_0,2,48.52824176742655,386.52824176742655,,-1022.0905743957745
2.4,llm_0,388.637299207004,-4.8,21.09057439577452,1000.0,,0.0,0.0,0.0,0.0,0.0,0,highway_0,2,50.63729920700399,388.637299207004,,-1022.0905743957745
2.5,llm_0,390.74635664658143,-4.8,21.09057439577452,1000.0,,0.0,0.0,0.0,0.0,0.0,0,highway_0,2,52.74635664658143,390.74635664658143,,-1022.0905743957745
2.6,llm_0,392.8554140861589,-4.8,21.09057439577452,1000.0,,0.0,0.0,0.0,0.0,0.0,0,highway_0,2,54.85541408615887,392.8554140861589,,-1022.0905743957745
2.7,llm_0,394.9644715257363,-4.8,21.09057439577452,1000.0,,0.0,0.0,0.0,0.0,0.0,0,highway_0,2,56.964471525736315,394.9644715257363,,-1022.0905743957745
2.8,llm_0,397.07352896531376,-4.8,21.09057439577452,1000.0,,0.0,0.0,0.0,0.0,0.0,0,highway_0,2,59.073528965313756,397.07352896531376,,-1022.0905743957745
2.9,llm_0,399.1825864048912,-4.8,21.09057439577452,1000.0,,0.0,0.0,0.0,0.0,0.0,0,highway_0,2,61.1825864048912,399.1825864048912,,-1022.0905743957745
3.0,llm_0,401.29164384446864,-4.8,21.09057439577452,1000.0,,0.0,0.0,0.0,0.0,0.0,0,highway_0,2,63.29164384446864,401.29164384446864,,-1022.0905743957745
3.1,llm_0,403.4007012840461,-4.8,21.09057439577452,1000.0,,0.0,0.0,0.0,0.0,0.0,0,highway_0,2,65.40070128404608,403.4007012840461,,-1022.0905743957745
3.2,llm_0,405.5097587236235,-4.8,21.09057439577452,1000.0,,0.0,0.0,0.0,0.0,0.0,0,highway_0,2,67.50975872362352,405.5097587236235,,-1022.0905743957745
3.3,llm_0,407.61881616320096,-4.8,21.09057439577452,1000.0,,0.0,0.0,0.0,0.0,0.0,0,highway_0,2,69.61881616320096,407.61881616320096,,-1022.0905743957745
3.4,llm_0,409.7278736027784,-4.8,21.09057439577452,1000.0,,0.0,0.0,0.0,0.0,0.0,0,highway_0,2,71.7278736027784,409.7278736027784,,-1022.0905743957745
3.5,llm_0,411.83693104235584,-4.8,21.09057439577452,1000.0,,0.0,0.0,0.0,0.0,0.0,0,highway_0,2,73.83693104235584,411.83693104235584,,-1022.0905743957745
3.6,llm_0,413.9459884819333,-4.8,21.09057439577452,1000.0,,0.0,0.0,0.0,0.0,0.0,0,highway_0,2,75.94598848193328,413.9459884819333,,-1022.0905743957745
3.7,llm_0,416.0550459215107,-4.8,21.09057439577452,1000.0,,0.0,0.0,0.0,0.0,0.0,0,highway_0,2,78.05504592151073,416.0550459215107,,-1022.0905743957745
3.8,llm_0,418.16410336108817,-4.8,21.09057439577452,1000.0,,0.0,0.0,0.0,0.0,0.0,0,highway_0,2,80.16410336108817,418.16410336108817,,-1022.0905743957745
3.9,llm_0,420.2731608006656,-4.8,21.09057439577452,1000.0,,0.0,0.0,0.0,0.0,0.0,0,highway_0,2,82.27316080066561,420.2731608006656,,-1022.0905743957745
4.0,llm_0,422.38221824024305,-4.8,21.09057439577452,1000.0,,0.0,0.0,0.0,0.0,0.0,0,highway_0,2,84.38221824024305,422.38221824024305,,-1022.0905743957745
4.1,llm_0,424.4912756798205,-4.8,21.09057439577452,1000.0,,0.0,0.0,0.0,0.0,0.0,0,highway_0,2,86.49127567982049,424.4912756798205,,-1022.0905743957745
4.2,llm_0,426.60033311939793,-4.8,21.09057439577452,1000.0,,0.0,0.0,0.0,0.0,0.0,0,highway_0,2,88.60033311939793,426.60033311939793,,-1022.0905743957745
4.3,llm_0,428.7141610658773,-4.8,21.138279464793822,1000.0,,0.48182119709493065,0.48182119709493065,0.48182119709493065,0.48182119709493065,0.4770506901930105,0,highway_0,2,90.7141610658773,428.7141610658773,,-1022.1382794647939
4.4,llm_0,430.83291656652654,-4.8,21.187555006492442,1000.0,,0.49768297115603954,0.49768297115603954,0.49768297115603954,0.49768297115603954,0.4927554169861992,0,highway_0,2,92.83291656652654,430.83291656652654,,-1022.1875550064924
4.5,llm_0,432.9565530845395,-4.8,21.23636518012973,1000.0,,0.4929827537366237,0.4929827537366237,0.4929827537366237,0.4929827537366237,0.4881017363728901,0,highway_0,2,94.95655308453951,432.9565530845395,,-1022.2363651801297
4.6,llm_0,435.0850242013941,-4.8,21.284711168545815,1000.0,,0.4882944830024659,0.4882944830024659,0.4882944830024659,0.4882944830024659,0.48345988416084396,0,highway_0,2,97.0850242013941,435.0850242013941,,-1022.2847111685459
4.7,llm_0,437.2182836234062,-4.8,21.33259422012081,1000.0,,0.48361882090746544,0.48361882090746544,0.48361882090746544,0.48361882090746544,0.47883051574995505,0,highway_0,2,99.2182836234062,437.2182836234062,,-1022.3325942201208
4.8,llm_0,439.3564812039269,-4.8,21.38197580520654,1000.0,,0.4987540093658579,0.4987540093658579,0.4987540093658579,0.4987540093658579,0.4938158508572954,0,highway_0,2,101.35648120392688,439.3564812039269,,-1022.3819758052066
4.9,llm_0,441.49957083046587,-4.8,21.4308962653901,1000.0,,0.4940966478539376,0.4940966478539376,0.4940966478539376,0.4940966478539376,0.48920460183559555,0,highway_0,2,103.49957083046587,441.49957083046587,,-1022.4308962653901
5.0,llm_0,443.6475065050133,-4.8,21.479356745474355,1000.0,,0.4894508488509761,0.4894508488509761,0.4894508488509761,0.4894508488509761,0.4846048008425541,0,highway_0,2,105.64750650501333,443.6475065050133,,-1022.4793567454743
5.1,llm_0,445.8002423504283,-4.8,21.527358454149663,1000.0,,0.4848172576206098,0.4848172576206098,0.4848172576206098,0.4848172576206098,0.4800170867530795,0,highway_0,2,107.80024235042828,445.8002423504283,,-1022.5273584541496
5.2,llm_0,447.9579214338844,-4.8,21.576790834561304,1000.0,,0.4992670421575792,0.4992670421575792,0.4992670421575792,0.4992670421575792,0.4943238041164122,0,highway_0,2,109.9579214338844,447.9579214338844,,-1022.5767908345613
5.3,llm_0,450.1204980611722,-4.8,21.625766272877943,1000.0,,0.4946519269980483,0.4946519269980483,0.4946519269980483,0.4946519269980483,0.4897543831663853,0,highway_0,2,112.12049806117221,450.1204980611722,,-1022.625766272878
5.4,llm_0,452.2879266496924,-4.8,21.67428588520149,1000.0,,0.4900480844678027,0.4900480844678027,0.4900480844678027,0.4900480844678027,0.485196123235454,0,highway_0,2,114.28792664969234,452.28792664969234,,-1022.6742858852015
5.5,llm_0,454.46016173467837,-4.8,21.7223508498607,1000.0,,0.48545614305803253,0.48545614305803253,0.48545614305803253,0.48545614305803253,0.48064964659211284,0,highway_0,2,116.46016173467842,454.4601617346784,,-1022.7223508498607
5.6,llm_0,456.63733996602514,-4.8,21.771782313467337,1000.0,,0.49925778242706353,0.49925778242706353,0.49925778242706353,0.49925778242706353,0.4943146360663775,0,highway_0,2,118.63733996602514,456.63733996602514,,-1022.7717823134674
5.7,llm_0,458.8194160611057,-4.8,21.820760950804846,1000.0,,0.4946842371088578,0.4946842371088578,0.4946842371088578,0.4946842371088578,0.48978637337508957,0,highway_0,2,120.81941606110564,458.81941606110564,,-1022.8207609508048
5.8,llm_0,461.0063448468702,-4.8,21.869287857645535,1000.0,,0.4901217590909491,0.4901217590909491,0.4901217590909491,0.4901217590909491,0.4852690684068861,0,highway_0,2,123.0063448468702,461.0063448468702,,-1022.8692878576455
5.9,llm_0,463.1980812659031,-4.8,21.91736419032981,1000.0,,0.4855709601111673,0.4855709601111673,0.4855709601111673,0.4855709601111673,0.48076332684274803,0,highway_0,2,125.19808126590317,463.19808126590317,,-1022.9173641903299
6.0,llm_0,465.40367907107475,-4.8,22.05597805171595,1000.0,,1.4,1.4,1.4,1.4,1.3861386138614051,0,highway_0,2,127.40367907107475,465.40367907107475,,-1023.0559780517159
6.1,llm_0,467.623138262385,-4.8,22.19459191310209,1000.0,,1.4,1.4,1.4,1.4,1.3861386138614051,0,highway_0,2,129.62313826238494,467.62313826238494,,-1023.194591913102
6.2,llm_0,469.8564588398337,-4.8,22.33320577448823,1000.0,,1.4,1.4,1.4,1.4,1.3861386138614051,0,highway_0,2,131.85645883983375,469.85645883983375,,-1023.3332057744882
6.3,llm_0,472.1036408034211,-4.8,22.471819635874372,1000.0,,1.4,1.4,1.4,1.4,1.3861386138614051,0,highway_0,2,134.10364080342117,472.1036408034212,,-1023.4718196358743
6.4,llm_0,474.36468415314715,-4.8,22.610433497260512,1000.0,,1.4,1.4,1.4,1.4,1.3861386138614051,0,highway_0,2,136.3646841531472,474.3646841531472,,-1023.6104334972605
6.5,llm_0,476.6395888890118,-4.8,22.749047358646653,1000.0,,1.4,1.4,1.4,1.4,1.3861386138614051,0,highway_0,2,138.63958888901186,476.63958888901186,,-1023.7490473586466
6.6,llm_0,478.9283550110151,-4.8,22.887661220032793,1000.0,,1.4,1.4,1.4,1.4,1.3861386138614051,0,highway_0,2,140.92835501101513,478.9283550110151,,-1023.8876612200328
6.7,llm_0,481.230982519157,-4.8,23.026275081418934,1000.0,,1.4,1.4,1.4,1.4,1.3861386138614051,0,highway_0,2,143.230982519157,481.230982519157,,-1024.026275081419
6.8,llm_0,483.54747141343756,-4.8,23.164888942805074,1000.0,,1.4,1.4,1.4,1.4,1.3861386138614051,0,highway_0,2,145.5474714134375,483.5474714134375,,-1024.164888942805
6.9,llm_0,485.87782169385656,-4.8,23.303502804191215,1000.0,,1.4,1.4,1.4,1.4,1.3861386138614051,0,highway_0,2,147.87782169385662,485.8778216938566,,-1024.303502804191
7.0,llm_0,488.22203336041434,-4.8,23.442116665577355,1000.0,,1.4,1.4,1.4,1.4,1.3861386138614051,0,highway_0,2,150.22203336041434,488.22203336041434,,-1024.4421166655773
7.1,llm_0,490.5801064131107,-4.8,23.580730526963496,1000.0,,1.4,1.4,1.4,1.4,1.3861386138614051,0,highway_0,2,152.58010641311068,490.5801064131107,,-1024.5807305269634
7.2,llm_0,492.95204085194564,-4.8,23.719344388349636,1000.0,,1.4,1.4,1.4,1.4,1.3861386138614051,0,highway_0,2,154.95204085194564,492.95204085194564,,-1024.7193443883496
7.3,llm_0,495.3378366769192,-4.8,23.857958249735777,1000.0,,1.4,1.4,1.4,1.4,1.3861386138614051,0,highway_0,2,157.3378366769192,495.3378366769192,,-1024.8579582497357
7.4,llm_0,497.73749388803134,-4.8,23.996572111121917,1000.0,,1.4,1.4,1.4,1.4,1.3861386138614051,0,highway_0,2,159.7374938880314,497.7374938880314,,-1024.9965721111218
7.5,llm_0,500.1510124852822,-4.8,24.135185972508058,1000.0,,1.4,1.4,1.4,1.4,1.3861386138614051,0,highway_0,2,162.1510124852822,500.1510124852822,,-1025.135185972508
7.6,llm_0,502.5783924686716,-4.8,24.2737998338942,1000.0,,1.4,1.4,1.4,1.4,1.3861386138614051,0,highway_0,2,164.5783924686716,502.5783924686716,,-1025.2737998338941
7.7,llm_0,505.01963383819964,-4.8,24.41241369528034,1000.0,,1.4,1.4,1.4,1.4,1.3861386138614051,0,highway_0,2,167.01963383819964,505.01963383819964,,-1025.4124136952803
7.8,llm_0,507.47473659386634,-4.8,24.55102755666648,1000.0,,1.4,1.4,1.4,1.4,1.3861386138614051,0,highway_0,2,169.47473659386628,507.4747365938663,,-1025.5510275566664
7.9,llm_0,509.9437007356715,-4.8,24.68964141805262,1000.0,,1.4,1.4,1.4,1.4,1.3861386138614051,0,highway_0,2,171.94370073567154,509.94370073567154,,-1025.6896414180526
8.0,llm_0,512.4265262636154,-4.8,24.82825527943876,1000.0,,1.4,1.4,1.4,1.4,1.3861386138614051,0,highway_0,2,174.42652626361541,512.4265262636154,,-1025.8282552794387
8.1,llm_0,514.9232131776979,-4.8,24.9668691408249,1000.0,,1.4,1.4,1.4,1.4,1.3861386138614051,0,highway_0,2,176.9232131776979,514.9232131776979,,-1025.9668691408249
8.2,llm_0,517.433761477919,-4.8,25.10548300221104,1000.0,,1.4,1.4,1.4,1.4,1.3861386138614051,0,highway_0,2,179.433761477919,517.433761477919,,-1026.105483002211
8.3,llm_0,519.9581711642787,-4.8,25.244096863597182,1000.0,,1.4,1.4,1.4,1.4,1.3861386138614051,0,highway_0,2,181.95817116427872,519.9581711642787,,-1026.2440968635972
8.4,llm_0,522.496442236777,-4.8,25.382710724983323,1000.0,,1.4,1.4,1.4,1.4,1.3861386138614051,0,highway_0,2,184.49644223677706,522.496442236777,,-1026.3827107249833
8.5,llm_0,525.048574695414,-4.8,25.521324586369463,1000.0,,1.4,1.4,1.4,1.4,1.3861386138614051,0,highway_0,2,187.048574695414,525.048574695414,,-1026.5213245863695
8.6,llm_0,527.6145685401896,-4.8,25.659938447755604,1000.0,,1.4,1.4,1.4,1.4,1.3861386138614051,0,highway_0,2,189.61456854018957,527.6145685401896,,-1026.6599384477556
8.7,llm_0,530.1944237711037,-4.8,25.798552309141744,1000.0,,1.4,1.4,1.4,1.4,1.3861386138614051,0,highway_0,2,192.19442377110374,530.1944237711037,,-1026.7985523091418
8.8,llm_0,532.7881403881565,-4.8,25.937166170527885,1000.0,,1.4,1.4,1.4,1.4,1.3861386138614051,0,highway_0,2,194.78814038815653,532.7881403881565,,-1026.937166170528
8.9,llm_0,535.3957183913479,-4.8,26.075780031914025,1000.0,,1.4,1.4,1.4,1.4,1.3861386138614051,0,highway_0,2,197.39571839134794,535.3957183913479,,-1027.075780031914
9.0,llm_0,538.017157780678,-4.8,26.214393893300166,1000.0,,1.4,1.4,1.4,1.4,1.3861386138614051,0,highway_0,2,200.01715778067796,538.017157780678,,-1027.2143938933002
9.1,llm_0,540.6524585561466,-4.8,26.353007754686306,1000.0,,1.4,1.4,1.4,1.4,1.3861386138614051,0,highway_0,2,202.6524585561466,540.6524585561466,,-1027.3530077546864
9.2,llm_0,543.3016207177538,-4.8,26.491621616072447,1000.0,,1.4,1.4,1.4,1.4,1.3861386138614051,0,highway_0,2,205.30162071775385,543.3016207177538,,-1027.4916216160725
9.3,llm_0,545.9646442654997,-4.8,26.630235477458587,1000.0,,1.4,1.4,1.4,1.4,1.3861386138614051,0,highway_0,2,207.96464426549971,545.9646442654997,,-1027.6302354774587
9.4,llm_0,548.6415291993842,-4.8,26.768849338844728,1000.0,,1.4,1.4,1.4,1.4,1.3861386138614051,0,highway_0,2,210.6415291993842,548.6415291993842,,-1027.7688493388448
9.5,llm_0,551.3322755194073,-4.8,26.90746320023087,1000.0,,1.4,1.4,1.4,1.4,1.3861386138614051,0,highway_0,2,213.3322755194073,551.3322755194073,,-1027.907463200231
9.6,llm_0,554.036883225569,-4.8,27.04607706161701,1000.0,,1.4,1.4,1.4,1.4,1.3861386138614051,0,highway_0,2,216.036883225569,554.036883225569,,-1028.046077061617
9.7,llm_0,556.7553523178693,-4.8,27.18469092300315,1000.0,,1.4,1.4,1.4,1.4,1.3861386138614051,0,highway_0,2,218.75535231786932,556.7553523178693,,-1028.1846909230032
9.8,llm_0,559.4876827963083,-4.8,27.32330478438929,1000.0,,1.4,1.4,1.4,1.4,1.3861386138614051,0,highway_0,2,221.48768279630826,559.4876827963083,,-1028.3233047843894
9.9,llm_0,562.2338746608858,-4.8,27.46191864577543,1000.0,,1.4,1.4,1.4,1.4,1.3861386138614051,0,highway_0,2,224.23387466088582,562.2338746608858,,-1028.4619186457755
10.0,llm_0,564.993927911602,-4.8,27.60053250716157,1000.0,,1.4,1.4,1.4,1.4,1.3861386138614051,0,highway_0,2,226.993927911602,564.993927911602,,-1028.6005325071615
10.1,llm_0,567.7678425484568,-4.8,27.73914636854771,1000.0,,1.4,1.4,1.4,1.4,1.3861386138614051,0,highway_0,2,229.76784254845677,567.7678425484568,,-1028.7391463685476
10.2,llm_0,570.5556185714502,-4.8,27.877760229933852,1000.0,,1.4,1.4,1.4,1.4,1.3861386138614051,0,highway_0,2,232.55561857145017,570.5556185714502,,-1028.8777602299338
10.3,llm_0,573.3572559805822,-4.8,28.016374091319992,1000.0,,1.4,1.4,1.4,1.4,1.3861386138614051,0,highway_0,2,235.35725598058218,573.3572559805822,,-1029.01637409132
10.4,llm_0,576.1727547758528,-4.8,28.154987952706133,1000.0,,1.4,1.4,1.4,1.4,1.3861386138614051,0,highway_0,2,238.1727547758528,576.1727547758528,,-1029.154987952706
10.5,llm_0,579.002114957262,-4.8,28.293601814092273,1000.0,,1.4,1.4,1.4,1.4,1.3861386138614051,0,highway_0,2,241.00211495726205,579.002114957262,,-1029.2936018140922
10.6,llm_0,581.8453365248099,-4.8,28.432215675478414,1000.0,,1.4,1.4,1.4,1.4,1.3861386138614051,0,highway_0,2,243.8453365248099,581.8453365248099,,-1029.4322156754783
10.7,llm_0,584.7024194784964,-4.8,28.570829536864554,1000.0,,1.4,1.4,1.4,1.4,1.3861386138614051,0,highway_0,2,246.70241947849638,584.7024194784964,,-1029.5708295368645
10.8,llm_0,587.5733638183215,-4.8,28.709443398250695,1000.0,,1.4,1.4,1.4,1.4,1.3861386138614051,0,highway_0,2,249.57336381832147,587.5733638183215,,-1029.7094433982506
10.9,llm_0,590.4581695442852,-4.8,28.848057259636835,1000.0,,1.4,1.4,1.4,1.4,1.3861386138614051,0,highway_0,2,252.45816954428517,590.4581695442852,,-1029.8480572596368
11.0,llm_0,593.3568366563875,-4.8,28.986671121022976,1000.0,,1.4,1.4,1.4,1.4,1.3861386138614051,0,highway_0,2,255.3568366563875,593.3568366563875,,-1029.986671121023
11.1,llm_0,596.2693651546284,-4.8,29.125284982409116,1000.0,,1.4,1.4,1.4,1.4,1.3861386138614051,0,highway_0,2,258.2693651546284,596.2693651546284,,-1030.125284982409
11.2,llm_0,599.195755039008,-4.8,29.263898843795257,1000.0,,1.4,1.4,1.4,1.4,1.3861386138614051,0,highway_0,2,261.19575503900796,599.195755039008,,-1030.2638988437952
11.3,llm_0,602.1360063095261,-4.8,29.402512705181397,1000.0,,1.4,1.4,1.4,1.4,1.3861386138614051,0,highway_0,2,264.1360063095261,602.1360063095261,,-1030.4025127051814
11.4,llm_0,605.0901189661829,-4.8,29.541126566567538,1000.0,,1.4,1.4,1.4,1.4,1.3861386138614051,0,highway_0,2,267.0901189661829,605.0901189661829,,-1030.5411265665675
11.5,llm_0,608.0580930089783,-4.8,29.67974042795368,1000.0,,1.4,1.4,1.4,1.4,1.3861386138614051,0,highway_0,2,270.0580930089783,608.0580930089783,,-1030.6797404279537
11.6,llm_0,611.0244139675997,-4.8,29.66320958621361,1000.0,,-0.16696150157467526,-0.16696150157467526,-0.16696150157467526,-0.16696150157467526,-0.1653084174006736,0,highway_0,2,273.0244139675997,611.0244139675997,,-1030.6632095862137
11.7,llm_0,613.9891075618219,-4.8,29.646935942222463,1000.0,,-0.16436380431059883,-0.16436380431059883,-0.16436380431059883,-0.16436380431059883,-0.1627364399114839,0,highway_0,2,275.9891075618219,613.9891075618219,,-1030.6469359422224
11.8,llm_0,616.9521990692882,-4.8,29.63091507466275,1000.0,,-0.16181076235313396,-0.16181076235313396,-0.16181076235313396,-0.16181076235313396,-0.16020867559713992,0,highway_0,2,278.9521990692882,616.9521990692882,,-1030.6309150746627
11.9,llm_0,619.9137133343795,-4.8,29.615142650912873,1000.0,,-0.1593014798737733,-0.1593014798737733,-0.1593014798737733,-0.1593014798737733,-0.15772423749876197,0,highway_0,2,281.9137133343795,619.9137133343795,,-1030.615142650913
12.0,llm_0,622.8738902682828,-4.8,29.601769339033073,1000.0,,-0.13507044998598605,-0.13507044998598605,-0.13507044998598605,-0.13507044998598605,-0.13373311879799843,0,highway_0,2,284.8738902682828,622.8738902682828,,-1030.6017693390331
12.1,llm_0,625.8327501568101,-4.8,29.588598885273353,1000.0,,-0.13302158297319155,-0.13302158297319155,-0.13302158297319155,-0.13302158297319155,-0.13170453759720147,0,highway_0,2,287.8327501568101,625.8327501568101,,-1030.5885988852733
12.2,llm_0,628.7903129512072,-4.8,29.57562794397068,1000.0,,-0.1310065071569957,-0.1310065071569957,-0.1310065071569957,-0.1310065071569957,-0.129709413026724,0,highway_0,2,290.79031295120717,628.7903129512072,,-1030.5756279439706
12.3,llm_0,631.746598274466,-4.8,29.56285323258842,1000.0,,-0.1290245849608218,-0.1290245849608218,-0.1290245849608218,-0.1290245849608218,-0.1277471138226005,0,highway_0,2,293.746598274466,631.746598274466,,-1030.5628532325884
12.4,llm_0,634.7018264894498,-4.8,29.552282149837566,1000.0,,-0.10676793578363175,-0.10676793578363175,-0.10676793578363175,-0.10676793578363175,-0.10571082750853833,0,highway_0,2,296.7018264894498,634.7018264894498,,-1030.5522821498375
12.5,llm_0,637.6560132613374,-4.8,29.54186771887681,1000.0,,-0.10518575270363373,-0.10518575270363373,-0.10518575270363373,-0.10518575270363373,-0.1041443096075767,0,highway_0,2,299.6560132613374,637.6560132613374,,-1030.5418677188768
12.6,llm_0,640.6091740067372,-4.8,29.53160745399851,1000.0,,-0.10362867527081931,-0.10362867527081931,-0.10362867527081931,-0.10362867527081931,-0.10260264878297676,0,highway_0,2,302.60917400673725,640.6091740067372,,-1030.5316074539985
12.7,llm_0,643.5613238981077,-4.8,29.52149891370464,1000.0,,-0.10209625696811298,-0.10209625696811298,-0.10209625696811298,-0.10209625696811298,-0.1010854029387076,0,highway_0,2,305.56132389810773,643.5613238981077,,-1030.5214989137046
12.8,llm_0,646.5126658221711,-4.8,29.513419240634214,1000.0,,-0.08160469801129877,-0.08160469801129877,-0.08160469801129877,-0.08160469801129877,-0.08079673070426452,0,highway_0,2,308.51266582217113,646.5126658221711,,-1030.5134192406342
12.9,llm_0,649.4632114977579,-4.8,29.505456755868217,1000.0,,-0.08042109613656812,-0.08042109613656812,-0.08042109613656812,-0.08042109613656812,-0.07962484765997146,0,highway_0,2,311.4632114977579,649.4632114977579,,-1030.5054567558682
13.0,llm_0,652.4129724643153,-4.8,29.497609665573805,1000.0,,-0.07925561197358344,-0.07925561197358344,-0.07925561197358344,-0.07925561197358344,-0.07847090294411885,0,highway_0,2,314.4129724643153,652.4129724643153,,-1030.4976096655737
13.1,llm_0,655.3619600849212,-4.8,29.48987620605832,1000.0,,-0.07810794110639052,-0.07810794110639052,-0.07810794110639052,-0.07810794110639052,-0.07733459515485208,0,highway_0,2,317.3619600849212,655.3619600849212,,-1030.4898762060584
13.2,llm_0,658.310361552032,-4.8,29.484014671108326,1000.0,,-0.0592015029949311,-0.0592015029949311,-0.0592015029949311,-0.0592015029949311,-0.05861534949993086,0,highway_0,2,320.31036155203196,658.310361552032,,-1030.4840146711083
13.3,llm_0,661.2581852010418,-4.8,29.478236490097714,1000.0,,-0.0583596282071841,-0.0583596282071841,-0.0583596282071841,-0.0583596282071841,-0.057781810106121156,0,highway_0,2,323.2581852010418,661.2581852010418,,-1030.4782364900977
13.4,llm_0,664.2054392439467,-4.8,29.47254042904861,1000.0,,-0.05753021659592861,-0.05753021659592861,-0.05753021659592861,-0.05753021659592861,-0.056960610491039176,0,highway_0,2,326.20543924394667,664.2054392439467,,-1030.4725404290486
13.5,llm_0,667.1521317713081,-4.8,29.466925273613803,1000.0,,-0.05671306989152902,-0.05671306989152902,-0.05671306989152902,-0.05671306989152902,-0.05615155434806951,0,highway_0,2,329.15213177130806,667.1521317713081,,-1030.4669252736137
13.6,llm_0,670.0984358230138,-4.8,29.463040517057017,1000.0,,-0.039236041223531304,-0.039236041223531304,-0.039236041223531304,-0.039236041223531304,-0.038847565567863285,0,highway_0,2,332.0984358230138,670.0984358230138,,-1030.463040517057
13.7,llm_0,673.0443568240161,-4.8,29.45921001002282,1000.0,,-0.03868812104538932,-0.03868812104538932,-0.03868812104538932,-0.03868812104538932,-0.03830507034198405,0,highway_0,2,335.04435682401606,673.0443568240161,,-1030.4592100100228
13.8,llm_0,675.9899001214086,-4.8,29.45543297392486,1000.0,,-0.03814806458938613,-0.03814806458938613,-0.03814806458938613,-0.03814806458938613,-0.037770360979578754,0,highway_0,2,337.9899001214086,675.9899001214086,,-1030.4554329739249
13.9,llm_0,678.9350709856017,-4.8,29.451708641930534,1000.0,,-0.03761575314271015,-0.03761575314271015,-0.03761575314271015,-0.03761575314271015,-0.03724331994327201,0,highway_0,2,340.93507098560167,678.9350709856017,,-1030.4517086419305
14.0,llm_0,681.8800296454835,-4.8,29.449586598818488,1000.0,,-0.021432635431640312,-0.021432635431640312,-0.021432635431640312,-0.021432635431640312,-0.021220431120454464,0,highway_0,2,343.88002964548355,681.8800296454835,,-1030.4495865988185
14.1,llm_0,684.8247790154271,-4.8,29.447493699435256,1000.0,,-0.021138283770672395,-0.021138283770672395,-0.021138283770672395,-0.021138283770672395,-0.02092899383232094,0,highway_0,2,346.8247790154271,684.8247790154271,,-1030.4474936994352
14.2,llm_0,687.7693219691628,-4.8,29.44542953735635,1000.0,,-0.020848036996966135,-0.020848036996966135,-0.020848036996966135,-0.020848036996966135,-0.020641620789056958,0,highway_0,2,349.7693219691628,687.7693219691628,,-1030.4454295373564
14.3,llm_0,690.713661340362,-4.8,29.443393711992908,1000.0,,-0.020561836170773562,-0.020561836170773562,-0.020561836170773562,-0.020561836170773562,-0.020358253634427115,0,highway_0,2,352.713661340362,690.713661340362,,-1030.443393711993
14.4,llm_0,693.6579457206166,-4.8,29.442843802545678,1000.0,,-0.005554085417025512,-0.005554085417025512,-0.005554085417025512,-0.005554085417025512,-0.005499094472298793,0,highway_0,2,355.65794572061657,693.6579457206166,,-1030.4428438025457
14.5,llm_0,696.6021758536905,-4.8,29.44230133073924,1000.0,,-0.005478965245016676,-0.005478965245016676,-0.005478965245016676,-0.005478965245016676,-0.0054247180643685056,0,highway_0,2,358.6021758536905,696.6021758536905,,-1030.4423013307392
14.6,llm_0,699.5463524732475,-4.8,29.441766195569627,1000.0,,-0.005404865213090693,-0.005404865213090693,-0.005404865213090693,-0.005404865213090693,-0.005351351696134543,0,highway_0,2,361.54635247324745,699.5463524732475,,-1030.4417661955697
14.7,llm_0,702.490476302989,-4.8,29.441238297415474,1000.0,,-0.005331771356920756,-0.005331771356920756,-0.005331771356920756,-0.005331771356920756,-0.005278981541536609,0,highway_0,2,364.490476302989,702.490476302989,,-1030.4412382974156
14.8,llm_0,705.4346001327306,-4.8,29.441238297415474,1000.0,,0.0,0.0,0.0,0.0,0.0,0,highway_0,2,367.43460013273057,705.4346001327306,,-1030.4412382974156
14.9,llm_0,708.3787239624721,-4.8,29.441238297415474,1000.0,,0.0,0.0,0.0,0.0,0.0,0,highway_0,2,370.3787239624721,708.3787239624721,,-1030.4412382974156
15.0,llm_0,711.3228477922137,-4.8,29.441238297415474,1000.0,,0.0,0.0,0.0,0.0,0.0,0,highway_0,2,373.3228477922137,711.3228477922137,,-1030.4412382974156
15.1,llm_0,714.2669716219552,-4.8,29.441238297415474,1000.0,,0.0,0.0,0.0,0.0,0.0,0,highway_0,2,376.26697162195524,714.2669716219552,,-1030.4412382974156
15.2,llm_0,717.2110954516968,-4.8,29.441238297415474,1000.0,,0.0,0.0,0.0,0.0,0.0,0,highway_0,2,379.2110954516968,717.2110954516968,,-1030.4412382974156
15.3,llm_0,720.1552192814383,-4.8,29.441238297415474,1000.0,,0.0,0.0,0.0,0.0,0.0,0,highway_0,2,382.15521928143835,720.1552192814383,,-1030.4412382974156
15.4,llm_0,723.0993431111799,-4.8,29.441238297415474,1000.0,,0.0,0.0,0.0,0.0,0.0,0,highway_0,2,385.0993431111799,723.0993431111799,,-1030.4412382974156
15.5,llm_0,726.0434669409215,-4.8,29.441238297415474,1000.0,,0.0,0.0,0.0,0.0,0.0,0,highway_0,2,388.04346694092146,726.0434669409215,,-1030.4412382974156
15.6,llm_0,728.987590770663,-4.8,29.441238297415474,1000.0,,0.0,0.0,0.0,0.0,0.0,0,highway_0,2,390.987590770663,728.987590770663,,-1030.4412382974156
15.7,llm_0,731.9317146004046,-4.8,29.441238297415474,1000.0,,0.0,0.0,0.0,0.0,0.0,0,highway_0,2,393.9317146004046,731.9317146004046,,-1030.4412382974156
15.8,llm_0,734.8758384301461,-4.8,29.441238297415474,1000.0,,0.0,0.0,0.0,0.0,0.0,0,highway_0,2,396.87583843014613,734.8758384301461,,-1030.4412382974156
15.9,llm_0,737.8199622598877,-4.8,29.441238297415474,1000.0,,0.0,0.0,0.0,0.0,0.0,0,highway_0,2,399.8199622598877,737.8199622598877,,-1030.4412382974156
16.0,llm_0,740.7640860896292,-4.8,29.441238297415474,1000.0,,0.0,0.0,0.0,0.0,0.0,0,highway_0,2,402.76408608962925,740.7640860896292,,-1030.4412382974156
16.1,llm_0,743.7082099193708,-4.8,29.441238297415474,1000.0,,0.0,0.0,0.0,0.0,0.0,0,highway_0,2,405.7082099193708,743.7082099193708,,-1030.4412382974156
16.2,llm_0,746.6523337491124,-4.8,29.441238297415474,1000.0,,0.0,0.0,0.0,0.0,0.0,0,highway_0,2,408.65233374911236,746.6523337491124,,-1030.4412382974156
16.3,llm_0,749.5964575788539,-4.8,29.441238297415474,1000.0,,0.0,0.0,0.0,0.0,0.0,0,highway_0,2,411.5964575788539,749.5964575788539,,-1030.4412382974156
16.4,llm_0,752.5405814085955,-4.8,29.441238297415474,1000.0,,0.0,0.0,0.0,0.0,0.0,0,highway_0,2,414.5405814085955,752.5405814085955,,-1030.4412382974156
16.5,llm_0,755.484705238337,-4.8,29.441238297415474,1000.0,,0.0,0.0,0.0,0.0,0.0,0,highway_0,2,417.484705238337,755.484705238337,,-1030.4412382974156
16.6,llm_0,758.4288290680786,-4.8,29.441238297415474,1000.0,,0.0,0.0,0.0,0.0,0.0,0,highway_0,2,420.4288290680786,758.4288290680786,,-1030.4412382974156
16.7,llm_0,761.3729528978201,-4.8,29.441238297415474,1000.0,,0.0,0.0,0.0,0.0,0.0,0,highway_0,2,423.37295289782014,761.3729528978201,,-1030.4412382974156
16.8,llm_0,764.3170767275617,-4.8,29.441238297415474,1000.0,,0.0,0.0,0.0,0.0,0.0,0,highway_0,2,426.3170767275617,764.3170767275617,,-1030.4412382974156
16.9,llm_0,767.2612005573033,-4.8,29.441238297415474,1000.0,,0.0,0.0,0.0,0.0,0.0,0,highway_0,2,429.26120055730325,767.2612005573033,,-1030.4412382974156
17.0,llm_0,770.2053243870448,-4.8,29.441238297415474,1000.0,,0.0,0.0,0.0,0.0,0.0,0,highway_0,2,432.2053243870448,770.2053243870448,,-1030.4412382974156
17.1,llm_0,773.1494482167864,-4.8,29.441238297415474,1000.0,,0.0,0.0,0.0,0.0,0.0,0,highway_0,2,435.14944821678637,773.1494482167864,,-1030.4412382974156
17.2,llm_0,776.0935720465279,-4.8,29.441238297415474,1000.0,,0.0,0.0,0.0,0.0,0.0,0,highway_0,2,438.0935720465279,776.0935720465279,,-1030.4412382974156
17.3,llm_0,779.0376958762695,-4.8,29.441238297415474,1000.0,,0.0,0.0,0.0,0.0,0.0,0,highway_0,2,441.0376958762695,779.0376958762695,,-1030.4412382974156
17.4,llm_0,781.981819706011,-4.8,29.441238297415474,1000.0,,0.0,0.0,0.0,0.0,0.0,0,highway_0,2,443.98181970601104,781.981819706011,,-1030.4412382974156
17.5,llm_0,784.9259435357526,-4.8,29.441238297415474,1000.0,,0.0,0.0,0.0,0.0,0.0,0,highway_0,2,446.9259435357526,784.9259435357526,,-1030.4412382974156
17.6,llm_0,787.8700673654942,-4.8,29.441238297415474,1000.0,,0.0,0.0,0.0,0.0,0.0,0,highway_0,2,449.87006736549415,787.8700673654942,,-1030.4412382974156
17.7,llm_0,790.8141911952357,-4.8,29.441238297415474,1000.0,,0.0,0.0,0.0,0.0,0.0,0,highway_0,2,452.8141911952357,790.8141911952357,,-1030.4412382974156
17.8,llm_0,793.7583150249773,-4.8,29.441238297415474,1000.0,,0.0,0.0,0.0,0.0,0.0,0,highway_0,2,455.75831502497726,793.7583150249773,,-1030.4412382974156
17.9,llm_0,796.7024388547188,-4.8,29.441238297415474,1000.0,,0.0,0.0,0.0,0.0,0.0,0,highway_0,2,458.7024388547188,796.7024388547188,,-1030.4412382974156
18.0,llm_0,799.6465626844604,-4.8,29.441238297415474,1000.0,,0.0,0.0,0.0,0.0,0.0,0,highway_0,2,461.6465626844604,799.6465626844604,,-1030.4412382974156
18.1,llm_0,802.5906865142019,-4.8,29.441238297415474,1000.0,,0.0,0.0,0.0,0.0,0.0,0,highway_0,2,464.59068651420193,802.5906865142019,,-1030.4412382974156
18.2,llm_0,805.5348103439435,-4.8,29.441238297415474,1000.0,,0.0,0.0,0.0,0.0,0.0,0,highway_0,2,467.5348103439435,805.5348103439435,,-1030.4412382974156
18.3,llm_0,808.478934173685,-4.8,29.441238297415474,1000.0,,0.0,0.0,0.0,0.0,0.0,0,highway_0,2,470.47893417368505,808.478934173685,,-1030.4412382974156
18.4,llm_0,811.4230580034266,-4.8,29.441238297415474,1000.0,,0.0,0.0,0.0,0.0,0.0,0,highway_0,2,473.4230580034266,811.4230580034266,,-1030.4412382974156
18.5,llm_0,814.3671818331682,-4.8,29.441238297415474,1000.0,,0.0,0.0,0.0,0.0,0.0,0,highway_0,2,476.36718183316816,814.3671818331682,,-1030.4412382974156
18.6,llm_0,817.3113056629097,-4.8,29.441238297415474,1000.0,,0.0,0.0,0.0,0.0,0.0,0,highway_0,2,479.3113056629097,817.3113056629097,,-1030.4412382974156
18.7,llm_0,820.2554294926513,-4.8,29.441238297415474,1000.0,,0.0,0.0,0.0,0.0,0.0,0,highway_0,2,482.2554294926513,820.2554294926513,,-1030.4412382974156
18.8,llm_0,823.1995533223928,-4.8,29.441238297415474,1000.0,,0.0,0.0,0.0,0.0,0.0,0,highway_0,2,485.19955332239283,823.1995533223928,,-1030.4412382974156
18.9,llm_0,826.1436771521344,-4.8,29.441238297415474,1000.0,,0.0,0.0,0.0,0.0,0.0,0,highway_0,2,488.1436771521344,826.1436771521344,,-1030.4412382974156
19.0,llm_0,829.087800981876,-4.8,29.441238297415474,1000.0,,0.0,0.0,0.0,0.0,0.0,0,highway_0,2,491.08780098187594,829.087800981876,,-1030.4412382974156
19.1,llm_0,832.0319248116175,-4.8,29.441238297415474,1000.0,,0.0,0.0,0.0,0.0,0.0,0,highway_0,2,494.0319248116175,832.0319248116175,,-1030.4412382974156
19.2,llm_0,834.9760486413591,-4.8,29.441238297415474,1000.0,,0.0,0.0,0.0,0.0,0.0,0,highway_0,2,496.97604864135906,834.9760486413591,,-1030.4412382974156
19.3,llm_0,837.9201724711006,-4.8,29.441238297415474,1000.0,,0.0,0.0,0.0,0.0,0.0,0,highway_0,2,499.9201724711006,837.9201724711006,,-1030.4412382974156
19.4,llm_0,840.8642963008422,-4.8,29.441238297415474,1000.0,,0.0,0.0,0.0,0.0,0.0,0,highway_0,2,502.86429630084217,840.8642963008422,,-1030.4412382974156
19.5,llm_0,843.8084201305837,-4.8,29.441238297415474,1000.0,,0.0,0.0,0.0,0.0,0.0,0,highway_0,2,505.8084201305837,843.8084201305837,,-1030.4412382974156
19.6,llm_0,846.7525439603253,-4.8,29.441238297415474,1000.0,,0.0,0.0,0.0,0.0,0.0,0,highway_0,2,508.7525439603253,846.7525439603253,,-1030.4412382974156
19.7,llm_0,849.6966677900668,-4.8,29.441238297415474,1000.0,,0.0,0.0,0.0,0.0,0.0,0,highway_0,2,511.69666779006684,849.6966677900668,,-1030.4412382974156
19.8,llm_0,852.6407916198084,-4.8,29.441238297415474,1000.0,,0.0,0.0,0.0,0.0,0.0,0,highway_0,2,514.6407916198084,852.6407916198084,,-1030.4412382974156
19.9,llm_0,855.58491544955,-4.8,29.441238297415474,1000.0,,0.0,0.0,0.0,0.0,0.0,0,highway_0,2,517.58491544955,855.58491544955,,-1030.4412382974156
20.0,llm_0,858.5290392792915,-4.8,29.441238297415474,1000.0,,0.0,0.0,0.0,0.0,0.0,0,highway_0,2,520.5290392792915,858.5290392792915,,-1030.4412382974156
20.1,llm_0,861.4731631090331,-4.8,29.441238297415474,1000.0,,0.0,0.0,0.0,0.0,0.0,0,highway_0,2,523.4731631090331,861.4731631090331,,-1030.4412382974156
20.2,llm_0,864.4172869387746,-4.8,29.441238297415474,1000.0,,0.0,0.0,0.0,0.0,0.0,0,highway_0,2,526.4172869387746,864.4172869387746,,-1030.4412382974156
20.3,llm_0,867.3614107685162,-4.8,29.441238297415474,1000.0,,0.0,0.0,0.0,0.0,0.0,0,highway_0,2,529.3614107685162,867.3614107685162,,-1030.4412382974156
20.4,llm_0,870.3055345982577,-4.8,29.441238297415474,1000.0,,0.0,0.0,0.0,0.0,0.0,0,highway_0,2,532.3055345982577,870.3055345982577,,-1030.4412382974156
20.5,llm_0,873.2496584279993,-4.8,29.441238297415474,1000.0,,0.0,0.0,0.0,0.0,0.0,0,highway_0,2,535.2496584279993,873.2496584279993,,-1030.4412382974156
20.6,llm_0,876.1937822577408,-4.8,29.441238297415474,1000.0,,0.0,0.0,0.0,0.0,0.0,0,highway_0,2,538.1937822577408,876.1937822577408,,-1030.4412382974156
20.7,llm_0,879.1379060874824,-4.8,29.441238297415474,1000.0,,0.0,0.0,0.0,0.0,0.0,0,highway_0,2,541.1379060874824,879.1379060874824,,-1030.4412382974156
20.8,llm_0,882.082029917224,-4.8,29.441238297415474,1000.0,,0.0,0.0,0.0,0.0,0.0,0,highway_0,2,544.082029917224,882.082029917224,,-1030.4412382974156
20.9,llm_0,885.0261537469655,-4.8,29.441238297415474,1000.0,,0.0,0.0,0.0,0.0,0.0,0,highway_0,2,547.0261537469655,885.0261537469655,,-1030.4412382974156
21.0,llm_0,887.9702775767071,-4.8,29.441238297415474,1000.0,,0.0,0.0,0.0,0.0,0.0,0,highway_0,2,549.9702775767071,887.9702775767071,,-1030.4412382974156
21.1,llm_0,890.9144014064486,-4.8,29.441238297415474,1000.0,,0.0,0.0,0.0,0.0,0.0,0,highway_0,2,552.9144014064486,890.9144014064486,,-1030.4412382974156
21.2,llm_0,893.8585252361902,-4.8,29.441238297415474,1000.0,,0.0,0.0,0.0,0.0,0.0,0,highway_0,2,555.8585252361902,893.8585252361902,,-1030.4412382974156
21.3,llm_0,896.8026490659317,-4.8,29.441238297415474,1000.0,,0.0,0.0,0.0,0.0,0.0,0,highway_0,2,558.8026490659317,896.8026490659317,,-1030.4412382974156
21.4,llm_0,899.7467728956733,-4.8,29.441238297415474,1000.0,,0.0,0.0,0.0,0.0,0.0,0,highway_0,2,561.7467728956733,899.7467728956733,,-1030.4412382974156
21.5,llm_0,902.6908967254147,-4.8,29.441238297415474,1000.0,,0.0,0.0,0.0,0.0,0.0,0,highway_0,2,564.6908967254149,902.6908967254149,,-1030.4412382974156
21.6,llm_0,905.6350205551563,-4.8,29.441238297415474,1000.0,,0.0,0.0,0.0,0.0,0.0,0,highway_0,2,567.6350205551564,905.6350205551564,,-1030.4412382974156
21.7,llm_0,908.5791443848979,-4.8,29.441238297415474,1000.0,,0.0,0.0,0.0,0.0,0.0,0,highway_0,2,570.579144384898,908.579144384898,,-1030.4412382974156
21.8,llm_0,911.5232682146394,-4.8,29.441238297415474,1000.0,,0.0,0.0,0.0,0.0,0.0,0,highway_0,2,573.5232682146395,911.5232682146395,,-1030.4412382974156
21.9,llm_0,914.467392044381,-4.8,29.441238297415474,1000.0,,0.0,0.0,0.0,0.0,0.0,0,highway_0,2,576.4673920443811,914.4673920443811,,-1030.4412382974156
22.0,llm_0,917.4115158741225,-4.8,29.441238297415474,1000.0,,0.0,0.0,0.0,0.0,0.0,0,highway_0,2,579.4115158741226,917.4115158741226,,-1030.4412382974156
22.1,llm_0,920.3556397038641,-4.8,29.441238297415474,1000.0,,0.0,0.0,0.0,0.0,0.0,0,highway_0,2,582.3556397038642,920.3556397038642,,-1030.4412382974156
22.2,llm_0,923.2997635336058,-4.8,29.441238297415474,1000.0,,0.0,0.0,0.0,0.0,0.0,0,highway_0,2,585.2997635336058,923.2997635336058,,-1030.4412382974156
22.3,llm_0,926.2438873633473,-4.8,29.441238297415474,1000.0,,0.0,0.0,0.0,0.0,0.0,0,highway_0,2,588.2438873633473,926.2438873633473,,-1030.4412382974156
22.4,llm_0,929.1880111930889,-4.81,29.441238297415474,1000.0,,0.0,0.0,0.0,0.0,0.0,0,highway_0,2,591.1880111930889,929.1880111930889,,-1030.4412382974156
22.5,llm_0,932.1321350228304,-4.83,29.441238297415474,1000.0,,0.0,0.0,0.0,0.0,0.0,0,highway_0,2,594.1321350228304,932.1321350228304,,-1030.4412382974156
22.6,llm_0,935.076258852572,-4.859999999999999,29.441238297415474,1000.0,,0.0,0.0,0.0,0.0,0.0,0,highway_0,2,597.076258852572,935.076258852572,,-1030.4412382974156
22.7,llm_0,938.0203826823135,-4.8999999999999995,29.441238297415474,1000.0,,0.0,0.0,0.0,0.0,0.0,0,highway_0,2,600.0203826823135,938.0203826823135,,-1030.4412382974156
22.8,llm_0,940.9645065120551,-4.95,29.441238297415474,1000.0,,0.0,0.0,0.0,0.0,0.0,0,highway_0,2,602.9645065120551,940.9645065120551,,-1030.4412382974156
22.9,llm_0,943.9086303417967,-5.01,29.441238297415474,1000.0,,0.0,0.0,0.0,0.0,0.0,0,highway_0,2,605.9086303417967,943.9086303417967,,-1030.4412382974156
23.0,llm_0,946.8527541715382,-5.08,29.441238297415474,1000.0,,0.0,0.0,0.0,0.0,0.0,0,highway_0,2,608.8527541715382,946.8527541715382,,-1030.4412382974156
23.1,llm_0,949.7968780012798,-5.16,29.441238297415474,1000.0,,0.0,0.0,0.0,0.0,0.0,0,highway_0,2,611.7968780012798,949.7968780012798,,-1030.4412382974156
23.2,llm_0,952.7410018310213,-5.25,29.441238297415474,1000.0,,0.0,0.0,0.0,0.0,0.0,0,highway_0,2,614.7410018310213,952.7410018310213,,-1030.4412382974156
23.3,llm_0,955.6851256607629,-5.35,29.441238297415474,1000.0,,0.0,0.0,0.0,0.0,0.0,0,highway_0,2,617.6851256607629,955.6851256607629,,-1030.4412382974156
23.4,llm_0,958.6292494905044,-5.45,29.441238297415474,1000.0,,0.0,0.0,0.0,0.0,0.0,0,highway_0,2,620.6292494905044,958.6292494905044,,-1030.4412382974156
23.5,llm_0,961.573373320246,-5.55,29.441238297415474,1000.0,,0.0,0.0,0.0,0.0,0.0,0,highway_0,2,623.573373320246,961.573373320246,llm_1,-1030.4412382974156
23.6,llm_0,964.5174971499875,-5.6499999999999995,29.441238297415474,1000.0,,0.0,0.0,0.0,0.0,0.0,0,highway_0,2,626.5174971499875,964.5174971499875,llm_1,-1030.4412382974156
23.7,llm_0,967.4616209797291,-5.75,29.441238297415474,1000.0,,0.0,0.0,0.0,0.0,0.0,0,highway_0,2,629.4616209797291,967.4616209797291,llm_1,-1030.4412382974156
23.8,llm_0,970.4057448094707,-5.85,29.441238297415474,1000.0,,0.0,0.0,0.0,0.0,0.0,0,highway_0,2,632.4057448094707,970.4057448094707,llm_1,-1030.4412382974156
23.9,llm_0,973.3498686392122,-5.95,29.441238297415474,1000.0,,0.0,0.0,0.0,0.0,0.0,0,highway_0,2,635.3498686392122,973.3498686392122,llm_1,-1030.4412382974156
24.0,llm_0,976.2939924689538,-6.05,29.441238297415474,1000.0,,0.0,0.0,0.0,0.0,0.0,0,highway_0,2,638.2939924689538,976.2939924689538,llm_1,-1030.4412382974156
24.1,llm_0,979.2381162986954,-6.15,29.441238297415474,1000.0,,0.0,0.0,0.0,0.0,0.0,0,highway_0,2,641.2381162986953,979.2381162986953,llm_1,-1030.4412382974156
24.2,llm_0,982.182240128437,-6.25,29.441238297415474,1000.0,,0.0,0.0,0.0,0.0,0.0,0,highway_0,2,644.1822401284369,982.1822401284369,llm_1,-1030.4412382974156
24.3,llm_0,985.1263639581786,-6.3500000000000005,29.441238297415474,1000.0,,0.0,0.0,0.0,0.0,0.0,0,highway_0,2,647.1263639581784,985.1263639581784,llm_1,-1030.4412382974156
24.4,llm_0,988.0704877879201,-6.45,29.441238297415474,1000.0,,0.0,0.0,0.0,0.0,0.0,0,highway_0,1,650.07048778792,988.07048778792,llm_1,-1030.4412382974156
24.5,llm_0,991.0146116176617,-6.550000000000001,29.441238297415474,1000.0,,0.0,0.0,0.0,0.0,0.0,0,highway_0,1,653.0146116176616,991.0146116176616,llm_1,-1030.4412382974156
24.6,llm_0,993.9587354474032,-6.65,29.441238297415474,1000.0,,0.0,0.0,0.0,0.0,0.0,0,highway_0,1,655.9587354474031,993.9587354474031,llm_1,-1030.4412382974156
24.7,llm_0,996.9028592771448,-6.750000000000001,29.441238297415474,1000.0,,0.0,0.0,0.0,0.0,0.0,0,highway_0,1,658.9028592771447,996.9028592771447,llm_1,-1030.4412382974156
24.8,llm_0,999.8469831068861,-6.8500000000000005,29.441238297415474,1000.0,,0.0,0.0,0.0,0.0,0.0,0,highway_0,1,661.8469831068862,999.8469831068862,llm_1,-1030.4412382974156
24.9,llm_0,1002.7911069366277,-6.950000000000001,29.441238297415474,1000.0,,0.0,0.0,0.0,0.0,0.0,0,highway_0,1,664.7911069366278,1002.7911069366278,llm_1,-1030.4412382974156
25.0,llm_0,1005.7352307663692,-7.050000000000001,29.441238297415474,1000.0,,0.0,0.0,0.0,0.0,0.0,0,highway_0,1,667.7352307663693,1005.7352307663693,llm_1,-1030.4412382974156
25.1,llm_0,1008.6793545961108,-7.15,29.441238297415474,1000.0,,0.0,0.0,0.0,0.0,0.0,0,highway_0,1,670.6793545961109,1008.6793545961109,llm_1,-1030.4412382974156
25.2,llm_0,1011.6234784258523,-7.250000000000001,29.441238297415474,1000.0,,0.0,0.0,0.0,0.0,0.0,0,highway_0,1,673.6234784258525,1011.6234784258525,llm_1,-1030.4412382974156
25.3,llm_0,1014.5676022555939,-7.3500000000000005,29.441238297415474,1000.0,,0.0,0.0,0.0,0.0,0.0,0,highway_0,1,676.567602255594,1014.567602255594,llm_1,-1030.4412382974156
25.4,llm_0,1017.5117260853356,-7.450000000000001,29.441238297415474,1000.0,,0.0,0.0,0.0,0.0,0.0,0,highway_0,1,679.5117260853356,1017.5117260853356,llm_1,-1030.4412382974156
25.5,llm_0,1020.4558499150771,-7.550000000000001,29.441238297415474,1000.0,,0.0,0.0,0.0,0.0,0.0,0,highway_0,1,682.4558499150771,1020.4558499150771,llm_1,-1030.4412382974156
25.6,llm_0,1023.3999737448187,-7.65,29.441238297415474,1000.0,,0.0,0.0,0.0,0.0,0.0,0,highway_0,1,685.3999737448187,1023.3999737448187,llm_1,-1030.4412382974156
25.7,llm_0,1026.3440975745602,-7.750000000000001,29.441238297415474,1000.0,,0.0,0.0,0.0,0.0,0.0,0,highway_0,1,688.3440975745602,1026.3440975745602,llm_1,-1030.4412382974156
25.8,llm_0,1029.2882214043018,-7.8500000000000005,29.441238297415474,1000.0,,0.0,0.0,0.0,0.0,0.0,0,highway_0,1,691.2882214043018,1029.2882214043018,,-1030.4412382974156
25.9,llm_0,1032.2323452340434,-7.950000000000001,29.441238297415474,1000.0,,0.0,0.0,0.0,0.0,0.0,0,highway_0,1,694.2323452340434,1032.2323452340434,,-1030.4412382974156
26.0,llm_0,1035.176469063785,-8.05,29.441238297415474,1000.0,,0.0,0.0,0.0,0.0,0.0,0,highway_0,1,697.1764690637849,1035.176469063785,,-1030.4412382974156
26.1,llm_0,1038.1205928935265,-8.15,29.441238297415474,1000.0,,0.0,0.0,0.0,0.0,0.0,0,highway_0,1,700.1205928935265,1038.1205928935265,,-1030.4412382974156
26.2,llm_0,1041.064716723268,-8.25,29.441238297415474,1000.0,,0.0,0.0,0.0,0.0,0.0,0,highway_0,1,703.064716723268,1041.064716723268,,-1030.4412382974156
26.3,llm_0,1044.0088405530096,-8.350000000000001,29.441238297415474,1000.0,,0.0,0.0,0.0,0.0,0.0,0,highway_0,1,706.0088405530096,1044.0088405530096,,-1030.4412382974156
26.4,llm_0,1046.9529643827511,-8.450000000000001,29.441238297415474,1000.0,,0.0,0.0,0.0,0.0,0.0,0,highway_0,1,708.9529643827511,1046.9529643827511,,-1030.4412382974156
26.5,llm_0,1049.8970882124927,-8.540000000000001,29.441238297415474,1000.0,,0.0,0.0,0.0,0.0,0.0,0,highway_0,1,711.8970882124927,1049.8970882124927,,-1030.4412382974156
26.6,llm_0,1052.8412120422342,-8.620000000000001,29.441238297415474,1000.0,,0.0,0.0,0.0,0.0,0.0,0,highway_0,1,714.8412120422342,1052.8412120422342,,-1030.4412382974156
26.7,llm_0,1055.7853358719758,-8.690000000000001,29.441238297415474,1000.0,,0.0,0.0,0.0,0.0,0.0,0,highway_0,1,717.7853358719758,1055.7853358719758,,-1030.4412382974156
26.8,llm_0,1058.7294597017174,-8.75,29.441238297415474,1000.0,,0.0,0.0,0.0,0.0,0.0,0,highway_0,1,720.7294597017174,1058.7294597017174,,-1030.4412382974156
26.9,llm_0,1061.673583531459,-8.8,29.441238297415474,1000.0,,0.0,0.0,0.0,0.0,0.0,0,highway_0,1,723.6735835314589,1061.673583531459,,-1030.4412382974156
27.0,llm_0,1064.6177073612005,-8.840000000000002,29.441238297415474,1000.0,,0.0,0.0,0.0,0.0,0.0,0,highway_0,1,726.6177073612005,1064.6177073612005,,-1030.4412382974156
27.1,llm_0,1067.561831190942,-8.870000000000001,29.441238297415474,1000.0,,0.0,0.0,0.0,0.0,0.0,0,highway_0,1,729.561831190942,1067.561831190942,,-1030.4412382974156
27.2,llm_0,1070.5059550206836,-8.89,29.441238297415474,1000.0,,0.0,0.0,0.0,0.0,0.0,0,highway_0,1,732.5059550206836,1070.5059550206836,,-1030.4412382974156
27.3,llm_0,1073.4500788504251,-8.9,29.441238297415474,1000.0,,0.0,0.0,0.0,0.0,0.0,0,highway_0,1,735.4500788504251,1073.4500788504251,,-1030.4412382974156
27.4,llm_0,1076.3942026801667,-8.9,29.441238297415474,1000.0,,0.0,0.0,0.0,0.0,0.0,0,highway_0,1,738.3942026801667,1076.3942026801667,,-1030.4412382974156
27.5,llm_0,1079.3383265099083,-8.9,29.441238297415474,1000.0,,0.0,0.0,0.0,0.0,0.0,0,highway_0,1,741.3383265099083,1079.3383265099083,,-1030.4412382974156
27.6,llm_0,1082.2824503396498,-8.9,29.441238297415474,1000.0,,0.0,0.0,0.0,0.0,0.0,0,highway_0,1,744.2824503396498,1082.2824503396498,,-1030.4412382974156
27.7,llm_0,1085.2265741693914,-8.9,29.441238297415474,1000.0,,0.0,0.0,0.0,0.0,0.0,0,highway_0,1,747.2265741693914,1085.2265741693914,,-1030.4412382974156
27.8,llm_0,1088.170697999133,-8.9,29.441238297415474,1000.0,,0.0,0.0,0.0,0.0,0.0,0,highway_0,1,750.1706979991329,1088.170697999133,,-1030.4412382974156
27.9,llm_0,1091.1148218288745,-8.9,29.441238297415474,1000.0,,0.0,0.0,0.0,0.0,0.0,0,highway_0,1,753.1148218288745,1091.1148218288745,,-1030.4412382974156
28.0,llm_0,1094.0589057346433,-8.9,29.440839057688454,1000.0,,-0.004032321242904313,-0.004032321242904313,-0.004032321242904313,-0.004032321242904313,-0.00399239727020273,0,highway_0,1,756.0589057346433,1094.0589057346433,,-1030.4408390576884
28.1,llm_0,1097.002950255646,-8.9,29.44044521002688,1000.0,,-0.003977861381908365,-0.003977861381908365,-0.003977861381908365,-0.003977861381908365,-0.0039384766157368745,0,highway_0,1,759.002950255646,1097.002950255646,,-1030.4404452100268
28.2,llm_0,1099.9469559237853,-8.9,29.440056681391475,1000.0,,-0.00392413921757262,-0.00392413921757262,-0.00392413921757262,-0.00392413921757262,-0.0038852863540483895,0,highway_0,1,761.9469559237853,1099.9469559237853,,-1030.4400566813915
28.3,llm_0,1102.890923263759,-8.9,29.4396733997381,1000.0,,-0.003871144699075346,-0.003871144699075346,-0.003871144699075346,-0.003871144699075346,-0.003832816533737571,0,highway_0,1,764.8909232637591,1102.890923263759,,-1030.439673399738
28.4,llm_0,1105.8347294785926,-8.9,29.43806214833644,1000.0,,-0.01627363915682034,-0.01627363915682034,-0.01627363915682034,-0.01627363915682034,-0.016112514016626278,0,highway_0,1,767.8347294785926,1105.8347294785926,,-1030.4380621483365
28.5,llm_0,1108.7783767709282,-8.9,29.436472923356227,1000.0,,-0.016051172300148187,-0.016051172300148187,-0.016051172300148187,-0.016051172300148187,-0.015892249802114122,0,highway_0,1,770.7783767709282,1108.7783767709282,,-1030.4364729233562
28.6,llm_0,1111.7218673129428,-8.9,29.43490542014524,1000.0,,-0.015831782430974606,-0.015831782430974606,-0.015831782430974606,-0.015831782430974606,-0.01567503210988974,0,highway_0,1,773.7218673129428,1111.7218673129428,,-1030.4349054201452
28.7,llm_0,1114.665203246779,-8.9,29.433359338360937,1000.0,,-0.015615426021424517,-0.015615426021424517,-0.015615426021424517,-0.015615426021424517,-0.015460817843013785,0,highway_0,1,776.6652032467789,1114.665203246779,,-1030.433359338361
28.8,llm_0,1117.6083235237793,-8.9,29.431202770003924,1000.0,,-0.021781340405854,-0.021781340405854,-0.021781340405854,-0.021781340405854,-0.021565683570123895,0,highway_0,1,779.6083235237793,1117.6083235237793,,-1030.431202770004
28.9,llm_0,1120.5512311085859,-8.9,29.429075848066425,1000.0,,-0.021481911568750345,-0.021481911568750345,-0.021481911568750345,-0.021481911568750345,-0.021269219374993042,0,highway_0,1,782.5512311085859,1120.5512311085859,,-1030.4290758480665
29.0,llm_0,1123.4939289244473,-8.9,29.42697815861554,1000.0,,-0.021186663453933496,-0.021186663453933496,-0.021186663453933496,-0.021186663453933496,-0.02097689450884843,0,highway_0,1,785.4939289244473,1123.4939289244473,,-1030.4269781586156
29.1,llm_0,1126.4364198538144,-8.9,29.42490929367159,1000.0,,-0.020895535933912912,-0.020895535933912912,-0.020895535933912912,-0.020895535933912912,-0.020688649439506435,0,highway_0,1,788.4364198538144,1126.4364198538144,,-1030.4249092936716
29.2,llm_0,1129.378675709018,-8.9,29.422558552035614,1000.0,,-0.02374249052333699,-0.02374249052333699,-0.02374249052333699,-0.02374249052333699,-0.02350741635975595,0,highway_0,1,791.3786757090179,1129.378675709018,,-1030.4225585520355
29.3,llm_0,1132.3206997287307,-8.9,29.42024019712733,1000.0,,-0.023415384573654663,-0.023415384573654663,-0.023415384573654663,-0.023415384573654663,-0.023183549082830268,0,highway_0,1,794.3206997287307,1132.3206997287307,,-1030.4202401971274
29.4,llm_0,1135.2624951062453,-8.9,29.417953775144966,1000.0,,-0.02309286202188221,-0.02309286202188221,-0.02309286202188221,-0.02309286202188221,-0.02286421982365283,0,highway_0,1,797.2624951062453,1135.2624951062453,,-1030.417953775145
29.5,llm_0,1138.2040649901305,-8.9,29.415698838852748,1000.0,,-0.022774856551377898,-0.022774856551377898,-0.022774856551377898,-0.022774856551377898,-0.02254936292217735,0,highway_0,1,800.2040649901305,1138.2040649901305,,-1030.4156988388527
29.6,llm_0,1141.145400177773,-8.9,29.413351876422812,1000.0,,-0.02370432054234395,-0.02370432054234395,-0.02370432054234395,-0.02370432054234395,-0.023469624299359282,0,highway_0,1,803.1454001777729,1141.145400177773,,-1030.413351876423
29.7,llm_0,1144.0865039035307,-8.9,29.411037257577018,1000.0,,-0.023377650342501388,-0.023377650342501388,-0.023377650342501388,-0.023377650342501388,-0.02314618845794314,0,highway_0,1,806.0865039035307,1144.0865039035307,,-1030.411037257577
29.8,llm_0,1147.027379356431,-8.9,29.40875452900502,1000.0,,-0.023055558577157464,-0.023055558577157464,-0.023055558577157464,-0.023055558577157464,-0.022827285719984047,0,highway_0,1,809.0273793564311,1147.027379356431,,-1030.408754529005
29.9,llm_0,1149.9680296808267,-8.9,29.40650324395669,1000.0,,-0.022737978988139007,-0.022737978988139007,-0.022737978988139007,-0.022737978988139007,-0.02251285048330942,0,highway_0,1,811.9680296808267,1149.9680296808267,,-1030.4065032439566
30.0,llm_0,1152.9084572606685,-8.9,29.404275798418098,1000.0,,-0.02249719993977828,-0.02249719993977828,-0.02249719993977828,-0.02249719993977828,-0.022274455385904446,0,highway_0,1,814.9084572606685,1152.9084572606685,,-1030.404275798418
30.1,llm_0,1155.8486651629657,-8.9,29.402079022973655,1000.0,,-0.02218743198888906,-0.02218743198888906,-0.02218743198888906,-0.02218743198888906,-0.021967754444425225,0,highway_0,1,817.8486651629657,1155.8486651629657,,-1030.4020790229736
30.2,llm_0,1158.7886564118153,-8.9,29.399912488495435,1000.0,,-0.021881998230013577,-0.021881998230013577,-0.021881998230013577,-0.021881998230013577,-0.02166534478220683,0,highway_0,1,820.7886564118153,1158.7886564118153,,-1030.3999124884954
30.3,llm_0,1161.7284339890198,-8.9,29.397775772045865,1000.0,,-0.021580836140650428,-0.021580836140650428,-0.021580836140650428,-0.021580836140650428,-0.021367164495700308,0,highway_0,1,823.7284339890198,1161.7284339890198,,-1030.3977757720459
30.4,llm_0,1164.6680076353632,-8.9,29.39573646343369,1000.0,,-0.020597016982974337,-0.020597016982974337,-0.020597016982974337,-0.020597016982974337,-0.020393086121757165,0,highway_0,1,826.6680076353632,1164.6680076353632,,-1030.3957364634336
30.5,llm_0,1167.6073801544464,-8.9,29.39372519083124,1000.0,,-0.020313853284727346,-0.020313853284727346,-0.020313853284727346,-0.020313853284727346,-0.020112726024485994,0,highway_0,1,829.6073801544464,1167.6073801544464,,-1030.3937251908312
30.6,llm_0,1170.5465543107555,-8.9,29.391741563090456,1000.0,,-0.020034640181910923,-0.020034640181910923,-0.020034640181910923,-0.020034640181910923,-0.019836277407847547,0,highway_0,1,832.5465543107555,1170.5465543107555,,-1030.3917415630904
30.7,llm_0,1173.485532830223,-8.9,29.38978519467603,1000.0,,-0.019759320985704765,-0.019759320985704765,-0.019759320985704765,-0.019759320985704765,-0.01956368414425924,0,highway_0,1,835.4855328302231,1173.485532830223,,-1030.389785194676
30.8,llm_0,1176.4243302691568,-8.9,29.387974389338524,1000.0,,-0.018289133908798272,-0.018289133908798272,-0.018289133908798272,-0.018289133908798272,-0.01810805337505883,0,highway_0,1,838.4243302691568,1176.4243302691568,,-1030.3879743893385
30.9,llm_0,1179.362949112091,-8.9,29.38618842934096,1000.0,,-0.018038195975371707,-0.018038195975371707,-0.018038195975371707,-0.018038195975371707,-0.017859599975622586,0,highway_0,1,841.362949112091,1179.362949112091,,-1030.386188429341
31.0,llm_0,1182.3013918090203,-8.9,29.384426969292115,1000.0,,-0.017790746493356435,-0.017790746493356435,-0.017790746493356435,-0.017790746493356435,-0.01761460048847141,0,highway_0,1,844.3013918090203,1182.3013918090203,,-1030.384426969292
31.1,llm_0,1185.2396607758928,-8.9,29.382689668724538,1000.0,,-0.017546735732506535,-0.017546735732506535,-0.017546735732506535,-0.017546735732506535,-0.01737300567576483,0,highway_0,1,847.2396607758928,1185.2396607758928,,-1030.3826896687247
31.2,llm_0,1188.1777737993739,-8.9,29.381130234810474,1000.0,,-0.01575028253204147,-0.01575028253204147,-0.01575028253204147,-0.01575028253204147,-0.015594339140641011,0,highway_0,1,850.1777737993739,1188.1777737993739,,-1030.3811302348104
31.3,llm_0,1191.115733014309,-8.9,29.379592149350003,1000.0,,-0.015534663150764905,-0.015534663150764905,-0.015534663150764905,-0.015534663150764905,-0.015380854604707395,0,highway_0,1,853.115733014309,1191.115733014309,,-1030.37959214935
31.4,llm_0,1194.0535405259845,-8.9,29.378075116755962,1000.0,,-0.015322029199828613,-0.015322029199828613,-0.015322029199828613,-0.015322029199828613,-0.015170325940410123,0,highway_0,1,856.0535405259845,1194.0535405259845,,-1030.378075116756
31.5,llm_0,1196.991198410547,-8.9,29.376578845624177,1000.0,,-0.015112338431027661,-0.015112338431027661,-0.015112338431027661,-0.015112338431027661,-0.014962711317849653,0,highway_0,1,858.991198410547,1196.991198410547,,-1030.3765788456242
31.6,llm_0,1199.928726666308,-8.9,29.375282557610117,1000.0,,-0.013092508942011083,-0.013092508942011083,-0.013092508942011083,-0.013092508942011083,-0.012962880140605648,0,highway_0,1,861.928726666308,1199.928726666308,,-1030.37528255761
31.7,llm_0,1202.866127063618,-8.9,29.3740039731013,1000.0,,-0.012913703539047194,-0.012913703539047194,-0.012913703539047194,-0.012913703539047194,-0.012785845088174597,0,highway_0,1,864.866127063618,1202.866127063618,,-1030.3740039731013
31.8,llm_0,1205.8034013484205,-8.9,29.372742848023847,1000.0,,-0.012737363282263825,-0.012737363282263825,-0.012737363282263825,-0.012737363282263825,-0.012611250774519078,0,highway_0,1,867.8034013484205,1205.8034013484205,,-1030.3727428480238
31.9,llm_0,1208.7405512425935,-8.9,29.371498941731033,1000.0,,-0.012563453557431714,-0.012563453557431714,-0.012563453557431714,-0.012563453557431714,-0.0124390629281379,0,highway_0,1,870.7405512425935,1208.7405512425935,,-1030.371498941731
32.0,llm_0,1211.6775982848333,-8.9,29.37047042239757,1000.0,,-0.010388045267951895,-0.010388045267951895,-0.010388045267951895,-0.010388045267951895,-0.010285193334631515,0,highway_0,1,873.6775982848333,1211.6775982848333,,-1030.3704704223976
32.1,llm_0,1214.614543876308,-8.9,29.36945591474873,1000.0,,-0.010246527253284121,-0.010246527253284121,-0.010246527253284121,-0.010246527253284121,-0.01014507648839924,0,highway_0,1,876.6145438763081,1214.614543876308,,-1030.3694559147486
32.2,llm_0,1217.551389398954,-8.9,29.368455226459073,1000.0,,-0.010106951725527225,-0.010106951725527225,-0.010106951725527225,-0.010106951725527225,-0.01000688289657603,0,highway_0,1,879.5513893989539,1217.551389398954,,-1030.368455226459
32.3,llm_0,1220.488136215742,-8.9,29.367468167882002,1000.0,,-0.009969291628412424,-0.009969291628412424,-0.009969291628412424,-0.009969291628412424,-0.009870585770705986,0,highway_0,1,882.4881362157421,1220.488136215742,,-1030.367468167882
32.4,llm_0,1223.4248069535981,-8.9,29.36670737856102,1000.0,,-0.007683972141905082,-0.007683972141905082,-0.007683972141905082,-0.007683972141905082,-0.007607893209815586,0,highway_0,1,885.4248069535981,1223.4248069535981,,-1030.366707378561
32.5,llm_0,1226.36140264634,-8.9,29.365956927417756,1000.0,,-0.007579556546995381,-0.007579556546995381,-0.007579556546995381,-0.007579556546995381,-0.007504511432649963,0,highway_0,1,888.3614026463399,1226.36140264634,,-1030.3659569274178
32.6,llm_0,1229.297924313658,-8.9,29.36521667318212,1000.0,,-0.007476567779918009,-0.007476567779918009,-0.007476567779918009,-0.007476567779918009,-0.007402542356373942,0,highway_0,1,891.2979243136581,1229.297924313658,,-1030.3652166731822
32.7,llm_0,1232.2343729613117,-8.9,29.364486476535696,1000.0,,-0.0073749861288572305,-0.0073749861288572305,-0.0073749861288572305,-0.0073749861288572305,-0.007301966464225984,0,highway_0,1,894.2343729613117,1232.2343729613117,,-1030.3644864765356
32.8,llm_0,1235.1707719936796,-8.9,29.363990323679506,1000.0,,-0.005011143847517552,-0.005011143847517552,-0.005011143847517552,-0.005011143847517552,-0.004961528561899797,0,highway_0,1,897.1707719936796,1235.1707719936796,,-1030.3639903236794
32.9,llm_0,1238.107122083261,-8.9,29.363500895812237,1000.0,,-0.004943221459392522,-0.004943221459392522,-0.004943221459392522,-0.004943221459392522,-0.00489427867268688,0,highway_0,1,900.107122083261,1238.107122083261,,-1030.3635008958122
33.0,llm_0,1241.0434238934058,-8.9,29.363018101447608,1000.0,,-0.004876223082750153,-0.004876223082750153,-0.004876223082750153,-0.004876223082750153,-0.004827943646290578,0,highway_0,1,903.0434238934058,1241.0434238934058,,-1030.3630181014476
33.1,llm_0,1243.979678078441,-8.9,29.36254185035289,1000.0,,-0.004810136056642378,-0.004810136056642378,-0.004810136056642378,-0.004810136056642378,-0.004762510947173837,0,highway_0,1,905.9796780784411,1243.979678078441,,-1030.362541850353
33.2,llm_0,1246.915908602452,-8.9,29.36230524010865,1000.0,,-0.002389763466825068,-0.002389763466825068,-0.002389763466825068,-0.002389763466825068,-0.002366102442401541,0,highway_0,1,908.915908602452,1246.915908602452,,-1030.3623052401088
33.3,llm_0,1249.8521157853352,-8.9,29.36207182883234,1000.0,,-0.0023574538907455977,-0.0023574538907455977,-0.0023574538907455977,-0.0023574538907455977,-0.0023341127630871483,0,highway_0,1,911.8521157853352,1249.8521157853352,,-1030.3620718288323
33.4,llm_0,1252.788299942655,-8.9,29.361841573198177,1000.0,,-0.0023255819050871374,-0.0023255819050871374,-0.0023255819050871374,-0.0023255819050871374,-0.0023025563416467776,0,highway_0,1,914.7882999426549,1252.788299942655,,-1030.3618415731983
33.5,llm_0,1255.724461385702,-8.9,29.361614430469196,1000.0,,-0.0022941415627175665,-0.0022941415627175665,-0.0022941415627175665,-0.0022941415627175665,-0.0022714272898127774,0,highway_0,1,917.7244613857019,1255.724461385702,,-1030.3616144304692
33.6,llm_0,1258.660622828749,-8.9,29.361614430469196,1000.0,,0.0,0.0,0.0,0.0,0.0,0,highway_0,1,920.660622828749,1258.660622828749,,-1030.3616144304692
33.7,llm_0,1261.596784271796,-8.9,29.361614430469196,1000.0,,0.0,0.0,0.0,0.0,0.0,0,highway_0,1,923.596784271796,1261.596784271796,,-1030.3616144304692
33.8,llm_0,1264.532945714843,-8.9,29.361614430469196,1000.0,,0.0,0.0,0.0,0.0,0.0,0,highway_0,1,926.532945714843,1264.532945714843,,-1030.3616144304692
33.9,llm_0,1267.46910715789,-8.9,29.361614430469196,1000.0,,0.0,0.0,0.0,0.0,0.0,0,highway_0,1,929.46910715789,1267.46910715789,,-1030.3616144304692
34.0,llm_0,1270.405268600937,-8.9,29.361614430469196,1000.0,,0.0,0.0,0.0,0.0,0.0,0,highway_0,1,932.405268600937,1270.405268600937,,-1030.3616144304692
34.1,llm_0,1273.341430043984,-8.9,29.361614430469196,1000.0,,0.0,0.0,0.0,0.0,0.0,0,highway_0,1,935.341430043984,1273.341430043984,,-1030.3616144304692
34.2,llm_0,1276.277591487031,-8.9,29.361614430469196,1000.0,,0.0,0.0,0.0,0.0,0.0,0,highway_0,1,938.277591487031,1276.277591487031,,-1030.3616144304692
34.3,llm_0,1279.213752930078,-8.9,29.361614430469196,1000.0,,0.0,0.0,0.0,0.0,0.0,0,highway_0,1,941.213752930078,1279.213752930078,,-1030.3616144304692
34.4,llm_0,1282.149914373125,-8.9,29.361614430469196,1000.0,,0.0,0.0,0.0,0.0,0.0,0,highway_0,1,944.1499143731251,1282.149914373125,,-1030.3616144304692
34.5,llm_0,1285.086075816172,-8.9,29.361614430469196,1000.0,,0.0,0.0,0.0,0.0,0.0,0,highway_0,1,947.0860758161721,1285.086075816172,,-1030.3616144304692
34.6,llm_0,1288.022237259219,-8.9,29.361614430469196,1000.0,,0.0,0.0,0.0,0.0,0.0,0,highway_0,1,950.0222372592191,1288.022237259219,,-1030.3616144304692
34.7,llm_0,1290.958398702266,-8.9,29.361614430469196,1000.0,,0.0,0.0,0.0,0.0,0.0,0,highway_0,1,952.9583987022661,1290.958398702266,,-1030.3616144304692
34.8,llm_0,1293.894560145313,-8.9,29.361614430469196,1000.0,,0.0,0.0,0.0,0.0,0.0,0,highway_0,1,955.8945601453131,1293.894560145313,,-1030.3616144304692
34.9,llm_0,1296.8307215883601,-8.9,29.361614430469196,1000.0,,0.0,0.0,0.0,0.0,0.0,0,highway_0,1,958.8307215883601,1296.8307215883601,,-1030.3616144304692
35.0,llm_0,1299.7668830314071,-8.9,29.361614430469196,1000.0,,0.0,0.0,0.0,0.0,0.0,0,highway_0,1,961.7668830314071,1299.7668830314071,,-1030.3616144304692
35.1,llm_0,1302.7030444744541,-8.9,29.361614430469196,1000.0,,0.0,0.0,0.0,0.0,0.0,0,highway_0,1,964.7030444744541,1302.7030444744541,,-1030.3616144304692
35.2,llm_0,1305.6392059175012,-8.9,29.361614430469196,1000.0,,0.0,0.0,0.0,0.0,0.0,0,highway_0,1,967.6392059175012,1305.6392059175012,,-1030.3616144304692
35.3,llm_0,1308.5753673605482,-8.9,29.361614430469196,1000.0,,0.0,0.0,0.0,0.0,0.0,0,highway_0,1,970.5753673605482,1308.5753673605482,,-1030.3616144304692
35.4,llm_0,1311.5115288035952,-8.9,29.361614430469196,1000.0,,0.0,0.0,0.0,0.0,0.0,0,highway_0,1,973.5115288035952,1311.5115288035952,,-1030.3616144304692
35.5,llm_0,1314.4476902466422,-8.9,29.361614430469196,1000.0,,0.0,0.0,0.0,0.0,0.0,0,highway_0,1,976.4476902466422,1314.4476902466422,,-1030.3616144304692
35.6,llm_0,1317.3838516896892,-8.9,29.361614430469196,1000.0,,0.0,0.0,0.0,0.0,0.0,0,highway_0,1,979.3838516896892,1317.3838516896892,,-1030.3616144304692
35.7,llm_0,1320.3200131327362,-8.9,29.361614430469196,1000.0,,0.0,0.0,0.0,0.0,0.0,0,highway_0,1,982.3200131327362,1320.3200131327362,,-1030.3616144304692
35.8,llm_0,1323.2561745757832,-8.9,29.361614430469196,1000.0,,0.0,0.0,0.0,0.0,0.0,0,highway_0,1,985.2561745757832,1323.2561745757832,,-1030.3616144304692
35.9,llm_0,1326.1923360188302,-8.9,29.361614430469196,1000.0,,0.0,0.0,0.0,0.0,0.0,0,highway_0,1,988.1923360188302,1326.1923360188302,,-1030.3616144304692
36.0,llm_0,1329.1284974618773,-8.9,29.361614430469196,1000.0,,0.0,0.0,0.0,0.0,0.0,0,highway_0,1,991.1284974618773,1329.1284974618773,,-1030.3616144304692
36.1,llm_0,1332.0646589049243,-8.9,29.361614430469196,1000.0,,0.0,0.0,0.0,0.0,0.0,0,highway_0,1,994.0646589049243,1332.0646589049243,,-1030.3616144304692
36.2,llm_0,1335.0008203479713,-8.9,29.361614430469196,1000.0,,0.0,0.0,0.0,0.0,0.0,0,highway_0,1,997.0008203479713,1335.0008203479713,,-1030.3616144304692
36.3,llm_0,1337.9369817910183,-8.9,29.361614430469196,1000.0,,0.0,0.0,0.0,0.0,0.0,0,highway_0,1,999.9369817910183,1337.9369817910183,,-1030.3616144304692
36.4,llm_0,1340.8731432340653,-8.9,29.361614430469196,1000.0,,0.0,0.0,0.0,0.0,0.0,0,highway_0,1,1002.8731432340653,1340.8731432340653,,-1030.3616144304692
36.5,llm_0,1343.8093046771123,-8.9,29.361614430469196,1000.0,,0.0,0.0,0.0,0.0,0.0,0,highway_0,1,1005.8093046771123,1343.8093046771123,,-1030.3616144304692
36.6,llm_0,1346.7454661201593,-8.9,29.361614430469196,1000.0,,0.0,0.0,0.0,0.0,0.0,0,highway_0,1,1008.7454661201593,1346.7454661201593,,-1030.3616144304692
36.7,llm_0,1349.6816275632063,-8.9,29.361614430469196,1000.0,,0.0,0.0,0.0,0.0,0.0,0,highway_0,1,1011.6816275632063,1349.6816275632063,,-1030.3616144304692
36.8,llm_0,1352.6177890062534,-8.9,29.361614430469196,1000.0,,0.0,0.0,0.0,0.0,0.0,0,highway_0,1,1014.6177890062534,1352.6177890062534,,-1030.3616144304692
36.9,llm_0,1355.5539504493004,-8.9,29.361614430469196,1000.0,,0.0,0.0,0.0,0.0,0.0,0,highway_0,1,1017.5539504493004,1355.5539504493004,,-1030.3616144304692
37.0,llm_0,1358.4901118923474,-8.9,29.361614430469196,1000.0,,0.0,0.0,0.0,0.0,0.0,0,highway_0,1,1020.4901118923474,1358.4901118923474,,-1030.3616144304692
37.1,llm_0,1361.4262733353944,-8.9,29.361614430469196,1000.0,,0.0,0.0,0.0,0.0,0.0,0,highway_0,1,1023.4262733353944,1361.4262733353944,,-1030.3616144304692
37.2,llm_0,1364.3624347784414,-8.9,29.361614430469196,1000.0,,0.0,0.0,0.0,0.0,0.0,0,highway_0,1,1026.3624347784414,1364.3624347784414,,-1030.3616144304692
37.3,llm_0,1367.2985962214884,-8.9,29.361614430469196,1000.0,,0.0,0.0,0.0,0.0,0.0,0,highway_0,1,1029.2985962214884,1367.2985962214884,,-1030.3616144304692
37.4,llm_0,1370.2347576645354,-8.9,29.361614430469196,1000.0,,0.0,0.0,0.0,0.0,0.0,0,highway_0,1,1032.2347576645354,1370.2347576645354,,-1030.3616144304692
37.5,llm_0,1373.1709191075824,-8.9,29.361614430469196,1000.0,,0.0,0.0,0.0,0.0,0.0,0,highway_0,1,1035.1709191075824,1373.1709191075824,,-1030.3616144304692
37.6,llm_0,1376.1070805506295,-8.9,29.361614430469196,1000.0,,0.0,0.0,0.0,0.0,0.0,0,highway_0,1,1038.1070805506295,1376.1070805506295,,-1030.3616144304692
37.7,llm_0,1379.0432419936765,-8.9,29.361614430469196,1000.0,,0.0,0.0,0.0,0.0,0.0,0,highway_0,1,1041.0432419936765,1379.0432419936765,,-1030.3616144304692
37.8,llm_0,1381.9794034367235,-8.9,29.361614430469196,1000.0,,0.0,0.0,0.0,0.0,0.0,0,highway_0,1,1043.9794034367235,1381.9794034367235,,-1030.3616144304692
37.9,llm_0,1384.9155648797705,-8.9,29.361614430469196,1000.0,,0.0,0.0,0.0,0.0,0.0,0,highway_0,1,1046.9155648797705,1384.9155648797705,,-1030.3616144304692
38.0,llm_0,1387.8517263228175,-8.9,29.361614430469196,1000.0,,0.0,0.0,0.0,0.0,0.0,0,highway_0,1,1049.8517263228175,1387.8517263228175,,-1030.3616144304692
38.1,llm_0,1390.7878877658645,-8.9,29.361614430469196,1000.0,,0.0,0.0,0.0,0.0,0.0,0,highway_0,1,1052.7878877658645,1390.7878877658645,,-1030.3616144304692
38.2,llm_0,1393.7240492089115,-8.9,29.361614430469196,1000.0,,0.0,0.0,0.0,0.0,0.0,0,highway_0,1,1055.7240492089115,1393.7240492089115,,-1030.3616144304692
38.3,llm_0,1396.6602106519586,-8.9,29.361614430469196,1000.0,,0.0,0.0,0.0,0.0,0.0,0,highway_0,1,1058.6602106519586,1396.6602106519586,,-1030.3616144304692
38.4,llm_0,1399.5963720950056,-8.9,29.361614430469196,1000.0,,0.0,0.0,0.0,0.0,0.0,0,highway_0,1,1061.5963720950056,1399.5963720950056,,-1030.3616144304692
38.5,llm_0,1402.5325335380526,-8.9,29.361614430469196,1000.0,,0.0,0.0,0.0,0.0,0.0,0,highway_0,1,1064.5325335380526,1402.5325335380526,,-1030.3616144304692
38.6,llm_0,1405.4686949810996,-8.9,29.361614430469196,1000.0,,0.0,0.0,0.0,0.0,0.0,0,highway_0,1,1067.4686949810996,1405.4686949810996,,-1030.3616144304692
38.7,llm_0,1408.4048564241466,-8.9,29.361614430469196,1000.0,,0.0,0.0,0.0,0.0,0.0,0,highway_0,1,1070.4048564241466,1408.4048564241466,,-1030.3616144304692
38.8,llm_0,1411.3410178671936,-8.9,29.361614430469196,1000.0,,0.0,0.0,0.0,0.0,0.0,0,highway_0,1,1073.3410178671936,1411.3410178671936,,-1030.3616144304692
38.9,llm_0,1414.2771793102406,-8.9,29.361614430469196,1000.0,,0.0,0.0,0.0,0.0,0.0,0,highway_0,1,1076.2771793102406,1414.2771793102406,,-1030.3616144304692
39.0,llm_0,1417.2133407532876,-8.9,29.361614430469196,1000.0,,0.0,0.0,0.0,0.0,0.0,0,highway_0,1,1079.2133407532876,1417.2133407532876,,-1030.3616144304692
39.1,llm_0,1420.1495021963347,-8.9,29.361614430469196,1000.0,,0.0,0.0,0.0,0.0,0.0,0,highway_0,1,1082.1495021963347,1420.1495021963347,,-1030.3616144304692
39.2,llm_0,1423.0856636393817,-8.9,29.361614430469196,1000.0,,0.0,0.0,0.0,0.0,0.0,0,highway_0,1,1085.0856636393817,1423.0856636393817,,-1030.3616144304692
39.3,llm_0,1426.0218250824287,-8.9,29.361614430469196,1000.0,,0.0,0.0,0.0,0.0,0.0,0,highway_0,1,1088.0218250824287,1426.0218250824287,,-1030.3616144304692
39.4,llm_0,1428.9579865254757,-8.9,29.361614430469196,1000.0,,0.0,0.0,0.0,0.0,0.0,0,highway_0,1,1090.9579865254757,1428.9579865254757,,-1030.3616144304692
39.5,llm_0,1431.8941479685227,-8.9,29.361614430469196,1000.0,,0.0,0.0,0.0,0.0,0.0,0,highway_0,1,1093.8941479685227,1431.8941479685227,,-1030.3616144304692
39.6,llm_0,1434.8303094115697,-8.9,29.361614430469196,1000.0,,0.0,0.0,0.0,0.0,0.0,0,highway_0,1,1096.8303094115697,1434.8303094115697,,-1030.3616144304692
39.7,llm_0,1437.7664708546167,-8.9,29.361614430469196,1000.0,,0.0,0.0,0.0,0.0,0.0,0,highway_0,1,1099.7664708546167,1437.7664708546167,,-1030.3616144304692
39.8,llm_0,1440.7026322976637,-8.9,29.361614430469196,1000.0,,0.0,0.0,0.0,0.0,0.0,0,highway_0,1,1102.7026322976637,1440.7026322976637,,-1030.3616144304692
39.9,llm_0,1443.6387937407108,-8.9,29.361614430469196,1000.0,,0.0,0.0,0.0,0.0,0.0,0,highway_0,1,1105.6387937407108,1443.6387937407108,,-1030.3616144304692
40.0,llm_0,1446.5749551837578,-8.9,29.361614430469196,1000.0,,0.0,0.0,0.0,0.0,0.0,0,highway_0,1,1108.5749551837578,1446.5749551837578,,-1030.3616144304692
40.1,llm_0,1449.5111166268048,-8.9,29.361614430469196,1000.0,,0.0,0.0,0.0,0.0,0.0,0,highway_0,1,1111.5111166268048,1449.5111166268048,,-1030.3616144304692
40.2,llm_0,1452.4472780698518,-8.9,29.361614430469196,1000.0,,0.0,0.0,0.0,0.0,0.0,0,highway_0,1,1114.4472780698518,1452.4472780698518,,-1030.3616144304692
40.3,llm_0,1455.3834395128988,-8.9,29.361614430469196,1000.0,,0.0,0.0,0.0,0.0,0.0,0,highway_0,1,1117.3834395128988,1455.3834395128988,,-1030.3616144304692
40.4,llm_0,1458.3196009559458,-8.9,29.361614430469196,1000.0,,0.0,0.0,0.0,0.0,0.0,0,highway_0,1,1120.3196009559458,1458.3196009559458,,-1030.3616144304692
40.5,llm_0,1461.2557623989928,-8.9,29.361614430469196,1000.0,,0.0,0.0,0.0,0.0,0.0,0,highway_0,1,1123.2557623989928,1461.2557623989928,,-1030.3616144304692
40.6,llm_0,1464.1919238420398,-8.9,29.361614430469196,1000.0,,0.0,0.0,0.0,0.0,0.0,0,highway_0,1,1126.1919238420398,1464.1919238420398,,-1030.3616144304692
40.7,llm_0,1467.1280852850869,-8.9,29.361614430469196,1000.0,,0.0,0.0,0.0,0.0,0.0,0,highway_0,1,1129.1280852850869,1467.1280852850869,,-1030.3616144304692
40.8,llm_0,1470.0642467281339,-8.9,29.361614430469196,1000.0,,0.0,0.0,0.0,0.0,0.0,0,highway_0,1,1132.0642467281339,1470.0642467281339,,-1030.3616144304692
40.9,llm_0,1473.0004081711809,-8.9,29.361614430469196,1000.0,,0.0,0.0,0.0,0.0,0.0,0,highway_0,1,1135.0004081711809,1473.0004081711809,,-1030.3616144304692
41.0,llm_0,1475.936569614228,-8.9,29.361614430469196,1000.0,,0.0,0.0,0.0,0.0,0.0,0,highway_0,1,1137.936569614228,1475.936569614228,,-1030.3616144304692
41.1,llm_0,1478.872731057275,-8.9,29.361614430469196,1000.0,,0.0,0.0,0.0,0.0,0.0,0,highway_0,1,1140.872731057275,1478.872731057275,,-1030.3616144304692
41.2,llm_0,1481.808892500322,-8.9,29.361614430469196,1000.0,,0.0,0.0,0.0,0.0,0.0,0,highway_0,1,1143.808892500322,1481.808892500322,,-1030.3616144304692
41.3,llm_0,1484.745053943369,-8.9,29.361614430469196,1000.0,,0.0,0.0,0.0,0.0,0.0,0,highway_0,1,1146.745053943369,1484.745053943369,,-1030.3616144304692
41.4,llm_0,1487.681215386416,-8.9,29.361614430469196,1000.0,,0.0,0.0,0.0,0.0,0.0,0,highway_0,1,1149.681215386416,1487.681215386416,,-1030.3616144304692
41.5,llm_0,1490.617376829463,-8.9,29.361614430469196,1000.0,,0.0,0.0,0.0,0.0,0.0,0,highway_0,1,1152.617376829463,1490.617376829463,,-1030.3616144304692
41.6,llm_0,1493.55353827251,-8.9,29.361614430469196,1000.0,,0.0,0.0,0.0,0.0,0.0,0,highway_0,1,1155.55353827251,1493.55353827251,,-1030.3616144304692
41.7,llm_0,1496.489699715557,-8.9,29.361614430469196,1000.0,,0.0,0.0,0.0,0.0,0.0,0,highway_0,1,1158.489699715557,1496.489699715557,,-1030.3616144304692
41.8,llm_0,1499.425861158604,-8.9,29.361614430469196,1000.0,,0.0,0.0,0.0,0.0,0.0,0,highway_0,1,1161.425861158604,1499.425861158604,,-1030.3616144304692
41.9,llm_0,1502.362022601651,-8.9,29.361614430469196,1000.0,,0.0,0.0,0.0,0.0,0.0,0,highway_0,1,1164.362022601651,1502.362022601651,,-1030.3616144304692
42.0,llm_0,1505.298184044698,-8.9,29.361614430469196,1000.0,,0.0,0.0,0.0,0.0,0.0,0,highway_0,1,1167.298184044698,1505.298184044698,,-1030.3616144304692
42.1,llm_0,1508.234345487745,-8.9,29.361614430469196,1000.0,,0.0,0.0,0.0,0.0,0.0,0,highway_0,1,1170.234345487745,1508.234345487745,,-1030.3616144304692
42.2,llm_0,1511.170506930792,-8.9,29.361614430469196,1000.0,,0.0,0.0,0.0,0.0,0.0,0,highway_0,1,1173.170506930792,1511.170506930792,,-1030.3616144304692
42.3,llm_0,1514.106668373839,-8.9,29.361614430469196,1000.0,,0.0,0.0,0.0,0.0,0.0,0,highway_0,1,1176.106668373839,1514.106668373839,,-1030.3616144304692
42.4,llm_0,1517.042829816886,-8.9,29.361614430469196,1000.0,,0.0,0.0,0.0,0.0,0.0,0,highway_0,1,1179.042829816886,1517.042829816886,,-1030.3616144304692
42.5,llm_0,1519.978991259933,-8.9,29.361614430469196,1000.0,,0.0,0.0,0.0,0.0,0.0,0,highway_0,1,1181.978991259933,1519.978991259933,,-1030.3616144304692
42.6,llm_0,1522.91515270298,-8.9,29.361614430469196,1000.0,,0.0,0.0,0.0,0.0,0.0,0,highway_0,1,1184.91515270298,1522.91515270298,,-1030.3616144304692
42.7,llm_0,1525.851314146027,-8.9,29.361614430469196,1000.0,,0.0,0.0,0.0,0.0,0.0,0,highway_0,1,1187.851314146027,1525.851314146027,,-1030.3616144304692
42.8,llm_0,1528.7874755890741,-8.9,29.361614430469196,1000.0,,0.0,0.0,0.0,0.0,0.0,0,highway_0,1,1190.7874755890741,1528.7874755890741,,-1030.3616144304692
42.9,llm_0,1531.7236370321211,-8.9,29.361614430469196,1000.0,,0.0,0.0,0.0,0.0,0.0,0,highway_0,1,1193.7236370321211,1531.7236370321211,,-1030.3616144304692
43.0,llm_0,1534.6597984751681,-8.9,29.361614430469196,1000.0,,0.0,0.0,0.0,0.0,0.0,0,highway_0,1,1196.6597984751681,1534.6597984751681,,-1030.3616144304692
43.1,llm_0,1537.5959599182152,-8.9,29.361614430469196,1000.0,,0.0,0.0,0.0,0.0,0.0,0,highway_0,1,1199.5959599182152,1537.5959599182152,,-1030.3616144304692
43.2,llm_0,1540.5321213612622,-8.9,29.361614430469196,1000.0,,0.0,0.0,0.0,0.0,0.0,0,highway_0,1,1202.5321213612622,1540.5321213612622,,-1030.3616144304692
43.3,llm_0,1543.4682828043092,-8.9,29.361614430469196,1000.0,,0.0,0.0,0.0,0.0,0.0,0,highway_0,1,1205.4682828043092,1543.4682828043092,,-1030.3616144304692
43.4,llm_0,1546.4044442473562,-8.9,29.361614430469196,1000.0,,0.0,0.0,0.0,0.0,0.0,0,highway_0,1,1208.4044442473562,1546.4044442473562,,-1030.3616144304692
43.5,llm_0,1549.3406056904032,-8.9,29.361614430469196,1000.0,,0.0,0.0,0.0,0.0,0.0,0,highway_0,1,1211.3406056904032,1549.3406056904032,,-1030.3616144304692
43.6,llm_0,1552.2767671334502,-8.9,29.361614430469196,1000.0,,0.0,0.0,0.0,0.0,0.0,0,highway_0,1,1214.2767671334502,1552.2767671334502,,-1030.3616144304692
43.7,llm_0,1555.2129285764972,-8.9,29.361614430469196,1000.0,,0.0,0.0,0.0,0.0,0.0,0,highway_0,1,1217.2129285764972,1555.2129285764972,,-1030.3616144304692
43.8,llm_0,1558.1490900195442,-8.9,29.361614430469196,1000.0,,0.0,0.0,0.0,0.0,0.0,0,highway_0,1,1220.1490900195442,1558.1490900195442,,-1030.3616144304692
43.9,llm_0,1561.0852514625913,-8.9,29.361614430469196,1000.0,,0.0,0.0,0.0,0.0,0.0,0,highway_0,1,1223.0852514625913,1561.0852514625913,,-1030.3616144304692
44.0,llm_0,1564.0214129056383,-8.9,29.361614430469196,1000.0,,0.0,0.0,0.0,0.0,0.0,0,highway_0,1,1226.0214129056383,1564.0214129056383,,-1030.3616144304692
44.1,llm_0,1566.9575743486853,-8.9,29.361614430469196,1000.0,,0.0,0.0,0.0,0.0,0.0,0,highway_0,1,1228.9575743486853,1566.9575743486853,,-1030.3616144304692
44.2,llm_0,1569.8937357917323,-8.9,29.361614430469196,1000.0,,0.0,0.0,0.0,0.0,0.0,0,highway_0,1,1231.8937357917323,1569.8937357917323,,-1030.3616144304692
44.3,llm_0,1572.8298972347793,-8.9,29.361614430469196,1000.0,,0.0,0.0,0.0,0.0,0.0,0,highway_0,1,1234.8298972347793,1572.8298972347793,,-1030.3616144304692
44.4,llm_0,1575.7660586778263,-8.9,29.361614430469196,1000.0,,0.0,0.0,0.0,0.0,0.0,0,highway_0,1,1237.7660586778263,1575.7660586778263,,-1030.3616144304692
44.5,llm_0,1578.7022201208733,-8.9,29.361614430469196,1000.0,,0.0,0.0,0.0,0.0,0.0,0,highway_0,1,1240.7022201208733,1578.7022201208733,,-1030.3616144304692
44.6,llm_0,1581.6383815639203,-8.9,29.361614430469196,1000.0,,0.0,0.0,0.0,0.0,0.0,0,highway_0,1,1243.6383815639203,1581.6383815639203,,-1030.3616144304692
44.7,llm_0,1584.5745430069674,-8.9,29.361614430469196,1000.0,,0.0,0.0,0.0,0.0,0.0,0,highway_0,1,1246.5745430069674,1584.5745430069674,,-1030.3616144304692
44.8,llm_0,1587.5107044500144,-8.9,29.361614430469196,1000.0,,0.0,0.0,0.0,0.0,0.0,0,highway_0,1,1249.5107044500144,1587.5107044500144,,-1030.3616144304692
44.9,llm_0,1590.4468658930614,-8.9,29.361614430469196,1000.0,,0.0,0.0,0.0,0.0,0.0,0,highway_0,1,1252.4468658930614,1590.4468658930614,,-1030.3616144304692
45.0,llm_0,1593.3830273361084,-8.9,29.361614430469196,1000.0,,0.0,0.0,0.0,0.0,0.0,0,highway_0,1,1255.3830273361084,1593.3830273361084,,-1030.3616144304692
45.1,llm_0,1596.3191887791554,-8.9,29.361614430469196,1000.0,,0.0,0.0,0.0,0.0,0.0,0,highway_0,1,1258.3191887791554,1596.3191887791554,,-1030.3616144304692
45.2,llm_0,1599.2553502222024,-8.9,29.361614430469196,1000.0,,0.0,0.0,0.0,0.0,0.0,0,highway_0,1,1261.2553502222024,1599.2553502222024,,-1030.3616144304692
45.3,llm_0,1602.1915116652494,-8.9,29.361614430469196,1000.0,,0.0,0.0,0.0,0.0,0.0,0,highway_0,1,1264.1915116652494,1602.1915116652494,,-1030.3616144304692
45.4,llm_0,1605.1276731082964,-8.9,29.361614430469196,1000.0,,0.0,0.0,0.0,0.0,0.0,0,highway_0,1,1267.1276731082964,1605.1276731082964,,-1030.3616144304692
45.5,llm_0,1608.0638345513435,-8.9,29.361614430469196,1000.0,,0.0,0.0,0.0,0.0,0.0,0,highway_0,1,1270.0638345513435,1608.0638345513435,,-1030.3616144304692
45.6,llm_0,1610.9999959943905,-8.9,29.361614430469196,1000.0,,0.0,0.0,0.0,0.0,0.0,0,highway_0,1,1272.9999959943905,1610.9999959943905,,-1030.3616144304692
45.7,llm_0,1613.9361574374375,-8.9,29.361614430469196,1000.0,,0.0,0.0,0.0,0.0,0.0,0,highway_0,1,1275.9361574374375,1613.9361574374375,,-1030.3616144304692
45.8,llm_0,1616.8723188804845,-8.9,29.361614430469196,1000.0,,0.0,0.0,0.0,0.0,0.0,0,highway_0,1,1278.8723188804845,1616.8723188804845,,-1030.3616144304692
45.9,llm_0,1619.8084803235315,-8.9,29.361614430469196,1000.0,,0.0,0.0,0.0,0.0,0.0,0,highway_0,1,1281.8084803235315,1619.8084803235315,,-1030.3616144304692
46.0,llm_0,1622.7446417665785,-8.9,29.361614430469196,1000.0,,0.0,0.0,0.0,0.0,0.0,0,highway_0,1,1284.7446417665785,1622.7446417665785,,-1030.3616144304692
46.1,llm_0,1625.6808032096255,-8.9,29.361614430469196,1000.0,,0.0,0.0,0.0,0.0,0.0,0,highway_0,1,1287.6808032096255,1625.6808032096255,,-1030.3616144304692
46.2,llm_0,1628.6169646526726,-8.9,29.361614430469196,1000.0,,0.0,0.0,0.0,0.0,0.0,0,highway_0,1,1290.6169646526726,1628.6169646526726,,-1030.3616144304692
46.3,llm_0,1631.5531260957196,-8.9,29.361614430469196,1000.0,,0.0,0.0,0.0,0.0,0.0,0,highway_0,1,1293.5531260957196,1631.5531260957196,,-1030.3616144304692
46.4,llm_0,1634.4892875387666,-8.9,29.361614430469196,1000.0,,0.0,0.0,0.0,0.0,0.0,0,highway_0,1,1296.4892875387666,1634.4892875387666,,-1030.3616144304692
46.5,llm_0,1637.4254489818136,-8.9,29.361614430469196,1000.0,,0.0,0.0,0.0,0.0,0.0,0,highway_0,1,1299.4254489818136,1637.4254489818136,,-1030.3616144304692
46.6,llm_0,1640.3616104248606,-8.9,29.361614430469196,1000.0,,0.0,0.0,0.0,0.0,0.0,0,highway_0,1,1302.3616104248606,1640.3616104248606,,-1030.3616144304692
46.7,llm_0,1643.2977718679076,-8.9,29.361614430469196,1000.0,,0.0,0.0,0.0,0.0,0.0,0,highway_0,1,1305.2977718679076,1643.2977718679076,,-1030.3616144304692
46.8,llm_0,1646.2339333109546,-8.9,29.361614430469196,1000.0,,0.0,0.0,0.0,0.0,0.0,0,highway_0,1,1308.2339333109546,1646.2339333109546,,-1030.3616144304692
46.9,llm_0,1649.1700947540016,-8.9,29.361614430469196,1000.0,,0.0,0.0,0.0,0.0,0.0,0,highway_0,1,1311.1700947540016,1649.1700947540016,,-1030.3616144304692
47.0,llm_0,1652.1062561970487,-8.9,29.361614430469196,1000.0,,0.0,0.0,0.0,0.0,0.0,0,highway_0,1,1314.1062561970487,1652.1062561970487,,-1030.3616144304692
47.1,llm_0,1655.0424176400957,-8.9,29.361614430469196,1000.0,,0.0,0.0,0.0,0.0,0.0,0,highway_0,1,1317.0424176400957,1655.0424176400957,,-1030.3616144304692
47.2,llm_0,1657.9785790831427,-8.9,29.361614430469196,1000.0,,0.0,0.0,0.0,0.0,0.0,0,highway_0,1,1319.9785790831427,1657.9785790831427,,-1030.3616144304692
47.3,llm_0,1660.9147405261897,-8.9,29.361614430469196,1000.0,,0.0,0.0,0.0,0.0,0.0,0,highway_0,1,1322.9147405261897,1660.9147405261897,,-1030.3616144304692
47.4,llm_0,1663.8509019692367,-8.9,29.361614430469196,1000.0,,0.0,0.0,0.0,0.0,0.0,0,highway_0,1,1325.8509019692367,1663.8509019692367,,-1030.3616144304692
47.5,llm_0,1666.7870634122837,-8.9,29.361614430469196,1000.0,,0.0,0.0,0.0,0.0,0.0,0,highway_0,1,1328.7870634122837,1666.7870634122837,,-1030.3616144304692
47.6,llm_0,1669.7232248553307,-8.9,29.361614430469196,1000.0,,0.0,0.0,0.0,0.0,0.0,0,highway_0,1,1331.7232248553307,1669.7232248553307,,-1030.3616144304692
47.7,llm_0,1672.6593862983777,-8.9,29.361614430469196,1000.0,,0.0,0.0,0.0,0.0,0.0,0,highway_0,1,1334.6593862983777,1672.6593862983777,,-1030.3616144304692
47.8,llm_0,1675.5955477414248,-8.9,29.361614430469196,1000.0,,0.0,0.0,0.0,0.0,0.0,0,highway_0,1,1337.5955477414248,1675.5955477414248,,-1030.3616144304692
47.9,llm_0,1678.5317091844718,-8.9,29.361614430469196,1000.0,,0.0,0.0,0.0,0.0,0.0,0,highway_0,1,1340.5317091844718,1678.5317091844718,,-1030.3616144304692
48.0,llm_0,1681.4678706275188,-8.9,29.361614430469196,1000.0,,0.0,0.0,0.0,0.0,0.0,0,highway_0,1,1343.4678706275188,1681.4678706275188,,-1030.3616144304692
48.1,llm_0,1684.4040320705658,-8.9,29.361614430469196,1000.0,,0.0,0.0,0.0,0.0,0.0,0,highway_0,1,1346.4040320705658,1684.4040320705658,,-1030.3616144304692
48.2,llm_0,1687.3401935136128,-8.9,29.361614430469196,1000.0,,0.0,0.0,0.0,0.0,0.0,0,highway_0,1,1349.3401935136128,1687.3401935136128,,-1030.3616144304692
48.3,llm_0,1690.2763549566598,-8.9,29.361614430469196,1000.0,,0.0,0.0,0.0,0.0,0.0,0,highway_0,1,1352.2763549566598,1690.2763549566598,,-1030.3616144304692
48.4,llm_0,1693.2125163997068,-8.9,29.361614430469196,1000.0,,0.0,0.0,0.0,0.0,0.0,0,highway_0,1,1355.2125163997068,1693.2125163997068,,-1030.3616144304692
48.5,llm_0,1696.1486778427538,-8.9,29.361614430469196,1000.0,,0.0,0.0,0.0,0.0,0.0,0,highway_0,1,1358.1486778427538,1696.1486778427538,,-1030.3616144304692
48.6,llm_0,1699.0848392858009,-8.9,29.361614430469196,1000.0,,0.0,0.0,0.0,0.0,0.0,0,highway_0,1,1361.0848392858009,1699.0848392858009,,-1030.3616144304692
48.7,llm_0,1702.0210007288479,-8.9,29.361614430469196,1000.0,,0.0,0.0,0.0,0.0,0.0,0,highway_0,1,1364.0210007288479,1702.0210007288479,,-1030.3616144304692
48.8,llm_0,1704.9571621718949,-8.9,29.361614430469196,1000.0,,0.0,0.0,0.0,0.0,0.0,0,highway_0,1,1366.9571621718949,1704.9571621718949,,-1030.3616144304692
48.9,llm_0,1707.893323614942,-8.9,29.361614430469196,1000.0,,0.0,0.0,0.0,0.0,0.0,0,highway_0,1,1369.893323614942,1707.893323614942,,-1030.3616144304692
49.0,llm_0,1710.829485057989,-8.9,29.361614430469196,1000.0,,0.0,0.0,0.0,0.0,0.0,0,highway_0,1,1372.829485057989,1710.829485057989,,-1030.3616144304692
49.1,llm_0,1713.765646501036,-8.9,29.361614430469196,1000.0,,0.0,0.0,0.0,0.0,0.0,0,highway_0,1,1375.765646501036,1713.765646501036,,-1030.3616144304692
49.2,llm_0,1716.701807944083,-8.9,29.361614430469196,1000.0,,0.0,0.0,0.0,0.0,0.0,0,highway_0,1,1378.701807944083,1716.701807944083,,-1030.3616144304692
49.3,llm_0,1719.63796938713,-8.9,29.361614430469196,1000.0,,0.0,0.0,0.0,0.0,0.0,0,highway_0,1,1381.63796938713,1719.63796938713,,-1030.3616144304692
49.4,llm_0,1722.574130830177,-8.9,29.361614430469196,1000.0,,0.0,0.0,0.0,0.0,0.0,0,highway_0,1,1384.574130830177,1722.574130830177,,-1030.3616144304692
49.5,llm_0,1725.510292273224,-8.9,29.361614430469196,1000.0,,0.0,0.0,0.0,0.0,0.0,0,highway_0,1,1387.510292273224,1725.510292273224,,-1030.3616144304692
49.6,llm_0,1728.446453716271,-8.9,29.361614430469196,1000.0,,0.0,0.0,0.0,0.0,0.0,0,highway_0,1,1390.446453716271,1728.446453716271,,-1030.3616144304692
49.7,llm_0,1731.382615159318,-8.9,29.361614430469196,1000.0,,0.0,0.0,0.0,0.0,0.0,0,highway_0,1,1393.382615159318,1731.382615159318,,-1030.3616144304692
49.8,llm_0,1734.318776602365,-8.9,29.361614430469196,1000.0,,0.0,0.0,0.0,0.0,0.0,0,highway_0,1,1396.318776602365,1734.318776602365,,-1030.3616144304692
49.9,llm_0,1737.254938045412,-8.9,29.361614430469196,1000.0,,0.0,0.0,0.0,0.0,0.0,0,highway_0,1,1399.254938045412,1737.254938045412,,-1030.3616144304692
50.0,llm_0,1740.191099488459,-8.9,29.361614430469196,1000.0,,0.0,0.0,0.0,0.0,0.0,0,highway_0,1,1402.191099488459,1740.191099488459,,-1030.3616144304692
50.1,llm_0,1743.127260931506,-8.9,29.361614430469196,1000.0,,0.0,0.0,0.0,0.0,0.0,0,highway_0,1,1405.127260931506,1743.127260931506,,-1030.3616144304692
50.2,llm_0,1746.063422374553,-8.9,29.361614430469196,1000.0,,0.0,0.0,0.0,0.0,0.0,0,highway_0,1,1408.063422374553,1746.063422374553,,-1030.3616144304692
50.3,llm_0,1748.9995838176,-8.9,29.361614430469196,1000.0,,0.0,0.0,0.0,0.0,0.0,0,highway_0,1,1410.9995838176,1748.9995838176,,-1030.3616144304692
50.4,llm_0,1751.935745260647,-8.9,29.361614430469196,1000.0,,0.0,0.0,0.0,0.0,0.0,0,highway_0,1,1413.935745260647,1751.935745260647,,-1030.3616144304692
50.5,llm_0,1754.871906703694,-8.9,29.361614430469196,1000.0,,0.0,0.0,0.0,0.0,0.0,0,highway_0,1,1416.871906703694,1754.871906703694,,-1030.3616144304692
50.6,llm_0,1757.808068146741,-8.9,29.361614430469196,1000.0,,0.0,0.0,0.0,0.0,0.0,0,highway_0,1,1419.808068146741,1757.808068146741,,-1030.3616144304692
50.7,llm_0,1760.7442295897881,-8.9,29.361614430469196,1000.0,,0.0,0.0,0.0,0.0,0.0,0,highway_0,1,1422.7442295897881,1760.7442295897881,,-1030.3616144304692
50.8,llm_0,1763.6803910328351,-8.9,29.361614430469196,1000.0,,0.0,0.0,0.0,0.0,0.0,0,highway_0,1,1425.6803910328351,1763.6803910328351,,-1030.3616144304692
50.9,llm_0,1766.6165524758821,-8.9,29.361614430469196,1000.0,,0.0,0.0,0.0,0.0,0.0,0,highway_0,1,1428.6165524758821,1766.6165524758821,,-1030.3616144304692
51.0,llm_0,1769.5527139189292,-8.9,29.361614430469196,1000.0,,0.0,0.0,0.0,0.0,0.0,0,highway_0,1,1431.5527139189292,1769.5527139189292,,-1030.3616144304692
51.1,llm_0,1772.4888753619762,-8.9,29.361614430469196,1000.0,,0.0,0.0,0.0,0.0,0.0,0,highway_0,1,1434.4888753619762,1772.4888753619762,,-1030.3616144304692
51.2,llm_0,1775.4250368050232,-8.9,29.361614430469196,1000.0,,0.0,0.0,0.0,0.0,0.0,0,highway_0,1,1437.4250368050232,1775.4250368050232,,-1030.3616144304692
51.3,llm_0,1778.3611982480702,-8.9,29.361614430469196,1000.0,,0.0,0.0,0.0,0.0,0.0,0,highway_0,1,1440.3611982480702,1778.3611982480702,,-1030.3616144304692
51.4,llm_0,1781.2973596911172,-8.9,29.361614430469196,1000.0,,0.0,0.0,0.0,0.0,0.0,0,highway_0,1,1443.2973596911172,1781.2973596911172,,-1030.3616144304692
51.5,llm_0,1784.2335211341642,-8.9,29.361614430469196,1000.0,,0.0,0.0,0.0,0.0,0.0,0,highway_0,1,1446.2335211341642,1784.2335211341642,,-1030.3616144304692
51.6,llm_0,1787.1696825772112,-8.9,29.361614430469196,1000.0,,0.0,0.0,0.0,0.0,0.0,0,highway_0,1,1449.1696825772112,1787.1696825772112,,-1030.3616144304692
51.7,llm_0,1790.1058440202582,-8.9,29.361614430469196,1000.0,,0.0,0.0,0.0,0.0,0.0,0,highway_0,1,1452.1058440202582,1790.1058440202582,,-1030.3616144304692
51.8,llm_0,1793.0420054633053,-8.9,29.361614430469196,1000.0,,0.0,0.0,0.0,0.0,0.0,0,highway_0,1,1455.0420054633053,1793.0420054633053,,-1030.3616144304692
51.9,llm_0,1795.9781669063523,-8.9,29.361614430469196,1000.0,,0.0,0.0,0.0,0.0,0.0,0,highway_0,1,1457.9781669063523,1795.9781669063523,,-1030.3616144304692
52.0,llm_0,1798.9143283493993,-8.9,29.361614430469196,1000.0,,0.0,0.0,0.0,0.0,0.0,0,highway_0,1,1460.9143283493993,1798.9143283493993,,-1030.3616144304692
0,llm_1,319.0,-11.200000000000001,23.5,1000.0,,,,,,0,0,highway_0,0,0.0,319.0,,-1024.5
0.1,llm_1,321.3341221625237,-11.200000000000001,23.34122162523723,1000.0,,-1.6036615851039469,-1.6036615851039469,-1.6036615851039469,-1.6036615851039469,-1.5877837476276824,0,highway_0,0,2.3341221625237267,321.3341221625237,,-1024.3412216252373
0.2,llm_1,323.6534717922426,-11.200000000000001,23.19349629718911,1000.0,,-1.4920258132860376,-1.4920258132860376,-1.4920258132860376,-1.4920258132860376,-1.4772532804812144,0,highway_0,0,4.6534717922426125,323.6534717922426,,-1024.193496297189
0.3,llm_1,325.9590628035801,-11.200000000000001,23.055910113374804,1000.0,,-1.3896204565244972,-1.3896204565244972,-1.3896204565244972,-1.3896204565244972,-1.3758618381430665,0,highway_0,0,6.959062803580082,325.9590628035801,,-1024.0559101133747
0.4,llm_1,328.2664395478779,-11.200000000000001,23.073767442978166,1000.0,,0.18035902899393885,0.18035902899393885,0.18035902899393885,0.18035902899393885,0.17857329603362615,0,highway_0,0,9.266439547877894,328.2664395478779,,-1024.0737674429781
0.5,llm_1,330.5755768541027,-11.200000000000001,23.09137306224805,1000.0,,0.17781675462584723,0.17781675462584723,0.17781675462584723,0.17781675462584723,0.17605619269883022,0,highway_0,0,11.575576854102678,330.5755768541027,,-1024.091373062248
0.6,llm_1,332.88644984874514,-11.200000000000001,23.108729946424905,1000.0,,0.17530453018621373,0.17530453018621373,0.17530453018621373,0.17530453018621373,0.17356884176855658,0,highway_0,0,13.886449848745144,332.88644984874514,,-1024.108729946425
0.7,llm_1,335.1990339539566,-11.200000000000001,23.125841052114563,1000.0,,0.17282216746554235,0.17282216746554235,0.17282216746554235,0.17282216746554235,0.1711110568965779,0,highway_0,0,16.199033953956587,335.1990339539566,,-1024.1258410521145
0.8,llm_1,337.51370411324814,-11.200000000000001,23.146701592915505,1000.0,,0.21069146208953127,0.21069146208953127,0.21069146208953127,0.21069146208953127,0.20860540800942573,0,highway_0,0,18.51370411324814,337.51370411324814,,-1024.1467015929154
0.9,llm_1,339.83043209075913,-11.200000000000001,23.167279775109733,1000.0,,0.20783964016172773,0.20783964016172773,0.20783964016172773,0.20783964016172773,0.20578182194228134,0,highway_0,0,20.830432090759132,339.83043209075913,,-1024.1672797751098
1.0,llm_1,342.1491899579176,-11.200000000000001,23.187578671584767,1000.0,,0.20501885439784218,0.20501885439784218,0.20501885439784218,0.20501885439784218,0.20298896475033246,0,highway_0,0,23.1491899579176,342.1491899579176,,-1024.1875786715848
1.1,llm_1,344.46995009218585,-11.200000000000001,23.207601342682562,1000.0,,0.20222897808771045,0.20222897808771045,0.20222897808771045,0.20222897808771045,0.20022671097795097,0,highway_0,0,25.469950092185854,344.46995009218585,,-1024.2076013426827
1.2,llm_1,346.7907102264541,-11.200000000000001,23.207601342682562,1000.0,,0.0,0.0,0.0,0.0,0.0,0,highway_0,0,27.79071022645411,346.7907102264541,,-1024.2076013426827
1.3,llm_1,349.11147036072236,-11.200000000000001,23.207601342682562,1000.0,,0.0,0.0,0.0,0.0,0.0,0,highway_0,0,30.111470360722365,349.11147036072236,,-1024.2076013426827
1.4,llm_1,351.4322304949906,-11.200000000000001,23.207601342682562,1000.0,,0.0,0.0,0.0,0.0,0.0,0,highway_0,0,32.43223049499062,351.4322304949906,,-1024.2076013426827
1.5,llm_1,353.7529906292589,-11.200000000000001,23.207601342682562,1000.0,,0.0,0.0,0.0,0.0,0.0,0,highway_0,0,34.752990629258875,353.7529906292589,,-1024.2076013426827
1.6,llm_1,356.0769916016721,-11.200000000000001,23.240009724131895,1000.0,,0.32732465263825816,0.32732465263825816,0.32732465263825816,0.32732465263825816,0.3240838144933278,0,highway_0,0,37.07699160167209,356.0769916016721,,-1024.2400097241318
1.7,llm_1,358.40427115886655,-11.200000000000001,23.272795571944513,1000.0,,0.3311370629074595,0.3311370629074595,0.3311370629074595,0.3311370629074595,0.3278584781261884,0,highway_0,0,39.40427115886655,358.40427115886655,,-1024.2727955719445
1.8,llm_1,360.7348658820171,-11.200000000000001,23.30594723150587,1000.0,,0.3348317615696872,0.3348317615696872,0.3348317615696872,0.3348317615696872,0.3315165956135502,0,highway_0,0,41.73486588201712,360.7348658820171,,-1024.3059472315058
1.9,llm_1,363.06881122096195,-11.200000000000001,23.339453389448334,1000.0,,0.3384121952188788,0.3384121952188788,0.3384121952188788,0.3384121952188788,0.33506157942465364,0,highway_0,0,44.06881122096195,363.06881122096195,,-1024.3394533894484
2.0,llm_1,365.40614152693456,-11.200000000000001,23.373303059725917,1000.0,,0.3418816698035866,0.3418816698035866,0.3418816698035866,0.3418816698035866,0.3384967027758279,0,highway_0,0,46.40614152693456,365.40614152693456,,-1024.373303059726
2.1,llm_1,367.7468900839729,-11.200000000000001,23.407485570383763,1000.0,,0.3452433576442483,0.3452433576442483,0.3452433576442483,0.3452433576442483,0.34182510657846166,0,highway_0,0,48.746890083972914,367.7468900839729,,-1024.4074855703839
2.2,llm_1,370.09108913907113,-11.200000000000001,23.441990550982055,1000.0,,0.3485003040427511,0.3485003040427511,0.3485003040427511,0.3485003040427511,0.34504980598292434,0,highway_0,0,51.09108913907113,370.09108913907113,,-1024.4419905509822
2.3,llm_1,372.4387699311348,-11.200000000000001,23.476807920636656,1000.0,,0.351655433511477,0.351655433511477,0.351655433511477,0.351655433511477,0.34817369654600583,0,highway_0,0,53.4387699311348,372.4387699311348,,-1024.4768079206367
2.4,llm_1,374.7899627187989,-11.200000000000001,23.511927876641305,1000.0,,0.3547115556469723,0.3547115556469723,0.3547115556469723,0.3547115556469723,0.35119956004649566,0,highway_0,0,55.789962718798904,374.7899627187989,,-1024.5119278766413
2.5,llm_1,377.14469680716275,-11.200000000000001,23.547340883638483,1000.0,,0.357671370671512,0.357671370671512,0.357671370671512,0.357671370671512,0.35413006997178087,0,highway_0,0,58.144696807162745,377.14469680716275,,-1024.5473408836385
2.6,llm_1,379.5030005734936,-11.200000000000001,23.583037663308197,1000.0,,0.3605374746641147,0.3605374746641147,0.3605374746641147,0.3605374746641147,0.3569677966971341,0,highway_0,0,60.50300057349358,379.5030005734936,,-1024.5830376633082
2.7,llm_1,381.86490149194816,-11.200000000000001,23.61900918454592,1000.0,,0.3633123645009947,0.3633123645009947,0.3633123645009947,0.3633123645009947,0.3597152123772318,0,highway_0,0,62.86490149194816,381.86490149194816,,-1024.619009184546
2.8,llm_1,384.2304261573584,-11.200000000000001,23.655246654102747,1000.0,,0.36599844252397473,0.36599844252397473,0.36599844252397473,0.36599844252397473,0.3623746955682705,0,highway_0,0,65.23042615735841,384.2304261573584,,-1024.6552466541027
2.9,llm_1,386.59960030812465,-11.200000000000001,23.691741507662556,1000.0,,0.3685980209540638,0.3685980209540638,0.3685980209540638,0.3685980209540638,0.3649485355980886,0,highway_0,0,67.59960030812465,386.59960030812465,,-1024.6917415076625
3.0,llm_1,388.9724488482579,-11.200000000000001,23.728485401332474,1000.0,,0.3711133260661733,0.3711133260661733,0.3711133260661733,0.3711133260661733,0.3674389366991804,0,highway_0,0,69.9724488482579,388.9724488482579,,-1024.7284854013324
3.1,llm_1,391.34511254026927,-11.200000000000001,23.726636920113943,1000.0,,-0.018669660307130798,-0.018669660307130798,-0.018669660307130798,-0.018669660307130798,-0.01848481218530651,0,highway_0,0,72.34511254026927,391.34511254026927,,-1024.7266369201138
3.2,llm_1,393.71777623228064,-11.200000000000001,23.726636920113943,1000.0,,0.0,0.0,0.0,0.0,0.0,0,highway_0,0,74.71777623228064,393.71777623228064,,-1024.7266369201138
3.3,llm_1,396.090439924292,-11.200000000000001,23.726636920113943,1000.0,,0.0,0.0,0.0,0.0,0.0,0,highway_0,0,77.09043992429201,396.090439924292,,-1024.7266369201138
3.4,llm_1,398.4631036163034,-11.200000000000001,23.726636920113943,1000.0,,0.0,0.0,0.0,0.0,0.0,0,highway_0,0,79.46310361630339,398.4631036163034,,-1024.7266369201138
3.5,llm_1,400.83576730831476,-11.200000000000001,23.726636920113943,1000.0,,0.0,0.0,0.0,0.0,0.0,0,highway_0,0,81.83576730831476,400.83576730831476,,-1024.7266369201138
3.6,llm_1,403.20855461026014,-11.200000000000001,23.72787301945365,1000.0,,0.012484603331052058,0.012484603331052058,0.012484603331052058,0.012484603331052058,0.012360993397066977,0,highway_0,0,84.20855461026014,403.20855461026014,,-1024.7278730194537
3.7,llm_1,405.5813419122055,-11.200000000000001,23.72787301945365,1000.0,,0.0,0.0,0.0,0.0,0.0,0,highway_0,0,86.58134191220552,405.5813419122055,,-1024.7278730194537
3.8,llm_1,407.9541292141509,-11.200000000000001,23.72787301945365,1000.0,,0.0,0.0,0.0,0.0,0.0,0,highway_0,0,88.9541292141509,407.9541292141509,,-1024.7278730194537
3.9,llm_1,410.3269165160963,-11.200000000000001,23.72787301945365,1000.0,,0.0,0.0,0.0,0.0,0.0,0,highway_0,0,91.32691651609628,410.3269165160963,,-1024.7278730194537
4.0,llm_1,412.69970381804166,-11.200000000000001,23.72787301945365,1000.0,,0.0,0.0,0.0,0.0,0.0,0,highway_0,0,93.69970381804166,412.69970381804166,,-1024.7278730194537
4.1,llm_1,415.07249111998703,-11.200000000000001,23.72787301945365,1000.0,,0.0,0.0,0.0,0.0,0.0,0,highway_0,0,96.07249111998703,415.07249111998703,,-1024.7278730194537
4.2,llm_1,417.4452784219324,-11.200000000000001,23.72787301945365,1000.0,,0.0,0.0,0.0,0.0,0.0,0,highway_0,0,98.44527842193241,417.4452784219324,,-1024.7278730194537
4.3,llm_1,419.8180657238778,-11.200000000000001,23.72787301945365,1000.0,,0.0,0.0,0.0,0.0,0.0,0,highway_0,0,100.8180657238778,419.8180657238778,,-1024.7278730194537
4.4,llm_1,422.1908530258232,-11.200000000000001,23.72787301945365,1000.0,,0.0,0.0,0.0,0.0,0.0,0,highway_0,0,103.19085302582317,422.1908530258232,,-1024.7278730194537
4.5,llm_1,424.56364032776855,-11.200000000000001,23.72787301945365,1000.0,,0.0,0.0,0.0,0.0,0.0,0,highway_0,0,105.56364032776855,424.56364032776855,,-1024.7278730194537
4.6,llm_1,426.93642762971393,-11.200000000000001,23.72787301945365,1000.0,,0.0,0.0,0.0,0.0,0.0,0,highway_0,0,107.93642762971393,426.93642762971393,,-1024.7278730194537
4.7,llm_1,429.3092149316593,-11.200000000000001,23.72787301945365,1000.0,,0.0,0.0,0.0,0.0,0.0,0,highway_0,0,110.30921493165931,429.3092149316593,,-1024.7278730194537
4.8,llm_1,431.6820022336047,-11.200000000000001,23.72787301945365,1000.0,,0.0,0.0,0.0,0.0,0.0,0,highway_0,0,112.68200223360469,431.6820022336047,,-1024.7278730194537
4.9,llm_1,434.05478953555007,-11.200000000000001,23.72787301945365,1000.0,,0.0,0.0,0.0,0.0,0.0,0,highway_0,0,115.05478953555007,434.05478953555007,,-1024.7278730194537
5.0,llm_1,436.42757683749545,-11.200000000000001,23.72787301945365,1000.0,,0.0,0.0,0.0,0.0,0.0,0,highway_0,0,117.42757683749545,436.42757683749545,,-1024.7278730194537
5.1,llm_1,438.80036413944083,-11.200000000000001,23.72787301945365,1000.0,,0.0,0.0,0.0,0.0,0.0,0,highway_0,0,119.80036413944083,438.80036413944083,,-1024.7278730194537
5.2,llm_1,441.1731514413862,-11.200000000000001,23.72787301945365,1000.0,,0.0,0.0,0.0,0.0,0.0,0,highway_0,0,122.17315144138621,441.1731514413862,,-1024.7278730194537
5.3,llm_1,443.5459387433316,-11.200000000000001,23.72787301945365,1000.0,,0.0,0.0,0.0,0.0,0.0,0,highway_0,0,124.54593874333159,443.5459387433316,,-1024.7278730194537
5.4,llm_1,445.91872604527697,-11.200000000000001,23.72787301945365,1000.0,,0.0,0.0,0.0,0.0,0.0,0,highway_0,0,126.91872604527697,445.91872604527697,,-1024.7278730194537
5.5,llm_1,448.29151334722235,-11.200000000000001,23.72787301945365,1000.0,,0.0,0.0,0.0,0.0,0.0,0,highway_0,0,129.29151334722235,448.29151334722235,,-1024.7278730194537
5.6,llm_1,450.6643006491677,-11.200000000000001,23.72787301945365,1000.0,,0.0,0.0,0.0,0.0,0.0,0,highway_0,0,131.66430064916773,450.6643006491677,,-1024.7278730194537
5.7,llm_1,453.0370879511131,-11.200000000000001,23.72787301945365,1000.0,,0.0,0.0,0.0,0.0,0.0,0,highway_0,0,134.0370879511131,453.0370879511131,,-1024.7278730194537
5.8,llm_1,455.4117710743949,-11.200000000000001,23.746831232818582,1000.0,,0.1914779549858291,0.1914779549858291,0.1914779549858291,0.1914779549858291,0.1895821336493242,0,highway_0,0,136.41177107439495,455.41177107439495,,-1024.7468312328185
5.9,llm_1,457.78832440429767,-11.200000000000001,23.765533299027698,1000.0,,0.18889086871206928,0.18889086871206928,0.18889086871206928,0.18889086871206928,0.18702066209115742,0,highway_0,0,138.78832440429773,457.7883244042977,,-1024.7655332990278
6.0,llm_1,460.1670063782155,-11.200000000000001,23.786819739177794,1000.0,,0.21499304551596488,0.21499304551596488,0.21499304551596488,0.21499304551596488,0.21286440150095842,0,highway_0,0,141.1670063782155,460.1670063782155,,-1024.7868197391779
6.1,llm_1,462.5477891124074,-11.200000000000001,23.807827341918784,1000.0,,0.21217678768402692,0.21217678768402692,0.21217678768402692,0.21217678768402692,0.2100760274099045,0,highway_0,0,143.54778911240737,462.5477891124074,,-1024.8078273419187
6.2,llm_1,464.9306450148982,-11.200000000000001,23.82855902490789,1000.0,,0.20938999818994264,0.20938999818994264,0.20938999818994264,0.20938999818994264,0.20731682989104883,0,highway_0,0,145.93064501489818,464.9306450148982,,-1024.828559024908
6.3,llm_1,467.31554678441177,-11.200000000000001,23.849017695136457,1000.0,,0.2066325693085176,0.2066325693085176,0.2066325693085176,0.2066325693085176,0.204586702285674,0,highway_0,0,148.31554678441182,467.3155467844118,,-1024.8490176951364
6.4,llm_1,469.7027350354312,-11.200000000000001,23.87188251019308,1000.0,,0.23093463207190534,0.23093463207190534,0.23093463207190534,0.23093463207190534,0.22864815056621524,0,highway_0,0,150.70273503543115,469.70273503543115,,-1024.871882510193
6.5,llm_1,472.0921805248447,-11.200000000000001,23.894454894136427,1000.0,,0.22798107782782118,0.22798107782782118,0.22798107782782118,0.22798107782782118,0.22572383943348484,0,highway_0,0,153.09218052484476,472.09218052484476,,-1024.8944548941365
6.6,llm_1,474.48385430100717,-11.200000000000001,23.9167377616237,1000.0,,0.22505696162145228,0.22505696162145228,0.22505696162145228,0.22505696162145228,0.22282867487273705,0,highway_0,0,155.4838543010071,474.4838543010071,,-1024.9167377616236
6.7,llm_1,476.8777277030194,-11.200000000000001,23.938734020122602,1000.0,,0.22216221083889243,0.22216221083889243,0.22216221083889243,0.22216221083889243,0.21996258498901966,0,highway_0,0,157.8777277030194,476.8777277030194,,-1024.9387340201226
6.8,llm_1,479.2740252277412,-11.200000000000001,23.962975247218573,1000.0,,0.2448363936693213,0.2448363936693213,0.2448363936693213,0.2448363936693213,0.2424122709597043,0,highway_0,0,160.27402522774122,479.2740252277412,,-1024.9629752472185
6.9,llm_1,481.6727165437552,-11.200000000000001,23.986913160138972,1000.0,,0.24177292049605048,0.24177292049605048,0.24177292049605048,0.24177292049605048,0.2393791292039893,0,highway_0,0,162.67271654375514,481.67271654375514,,-1024.986913160139
7.0,llm_1,484.07377160869333,-11.200000000000001,24.010550649381734,1000.0,,0.23873864135189804,0.23873864135189804,0.23873864135189804,0.23873864135189804,0.23637489242762655,0,highway_0,0,165.07377160869333,484.07377160869333,,-1025.0105506493817
7.1,llm_1,486.47716066883487,-11.200000000000001,24.033890601416196,1000.0,,0.23573351554806965,0.23573351554806965,0.23573351554806965,0.23573351554806965,0.2333995203446193,0,highway_0,0,167.47716066883493,486.4771606688349,,-1025.0338906014163
7.2,llm_1,488.8830935787633,-11.200000000000001,24.059329099283264,1000.0,,0.25692882845739584,0.25692882845739584,0.25692882845739584,0.25692882845739584,0.25438497867067866,0,highway_0,0,169.88309357876324,488.88309357876324,,-1025.0593290992833
7.3,llm_1,491.29153914054206,-11.200000000000001,24.084455617788148,1000.0,,0.25377783689933975,0.25377783689933975,0.25377783689933975,0.25377783689933975,0.25126518504883677,0,highway_0,0,172.29153914054206,491.29153914054206,,-1025.084455617788
7.4,llm_1,493.70529504431914,-11.200000000000001,24.137559037771084,1000.0,,0.5363445418276618,0.5363445418276618,0.5363445418276618,0.5363445418276618,0.5310341998293566,0,highway_0,0,174.70529504431914,493.70529504431914,,-1025.137559037771
7.5,llm_1,496.1243521539655,-11.200000000000001,24.190571096463476,1000.0,,0.5354217927931639,0.5354217927931639,0.5354217927931639,0.5354217927931639,0.5301205869239212,0,highway_0,0,177.1243521539655,496.1243521539655,,-1025.1905710964634
7.6,llm_1,498.54870117477356,-11.200000000000001,24.24349020808052,1000.0,,0.5344830273321601,0.5344830273321601,0.5344830273321601,0.5344830273321601,0.5291911161704377,0,highway_0,0,179.54870117477356,498.54870117477356,,-1025.2434902080806
7.7,llm_1,500.9783326548387,-11.200000000000001,24.296314800651825,1000.0,,0.5335283849702143,0.5335283849702143,0.5335283849702143,0.5335283849702143,0.5282459257130512,0,highway_0,0,181.9783326548387,500.9783326548387,,-1025.2963148006518
7.8,llm_1,503.41323698643197,-11.200000000000001,24.34904331593266,1000.0,,0.5325580043364604,0.5325580043364604,0.5325580043364604,0.5325580043364604,0.5272851528083677,0,highway_0,0,184.41323698643197,503.41323698643197,,-1025.3490433159327
7.9,llm_1,505.8534044073641,-11.200000000000001,24.401674209321175,1000.0,,0.5315720232239951,0.5315720232239951,0.5315720232239951,0.5315720232239951,0.5263089338851401,0,highway_0,0,186.8534044073641,505.8534044073641,,-1025.401674209321
8.0,llm_1,508.29882500234226,-11.200000000000001,24.45420594978139,1000.0,,0.5305705786481554,0.5305705786481554,0.5305705786481554,0.5305705786481554,0.5253174046021414,0,highway_0,0,189.29882500234226,508.29882500234226,,-1025.4542059497815
8.1,llm_1,510.7494887043194,-11.200000000000001,24.50663701977176,1000.0,,0.529553806902745,0.529553806902745,0.529553806902745,0.529553806902745,0.5243106999036939,0,highway_0,0,191.74948870431945,510.74948870431945,,-1025.5066370197717
8.2,llm_1,513.2053852958373,-11.200000000000001,24.55896591517911,1000.0,,0.5285218436142574,0.5285218436142574,0.5285218436142574,0.5285218436142574,0.5232889540735286,0,highway_0,0,194.20538529583735,513.2053852958373,,-1025.5589659151792
8.3,llm_1,515.6665044103631,-11.200000000000001,24.611191145257738,1000.0,,0.5274748237941442,0.5274748237941442,0.5274748237941442,0.5274748237941442,0.5222523007862634,0,highway_0,0,196.66650441036313,515.6665044103631,,-1025.6111911452576
8.4,llm_1,518.1328355336204,-11.200000000000001,24.6633112325735,1000.0,,0.5264128818891896,0.5264128818891896,0.5264128818891896,0.5264128818891896,0.5212008731576034,0,highway_0,0,199.13283553362044,518.1328355336204,,-1025.6633112325735
8.5,llm_1,520.6043680049157,-11.200000000000001,24.715324712952707,1000.0,,0.5253361518300219,0.5253361518300219,0.5253361518300219,0.5253361518300219,0.5201348037920894,0,highway_0,0,201.60436800491573,520.6043680049157,,-1025.7153247129527
8.6,llm_1,523.0810910184593,-11.200000000000001,24.76723013543566,1000.0,,0.5242447670778203,0.5242447670778203,0.5242447670778203,0.5242447670778203,0.5190542248295316,0,highway_0,0,204.08109101845935,523.0810910184593,,-1025.7672301354357
8.7,llm_1,525.5629936246828,-11.200000000000001,24.8190260622346,1000.0,,0.5231388606692541,0.5231388606692541,0.5231388606692541,0.5231388606692541,0.517959267989383,0,highway_0,0,206.5629936246828,525.5629936246828,,-1025.8190260622346
8.8,llm_1,528.0500647315524,-11.200000000000001,24.870711068695954,1000.0,,0.5220185652596983,0.5220185652596983,0.5220185652596983,0.5220185652596983,0.5168500646135499,0,highway_0,0,209.05006473155242,528.0500647315524,,-1025.870711068696
8.9,llm_1,530.5422931058791,-11.200000000000001,24.922283743266725,1000.0,,0.5208840131647678,0.5208840131647678,0.5208840131647678,0.5208840131647678,0.5157267457077097,0,highway_0,0,211.54229310587914,530.5422931058791,,-1025.9222837432667
9.0,llm_1,533.0396673746257,-11.200000000000001,24.973742687464764,1000.0,,0.5197353364002039,0.5197353364002039,0.5197353364002039,0.5197353364002039,0.5145894419803909,0,highway_0,0,214.03966737462565,533.0396673746257,,-1025.9737426874647
9.1,llm_1,535.542176026211,-11.200000000000001,25.025086515852898,1000.0,,0.5185726667201597,0.5185726667201597,0.5185726667201597,0.5185726667201597,0.5134382838813423,0,highway_0,0,216.542176026211,535.542176026211,,-1026.025086515853
9.2,llm_1,538.0498074118127,-11.200000000000001,25.076313856016654,1000.0,,0.5173961356539101,0.5173961356539101,0.5173961356539101,0.5173961356539101,0.5122734016375574,0,highway_0,0,219.0498074118127,538.0498074118127,,-1026.0763138560167
9.3,llm_1,540.5625497466673,-11.200000000000001,25.12742334854547,1000.0,,0.5162058745410308,0.5162058745410308,0.5162058745410308,0.5162058745410308,0.5110949252881625,0,highway_0,0,221.5625497466673,540.5625497466673,,-1026.1274233485456
9.4,llm_1,543.0803911113691,-11.200000000000001,25.178413647017262,1000.0,,0.5150020145650775,0.5150020145650775,0.5150020145650775,0.5150020145650775,0.5099029847179182,0,highway_0,0,224.08039111136907,543.0803911113691,,-1026.1784136470174
9.5,llm_1,545.6033194531677,-11.200000000000001,25.229283417986153,1000.0,,0.5137846867857949,0.5137846867857949,0.5137846867857949,0.5137846867857949,0.50869770968891,0,highway_0,0,226.60331945316773,545.6033194531677,,-1026.2292834179862
9.6,llm_1,548.131322587265,-11.200000000000001,25.28003134097327,1000.0,,0.5125540221698905,0.5125540221698905,0.5125540221698905,0.5125540221698905,0.5074792298711728,0,highway_0,0,229.131322587265,548.131322587265,,-1026.2800313409732
9.7,llm_1,550.664388198111,-11.200000000000001,25.330656108460442,1000.0,,0.5113101516204055,0.5113101516204055,0.5113101516204055,0.5113101516204055,0.506247674871716,0,highway_0,0,231.66438819811106,550.664388198111,,-1026.3306561084605
9.8,llm_1,553.2025038406997,-11.200000000000001,25.38115642588665,1000.0,,0.5100532060047077,0.5100532060047077,0.5100532060047077,0.5100532060047077,0.5050031742620931,0,highway_0,0,234.2025038406997,553.2025038406997,,-1026.3811564258867
9.9,llm_1,555.7456569418645,-11.200000000000001,25.431531011647163,1000.0,,0.5087833161811424,0.5087833161811424,0.5087833161811424,0.5087833161811424,0.5037458576051179,0,highway_0,0,236.74565694186447,555.7456569418645,,-1026.4315310116472
10.0,llm_1,558.293834801574,-11.200000000000001,25.481778597095122,1000.0,,0.5075006130243616,0.5075006130243616,0.5075006130243616,0.5075006130243616,0.5024758544795915,0,highway_0,0,239.293834801574,558.293834801574,,-1026.4817785970952
10.1,llm_1,560.8470245942285,-11.200000000000001,25.531897926545554,1000.0,,0.5062052274493665,0.5062052274493665,0.5062052274493665,0.5062052274493665,0.5011932945043185,0,highway_0,0,241.84702459422851,560.8470245942285,,-1026.5318979265455
10.2,llm_1,563.4052133699566,-11.200000000000001,25.58188775728162,1000.0,,0.5048972904342843,0.5048972904342843,0.5048972904342843,0.5048972904342843,0.49989830736066665,0,highway_0,0,244.40521336995664,563.4052133699566,,-1026.5818877572817
10.3,llm_1,565.9683880559129,-11.200000000000001,25.631746859562995,1000.0,,0.5035769330419075,0.5035769330419075,0.5035769330419075,0.5035769330419075,0.49859102281374135,0,highway_0,0,246.9683880559129,565.9683880559129,,-1026.631746859563
10.4,llm_1,568.5365354575765,-11.200000000000001,25.681474016636262,1000.0,,0.5022442864400207,0.5022442864400207,0.5022442864400207,0.5022442864400207,0.49727157073267136,0,highway_0,0,249.53653545757652,568.5365354575765,,-1026.6814740166362
10.5,llm_1,571.1096422600513,-11.200000000000001,25.731068024747206,1000.0,,0.5008994819205407,0.5008994819205407,0.5008994819205407,0.5008994819205407,0.4959400811094383,0,highway_0,0,252.10964226005126,571.1096422600513,,-1026.7310680247472
10.6,llm_1,573.6876950293668,-11.200000000000001,25.780527693154877,1000.0,,0.49954265091749095,0.49954265091749095,0.49954265091749095,0.49954265091749095,0.4945966840767113,0,highway_0,0,254.68769502936675,573.6876950293668,,-1026.780527693155
10.7,llm_1,576.2706802137815,-11.200000000000001,25.829851844147335,1000.0,,0.4981739250238383,0.4981739250238383,0.4981739250238383,0.4981739250238383,0.49324150992458016,0,highway_0,0,257.2706802137815,576.2706802137815,,-1026.8298518441472
10.8,llm_1,578.8585841450873,-11.200000000000001,25.87903931305894,1000.0,,0.49679343600720727,0.49679343600720727,0.49679343600720727,0.49679343600720727,0.49187468911604526,0,highway_0,0,259.8585841450873,578.8585841450873,,-1026.879039313059
10.9,llm_1,581.4513930399162,-11.200000000000001,25.928088948289087,1000.0,,0.4954013158245054,0.4954013158245054,0.4954013158245054,0.4954013158245054,0.49049635230147715,0,highway_0,0,262.4513930399162,581.4513930399162,,-1026.928088948289
11.0,llm_1,584.0490930010484,-11.200000000000001,25.976999611322302,1000.0,,0.49399769663547155,0.49399769663547155,0.49399769663547155,0.49399769663547155,0.4891066303321523,0,highway_0,0,265.0490930010484,584.0490930010484,,-1026.9769996113223
11.1,llm_1,586.6516700187234,-11.200000000000001,26.025770176749546,1000.0,,0.49258271081517147,0.49258271081517147,0.49258271081517147,0.49258271081517147,0.48770565427243895,0,highway_0,0,267.6516700187234,586.6516700187234,,-1027.0257701767496
11.2,llm_1,589.2591099719525,-11.200000000000001,26.07439953229068,1000.0,,0.491156490965467,0.491156490965467,0.491156490965467,0.491156490965467,0.48629355541134345,0,highway_0,0,270.2591099719525,589.2591099719525,,-1027.0743995322907
11.3,llm_1,591.8713986298343,-11.200000000000001,26.122886578817955,1000.0,,0.4897191699254707,0.4897191699254707,0.4897191699254707,0.4897191699254707,0.484870465272742,0,highway_0,0,272.8713986298343,591.8713986298343,,-1027.122886578818
11.4,llm_1,594.4885216528724,-11.200000000000001,26.17123023038043,1000.0,,0.48827088078101455,0.48827088078101455,0.48827088078101455,0.48827088078101455,0.48343651562476,0,highway_0,0,275.48852165287235,594.4885216528724,,-1027.1712302303804
11.5,llm_1,597.1104645942953,-11.200000000000001,26.219429414229257,1000.0,,0.48681175687314526,0.48681175687314526,0.48681175687314526,0.48681175687314526,0.48199183848826266,0,highway_0,0,278.1104645942953,597.1104645942953,,-1027.2194294142294
11.6,llm_1,599.7372129013796,-11.200000000000001,26.26748307084368,1000.0,,0.4853419318056722,0.4853419318056722,0.4853419318056722,0.4853419318056722,0.4805365661442451,0,highway_0,0,280.7372129013796,599.7372129013796,,-1027.2674830708436
11.7,llm_1,602.3687519167754,-11.200000000000001,26.31539015395772,1000.0,,0.4838615394517839,0.4838615394517839,0.4838615394517839,0.4838615394517839,0.4790708311403691,0,highway_0,0,283.3687519167754,602.3687519167754,,-1027.3153901539577
11.8,llm_1,605.0050668798342,-11.200000000000001,26.363149630587394,1000.0,,0.4823707139597526,0.4823707139597526,0.4823707139597526,0.4823707139597526,0.4775947662967539,0,highway_0,0,286.0050668798342,605.0050668798342,,-1027.3631496305875
11.9,llm_1,607.6461429279401,-11.200000000000001,26.410760481058457,1000.0,,0.48086958975774474,0.48086958975774474,0.48086958975774474,0.48086958975774474,0.4761085047106306,0,highway_0,0,288.6461429279401,607.6461429279401,,-1027.4107604810586
12.0,llm_1,610.2919650978436,-11.200000000000001,26.45822169903447,1000.0,,0.4793583015577584,0.4793583015577584,0.4793583015577584,0.4793583015577584,0.47461217976014325,0,highway_0,0,291.29196509784356,610.2919650978436,,-1027.4582216990345
12.1,llm_1,612.9425183269981,-11.200000000000001,26.505532291545236,1000.0,,0.4778369843587045,0.4778369843587045,0.4778369843587045,0.4778369843587045,0.47310592510765304,0,highway_0,0,293.9425183269981,612.9425183269981,,-1027.5055322915453
12.2,llm_1,615.5977874548996,-11.200000000000001,26.5526912790154,1000.0,,0.47630577344864833,0.47630577344864833,0.47630577344864833,0.47630577344864833,0.47158987470162117,0,highway_0,0,296.5977874548996,615.5977874548996,,-1027.5526912790153
12.3,llm_1,618.2577572244289,-11.200000000000001,26.59969769529324,1000.0,,0.47476480440623425,0.47476480440623425,0.47476480440623425,0.47476480440623425,0.4700641627784208,0,highway_0,0,299.25775722442893,618.2577572244289,,-1027.5996976952933
12.4,llm_1,620.9224122831969,-11.200000000000001,26.646550587679506,1000.0,,0.4732142131013035,0.4732142131013035,0.4732142131013035,0.4732142131013035,0.46852892386265665,0,highway_0,0,301.9224122831969,620.9224122831969,,-1027.6465505876795
12.5,llm_1,623.5917371848925,-11.200000000000001,26.693249016956212,1000.0,,0.4716541356947286,0.4716541356947286,0.4716541356947286,0.4716541356947286,0.46698429276705866,0,highway_0,0,304.5917371848925,623.5917371848925,,-1027.6932490169563
12.6,llm_1,626.265716390634,-11.200000000000001,26.739792057415368,1000.0,,0.47008470863748364,0.47008470863748364,0.47008470863748364,0.47008470863748364,0.46543040459155804,0,highway_0,0,307.265716390634,626.265716390634,,-1027.7397920574153
12.7,llm_1,628.9443342703228,-11.200000000000001,26.786178796887544,1000.0,,0.46850606866895794,0.46850606866895794,0.46850606866895794,0.46850606866895794,0.46386739472175975,0,highway_0,0,309.94433427032277,628.9443342703228,,-1027.7861787968875
12.8,llm_1,631.6275751039998,-11.200000000000001,26.832408336770172,1000.0,,0.4669183528145415,0.4669183528145415,0.4669183528145415,0.4669183528145415,0.4622953988262779,0,highway_0,0,312.6275751039998,631.6275751039998,,-1027.8324083367702
12.9,llm_1,634.3154230832054,-11.200000000000001,26.878479792055565,1000.0,,0.4653216983824918,0.4653216983824918,0.4653216983824918,0.4653216983824918,0.46071455285392915,0,highway_0,0,315.31542308320536,634.3154230832054,,-1027.8784797920555
13.0,llm_1,637.0078623123412,-11.200000000000001,26.924392291358547,1000.0,,0.46371624296010017,0.46371624296010017,0.46371624296010017,0.46371624296010017,0.4591249930298247,0,highway_0,0,318.0078623123412,637.0078623123412,,-1027.9243922913586
13.1,llm_1,639.7048768100356,-11.200000000000001,26.970144976943615,1000.0,,0.4621021244091754,0.4621021244091754,0.4621021244091754,0.4621021244091754,0.45752685585068065,0,highway_0,0,320.70487681003556,639.7048768100356,,-1027.9701449769436
13.2,llm_1,642.4064505105107,-11.200000000000001,27.01573700475162,1000.0,,0.46047948086086443,0.46047948086086443,0.46047948086086443,0.46047948086086443,0.45592027808005753,0,highway_0,0,323.4064505105107,642.4064505105107,,-1028.0157370047516
13.3,llm_1,645.1125672649533,-11.200000000000001,27.06116754442586,1000.0,,0.45884845070981795,0.45884845070981795,0.45884845070981795,0.45884845070981795,0.45430539674239157,0,highway_0,0,326.1125672649533,645.1125672649533,,-1028.0611675444259
13.4,llm_1,647.8232108428871,-11.200000000000001,27.106435779337517,1000.0,,0.45720917260772564,0.45720917260772564,0.45720917260772564,0.45720917260772564,0.45268234911656435,0,highway_0,0,328.8232108428871,647.8232108428871,,-1028.1064357793375
13.5,llm_1,650.5383649335481,-11.200000000000001,27.15154090661041,1000.0,,0.45556178545623405,0.45556178545623405,0.45556178545623405,0.45556178545623405,0.4510512727289395,0,highway_0,0,331.5383649335481,650.5383649335481,,-1028.1515409066103
13.6,llm_1,653.2580131472627,-11.200000000000001,27.19648213714499,1000.0,,0.4539064283992613,0.4539064283992613,0.4539064283992613,0.4539064283992613,0.44941230534579546,0,highway_0,0,334.25801314726266,653.2580131472627,,-1028.196482137145
13.7,llm_1,655.9821390168269,-11.200000000000001,27.2412586956415,1000.0,,0.45224324081473055,0.45224324081473055,0.45224324081473055,0.45224324081473055,0.447765584965083,0,highway_0,0,336.98213901682686,655.9821390168269,,-1028.2412586956416
13.8,llm_1,658.7107259988891,-11.200000000000001,27.285869820622263,1000.0,,0.4505723623057307,0.4505723623057307,0.4505723623057307,0.4505723623057307,0.44611124980765027,0,highway_0,0,339.7107259988891,658.7107259988891,,-1028.2858698206223
13.9,llm_1,661.4437574753343,-11.200000000000001,27.330314764453068,1000.0,,0.44889393269112743,0.44889393269112743,0.44889393269112743,0.44889393269112743,0.44444943830804107,0,highway_0,0,342.44375747533434,661.4437574753343,,-1028.330314764453
14.0,llm_1,664.1812167546707,-11.200000000000001,27.374592793363526,1000.0,,0.44720809199563516,0.44720809199563516,0.44720809199563516,0.44720809199563516,0.4427802891045829,0,highway_0,0,345.1812167546707,664.1812167546707,,-1028.3745927933635
14.1,llm_1,666.9230870734174,-11.200000000000001,27.418703187466434,1000.0,,0.44551498043936977,0.44551498043936977,0.44551498043936977,0.44551498043936977,0.441103941029084,0,highway_0,0,347.9230870734174,666.9230870734174,,-1028.4187031874665
14.2,llm_1,669.6693515974949,-11.200000000000001,27.46264524077603,1000.0,,0.44381473842689445,0.44381473842689445,0.44381473842689445,0.44381473842689445,0.4394205330959622,0,highway_0,0,350.66935159749494,669.6693515974949,,-1028.462645240776
14.3,llm_1,672.4199934236175,-11.200000000000001,27.506418261225114,1000.0,,0.44210750653577613,0.44210750653577613,0.44210750653577613,0.44210750653577613,0.43773020449084044,0,highway_0,0,353.4199934236175,672.4199934236175,,-1028.506418261225
14.4,llm_1,675.1749955806856,-11.190000000000001,27.55002157068102,1000.0,,0.4403934255046701,0.4403934255046701,0.4403934255046701,0.4403934255046701,0.4360330945590718,0,highway_0,0,356.1749955806856,675.1749955806856,,-1028.550021570681
14.5,llm_1,677.9343410311817,-11.170000000000002,27.593454504960324,1000.0,,0.43867263622094366,0.43867263622094366,0.43867263622094366,0.43867263622094366,0.4343293427930206,0,highway_0,0,358.9343410311817,677.9343410311817,,-1028.5934545049604
14.6,llm_1,680.6980126725659,-11.14,27.63671641384229,1000.0,,0.43694527970785746,0.43694527970785746,0.43694527970785746,0.43694527970785746,0.4326190888196635,0,highway_0,0,361.69801267256594,680.6980126725659,,-1028.6367164138424
14.7,llm_1,683.465993338674,-11.100000000000001,27.679806661081034,1000.0,,0.4352114971113229,0.4352114971113229,0.4352114971113229,0.4352114971113229,0.4309024723874444,0,highway_0,0,364.465993338674,683.465993338674,,-1028.679806661081
14.8,llm_1,686.2382658011156,-11.05,27.722724624416305,1000.0,,0.43347142968624175,0.43347142968624175,0.43347142968624175,0.43347142968624175,0.42917963335270315,0,highway_0,0,367.23826580111563,686.2382658011156,,-1028.7227246244163
14.9,llm_1,689.0148127706739,-10.99,27.765469695582883,1000.0,,0.43172521878245507,0.43172521878245507,0.43172521878245507,0.43172521878245507,0.4274507116657844,0,highway_0,0,370.01481277067387,689.0148127706739,,-1028.7654696955829
15.0,llm_1,691.7956168987057,-10.920000000000002,27.80804128031856,1000.0,,0.4299730058303066,0.4299730058303066,0.4299730058303066,0.4299730058303066,0.4257158473567557,0,highway_0,0,372.7956168987057,691.7956168987057,,-1028.8080412803185
15.1,llm_1,694.5806607785428,-10.840000000000002,27.85043879837062,1000.0,,0.4282149323258425,0.4282149323258425,0.4282149323258425,0.4282149323258425,0.4239751805206282,0,highway_0,0,375.5806607785428,694.5806607785428,,-1028.8504387983705
15.2,llm_1,697.3699269468929,-10.770000000000001,27.892661683500886,1000.0,,0.4264511398156611,0.4264511398156611,0.4264511398156611,0.4264511398156611,0.4222288513026484,0,highway_0,0,378.36992694689286,697.3699269468929,,-1028.8926616835008
15.3,llm_1,700.1633978852418,-10.71,27.934709383489146,1000.0,,0.4246817698814216,0.4246817698814216,0.4246817698814216,0.4246817698814216,0.42047699988259524,0,highway_0,0,381.1633978852418,700.1633978852418,,-1028.9347093834892
15.4,llm_1,702.9610560212553,-10.66,27.976581360135093,1000.0,,0.42290696412404105,0.42290696412404105,0.42290696412404105,0.42290696412404105,0.41871976645946773,0,highway_0,0,383.96105602125533,702.9610560212553,,-1028.976581360135
15.5,llm_1,705.7628837301812,-10.610000000000001,28.018277089258614,1000.0,,0.42112686414757505,0.42112686414757505,0.42112686414757505,0.42112686414757505,0.41695729123521375,0,highway_0,0,386.7628837301812,705.7628837301812,,-1029.0182770892586
15.6,llm_1,708.5688633362511,-10.57,28.059796060698496,1000.0,,0.4193416115428168,0.4193416115428168,0.4193416115428168,0.4193416115428168,0.4151897143988137,0,highway_0,0,389.56886333625107,708.5688633362511,,-1029.0597960606985
15.7,llm_1,711.378977114082,-10.540000000000001,28.101137778309447,1000.0,,0.41755134787061376,0.41755134787061376,0.41755134787061376,0.41755134787061376,0.4134171761095118,0,highway_0,0,392.378977114082,711.378977114082,,-1029.1011377783095
15.8,llm_1,714.1932072900777,-10.520000000000001,28.14230175995746,1000.0,,0.4157562146449245,0.4157562146449245,0.4157562146449245,0.4157562146449245,0.41163981648011827,0,highway_0,0,395.1932072900777,714.1932072900777,,-1029.1423017599575
15.9,llm_1,717.011536043829,-10.510000000000002,28.183287537513465,1000.0,,0.41395635331563196,0.41395635331563196,0.41395635331563196,0.41395635331563196,0.409857775560063,0,highway_0,0,398.011536043829,717.011536043829,,-1029.1832875375135
16.0,llm_1,719.8339455095135,-10.510000000000002,28.22409465684526,1000.0,,0.4121519052511188,0.4121519052511188,0.4121519052511188,0.4121519052511188,0.4080711933179515,0,highway_0,0,400.83394550951346,719.8339455095135,,-1029.2240946568452
16.1,llm_1,722.6604177772942,-10.501000000000001,28.264722677807697,1000.0,,0.4103430117206295,0.4103430117206295,0.4103430117206295,0.4103430117206295,0.40628020962437006,0,highway_0,0,403.66041777729424,722.6604177772942,,-1029.2647226778076
16.2,llm_1,725.4909348947174,-10.482000000000001,28.305171174231106,1000.0,,0.40852981387642606,0.40852981387642606,0.40852981387642606,0.40852981387642606,0.4044849642340864,0,highway_0,0,406.4909348947174,725.4909348947174,,-1029.3051711742312
16.3,llm_1,728.3254788681081,-10.453000000000003,28.345439733907913,1000.0,,0.4067124527357565,0.4067124527357565,0.4067124527357565,0.4067124527357565,0.40268559676807314,0,highway_0,0,409.3254788681081,728.3254788681081,,-1029.3454397339078
16.4,llm_1,731.1640316639658,-10.414000000000003,28.385527958577484,1000.0,,0.40489106916264506,0.40489106916264506,0.40489106916264506,0.40489106916264506,0.4008822466957085,0,highway_0,0,412.16403166396583,731.1640316639658,,-1029.3855279585775
16.5,llm_1,734.0065752103567,-10.365000000000004,28.42543546390912,1000.0,,0.4030658038495266,0.4030658038495266,0.4030658038495266,0.4030658038495266,0.3990750533163734,0,highway_0,0,415.0065752103567,734.0065752103567,,-1029.425435463909
16.6,llm_1,736.853091398305,-10.306000000000004,28.465161879483254,1000.0,,0.4012367972987282,0.4012367972987282,0.4012367972987282,0.4012367972987282,0.39726415574133256,0,highway_0,0,417.85309139830497,736.853091398305,,-1029.4651618794833
16.7,llm_1,739.7035620831821,-10.237000000000004,28.504706848770763,1000.0,,0.3994041898038194,0.3994041898038194,0.3994041898038194,0.3994041898038194,0.3954496928750828,0,highway_0,0,420.7035620831821,739.7035620831821,,-1029.5047068487709
16.8,llm_1,742.5579690860931,-10.158000000000005,28.54407002911045,1000.0,,0.39756812143084574,0.39756812143084574,0.39756812143084574,0.39756812143084574,0.39363180339687887,0,highway_0,0,423.55796908609307,742.5579690860931,,-1029.5440700291103
16.9,llm_1,745.4162941952616,-10.069000000000006,28.58325109168465,1000.0,,0.3957287319994517,0.3957287319994517,0.3957287319994517,0.3957287319994517,0.39181062574201064,0,highway_0,0,426.41629419526157,745.4162941952616,,-1029.5832510916846
17.0,llm_1,748.2785191674109,-9.970000000000006,28.62224972149296,1000.0,,0.39388616106390895,0.39388616106390895,0.39388616106390895,0.39388616106390895,0.3899862980830804,0,highway_0,0,429.2785191674109,748.2785191674109,,-1029.622249721493
17.1,llm_1,751.1446257291433,-9.870000000000006,28.661065617324056,1000.0,,0.3920405478940755,0.3920405478940755,0.3920405478940755,0.3920405478940755,0.38815895831096014,0,highway_0,0,432.1446257291433,751.1446257291433,,-1029.661065617324
17.2,llm_1,754.0145955783158,-9.770000000000007,28.699698491725666,1000.0,,0.39019203145627723,0.39019203145627723,0.39019203145627723,0.39019203145627723,0.3863287440161045,0,highway_0,0,435.01459557831583,754.0145955783158,,-1029.6996984917257
17.3,llm_1,756.8884103854131,-9.670000000000005,28.73814807097261,1000.0,,0.3883407503941414,0.3883407503941414,0.3883407503941414,0.3883407503941414,0.384495792469437,0,highway_0,0,437.88841038541307,756.8884103854131,,-1029.7381480709726
17.4,llm_1,759.7660517949164,-9.570000000000004,28.776414095032944,3.0856876915029945,ego_0,0.3864868430093886,0.3864868430093886,0.3864868430093886,0.3864868430093886,0.382660240603343,0,highway_0,1,440.7660517949164,759.7660517949164,,-0.2861925088039925
17.5,llm_1,762.6397328083801,-9.470000000000004,28.736810134636904,3.0628764704294555,ego_0,-0.4,-0.4,-0.4,-0.4,-0.3960396039603964,0,highway_0,1,443.63973280838013,762.6397328083801,,-0.22811221073455812
17.6,llm_1,765.5094534258042,-9.370000000000005,28.697206174240865,3.045852367940779,ego_0,-0.4,-0.4,-0.4,-0.4,-0.3960396039603964,0,highway_0,1,446.50945342580417,765.5094534258042,,-0.17024102488745285
17.7,llm_1,768.3752136471886,-9.270000000000005,28.657602213844825,3.034594669476019,ego_0,-0.4,-0.4,-0.4,-0.4,-0.3960396039603964,0,highway_0,1,449.3752136471886,768.3752136471886,,-0.11257698464831378
17.8,llm_1,771.2370134725335,-9.170000000000005,28.617998253448786,3.0290828562153367,ego_0,-0.4,-0.4,-0.4,-0.4,-0.3960396039603964,0,highway_0,1,452.2370134725335,771.2370134725335,,-0.055118132607201886
17.9,llm_1,774.0948529018387,-9.070000000000004,28.578394293052746,3.02929660414095,ego_0,-0.4,-0.4,-0.4,-0.4,-0.3960396039603964,0,highway_0,1,455.09485290183875,774.0948529018387,,0.0021374792560813205
18.0,llm_1,776.9487319351044,-8.970000000000004,28.538790332656706,3.03521578308023,ego_0,-0.4,-0.4,-0.4,-0.4,-0.3960396039603964,0,highway_0,1,457.94873193510443,776.9487319351044,,0.05919178939307557
18.1,llm_1,779.7986505723305,-8.870000000000005,28.499186372260667,3.0468204557316314,ego_0,-0.4,-0.4,-0.4,-0.4,-0.3960396039603964,0,highway_0,1,460.79865057233053,779.7986505723305,,0.11604672651419179
18.2,llm_1,782.644608813517,-8.770000000000005,28.459582411864627,3.0640908766737995,ego_0,-0.4,-0.4,-0.4,-0.4,-0.3960396039603964,0,highway_0,1,463.64460881351704,782.644608813517,,0.17270420942250198
18.3,llm_1,785.4866066586638,-8.670000000000005,28.419978451468587,3.0870074913592136,ego_0,-0.4,-0.4,-0.4,-0.4,-0.3960396039603964,0,highway_0,1,466.48660665866385,785.4866066586638,,0.22916614685377468
18.4,llm_1,788.3246441077711,-8.570000000000004,28.380374491072548,3.11555093509146,ego_0,-0.4,-0.4,-0.4,-0.4,-0.3960396039603964,0,highway_0,1,469.32464410777106,788.3246441077711,,0.285434437322607
18.5,llm_1,791.1587211608387,-8.470000000000004,28.340770530676508,3.1497020319889772,ego_0,-0.4,-0.4,-0.4,-0.4,-0.3960396039603964,0,highway_0,1,472.1587211608387,791.1587211608387,,0.3415109689746316
18.6,llm_1,793.9888378178667,-8.370000000000005,28.30116657028047,3.189441793933452,ego_0,-0.4,-0.4,-0.4,-0.4,-0.3960396039603964,0,highway_0,1,474.98883781786674,793.9888378178667,,0.3973976194446571
18.7,llm_1,796.8149940788552,-8.270000000000005,28.26156260988443,3.234751419505483,ego_0,-0.4,-0.4,-0.4,-0.4,-0.3960396039603964,0,highway_0,1,477.8149940788552,796.8149940788552,,0.45309625572070544
18.8,llm_1,799.6371899438041,-8.170000000000005,28.22195864948839,3.2856122929068308,ego_0,-0.4,-0.4,-0.4,-0.4,-0.3960396039603964,0,highway_0,1,480.63718994380406,799.6371899438041,,0.5086087340137908
18.9,llm_1,802.4554254127133,-8.070000000000004,28.18235468909235,3.34200598287016,ego_0,-0.4,-0.4,-0.4,-0.4,-0.3960396039603964,0,highway_0,1,483.45542541271334,802.4554254127133,,0.5639368996334184
19.0,llm_1,805.2697004855829,-7.970000000000004,28.14275072869631,3.4039142415570725,ego_0,-0.4,-0.4,-0.4,-0.4,-0.3960396039603964,0,highway_0,1,486.2697004855829,805.2697004855829,,0.6190825868686609
19.1,llm_1,808.0800151624129,-7.8700000000000045,28.10314676830027,3.4713190034445462,ego_0,-0.4,-0.4,-0.4,-0.4,-0.3960396039603964,0,highway_0,1,489.0800151624129,808.0800151624129,,0.6740476188747593
19.2,llm_1,810.8863694432033,-7.770000000000004,28.06354280790423,3.544202384201026,ego_0,-0.4,-0.4,-0.4,-0.4,-0.3960396039603964,0,highway_0,1,491.8863694432033,810.8863694432033,,0.7288338075651204
19.3,llm_1,813.6887633279541,-7.670000000000004,28.02393884750819,3.6225466795519425,ego_0,-0.4,-0.4,-0.4,-0.4,-0.3960396039603964,0,highway_0,1,494.6887633279541,813.6887633279541,,0.7834429535086684
19.4,llm_1,816.4871968166653,-7.570000000000005,27.98433488711215,3.7063343641352278,ego_0,-0.4,-0.4,-0.4,-0.4,-0.3960396039603964,0,highway_0,1,497.48719681666535,816.4871968166653,,0.8378768458323869
19.5,llm_1,819.281669909337,-7.470000000000004,27.94473092671611,3.795548090348075,ego_0,-0.4,-0.4,-0.4,-0.4,-0.3960396039603964,0,highway_0,1,500.281669909337,819.281669909337,,0.8921372621290438
19.6,llm_1,822.072182605969,-7.3700000000000045,27.905126966320072,3.8901706871850594,ego_0,-0.4,-0.4,-0.4,-0.4,-0.3960396039603964,0,highway_0,1,503.07218260596903,822.072182605969,,0.9462259683699337
19.7,llm_1,824.8587349065614,-7.270000000000005,27.865523005924032,3.9901851590673916,ego_0,-0.4,-0.4,-0.4,-0.4,-0.3960396039603964,0,highway_0,1,505.8587349065614,824.8587349065614,,1.0001447188225825
19.8,llm_1,827.6413268111141,-7.170000000000004,27.825919045527993,4.09557468466478,ego_0,-0.4,-0.4,-0.4,-0.4,-0.3960396039603964,0,highway_0,1,508.64132681111414,827.6413268111141,,1.0538952559733268
19.9,llm_1,830.4199583196273,-7.070000000000005,27.786315085131953,4.2063226157102465,ego_0,-0.4,-0.4,-0.4,-0.4,-0.3960396039603964,0,highway_0,1,511.4199583196273,830.4199583196273,,1.1074793104546607
20.0,llm_1,833.1946294321009,-6.980000000000004,27.746711124735914,4.322412475808005,ego_0,-0.4,-0.4,-0.4,-0.4,-0.3960396039603964,0,highway_0,1,514.1946294321009,833.1946294321009,,1.1608986009772408
20.1,llm_1,835.9653401485349,-6.900000000000004,27.707107164339874,4.443827959234636,ego_0,-0.4,-0.4,-0.4,-0.4,-0.3960396039603964,0,highway_0,1,516.9653401485349,835.9653401485349,,1.2141548342665054
20.2,llm_1,838.7320904689293,-6.8300000000000045,27.667503203943834,4.570552929735027,ego_0,-0.4,-0.4,-0.4,-0.4,-0.3960396039603964,0,highway_0,1,519.7320904689293,838.7320904689293,,1.2672497050037776
20.3,llm_1,841.4948803932841,-6.770000000000004,27.627899243547795,4.702571419312176,ego_0,-0.4,-0.4,-0.4,-0.4,-0.3960396039603964,0,highway_0,1,522.4948803932841,841.4948803932841,,1.3201848957717637
20.4,llm_1,844.2537099215994,-6.720000000000004,27.588295283151755,4.839867627012564,ego_0,-0.4,-0.4,-0.4,-0.4,-0.3960396039603964,0,highway_0,1,525.2537099215994,844.2537099215994,,1.3729620770043773
20.5,llm_1,847.0085790538749,-6.670000000000004,27.548691322755715,4.982425917706633,ego_0,-0.4,-0.4,-0.4,-0.4,-0.3960396039603964,0,highway_0,1,528.0085790538749,847.0085790538749,,1.4255829069407788
20.6,llm_1,849.7594877901108,-6.630000000000004,27.509087362359676,5.130230820865063,ego_0,-0.4,-0.4,-0.4,-0.4,-0.3960396039603964,0,highway_0,1,530.7594877901108,849.7594877901108,,1.478049031583545
20.7,llm_1,852.5064361303072,-6.600000000000004,27.469483401963636,5.283267029331182,ego_0,-0.4,-0.4,-0.4,-0.4,-0.3960396039603964,0,highway_0,1,533.5064361303072,852.5064361303072,,1.5303620846608972
20.8,llm_1,855.249424074464,-6.580000000000004,27.429879441567596,5.441519398090418,ego_0,-0.4,-0.4,-0.4,-0.4,-0.3960396039603964,0,highway_0,1,536.249424074464,855.249424074464,,1.582523687592861
20.9,llm_1,857.9884516225811,-6.570000000000004,27.390275481171557,5.604972943036569,ego_0,-0.4,-0.4,-0.4,-0.4,-0.3960396039603964,0,highway_0,1,538.9884516225811,857.9884516225811,,1.6345354494612963
21.0,llm_1,860.7235187746587,-6.570000000000004,27.350671520775517,5.773612839734892,ego_0,-0.4,-0.4,-0.4,-0.4,-0.3960396039603964,0,highway_0,1,541.7235187746587,860.7235187746587,,1.6863989669837203
21.1,llm_1,863.4546255306967,-6.570000000000004,27.311067560379477,5.94742442218394,ego_0,-0.4,-0.4,-0.4,-0.4,-0.3960396039603964,0,highway_0,1,544.4546255306967,863.4546255306967,,1.738115824490798
21.2,llm_1,866.181771890695,-6.570000000000004,27.271463599983438,6.126393181574781,ego_0,-0.4,-0.4,-0.4,-0.4,-0.3960396039603964,0,highway_0,1,547.181771890695,866.181771890695,,1.7896875939074555
21.3,llm_1,868.9049578546537,-6.570000000000004,27.231859639587398,6.310504765048518,ego_0,-0.4,-0.4,-0.4,-0.4,-0.3960396039603964,0,highway_0,1,549.9049578546537,868.9049578546537,,1.8411158347375007
21.4,llm_1,871.6241834225729,-6.570000000000004,27.19225567919136,6.499744974453688,ego_0,-0.4,-0.4,-0.4,-0.4,-0.3960396039603964,0,highway_0,1,552.6241834225729,871.6241834225729,,1.8924020940516826
21.5,llm_1,874.3394485944524,-6.570000000000004,27.15265171879532,6.694099765101623,ego_0,-0.4,-0.4,-0.4,-0.4,-0.3960396039603964,0,highway_0,1,555.3394485944524,874.3394485944524,,1.9435479064790897
21.6,llm_1,877.0510553874809,-6.570000000000004,27.116067930285105,6.89325322733323,ego_0,-0.36949626395314217,-0.36949626395314217,-0.36949626395314217,-0.36949626395314217,-0.3658378851021382,0,highway_0,1,558.0510553874809,877.0510553874809,,1.9915346223160029
21.7,llm_1,879.7609291637267,-6.570000000000004,27.098737762457667,7.095266257583103,ego_0,-0.17503469505713498,-0.17503469505713498,-0.17503469505713498,-0.17503469505713498,-0.17330167827438459,0,highway_0,1,560.7609291637267,879.7609291637267,,2.0201303024984405
21.8,llm_1,882.4702080855956,-6.570000000000004,27.09278921868848,7.2989871016766985,ego_0,-0.060080292068781405,-0.060080292068781405,-0.060080292068781405,-0.060080292068781405,-0.059485437691861875,0,highway_0,1,563.4702080855956,882.4702080855956,,2.0372084409357356
21.9,llm_1,885.1796205668466,-6.570000000000004,27.094124812509992,7.5036739025702675,ego_0,0.013489497597260702,0.013489497597260702,0.013489497597260702,0.013489497597260702,0.013355938215120489,0,highway_0,1,566.1796205668466,885.1796205668466,,2.0468680089360483
22.0,llm_1,887.8896579265385,-6.570000000000004,27.100373596918754,7.708822045160855,ego_0,0.06311272252846395,0.06311272252846395,0.06311272252846395,0.06311272252846395,0.0624878440876131,0,highway_0,1,568.8896579265385,887.8896579265385,,2.051481425906154
22.1,llm_1,890.6006638846218,-6.570000000000004,27.110059580832676,7.914074659451171,ego_0,0.09782843753061732,0.09782843753061732,0.09782843753061732,0.09782843753061732,0.09685983913922058,0,highway_0,1,571.6006638846218,890.6006638846218,,2.0525261429039716
22.2,llm_1,893.3128852197543,-6.570000000000004,27.122213351325737,8.119171961492793,ego_0,0.1227530819799098,0.1227530819799098,0.1227530819799098,0.1227530819799098,0.12153770493060989,0,highway_0,1,574.3128852197543,893.3128852197543,,2.050973020416432
22.3,llm_1,896.0265023906378,-6.570000000000004,27.13617170883473,8.323920630809607,ego_0,0.14097941084084964,0.14097941084084964,0.14097941084084964,0.14097941084084964,0.13958357508993657,0,highway_0,1,577.0265023906378,896.0265023906378,,2.0474866931680005
22.4,llm_1,898.74164901346,-6.580000000000004,27.15146622822239,8.52817433171715,ego_0,0.15447464581533837,0.15447464581533837,0.15447464581533837,0.15447464581533837,0.15294519387659022,0,highway_0,1,579.74164901346,898.74164901346,,2.042537009075449
22.5,llm_1,901.4584247640869,-6.600000000000004,27.167757506268963,8.731820809894838,ego_0,0.16454190827037418,0.16454190827037418,0.16454190827037418,0.16454190827037418,0.16291278046573154,0,highway_0,1,582.4584247640869,901.4584247640869,,2.0364647817767647
22.6,llm_1,904.1769042110062,-6.630000000000004,27.18479446919276,8.934773058208133,ego_0,0.172073325530339,0.172073325530339,0.172073325530339,0.172073325530339,0.1703696292379675,0,highway_0,1,585.1769042110062,904.1769042110062,,2.0295224831335332
22.7,llm_1,906.8971430289557,-6.670000000000004,27.202388179494537,9.1369631018493,ego_0,0.17769647404795058,0.17769647404795058,0.17769647404795058,0.17769647404795058,0.17593710301778032,0,highway_0,1,587.8971430289557,906.8971430289557,,2.0219004364119293
22.8,llm_1,909.6191824702344,-6.720000000000004,27.22039441278723,9.338337525797282,ego_0,0.18186295625619042,0.18186295625619042,0.18186295625619042,0.18186295625619042,0.18006233292691576,0,highway_0,1,590.6191824702345,909.6191824702345,,2.0137442394806833
22.9,llm_1,912.3430526444428,-6.780000000000005,27.238701742081265,9.538854193852853,ego_0,0.1849040258697734,0.1849040258697734,0.1849040258697734,0.1849040258697734,0.18307329294035668,0,highway_0,1,593.3430526444427,912.3430526444427,,2.0051666805557176
23.0,llm_1,915.0687749637923,-6.850000000000004,27.257223193496305,9.738479802104916,ego_0,0.18706665929192096,0.18706665929192096,0.18706665929192096,0.18706665929192096,0.18521451415040247,0,highway_0,1,596.0687749637923,915.0687749637923,,1.9962560825205884
23.1,llm_1,917.7963639920873,-6.930000000000004,27.275890282950108,9.937188028732134,ego_0,0.18853760348342957,0.18853760348342957,0.18853760348342957,0.18853760348342957,0.18667089453803243,0,highway_0,1,598.7963639920873,917.7963639920873,,1.9870822662719263
23.2,llm_1,920.525828859968,-7.020000000000004,27.294648678807846,1000.0,,0.18945979816314035,0.18945979816314035,0.18945979816314035,0.18945979816314035,0.18758395857737753,0,highway_0,1,601.5258288599681,920.5258288599681,,-1028.2946486788078
23.3,llm_1,923.2607108296986,-7.1200000000000045,27.348819697305583,1000.0,,0.5471272868271442,0.5471272868271442,0.5471272868271442,0.5471272868271442,0.5417101849773687,0,highway_0,1,604.2607108296986,923.2607108296986,,-1028.3488196973055
23.4,llm_1,926.000979227918,-7.220000000000004,27.402683982192862,1000.0,,0.5440292773615338,0.5440292773615338,0.5440292773615338,0.5440292773615338,0.5386428488727901,0,highway_0,1,607.0009792279179,926.0009792279179,,-1028.402683982193
23.5,llm_1,928.7466033828072,-7.320000000000005,27.456241548891928,29.526769937438825,llm_0,0.540931423660578,0.540931423660578,0.540931423660578,0.540931423660578,0.5355756669906597,0,highway_0,1,609.7466033828072,928.7466033828072,,1.984996748523546
23.6,llm_1,931.4971429058553,-7.420000000000004,27.505395230481746,29.72035424413225,llm_0,0.49645218405714275,0.49645218405714275,0.49645218405714275,0.49645218405714275,0.4915368158981792,0,highway_0,1,612.4971429058553,931.4971429058553,,1.935843066933728
23.7,llm_1,934.252496089971,-7.520000000000004,27.55353184115718,29.909124889758072,llm_0,0.48617976782190914,0.48617976782190914,0.48617976782190914,0.48617976782190914,0.48136610675435065,0,highway_0,1,615.252496089971,934.252496089971,,1.887706456258293
23.8,llm_1,937.0125580543342,-7.6200000000000045,27.600619643631337,30.093186755136525,llm_0,0.4755868049889775,0.4755868049889775,0.4755868049889775,0.4755868049889775,0.47087802474155893,0,highway_0,1,618.0125580543341,937.0125580543341,,1.8406186537841371
23.9,llm_1,939.7772212895311,-7.720000000000004,27.646632351969963,30.27264734968112,llm_0,0.46472835422012493,0.46472835422012493,0.46472835422012493,0.46472835422012493,0.4601270833862614,0,highway_0,1,620.7772212895311,939.7772212895311,,1.794605945445511
24.0,llm_1,942.5463761757941,-7.820000000000005,27.691548862629716,30.447616293159694,llm_0,0.4536567576635194,0.4536567576635194,0.4536567576635194,0.4536567576635194,0.4491651065975333,0,highway_0,1,623.5463761757941,942.5463761757941,,1.7496894347857577
24.1,llm_1,945.3199114730423,-7.920000000000004,27.735352972483135,30.61820482565299,llm_0,0.4424215095195308,0.4424215095195308,0.4424215095195308,0.4424215095195308,0.4380410985341854,0,highway_0,1,626.3199114730423,945.3199114730423,,1.7058853249323391
24.2,llm_1,948.0977147817837,-8.020000000000005,27.77803308741367,30.784525346653208,llm_0,0.4310691607984195,0.4310691607984195,0.4310691607984195,0.4310691607984195,0.42680114930536917,0,highway_0,1,629.0977147817837,948.0977147817837,,1.6632052100018022
24.3,llm_1,950.8796729742679,-8.120000000000005,27.81958192484138,30.94669098391064,llm_0,0.4196432580198613,0.4196432580198613,0.4196432580198613,0.4196432580198613,0.4154883742770821,0,highway_0,1,631.8796729742678,950.8796729742678,,1.621656372574094
24.4,llm_1,953.665672595597,-8.220000000000004,27.85999621329234,31.104815192322985,llm_0,0.4081843133547114,0.4081843133547114,0.4081843133547114,0.4081843133547114,0.40414288450961067,0,highway_0,1,634.665672595597,953.665672595597,,1.581242084123133
24.5,llm_1,956.4556002347829,-8.320000000000004,27.89927639185912,31.25901138287868,llm_0,0.3967298035245058,0.3967298035245058,0.3967298035245058,0.3967298035245058,0.39280178566780677,0,highway_0,1,637.4556002347829,956.4556002347829,,1.5419619055563523
24.6,llm_1,959.249342865995,-8.420000000000005,27.937426312121698,31.40939258140811,llm_0,0.3853141946519986,0.3853141946519986,0.3853141946519986,0.3853141946519986,0.3814992026257613,0,highway_0,1,640.249342865995,959.249342865995,,1.5038119852937761
24.7,llm_1,962.0467881604765,-8.520000000000005,27.974452944814075,31.556071116668203,llm_0,0.3739689901930401,0.3739689901930401,0.3739689901930401,0.3739689901930401,0.37026632692377603,0,highway_0,1,643.0467881604765,962.0467881604765,,1.4667853526013985
24.8,llm_1,964.8478247698002,-8.620000000000005,28.010366093237003,31.6991583370861,llm_0,0.36272279907155924,0.36272279907155924,0.36272279907155924,0.36272279907155924,0.3591314842292803,0,highway_0,1,645.8478247698001,964.8478247698001,,1.4308722041784705
24.9,llm_1,967.6523425813136,-8.720000000000004,28.04517811513597,31.838764355314037,llm_0,0.3516014211795475,0.3516014211795475,0.3516014211795475,0.3516014211795475,0.3481202189896493,0,highway_0,1,648.6523425813137,967.6523425813137,,1.3960601822795056
25.0,llm_1,970.4602329467629,-8.820000000000004,28.078903654491082,31.974997819606482,llm_0,0.3406279474866216,0.3406279474866216,0.3406279474866216,0.3406279474866216,0.3372553935511391,0,highway_0,1,651.4602329467629,970.4602329467629,,1.3623346429243917
25.1,llm_1,973.2713888852032,-8.920000000000003,28.11155938440415,32.10796571090766,llm_0,0.32982287212200556,0.32982287212200556,0.32982287212200556,0.32982287212200556,0.3265572991306698,0,highway_0,1,654.2713888852032,973.2713888852032,,1.3296789130113247
25.2,llm_1,976.0857052614056,-9.020000000000005,28.14316376202189,32.237773164447006,llm_0,0.31920421393915926,0.31920421393915926,0.31920421393915926,0.31920421393915926,0.3160437761773949,0,highway_0,1,657.0857052614055,976.0857052614055,,1.2980745353935852
25.3,llm_1,978.9030789410258,-9.120000000000005,28.173736796204356,32.3645233145681,llm_0,0.3087876452429354,0.3087876452429354,0.3087876452429354,0.3087876452429354,0.3057303418246704,0,highway_0,1,659.9030789410259,978.9030789410259,,1.2675015012111182
25.4,llm_1,981.7234089238696,-9.220000000000004,28.20329982843654,32.488317161466014,llm_0,0.2985866255450559,0.2985866255450559,0.2985866255450559,0.2985866255450559,0.29563032232182707,0,highway_0,1,662.7234089238696,981.7234089238696,,1.2379384689789354
25.5,llm_1,984.5465964565984,-9.320000000000004,28.231875327288982,32.609253458478705,llm_0,0.2886125384096981,0.2886125384096981,0.2886125384096981,0.2886125384096981,0.28575498852443815,0,highway_0,1,665.5465964565984,984.5465964565984,,1.2093629701264916
25.6,llm_1,987.3725451262546,-9.420000000000005,28.25948669656149,32.72742861856416,llm_0,0.2788748296522894,0.2788748296522894,0.2788748296522894,0.2788748296522894,0.2761136927250618,0,highway_0,1,668.3725451262545,987.3725451262545,,1.1817516008539855
25.7,llm_1,990.2011609359638,-9.520000000000005,28.286158097091807,32.842936638596555,llm_0,0.2693811453561988,0.2693811453561988,0.2693811453561988,0.2693811453561988,0.2667140053031858,0,highway_0,1,671.2011609359637,990.2011609359637,,1.1550802003236669
25.8,llm_1,993.0323523641716,-9.620000000000006,28.311914282078966,14.030567810429556,ego_0,0.2601374683702872,0.2601374683702872,0.2601374683702872,0.2601374683702872,0.2575618498715926,0,highway_0,0,674.0323523641716,993.0323523641716,,1.1674895076139293
25.9,llm_1,995.85958339634,-9.720000000000006,28.272310321682927,14.151946729875657,ego_0,-0.4,-0.4,-0.4,-0.4,-0.3960396039603964,0,highway_0,0,676.8595833963399,995.8595833963399,,1.2137891944601051
26.0,llm_1,998.6828540324685,-9.820000000000006,28.232706361286887,14.277947228134007,ego_0,-0.4,-0.4,-0.4,-0.4,-0.3960396039603964,0,highway_0,0,679.6828540324685,998.6828540324685,,1.2600049825835207
26.1,llm_1,1001.5021642725576,-9.920000000000005,28.193102400890847,14.408561014848669,ego_0,-0.4,-0.4,-0.4,-0.4,-0.3960396039603964,0,highway_0,0,682.5021642725576,1001.5021642725576,,1.3061378671464965
26.2,llm_1,1004.3175141166071,-10.020000000000007,28.153498440494808,14.543779898140496,ego_0,-0.4,-0.4,-0.4,-0.4,-0.3960396039603964,0,highway_0,0,685.3175141166071,1004.3175141166071,,1.3521888329186034
26.3,llm_1,1007.1294094912345,-10.120000000000006,28.118953746273935,14.683089856957917,ego_0,-0.34890141163082766,-0.34890141163082766,-0.34890141163082766,-0.34890141163082766,-0.3454469422087314,0,highway_0,0,688.1294094912345,1007.1294094912345,,1.3930995881742234
26.4,llm_1,1009.9386241086117,-10.220000000000006,28.092146173774214,14.825709181114984,ego_0,-0.27075648224715776,-0.27075648224715776,-0.27075648224715776,-0.27075648224715776,-0.2680757249972032,0,highway_0,0,690.9386241086119,1009.9386241086119,,1.4261932415700471
26.5,llm_1,1012.7457758354361,-10.320000000000006,28.071517268242534,14.97101210130388,ego_0,-0.20835194586996741,-0.20835194586996741,-0.20835194586996741,-0.20835194586996741,-0.20628905531680175,0,highway_0,0,693.7457758354361,1012.7457758354361,,1.4530292018885795
26.6,llm_1,1015.551365093848,-10.420000000000005,28.055892584117846,15.118490387165888,ego_0,-0.15780930965934636,-0.15780930965934636,-0.15780930965934636,-0.15780930965934636,-0.15624684124688315,0,highway_0,0,696.551365093848,1015.551365093848,,1.47478285862098
26.7,llm_1,1018.3558019948525,-10.520000000000007,28.04436901004564,15.267726212868592,ego_0,-0.11638809812929307,-0.11638809812929307,-0.11638809812929307,-0.11638809812929307,-0.11523574072207055,0,highway_0,0,699.3558019948525,1018.3558019948525,,1.4923582570269218
26.8,llm_1,1021.1594259943212,-10.620000000000006,28.03623999468591,15.418372500108784,ego_0,-0.08210305513325478,-0.08210305513325478,-0.08210305513325478,-0.08210305513325478,-0.08129015359727987,0,highway_0,0,702.1594259943212,1021.1594259943212,,1.5064628724013076
26.9,llm_1,1023.9625204413064,-10.720000000000006,28.03094446985309,15.514735342492894,ego_0,-0.05348480081151141,-0.05348480081151141,-0.05348480081151141,-0.05348480081151141,-0.0529552483282103,0,highway_0,0,704.9625204413064,1023.9625204413064,,0.9636284238401913
27.0,llm_1,1026.761654492252,-10.820000000000006,27.99134050945705,15.582436614378548,ego_0,-0.4,-0.4,-0.4,-0.4,-0.3960396039603964,0,highway_0,0,707.7616544922521,1026.761654492252,,0.677012718856524
27.1,llm_1,1029.5568281471583,-10.920000000000005,27.95173654906101,15.632035472987763,ego_0,-0.4,-0.4,-0.4,-0.4,-0.3960396039603964,0,highway_0,0,710.5568281471583,1029.5568281471583,,0.4959885860920963
27.2,llm_1,1032.3480414060248,-11.020000000000007,27.91213258866497,15.669614755856127,ego_0,-0.4,-0.4,-0.4,-0.4,-0.3960396039603964,0,highway_0,0,713.3480414060248,1032.3480414060248,,0.3757928286836467
27.3,llm_1,1035.1352942688516,-11.120000000000006,27.87252862826893,15.699066360558344,ego_0,-0.4,-0.4,-0.4,-0.4,-0.3960396039603964,0,highway_0,0,716.1352942688516,1035.1352942688516,,0.2945160470201529
27.4,llm_1,1037.9185867356389,-11.220000000000006,27.83292466787289,15.723056017042108,ego_0,-0.4,-0.4,-0.4,-0.4,-0.3960396039603964,0,highway_0,0,718.9185867356389,1037.9185867356389,,0.23989656483781374
27.5,llm_1,1040.6979188063865,-11.320000000000006,27.793320707476852,15.743500153225977,ego_0,-0.4,-0.4,-0.4,-0.4,-0.3960396039603964,0,highway_0,0,721.6979188063865,1040.6979188063865,,0.2044413618369667
27.6,llm_1,1043.4732904810946,-11.420000000000005,27.753716747080812,15.761827552695376,ego_0,-0.4,-0.4,-0.4,-0.4,-0.3960396039603964,0,highway_0,0,724.4732904810946,1043.4732904810946,,0.18327399469539074
27.7,llm_1,1046.244701759763,-11.510000000000005,27.714112786684773,15.77913415206326,ego_0,-0.4,-0.4,-0.4,-0.4,-0.3960396039603964,0,highway_0,0,727.2447017597631,1046.244701759763,,0.17306599367790554
27.8,llm_1,1049.012152642392,-11.590000000000005,27.674508826288733,15.79628001646206,ego_0,-0.4,-0.4,-0.4,-0.4,-0.3960396039603964,0,highway_0,0,730.012152642392,1049.012152642392,,0.17145864398822752
27.9,llm_1,1051.7756431289813,-11.660000000000005,27.634904865892693,15.813952903539938,ego_0,-0.4,-0.4,-0.4,-0.4,-0.3960396039603964,0,highway_0,0,732.7756431289813,1051.7756431289813,,0.17672887077821997
28.0,llm_1,1054.5351732195309,-11.720000000000006,27.595300905496654,15.832711488566655,ego_0,-0.4,-0.4,-0.4,-0.4,-0.3960396039603964,0,highway_0,0,735.5351732195309,1054.5351732195309,,0.18758585026631636
28.1,llm_1,1057.290742914041,-11.770000000000007,27.555696945100614,15.853011490411017,ego_0,-0.4,-0.4,-0.4,-0.4,-0.3960396039603964,0,highway_0,0,738.290742914041,1057.290742914041,,0.20300001844424997
28.2,llm_1,1060.0423522125113,-11.810000000000006,27.516092984704574,15.875232557237677,ego_0,-0.4,-0.4,-0.4,-0.4,-0.3960396039603964,0,highway_0,0,741.0423522125113,1060.0423522125113,,0.22221066826650215
28.3,llm_1,1062.7900011149422,-11.840000000000007,27.476489024308535,15.899694082833957,ego_0,-0.4,-0.4,-0.4,-0.4,-0.3960396039603964,0,highway_0,0,743.7900011149422,1062.7900011149422,,0.24461525596444034
28.4,llm_1,1065.5336896213335,-11.870000000000006,27.436885063912495,15.926667078322406,ego_0,-0.4,-0.4,-0.4,-0.4,-0.3960396039603964,0,highway_0,0,746.5336896213335,1065.5336896213335,,0.2697299548845926
28.5,llm_1,1068.2734177316852,-11.890000000000006,27.397281103516455,15.95637236187481,ego_0,-0.4,-0.4,-0.4,-0.4,-0.3960396039603964,0,highway_0,0,749.2734177316852,1068.2734177316852,,0.2970528355254771
28.6,llm_1,1071.0091854459972,-11.899500000000002,27.357677143120416,15.989000353246592,ego_0,-0.4,-0.4,-0.4,-0.4,-0.3960396039603964,0,highway_0,0,752.0091854459972,1071.0091854459972,,0.3262799137178085
28.7,llm_1,1073.7409927642695,-11.899500000000002,27.318073182724376,16.024716203058187,ego_0,-0.4,-0.4,-0.4,-0.4,-0.3960396039603964,0,highway_0,0,754.7409927642695,1073.7409927642695,,0.357158498115389
28.8,llm_1,1076.4688396865024,-11.899500000000002,27.278469222328336,16.06366388152396,ego_0,-0.4,-0.4,-0.4,-0.4,-0.3960396039603964,0,highway_0,0,757.4688396865024,1076.4688396865024,,0.38947678465905966
28.9,llm_1,1079.1927262126956,-11.899500000000002,27.238865261932297,16.10596455374498,ego_0,-0.4,-0.4,-0.4,-0.4,-0.3960396039603964,0,highway_0,0,760.1927262126956,1079.1927262126956,,0.4230067222088927
29.0,llm_1,1081.9126523428492,-11.899500000000002,27.199261301536257,16.15172490833579,ego_0,-0.4,-0.4,-0.4,-0.4,-0.3960396039603964,0,highway_0,0,762.9126523428492,1081.9126523428492,,0.45760354590930774
29.1,llm_1,1084.6286180769632,-11.899500000000002,27.159657341140218,16.201039231843833,ego_0,-0.4,-0.4,-0.4,-0.4,-0.3960396039603964,0,highway_0,0,765.6286180769632,1084.6286180769632,,0.4931432350807867
29.2,llm_1,1087.3406234150377,-11.899500000000002,27.120053380744178,16.25399112742748,ego_0,-0.4,-0.4,-0.4,-0.4,-0.3960396039603964,0,highway_0,0,768.3406234150377,1087.3406234150377,,0.5295189558383697
29.3,llm_1,1090.0486683570725,-11.899500000000002,27.08044942034814,16.310652752332953,ego_0,-0.4,-0.4,-0.4,-0.4,-0.3960396039603964,0,highway_0,0,771.0486683570725,1090.0486683570725,,0.5666162490537054
29.4,llm_1,1092.7527529030676,-11.899500000000002,27.0408454599521,16.37108850810223,ego_0,-0.4,-0.4,-0.4,-0.4,-0.3960396039603964,0,highway_0,0,773.7527529030676,1092.7527529030676,,0.6043575576914577
29.5,llm_1,1095.4528770530233,-11.899500000000002,27.00124149955606,16.435356016740524,ego_0,-0.4,-0.4,-0.4,-0.4,-0.3960396039603964,0,highway_0,0,776.4528770530233,1095.4528770530233,,0.642675086382777
29.6,llm_1,1098.1490408069392,-11.899500000000002,26.96163753916002,16.503506951152485,ego_0,-0.4,-0.4,-0.4,-0.4,-0.3960396039603964,0,highway_0,0,779.1490408069392,1098.1490408069392,,0.6815093441191102
29.7,llm_1,1100.8412441648156,-11.899500000000002,26.92203357876398,16.575586938304422,ego_0,-0.4,-0.4,-0.4,-0.4,-0.3960396039603964,0,highway_0,0,781.8412441648156,1100.8412441648156,,0.7207998715191799
29.8,llm_1,1103.5294871266524,-11.899500000000002,26.88242961836794,16.65163707268489,ego_0,-0.4,-0.4,-0.4,-0.4,-0.3960396039603964,0,highway_0,0,784.5294871266524,1103.5294871266524,,0.7605013438046093
29.9,llm_1,1106.2137696924497,-11.899500000000002,26.8428256579719,16.73169443040133,ego_0,-0.4,-0.4,-0.4,-0.4,-0.3960396039603964,0,highway_0,0,787.2137696924497,1106.2137696924497,,0.800573577164247
30.0,llm_1,1108.8940918622072,-11.899500000000002,26.80322169757586,16.815792514839767,ego_0,-0.4,-0.4,-0.4,-0.4,-0.3960396039603964,0,highway_0,0,789.8940918622072,1108.8940918622072,,0.8409808443847453
30.1,llm_1,1111.570453635925,-11.899500000000002,26.76361773717982,16.903961600425145,ego_0,-0.4,-0.4,-0.4,-0.4,-0.3960396039603964,0,highway_0,0,792.5704536359251,1111.570453635925,,0.8816908558523728
30.2,llm_1,1114.2428550136035,-11.899500000000002,26.72401377678378,16.99622912020227,ego_0,-0.4,-0.4,-0.4,-0.4,-0.3960396039603964,0,highway_0,0,795.2428550136035,1114.2428550136035,,0.9226751977709746
30.3,llm_1,1116.9112959952422,-11.899500000000002,26.684409816387742,17.09261996199343,ego_0,-0.4,-0.4,-0.4,-0.4,-0.3960396039603964,0,highway_0,0,797.9112959952422,1116.9112959952422,,0.9639084179114086
30.4,llm_1,1119.5757765808414,-11.899500000000002,26.644805855991702,17.193156728699886,ego_0,-0.4,-0.4,-0.4,-0.4,-0.3960396039603964,0,highway_0,0,800.5757765808414,1119.5757765808414,,1.0053676670646219
30.5,llm_1,1122.236296770401,-11.899500000000002,26.605201895595663,17.297860363149947,ego_0,-0.4,-0.4,-0.4,-0.4,-0.3960396039603964,0,highway_0,0,803.2362967704009,1122.236296770401,,1.047036344500949
30.6,llm_1,1124.8932699360862,-11.899500000000002,26.569731656852483,17.406336542117696,ego_0,-0.3582494113061484,-0.3582494113061484,-0.3582494113061484,-0.3582494113061484,-0.35470238743180005,0,highway_0,0,805.8932699360862,1124.8932699360862,,1.0847617896776462
30.7,llm_1,1127.5472735131566,-11.899500000000002,26.54003577070454,17.518025169524616,ego_0,-0.29992845009419244,-0.29992845009419244,-0.29992845009419244,-0.29992845009419244,-0.29695886147941053,0,highway_0,0,808.5472735131566,1127.5472735131566,,1.1168862740690422
30.8,llm_1,1130.198794873769,-11.899500000000002,26.515213606124227,17.632454666169405,ego_0,-0.2507038622611911,-0.2507038622611911,-0.2507038622611911,-0.2507038622611911,-0.24822164580314166,0,highway_0,0,811.198794873769,1130.198794873769,,1.1442949664471875
30.9,llm_1,1132.8482488158904,-11.899500000000002,26.49453942121402,17.749225282890574,ego_0,-0.20880926759306506,-0.20880926759306506,-0.20880926759306506,-0.20880926759306506,-0.20674184910205895,0,highway_0,0,813.8482488158904,1132.8482488158904,,1.1677061672116515
31.0,llm_1,1135.4959910241494,-11.899500000000002,26.477422082589705,17.867995048017246,ego_0,-0.17288512010558332,-0.17288512010558332,-0.17288512010558332,-0.17288512010558332,-0.17117338624316858,0,highway_0,0,816.4959910241494,1135.4959910241494,,1.1876976512659425
31.1,llm_1,1138.1423284572309,-11.899500000000002,26.463374330814542,17.98846950254615,ego_0,-0.14188229292917687,-0.14188229292917687,-0.14188229292917687,-0.14188229292917687,-0.1404775177516271,0,highway_0,0,819.1423284572309,1138.1423284572309,,1.2047445452888361
31.2,llm_1,1140.7875275297533,-11.899500000000002,26.4519907252252,18.110393628007795,ego_0,-0.11497441645233808,-0.11497441645233808,-0.11497441645233808,-0.11497441645233808,-0.11383605589340817,0,highway_0,0,821.7875275297533,1140.7875275297533,,1.219241254614996
31.3,llm_1,1143.4318206341134,-11.899500000000002,26.442931043600503,18.233546237352765,ego_0,-0.09150278440945592,-0.09150278440945592,-0.09150278440945592,-0.09150278440945592,-0.09059681624698612,0,highway_0,0,824.4318206341134,1143.4318206341134,,1.2315260934496735
31.4,llm_1,1146.0754114737292,-11.899500000000002,26.43590839615776,18.357733838629382,ego_0,-0.07092873917170639,-0.07092873917170639,-0.07092873917170639,-0.07092873917170639,-0.07022647442742169,0,highway_0,0,827.0754114737292,1146.0754114737292,,1.2418760127673139
31.5,llm_1,1148.7184793188064,-11.899500000000002,26.430678450772376,18.48278646609874,ego_0,-0.0528224483923756,-0.0528224483923756,-0.0528224483923756,-0.0528224483923756,-0.05229945385384127,0,highway_0,0,829.7184793188064,1148.7184793188064,,1.2505262746926533
31.6,llm_1,1151.3611825005576,-11.899500000000002,26.42703181751029,18.608554264303347,ego_0,-0.036830995947070067,-0.036830995947070067,-0.036830995947070067,-0.036830995947070067,-0.03646633262086141,0,highway_0,0,832.3611825005576,1151.3611825005576,,1.2576779820462214
31.7,llm_1,1154.0036613034458,-11.899500000000002,26.424788028883572,18.73490557635314,ego_0,-0.022662265129813952,-0.022662265129813952,-0.022662265129813952,-0.022662265129813952,-0.02243788626717702,0,highway_0,0,835.0036613034458,1154.0036613034458,,1.2635131204974073
31.8,llm_1,1156.64604045827,-11.899500000000002,26.423791548241088,18.861723521765906,ego_0,-0.010064454489085106,-0.010064454489085106,-0.010064454489085106,-0.010064454489085106,-0.009964806424846984,0,highway_0,0,837.6460404582699,1156.64604045827,,1.2681794541276972
31.9,llm_1,1159.288431148826,-11.899500000000002,26.423906905560067,18.98890405503671,ego_0,0.0011651089216991872,0.0011651089216991872,0.0011651089216991872,0.0011651089216991872,0.0011535731897893697,0,highway_0,0,840.288431148826,1159.288431148826,,1.271805332709576
32.0,llm_1,1161.930932708123,-11.899500000000002,26.42501559297091,19.116354328512852,ego_0,0.01119774284950037,0.01119774284950037,0.01119774284950037,0.01119774284950037,0.011086874108450218,0,highway_0,0,842.930932708123,1161.930932708123,,1.274502734759416
32.1,llm_1,1164.5736340605229,-11.899500000000002,26.427013523998745,19.243992270685066,ego_0,0.020179103381104624,0.020179103381104624,0.020179103381104624,0.020179103381104624,0.019979310278337437,0,highway_0,0,845.5736340605229,1164.5736340605229,,1.2763794217212343
32.2,llm_1,1167.2166150358432,-11.899500000000002,26.429809753204154,19.37174426863994,ego_0,0.028241914974619364,0.028241914974619364,0.028241914974619364,0.028241914974619364,0.027962292054084514,0,highway_0,0,848.2166150358432,1167.2166150358432,,1.2775199795492753
32.3,llm_1,1169.859947411469,-11.899500000000002,26.433323756256833,19.499544177514462,ego_0,0.03549143083203937,0.03549143083203937,0.03549143083203937,0.03549143083203937,0.035140030526790156,0,highway_0,0,850.859947411469,1169.859947411469,,1.277999088745542
32.4,llm_1,1172.5036958124788,-11.899500000000002,26.43748401009711,19.627332467283576,ego_0,0.042018563786785146,0.042018563786785146,0.042018563786785146,0.042018563786785146,0.041602538402756295,0,highway_0,0,853.5036958124788,1172.5036958124788,,1.2778828976924785
32.5,llm_1,1175.1479184924915,-11.899500000000002,26.442226800126377,19.755056483854514,ego_0,0.04790217929560697,0.04790217929560697,0.04790217929560697,0.04790217929560697,0.047427900292689174,0,highway_0,0,856.1479184924915,1175.1479184924915,,1.2772401657101646
32.6,llm_1,1177.7926680938956,-11.899500000000002,26.447496014041544,19.882668643162287,ego_0,0.05321906054320458,0.05321906054320458,0.05321906054320458,0.05321906054320458,0.052692139151666595,0,highway_0,0,858.7926680938956,1177.7926680938956,,1.2761215930769758
32.7,llm_1,1180.4379922268402,-11.899500000000002,26.45324132944555,20.010125894790416,ego_0,0.05802768558044147,0.05802768558044147,0.05802768558044147,0.05802768558044147,0.05745315404006135,0,highway_0,0,861.4379922268402,1180.4379922268402,,1.2745725162810366
32.8,llm_1,1183.083933977859,-11.899500000000002,26.459417510188665,20.137389252260117,ego_0,0.06237942550544562,0.06237942550544562,0.06237942550544562,0.06237942550544562,0.061761807431146565,0,highway_0,0,864.083933977859,1183.083933977859,,1.2726335746965844
32.9,llm_1,1185.7305323581504,-11.899500000000002,26.465983802914174,20.26442439590637,ego_0,0.06631955652765975,0.06631955652765975,0.06631955652765975,0.06631955652765975,0.06566292725509015,0,highway_0,0,866.7305323581504,1185.7305323581504,,1.2703514364630273
33.0,llm_1,1188.3778227781095,-11.899500000000002,26.472904199589657,20.391200130935612,ego_0,0.06989600642240462,0.06989600642240462,0.06989600642240462,0.06989600642240462,0.0692039667548272,0,highway_0,0,869.3778227781095,1188.3778227781095,,1.2677573502937634
33.1,llm_1,1191.0258373842785,-11.899500000000002,26.480146061689112,20.517688087003716,ego_0,0.07314280720449512,0.07314280720449512,0.07314280720449512,0.07314280720449512,0.07241862099455432,0,highway_0,0,872.0258373842785,1191.0258373842785,,1.2648795606821892
33.2,llm_1,1193.6746053595214,-11.899500000000002,26.48767975242929,20.64386245150804,ego_0,0.07609027647577943,0.07609027647577943,0.07609027647577943,0.07609027647577943,0.075336907401784,0,highway_0,0,874.6746053595214,1193.6746053595214,,1.2617436450433956
33.3,llm_1,1196.3241531911167,-11.899500000000002,26.49547831595358,20.769700753549113,ego_0,0.07876549159532292,0.07876549159532292,0.07876549159532292,0.07876549159532292,0.07798563524289648,0,highway_0,0,877.3241531911167,1196.3241531911167,,1.2583830204112978
33.4,llm_1,1198.9745049867665,-11.899500000000002,26.50351795649726,20.895182472103397,ego_0,0.08120036949115006,0.08120036949115006,0.08120036949115006,0.08120036949115006,0.08039640543678672,0,highway_0,0,879.9745049867665,1198.9745049867665,,1.2548171855443684
33.5,llm_1,1201.6256826765543,-11.899500000000002,26.511776897878107,21.020288866309283,ego_0,0.08341530794655178,0.08341530794655178,0.08341530794655178,0.08341530794655178,0.08258941380848484,0,highway_0,0,882.6256826765543,1201.6256826765543,,1.251063942058849
33.6,llm_1,1204.2777061951285,-11.899500000000002,26.520235185742507,21.145002822909145,ego_0,0.08542870743041803,0.08542870743041803,0.08542870743041803,0.08542870743041803,0.08458287864399949,0,highway_0,0,885.2777061951285,1204.2777061951285,,1.2471395659970348
33.7,llm_1,1206.9305936463716,-11.899500000000002,26.528874512430836,21.269309668729147,ego_0,0.08725719955211636,0.08725719955211636,0.08725719955211636,0.08725719955211636,0.08639326688328453,0,highway_0,0,887.9305936463716,1206.9305936463716,,1.2430684581985645
33.8,llm_1,1209.5843615210924,-11.899500000000002,26.537678747209164,21.393195953225312,ego_0,0.08892277126111381,0.08892277126111381,0.08892277126111381,0.08892277126111381,0.08804234778327924,0,highway_0,0,890.5843615210924,1209.5843615210924,,1.2388628449610444
33.9,llm_1,1212.2390248206686,-11.899500000000002,26.5466329957612,21.51664935353956,ego_0,0.09043791037555199,0.09043791037555199,0.09043791037555199,0.09043791037555199,0.08954248552036859,0,highway_0,0,893.2390248206686,1212.2390248206686,,1.2345340031439598
34.0,llm_1,1214.8945971699266,-11.899500000000002,26.55572349257925,21.639658588055863,ego_0,0.09181401786229365,0.09181401786229365,0.09181401786229365,0.09181401786229365,0.09090496818050298,0,highway_0,0,895.8945971699266,1214.8945971699266,,1.23009234516379
34.1,llm_1,1217.5510909203535,-11.899500000000002,26.564937504268766,21.762213337562297,ego_0,0.09306151806408647,0.09306151806408647,0.09306151806408647,0.09306151806408647,0.09214011689515189,0,highway_0,0,898.5510909203535,1217.5510909203535,,1.2255474950664755
34.2,llm_1,1220.208517244602,-11.899500000000002,26.574263242485188,21.884304173238615,ego_0,0.09418995598586255,0.09418995598586255,0.09418995598586255,0.09418995598586255,0.09325738216421797,0,highway_0,0,901.208517244602,1220.208517244602,,1.2209083567618677
34.3,llm_1,1222.8668862231414,-11.899500000000002,26.583689785393183,22.005922490774037,ego_0,0.09520808337077274,0.09520808337077274,0.09520808337077274,0.09520808337077274,0.09426542907995383,0,highway_0,0,903.8668862231414,1222.8668862231414,,1.2161831753550807
34.4,llm_1,1225.5262069238097,-11.899500000000002,26.593207006684004,22.127060450012504,ego_0,0.09612393503728262,0.09612393503728262,0.09612393503728262,0.09612393503728262,0.09517221290820999,0,highway_0,0,906.5262069238097,1225.5262069238097,,1.2113795923831674
34.5,llm_1,1228.1864874749408,-11.899500000000002,26.602805511311033,22.24771091957832,ego_0,0.09694489673296841,0.09694489673296841,0.09694489673296841,0.09694489673296841,0.09598504627028603,0,highway_0,0,909.1864874749408,1228.1864874749408,,1.2065046956579053
34.6,llm_1,1230.847735132662,-11.899500000000002,26.612476577209925,22.367867426010616,ego_0,0.09767776557881869,0.09767776557881869,0.09767776557881869,0.09767776557881869,0.0967106589889255,0,highway_0,0,911.8477351326619,1230.847735132662,,1.2015650643239617
34.7,llm_1,1233.509956342898,-11.899500000000002,26.622212102361022,22.48752410697689,ego_0,0.09832880402608046,0.09832880402608046,0.09832880402608046,0.09832880402608046,0.0973552515109688,0,highway_0,0,914.509956342898,1233.509956342898,,1.1965668096634268
34.8,llm_1,1236.173156798561,-11.899500000000002,26.6320045566302,22.60667566818797,ego_0,0.09890378811870404,0.09890378811870404,0.09890378811870404,0.09890378811870404,0.09792454269177853,0,highway_0,0,917.173156798561,1236.173156798561,,1.191515612110713
34.9,llm_1,1238.83734149235,-11.899500000000002,26.641846937892172,22.725317343676533,ego_0,0.09940805074592718,0.09940805074592718,0.09940805074592718,0.09940805074592718,0.09842381261972122,0,highway_0,0,919.8373414923501,1238.83734149235,,1.1864167548841742
35.0,llm_1,1241.50251476555,-11.899500000000002,26.651732731998827,22.843444859135797,ego_0,0.09984652047718268,0.09984652047718268,0.09984652047718268,0.09984652047718268,0.098857941066548,0,highway_0,0,922.5025147655499,1241.50251476555,,1.1812751545912832
35.1,llm_1,1244.1686803531704,-11.899500000000002,26.661655876206055,22.961054398047917,ego_0,0.10022375649297754,0.10022375649297754,0.10022375649297754,0.10022375649297754,0.09923144207228063,0,highway_0,0,925.1686803531704,1244.1686803531704,,1.176095389121297
35.2,llm_1,1246.835841425742,-11.899500000000002,26.671610725716782,23.07814257035825,ego_0,0.10054398005836429,0.10054398005836429,0.10054398005836429,0.10054398005836429,0.09954849510727115,0,highway_0,0,927.835841425742,1246.835841425742,,1.1708817231022977
35.3,llm_1,1249.5040006280458,-11.899500000000002,26.681592023036412,23.194706383474976,ego_0,0.10081110292825474,0.10081110292825474,0.10081110292825474,0.10081110292825474,0.09981297319630045,0,highway_0,0,930.5040006280458,1249.5040006280458,,1.1656381311673165
35.4,llm_1,1252.173160115033,-11.899500000000002,26.691594869870528,23.31074321539945,ego_0,0.10102875302458286,0.10102875302458286,0.10102875302458286,0.10102875302458286,0.10002846834115786,0,highway_0,0,933.1731601150329,1252.173160115033,,1.1603683192462952
35.5,llm_1,1254.8433215851653,-11.899500000000002,26.701614701324306,23.42625078980718,ego_0,0.10120029768316002,0.10120029768316002,0.10120029768316002,0.10120029768316002,0.10019831453778494,0,highway_0,0,935.8433215851653,1254.8433215851653,,1.155075744076136
35.6,llm_1,1257.5144863113842,-11.899500000000002,26.711647262188794,23.5412271529171,ego_0,0.10132886473135244,0.10132886473135244,0.10132886473135244,0.10132886473135244,0.10032560864488005,0,highway_0,0,938.5144863113842,1257.5144863113842,,1.149763631099887
35.7,llm_1,1260.1866551698963,-11.899500000000002,26.721688585122088,23.655670652007938,ego_0,0.10141736162627651,0.10141736162627651,0.10141736162627651,0.10141736162627651,0.10041322933293628,0,highway_0,0,941.1866551698963,1260.1866551698963,,1.1444349909073637
35.8,llm_1,1262.8598286669517,-11.899500000000002,26.73173497055338,23.769579915443227,ego_0,0.10146849285602794,0.10146849285602794,0.10146849285602794,0.10146849285602794,0.10046385431291327,0,highway_0,0,943.8598286669517,1262.8598286669517,,1.1390926343531405
35.9,llm_1,1265.5340069637673,-11.899500000000002,26.741782968155597,23.88295383409054,ego_0,0.10148477578240789,0.10148477578240789,0.10148477578240789,0.10148477578240789,0.10047997602217862,0,highway_0,0,946.5340069637673,1265.5340069637673,,1.1337391864734698
36.0,llm_1,1268.2091898997421,-11.899500000000002,26.75182935974801,23.99579154402154,ego_0,0.10146855508337027,0.10146855508337027,0.10146855508337027,0.10146855508337027,0.10046391592414494,0,highway_0,0,949.2091898997421,1268.2091898997421,,1.1283770993109137
36.1,llm_1,1270.8853770140925,-11.899500000000002,26.76187114350396,24.108092410395965,ego_0,0.1014220159350594,0.1014220159350594,0.1014220159350594,0.1014220159350594,0.1004178375594833,0,highway_0,0,951.8853770140925,1270.8853770140925,,1.123008663744404
36.2,llm_1,1273.5625675660276,-11.899500000000002,26.771905519351275,24.21985601243723,ego_0,0.10134719605788944,0.10134719605788944,0.10134719605788944,0.10134719605788944,0.10034375847315147,0,highway_0,0,954.5625675660276,1273.5625675660276,,1.117636020412398
36.3,llm_1,1276.240760553574,-11.899500000000002,26.781929875463863,24.331082129418018,ego_0,0.10124599673712747,0.10124599673712747,0.10124599673712747,0.10124599673712747,0.10024356112587895,0,highway_0,0,957.2407605535741,1276.240760553574,,1.1122611698080753
36.4,llm_1,1278.9199547311493,-11.899500000000002,26.791941775752626,24.441770727579705,ego_0,0.10112019291650298,0.10112019291650298,0.10112019291650298,0.10112019291650298,0.10011900288763087,0,highway_0,0,959.9199547311493,1278.9199547311493,,1.1068859816178076
36.5,llm_1,1281.6001486259765,-11.899500000000002,26.8019389482727,24.55192194791648,ego_0,0.10097144245275669,0.10097144245275669,0.10097144245275669,0.10097144245275669,0.0999717252007315,0,highway_0,0,962.6001486259765,1281.6001486259765,,1.1015122033670082
36.6,llm_1,1284.2813405534237,-11.899500000000002,26.81191927447167,24.661536094759594,ego_0,0.10080129460958653,0.10080129460958653,0.10080129460958653,0.10080129460958653,0.09980326198970602,0,highway_0,0,965.2813405534237,1284.2813405534237,,1.0961414684315294
36.7,llm_1,1286.9635286313446,-11.899500000000002,26.821880779210417,24.77061362510649,ego_0,0.10061119786133293,0.10061119786133293,0.10061119786133293,0.10061119786133293,0.09961504738747351,0,highway_0,0,967.9635286313446,1286.9635286313446,,1.0907753034671117
36.8,llm_1,1289.646710793494,-11.899500000000002,26.831821621494527,24.879155138636815,ego_0,0.10040250706948783,0.10040250706948783,0.10040250706948783,0.10040250706948783,0.09940842284109408,0,highway_0,0,970.6467107934941,1289.646710793494,,1.0854151353045012
36.9,llm_1,1292.3308848020802,-11.899500000000002,26.84174008585972,24.987161368372153,ego_0,0.10017649008844998,0.10017649008844998,0.10017649008844998,0.10017649008844998,0.09918464365192392,0,highway_0,0,973.3308848020802,1292.3308848020802,,1.0800622973535106
37.0,llm_1,1295.016048259516,-11.899500000000002,26.85163457435988,25.094633171927807,ego_0,0.09993433385161898,0.09993433385161898,0.09993433385161898,0.09993433385161898,0.09894488500162169,0,highway_0,0,976.0160482595161,1295.016048259516,,1.0747180355552572
37.1,llm_1,1297.7021986194272,-11.899500000000002,26.861503599110712,25.201571523319625,ego_0,0.09967714998338117,0.09967714998338117,0.09967714998338117,0.09967714998338117,0.09869024750830846,0,highway_0,0,978.7021986194272,1297.7021986194272,,1.0693835139183854
37.2,llm_1,1300.3893331969618,-11.899500000000002,26.871345775346203,25.307977505286726,ego_0,0.09940597997847217,0.09940597997847217,0.09940597997847217,0.09940597997847217,0.09842176235490996,0,highway_0,0,981.3893331969618,1300.3893331969618,,1.0640598196717903
37.3,llm_1,1303.0774491784566,-11.899500000000002,26.88115981494877,25.413852302093073,ego_0,0.09912179998592852,0.09912179998592852,0.09912179998592852,0.09912179998592852,0.09814039602566993,0,highway_0,0,984.0774491784566,1303.0774491784566,,1.058747968063539
37.4,llm_1,1305.7665436304983,-11.899500000000002,26.89094452041721,25.519197192776527,ego_0,0.09882552523127197,0.09882552523127197,0.09882552523127197,0.09882552523127197,0.09784705468440791,0,highway_0,0,986.7665436304983,1305.7665436304983,,1.0534489068331396
37.5,llm_1,1308.4566135084222,-11.899500000000002,26.900698779239733,25.624013544814897,ego_0,0.0985180141074739,0.0985180141074739,0.0985180141074739,0.0985180141074739,0.09754258822521678,0,highway_0,0,989.4566135084222,1308.4566135084222,,1.0481635203818982
37.6,llm_1,1311.1476556642863,-11.899500000000002,26.91042155864194,25.72830280818148,ego_0,0.09820007196229685,0.09820007196229685,0.09820007196229685,0.09820007196229685,0.09722779402206783,0,highway_0,0,992.1476556642863,1311.1476556642863,,1.0428926336640636
37.7,llm_1,1313.8396668543544,-11.899500000000002,26.920111900682247,25.83206650976349,ego_0,0.09787245460709976,0.09787245460709976,0.09787245460709976,0.09787245460709976,0.09690342040308053,0,highway_0,0,994.8396668543544,1313.8396668543544,,1.0376370158195378
37.8,llm_1,1316.5326437461213,-11.899500000000002,26.929768917669364,25.935306248120195,ego_0,0.097535871569844,0.097535871569844,0.097535871569844,0.097535871569844,0.09657016987116407,0,highway_0,0,997.5326437461213,1316.5326437461213,,1.0323973835671545
37.9,llm_1,1319.226582924909,-11.899500000000002,26.939391787878574,26.038023688557768,ego_0,0.09719098911299529,0.09719098911299529,0.09719098911299529,0.09719098911299529,0.09622870209209822,0,highway_0,0,1000.226582924909,1319.226582924909,,1.0271744043760478
38.0,llm_1,1321.9214809000637,-11.899500000000002,26.948979751545423,26.140220558500868,ego_0,0.09683843303516149,0.09683843303516149,0.09683843303516149,0.09683843303516149,0.0958796366684922,0,highway_0,0,1002.9214809000637,1321.9214809000637,,1.0219686994311346
38.1,llm_1,1324.6173341107753,-11.899500000000002,26.958532107117065,26.24189864314162,ego_0,0.09647879127361658,0.09647879127361658,0.09647879127361658,0.09647879127361658,0.09552355571642579,0,highway_0,0,1005.6173341107753,1324.6173341107753,,1.0167808464074852
38.2,llm_1,1327.3141389315497,-11.899500000000002,26.96804820774314,26.343059781348256,ego_0,0.09611261632337403,0.09611261632337403,0.09611261632337403,0.09611261632337403,0.09516100626075996,0,highway_0,0,1008.3141389315497,1327.3141389315497,,1.0116113820671302
38.3,llm_1,1330.0118916773486,-11.899500000000002,26.977527457989385,26.443705861817488,ego_0,0.09574042748706496,0.09574042748706496,0.09574042748706496,0.09574042748706496,0.09479250246243964,0,highway_0,0,1011.0118916773486,1330.0118916773486,,1.0064608046908923
38.4,llm_1,1332.7105886084244,-11.899500000000002,26.986969310758568,26.54383881945314,ego_0,0.09536271296875304,0.09536271296875304,0.09536271296875304,0.09536271296875304,0.09441852769182191,0,highway_0,0,1013.7105886084244,1332.7105886084244,,1.0013295763566674
38.5,llm_1,1335.410225934865,-11.899500000000002,26.996373264404458,26.643460631960533,ego_0,0.0949799318234873,0.0949799318234873,0.0949799318234873,0.0949799318234873,0.09403953645890084,0,highway_0,0,1016.4102259348649,1335.410225934865,,0.996218125074865
38.6,llm_1,1338.1107998208674,-11.899500000000002,27.005738860025616,26.742573316639618,ego_0,0.09459251577369443,0.09459251577369443,0.09459251577369443,0.09459251577369443,0.09365595621158462,0,highway_0,0,1019.1107998208674,1338.1107998208674,,0.9911268467908307
38.7,llm_1,1340.8123063887601,-11.899500000000002,27.015065678926835,26.8411789273659,ego_0,0.09420087090230467,0.09420087090230467,0.09420087090230467,0.09420087090230467,0.09326818901218559,0,highway_0,0,1021.8123063887601,1340.8123063887601,,0.9860561072632663
38.8,llm_1,1343.5147417227838,-11.899500000000002,27.024353340236914,26.939279551748722,ego_0,0.09380537923181542,0.09380537923181542,0.09380537923181542,0.09380537923181542,0.09287661310079187,0,highway_0,0,1024.5147417227838,1343.5147417227838,,0.9810062438271032
38.9,llm_1,1346.218101872651,-11.899500000000002,27.03360149867234,27.03687730845372,ego_0,0.0934064001977919,0.0934064001977919,0.0934064001977919,0.0934064001977919,0.09248158435426035,0,highway_0,0,1027.218101872651,1346.218101872651,,0.9759775670485453
39.0,llm_1,1348.9223828568947,-11.899500000000002,27.042809842437137,27.1339743446817,ego_0,0.09300427202445122,0.09300427202445122,0.09300427202445122,0.09300427202445122,0.09208343764797178,0,highway_0,0,1029.9223828568947,1348.9223828568947,,0.970970362279516
39.1,llm_1,1351.6275806660196,-11.899500000000002,27.051978091249964,27.230572833793484,ego_0,0.09259931300954727,0.09259931300954727,0.09259931300954727,0.09259931300954727,0.09168248812827073,0,highway_0,0,1032.6275806660196,1351.6275806660196,,0.965984891118115
39.2,llm_1,1354.3336912654686,-11.899500000000002,27.061105994490067,27.326674973071658,ego_0,0.09219182272504134,0.09219182272504134,0.09219182272504134,0.09219182272504134,0.09127903240102597,0,highway_0,0,1035.3336912654686,1354.3336912654686,,0.9610213927813014
39.3,llm_1,1357.040710598414,-11.899500000000002,27.070193329454387,27.422282981611215,ego_0,0.09178208313960684,0.09178208313960684,0.09178208313960684,0.09178208313960684,0.09087334964320348,0,highway_0,0,1038.040710598414,1357.040710598414,,0.9560800853955236
39.4,llm_1,1359.748634588386,-11.899500000000002,27.079239899718598,27.51739909833209,ego_0,0.0913703596685268,0.0913703596685268,0.0913703596685268,0.0913703596685268,0.0904657026421063,0,highway_0,0,1040.748634588386,1359.748634588386,,0.9511611672106177
39.5,llm_1,1362.4574591417456,-11.899500000000002,27.088245533595444,27.612025580106273,ego_0,0.09095690215612812,0.09095690215612812,0.09095690215612812,0.09095690215612812,0.09005633876846275,0,highway_0,0,1043.4574591417456,1362.4574591417456,,0.9462648177418913
39.6,llm_1,1365.167180150014,-11.899500000000002,27.097210082684104,27.706164699990904,ego_0,0.09054194579546221,0.09054194579546221,0.09054194579546221,0.09054194579546221,0.08964549088659624,0,highway_0,0,1046.167180150014,1365.167180150014,,0.9413911988450288
39.7,llm_1,1367.8777934920645,-11.899500000000002,27.106133420504854,27.799818745563652,ego_0,0.09012571198957303,0.09012571198957303,0.09012571198957303,0.09012571198957303,0.08923337820750277,0,highway_0,0,1048.8777934920645,1367.8777934920645,,0.9365404557280499
39.8,llm_1,1370.5892950361858,-11.899500000000002,27.11501544121361,27.892990017354077,ego_0,0.08970840915842865,0.08970840915842865,0.08970840915842865,0.08970840915842865,0.0888202070875721,0,highway_0,0,1051.5892950361858,1370.5892950361858,,0.9317127179043219
39.9,llm_1,1373.301680642025,-11.899500000000002,27.12385605839136,27.985680827362966,ego_0,0.08929023349525955,0.08929023349525955,0.08929023349525955,0.08929023349525955,0.08840617177749976,0,highway_0,0,1054.301680642025,1373.301680642025,,0.9269081000903121
40.0,llm_1,1376.0149461624155,-11.899500000000002,27.132655203903802,28.077893497668082,ego_0,0.08887136967566783,0.08887136967566783,0.08887136967566783,0.08887136967566783,0.08799145512440987,0,highway_0,0,1057.0149461624155,1376.0149461624155,,0.9221267030515321
40.1,llm_1,1378.7290874450982,-11.899500000000002,27.14141282682685,28.169630359108123,ego_0,0.08845199152280853,0.08845199152280853,0.08845199152280853,0.08845199152280853,0.08757622923049269,0,highway_0,0,1059.7290874450982,1378.7290874450982,,0.9173686143998943
40.2,llm_1,1381.4441003343416,-11.899500000000002,27.15012889243393,28.260893750042623,ego_0,0.08803226263150593,0.08803226263150593,0.08803226263150593,0.08803226263150593,0.08716065607078605,0,highway_0,0,1062.4441003343416,1381.4441003343416,,0.912633909345459
40.3,llm_1,1384.1599806724657,-11.899500000000002,27.158803381241267,28.35168601518303,ego_0,0.08761233695410992,0.08761233695410992,0.08761233695410992,0.08761233695410992,0.086744888073369,0,highway_0,0,1065.1599806724657,1384.1599806724657,,0.9079226514053786
40.4,llm_1,1386.8767243012765,-11.899500000000002,27.167436288107663,28.442009504490397,ego_0,0.08719235935061959,0.08719235935061959,0.08719235935061959,0.08719235935061959,0.08632906866395729,0,highway_0,0,1067.8767243012765,1386.8767243012765,,0.9032348930726783
40.5,llm_1,1389.594327063415,-11.899500000000002,27.176027621385426,28.53186657213514,ego_0,0.08677246610543593,0.08677246610543593,0.08677246610543593,0.08677246610543593,0.08591333277763624,0,highway_0,0,1070.594327063415,1389.594327063415,,0.8985706764472141
40.6,llm_1,1392.312784803627,-11.899500000000002,27.18457740211937,28.621259575518206,ego_0,0.0863527854128559,0.0863527854128559,0.0863527854128559,0.0863527854128559,0.08549780733943635,0,highway_0,0,1073.312784803627,1392.312784803627,,0.8939300338312144
40.7,llm_1,1395.032093369956,-11.899500000000002,27.193085663291004,28.710190874347244,ego_0,0.08593343783350632,0.08593343783350632,0.08593343783350632,0.08593343783350632,0.08508261171634501,0,highway_0,0,1076.032093369956,1395.032093369956,,0.889312988291433
40.8,llm_1,1397.7522486148666,-11.899500000000002,27.201552449105204,28.798662829766226,ego_0,0.08551453672344334,0.08551453672344334,0.08551453672344334,0.08551453672344334,0.08466785814199795,0,highway_0,0,1078.7522486148666,1397.7522486148666,,0.8847195541899531
40.9,llm_1,1400.4732463962982,-11.899500000000002,27.209977814316865,28.886677803534848,ego_0,0.08509618863777169,0.08509618863777169,0.08509618863777169,0.08509618863777169,0.08425365211660818,0,highway_0,0,1081.4732463962982,1400.4732463962982,,0.8801497376854535
41.0,llm_1,1403.1950825786578,-11.899500000000002,27.218361823595117,28.974238157255467,ego_0,0.08467849371035002,0.08467849371035002,0.08467849371035002,0.08467849371035002,0.08384009278252336,0,highway_0,0,1084.1950825786578,1403.1950825786578,,0.8756035372067679
41.1,llm_1,1405.9177530337502,-11.899500000000002,27.226704550922957,29.0613462516455,ego_0,0.08426154601118335,0.08426154601118335,0.08426154601118335,0.08426154601118335,0.08342727327839583,0,highway_0,0,1086.9177530337502,1405.9177530337502,,0.8710809439002603
41.2,llm_1,1408.641253641653,-11.899500000000002,27.23500607903017,29.148004445850983,ego_0,0.08384543388285687,0.08384543388285687,0.08384543388285687,0.08384543388285687,0.08301528107214295,0,highway_0,0,1089.641253641653,1408.641253641653,,0.8665819420526262
41.3,llm_1,1411.365580291539,-11.899500000000002,27.24326649885763,29.234215096799925,ego_0,0.08343024025734413,0.08343024025734413,0.08343024025734413,0.08343024025734413,0.08260419827458065,0,highway_0,0,1092.365580291539,1411.365580291539,,0.8621065094905198
41.4,llm_1,1414.090728882444,-11.899500000000002,27.251485909051134,29.319980558595898,ego_0,0.08301604295441228,0.08301604295441228,0.08301604295441228,0.08301604295441228,0.08219410193504473,0,highway_0,0,1095.090728882444,1414.090728882444,,0.8576546179583282
41.5,llm_1,1416.8166953239922,-11.899500000000002,27.259664415483098,29.405303181943463,ego_0,0.08260291496283745,0.08260291496283745,0.08260291496283745,0.08260291496283745,0.08178506431963939,0,highway_0,0,1097.8166953239922,1416.8166953239922,,0.853226233475386
41.6,llm_1,1419.5434755370723,-11.899500000000002,27.26780213080046,29.49018531361089,ego_0,0.08219092470535028,0.08219092470535028,0.08219092470535028,0.08219092470535028,0.08137715317364069,0,highway_0,0,1100.5434755370723,1419.5434755370723,,0.8488213166738134
41.7,llm_1,1422.271065454472,-11.899500000000002,27.27589917399734,29.574629295922886,ego_0,0.08178013628850189,0.08178013628850189,0.08178013628850189,0.08178013628850189,0.08097043196880094,0,highway_0,0,1103.271065454472,1422.271065454472,,0.8444398231180408
41.8,llm_1,1424.999461021473,-11.899500000000002,27.28395567001103,29.65863746628356,ego_0,0.08137060973821786,0.08137060973821786,0.08137060973821786,0.08137060973821786,0.08056496013686854,0,highway_0,0,1105.999461021473,1424.999461021473,,0.8400817036070798
41.9,llm_1,1427.728658196407,-11.899500000000002,27.291971749339936,29.742212156729646,ego_0,0.08096240122196985,0.08096240122196985,0.08096240122196985,0.08096240122196985,0.08016079328907466,0,highway_0,0,1108.728658196407,1427.728658196407,,0.8357469044605601
42.0,llm_1,1430.4586529511753,-11.899500000000002,27.299947547682358,29.82535569350848,ego_0,0.08055556325845137,0.08055556325845137,0.08055556325845137,0.08055556325845137,0.0797579834242157,0,highway_0,0,1111.4586529511753,1430.4586529511753,,0.8314353677893713
42.1,llm_1,1433.1894412717347,-11.899500000000002,27.30788320559477,29.90807039668375,ego_0,0.08015014491535433,0.08015014491535433,0.08015014491535433,0.08015014491535433,0.07935657912412353,0,highway_0,0,1114.1894412717347,1433.1894412717347,,0.8271470317518421
42.2,llm_1,1435.9210191585516,-11.899500000000002,27.315778868168646,29.990358579763278,ego_0,0.0797461919961378,0.0797461919961378,0.0797461919961378,0.0797461919961378,0.07895662573876194,0,highway_0,0,1116.9210191585516,1435.9210191585516,,0.8228818307962129
42.3,llm_1,1438.653382627024,-11.899500000000002,27.323634684724713,30.072222549352272,ego_0,0.07934374721628001,0.07934374721628001,0.07934374721628001,0.07934374721628001,0.07855816556066486,0,highway_0,0,1119.653382627024,1438.653382627024,,0.818639695890198
42.4,llm_1,1441.3865277078764,-11.899500000000002,27.3314508085237,30.153664604826144,ego_0,0.0789428503698063,0.0789428503698063,0.0789428503698063,0.0789428503698063,0.07816123798988883,0,highway_0,0,1122.3865277078764,1441.3865277078764,,0.8144205547383407
42.5,llm_1,1444.1204504475256,-11.899500000000002,27.339227396492664,30.234687038024912,ego_0,0.07854353848652162,0.07854353848652162,0.07854353848652162,0.07854353848652162,0.0777658796896219,0,highway_0,0,1125.1204504475256,1444.1204504475256,,0.8102243319878184
42.6,llm_1,1446.8551469084223,-11.899500000000002,27.34696460896599,30.31529213296717,ego_0,0.07814584598058222,0.07814584598058222,0.07814584598058222,0.07814584598058222,0.07737212473326593,0,highway_0,0,1127.8551469084223,1446.8551469084223,,0.8060509494233798
42.7,llm_1,1449.5906131693664,-11.899500000000002,27.35466260944034,30.395482165582234,ego_0,0.07774980479091292,0.07774980479091292,0.07774980479091292,0.07774980479091292,0.07698000474348987,0,highway_0,0,1130.5906131693664,1449.5906131693664,,0.8019003261519622
42.8,llm_1,1452.3268453258006,-11.899500000000002,27.362321564342707,30.47525940346004,ego_0,0.07735544451391219,0.07735544451391219,0.07735544451391219,0.07735544451391219,0.07658954902368009,0,highway_0,0,1133.3268453258006,1452.3268453258006,,0.7977723787775552
42.9,llm_1,1455.0638394900816,-11.899500000000002,27.369941642810915,30.554626105616943,ego_0,0.07696279252890681,0.07696279252890681,0.07696279252890681,0.07696279252890681,0.07620078468207225,0,highway_0,0,1136.0638394900816,1455.0638394900816,,0.793667021566872
43.0,llm_1,1457.8015917917303,-11.899500000000002,27.377523016485842,30.63358452227744,ego_0,0.07657187411678001,0.07657187411678001,0.07657187411678001,0.07657187411678001,0.07581373674927505,0,highway_0,0,1138.8015917917303,1457.8015917917303,,0.7895841666062964
43.1,llm_1,1460.5400983776617,-11.899500000000002,27.385065859314768,30.712136894672494,ego_0,0.07618271257215753,0.07618271257215753,0.07618271257215753,0.07618271257215753,0.075428428289257,0,highway_0,0,1141.5400983776617,1460.5400983776617,,0.7855237239506003
43.2,llm_1,1463.2793554123982,-11.899500000000002,27.392570347365222,30.79028545484898,ego_0,0.0757953293095926,0.0757953293095926,0.0757953293095926,0.0757953293095926,0.07504488050454228,0,highway_0,0,1144.2793554123982,1463.2793554123982,,0.7814856017638547
43.3,llm_1,1466.019359078263,-11.899500000000002,27.40003665864878,30.868032425494402,ego_0,0.07540974396394956,0.07540974396394956,0.07540974396394956,0.07540974396394956,0.07466311283558014,0,highway_0,0,1147.019359078263,1466.019359078263,,0.7774697064529548
43.4,llm_1,1468.7601055755586,-11.899500000000002,27.40746497295427,30.945380019773847,ego_0,0.07502597448544351,0.07502597448544351,0.07502597448544351,0.07502597448544351,0.07428314305489181,0,highway_0,0,1149.7601055755586,1468.7601055755586,,0.7734759427941462
43.5,llm_1,1471.5015911227276,-11.899500000000002,27.414855471689872,31.02233044117902,ego_0,0.07464403722958535,0.07464403722958535,0.07464403722958535,0.07464403722958535,0.07390498735603046,0,highway_0,0,1152.5015911227276,1471.5015911227276,,0.7695042140529615
43.6,llm_1,1474.243811956501,-11.899500000000002,27.422208337733668,31.09888588338863,ego_0,0.07426394704234174,0.07426394704234174,0.07426394704234174,0.07426394704234174,0.07352866043795814,0,highway_0,0,1155.243811956501,1474.243811956501,,0.7655544220978854
43.7,llm_1,1476.9867643320304,-11.899500000000002,27.42952375529216,31.175048530139474,ego_0,0.07388571734076982,0.07388571734076982,0.07388571734076982,0.07388571734076982,0.07315417558491077,0,highway_0,0,1157.9867643320304,1476.9867643320304,,0.7616264675080586
43.8,llm_1,1479.730444523007,-11.899500000000002,27.436801909766352,31.250820555107065,ego_0,0.07350936018935861,0.07350936018935861,0.07350936018935861,0.07350936018935861,0.07278154474192888,0,highway_0,0,1160.730444523007,1479.730444523007,,0.7577202496753799
43.9,llm_1,1482.4748488217695,-11.899500000000002,27.444042987625,31.326204121797172,ego_0,0.07313488637233667,0.07313488637233667,0.07313488637233667,0.07313488637233667,0.07241077858648026,0,highway_0,0,1163.4748488217695,1482.4748488217695,,0.7538356669012778
44.0,llm_1,1485.2199735393979,-11.899500000000002,27.45124717628462,31.401201383446004,ego_0,0.07276230546219442,0.07276230546219442,0.07276230546219442,0.07276230546219442,0.07204188659621025,0,highway_0,0,1166.2199735393979,1485.2199735393979,,0.7499726164884635
44.1,llm_1,1487.9658150057974,-11.899500000000002,27.45841466399597,31.475814482928808,ego_0,0.07239162588461495,0.07239162588461495,0.07239162588461495,0.07239162588461495,0.07167487711349452,0,highway_0,0,1168.9658150057974,1487.9658150057974,,0.7461309948278192
44.2,llm_1,1490.712369569771,-11.899500000000002,27.46554563973656,31.550045552676874,ego_0,0.07202285497995259,0.07202285497995259,0.07202285497995259,0.07202285497995259,0.07130975740590628,0,highway_0,0,1171.712369569771,1490.712369569771,,0.7423106974808427
44.3,llm_1,1493.4596335990818,-11.899500000000002,27.47264029310899,31.623896714602733,ego_0,0.0716559990615579,0.0716559990615579,0.0716559990615579,0.0716559990615579,0.07094653372430315,0,highway_0,0,1174.4596335990818,1493.4596335990818,,0.7385116192577321
44.4,llm_1,1496.2076034805064,-11.899500000000002,27.47969881424474,31.697370080031714,ego_0,0.07129106347103731,0.07129106347103731,0.07129106347103731,0.07129106347103731,0.07058521135746787,0,highway_0,0,1177.2076034805064,1496.2076034805064,,0.7347336542914036
44.5,llm_1,1498.9562756198777,-11.899500000000002,27.48672139371312,31.770467749642375,ego_0,0.07092805263062951,0.07092805263062951,0.07092805263062951,0.07092805263062951,0.0702257946838003,0,highway_0,0,1179.9562756198777,1498.9562756198777,,0.7309766961076605
44.6,llm_1,1501.7056464421212,-11.899500000000002,27.493708222435192,31.843191813411703,ego_0,0.07056697009291946,0.07056697009291946,0.07056697009291946,0.07056697009291946,0.06986828722073568,0,highway_0,0,1182.7056464421212,1501.7056464421212,,0.7272406376916578
44.7,llm_1,1504.4557123912814,-11.899500000000002,27.500659491602313,31.915544350566915,ego_0,0.07020781858792347,0.07020781858792347,0.07020781858792347,0.07020781858792347,0.0695126916712141,0,highway_0,0,1185.4557123912814,1504.4557123912814,,0.7235253715509273
44.8,llm_1,1507.2064699305413,-11.899500000000002,27.507575392599122,31.987527429544524,ego_0,0.06985060006777177,0.06985060006777177,0.06985060006777177,0.06985060006777177,0.06915900996808944,0,highway_0,0,1188.2064699305413,1507.2064699305413,,0.7198307897750631
44.9,llm_1,1509.9579155422343,-11.899500000000002,27.514456116930717,32.059143107953744,ego_0,0.06949531574911177,0.06949531574911177,0.06949531574911177,0.06949531574911177,0.06880724331594479,0,highway_0,0,1190.9579155422343,1509.9579155422343,,0.7161567840922842
45.0,llm_1,1512.7100457278498,-11.899500000000002,27.521301856153816,32.130393432546,ego_0,0.0691419661533042,0.0691419661533042,0.0691419661533042,0.0691419661533042,0.06845739223098946,0,highway_0,0,1193.7100457278498,1512.7100457278498,,0.7125032459230383
45.1,llm_1,1515.462857008031,-11.899500000000002,27.528112801811698,32.201280439189034,ego_0,0.06879055114459348,0.06879055114459348,0.06879055114459348,0.06879055114459348,0.06810945657882428,0,highway_0,0,1196.462857008031,1515.462857008031,,0.7088700664307446
45.2,llm_1,1518.2163459225683,-11.899500000000002,27.53488914537272,32.27180615284597,ego_0,0.06844106996629579,0.06844106996629579,0.06844106996629579,0.06844106996629579,0.06776343561021747,0,highway_0,0,1199.2163459225683,1518.2163459225683,,0.7052571365699016
45.3,llm_1,1520.9705090303855,-11.899500000000002,27.541631078172244,32.34197258755917,ego_0,0.06809352127517232,0.06809352127517232,0.06809352127517232,0.06809352127517232,0.06741932799524619,0,highway_0,0,1201.9705090303855,1520.9705090303855,,0.7016643471316009
45.4,llm_1,1523.7253429095213,-11.899500000000002,27.548338791357793,32.41178174643797,ego_0,0.06774790317403251,0.06774790317403251,0.06774790317403251,0.06774790317403251,0.06707713185548414,0,highway_0,0,1204.7253429095213,1523.7253429095213,,0.6980915887866601
45.5,llm_1,1526.480844157105,-11.899500000000002,27.55501247583727,32.4812356216507,ego_0,0.06740421324269658,0.06740421324269658,0.06740421324269658,0.06740421324269658,0.06673684479476805,0,highway_0,0,1207.480844157105,1526.480844157105,,0.6945387521264301
45.6,llm_1,1529.237009389328,-11.899500000000002,27.561652322230078,32.55033619442084,ego_0,0.06706244856737115,0.06706244856737115,0.06706244856737115,0.06706244856737115,0.06639846392808124,0,highway_0,0,1210.237009389328,1529.237009389328,,0.6910057277014516
45.7,llm_1,1531.9938352414101,-11.899500000000002,27.568258520821026,32.61908543502655,ego_0,0.06672260576857086,0.06672260576857086,0.06672260576857086,0.06672260576857086,0.06606198590947798,0,highway_0,0,1212.9938352414101,1531.9938352414101,,0.6874924060580092
45.8,llm_1,1534.751318367562,-11.899500000000002,27.574831261516827,32.68748530280364,ego_0,0.06638468102760198,0.06638468102760198,0.06638468102760198,0.06638468102760198,0.06572740695801826,0,highway_0,0,1215.751318367562,1534.751318367562,,0.6839986777727418
45.9,llm_1,1537.5094554409425,-11.899500000000002,27.58137073380512,32.75553774615214,ego_0,0.0660486701117261,0.0660486701117261,0.0660486701117261,0.0660486701117261,0.06539472288292103,0,highway_0,0,1218.5094554409425,1537.5094554409425,,0.6805244334853562
46.0,llm_1,1540.268243153614,-11.899500000000002,27.587877126715817,32.82324470254498,ego_0,0.0657145683980519,0.0657145683980519,0.0657145683980519,0.0657145683980519,0.06506392910697656,0,highway_0,0,1221.268243153614,1540.268243153614,,0.6770695639295994
46.1,llm_1,1543.0276782164926,-11.899500000000002,27.59435062878475,32.890608098541136,ego_0,0.06538237089622317,0.06538237089622317,0.06538237089622317,0.06538237089622317,0.06473502068931936,0,highway_0,0,1224.0276782164926,1543.0276782164926,,0.6736339599625012
46.2,llm_1,1545.7877573592946,-11.899500000000002,27.6007914280194,32.957629849800426,ego_0,0.06505207226998228,0.06505207226998228,0.06505207226998228,0.06505207226998228,0.06440799234649575,0,highway_0,0,1226.7877573592946,1545.7877573592946,,0.6702175125920427
46.3,llm_1,1548.5484773304813,-11.899500000000002,27.607199711866688,33.02431186110057,ego_0,0.06472366685764364,0.06472366685764364,0.06472366685764364,0.06472366685764364,0.06408283847289198,0,highway_0,0,1229.5484773304813,1548.5484773304813,,0.6668201130032685
46.4,llm_1,1551.3098348971996,-11.899500000000002,27.61357566718268,33.090656026358786,ego_0,0.06439714869152313,0.06439714869152313,0.06439714869152313,0.06439714869152313,0.06375955315991888,0,highway_0,0,1232.3098348971996,1551.3098348971996,,0.6634416525829749
46.5,llm_1,1554.0718268452201,-11.899500000000002,27.61991948020411,33.15666422865293,ego_0,0.06407251151645205,0.06407251151645205,0.06407251151645205,0.06407251151645205,0.06343813021430833,0,highway_0,0,1235.0718268452201,1554.0718268452201,,0.6600820229430227
46.6,llm_1,1556.8344499788723,-11.899500000000002,27.626231336521666,33.22233834024719,ego_0,0.0637497488073086,0.0637497488073086,0.0637497488073086,0.0637497488073086,0.06311856317555709,0,highway_0,0,1237.8344499788723,1556.8344499788723,,0.6567411159423067
46.7,llm_1,1559.5977011209777,-11.899500000000002,27.632511421054907,33.28768022261802,ego_0,0.06342885378571411,0.06342885378571411,0.06342885378571411,0.06342885378571411,0.06280084533241137,0,highway_0,0,1240.5977011209777,1559.5977011209777,,0.6534188237074972
46.8,llm_1,1562.3615771127807,-11.899500000000002,27.638759918028754,33.35269172648323,ego_0,0.0631098194358598,0.0631098194358598,0.0631098194358598,0.0631098194358598,0.06248496973846329,0,highway_0,0,1243.3615771127807,1562.3615771127807,,0.6501150386526078
46.9,llm_1,1565.126074813876,-11.899500000000002,27.644977010951486,33.417374691832904,ego_0,0.06279263851958483,0.06279263851958483,0.06279263851958483,0.06279263851958483,0.062170929227320926,0,highway_0,0,1246.126074813876,1565.126074813876,,0.6468296534973987
47.0,llm_1,1567.8911911021353,-11.899500000000002,27.65116288259413,33.48173094796148,ego_0,0.062477303590681765,0.062477303590681765,0.062477303590681765,0.062477303590681765,0.06185871642642837,0,highway_0,0,1248.8911911021353,1567.8911911021353,,0.6435625612847602
47.1,llm_1,1570.6569228736323,-11.899500000000002,27.657317714971207,33.545762313501385,ego_0,0.062163807008504546,0.062163807008504546,0.062163807008504546,0.062163807008504546,0.061548323770779234,0,highway_0,0,1251.6569228736323,1570.6569228736323,,0.6403136553970299
47.2,llm_1,1573.4232670425645,-11.899500000000002,27.663441689322777,33.609470596458735,ego_0,0.0618521409508751,0.0618521409508751,0.0618521409508751,0.0618521409508751,0.06123974351570638,0,highway_0,0,1254.4232670425645,1573.4232670425645,,0.6370828295713551
47.3,llm_1,1576.1902205411743,-11.899500000000002,27.669534986097666,33.672857594250175,ego_0,0.06154229742637046,0.06154229742637046,0.06154229742637046,0.06154229742637046,0.06093296774889012,0,highway_0,0,1257.1902205411743,1576.1902205411743,,0.6338699779141379
47.4,llm_1,1578.957780319668,-11.899500000000002,27.675597784937864,33.735925093741756,ego_0,0.06123426828599027,0.06123426828599027,0.06123426828599027,0.06123426828599027,0.060627988401975585,0,highway_0,0,1259.957780319668,1578.957780319668,,0.6306749949146031
47.5,llm_1,1581.7259433461345,-11.899500000000002,27.68163026466403,33.79867487128736,ego_0,0.06092804523426654,0.06092804523426654,0.06092804523426654,0.06092804523426654,0.06032479726165718,0,highway_0,0,1262.7259433461345,1581.7259433461345,,0.627497775457531
47.6,llm_1,1584.4947066064608,-11.899500000000002,27.687632603262028,33.86110869277077,ego_0,0.060623619839778486,0.060623619839778486,0.060623619839778486,0.060623619839778486,0.06002338597998147,0,highway_0,0,1265.4947066064608,1584.4947066064608,,0.6243382148351699
47.7,llm_1,1587.264067104248,-11.899500000000002,27.693604977870464,33.92322831364659,ego_0,0.06032098354518667,0.06032098354518667,0.06032098354518667,0.06032098354518667,0.059723746084365814,0,highway_0,0,1268.264067104248,1587.264067104248,,0.6211962087584411
47.8,llm_1,1590.0340218607248,-11.899500000000002,27.69954756476915,33.98503547898345,ego_0,0.06002012767674614,0.06002012767674614,0.06002012767674614,0.06002012767674614,0.05942586898687097,0,highway_0,0,1271.0340218607248,1590.0340218607248,,0.6180716533673802
47.9,llm_1,1592.8045679146617,-11.899500000000002,27.705460539368495,34.04653192350743,ego_0,0.05972104345334567,0.05972104345334567,0.05972104345334567,0.05972104345334567,0.05912974599343812,0,highway_0,0,1273.8045679146617,1592.8045679146617,,0.614964445240922
48.0,llm_1,1595.5757023222816,-11.899500000000002,27.711344076199694,34.107719371648,ego_0,0.05942372199509971,0.05942372199509971,0.05942372199509971,0.05942372199509971,0.0588353683119891,0,highway_0,0,1276.5757023222816,1595.5757023222816,,0.6118744814060193
48.1,llm_1,1598.347422157172,-11.899500000000002,27.717198348905786,34.16859953758258,ego_0,0.05912815433153629,0.05912815433153629,0.05912815433153629,0.05912815433153629,0.05854272706091734,0,highway_0,0,1279.347422157172,1598.347422157172,,0.608801659346156
48.2,llm_1,1601.1197245101955,-11.899500000000002,27.723023530233444,34.229174125283365,ego_0,0.058834331409336804,0.058834331409336804,0.058834331409336804,0.058834331409336804,0.05825181327658413,0,highway_0,0,1282.1197245101955,1601.1197245101955,,0.6057458770092587
48.3,llm_1,1603.892606489398,-11.899500000000002,27.728819792025497,34.28944482856487,ego_0,0.05854224409971526,0.05854224409971526,0.05854224409971526,0.05854224409971526,0.05796261792053059,0,highway_0,0,1284.892606489398,1603.892606489398,,0.6027070328150508
48.4,llm_1,1606.6660652199196,-11.899500000000002,27.734587305214152,34.349413331130975,ego_0,0.0582518832054284,0.0582518832054284,0.0582518832054284,0.0582518832054284,0.057675131886547604,0,highway_0,0,1287.6660652199196,1606.6660652199196,,0.5996850256618842
48.5,llm_1,1609.440097843901,-11.899500000000002,27.740326239814888,34.40908130662429,ego_0,0.05796323946741794,0.05796323946741794,0.05796323946741794,0.05796323946741794,0.0573893460073549,0,highway_0,0,1290.440097843901,1609.440097843901,,0.5966797549330458
48.6,llm_1,1612.214701520393,-11.899500000000002,27.74603676492094,34.46845041867455,ego_0,0.05767630357114445,0.05767630357114445,0.05767630357114445,0.05767630357114445,0.0571052510605341,0,highway_0,0,1293.214701520393,1612.214701520393,,0.593691120502605
48.7,llm_1,1614.9898734252629,-11.899500000000002,27.751719048698426,34.52752232094845,ego_0,0.057391066152582104,0.057391066152582104,0.057391066152582104,0.057391066152582104,0.05682283777485253,0,highway_0,0,1295.9898734252629,1614.9898734252629,,0.590719022740771
48.8,llm_1,1617.7656107511011,-11.899500000000002,27.757373258381982,34.58629865720032,ego_0,0.057107517803919594,0.057107517803919594,0.057107517803919594,0.057107517803919594,0.05654209683555678,0,highway_0,0,1298.7656107511011,1617.7656107511011,,0.5877633625188494
48.9,llm_1,1620.5419107071282,-11.899500000000002,27.76299956027099,34.644781061321694,ego_0,0.05682564907899207,0.05682564907899207,0.05682564907899207,0.05682564907899207,0.05626301889009255,0,highway_0,0,1301.5419107071282,1620.5419107071282,,0.58482404121375
49.0,llm_1,1623.3187705191008,-11.899500000000002,27.768598119726278,34.70297115739295,ego_0,0.05654545049839521,0.05654545049839521,0.05654545049839521,0.05654545049839521,0.055985594552865336,0,highway_0,0,1304.3187705191008,1623.3187705191008,,0.5819009607121224
49.1,llm_1,1626.0961874292175,-11.899500000000002,27.774169101167306,34.76087055973444,ego_0,0.0562669125543836,0.0562669125543836,0.0562669125543836,0.0562669125543836,0.05570981441028522,0,highway_0,0,1307.0961874292175,1626.0961874292175,,0.5789940234141078
49.2,llm_1,1628.8741586960246,-11.899500000000002,27.77971266806983,34.81848087295812,ego_0,0.055990025715498826,0.055990025715498826,0.055990025715498826,0.055990025715498826,0.05543566902524333,0,highway_0,0,1309.8741586960246,1628.8741586960246,,0.5761031322367351
49.3,llm_1,1631.652681594321,-11.899500000000002,27.785228982963982,34.87580369201983,ego_0,0.05571478043096323,0.05571478043096323,0.05571478043096323,0.05571478043096323,0.05516314894151719,0,highway_0,0,1312.652681594321,1631.652681594321,,0.5732281906169803
49.4,llm_1,1634.4317534150641,-11.899500000000002,27.790718207432782,34.93284060227138,ego_0,0.055441167134862246,0.055441167134862246,0.055441167134862246,0.055441167134862246,0.05489224468799847,0,highway_0,0,1315.4317534150641,1634.4317534150641,,0.5703691025144799
49.5,llm_1,1637.2113714652753,-11.899500000000002,27.79618050211101,34.989593179512624,ego_0,0.05516917625008949,0.05516917625008949,0.05516917625008949,0.05516917625008949,0.05462294678228119,0,highway_0,0,1318.2113714652753,1637.2113714652753,,0.5675257724139797
49.6,llm_1,1639.9915330679437,-11.899500000000002,27.801616026684485,35.04606299004554,ego_0,0.05489879819209886,0.05489879819209886,0.05489879819209886,0.05489879819209886,0.05435524573474737,0,highway_0,0,1320.9915330679437,1639.9915330679437,,0.5646981053274587
49.7,llm_1,1642.7722355619326,-11.899500000000002,27.807024939889683,35.1022515907252,ego_0,0.05463002337249684,0.05463002337249684,0.05463002337249684,0.05463002337249684,0.05408913205197763,0,highway_0,0,1323.7722355619326,1642.7722355619326,,0.5618860067959766
49.8,llm_1,1645.5534763018838,-11.899500000000002,27.81240739951368,35.158160529014324,ego_0,0.05436284220236298,0.05436284220236298,0.05436284220236298,0.05436284220236298,0.053824596239984146,0,highway_0,0,1326.5534763018838,1645.5534763018838,,0.5590893828912797
49.9,llm_1,1648.3352526581232,-11.899500000000002,27.817763562394422,35.21379134303625,ego_0,0.05409724509549363,0.05409724509549363,0.05409724509549363,0.05409724509549363,0.05356162880740811,0,highway_0,0,1329.3352526581232,1648.3352526581232,,0.5563081402171441
50.0,llm_1,1651.1175620165652,-11.899500000000002,27.823093584421294,35.26914556162747,ego_0,0.05383322247142874,0.05383322247142874,0.05383322247142874,0.05383322247142874,0.05330022026871717,0,highway_0,0,1332.1175620165652,1651.1175620165652,,0.5535421859104588
50.1,llm_1,1653.9004017786187,-11.899500000000002,27.828397620535974,35.32422470439174,ego_0,0.053570764758293365,0.053570764758293365,0.053570764758293365,0.053570764758293365,0.05304036114679889,0,highway_0,0,1334.9004017786187,1653.9004017786187,,0.5507914276421175
50.2,llm_1,1656.6837693610921,-11.899500000000002,27.83367582473355,35.379030281753515,ego_0,0.05330986239554297,0.05330986239554297,0.05330986239554297,0.05330986239554297,0.05278204197576741,0,highway_0,0,1337.6837693610921,1656.6837693610921,,0.5480557736176728
50.3,llm_1,1659.4676621960984,-11.899500000000002,27.838928350063902,35.43356379501138,ego_0,0.05305050583653065,0.05305050583653065,0.05305050583653065,0.05305050583653065,0.052525253303521424,0,highway_0,0,1340.4676621960984,1659.4676621960984,,0.5453351325778044
50.4,llm_1,1662.2520777309617,-11.899500000000002,27.844155348633304,35.487826736391256,ego_0,0.052792685550948126,0.052792685550948126,0.052792685550948126,0.052792685550948126,0.05226998569401786,0,highway_0,0,1343.2520777309617,1662.2520777309617,,0.5426294137985863
50.5,llm_1,1665.0370134281222,-11.899500000000002,27.849356971606287,35.54182058910051,ego_0,0.052536392027121404,0.052536392027121404,0.052536392027121404,0.052536392027121404,0.05201622972982989,0,highway_0,0,1346.0370134281222,1665.0370134281222,,0.5399385270915431
50.6,llm_1,1667.822466765043,-11.899500000000002,27.854533369207694,35.59554682738094,ego_0,0.052281615774194434,0.052281615774194434,0.052281615774194434,0.052281615774194434,0.05176397601406535,0,highway_0,0,1348.822466765043,1667.822466765043,,0.5372623828035827
50.7,llm_1,1670.6084352341154,-11.899500000000002,27.85968469072494,35.64900691656267,ego_0,0.05202834732418099,0.05202834732418099,0.05202834732418099,0.05202834732418099,0.05151321517246288,0,highway_0,0,1351.6084352341154,1670.6084352341154,,0.5346008918167229
50.8,llm_1,1673.3949163425664,-11.899500000000002,27.864811084510478,35.70220231311755,ego_0,0.051776577233920484,0.051776577233920484,0.051776577233920484,0.051776577233920484,0.051263937855381414,0,highway_0,0,1354.3949163425664,1673.3949163425664,,0.5319539655476753
50.9,llm_1,1676.1819076123647,-11.899500000000002,27.86991269798443,35.75513446471241,ego_0,0.05152629608690623,0.05152629608690623,0.05152629608690623,0.05152629608690623,0.0510161347395055,0,highway_0,0,1357.1819076123647,1676.1819076123647,,0.5293215159472879
51.0,llm_1,1678.9694065801284,-11.899500000000002,27.8749896776374,35.80780481026245,ego_0,0.05127749449502228,0.05127749449502228,0.05127749449502228,0.05127749449502228,0.05076979652972824,0,highway_0,0,1359.9694065801284,1678.9694065801284,,0.526703455499824
51.1,llm_1,1681.7574107970318,-11.899500000000002,27.88004216903346,35.8602147799847,ego_0,0.051030163100168446,0.051030163100168446,0.051030163100168446,0.051030163100168446,0.05052491396057235,0,highway_0,0,1362.7574107970318,1681.7574107970318,,0.5240996972221268
51.2,llm_1,1684.545917828713,-11.899500000000002,27.88507031681324,35.91236579545098,ego_0,0.050784292575808465,0.050784292575808465,0.050784292575808465,0.050784292575808465,0.050281477797824436,0,highway_0,0,1365.545917828713,1684.545917828713,,0.5215101546626713
51.3,llm_1,1687.3349252551827,-11.899500000000002,27.890074264697244,35.96425926964112,ego_0,0.050539873628425935,0.050539873628425935,0.050539873628425935,0.050539873628425935,0.05003947884002713,0,highway_0,0,1368.3349252551827,1687.3349252551827,,0.5189347419004484
51.4,llm_1,1690.1244306707317,-11.899500000000002,27.895054155489213,36.01589660699547,ego_0,0.05029689699887646,0.05029689699887646,0.05029689699887646,0.05029689699887646,0.049798907919687,0,highway_0,0,1371.1244306707317,1690.1244306707317,,0.5163733735437788
51.5,llm_1,1692.9144316838397,-11.899500000000002,27.900010131079675,36.067279203468345,ego_0,0.050055353463669794,0.050055353463669794,0.050055353463669794,0.050055353463669794,0.04955975590462458,0,highway_0,0,1373.9144316838397,1692.9144316838397,,0.513825964729012
51.6,llm_1,1695.7049259170847,-11.899500000000002,27.904942332449597,36.11840844658032,ego_0,0.04981523383619196,0.04981523383619196,0.04981523383619196,0.04981523383619196,0.04932201369921785,0,highway_0,0,1376.7049259170847,1695.7049259170847,,0.5112924311190987
51.7,llm_1,1698.495911007052,-11.899500000000002,27.909850899674133,36.169285715470735,ego_0,0.04957652896781889,0.04957652896781889,0.04957652896781889,0.04957652896781889,0.04908567224536142,0,highway_0,0,1379.495911007052,1698.495911007052,,0.5087726889021091
51.8,llm_1,1701.2873846042446,-11.899500000000002,27.914735971926508,36.21991238094979,ego_0,0.04933922974899141,0.04933922974899141,0.04933922974899141,0.04933922974899141,0.04885072252374556,0,highway_0,0,1382.2873846042446,1701.2873846042446,,0.5062666547896164
51.9,llm_1,1704.0793443729929,-11.899500000000002,27.919597687481975,36.270289805551286,ego_0,0.04910332711019094,0.04910332711019094,0.04910332711019094,0.04910332711019094,0.048617155554673275,0,highway_0,0,1385.0793443729929,1704.0793443729929,,0.5037742460150163
52.0,llm_1,1706.871787991365,-11.899500000000002,27.924436183721866,36.320419343584675,ego_0,0.048868812022880515,0.048868812022880515,0.048868812022880515,0.048868812022880515,0.04838496239891299,0,highway_0,0,1387.871787991365,1706.871787991365,,0.5012953803317899
52.1,llm_1,1709.6647131510788,-11.899500000000002,27.929251597137746,36.37030234118579,ego_0,0.04863567550038872,0.04863567550038872,0.04863567550038872,0.04863567550038872,0.04815413415879988,0,highway_0,0,1390.6647131510788,1709.6647131510788,,0.49882997601163837
52.2,llm_1,1712.4581175574124,-11.899500000000002,27.934044063335637,36.42162375709172,ego_0,0.048403908598681544,0.048403908598681544,0.048403908598681544,0.048403908598681544,0.047924661978910876,0,highway_0,0,1393.4581175574124,1712.4581175574124,,0.5132141590597108
52.3,llm_1,1715.2520764549683,-11.899500000000002,27.939588975559037,36.47428678373872,ego_0,0.056003613456302004,0.056003613456302004,0.056003613456302004,0.056003613456302004,0.055449122233994785,0,highway_0,0,1396.2520764549683,1715.2520764549683,,0.5266302664715923
52.4,llm_1,1718.0466599653062,-11.899500000000002,27.945835103378997,36.52819993615067,ego_0,0.06308589098162276,0.06308589098162276,0.06308589098162276,0.06308589098162276,0.062461278199599235,0,highway_0,0,1399.0466599653062,1718.0466599653062,,0.5391315241185239
52.5,llm_1,1720.8419334332982,-11.899500000000002,27.9527346799204,36.58327670472745,ego_0,0.06968572306816395,0.06968572306816395,0.06968572306816395,0.06968572306816395,0.06899576541403718,0,highway_0,0,1401.8419334332982,1720.8419334332982,,0.5507676857682995
52.6,llm_1,1723.6379577449798,-11.899500000000002,27.960243116815573,36.639435236520015,ego_0,0.0758352126412204,0.0758352126412204,0.0758352126412204,0.0758352126412204,0.0750843689517211,0,highway_0,0,1404.6379577449798,1723.6379577449798,,0.5615853179245285
52.7,llm_1,1726.4347896197178,-11.899500000000002,27.968318747379584,36.696598042165036,ego_0,0.0815638686964919,0.0815638686964919,0.0815638686964919,0.0815638686964919,0.08075630564011504,0,highway_0,0,1407.4347896197178,1726.4347896197178,,0.5716280564509262
52.8,llm_1,1729.2324818791956,-11.899500000000002,27.976922594778,36.75469172598601,ego_0,0.08689885872399289,0.08689885872399289,0.08689885872399289,0.08689885872399289,0.08603847398415354,0,highway_0,0,1410.2324818791956,1729.2324818791956,,0.5809368382098228
52.9,llm_1,1732.0310836954332,-11.899500000000002,27.9860181623749,36.81364673703861,ego_0,0.09186523272870911,0.09186523272870911,0.09186523272870911,0.09186523272870911,0.09095567596901333,0,highway_0,0,1413.0310836954332,1732.0310836954332,,0.5895501105269396
53.0,llm_1,1734.8306408198137,-11.899500000000002,27.995571243806,36.87339713913248,ego_0,0.09648612245410071,0.09648612245410071,0.09648612245410071,0.09648612245410071,0.09553081431100452,0,highway_0,0,1415.8306408198137,1734.8306408198137,,0.5975040209375884
53.1,llm_1,1737.6311957948765,-11.899500000000002,28.00554975062831,36.93388039806878,ego_0,0.1007829189053358,0.1007829189053358,0.1007829189053358,0.1007829189053358,0.09978506822310607,0,highway_0,0,1418.6311957948765,1737.6311957948765,,0.6048325893627045
53.2,llm_1,1740.4327881504425,-11.899500000000002,28.015923555661843,36.99503718452884,ego_0,0.10477543083864493,0.10477543083864493,0.10477543083864493,0.10477543083864493,0.10373805033530914,0,highway_0,0,1421.4327881504425,1740.4327881504425,,0.6115678645991878
53.3,llm_1,1743.2354545854791,-11.899500000000002,28.02666435036668,37.056811191207046,ego_0,0.10848202651885519,0.10848202651885519,0.10848202651885519,0.10848202651885519,0.10740794704837242,0,highway_0,0,1424.2354545854791,1743.2354545854791,,0.6177400667810851
53.4,llm_1,1746.0392291369587,-11.899500000000002,28.03774551479612,37.11914896293406,ego_0,0.11191976073734788,0.11191976073734788,0.11191976073734788,0.11191976073734788,0.11081164429441515,0,highway_0,0,1427.0392291369587,1746.0392291369587,,0.6233777172709019
53.5,llm_1,1748.8441433368425,-11.899500000000002,28.0491419988376,37.18199973866099,ego_0,0.11510448881895557,0.11510448881895557,0.11510448881895557,0.11510448881895557,0.11396484041480193,0,highway_0,0,1429.8441433368425,1748.8441433368425,,0.6285077572691584
53.6,llm_1,1751.6502263582026,-11.899500000000002,28.060830213602046,37.245315304289264,ego_0,0.11805096912086938,0.11805096912086938,0.11805096912086938,0.11805096912086938,0.11688214764443927,0,highway_0,0,1432.6502263582026,1751.6502263582026,,0.6331556562815273
53.7,llm_1,1754.4575051513978,-11.899500000000002,28.072787931951908,37.30904985543471,ego_0,0.12077295533358245,0.12077295533358245,0.12077295533358245,0.12077295533358245,0.11957718349862034,0,highway_0,0,1435.4575051513978,1754.4575051513978,,0.6373455114531517
53.8,llm_1,1757.266004571125,-11.899500000000002,28.08499419727153,37.37315986930135,ego_0,0.12328327972819475,0.12328327972819475,0.12328327972819475,0.12328327972819475,0.122062653196231,0,highway_0,0,1438.266004571125,1757.266004571125,,0.6411001386664701
53.9,llm_1,1760.0757474950933,-11.899500000000002,28.09742923968259,1000.0,,0.12559392835169186,0.12559392835169186,0.12559392835169186,0.12559392835169186,0.12435042411059527,0,highway_0,0,1441.0757474950933,1760.0757474950933,,-1029.0974292396827
54.0,llm_1,1762.2783064360249,-11.899500000000002,22.025589409315426,1000.0,,-61.32558228670833,-61.32558228670833,-61.32558228670833,-61.32558228670833,-60.71839830367164,0,highway_0,0,1443.2783064360249,1762.2783064360249,,-1023.0255894093154
54.1,llm_1,1764.2577487361766,-11.899500000000002,19.794423001516943,1000.0,,-22.534780718764676,-22.534780718764676,-22.534780718764676,-22.534780718764676,-22.31166407798483,0,highway_0,0,1445.2577487361766,1764.2577487361766,,-1020.794423001517
54.2,llm_1,1766.0950897775617,-11.899500000000002,18.37341041385218,1000.0,,-14.35222713541412,-14.35222713541412,-14.35222713541412,-14.35222713541412,-14.210125876647623,0,highway_0,0,1447.0950897775617,1766.0950897775617,,-1019.3734104138522
54.3,llm_1,1767.8294983945234,-11.899500000000002,17.344086169617302,1000.0,,-10.39617486677228,-10.39617486677228,-10.39617486677228,-10.39617486677228,-10.293242442348784,0,highway_0,0,1448.8294983945234,1767.8294983945234,,-1018.3440861696173
54.4,llm_1,1769.4842128896478,-11.899500000000002,16.54714495124385,1000.0,,-8.049106305571838,-8.049106305571838,-8.049106305571838,-8.049106305571838,-7.969412183734512,0,highway_0,0,1450.4842128896478,1769.4842128896478,,-1017.5471449512438
54.5,llm_1,1771.0745998360887,-11.899500000000002,15.903869464410011,1000.0,,-6.497082417021787,-6.497082417021787,-6.497082417021787,-6.497082417021787,-6.4327548683383995,0,highway_0,0,1452.0745998360887,1771.0745998360887,,-1016.90386946441
54.6,llm_1,1772.6115460549709,-11.899500000000002,15.369462188820124,1000.0,,-5.397513483457856,-5.397513483457856,-5.397513483457856,-5.397513483457856,-5.344072755898868,0,highway_0,0,1453.6115460549709,1772.6115460549709,,-1016.3694621888201
54.7,llm_1,1774.1031456775702,-11.899500000000002,14.915996225992703,1000.0,,-4.580006224556952,-4.580006224556952,-4.580006224556952,-4.580006224556952,-4.534659628274209,0,highway_0,0,1455.1031456775702,1774.1031456775702,,-1015.9159962259927
54.8,llm_1,1775.5556359536452,-11.899500000000002,14.52490276074886,1000.0,,-3.9500439989628147,-3.9500439989628147,-3.9500439989628147,-3.9500439989628147,-3.9109346524384314,0,highway_0,0,1456.5556359536452,1775.5556359536452,,-1015.5249027607489
54.9,llm_1,1776.9739583857317,-11.899500000000002,14.18322432086653,1000.0,,-3.4509522428115194,-3.4509522428115194,-3.4509522428115194,-3.4509522428115194,-3.416784398823296,0,highway_0,0,1457.9739583857317,1776.9739583857317,,-1015.1832243208665
55.0,llm_1,1778.362115574842,-11.899500000000002,13.88157189110215,1000.0,,-3.046689540620245,-3.046689540620245,-3.046689540620245,-3.046689540620245,-3.0165242976438122,0,highway_0,0,1459.362115574842,1778.362115574842,,-1014.8815718911021
55.1,llm_1,1779.7234088689881,-11.899500000000002,13.612932941461226,1000.0,,-2.713253391373328,-2.713253391373328,-2.713253391373328,-2.713253391373328,-2.686389496409234,0,highway_0,0,1460.7234088689881,1779.7234088689881,,-1014.6129329414613
55.2,llm_1,1781.0606026420273,-11.899500000000002,13.371937730391629,1000.0,,-2.4340516318029373,-2.4340516318029373,-2.4340516318029373,-2.4340516318029373,-2.409952110695972,0,highway_0,0,1462.0606026420273,1781.0606026420273,,-1014.3719377303917
55.3,llm_1,1782.3760414072735,-11.899500000000002,13.154387652463038,1000.0,,-2.1972557870787646,-2.1972557870787646,-2.1972557870787646,-2.1972557870787646,-2.1755007792859082,0,highway_0,0,1463.3760414072735,1782.3760414072735,,-1014.154387652463
55.4,llm_1,1783.6717354993928,-11.899500000000002,12.956940921191649,1000.0,,-1.9942119858410288,-1.9942119858410288,-1.9942119858410288,-1.9942119858410288,-1.9744673127138945,0,highway_0,0,1464.6717354993928,1783.6717354993928,,-1013.9569409211916
55.5,llm_1,1784.9494251630872,-11.899500000000002,12.776896636945223,1000.0,,-1.818447270888906,-1.818447270888906,-1.818447270888906,-1.818447270888906,-1.8004428424642605,0,highway_0,0,1465.9494251630872,1784.9494251630872,,-1013.7768966369453
55.6,llm_1,1786.2106294162616,-11.899500000000002,12.612042531742517,1000.0,,-1.6650264625473317,-1.6650264625473317,-1.6650264625473317,-1.6650264625473317,-1.6485410520270527,0,highway_0,0,1467.2106294162616,1786.2106294162616,,-1013.6120425317425
55.7,llm_1,1787.4566839326073,-11.899500000000002,12.460545163458859,1000.0,,-1.5301234196649447,-1.5301234196649447,-1.5301234196649447,-1.5301234196649447,-1.5149736828365867,0,highway_0,0,1468.4566839326073,1787.4566839326073,,-1013.4605451634588
55.8,llm_1,1788.6887708470597,-11.899500000000002,12.32086914452442,1000.0,,-1.410727791237829,-1.410727791237829,-1.410727791237829,-1.410727791237829,-1.3967601893443948,0,highway_0,0,1469.6887708470597,1788.6887708470597,,-1013.3208691445244
55.9,llm_1,1789.9079425152777,-11.899500000000002,12.191716682179578,1000.0,,-1.3044398696829047,-1.3044398696829047,-1.3044398696829047,-1.3044398696829047,-1.2915246234484101,0,highway_0,0,1470.9079425152777,1789.9079425152777,,-1013.1917166821796
56.0,llm_1,1791.1151406767012,-11.899500000000002,12.07198161423553,1000.0,,-1.2093241862348862,-1.2093241862348862,-1.2093241862348862,-1.2093241862348862,-1.1973506794404898,0,highway_0,0,1472.1151406767012,1791.1151406767012,,-1013.0719816142355
56.1,llm_1,1792.3112120742283,-11.899500000000002,11.960713975270838,1000.0,,-1.1238031535433795,-1.1238031535433795,-1.1238031535433795,-1.1238031535433795,-1.1126763896469072,0,highway_0,0,1473.3112120742283,1792.3112120742283,,-1012.9607139752709
56.2,llm_1,1793.4969213078152,-11.899500000000002,11.85709233586987,1000.0,,-1.0465785579497755,-1.0465785579497755,-1.0465785579497755,-1.0465785579497755,-1.0362163940096814,0,highway_0,0,1474.4969213078152,1793.4969213078152,,-1012.8570923358699
56.3,llm_1,1794.672961504096,-11.899500000000002,11.760401962808439,1000.0,,-0.9765727679204597,-0.9765727679204597,-0.9765727679204597,-0.9765727679204597,-0.9669037306143125,0,highway_0,0,1475.672961504096,1794.672961504096,,-1012.7604019628085
56.4,llm_1,1795.8399632436674,-11.899500000000002,11.670017395713744,1000.0,,-0.9128841276564319,-0.9128841276564319,-0.9128841276564319,-0.9128841276564319,-0.90384567094695,0,highway_0,0,1476.8399632436674,1795.8399632436674,,-1012.6700173957138
56.5,llm_1,1796.9985020851466,-11.899500000000002,11.585388414791062,1000.0,,-0.8547527073190888,-0.8547527073190888,-0.8547527073190888,-0.8547527073190888,-0.8462898092268212,0,highway_0,0,1477.9985020851466,1796.9985020851466,,-1012.585388414791
56.6,llm_1,1798.1491049492338,-11.899500000000002,11.506028640872652,1000.0,,-0.8015337165759526,-0.8015337165759526,-0.8015337165759526,-0.8015337165759526,-0.7935977391841043,0,highway_0,0,1479.1491049492338,1798.1491049492338,,-1012.5060286408726
56.7,llm_1,1799.2922555691764,-11.899500000000002,11.431506199425142,1000.0,,-0.7526766586198363,-0.7526766586198363,-0.7526766586198363,-0.7526766586198363,-0.7452244144750964,0,highway_0,0,1480.2922555691764,1799.2922555691764,,-1012.4315061994251
