time,id,x,y,speed,headway,leader_id,target_accel_with_noise_with_failsafe,target_accel_no_noise_no_failsafe,target_accel_with_noise_no_failsafe,target_accel_no_noise_with_failsafe,realized_accel,road_grade,edge_id,lane_number,distance,relative_position,follower_id,leader_rel_speed
0,ego_0,324.0,-8.0,20.5,1000.0,,,,,,0,0,highway_0,1,0.0,324.0,,-1021.5
0.1,ego_0,326.0577422067901,-8.0,20.577422067901235,1000.0,,0.7819628858024691,0.7819628858024691,0.7819628858024691,0.7819628858024691,0.7742206790123518,0,highway_0,1,2.057742206790124,326.0577422067901,,-1021.5774220679012
0.2,ego_0,328.1231938229669,-8.0,20.654516161767777,1000.0,,0.7786503480520746,0.7786503480520746,0.7786503480520746,0.7786503480520746,0.7709409386654187,0,highway_0,1,4.123193822966925,328.1231938229669,,-1021.6545161617678
0.3,ego_0,330.19632182013385,-8.0,20.731279971668997,1000.0,,0.7753144800023382,0.7753144800023382,0.7753144800023382,0.7753144800023382,0.7676380990121956,0,highway_0,1,6.196321820133846,330.19632182013385,,-1021.731279971669
0.4,ego_0,332.27709294186525,-8.0,20.807711217314278,1000.0,,0.7719555810173349,0.7719555810173349,0.7719555810173349,0.7719555810173349,0.7643124564528136,0,highway_0,1,8.277092941865249,332.27709294186525,,-1021.8077112173142
0.5,ego_0,334.36547370674225,-8.0,20.883807648770293,1000.0,,0.7685739577057377,0.7685739577057377,0.7685739577057377,0.7685739577057377,0.7609643145601552,0,highway_0,1,10.36547370674225,334.36547370674225,,-1021.8838076487702
0.6,ego_0,336.46143041145905,-8.0,20.959567047168086,1000.0,,0.7651699238177089,0.7651699238177089,0.7651699238177089,0.7651699238177089,0.7575939839779267,0,highway_0,1,12.461430411459048,336.46143041145905,,-1021.9595670471681
0.7,ego_0,338.564929133999,-8.0,21.034987225399483,1000.0,,0.7617438001371016,0.7617438001371016,0.7617438001371016,0.7617438001371016,0.7542017823139702,0,highway_0,1,14.564929133998987,338.564929133999,,-1022.0349872253995
0.8,ego_0,340.67593573687924,-8.0,21.110066028802358,1000.0,,0.7582959143690431,0.7582959143690431,0.7582959143690431,0.7582959143690431,0.7507880340287443,0,highway_0,1,16.67593573687924,340.67593573687924,,-1022.1100660288024
0.9,ego_0,342.7944158704627,-8.0,21.184801335834333,1000.0,,0.7548266010229694,0.7548266010229694,0.7548266010229694,0.7548266010229694,0.747353070319754,0,highway_0,1,18.79441587046267,342.7944158704627,,-1022.1848013358343
1.0,ego_0,344.9203349763361,-8.0,21.25919105873445,1000.0,,0.7513362012911924,0.7513362012911924,0.7513362012911924,0.7513362012911924,0.7438972290011847,0,highway_0,1,20.920334976336108,344.9203349763361,,-1022.2591910587345
1.1,ego_0,347.05365829075333,-8.0,21.333233144172382,1000.0,,0.7478250629230792,0.7478250629230792,0.7478250629230792,0.7478250629230792,0.7404208543793089,0,highway_0,1,23.053658290753333,347.05365829075333,,-1022.3332331441724
1.2,ego_0,349.1943508481418,-8.0,21.406925573884752,1000.0,,0.7442935400949351,0.7442935400949351,0.7442935400949351,0.7442935400949351,0.7369242971237,0,highway_0,1,25.194350848141823,349.1943508481418,,-1022.4069255738848
1.3,ego_0,351.34237748467166,-8.0,21.48026636529819,1000.0,,0.740741993275682,0.740741993275682,0.740741993275682,0.740741993275682,0.7334079141343608,0,highway_0,1,27.34237748467166,351.34237748467166,,-1022.4802663652982
1.4,ego_0,353.49770284188554,-8.0,21.553253572138626,1000.0,,0.7371707890884289,0.7371707890884289,0.7371707890884289,0.7371707890884289,0.7298720684043758,0,highway_0,1,29.49770284188554,353.49770284188554,,-1022.5532535721386
1.5,ego_0,355.6602913703882,-8.0,21.625885285026552,1000.0,,0.733580300168041,0.733580300168041,0.733580300168041,0.733580300168041,0.7263171288792591,0,highway_0,1,31.660291370388222,355.6602913703882,,-1022.6258852850266
1.6,ego_0,357.830107333594,-8.0,21.69815963205772,1000.0,,0.7299709050148108,0.7299709050148108,0.7299709050148108,0.7299709050148108,0.7227434703116842,0,highway_0,1,33.830107333594015,357.830107333594,,-1022.6981596320577
1.7,ego_0,360.0071148115309,-8.0,21.770074779369043,1000.0,,0.7263429878443475,0.7263429878443475,0.7263429878443475,0.7263429878443475,0.7191514731132287,0,highway_0,1,36.007114811530926,360.0071148115309,,-1022.770074779369
1.8,ego_0,362.19127770469987,-8.0,21.841628931689222,1000.0,,0.7226969384337967,0.7226969384337967,0.7226969384337967,0.7226969384337967,0.7155415232017859,0,highway_0,1,38.19127770469987,362.19127770469987,,-1022.8416289316892
1.9,ego_0,364.38255973798726,-8.0,21.912820332873828,1000.0,,0.7190331519645153,0.7190331519645153,0.7190331519645153,0.7190331519645153,0.7119140118460621,0,highway_0,1,40.382559737987265,364.38255973798726,,-1022.9128203328738
2.0,ego_0,366.58092446462973,-8.0,21.983647266424455,1000.0,,0.7153520288613222,0.7153520288613222,0.7153520288613222,0.7153520288613222,0.708269335506273,0,highway_0,1,42.58092446462973,366.58092446462973,,-1022.9836472664244
2.1,ego_0,368.7863352702289,-8.0,22.05410805599163,1000.0,,0.7116539746284574,0.7116539746284574,0.7116539746284574,0.7116539746284574,0.7046078956717494,0,highway_0,1,44.7863352702289,368.7863352702289,,-1023.0541080559916
2.2,ego_0,370.99875537681504,-8.0,22.124201065861172,1000.0,,0.7079393996823782,0.7079393996823782,0.7079393996823782,0.7079393996823782,0.7009300986954159,0,highway_0,1,46.99875537681504,370.99875537681504,,-1023.1242010658611
2.3,ego_0,373.21814784695744,-8.0,22.1939247014237,1000.0,,0.7042087191815318,0.7042087191815318,0.7042087191815318,0.7042087191815318,0.6972363556252859,0,highway_0,1,49.218147846957436,373.21814784695744,,-1023.1939247014237
2.4,ego_0,375.4444755879201,-8.0,22.263277409626994,1000.0,,0.7004623528532399,0.7004623528532399,0.7004623528532399,0.7004623528532399,0.6935270820329364,0,highway_0,1,51.444475587920124,375.4444755879201,,-1023.263277409627
2.5,ego_0,377.67770135586125,-8.0,22.33225767941094,1000.0,,0.6967007248178414,0.6967007248178414,0.6967007248178414,0.6967007248178414,0.6898026978394611,0,highway_0,1,53.677701355861245,377.67770135586125,,-1023.332257679411
2.6,ego_0,379.91778776007374,-8.0,22.400864042124823,1000.0,,0.692924263410236,0.692924263410236,0.692924263410236,0.692924263410236,0.6860636271388287,0,highway_0,1,55.917787760073736,379.91778776007374,,-1023.4008640421248
2.7,ego_0,382.16469726726643,-8.0,22.469095071926702,1000.0,,0.6891334009989791,0.6891334009989791,0.6891334009989791,0.6891334009989791,0.6823102980187912,0,highway_0,1,58.16469726726643,382.16469726726643,,-1023.4690950719267
2.8,ego_0,384.4183922058829,-8.0,22.536949386164633,1000.0,,0.6853285738030745,0.6853285738030745,0.6853285738030745,0.6853285738030745,0.6785431423793042,0,highway_0,1,60.418392205882924,384.4183922058829,,-1023.5369493861647
2.9,ego_0,386.6788347704569,-8.0,22.604425645739546,1000.0,,0.6815102217066251,0.6815102217066251,0.6815102217066251,0.6815102217066251,0.6747625957491366,0,highway_0,1,62.67883477045689,386.6788347704569,,-1023.6044256457395
3.0,ego_0,388.94598702600183,-8.0,22.671522555449595,1000.0,,0.6776787880714912,0.6776787880714912,0.6776787880714912,0.6776787880714912,0.6709690971004889,0,highway_0,1,64.94598702600183,388.94598702600183,,-1023.6715225554495
3.1,ego_0,391.2198109124334,-8.0,22.738238864315747,1000.0,,0.6738347195481145,0.6738347195481145,0.6738347195481145,0.6738347195481145,0.6671630886615176,0,highway_0,1,67.21981091243339,391.2198109124334,,-1023.7382388643157
3.2,ego_0,393.5002682490222,-8.0,22.804573365888487,1000.0,,0.6699784658846691,0.6699784658846691,0.6699784658846691,0.6699784658846691,0.6633450157274012,0,highway_0,1,69.50026824902221,393.5002682490222,,-1023.8045733658885
3.3,ego_0,395.78732073887574,-8.0,22.87052489853549,1000.0,,0.6661104797346995,0.6661104797346995,0.6661104797346995,0.6661104797346995,0.6595153264700215,0,highway_0,1,71.78732073887574,395.78732073887574,,-1023.8705248985355
3.4,ego_0,398.08092997344676,-8.0,22.936092345710087,1000.0,,0.6622312164634039,0.6622312164634039,0.6622312164634039,0.6622312164634039,0.655674471745975,0,highway_0,1,74.08092997344676,398.08092997344676,,-1023.9360923457101
3.5,ego_0,400.38105743706683,-8.0,23.001274636200456,1000.0,,0.6583411339527312,0.6583411339527312,0.6583411339527312,0.6583411339527312,0.6518229049036961,0,highway_0,1,76.38105743706683,400.38105743706683,,-1024.0012746362004
3.6,ego_0,402.68766451150276,-8.0,23.06607074435941,1000.0,,0.6544406924054518,0.6544406924054518,0.6544406924054518,0.6544406924054518,0.6479610815895498,0,highway_0,1,78.68766451150276,402.68766451150276,,-1024.0660707443594
3.7,ego_0,405.0007124805342,-8.0,23.130479690314697,1000.0,,0.6505303541483655,0.6505303541483655,0.6505303541483655,0.6505303541483655,0.644089459552859,0,highway_0,1,81.00071248053422,405.0007124805342,,-1024.1304796903146
3.8,ego_0,407.3201625345502,-8.0,23.19450054015973,1000.0,,0.6466105834348149,0.6466105834348149,0.6466105834348149,0.6466105834348149,0.6402084984503276,0,highway_0,1,83.3201625345502,407.3201625345502,,-1024.1945005401597
3.9,ego_0,409.6459757751627,-8.0,23.258132406124744,1000.0,,0.6426818462466674,0.6426818462466674,0.6426818462466674,0.6426818462466674,0.6363186596501436,0,highway_0,1,85.6459757751627,409.6459757751627,,-1024.2581324061248
4.0,ego_0,411.9781132198355,-8.0,23.321374446728303,1000.0,,0.638744610095928,0.638744610095928,0.638744610095928,0.638744610095928,0.6324204060355854,0,highway_0,1,87.9781132198355,411.9781132198355,,-1024.3213744467282
4.1,ego_0,414.3165358065264,-8.0,23.384225866909112,1000.0,,0.6347993438261509,0.6347993438261509,0.6347993438261509,0.6347993438261509,0.6285142018080947,0,highway_0,1,90.31653580652642,414.3165358065264,,-1024.3842258669092
4.2,ego_0,416.66120439834026,-8.0,23.4466859181382,1000.0,,0.6308465174138129,0.6308465174138129,0.6308465174138129,0.6308465174138129,0.6246005122908826,0,highway_0,1,92.66120439834026,416.66120439834026,,-1024.4466859181382
4.3,ego_0,419.0120797881914,-8.0,23.50875389851145,1000.0,,0.6268866017698105,0.6268866017698105,0.6268866017698105,0.6268866017698105,0.6206798037325001,0,highway_0,1,95.01207978819139,419.0120797881914,,-1024.5087538985115
4.4,ego_0,421.36912270347364,-8.0,23.570429152822467,1000.0,,0.6229200685412419,0.6229200685412419,0.6229200685412419,0.6229200685412419,0.6167525431101595,0,highway_0,1,97.36912270347364,421.36912270347364,,-1024.5704291528225
4.5,ego_0,423.7322938107352,-8.0,23.631711072615897,1000.0,,0.6189473899136404,0.6189473899136404,0.6189473899136404,0.6189473899136404,0.6128191979343001,0,highway_0,1,99.7322938107352,423.7322938107352,,-1024.6317110726159
4.6,ego_0,426.10155372035734,-8.0,23.692599096221223,1000.0,,0.6149690384138112,0.6149690384138112,0.6149690384138112,0.6149690384138112,0.6088802360532597,0,highway_0,1,102.10155372035734,426.10155372035734,,-1024.6925990962213
4.7,ego_0,428.47686299123404,-8.0,23.753092708767106,1000.0,,0.6109854867134349,0.6109854867134349,0.6109854867134349,0.6109854867134349,0.6049361254588348,0,highway_0,1,104.47686299123404,428.47686299123404,,-1024.753092708767
4.8,ego_0,430.85818213545167,-8.0,23.81319144217637,1000.0,,0.6069972074335914,0.6069972074335914,0.6069972074335914,0.6069972074335914,0.6009873340926575,0,highway_0,1,106.85818213545167,430.85818213545167,,-1024.8131914421763
4.9,ego_0,433.24547162296585,-8.0,23.872894875141753,1000.0,,0.6030046729503595,0.6030046729503595,0.6030046729503595,0.6030046729503595,0.5970343296538161,0,highway_0,1,109.24547162296585,433.24547162296585,,-1024.8728948751418
5.0,ego_0,435.6386918862741,-8.0,23.93220263308251,1000.0,,0.5990083552016434,0.5990083552016434,0.5990083552016434,0.5990083552016434,0.5930775794075771,0,highway_0,1,111.6386918862741,435.6386918862741,,-1024.9322026330824
5.1,ego_0,438.03780332508234,-8.0,23.991114388082053,1000.0,,0.5950087254953766,0.5950087254953766,0.5950087254953766,0.5950087254953766,0.5891175499954215,0,highway_0,1,114.03780332508234,438.03780332508234,,-1024.991114388082
5.2,ego_0,440.442766310963,-8.0,24.049629858806732,1000.0,,0.5910062543192485,0.5910062543192485,0.5910062543192485,0.5910062543192485,0.5851547072467866,0,highway_0,1,116.44276631096301,440.442766310963,,-1025.0496298588068
5.3,ego_0,442.8535411920036,-8.0,24.10774881040595,1000.0,,0.5870014111520969,0.5870014111520969,0.5870014111520969,0.5870014111520969,0.5811895159921932,0,highway_0,1,118.8535411920036,442.8535411920036,,-1025.107748810406
5.4,ego_0,445.270088297443,-8.0,24.165471054393784,1000.0,,0.5829946642771144,0.5829946642771144,0.5829946642771144,0.5829946642771144,0.5772224398783266,0,highway_0,1,121.27008829744301,445.270088297443,,-1025.1654710543937
5.5,ego_0,447.69236794229425,-8.0,24.222796448512298,1000.0,,0.5789864805969975,0.5789864805969975,0.5789864805969975,0.5789864805969975,0.5732539411851434,0,highway_0,1,123.69236794229425,447.69236794229425,,-1025.2227964485123
5.6,ego_0,450.1203404319519,-8.0,24.279724896576774,1000.0,,0.5749773254511784,0.5749773254511784,0.5749773254511784,0.5749773254511784,0.5692844806447539,0,highway_0,1,126.12034043195194,450.12034043195194,,-1025.2797248965767
5.7,ego_0,452.5539660667823,-8.0,24.33625634830304,1000.0,,0.570967662435272,0.570967662435272,0.570967662435272,0.570967662435272,0.5653145172626495,0,highway_0,1,128.55396606678227,452.55396606678227,,-1025.336256348303
5.8,ego_0,454.993205146694,-8.0,24.392390799117184,1000.0,,0.5669579532228624,0.5669579532228624,0.5669579532228624,0.5669579532228624,0.5613445081414525,0,highway_0,1,130.99320514669398,454.993205146694,,-1025.3923907991173
5.9,ego_0,457.4380179756887,-8.0,24.448128289947853,1000.0,,0.5629486573897564,0.5629486573897564,0.5629486573897564,0.5629486573897564,0.5573749083066915,0,highway_0,1,133.43801797568875,457.43801797568875,,-1025.4481282899478
6.0,ego_0,459.88836486638894,-8.0,24.5034689070014,1000.0,,0.558940232240822,0.558940232240822,0.558940232240822,0.558940232240822,0.5534061705354532,0,highway_0,1,135.88836486638888,459.8883648663889,,-1025.5034689070014
6.1,ego_0,462.34420614454086,-8.0,24.55841278152016,1000.0,,0.5549331326395293,0.5549331326395293,0.5549331326395293,0.5549331326395293,0.5494387451876293,0,highway_0,1,138.34420614454092,462.3442061445409,,-1025.5584127815202
6.2,ego_0,464.80550215349336,-8.0,24.61296008952415,1000.0,,0.5509278108403062,0.5509278108403062,0.5509278108403062,0.5509278108403062,0.5454730800398977,0,highway_0,1,140.8055021534933,464.8055021534933,,-1025.6129600895242
6.3,ego_0,467.27221325864696,-8.0,24.66711105153641,1000.0,,0.54692471632382,0.54692471632382,0.54692471632382,0.54692471632382,0.5415096201225822,0,highway_0,1,143.27221325864696,467.27221325864696,,-1025.6671110515365
6.4,ego_0,469.7442998518762,-8.0,24.720865932292376,1000.0,,0.5429242956352816,0.5429242956352816,0.5429242956352816,0.5429242956352816,0.5375488075596735,0,highway_0,1,145.74429985187618,469.7442998518762,,-1025.7208659322923
6.5,ego_0,472.22172235591955,-8.0,24.774225040433553,1000.0,,0.5389269922258803,0.5389269922258803,0.5389269922258803,0.5389269922258803,0.5335910814117639,0,highway_0,1,148.22172235591955,472.22172235591955,,-1025.7742250404335
6.6,ego_0,474.7044412287381,-8.0,24.827188728185774,1000.0,,0.5349332462974397,0.5349332462974397,0.5349332462974397,0.5349332462974397,0.5296368775222149,0,highway_0,1,150.70444122873812,474.7044412287381,,-1025.8271887281858
6.7,ego_0,477.19241696784036,-8.0,24.879757391022444,1000.0,,0.5309434946503864,0.5309434946503864,0.5309434946503864,0.5309434946503864,0.5256866283666994,0,highway_0,1,153.19241696784036,477.19241696784036,,-1025.8797573910224
6.8,ego_0,479.6856101145717,-8.0,24.93193146731305,1000.0,,0.5269581705351172,0.5269581705351172,0.5269581705351172,0.5269581705351172,0.5217407629060489,0,highway_0,1,155.68561011457166,479.68561011457166,,-1025.931931467313
6.9,ego_0,482.18398125836734,-8.0,24.98371143795729,1000.0,,0.5229777035068494,0.5229777035068494,0.5229777035068494,0.5229777035068494,0.5177997064424034,0,highway_0,1,158.1839812583674,482.1839812583674,,-1025.9837114379573
7.0,ego_0,484.6874910409679,-8.0,25.035097826005213,1000.0,,0.5190025192840276,0.5190025192840276,0.5190025192840276,0.5190025192840276,0.513863880479235,0,highway_0,1,160.68749104096793,484.6874910409679,,-1026.0350978260053
7.1,ego_0,487.1961001605943,-8.0,25.086091196263663,1000.0,,0.5150330396103597,0.5150330396103597,0.5150330396103597,0.5150330396103597,0.5099337025844974,0,highway_0,1,163.1961001605943,487.1961001605943,,-1026.0860911962636
7.2,ego_0,489.7097693760833,-8.0,25.136692154889463,1000.0,,0.5110696821205545,0.5110696821205545,0.5110696821205545,0.5110696821205545,0.5060095862580027,0,highway_0,1,165.70976937608327,489.7097693760833,,-1026.1366921548895
7.3,ego_0,492.22845951098026,-8.0,25.18690134896964,1000.0,,0.5071128602098136,0.5071128602098136,0.5071128602098136,0.5071128602098136,0.5020919408017832,0,highway_0,1,168.22845951098026,492.22845951098026,,-1026.1869013489697
7.4,ego_0,494.7521314575892,-8.0,25.23671946608916,1000.0,,0.5031629829071509,0.5031629829071509,0.5031629829071509,0.5031629829071509,0.4981811711951778,0,highway_0,1,170.7521314575892,494.7521314575892,,-1026.2367194660892
7.5,ego_0,497.28074618097787,-8.0,25.286147233886442,1000.0,,0.49922045475257537,0.49922045475257537,0.49922045475257537,0.49922045475257537,0.49427767797283195,0,highway_0,1,173.28074618097787,497.28074618097787,,-1026.2861472338864
7.6,ego_0,499.8142647229376,-8.0,25.335185419597153,1000.0,,0.49528567567820037,0.49528567567820037,0.49528567567820037,0.49528567567820037,0.4903818571071028,0,highway_0,1,175.8142647229376,499.8142647229376,,-1026.335185419597
7.7,ego_0,502.35264820589623,-8.0,25.38383482958659,1000.0,,0.49135904089331583,0.49135904089331583,0.49135904089331583,0.49135904089331583,0.4864940998943723,0,highway_0,1,178.35264820589623,502.35264820589623,,-1026.3838348295867
7.8,ego_0,504.8958578367833,-8.0,25.432096308871092,1000.0,,0.4874409407734642,0.4874409407734642,0.4874409407734642,0.4874409407734642,0.48261479284501974,0,highway_0,1,180.89585783678336,504.89585783678336,,-1026.432096308871
7.9,ego_0,507.44385491084626,-8.0,25.47997074062887,1000.0,,0.48353176075355486,0.48353176075355486,0.48353176075355486,0.48353176075355486,0.4787443175777639,0,highway_0,1,183.44385491084626,507.44385491084626,,-1026.479970740629
8.0,ego_0,509.9966008154164,-8.0,25.527459045700656,1000.0,,0.47963188122504696,0.47963188122504696,0.47963188122504696,0.47963188122504696,0.47488305071787806,0,highway_0,1,185.99660081541634,509.99660081541634,,-1026.5274590457007
8.1,ego_0,512.5540570336244,-8.0,25.57456218208058,1000.0,,0.4757416774372245,0.4757416774372245,0.4757416774372245,0.4757416774372245,0.4710313637992414,0,highway_0,1,188.55405703362442,512.5540570336244,,-1026.5745621820806
8.2,ego_0,515.1161851480642,-8.0,25.62128114439767,1000.0,,0.4718615194025858,0.4718615194025858,0.4718615194025858,0.4718615194025858,0.46718962317090273,0,highway_0,1,191.11618514806423,515.1161851480642,,-1026.6212811443977
8.3,ego_0,517.6829468444031,-8.0,25.667616963388397,1000.0,,0.4679917718063633,0.4679917718063633,0.4679917718063633,0.4679917718063633,0.46335818990726807,0,highway_0,1,193.6829468444031,517.6829468444031,,-1026.6676169633884
8.4,ego_0,520.2543039149392,-8.0,25.713570705360695,1000.0,,0.46413279392018547,0.46413279392018547,0.46413279392018547,0.46413279392018547,0.45953741972297735,0,highway_0,1,196.25430391493921,520.2543039149392,,-1026.7135707053608
8.5,ego_0,522.8302182621042,-8.0,25.75914347164979,1000.0,,0.46028493951988303,0.46028493951988303,0.46028493951988303,0.46028493951988303,0.45572766289094346,0,highway_0,1,198.83021826210415,522.8302182621042,,-1026.7591434716498
8.6,ego_0,525.4106519019108,-8.0,25.80433639806637,1000.0,,0.4564485568074539,0.4564485568074539,0.4564485568074539,0.4564485568074539,0.45192926416579127,0,highway_0,1,201.4106519019108,525.4106519019108,,-1026.8043363980664
8.7,ego_0,527.9955669673445,-8.0,25.849150654337375,1000.0,,0.45262398833717055,0.45262398833717055,0.45262398833717055,0.45262398833717055,0.4481425627100677,0,highway_0,1,203.99556696734453,527.9955669673445,,-1026.8491506543373
8.8,ego_0,530.5849257116985,-8.0,25.893587443539932,1000.0,,0.4488115709458398,0.4488115709458398,0.4488115709458398,0.4488115709458398,0.4443678920255678,0,highway_0,1,206.58492571169847,530.5849257116985,,-1026.89358744354
8.9,ego_0,533.1786905118513,-8.0,25.93764800152876,1000.0,,0.4450116356871905,0.4450116356871905,0.4450116356871905,0.4450116356871905,0.44060557988828464,0,highway_0,1,209.1786905118513,533.1786905118513,,-1026.9376480015287
9.0,ego_0,535.7768238714871,-8.0,25.981333596357512,1000.0,,0.44122450777038624,0.44122450777038624,0.44122450777038624,0.44122450777038624,0.4368559482875156,0,highway_0,1,211.77682387148707,535.7768238714871,,-1026.9813335963574
9.1,ego_0,538.3792884242565,-8.0,26.02464552769441,1000.0,,0.4374505065026415,0.4374505065026415,0.4374505065026415,0.4374505065026415,0.4331193133689837,0,highway_0,1,214.37928842425652,538.3792884242565,,-1027.0246455276945
9.2,ego_0,540.9860469368798,-8.0,26.067585126232622,1000.0,,0.4336899452359193,0.4336899452359193,0.4336899452359193,0.4336899452359193,0.429395985382115,0,highway_0,1,216.9860469368798,540.9860469368798,,-1027.0675851262326
9.3,ego_0,543.5970623121893,-8.0,26.11015375309576,1000.0,,0.42994313131768747,0.42994313131768747,0.42994313131768747,0.42994313131768747,0.4256862686313667,0,highway_0,1,219.59706231218934,543.5970623121893,,-1027.1101537530958
9.4,ego_0,546.2122975921133,-8.0,26.152352799238894,1000.0,,0.4262103660457023,0.4262103660457023,0.4262103660457023,0.4262103660457023,0.4219904614313563,0,highway_0,1,222.21229759211326,546.2122975921133,,-1027.152352799239
9.5,ego_0,548.8317159605978,-8.0,26.194183684845505,1000.0,,0.4224919446267882,0.4224919446267882,0.4224919446267882,0.4224919446267882,0.4183088560661119,0,highway_0,1,224.83171596059776,548.8317159605978,,-1027.1941836848455
9.6,ego_0,551.4552807464698,-8.0,26.23564785872071,1000.0,,0.418788156139581,0.418788156139581,0.418788156139581,0.418788156139581,0.4146417387520529,0,highway_0,1,227.45528074646984,551.4552807464698,,-1027.2356478587208
9.7,ego_0,554.082955426238,-8.0,26.276746797681227,1000.0,,0.4150992835011922,0.4150992835011922,0.4150992835011922,0.4150992835011922,0.41098938960516307,0,highway_0,1,230.08295542623796,554.082955426238,,-1027.2767467976812
9.8,ego_0,556.7147036268321,-8.0,26.31748200594239,1000.0,,0.41142560343775314,0.41142560343775314,0.41142560343775314,0.41142560343775314,0.407352082611645,0,highway_0,1,232.71470362683215,556.7147036268321,,-1027.3174820059423
9.9,ego_0,559.3504891282824,-8.0,26.357855014502668,1000.0,,0.4077673864587965,0.4077673864587965,0.4077673864587965,0.4077673864587965,0.403730085602767,0,highway_0,1,235.35048912828245,559.3504891282824,,-1027.3578550145028
10.0,ego_0,561.9902758663351,-8.0,26.39786738052598,1000.0,,0.40412489683542363,0.40412489683542363,0.40412489683542363,0.40412489683542363,0.4001236602331204,0,highway_0,1,237.99027586633508,561.9902758663351,,-1027.397867380526
10.1,ego_0,564.6340279350073,-8.0,26.437520686722237,1000.0,,0.40049839258220976,0.40049839258220976,0.40049839258220976,0.40049839258220976,0.39653306196257176,0,highway_0,1,240.63402793500734,564.6340279350073,,-1027.4375206867223
10.2,ego_0,567.28170958908,-8.0,26.476816540726475,1000.0,,0.3968881254427975,0.3968881254427975,0.3968881254427975,0.3968881254427975,0.39295854004237185,0,highway_0,1,243.28170958908004,567.28170958908,,-1027.4768165407265
10.3,ego_0,569.9332852465277,-8.0,26.51575657447688,1000.0,,0.3932943408791101,0.3932943408791101,0.3932943408791101,0.3932943408791101,0.3894003375040711,0,highway_0,1,245.9332852465277,569.9332852465277,,-1027.5157565744769
10.4,ego_0,572.5887194908869,-8.0,26.554342443592144,1000.0,,0.38971727806414425,0.38971727806414425,0.38971727806414425,0.38971727806414425,0.3858586911526274,0,highway_0,1,248.5887194908869,572.5887194908869,,-1027.554342443592
10.5,ego_0,575.2479770735617,-8.0,26.59257582674841,1000.0,,0.38615716987826687,0.38615716987826687,0.38615716987826687,0.38615716987826687,0.3823338315626401,0,highway_0,1,251.24797707356174,575.2479770735617,,-1027.5925758267483
10.6,ego_0,577.9110229160674,-8.0,26.63045842505623,1000.0,,0.3826142429089632,0.3826142429089632,0.3826142429089632,0.3826142429089632,0.37882598307820814,0,highway_0,1,253.9110229160674,577.9110229160674,,-1027.6304584250563
10.7,ego_0,580.5778221122112,-8.0,26.66799196143781,1000.0,,0.3790887174539638,0.3790887174539638,0.3790887174539638,0.3790887174539638,0.37533536381580745,0,highway_0,1,256.57782211221115,580.5778221122112,,-1027.6679919614378
10.8,ego_0,583.2483399302116,-8.0,26.70517818000491,1000.0,,0.3755808075276936,0.3755808075276936,0.3755808075276936,0.3755808075276936,0.3718621856710058,0,highway_0,1,259.2483399302116,583.2483399302116,,-1027.7051781800049
10.9,ego_0,585.9225418147554,-8.0,26.74201884543768,1000.0,,0.3720907208709645,0.3720907208709645,0.3720907208709645,0.3720907208709645,0.3684066543276998,0,highway_0,1,261.9225418147554,585.9225418147554,,-1027.7420188454378
11.0,ego_0,588.6003933889918,-8.0,26.778515742364792,1000.0,,0.36861865896384927,0.36861865896384927,0.36861865896384927,0.36861865896384927,0.36496896927111777,0,highway_0,1,264.60039338899185,588.6003933889918,,-1027.7785157423648
11.1,ego_0,591.2818604564663,-8.0,26.814670674745155,1000.0,,0.3651648170416628,0.3651648170416628,0.3651648170416628,0.3651648170416628,0.36154932380362936,0,highway_0,1,267.28186045646635,591.2818604564663,,-1027.8146706747452
11.2,ego_0,593.9669090029915,-8.0,26.850485465251488,1000.0,,0.3617293841139775,0.3617293841139775,0.3617293841139775,0.3617293841139775,0.3581479050633263,0,highway_0,1,269.96690900299154,593.9669090029915,,-1027.8504854652515
11.3,ego_0,596.6555051984571,-8.0,26.885961954656104,1000.0,,0.35831254298659954,0.35831254298659954,0.35831254298659954,0.35831254298659954,0.35476489404615563,0,highway_0,1,272.65550519845715,596.6555051984571,,-1027.885961954656
11.4,ego_0,599.347615398579,-8.0,26.92110200121912,1000.0,,0.35491447028643186,0.35491447028643186,0.35491447028643186,0.35491447028643186,0.3514004656301495,0,highway_0,1,275.347615398579,599.347615398579,,-1027.9211020012192
11.5,ego_0,602.043206146587,-8.0,26.955907480079432,1000.0,,0.3515353364891465,0.3515353364891465,0.3515353364891465,0.3515353364891465,0.348054788603136,0,highway_0,1,278.04320614658695,602.043206146587,,-1027.9559074800795
11.6,ego_0,604.7422441748519,-8.0,26.9903802826487,1000.0,,0.348175305949588,0.348175305949588,0.348175305949588,0.348175305949588,0.3447280256926888,0,highway_0,1,280.74224417485186,604.7422441748519,,-1027.9903802826486
11.7,ego_0,607.4446964064527,-8.0,27.024522316008586,1000.0,,0.3448345369348347,0.3448345369348347,0.3448345369348347,0.3448345369348347,0.3414203335988475,0,highway_0,1,283.44469640645275,607.4446964064527,,-1028.0245223160086
11.8,ego_0,610.150529956684,-8.0,27.05833550231154,1000.0,,0.34151318165983435,0.34151318165983435,0.34151318165983435,0.34151318165983435,0.33813186302953824,0,highway_0,1,286.15052995668395,610.150529956684,,-1028.0583355023116
11.9,ego_0,612.8597121345025,-8.0,27.091821778185356,1000.0,,0.3382113863255378,0.3382113863255378,0.3382113863255378,0.3382113863255378,0.3348627587381614,0,highway_0,1,288.8597121345025,612.8597121345025,,-1028.0918217781852
12.0,ego_0,615.5722104439167,-8.0,27.124983094141736,1000.0,,0.334929291159451,0.334929291159451,0.334929291159451,0.334929291159451,0.3316131595638083,0,highway_0,1,291.5722104439167,615.5722104439167,,-1028.1249830941417
12.1,ego_0,618.2879925853156,-8.0,27.157821413989115,1000.0,,0.33166703045852397,0.33166703045852397,0.33166703045852397,0.33166703045852397,0.3283831984737873,0,highway_0,1,294.2879925853156,618.2879925853156,,-1028.157821413989
12.2,ego_0,621.0070264567406,-8.0,27.190338714249936,1000.0,,0.3284247326343004,0.3284247326343004,0.3284247326343004,0.3284247326343004,0.32517300260821,0,highway_0,1,297.0070264567406,621.0070264567406,,-1028.19033871425
12.3,ego_0,623.7292801550989,-8.0,27.222536983582636,1000.0,,0.3252025202602412,0.3252025202602412,0.3252025202602412,0.3252025202602412,0.32198269332699425,0,highway_0,1,299.7292801550989,623.7292801550989,,-1028.2225369835826
12.4,ego_0,626.4547219773198,-8.0,27.254418222208493,1000.0,,0.3220005101211507,0.3220005101211507,0.3220005101211507,0.3220005101211507,0.3188123862585712,0,highway_0,1,302.45472197731976,626.4547219773198,,-1028.2544182222084
12.5,ego_0,629.1833204214541,-8.0,27.285984441343604,1000.0,,0.3188188132646148,0.3188188132646148,0.3188188132646148,0.3188188132646148,0.31566219135111595,0,highway_0,1,305.18332042145414,629.1833204214541,,-1028.2859844413435
12.6,ego_0,631.9150441877177,-8.0,27.317237662636117,1000.0,,0.31565753505438054,0.31565753505438054,0.31565753505438054,0.31565753505438054,0.31253221292512734,0,highway_0,1,307.91504418771774,631.9150441877177,,-1028.3172376626362
12.7,ego_0,634.6498621794786,-8.0,27.348179917608945,1000.0,,0.31251677522559107,0.31251677522559107,0.31251677522559107,0.31251677522559107,0.3094225497282821,0,highway_0,1,310.64986217947865,634.6498621794786,,-1028.3481799176088
12.8,ego_0,637.3877435041894,-8.0,27.37881324710813,1000.0,,0.30939662794179845,0.30939662794179845,0.30939662794179845,0.30939662794179845,0.3063332949918518,0,highway_0,1,313.3877435041894,637.3877435041894,,-1028.3788132471082
12.9,ego_0,640.1286574742651,-8.0,27.40913970075701,1000.0,,0.3062971818536766,0.3062971818536766,0.3062971818536766,0.3062971818536766,0.3032645364887898,0,highway_0,1,316.1286574742651,640.1286574742651,,-1028.409139700757
13.0,ego_0,642.8725736079067,-8.0,27.43916133641635,1000.0,,0.30321852015935225,0.30321852015935225,0.30321852015935225,0.30321852015935225,0.30021635659341683,0,highway_0,1,318.8725736079067,642.8725736079067,,-1028.4391613364164
13.1,ego_0,645.6194616298718,-8.0,27.468880219650636,1000.0,,0.30016072066627963,0.30016072066627963,0.30016072066627963,0.30016072066627963,0.2971888323428473,0,highway_0,1,321.6194616298718,645.6194616298718,,-1028.4688802196506
13.2,ego_0,648.3692914721919,-8.0,27.498298423200595,1000.0,,0.2971238558545801,0.2971238558545801,0.2971238558545801,0.2971238558545801,0.2941820354995883,0,highway_0,1,324.3692914721919,648.3692914721919,,-1028.4982984232006
13.3,ego_0,651.1220332748381,-8.0,27.527418026462154,1000.0,,0.2941079929417657,0.2941079929417657,0.2941079929417657,0.2941079929417657,0.2911960326155949,0,highway_0,1,327.12203327483815,651.1220332748381,,-1028.527418026462
13.4,ego_0,653.8776573863354,-8.0,27.556241114971936,1000.0,,0.2911131939487781,0.2911131939487781,0.2911131939487781,0.2911131939487781,0.2882308850978177,0,highway_0,1,329.8776573863354,653.8776573863354,,-1028.556241114972
13.5,ego_0,656.6361343643254,-8.0,27.58476977989939,1000.0,,0.2881395157672636,0.2881395157672636,0.2881395157672636,0.2881395157672636,0.28528664927453207,0,highway_0,1,332.63613436432536,656.6361343643254,,-1028.5847697798995
13.6,ego_0,659.3974349760799,-8.0,27.613006117545726,1000.0,,0.2851870102280072,0.2851870102280072,0.2851870102280072,0.2851870102280072,0.2823633764633726,0,highway_0,1,335.3974349760799,659.3974349760799,,-1028.6130061175456
13.7,ego_0,662.1615301989649,-8.0,27.640952228849734,1000.0,,0.2822557241704603,0.2822557241704603,0.2822557241704603,0.2822557241704603,0.27946111304007815,0,highway_0,1,338.1615301989649,662.1615301989649,,-1028.6409522288498
13.8,ego_0,664.9283912208549,-8.0,27.668610218900554,1000.0,,0.27934569951327903,0.27934569951327903,0.27934569951327903,0.27934569951327903,0.2765799005081959,0,highway_0,1,340.9283912208549,664.9283912208549,,-1028.6686102189005
13.9,ego_0,667.6979894405007,-8.0,27.695982196457564,1000.0,,0.276456973325813,0.276456973325813,0.276456973325813,0.276456973325813,0.2737197755701004,0,highway_0,1,343.6979894405007,667.6979894405007,,-1028.6959821964576
14.0,ego_0,670.4702964678485,-8.0,27.72307027347741,1000.0,,0.27358957790046445,0.27358957790046445,0.27358957790046445,0.27358957790046445,0.2708807701984739,0,highway_0,1,346.47029646784847,670.4702964678485,,-1028.7230702734773
14.1,ego_0,673.2452841243133,-8.0,27.74987656464829,1000.0,,0.2707435408258563,0.2707435408258563,0.2707435408258563,0.2707435408258563,0.2680629117087818,0,highway_0,1,349.24528412431334,673.2452841243133,,-1028.7498765646483
14.2,ego_0,676.0229244430064,-8.0,27.77640318693153,1000.0,,0.26791888506073636,0.26791888506073636,0.26791888506073636,0.26791888506073636,0.2652662228324232,0,highway_0,1,352.02292444300645,676.0229244430064,,-1028.7764031869315
14.3,ego_0,678.8031896689175,-8.0,27.802652259110594,1000.0,,0.2651156290085529,0.2651156290085529,0.2651156290085529,0.2651156290085529,0.26249072179062694,0,highway_0,1,354.8031896689175,678.8031896689175,,-1028.8026522591106
14.4,ego_0,681.5860522590523,-8.0,27.82862590134749,1000.0,,0.26233378659263806,0.26233378659263806,0.26233378659263806,0.26233378659263806,0.25973642236895245,0,highway_0,1,357.5860522590523,681.5860522590523,,-1028.8286259013476
14.5,ego_0,684.3714848825269,-8.0,27.85432623474669,1000.0,,0.25957336733192704,0.25957336733192704,0.25957336733192704,0.25957336733192704,0.25700333399200304,0,highway_0,1,360.37148488252694,684.3714848825269,,-1028.8543262347466
14.6,ego_0,687.1594604206196,-8.0,27.879755380926607,1000.0,,0.2568343764171639,0.2568343764171639,0.2568343764171639,0.2568343764171639,0.25429146179916984,0,highway_0,1,363.15946042061955,687.1594604206196,,-1028.8797553809266
14.7,ego_0,689.9499519667794,-8.0,27.904915461598637,1000.0,,0.25411681478751913,0.25411681478751913,0.25411681478751913,0.25411681478751913,0.2516008067203046,0,highway_0,1,365.9499519667794,689.9499519667794,,-1028.9049154615986
14.8,ego_0,692.7429328265948,-8.0,27.929808598153844,1000.0,,0.25142067920756594,0.25142067920756594,0.25142067920756594,0.25142067920756594,0.24893136555206752,0,highway_0,1,368.7429328265948,692.7429328265948,,-1028.9298085981538
14.9,ego_0,695.5383765177205,-8.0,27.954436911257265,1000.0,,0.24874596234455626,0.24874596234455626,0.24874596234455626,0.24874596234455626,0.24628313103420396,0,highway_0,1,371.5383765177205,695.5383765177205,,-1028.9544369112573
15.0,ego_0,698.3362567697656,-8.0,27.978802520449932,1000.0,,0.24609265284593773,0.24609265284593773,0.24609265284593773,0.24609265284593773,0.24365609192667392,0,highway_0,1,374.33625676976555,698.3362567697656,,-1028.97880252045
15.1,ego_0,701.1365475241414,-8.0,28.00290754375855,1000.0,,0.24346073541705304,0.24346073541705304,0.24346073541705304,0.24346073541705304,0.24105023308617746,0,highway_0,1,377.1365475241414,701.1365475241414,,-1029.0029075437585
15.2,ego_0,703.9392229338727,-8.0,28.026754097312907,1000.0,,0.24085019089897608,0.24085019089897608,0.24085019089897608,0.24085019089897608,0.2384655355435683,0,highway_0,1,379.93922293387266,703.9392229338727,,-1029.026754097313
15.3,ego_0,706.7442573633698,-8.0,28.05034429497097,1000.0,,0.23826099634641995,0.23826099634641995,0.23826099634641995,0.23826099634641995,0.23590197658062806,0,highway_0,1,382.7442573633698,706.7442573633698,,-1029.050344294971
15.4,ego_0,709.551625388165,-8.0,28.073680247951728,1000.0,,0.23569312510567852,0.23569312510567852,0.23569312510567852,0.23569312510567852,0.23335952980758634,0,highway_0,1,385.551625388165,709.551625388165,,-1029.0736802479516
15.5,ego_0,712.3602985155808,-8.0,28.086731274157994,1000.0,,0.23314654689253644,0.23314654689253644,0.23314654689253644,0.23314654689253644,0.13051026206266414,0,highway_0,1,388.3602985155808,712.3602985155808,,-1029.086731274158
15.6,ego_0,715.1689716429966,-8.0,28.086731274157994,1000.0,,0.23171955825488655,0.23171955825488655,0.23171955825488655,0.23171955825488655,0.0,0,highway_0,1,391.16897164299655,715.1689716429966,,-1029.086731274158
15.7,ego_0,717.9776447704123,-8.0,28.086731274157994,1000.0,,0.23171955825488655,0.23171955825488655,0.23171955825488655,0.23171955825488655,0.0,0,highway_0,1,393.9776447704123,717.9776447704123,,-1029.086731274158
15.8,ego_0,720.7863178978281,-8.0,28.086731274157994,1000.0,,0.23171955825488655,0.23171955825488655,0.23171955825488655,0.23171955825488655,0.0,0,highway_0,1,396.7863178978281,720.7863178978281,,-1029.086731274158
15.9,ego_0,723.5949910252439,-8.0,28.086731274157994,1000.0,,0.23171955825488655,0.23171955825488655,0.23171955825488655,0.23171955825488655,0.0,0,highway_0,1,399.59499102524387,723.5949910252439,,-1029.086731274158
16.0,ego_0,726.4036641526596,-8.0,28.086731274157994,1000.0,,0.23171955825488655,0.23171955825488655,0.23171955825488655,0.23171955825488655,0.0,0,highway_0,1,402.40366415265964,726.4036641526596,,-1029.086731274158
16.1,ego_0,729.2123372800754,-8.0,28.086731274157994,1000.0,,0.23171955825488655,0.23171955825488655,0.23171955825488655,0.23171955825488655,0.0,0,highway_0,1,405.2123372800754,729.2123372800754,,-1029.086731274158
16.2,ego_0,732.0210104074912,-8.0,28.086731274157994,1000.0,,0.23171955825488655,0.23171955825488655,0.23171955825488655,0.23171955825488655,0.0,0,highway_0,1,408.0210104074912,732.0210104074912,,-1029.086731274158
16.3,ego_0,734.829683534907,-8.0,28.086731274157994,1000.0,,0.23171955825488655,0.23171955825488655,0.23171955825488655,0.23171955825488655,0.0,0,highway_0,1,410.82968353490696,734.829683534907,,-1029.086731274158
16.4,ego_0,737.6383566623227,-8.0,28.086731274157994,1000.0,,0.23171955825488655,0.23171955825488655,0.23171955825488655,0.23171955825488655,0.0,0,highway_0,1,413.63835666232274,737.6383566623227,,-1029.086731274158
16.5,ego_0,740.4470297897385,-8.0,28.086731274157994,1000.0,,0.23171955825488655,0.23171955825488655,0.23171955825488655,0.23171955825488655,0.0,0,highway_0,1,416.4470297897385,740.4470297897385,,-1029.086731274158
16.6,ego_0,743.2557029171543,-8.0,28.086731274157994,1000.0,,0.23171955825488655,0.23171955825488655,0.23171955825488655,0.23171955825488655,0.0,0,highway_0,1,419.2557029171543,743.2557029171543,,-1029.086731274158
16.7,ego_0,746.06437604457,-8.0,28.086731274157994,1000.0,,0.23171955825488655,0.23171955825488655,0.23171955825488655,0.23171955825488655,0.0,0,highway_0,1,422.06437604457005,746.06437604457,,-1029.086731274158
16.8,ego_0,748.8730491719858,-8.0,28.086731274157994,1000.0,,0.23171955825488655,0.23171955825488655,0.23171955825488655,0.23171955825488655,0.0,0,highway_0,1,424.8730491719858,748.8730491719858,,-1029.086731274158
16.9,ego_0,751.6817222994016,-8.0,28.086731274157994,1000.0,,0.23171955825488655,0.23171955825488655,0.23171955825488655,0.23171955825488655,0.0,0,highway_0,1,427.6817222994016,751.6817222994016,,-1029.086731274158
17.0,ego_0,754.4903954268174,-8.0,28.086731274157994,1000.0,,0.23171955825488655,0.23171955825488655,0.23171955825488655,0.23171955825488655,0.0,0,highway_0,1,430.4903954268174,754.4903954268174,,-1029.086731274158
17.1,ego_0,757.2990685542331,-8.0,28.086731274157994,1000.0,,0.23171955825488655,0.23171955825488655,0.23171955825488655,0.23171955825488655,0.0,0,highway_0,1,433.29906855423314,757.2990685542331,,-1029.086731274158
17.2,ego_0,760.1077416816489,-8.0,28.086731274157994,1000.0,,0.23171955825488655,0.23171955825488655,0.23171955825488655,0.23171955825488655,0.0,0,highway_0,1,436.1077416816489,760.1077416816489,,-1029.086731274158
17.3,ego_0,762.9164148090647,-8.0,28.086731274157994,1000.0,,0.23171955825488655,0.23171955825488655,0.23171955825488655,0.23171955825488655,0.0,0,highway_0,1,438.9164148090647,762.9164148090647,,-1029.086731274158
17.4,ego_0,765.7250879364805,-8.0,28.086731274157994,1000.0,,0.23171955825488655,0.23171955825488655,0.23171955825488655,0.23171955825488655,0.0,0,highway_0,1,441.72508793648046,765.7250879364805,llm_1,-1029.086731274158
17.5,ego_0,768.5337610638962,-8.0,28.086731274157994,1000.0,,0.23171955825488655,0.23171955825488655,0.23171955825488655,0.23171955825488655,0.0,0,highway_0,1,444.53376106389624,768.5337610638962,llm_1,-1029.086731274158
17.6,ego_0,771.342434191312,-8.0,28.086731274157994,1000.0,,0.23171955825488655,0.23171955825488655,0.23171955825488655,0.23171955825488655,0.0,0,highway_0,1,447.342434191312,771.342434191312,llm_1,-1029.086731274158
17.7,ego_0,774.1511073187278,-8.01,28.086731274157994,1000.0,,0.23171955825488655,0.23171955825488655,0.23171955825488655,0.23171955825488655,0.0,0,highway_0,1,450.1511073187278,774.1511073187278,llm_1,-1029.086731274158
17.8,ego_0,776.9597804461436,-8.03,28.086731274157994,1000.0,,0.23171955825488655,0.23171955825488655,0.23171955825488655,0.23171955825488655,0.0,0,highway_0,1,452.95978044614355,776.9597804461436,,-1029.086731274158
0,llm_0,338.0,-4.8,21.3,1000.0,,,,,,0,0,highway_0,2,0.0,338.0,,-1022.3
0.1,llm_0,340.1225025574475,-4.8,21.22502557447475,1000.0,,-0.7572416978050445,-0.7572416978050445,-0.7572416978050445,-0.7572416978050445,-0.7497442552525158,0,highway_0,2,2.12250255744749,340.1225025574475,,-1022.2250255744748
0.2,llm_0,342.2380355363003,-4.8,21.155329788528203,1000.0,,-0.7039274380601084,-0.7039274380601084,-0.7039274380601084,-0.7039274380601084,-0.6969578594654635,0,highway_0,2,4.238035536300288,342.2380355363003,,-1022.1553297885282
0.3,llm_0,344.34709297587773,-4.8,21.09057439577452,1000.0,,-0.6540294668121842,-0.6540294668121842,-0.6540294668121842,-0.6540294668121842,-0.6475539275368192,0,highway_0,2,6.347092975877729,344.34709297587773,,-1022.0905743957745
0.4,llm_0,346.45615041545517,-4.8,21.09057439577452,1000.0,,0.0,0.0,0.0,0.0,0.0,0,highway_0,2,8.45615041545517,346.45615041545517,,-1022.0905743957745
0.5,llm_0,348.5652078550326,-4.8,21.09057439577452,1000.0,,0.0,0.0,0.0,0.0,0.0,0,highway_0,2,10.565207855032611,348.5652078550326,,-1022.0905743957745
0.6,llm_0,350.67426529461005,-4.8,21.09057439577452,1000.0,,0.0,0.0,0.0,0.0,0.0,0,highway_0,2,12.674265294610052,350.67426529461005,,-1022.0905743957745
0.7,llm_0,352.7833227341875,-4.8,21.09057439577452,1000.0,,0.0,0.0,0.0,0.0,0.0,0,highway_0,2,14.783322734187493,352.7833227341875,,-1022.0905743957745
0.8,llm_0,354.89238017376493,-4.8,21.09057439577452,1000.0,,0.0,0.0,0.0,0.0,0.0,0,highway_0,2,16.892380173764934,354.89238017376493,,-1022.0905743957745
0.9,llm_0,357.0014376133424,-4.8,21.09057439577452,1000.0,,0.0,0.0,0.0,0.0,0.0,0,highway_0,2,19.001437613342375,357.0014376133424,,-1022.0905743957745
1.0,llm_0,359.1104950529198,-4.8,21.09057439577452,1000.0,,0.0,0.0,0.0,0.0,0.0,0,highway_0,2,21.110495052919816,359.1104950529198,,-1022.0905743957745
1.1,llm_0,361.21955249249726,-4.8,21.09057439577452,1000.0,,0.0,0.0,0.0,0.0,0.0,0,highway_0,2,23.219552492497257,361.21955249249726,,-1022.0905743957745
1.2,llm_0,363.3286099320747,-4.8,21.09057439577452,1000.0,,0.0,0.0,0.0,0.0,0.0,0,highway_0,2,25.3286099320747,363.3286099320747,,-1022.0905743957745
1.3,llm_0,365.43766737165214,-4.8,21.09057439577452,1000.0,,0.0,0.0,0.0,0.0,0.0,0,highway_0,2,27.43766737165214,365.43766737165214,,-1022.0905743957745
1.4,llm_0,367.5467248112296,-4.8,21.09057439577452,1000.0,,0.0,0.0,0.0,0.0,0.0,0,highway_0,2,29.54672481122958,367.5467248112296,,-1022.0905743957745
1.5,llm_0,369.655782250807,-4.8,21.09057439577452,1000.0,,0.0,0.0,0.0,0.0,0.0,0,highway_0,2,31.65578225080702,369.655782250807,,-1022.0905743957745
1.6,llm_0,371.76483969038446,-4.8,21.09057439577452,1000.0,,0.0,0.0,0.0,0.0,0.0,0,highway_0,2,33.76483969038446,371.76483969038446,,-1022.0905743957745
1.7,llm_0,373.8738971299619,-4.8,21.09057439577452,1000.0,,0.0,0.0,0.0,0.0,0.0,0,highway_0,2,35.873897129961904,373.8738971299619,,-1022.0905743957745
1.8,llm_0,375.98295456953934,-4.8,21.09057439577452,1000.0,,0.0,0.0,0.0,0.0,0.0,0,highway_0,2,37.982954569539345,375.98295456953934,,-1022.0905743957745
1.9,llm_0,378.0920120091168,-4.8,21.09057439577452,1000.0,,0.0,0.0,0.0,0.0,0.0,0,highway_0,2,40.092012009116786,378.0920120091168,,-1022.0905743957745
2.0,llm_0,380.2010694486942,-4.8,21.09057439577452,1000.0,,0.0,0.0,0.0,0.0,0.0,0,highway_0,2,42.20106944869423,380.2010694486942,,-1022.0905743957745
2.1,llm_0,382.31012688827167,-4.8,21.09057439577452,1000.0,,0.0,0.0,0.0,0.0,0.0,0,highway_0,2,44.31012688827167,382.31012688827167,,-1022.0905743957745
2.2,llm_0,384.4191843278491,-4.8,21.09057439577452,1000.0,,0.0,0.0,0.0,0.0,0.0,0,highway_0,2,46.41918432784911,384.4191843278491,,-1022.0905743957745
2.3,llm_0,386.52824176742655,-4.8,21.09057439577452,1000.0,,0.0,0.0,0.0,0.0,0.0,0,highway_0,2,48.52824176742655,386.52824176742655,,-1022.0905743957745
2.4,llm_0,388.637299207004,-4.8,21.09057439577452,1000.0,,0.0,0.0,0.0,0.0,0.0,0,highway_0,2,50.63729920700399,388.637299207004,,-1022.0905743957745
2.5,llm_0,390.74635664658143,-4.8,21.09057439577452,1000.0,,0.0,0.0,0.0,0.0,0.0,0,highway_0,2,52.74635664658143,390.74635664658143,,-1022.0905743957745
2.6,llm_0,392.8554140861589,-4.8,21.09057439577452,1000.0,,0.0,0.0,0.0,0.0,0.0,0,highway_0,2,54.85541408615887,392.8554140861589,,-1022.0905743957745
2.7,llm_0,394.9644715257363,-4.8,21.09057439577452,1000.0,,0.0,0.0,0.0,0.0,0.0,0,highway_0,2,56.964471525736315,394.9644715257363,,-1022.0905743957745
2.8,llm_0,397.07352896531376,-4.8,21.09057439577452,1000.0,,0.0,0.0,0.0,0.0,0.0,0,highway_0,2,59.073528965313756,397.07352896531376,,-1022.0905743957745
2.9,llm_0,399.1825864048912,-4.8,21.09057439577452,1000.0,,0.0,0.0,0.0,0.0,0.0,0,highway_0,2,61.1825864048912,399.1825864048912,,-1022.0905743957745
3.0,llm_0,401.29164384446864,-4.8,21.09057439577452,1000.0,,0.0,0.0,0.0,0.0,0.0,0,highway_0,2,63.29164384446864,401.29164384446864,,-1022.0905743957745
3.1,llm_0,403.4007012840461,-4.8,21.09057439577452,1000.0,,0.0,0.0,0.0,0.0,0.0,0,highway_0,2,65.40070128404608,403.4007012840461,,-1022.0905743957745
3.2,llm_0,405.5097587236235,-4.8,21.09057439577452,1000.0,,0.0,0.0,0.0,0.0,0.0,0,highway_0,2,67.50975872362352,405.5097587236235,,-1022.0905743957745
3.3,llm_0,407.61881616320096,-4.8,21.09057439577452,1000.0,,0.0,0.0,0.0,0.0,0.0,0,highway_0,2,69.61881616320096,407.61881616320096,,-1022.0905743957745
3.4,llm_0,409.7278736027784,-4.8,21.09057439577452,1000.0,,0.0,0.0,0.0,0.0,0.0,0,highway_0,2,71.7278736027784,409.7278736027784,,-1022.0905743957745
3.5,llm_0,411.83693104235584,-4.8,21.09057439577452,1000.0,,0.0,0.0,0.0,0.0,0.0,0,highway_0,2,73.83693104235584,411.83693104235584,,-1022.0905743957745
3.6,llm_0,413.9459884819333,-4.8,21.09057439577452,1000.0,,0.0,0.0,0.0,0.0,0.0,0,highway_0,2,75.94598848193328,413.9459884819333,,-1022.0905743957745
3.7,llm_0,416.0550459215107,-4.8,21.09057439577452,1000.0,,0.0,0.0,0.0,0.0,0.0,0,highway_0,2,78.05504592151073,416.0550459215107,,-1022.0905743957745
3.8,llm_0,418.16410336108817,-4.8,21.09057439577452,1000.0,,0.0,0.0,0.0,0.0,0.0,0,highway_0,2,80.16410336108817,418.16410336108817,,-1022.0905743957745
3.9,llm_0,420.2731608006656,-4.8,21.09057439577452,1000.0,,0.0,0.0,0.0,0.0,0.0,0,highway_0,2,82.27316080066561,420.2731608006656,,-1022.0905743957745
4.0,llm_0,422.38221824024305,-4.8,21.09057439577452,1000.0,,0.0,0.0,0.0,0.0,0.0,0,highway_0,2,84.38221824024305,422.38221824024305,,-1022.0905743957745
4.1,llm_0,424.4912756798205,-4.8,21.09057439577452,1000.0,,0.0,0.0,0.0,0.0,0.0,0,highway_0,2,86.49127567982049,424.4912756798205,,-1022.0905743957745
4.2,llm_0,426.60033311939793,-4.8,21.09057439577452,1000.0,,0.0,0.0,0.0,0.0,0.0,0,highway_0,2,88.60033311939793,426.60033311939793,,-1022.0905743957745
4.3,llm_0,428.7141610658773,-4.8,21.138279464793822,1000.0,,0.48182119709493065,0.48182119709493065,0.48182119709493065,0.48182119709493065,0.4770506901930105,0,highway_0,2,90.7141610658773,428.7141610658773,,-1022.1382794647939
4.4,llm_0,430.83291656652654,-4.8,21.187555006492442,1000.0,,0.49768297115603954,0.49768297115603954,0.49768297115603954,0.49768297115603954,0.4927554169861992,0,highway_0,2,92.83291656652654,430.83291656652654,,-1022.1875550064924
4.5,llm_0,432.9565530845395,-4.8,21.23636518012973,1000.0,,0.4929827537366237,0.4929827537366237,0.4929827537366237,0.4929827537366237,0.4881017363728901,0,highway_0,2,94.95655308453951,432.9565530845395,,-1022.2363651801297
4.6,llm_0,435.0850242013941,-4.8,21.284711168545815,1000.0,,0.4882944830024659,0.4882944830024659,0.4882944830024659,0.4882944830024659,0.48345988416084396,0,highway_0,2,97.0850242013941,435.0850242013941,,-1022.2847111685459
4.7,llm_0,437.2182836234062,-4.8,21.33259422012081,1000.0,,0.48361882090746544,0.48361882090746544,0.48361882090746544,0.48361882090746544,0.47883051574995505,0,highway_0,2,99.2182836234062,437.2182836234062,,-1022.3325942201208
4.8,llm_0,439.3564812039269,-4.8,21.38197580520654,1000.0,,0.4987540093658579,0.4987540093658579,0.4987540093658579,0.4987540093658579,0.4938158508572954,0,highway_0,2,101.35648120392688,439.3564812039269,,-1022.3819758052066
4.9,llm_0,441.49957083046587,-4.8,21.4308962653901,1000.0,,0.4940966478539376,0.4940966478539376,0.4940966478539376,0.4940966478539376,0.48920460183559555,0,highway_0,2,103.49957083046587,441.49957083046587,,-1022.4308962653901
5.0,llm_0,443.6475065050133,-4.8,21.479356745474355,1000.0,,0.4894508488509761,0.4894508488509761,0.4894508488509761,0.4894508488509761,0.4846048008425541,0,highway_0,2,105.64750650501333,443.6475065050133,,-1022.4793567454743
5.1,llm_0,445.8002423504283,-4.8,21.527358454149663,1000.0,,0.4848172576206098,0.4848172576206098,0.4848172576206098,0.4848172576206098,0.4800170867530795,0,highway_0,2,107.80024235042828,445.8002423504283,,-1022.5273584541496
5.2,llm_0,447.9579214338844,-4.8,21.576790834561304,1000.0,,0.4992670421575792,0.4992670421575792,0.4992670421575792,0.4992670421575792,0.4943238041164122,0,highway_0,2,109.9579214338844,447.9579214338844,,-1022.5767908345613
5.3,llm_0,450.1204980611722,-4.8,21.625766272877943,1000.0,,0.4946519269980483,0.4946519269980483,0.4946519269980483,0.4946519269980483,0.4897543831663853,0,highway_0,2,112.12049806117221,450.1204980611722,,-1022.625766272878
5.4,llm_0,452.2879266496924,-4.8,21.67428588520149,1000.0,,0.4900480844678027,0.4900480844678027,0.4900480844678027,0.4900480844678027,0.485196123235454,0,highway_0,2,114.28792664969234,452.28792664969234,,-1022.6742858852015
5.5,llm_0,454.46016173467837,-4.8,21.7223508498607,1000.0,,0.48545614305803253,0.48545614305803253,0.48545614305803253,0.48545614305803253,0.48064964659211284,0,highway_0,2,116.46016173467842,454.4601617346784,,-1022.7223508498607
5.6,llm_0,456.63733996602514,-4.8,21.771782313467337,1000.0,,0.49925778242706353,0.49925778242706353,0.49925778242706353,0.49925778242706353,0.4943146360663775,0,highway_0,2,118.63733996602514,456.63733996602514,,-1022.7717823134674
5.7,llm_0,458.8194160611057,-4.8,21.820760950804846,1000.0,,0.4946842371088578,0.4946842371088578,0.4946842371088578,0.4946842371088578,0.48978637337508957,0,highway_0,2,120.81941606110564,458.81941606110564,,-1022.8207609508048
5.8,llm_0,461.0063448468702,-4.8,21.869287857645535,1000.0,,0.4901217590909491,0.4901217590909491,0.4901217590909491,0.4901217590909491,0.4852690684068861,0,highway_0,2,123.0063448468702,461.0063448468702,,-1022.8692878576455
5.9,llm_0,463.1980812659031,-4.8,21.91736419032981,1000.0,,0.4855709601111673,0.4855709601111673,0.4855709601111673,0.4855709601111673,0.48076332684274803,0,highway_0,2,125.19808126590317,463.19808126590317,,-1022.9173641903299
6.0,llm_0,465.40367907107475,-4.8,22.05597805171595,1000.0,,1.4,1.4,1.4,1.4,1.3861386138614051,0,highway_0,2,127.40367907107475,465.40367907107475,,-1023.0559780517159
6.1,llm_0,467.623138262385,-4.8,22.19459191310209,1000.0,,1.4,1.4,1.4,1.4,1.3861386138614051,0,highway_0,2,129.62313826238494,467.62313826238494,,-1023.194591913102
6.2,llm_0,469.8564588398337,-4.8,22.33320577448823,1000.0,,1.4,1.4,1.4,1.4,1.3861386138614051,0,highway_0,2,131.85645883983375,469.85645883983375,,-1023.3332057744882
6.3,llm_0,472.1036408034211,-4.8,22.471819635874372,1000.0,,1.4,1.4,1.4,1.4,1.3861386138614051,0,highway_0,2,134.10364080342117,472.1036408034212,,-1023.4718196358743
6.4,llm_0,474.36468415314715,-4.8,22.610433497260512,1000.0,,1.4,1.4,1.4,1.4,1.3861386138614051,0,highway_0,2,136.3646841531472,474.3646841531472,,-1023.6104334972605
6.5,llm_0,476.6395888890118,-4.8,22.749047358646653,1000.0,,1.4,1.4,1.4,1.4,1.3861386138614051,0,highway_0,2,138.63958888901186,476.63958888901186,,-1023.7490473586466
6.6,llm_0,478.9283550110151,-4.8,22.887661220032793,1000.0,,1.4,1.4,1.4,1.4,1.3861386138614051,0,highway_0,2,140.92835501101513,478.9283550110151,,-1023.8876612200328
6.7,llm_0,481.230982519157,-4.8,23.026275081418934,1000.0,,1.4,1.4,1.4,1.4,1.3861386138614051,0,highway_0,2,143.230982519157,481.230982519157,,-1024.026275081419
6.8,llm_0,483.54747141343756,-4.8,23.164888942805074,1000.0,,1.4,1.4,1.4,1.4,1.3861386138614051,0,highway_0,2,145.5474714134375,483.5474714134375,,-1024.164888942805
6.9,llm_0,485.87782169385656,-4.8,23.303502804191215,1000.0,,1.4,1.4,1.4,1.4,1.3861386138614051,0,highway_0,2,147.87782169385662,485.8778216938566,,-1024.303502804191
7.0,llm_0,488.22203336041434,-4.8,23.442116665577355,1000.0,,1.4,1.4,1.4,1.4,1.3861386138614051,0,highway_0,2,150.22203336041434,488.22203336041434,,-1024.4421166655773
7.1,llm_0,490.5801064131107,-4.8,23.580730526963496,1000.0,,1.4,1.4,1.4,1.4,1.3861386138614051,0,highway_0,2,152.58010641311068,490.5801064131107,,-1024.5807305269634
7.2,llm_0,492.95204085194564,-4.8,23.719344388349636,1000.0,,1.4,1.4,1.4,1.4,1.3861386138614051,0,highway_0,2,154.95204085194564,492.95204085194564,,-1024.7193443883496
7.3,llm_0,495.3378366769192,-4.8,23.857958249735777,1000.0,,1.4,1.4,1.4,1.4,1.3861386138614051,0,highway_0,2,157.3378366769192,495.3378366769192,,-1024.8579582497357
7.4,llm_0,497.73749388803134,-4.8,23.996572111121917,1000.0,,1.4,1.4,1.4,1.4,1.3861386138614051,0,highway_0,2,159.7374938880314,497.7374938880314,,-1024.9965721111218
7.5,llm_0,500.1510124852822,-4.8,24.135185972508058,1000.0,,1.4,1.4,1.4,1.4,1.3861386138614051,0,highway_0,2,162.1510124852822,500.1510124852822,,-1025.135185972508
7.6,llm_0,502.5783924686716,-4.8,24.2737998338942,1000.0,,1.4,1.4,1.4,1.4,1.3861386138614051,0,highway_0,2,164.5783924686716,502.5783924686716,,-1025.2737998338941
7.7,llm_0,505.01963383819964,-4.8,24.41241369528034,1000.0,,1.4,1.4,1.4,1.4,1.3861386138614051,0,highway_0,2,167.01963383819964,505.01963383819964,,-1025.4124136952803
7.8,llm_0,507.47473659386634,-4.8,24.55102755666648,1000.0,,1.4,1.4,1.4,1.4,1.3861386138614051,0,highway_0,2,169.47473659386628,507.4747365938663,,-1025.5510275566664
7.9,llm_0,509.9437007356715,-4.8,24.68964141805262,1000.0,,1.4,1.4,1.4,1.4,1.3861386138614051,0,highway_0,2,171.94370073567154,509.94370073567154,,-1025.6896414180526
8.0,llm_0,512.4265262636154,-4.8,24.82825527943876,1000.0,,1.4,1.4,1.4,1.4,1.3861386138614051,0,highway_0,2,174.42652626361541,512.4265262636154,,-1025.8282552794387
8.1,llm_0,514.9232131776979,-4.8,24.9668691408249,1000.0,,1.4,1.4,1.4,1.4,1.3861386138614051,0,highway_0,2,176.9232131776979,514.9232131776979,,-1025.9668691408249
8.2,llm_0,517.433761477919,-4.8,25.10548300221104,1000.0,,1.4,1.4,1.4,1.4,1.3861386138614051,0,highway_0,2,179.433761477919,517.433761477919,,-1026.105483002211
8.3,llm_0,519.9581711642787,-4.8,25.244096863597182,1000.0,,1.4,1.4,1.4,1.4,1.3861386138614051,0,highway_0,2,181.95817116427872,519.9581711642787,,-1026.2440968635972
8.4,llm_0,522.496442236777,-4.8,25.382710724983323,1000.0,,1.4,1.4,1.4,1.4,1.3861386138614051,0,highway_0,2,184.49644223677706,522.496442236777,,-1026.3827107249833
8.5,llm_0,525.048574695414,-4.8,25.521324586369463,1000.0,,1.4,1.4,1.4,1.4,1.3861386138614051,0,highway_0,2,187.048574695414,525.048574695414,,-1026.5213245863695
8.6,llm_0,527.6145685401896,-4.8,25.659938447755604,1000.0,,1.4,1.4,1.4,1.4,1.3861386138614051,0,highway_0,2,189.61456854018957,527.6145685401896,,-1026.6599384477556
8.7,llm_0,530.1944237711037,-4.8,25.798552309141744,1000.0,,1.4,1.4,1.4,1.4,1.3861386138614051,0,highway_0,2,192.19442377110374,530.1944237711037,,-1026.7985523091418
8.8,llm_0,532.7881403881565,-4.8,25.937166170527885,1000.0,,1.4,1.4,1.4,1.4,1.3861386138614051,0,highway_0,2,194.78814038815653,532.7881403881565,,-1026.937166170528
8.9,llm_0,535.3957183913479,-4.8,26.075780031914025,1000.0,,1.4,1.4,1.4,1.4,1.3861386138614051,0,highway_0,2,197.39571839134794,535.3957183913479,,-1027.075780031914
9.0,llm_0,538.017157780678,-4.8,26.214393893300166,1000.0,,1.4,1.4,1.4,1.4,1.3861386138614051,0,highway_0,2,200.01715778067796,538.017157780678,,-1027.2143938933002
9.1,llm_0,540.6524585561466,-4.8,26.353007754686306,1000.0,,1.4,1.4,1.4,1.4,1.3861386138614051,0,highway_0,2,202.6524585561466,540.6524585561466,,-1027.3530077546864
9.2,llm_0,543.3016207177538,-4.8,26.491621616072447,1000.0,,1.4,1.4,1.4,1.4,1.3861386138614051,0,highway_0,2,205.30162071775385,543.3016207177538,,-1027.4916216160725
9.3,llm_0,545.9646442654997,-4.8,26.630235477458587,1000.0,,1.4,1.4,1.4,1.4,1.3861386138614051,0,highway_0,2,207.96464426549971,545.9646442654997,,-1027.6302354774587
9.4,llm_0,548.6415291993842,-4.8,26.768849338844728,1000.0,,1.4,1.4,1.4,1.4,1.3861386138614051,0,highway_0,2,210.6415291993842,548.6415291993842,,-1027.7688493388448
9.5,llm_0,551.3322755194073,-4.8,26.90746320023087,1000.0,,1.4,1.4,1.4,1.4,1.3861386138614051,0,highway_0,2,213.3322755194073,551.3322755194073,,-1027.907463200231
9.6,llm_0,554.036883225569,-4.8,27.04607706161701,1000.0,,1.4,1.4,1.4,1.4,1.3861386138614051,0,highway_0,2,216.036883225569,554.036883225569,,-1028.046077061617
9.7,llm_0,556.7553523178693,-4.8,27.18469092300315,1000.0,,1.4,1.4,1.4,1.4,1.3861386138614051,0,highway_0,2,218.75535231786932,556.7553523178693,,-1028.1846909230032
9.8,llm_0,559.4876827963083,-4.8,27.32330478438929,1000.0,,1.4,1.4,1.4,1.4,1.3861386138614051,0,highway_0,2,221.48768279630826,559.4876827963083,,-1028.3233047843894
9.9,llm_0,562.2338746608858,-4.8,27.46191864577543,1000.0,,1.4,1.4,1.4,1.4,1.3861386138614051,0,highway_0,2,224.23387466088582,562.2338746608858,,-1028.4619186457755
10.0,llm_0,564.993927911602,-4.8,27.60053250716157,1000.0,,1.4,1.4,1.4,1.4,1.3861386138614051,0,highway_0,2,226.993927911602,564.993927911602,,-1028.6005325071615
10.1,llm_0,567.7678425484568,-4.8,27.73914636854771,1000.0,,1.4,1.4,1.4,1.4,1.3861386138614051,0,highway_0,2,229.76784254845677,567.7678425484568,,-1028.7391463685476
10.2,llm_0,570.5556185714502,-4.8,27.877760229933852,1000.0,,1.4,1.4,1.4,1.4,1.3861386138614051,0,highway_0,2,232.55561857145017,570.5556185714502,,-1028.8777602299338
10.3,llm_0,573.3572559805822,-4.8,28.016374091319992,1000.0,,1.4,1.4,1.4,1.4,1.3861386138614051,0,highway_0,2,235.35725598058218,573.3572559805822,,-1029.01637409132
10.4,llm_0,576.1727547758528,-4.8,28.154987952706133,1000.0,,1.4,1.4,1.4,1.4,1.3861386138614051,0,highway_0,2,238.1727547758528,576.1727547758528,,-1029.154987952706
10.5,llm_0,579.002114957262,-4.8,28.293601814092273,1000.0,,1.4,1.4,1.4,1.4,1.3861386138614051,0,highway_0,2,241.00211495726205,579.002114957262,,-1029.2936018140922
10.6,llm_0,581.8453365248099,-4.8,28.432215675478414,1000.0,,1.4,1.4,1.4,1.4,1.3861386138614051,0,highway_0,2,243.8453365248099,581.8453365248099,,-1029.4322156754783
10.7,llm_0,584.7024194784964,-4.8,28.570829536864554,1000.0,,1.4,1.4,1.4,1.4,1.3861386138614051,0,highway_0,2,246.70241947849638,584.7024194784964,,-1029.5708295368645
10.8,llm_0,587.5733638183215,-4.8,28.709443398250695,1000.0,,1.4,1.4,1.4,1.4,1.3861386138614051,0,highway_0,2,249.57336381832147,587.5733638183215,,-1029.7094433982506
10.9,llm_0,590.4581695442852,-4.8,28.848057259636835,1000.0,,1.4,1.4,1.4,1.4,1.3861386138614051,0,highway_0,2,252.45816954428517,590.4581695442852,,-1029.8480572596368
11.0,llm_0,593.3568366563875,-4.8,28.986671121022976,1000.0,,1.4,1.4,1.4,1.4,1.3861386138614051,0,highway_0,2,255.3568366563875,593.3568366563875,,-1029.986671121023
11.1,llm_0,596.2693651546284,-4.8,29.125284982409116,1000.0,,1.4,1.4,1.4,1.4,1.3861386138614051,0,highway_0,2,258.2693651546284,596.2693651546284,,-1030.125284982409
11.2,llm_0,599.195755039008,-4.8,29.263898843795257,1000.0,,1.4,1.4,1.4,1.4,1.3861386138614051,0,highway_0,2,261.19575503900796,599.195755039008,,-1030.2638988437952
11.3,llm_0,602.1360063095261,-4.8,29.402512705181397,1000.0,,1.4,1.4,1.4,1.4,1.3861386138614051,0,highway_0,2,264.1360063095261,602.1360063095261,,-1030.4025127051814
11.4,llm_0,605.0901189661829,-4.8,29.541126566567538,1000.0,,1.4,1.4,1.4,1.4,1.3861386138614051,0,highway_0,2,267.0901189661829,605.0901189661829,,-1030.5411265665675
11.5,llm_0,608.0580930089783,-4.8,29.67974042795368,1000.0,,1.4,1.4,1.4,1.4,1.3861386138614051,0,highway_0,2,270.0580930089783,608.0580930089783,,-1030.6797404279537
11.6,llm_0,611.0244139675997,-4.8,29.66320958621361,1000.0,,-0.16696150157467526,-0.16696150157467526,-0.16696150157467526,-0.16696150157467526,-0.1653084174006736,0,highway_0,2,273.0244139675997,611.0244139675997,,-1030.6632095862137
11.7,llm_0,613.9891075618219,-4.8,29.646935942222463,1000.0,,-0.16436380431059883,-0.16436380431059883,-0.16436380431059883,-0.16436380431059883,-0.1627364399114839,0,highway_0,2,275.9891075618219,613.9891075618219,,-1030.6469359422224
11.8,llm_0,616.9521990692882,-4.8,29.63091507466275,1000.0,,-0.16181076235313396,-0.16181076235313396,-0.16181076235313396,-0.16181076235313396,-0.16020867559713992,0,highway_0,2,278.9521990692882,616.9521990692882,,-1030.6309150746627
11.9,llm_0,619.9137133343795,-4.8,29.615142650912873,1000.0,,-0.1593014798737733,-0.1593014798737733,-0.1593014798737733,-0.1593014798737733,-0.15772423749876197,0,highway_0,2,281.9137133343795,619.9137133343795,,-1030.615142650913
12.0,llm_0,622.8738902682828,-4.8,29.601769339033073,1000.0,,-0.13507044998598605,-0.13507044998598605,-0.13507044998598605,-0.13507044998598605,-0.13373311879799843,0,highway_0,2,284.8738902682828,622.8738902682828,,-1030.6017693390331
12.1,llm_0,625.8327501568101,-4.8,29.588598885273353,1000.0,,-0.13302158297319155,-0.13302158297319155,-0.13302158297319155,-0.13302158297319155,-0.13170453759720147,0,highway_0,2,287.8327501568101,625.8327501568101,,-1030.5885988852733
12.2,llm_0,628.7903129512072,-4.8,29.57562794397068,1000.0,,-0.1310065071569957,-0.1310065071569957,-0.1310065071569957,-0.1310065071569957,-0.129709413026724,0,highway_0,2,290.79031295120717,628.7903129512072,,-1030.5756279439706
12.3,llm_0,631.746598274466,-4.8,29.56285323258842,1000.0,,-0.1290245849608218,-0.1290245849608218,-0.1290245849608218,-0.1290245849608218,-0.1277471138226005,0,highway_0,2,293.746598274466,631.746598274466,,-1030.5628532325884
12.4,llm_0,634.7018264894498,-4.8,29.552282149837566,1000.0,,-0.10676793578363175,-0.10676793578363175,-0.10676793578363175,-0.10676793578363175,-0.10571082750853833,0,highway_0,2,296.7018264894498,634.7018264894498,,-1030.5522821498375
12.5,llm_0,637.6560132613374,-4.8,29.54186771887681,1000.0,,-0.10518575270363373,-0.10518575270363373,-0.10518575270363373,-0.10518575270363373,-0.1041443096075767,0,highway_0,2,299.6560132613374,637.6560132613374,,-1030.5418677188768
12.6,llm_0,640.6091740067372,-4.8,29.53160745399851,1000.0,,-0.10362867527081931,-0.10362867527081931,-0.10362867527081931,-0.10362867527081931,-0.10260264878297676,0,highway_0,2,302.60917400673725,640.6091740067372,,-1030.5316074539985
12.7,llm_0,643.5613238981077,-4.8,29.52149891370464,1000.0,,-0.10209625696811298,-0.10209625696811298,-0.10209625696811298,-0.10209625696811298,-0.1010854029387076,0,highway_0,2,305.56132389810773,643.5613238981077,,-1030.5214989137046
12.8,llm_0,646.5126658221711,-4.8,29.513419240634214,1000.0,,-0.08160469801129877,-0.08160469801129877,-0.08160469801129877,-0.08160469801129877,-0.08079673070426452,0,highway_0,2,308.51266582217113,646.5126658221711,,-1030.5134192406342
12.9,llm_0,649.4632114977579,-4.8,29.505456755868217,1000.0,,-0.08042109613656812,-0.08042109613656812,-0.08042109613656812,-0.08042109613656812,-0.07962484765997146,0,highway_0,2,311.4632114977579,649.4632114977579,,-1030.5054567558682
13.0,llm_0,652.4129724643153,-4.8,29.497609665573805,1000.0,,-0.07925561197358344,-0.07925561197358344,-0.07925561197358344,-0.07925561197358344,-0.07847090294411885,0,highway_0,2,314.4129724643153,652.4129724643153,,-1030.4976096655737
13.1,llm_0,655.3619600849212,-4.8,29.48987620605832,1000.0,,-0.07810794110639052,-0.07810794110639052,-0.07810794110639052,-0.07810794110639052,-0.07733459515485208,0,highway_0,2,317.3619600849212,655.3619600849212,,-1030.4898762060584
13.2,llm_0,658.310361552032,-4.8,29.484014671108326,1000.0,,-0.0592015029949311,-0.0592015029949311,-0.0592015029949311,-0.0592015029949311,-0.05861534949993086,0,highway_0,2,320.31036155203196,658.310361552032,,-1030.4840146711083
13.3,llm_0,661.2581852010418,-4.8,29.478236490097714,1000.0,,-0.0583596282071841,-0.0583596282071841,-0.0583596282071841,-0.0583596282071841,-0.057781810106121156,0,highway_0,2,323.2581852010418,661.2581852010418,,-1030.4782364900977
13.4,llm_0,664.2054392439467,-4.8,29.47254042904861,1000.0,,-0.05753021659592861,-0.05753021659592861,-0.05753021659592861,-0.05753021659592861,-0.056960610491039176,0,highway_0,2,326.20543924394667,664.2054392439467,,-1030.4725404290486
13.5,llm_0,667.1521317713081,-4.8,29.466925273613803,1000.0,,-0.05671306989152902,-0.05671306989152902,-0.05671306989152902,-0.05671306989152902,-0.05615155434806951,0,highway_0,2,329.15213177130806,667.1521317713081,,-1030.4669252736137
13.6,llm_0,670.0984358230138,-4.8,29.463040517057017,1000.0,,-0.039236041223531304,-0.039236041223531304,-0.039236041223531304,-0.039236041223531304,-0.038847565567863285,0,highway_0,2,332.0984358230138,670.0984358230138,,-1030.463040517057
13.7,llm_0,673.0443568240161,-4.8,29.45921001002282,1000.0,,-0.03868812104538932,-0.03868812104538932,-0.03868812104538932,-0.03868812104538932,-0.03830507034198405,0,highway_0,2,335.04435682401606,673.0443568240161,,-1030.4592100100228
13.8,llm_0,675.9899001214086,-4.8,29.45543297392486,1000.0,,-0.03814806458938613,-0.03814806458938613,-0.03814806458938613,-0.03814806458938613,-0.037770360979578754,0,highway_0,2,337.9899001214086,675.9899001214086,,-1030.4554329739249
13.9,llm_0,678.9350709856017,-4.8,29.451708641930534,1000.0,,-0.03761575314271015,-0.03761575314271015,-0.03761575314271015,-0.03761575314271015,-0.03724331994327201,0,highway_0,2,340.93507098560167,678.9350709856017,,-1030.4517086419305
14.0,llm_0,681.8800296454835,-4.8,29.449586598818488,1000.0,,-0.021432635431640312,-0.021432635431640312,-0.021432635431640312,-0.021432635431640312,-0.021220431120454464,0,highway_0,2,343.88002964548355,681.8800296454835,,-1030.4495865988185
14.1,llm_0,684.8247790154271,-4.8,29.447493699435256,1000.0,,-0.021138283770672395,-0.021138283770672395,-0.021138283770672395,-0.021138283770672395,-0.02092899383232094,0,highway_0,2,346.8247790154271,684.8247790154271,,-1030.4474936994352
14.2,llm_0,687.7693219691628,-4.8,29.44542953735635,1000.0,,-0.020848036996966135,-0.020848036996966135,-0.020848036996966135,-0.020848036996966135,-0.020641620789056958,0,highway_0,2,349.7693219691628,687.7693219691628,,-1030.4454295373564
14.3,llm_0,690.713661340362,-4.8,29.443393711992908,1000.0,,-0.020561836170773562,-0.020561836170773562,-0.020561836170773562,-0.020561836170773562,-0.020358253634427115,0,highway_0,2,352.713661340362,690.713661340362,,-1030.443393711993
14.4,llm_0,693.6579457206166,-4.8,29.442843802545678,1000.0,,-0.005554085417025512,-0.005554085417025512,-0.005554085417025512,-0.005554085417025512,-0.005499094472298793,0,highway_0,2,355.65794572061657,693.6579457206166,,-1030.4428438025457
14.5,llm_0,696.6021758536905,-4.8,29.44230133073924,1000.0,,-0.005478965245016676,-0.005478965245016676,-0.005478965245016676,-0.005478965245016676,-0.0054247180643685056,0,highway_0,2,358.6021758536905,696.6021758536905,,-1030.4423013307392
14.6,llm_0,699.5463524732475,-4.8,29.441766195569627,1000.0,,-0.005404865213090693,-0.005404865213090693,-0.005404865213090693,-0.005404865213090693,-0.005351351696134543,0,highway_0,2,361.54635247324745,699.5463524732475,,-1030.4417661955697
14.7,llm_0,702.490476302989,-4.8,29.441238297415474,1000.0,,-0.005331771356920756,-0.005331771356920756,-0.005331771356920756,-0.005331771356920756,-0.005278981541536609,0,highway_0,2,364.490476302989,702.490476302989,,-1030.4412382974156
14.8,llm_0,705.4346001327306,-4.8,29.441238297415474,1000.0,,0.0,0.0,0.0,0.0,0.0,0,highway_0,2,367.43460013273057,705.4346001327306,,-1030.4412382974156
14.9,llm_0,708.3787239624721,-4.8,29.441238297415474,1000.0,,0.0,0.0,0.0,0.0,0.0,0,highway_0,2,370.3787239624721,708.3787239624721,,-1030.4412382974156
15.0,llm_0,711.3228477922137,-4.8,29.441238297415474,1000.0,,0.0,0.0,0.0,0.0,0.0,0,highway_0,2,373.3228477922137,711.3228477922137,,-1030.4412382974156
15.1,llm_0,714.2669716219552,-4.8,29.441238297415474,1000.0,,0.0,0.0,0.0,0.0,0.0,0,highway_0,2,376.26697162195524,714.2669716219552,,-1030.4412382974156
15.2,llm_0,717.2110954516968,-4.8,29.441238297415474,1000.0,,0.0,0.0,0.0,0.0,0.0,0,highway_0,2,379.2110954516968,717.2110954516968,,-1030.4412382974156
15.3,llm_0,720.1552192814383,-4.8,29.441238297415474,1000.0,,0.0,0.0,0.0,0.0,0.0,0,highway_0,2,382.15521928143835,720.1552192814383,,-1030.4412382974156
15.4,llm_0,723.0993431111799,-4.8,29.441238297415474,1000.0,,0.0,0.0,0.0,0.0,0.0,0,highway_0,2,385.0993431111799,723.0993431111799,,-1030.4412382974156
15.5,llm_0,726.0434669409215,-4.8,29.441238297415474,1000.0,,0.0,0.0,0.0,0.0,0.0,0,highway_0,2,388.04346694092146,726.0434669409215,,-1030.4412382974156
15.6,llm_0,728.987590770663,-4.8,29.441238297415474,1000.0,,0.0,0.0,0.0,0.0,0.0,0,highway_0,2,390.987590770663,728.987590770663,,-1030.4412382974156
15.7,llm_0,731.9317146004046,-4.8,29.441238297415474,1000.0,,0.0,0.0,0.0,0.0,0.0,0,highway_0,2,393.9317146004046,731.9317146004046,,-1030.4412382974156
15.8,llm_0,734.8758384301461,-4.8,29.441238297415474,1000.0,,0.0,0.0,0.0,0.0,0.0,0,highway_0,2,396.87583843014613,734.8758384301461,,-1030.4412382974156
15.9,llm_0,737.8199622598877,-4.8,29.441238297415474,1000.0,,0.0,0.0,0.0,0.0,0.0,0,highway_0,2,399.8199622598877,737.8199622598877,,-1030.4412382974156
16.0,llm_0,740.7640860896292,-4.8,29.441238297415474,1000.0,,0.0,0.0,0.0,0.0,0.0,0,highway_0,2,402.76408608962925,740.7640860896292,,-1030.4412382974156
16.1,llm_0,743.7082099193708,-4.8,29.441238297415474,1000.0,,0.0,0.0,0.0,0.0,0.0,0,highway_0,2,405.7082099193708,743.7082099193708,,-1030.4412382974156
16.2,llm_0,746.6523337491124,-4.8,29.441238297415474,1000.0,,0.0,0.0,0.0,0.0,0.0,0,highway_0,2,408.65233374911236,746.6523337491124,,-1030.4412382974156
16.3,llm_0,749.5964575788539,-4.8,29.441238297415474,1000.0,,0.0,0.0,0.0,0.0,0.0,0,highway_0,2,411.5964575788539,749.5964575788539,,-1030.4412382974156
16.4,llm_0,752.5405814085955,-4.8,29.441238297415474,1000.0,,0.0,0.0,0.0,0.0,0.0,0,highway_0,2,414.5405814085955,752.5405814085955,,-1030.4412382974156
16.5,llm_0,755.484705238337,-4.8,29.441238297415474,1000.0,,0.0,0.0,0.0,0.0,0.0,0,highway_0,2,417.484705238337,755.484705238337,,-1030.4412382974156
16.6,llm_0,758.4288290680786,-4.8,29.441238297415474,1000.0,,0.0,0.0,0.0,0.0,0.0,0,highway_0,2,420.4288290680786,758.4288290680786,,-1030.4412382974156
16.7,llm_0,761.3729528978201,-4.8,29.441238297415474,1000.0,,0.0,0.0,0.0,0.0,0.0,0,highway_0,2,423.37295289782014,761.3729528978201,,-1030.4412382974156
16.8,llm_0,764.3170767275617,-4.8,29.441238297415474,1000.0,,0.0,0.0,0.0,0.0,0.0,0,highway_0,2,426.3170767275617,764.3170767275617,,-1030.4412382974156
16.9,llm_0,767.2612005573033,-4.8,29.441238297415474,1000.0,,0.0,0.0,0.0,0.0,0.0,0,highway_0,2,429.26120055730325,767.2612005573033,,-1030.4412382974156
17.0,llm_0,770.2053243870448,-4.8,29.441238297415474,1000.0,,0.0,0.0,0.0,0.0,0.0,0,highway_0,2,432.2053243870448,770.2053243870448,,-1030.4412382974156
17.1,llm_0,773.1494482167864,-4.8,29.441238297415474,1000.0,,0.0,0.0,0.0,0.0,0.0,0,highway_0,2,435.14944821678637,773.1494482167864,,-1030.4412382974156
17.2,llm_0,776.0935720465279,-4.8,29.441238297415474,1000.0,,0.0,0.0,0.0,0.0,0.0,0,highway_0,2,438.0935720465279,776.0935720465279,,-1030.4412382974156
17.3,llm_0,779.0376958762695,-4.8,29.441238297415474,1000.0,,0.0,0.0,0.0,0.0,0.0,0,highway_0,2,441.0376958762695,779.0376958762695,,-1030.4412382974156
17.4,llm_0,781.981819706011,-4.8,29.441238297415474,1000.0,,0.0,0.0,0.0,0.0,0.0,0,highway_0,2,443.98181970601104,781.981819706011,,-1030.4412382974156
17.5,llm_0,784.9259435357526,-4.8,29.441238297415474,1000.0,,0.0,0.0,0.0,0.0,0.0,0,highway_0,2,446.9259435357526,784.9259435357526,,-1030.4412382974156
17.6,llm_0,787.8700673654942,-4.8,29.441238297415474,1000.0,,0.0,0.0,0.0,0.0,0.0,0,highway_0,2,449.87006736549415,787.8700673654942,,-1030.4412382974156
17.7,llm_0,790.8141911952357,-4.8,29.441238297415474,1000.0,,0.0,0.0,0.0,0.0,0.0,0,highway_0,2,452.8141911952357,790.8141911952357,,-1030.4412382974156
17.8,llm_0,793.7583150249773,-4.8,29.441238297415474,1000.0,,0.0,0.0,0.0,0.0,0.0,0,highway_0,2,455.75831502497726,793.7583150249773,,-1030.4412382974156
0,llm_1,319.0,-11.200000000000001,23.5,1000.0,,,,,,0,0,highway_0,0,0.0,319.0,,-1024.5
0.1,llm_1,321.3341221625237,-11.200000000000001,23.34122162523723,1000.0,,-1.6036615851039469,-1.6036615851039469,-1.6036615851039469,-1.6036615851039469,-1.5877837476276824,0,highway_0,0,2.3341221625237267,321.3341221625237,,-1024.3412216252373
0.2,llm_1,323.6534717922426,-11.200000000000001,23.19349629718911,1000.0,,-1.4920258132860376,-1.4920258132860376,-1.4920258132860376,-1.4920258132860376,-1.4772532804812144,0,highway_0,0,4.6534717922426125,323.6534717922426,,-1024.193496297189
0.3,llm_1,325.9590628035801,-11.200000000000001,23.055910113374804,1000.0,,-1.3896204565244972,-1.3896204565244972,-1.3896204565244972,-1.3896204565244972,-1.3758618381430665,0,highway_0,0,6.959062803580082,325.9590628035801,,-1024.0559101133747
0.4,llm_1,328.2664395478779,-11.200000000000001,23.073767442978166,1000.0,,0.18035902899393885,0.18035902899393885,0.18035902899393885,0.18035902899393885,0.17857329603362615,0,highway_0,0,9.266439547877894,328.2664395478779,,-1024.0737674429781
0.5,llm_1,330.5755768541027,-11.200000000000001,23.09137306224805,1000.0,,0.17781675462584723,0.17781675462584723,0.17781675462584723,0.17781675462584723,0.17605619269883022,0,highway_0,0,11.575576854102678,330.5755768541027,,-1024.091373062248
0.6,llm_1,332.88644984874514,-11.200000000000001,23.108729946424905,1000.0,,0.17530453018621373,0.17530453018621373,0.17530453018621373,0.17530453018621373,0.17356884176855658,0,highway_0,0,13.886449848745144,332.88644984874514,,-1024.108729946425
0.7,llm_1,335.1990339539566,-11.200000000000001,23.125841052114563,1000.0,,0.17282216746554235,0.17282216746554235,0.17282216746554235,0.17282216746554235,0.1711110568965779,0,highway_0,0,16.199033953956587,335.1990339539566,,-1024.1258410521145
0.8,llm_1,337.51370411324814,-11.200000000000001,23.146701592915505,1000.0,,0.21069146208953127,0.21069146208953127,0.21069146208953127,0.21069146208953127,0.20860540800942573,0,highway_0,0,18.51370411324814,337.51370411324814,,-1024.1467015929154
0.9,llm_1,339.83043209075913,-11.200000000000001,23.167279775109733,1000.0,,0.20783964016172773,0.20783964016172773,0.20783964016172773,0.20783964016172773,0.20578182194228134,0,highway_0,0,20.830432090759132,339.83043209075913,,-1024.1672797751098
1.0,llm_1,342.1491899579176,-11.200000000000001,23.187578671584767,1000.0,,0.20501885439784218,0.20501885439784218,0.20501885439784218,0.20501885439784218,0.20298896475033246,0,highway_0,0,23.1491899579176,342.1491899579176,,-1024.1875786715848
1.1,llm_1,344.46995009218585,-11.200000000000001,23.207601342682562,1000.0,,0.20222897808771045,0.20222897808771045,0.20222897808771045,0.20222897808771045,0.20022671097795097,0,highway_0,0,25.469950092185854,344.46995009218585,,-1024.2076013426827
1.2,llm_1,346.7907102264541,-11.200000000000001,23.207601342682562,1000.0,,0.0,0.0,0.0,0.0,0.0,0,highway_0,0,27.79071022645411,346.7907102264541,,-1024.2076013426827
1.3,llm_1,349.11147036072236,-11.200000000000001,23.207601342682562,1000.0,,0.0,0.0,0.0,0.0,0.0,0,highway_0,0,30.111470360722365,349.11147036072236,,-1024.2076013426827
1.4,llm_1,351.4322304949906,-11.200000000000001,23.207601342682562,1000.0,,0.0,0.0,0.0,0.0,0.0,0,highway_0,0,32.43223049499062,351.4322304949906,,-1024.2076013426827
1.5,llm_1,353.7529906292589,-11.200000000000001,23.207601342682562,1000.0,,0.0,0.0,0.0,0.0,0.0,0,highway_0,0,34.752990629258875,353.7529906292589,,-1024.2076013426827
1.6,llm_1,356.0769916016721,-11.200000000000001,23.240009724131895,1000.0,,0.32732465263825816,0.32732465263825816,0.32732465263825816,0.32732465263825816,0.3240838144933278,0,highway_0,0,37.07699160167209,356.0769916016721,,-1024.2400097241318
1.7,llm_1,358.40427115886655,-11.200000000000001,23.272795571944513,1000.0,,0.3311370629074595,0.3311370629074595,0.3311370629074595,0.3311370629074595,0.3278584781261884,0,highway_0,0,39.40427115886655,358.40427115886655,,-1024.2727955719445
1.8,llm_1,360.7348658820171,-11.200000000000001,23.30594723150587,1000.0,,0.3348317615696872,0.3348317615696872,0.3348317615696872,0.3348317615696872,0.3315165956135502,0,highway_0,0,41.73486588201712,360.7348658820171,,-1024.3059472315058
1.9,llm_1,363.06881122096195,-11.200000000000001,23.339453389448334,1000.0,,0.3384121952188788,0.3384121952188788,0.3384121952188788,0.3384121952188788,0.33506157942465364,0,highway_0,0,44.06881122096195,363.06881122096195,,-1024.3394533894484
2.0,llm_1,365.40614152693456,-11.200000000000001,23.373303059725917,1000.0,,0.3418816698035866,0.3418816698035866,0.3418816698035866,0.3418816698035866,0.3384967027758279,0,highway_0,0,46.40614152693456,365.40614152693456,,-1024.373303059726
2.1,llm_1,367.7468900839729,-11.200000000000001,23.407485570383763,1000.0,,0.3452433576442483,0.3452433576442483,0.3452433576442483,0.3452433576442483,0.34182510657846166,0,highway_0,0,48.746890083972914,367.7468900839729,,-1024.4074855703839
2.2,llm_1,370.09108913907113,-11.200000000000001,23.441990550982055,1000.0,,0.3485003040427511,0.3485003040427511,0.3485003040427511,0.3485003040427511,0.34504980598292434,0,highway_0,0,51.09108913907113,370.09108913907113,,-1024.4419905509822
2.3,llm_1,372.4387699311348,-11.200000000000001,23.476807920636656,1000.0,,0.351655433511477,0.351655433511477,0.351655433511477,0.351655433511477,0.34817369654600583,0,highway_0,0,53.4387699311348,372.4387699311348,,-1024.4768079206367
2.4,llm_1,374.7899627187989,-11.200000000000001,23.511927876641305,1000.0,,0.3547115556469723,0.3547115556469723,0.3547115556469723,0.3547115556469723,0.35119956004649566,0,highway_0,0,55.789962718798904,374.7899627187989,,-1024.5119278766413
2.5,llm_1,377.14469680716275,-11.200000000000001,23.547340883638483,1000.0,,0.357671370671512,0.357671370671512,0.357671370671512,0.357671370671512,0.35413006997178087,0,highway_0,0,58.144696807162745,377.14469680716275,,-1024.5473408836385
2.6,llm_1,379.5030005734936,-11.200000000000001,23.583037663308197,1000.0,,0.3605374746641147,0.3605374746641147,0.3605374746641147,0.3605374746641147,0.3569677966971341,0,highway_0,0,60.50300057349358,379.5030005734936,,-1024.5830376633082
2.7,llm_1,381.86490149194816,-11.200000000000001,23.61900918454592,1000.0,,0.3633123645009947,0.3633123645009947,0.3633123645009947,0.3633123645009947,0.3597152123772318,0,highway_0,0,62.86490149194816,381.86490149194816,,-1024.619009184546
2.8,llm_1,384.2304261573584,-11.200000000000001,23.655246654102747,1000.0,,0.36599844252397473,0.36599844252397473,0.36599844252397473,0.36599844252397473,0.3623746955682705,0,highway_0,0,65.23042615735841,384.2304261573584,,-1024.6552466541027
2.9,llm_1,386.59960030812465,-11.200000000000001,23.691741507662556,1000.0,,0.3685980209540638,0.3685980209540638,0.3685980209540638,0.3685980209540638,0.3649485355980886,0,highway_0,0,67.59960030812465,386.59960030812465,,-1024.6917415076625
3.0,llm_1,388.9724488482579,-11.200000000000001,23.728485401332474,1000.0,,0.3711133260661733,0.3711133260661733,0.3711133260661733,0.3711133260661733,0.3674389366991804,0,highway_0,0,69.9724488482579,388.9724488482579,,-1024.7284854013324
3.1,llm_1,391.34511254026927,-11.200000000000001,23.726636920113943,1000.0,,-0.018669660307130798,-0.018669660307130798,-0.018669660307130798,-0.018669660307130798,-0.01848481218530651,0,highway_0,0,72.34511254026927,391.34511254026927,,-1024.7266369201138
3.2,llm_1,393.71777623228064,-11.200000000000001,23.726636920113943,1000.0,,0.0,0.0,0.0,0.0,0.0,0,highway_0,0,74.71777623228064,393.71777623228064,,-1024.7266369201138
3.3,llm_1,396.090439924292,-11.200000000000001,23.726636920113943,1000.0,,0.0,0.0,0.0,0.0,0.0,0,highway_0,0,77.09043992429201,396.090439924292,,-1024.7266369201138
3.4,llm_1,398.4631036163034,-11.200000000000001,23.726636920113943,1000.0,,0.0,0.0,0.0,0.0,0.0,0,highway_0,0,79.46310361630339,398.4631036163034,,-1024.7266369201138
3.5,llm_1,400.83576730831476,-11.200000000000001,23.726636920113943,1000.0,,0.0,0.0,0.0,0.0,0.0,0,highway_0,0,81.83576730831476,400.83576730831476,,-1024.7266369201138
3.6,llm_1,403.20855461026014,-11.200000000000001,23.72787301945365,1000.0,,0.012484603331052058,0.012484603331052058,0.012484603331052058,0.012484603331052058,0.012360993397066977,0,highway_0,0,84.20855461026014,403.20855461026014,,-1024.7278730194537
3.7,llm_1,405.5813419122055,-11.200000000000001,23.72787301945365,1000.0,,0.0,0.0,0.0,0.0,0.0,0,highway_0,0,86.58134191220552,405.5813419122055,,-1024.7278730194537
3.8,llm_1,407.9541292141509,-11.200000000000001,23.72787301945365,1000.0,,0.0,0.0,0.0,0.0,0.0,0,highway_0,0,88.9541292141509,407.9541292141509,,-1024.7278730194537
3.9,llm_1,410.3269165160963,-11.200000000000001,23.72787301945365,1000.0,,0.0,0.0,0.0,0.0,0.0,0,highway_0,0,91.32691651609628,410.3269165160963,,-1024.7278730194537
4.0,llm_1,412.69970381804166,-11.200000000000001,23.72787301945365,1000.0,,0.0,0.0,0.0,0.0,0.0,0,highway_0,0,93.69970381804166,412.69970381804166,,-1024.7278730194537
4.1,llm_1,415.07249111998703,-11.200000000000001,23.72787301945365,1000.0,,0.0,0.0,0.0,0.0,0.0,0,highway_0,0,96.07249111998703,415.07249111998703,,-1024.7278730194537
4.2,llm_1,417.4452784219324,-11.200000000000001,23.72787301945365,1000.0,,0.0,0.0,0.0,0.0,0.0,0,highway_0,0,98.44527842193241,417.4452784219324,,-1024.7278730194537
4.3,llm_1,419.8180657238778,-11.200000000000001,23.72787301945365,1000.0,,0.0,0.0,0.0,0.0,0.0,0,highway_0,0,100.8180657238778,419.8180657238778,,-1024.7278730194537
4.4,llm_1,422.1908530258232,-11.200000000000001,23.72787301945365,1000.0,,0.0,0.0,0.0,0.0,0.0,0,highway_0,0,103.19085302582317,422.1908530258232,,-1024.7278730194537
4.5,llm_1,424.56364032776855,-11.200000000000001,23.72787301945365,1000.0,,0.0,0.0,0.0,0.0,0.0,0,highway_0,0,105.56364032776855,424.56364032776855,,-1024.7278730194537
4.6,llm_1,426.93642762971393,-11.200000000000001,23.72787301945365,1000.0,,0.0,0.0,0.0,0.0,0.0,0,highway_0,0,107.93642762971393,426.93642762971393,,-1024.7278730194537
4.7,llm_1,429.3092149316593,-11.200000000000001,23.72787301945365,1000.0,,0.0,0.0,0.0,0.0,0.0,0,highway_0,0,110.30921493165931,429.3092149316593,,-1024.7278730194537
4.8,llm_1,431.6820022336047,-11.200000000000001,23.72787301945365,1000.0,,0.0,0.0,0.0,0.0,0.0,0,highway_0,0,112.68200223360469,431.6820022336047,,-1024.7278730194537
4.9,llm_1,434.05478953555007,-11.200000000000001,23.72787301945365,1000.0,,0.0,0.0,0.0,0.0,0.0,0,highway_0,0,115.05478953555007,434.05478953555007,,-1024.7278730194537
5.0,llm_1,436.42757683749545,-11.200000000000001,23.72787301945365,1000.0,,0.0,0.0,0.0,0.0,0.0,0,highway_0,0,117.42757683749545,436.42757683749545,,-1024.7278730194537
5.1,llm_1,438.80036413944083,-11.200000000000001,23.72787301945365,1000.0,,0.0,0.0,0.0,0.0,0.0,0,highway_0,0,119.80036413944083,438.80036413944083,,-1024.7278730194537
5.2,llm_1,441.1731514413862,-11.200000000000001,23.72787301945365,1000.0,,0.0,0.0,0.0,0.0,0.0,0,highway_0,0,122.17315144138621,441.1731514413862,,-1024.7278730194537
5.3,llm_1,443.5459387433316,-11.200000000000001,23.72787301945365,1000.0,,0.0,0.0,0.0,0.0,0.0,0,highway_0,0,124.54593874333159,443.5459387433316,,-1024.7278730194537
5.4,llm_1,445.91872604527697,-11.200000000000001,23.72787301945365,1000.0,,0.0,0.0,0.0,0.0,0.0,0,highway_0,0,126.91872604527697,445.91872604527697,,-1024.7278730194537
5.5,llm_1,448.29151334722235,-11.200000000000001,23.72787301945365,1000.0,,0.0,0.0,0.0,0.0,0.0,0,highway_0,0,129.29151334722235,448.29151334722235,,-1024.7278730194537
5.6,llm_1,450.6643006491677,-11.200000000000001,23.72787301945365,1000.0,,0.0,0.0,0.0,0.0,0.0,0,highway_0,0,131.66430064916773,450.6643006491677,,-1024.7278730194537
5.7,llm_1,453.0370879511131,-11.200000000000001,23.72787301945365,1000.0,,0.0,0.0,0.0,0.0,0.0,0,highway_0,0,134.0370879511131,453.0370879511131,,-1024.7278730194537
5.8,llm_1,455.4117710743949,-11.200000000000001,23.746831232818582,1000.0,,0.1914779549858291,0.1914779549858291,0.1914779549858291,0.1914779549858291,0.1895821336493242,0,highway_0,0,136.41177107439495,455.41177107439495,,-1024.7468312328185
5.9,llm_1,457.78832440429767,-11.200000000000001,23.765533299027698,1000.0,,0.18889086871206928,0.18889086871206928,0.18889086871206928,0.18889086871206928,0.18702066209115742,0,highway_0,0,138.78832440429773,457.7883244042977,,-1024.7655332990278
6.0,llm_1,460.1670063782155,-11.200000000000001,23.786819739177794,1000.0,,0.21499304551596488,0.21499304551596488,0.21499304551596488,0.21499304551596488,0.21286440150095842,0,highway_0,0,141.1670063782155,460.1670063782155,,-1024.7868197391779
6.1,llm_1,462.5477891124074,-11.200000000000001,23.807827341918784,1000.0,,0.21217678768402692,0.21217678768402692,0.21217678768402692,0.21217678768402692,0.2100760274099045,0,highway_0,0,143.54778911240737,462.5477891124074,,-1024.8078273419187
6.2,llm_1,464.9306450148982,-11.200000000000001,23.82855902490789,1000.0,,0.20938999818994264,0.20938999818994264,0.20938999818994264,0.20938999818994264,0.20731682989104883,0,highway_0,0,145.93064501489818,464.9306450148982,,-1024.828559024908
6.3,llm_1,467.31554678441177,-11.200000000000001,23.849017695136457,1000.0,,0.2066325693085176,0.2066325693085176,0.2066325693085176,0.2066325693085176,0.204586702285674,0,highway_0,0,148.31554678441182,467.3155467844118,,-1024.8490176951364
6.4,llm_1,469.7027350354312,-11.200000000000001,23.87188251019308,1000.0,,0.23093463207190534,0.23093463207190534,0.23093463207190534,0.23093463207190534,0.22864815056621524,0,highway_0,0,150.70273503543115,469.70273503543115,,-1024.871882510193
6.5,llm_1,472.0921805248447,-11.200000000000001,23.894454894136427,1000.0,,0.22798107782782118,0.22798107782782118,0.22798107782782118,0.22798107782782118,0.22572383943348484,0,highway_0,0,153.09218052484476,472.09218052484476,,-1024.8944548941365
6.6,llm_1,474.48385430100717,-11.200000000000001,23.9167377616237,1000.0,,0.22505696162145228,0.22505696162145228,0.22505696162145228,0.22505696162145228,0.22282867487273705,0,highway_0,0,155.4838543010071,474.4838543010071,,-1024.9167377616236
6.7,llm_1,476.8777277030194,-11.200000000000001,23.938734020122602,1000.0,,0.22216221083889243,0.22216221083889243,0.22216221083889243,0.22216221083889243,0.21996258498901966,0,highway_0,0,157.8777277030194,476.8777277030194,,-1024.9387340201226
6.8,llm_1,479.2740252277412,-11.200000000000001,23.962975247218573,1000.0,,0.2448363936693213,0.2448363936693213,0.2448363936693213,0.2448363936693213,0.2424122709597043,0,highway_0,0,160.27402522774122,479.2740252277412,,-1024.9629752472185
6.9,llm_1,481.6727165437552,-11.200000000000001,23.986913160138972,1000.0,,0.24177292049605048,0.24177292049605048,0.24177292049605048,0.24177292049605048,0.2393791292039893,0,highway_0,0,162.67271654375514,481.67271654375514,,-1024.986913160139
7.0,llm_1,484.07377160869333,-11.200000000000001,24.010550649381734,1000.0,,0.23873864135189804,0.23873864135189804,0.23873864135189804,0.23873864135189804,0.23637489242762655,0,highway_0,0,165.07377160869333,484.07377160869333,,-1025.0105506493817
7.1,llm_1,486.47716066883487,-11.200000000000001,24.033890601416196,1000.0,,0.23573351554806965,0.23573351554806965,0.23573351554806965,0.23573351554806965,0.2333995203446193,0,highway_0,0,167.47716066883493,486.4771606688349,,-1025.0338906014163
7.2,llm_1,488.8830935787633,-11.200000000000001,24.059329099283264,1000.0,,0.25692882845739584,0.25692882845739584,0.25692882845739584,0.25692882845739584,0.25438497867067866,0,highway_0,0,169.88309357876324,488.88309357876324,,-1025.0593290992833
7.3,llm_1,491.29153914054206,-11.200000000000001,24.084455617788148,1000.0,,0.25377783689933975,0.25377783689933975,0.25377783689933975,0.25377783689933975,0.25126518504883677,0,highway_0,0,172.29153914054206,491.29153914054206,,-1025.084455617788
7.4,llm_1,493.70529504431914,-11.200000000000001,24.137559037771084,1000.0,,0.5363445418276618,0.5363445418276618,0.5363445418276618,0.5363445418276618,0.5310341998293566,0,highway_0,0,174.70529504431914,493.70529504431914,,-1025.137559037771
7.5,llm_1,496.1243521539655,-11.200000000000001,24.190571096463476,1000.0,,0.5354217927931639,0.5354217927931639,0.5354217927931639,0.5354217927931639,0.5301205869239212,0,highway_0,0,177.1243521539655,496.1243521539655,,-1025.1905710964634
7.6,llm_1,498.54870117477356,-11.200000000000001,24.24349020808052,1000.0,,0.5344830273321601,0.5344830273321601,0.5344830273321601,0.5344830273321601,0.5291911161704377,0,highway_0,0,179.54870117477356,498.54870117477356,,-1025.2434902080806
7.7,llm_1,500.9783326548387,-11.200000000000001,24.296314800651825,1000.0,,0.5335283849702143,0.5335283849702143,0.5335283849702143,0.5335283849702143,0.5282459257130512,0,highway_0,0,181.9783326548387,500.9783326548387,,-1025.2963148006518
7.8,llm_1,503.41323698643197,-11.200000000000001,24.34904331593266,1000.0,,0.5325580043364604,0.5325580043364604,0.5325580043364604,0.5325580043364604,0.5272851528083677,0,highway_0,0,184.41323698643197,503.41323698643197,,-1025.3490433159327
7.9,llm_1,505.8534044073641,-11.200000000000001,24.401674209321175,1000.0,,0.5315720232239951,0.5315720232239951,0.5315720232239951,0.5315720232239951,0.5263089338851401,0,highway_0,0,186.8534044073641,505.8534044073641,,-1025.401674209321
8.0,llm_1,508.29882500234226,-11.200000000000001,24.45420594978139,1000.0,,0.5305705786481554,0.5305705786481554,0.5305705786481554,0.5305705786481554,0.5253174046021414,0,highway_0,0,189.29882500234226,508.29882500234226,,-1025.4542059497815
8.1,llm_1,510.7494887043194,-11.200000000000001,24.50663701977176,1000.0,,0.529553806902745,0.529553806902745,0.529553806902745,0.529553806902745,0.5243106999036939,0,highway_0,0,191.74948870431945,510.74948870431945,,-1025.5066370197717
8.2,llm_1,513.2053852958373,-11.200000000000001,24.55896591517911,1000.0,,0.5285218436142574,0.5285218436142574,0.5285218436142574,0.5285218436142574,0.5232889540735286,0,highway_0,0,194.20538529583735,513.2053852958373,,-1025.5589659151792
8.3,llm_1,515.6665044103631,-11.200000000000001,24.611191145257738,1000.0,,0.5274748237941442,0.5274748237941442,0.5274748237941442,0.5274748237941442,0.5222523007862634,0,highway_0,0,196.66650441036313,515.6665044103631,,-1025.6111911452576
8.4,llm_1,518.1328355336204,-11.200000000000001,24.6633112325735,1000.0,,0.5264128818891896,0.5264128818891896,0.5264128818891896,0.5264128818891896,0.5212008731576034,0,highway_0,0,199.13283553362044,518.1328355336204,,-1025.6633112325735
8.5,llm_1,520.6043680049157,-11.200000000000001,24.715324712952707,1000.0,,0.5253361518300219,0.5253361518300219,0.5253361518300219,0.5253361518300219,0.5201348037920894,0,highway_0,0,201.60436800491573,520.6043680049157,,-1025.7153247129527
8.6,llm_1,523.0810910184593,-11.200000000000001,24.76723013543566,1000.0,,0.5242447670778203,0.5242447670778203,0.5242447670778203,0.5242447670778203,0.5190542248295316,0,highway_0,0,204.08109101845935,523.0810910184593,,-1025.7672301354357
8.7,llm_1,525.5629936246828,-11.200000000000001,24.8190260622346,1000.0,,0.5231388606692541,0.5231388606692541,0.5231388606692541,0.5231388606692541,0.517959267989383,0,highway_0,0,206.5629936246828,525.5629936246828,,-1025.8190260622346
8.8,llm_1,528.0500647315524,-11.200000000000001,24.870711068695954,1000.0,,0.5220185652596983,0.5220185652596983,0.5220185652596983,0.5220185652596983,0.5168500646135499,0,highway_0,0,209.05006473155242,528.0500647315524,,-1025.870711068696
8.9,llm_1,530.5422931058791,-11.200000000000001,24.922283743266725,1000.0,,0.5208840131647678,0.5208840131647678,0.5208840131647678,0.5208840131647678,0.5157267457077097,0,highway_0,0,211.54229310587914,530.5422931058791,,-1025.9222837432667
9.0,llm_1,533.0396673746257,-11.200000000000001,24.973742687464764,1000.0,,0.5197353364002039,0.5197353364002039,0.5197353364002039,0.5197353364002039,0.5145894419803909,0,highway_0,0,214.03966737462565,533.0396673746257,,-1025.9737426874647
9.1,llm_1,535.542176026211,-11.200000000000001,25.025086515852898,1000.0,,0.5185726667201597,0.5185726667201597,0.5185726667201597,0.5185726667201597,0.5134382838813423,0,highway_0,0,216.542176026211,535.542176026211,,-1026.025086515853
9.2,llm_1,538.0498074118127,-11.200000000000001,25.076313856016654,1000.0,,0.5173961356539101,0.5173961356539101,0.5173961356539101,0.5173961356539101,0.5122734016375574,0,highway_0,0,219.0498074118127,538.0498074118127,,-1026.0763138560167
9.3,llm_1,540.5625497466673,-11.200000000000001,25.12742334854547,1000.0,,0.5162058745410308,0.5162058745410308,0.5162058745410308,0.5162058745410308,0.5110949252881625,0,highway_0,0,221.5625497466673,540.5625497466673,,-1026.1274233485456
9.4,llm_1,543.0803911113691,-11.200000000000001,25.178413647017262,1000.0,,0.5150020145650775,0.5150020145650775,0.5150020145650775,0.5150020145650775,0.5099029847179182,0,highway_0,0,224.08039111136907,543.0803911113691,,-1026.1784136470174
9.5,llm_1,545.6033194531677,-11.200000000000001,25.229283417986153,1000.0,,0.5137846867857949,0.5137846867857949,0.5137846867857949,0.5137846867857949,0.50869770968891,0,highway_0,0,226.60331945316773,545.6033194531677,,-1026.2292834179862
9.6,llm_1,548.131322587265,-11.200000000000001,25.28003134097327,1000.0,,0.5125540221698905,0.5125540221698905,0.5125540221698905,0.5125540221698905,0.5074792298711728,0,highway_0,0,229.131322587265,548.131322587265,,-1026.2800313409732
9.7,llm_1,550.664388198111,-11.200000000000001,25.330656108460442,1000.0,,0.5113101516204055,0.5113101516204055,0.5113101516204055,0.5113101516204055,0.506247674871716,0,highway_0,0,231.66438819811106,550.664388198111,,-1026.3306561084605
9.8,llm_1,553.2025038406997,-11.200000000000001,25.38115642588665,1000.0,,0.5100532060047077,0.5100532060047077,0.5100532060047077,0.5100532060047077,0.5050031742620931,0,highway_0,0,234.2025038406997,553.2025038406997,,-1026.3811564258867
9.9,llm_1,555.7456569418645,-11.200000000000001,25.431531011647163,1000.0,,0.5087833161811424,0.5087833161811424,0.5087833161811424,0.5087833161811424,0.5037458576051179,0,highway_0,0,236.74565694186447,555.7456569418645,,-1026.4315310116472
10.0,llm_1,558.293834801574,-11.200000000000001,25.481778597095122,1000.0,,0.5075006130243616,0.5075006130243616,0.5075006130243616,0.5075006130243616,0.5024758544795915,0,highway_0,0,239.293834801574,558.293834801574,,-1026.4817785970952
10.1,llm_1,560.8470245942285,-11.200000000000001,25.531897926545554,1000.0,,0.5062052274493665,0.5062052274493665,0.5062052274493665,0.5062052274493665,0.5011932945043185,0,highway_0,0,241.84702459422851,560.8470245942285,,-1026.5318979265455
10.2,llm_1,563.4052133699566,-11.200000000000001,25.58188775728162,1000.0,,0.5048972904342843,0.5048972904342843,0.5048972904342843,0.5048972904342843,0.49989830736066665,0,highway_0,0,244.40521336995664,563.4052133699566,,-1026.5818877572817
10.3,llm_1,565.9683880559129,-11.200000000000001,25.631746859562995,1000.0,,0.5035769330419075,0.5035769330419075,0.5035769330419075,0.5035769330419075,0.49859102281374135,0,highway_0,0,246.9683880559129,565.9683880559129,,-1026.631746859563
10.4,llm_1,568.5365354575765,-11.200000000000001,25.681474016636262,1000.0,,0.5022442864400207,0.5022442864400207,0.5022442864400207,0.5022442864400207,0.49727157073267136,0,highway_0,0,249.53653545757652,568.5365354575765,,-1026.6814740166362
10.5,llm_1,571.1096422600513,-11.200000000000001,25.731068024747206,1000.0,,0.5008994819205407,0.5008994819205407,0.5008994819205407,0.5008994819205407,0.4959400811094383,0,highway_0,0,252.10964226005126,571.1096422600513,,-1026.7310680247472
10.6,llm_1,573.6876950293668,-11.200000000000001,25.780527693154877,1000.0,,0.49954265091749095,0.49954265091749095,0.49954265091749095,0.49954265091749095,0.4945966840767113,0,highway_0,0,254.68769502936675,573.6876950293668,,-1026.780527693155
10.7,llm_1,576.2706802137815,-11.200000000000001,25.829851844147335,1000.0,,0.4981739250238383,0.4981739250238383,0.4981739250238383,0.4981739250238383,0.49324150992458016,0,highway_0,0,257.2706802137815,576.2706802137815,,-1026.8298518441472
10.8,llm_1,578.8585841450873,-11.200000000000001,25.87903931305894,1000.0,,0.49679343600720727,0.49679343600720727,0.49679343600720727,0.49679343600720727,0.49187468911604526,0,highway_0,0,259.8585841450873,578.8585841450873,,-1026.879039313059
10.9,llm_1,581.4513930399162,-11.200000000000001,25.928088948289087,1000.0,,0.4954013158245054,0.4954013158245054,0.4954013158245054,0.4954013158245054,0.49049635230147715,0,highway_0,0,262.4513930399162,581.4513930399162,,-1026.928088948289
11.0,llm_1,584.0490930010484,-11.200000000000001,25.976999611322302,1000.0,,0.49399769663547155,0.49399769663547155,0.49399769663547155,0.49399769663547155,0.4891066303321523,0,highway_0,0,265.0490930010484,584.0490930010484,,-1026.9769996113223
11.1,llm_1,586.6516700187234,-11.200000000000001,26.025770176749546,1000.0,,0.49258271081517147,0.49258271081517147,0.49258271081517147,0.49258271081517147,0.48770565427243895,0,highway_0,0,267.6516700187234,586.6516700187234,,-1027.0257701767496
11.2,llm_1,589.2591099719525,-11.200000000000001,26.07439953229068,1000.0,,0.491156490965467,0.491156490965467,0.491156490965467,0.491156490965467,0.48629355541134345,0,highway_0,0,270.2591099719525,589.2591099719525,,-1027.0743995322907
11.3,llm_1,591.8713986298343,-11.200000000000001,26.122886578817955,1000.0,,0.4897191699254707,0.4897191699254707,0.4897191699254707,0.4897191699254707,0.484870465272742,0,highway_0,0,272.8713986298343,591.8713986298343,,-1027.122886578818
11.4,llm_1,594.4885216528724,-11.200000000000001,26.17123023038043,1000.0,,0.48827088078101455,0.48827088078101455,0.48827088078101455,0.48827088078101455,0.48343651562476,0,highway_0,0,275.48852165287235,594.4885216528724,,-1027.1712302303804
11.5,llm_1,597.1104645942953,-11.200000000000001,26.219429414229257,1000.0,,0.48681175687314526,0.48681175687314526,0.48681175687314526,0.48681175687314526,0.48199183848826266,0,highway_0,0,278.1104645942953,597.1104645942953,,-1027.2194294142294
11.6,llm_1,599.7372129013796,-11.200000000000001,26.26748307084368,1000.0,,0.4853419318056722,0.4853419318056722,0.4853419318056722,0.4853419318056722,0.4805365661442451,0,highway_0,0,280.7372129013796,599.7372129013796,,-1027.2674830708436
11.7,llm_1,602.3687519167754,-11.200000000000001,26.31539015395772,1000.0,,0.4838615394517839,0.4838615394517839,0.4838615394517839,0.4838615394517839,0.4790708311403691,0,highway_0,0,283.3687519167754,602.3687519167754,,-1027.3153901539577
11.8,llm_1,605.0050668798342,-11.200000000000001,26.363149630587394,1000.0,,0.4823707139597526,0.4823707139597526,0.4823707139597526,0.4823707139597526,0.4775947662967539,0,highway_0,0,286.0050668798342,605.0050668798342,,-1027.3631496305875
11.9,llm_1,607.6461429279401,-11.200000000000001,26.410760481058457,1000.0,,0.48086958975774474,0.48086958975774474,0.48086958975774474,0.48086958975774474,0.4761085047106306,0,highway_0,0,288.6461429279401,607.6461429279401,,-1027.4107604810586
12.0,llm_1,610.2919650978436,-11.200000000000001,26.45822169903447,1000.0,,0.4793583015577584,0.4793583015577584,0.4793583015577584,0.4793583015577584,0.47461217976014325,0,highway_0,0,291.29196509784356,610.2919650978436,,-1027.4582216990345
12.1,llm_1,612.9425183269981,-11.200000000000001,26.505532291545236,1000.0,,0.4778369843587045,0.4778369843587045,0.4778369843587045,0.4778369843587045,0.47310592510765304,0,highway_0,0,293.9425183269981,612.9425183269981,,-1027.5055322915453
12.2,llm_1,615.5977874548996,-11.200000000000001,26.5526912790154,1000.0,,0.47630577344864833,0.47630577344864833,0.47630577344864833,0.47630577344864833,0.47158987470162117,0,highway_0,0,296.5977874548996,615.5977874548996,,-1027.5526912790153
12.3,llm_1,618.2577572244289,-11.200000000000001,26.59969769529324,1000.0,,0.47476480440623425,0.47476480440623425,0.47476480440623425,0.47476480440623425,0.4700641627784208,0,highway_0,0,299.25775722442893,618.2577572244289,,-1027.5996976952933
12.4,llm_1,620.9224122831969,-11.200000000000001,26.646550587679506,1000.0,,0.4732142131013035,0.4732142131013035,0.4732142131013035,0.4732142131013035,0.46852892386265665,0,highway_0,0,301.9224122831969,620.9224122831969,,-1027.6465505876795
12.5,llm_1,623.5917371848925,-11.200000000000001,26.693249016956212,1000.0,,0.4716541356947286,0.4716541356947286,0.4716541356947286,0.4716541356947286,0.46698429276705866,0,highway_0,0,304.5917371848925,623.5917371848925,,-1027.6932490169563
12.6,llm_1,626.265716390634,-11.200000000000001,26.739792057415368,1000.0,,0.47008470863748364,0.47008470863748364,0.47008470863748364,0.47008470863748364,0.46543040459155804,0,highway_0,0,307.265716390634,626.265716390634,,-1027.7397920574153
12.7,llm_1,628.9443342703228,-11.200000000000001,26.786178796887544,1000.0,,0.46850606866895794,0.46850606866895794,0.46850606866895794,0.46850606866895794,0.46386739472175975,0,highway_0,0,309.94433427032277,628.9443342703228,,-1027.7861787968875
12.8,llm_1,631.6275751039998,-11.200000000000001,26.832408336770172,1000.0,,0.4669183528145415,0.4669183528145415,0.4669183528145415,0.4669183528145415,0.4622953988262779,0,highway_0,0,312.6275751039998,631.6275751039998,,-1027.8324083367702
12.9,llm_1,634.3154230832054,-11.200000000000001,26.878479792055565,1000.0,,0.4653216983824918,0.4653216983824918,0.4653216983824918,0.4653216983824918,0.46071455285392915,0,highway_0,0,315.31542308320536,634.3154230832054,,-1027.8784797920555
13.0,llm_1,637.0078623123412,-11.200000000000001,26.924392291358547,1000.0,,0.46371624296010017,0.46371624296010017,0.46371624296010017,0.46371624296010017,0.4591249930298247,0,highway_0,0,318.0078623123412,637.0078623123412,,-1027.9243922913586
13.1,llm_1,639.7048768100356,-11.200000000000001,26.970144976943615,1000.0,,0.4621021244091754,0.4621021244091754,0.4621021244091754,0.4621021244091754,0.45752685585068065,0,highway_0,0,320.70487681003556,639.7048768100356,,-1027.9701449769436
13.2,llm_1,642.4064505105107,-11.200000000000001,27.01573700475162,1000.0,,0.46047948086086443,0.46047948086086443,0.46047948086086443,0.46047948086086443,0.45592027808005753,0,highway_0,0,323.4064505105107,642.4064505105107,,-1028.0157370047516
13.3,llm_1,645.1125672649533,-11.200000000000001,27.06116754442586,1000.0,,0.45884845070981795,0.45884845070981795,0.45884845070981795,0.45884845070981795,0.45430539674239157,0,highway_0,0,326.1125672649533,645.1125672649533,,-1028.0611675444259
13.4,llm_1,647.8232108428871,-11.200000000000001,27.106435779337517,1000.0,,0.45720917260772564,0.45720917260772564,0.45720917260772564,0.45720917260772564,0.45268234911656435,0,highway_0,0,328.8232108428871,647.8232108428871,,-1028.1064357793375
13.5,llm_1,650.5383649335481,-11.200000000000001,27.15154090661041,1000.0,,0.45556178545623405,0.45556178545623405,0.45556178545623405,0.45556178545623405,0.4510512727289395,0,highway_0,0,331.5383649335481,650.5383649335481,,-1028.1515409066103
13.6,llm_1,653.2580131472627,-11.200000000000001,27.19648213714499,1000.0,,0.4539064283992613,0.4539064283992613,0.4539064283992613,0.4539064283992613,0.44941230534579546,0,highway_0,0,334.25801314726266,653.2580131472627,,-1028.196482137145
13.7,llm_1,655.9821390168269,-11.200000000000001,27.2412586956415,1000.0,,0.45224324081473055,0.45224324081473055,0.45224324081473055,0.45224324081473055,0.447765584965083,0,highway_0,0,336.98213901682686,655.9821390168269,,-1028.2412586956416
13.8,llm_1,658.7107259988891,-11.200000000000001,27.285869820622263,1000.0,,0.4505723623057307,0.4505723623057307,0.4505723623057307,0.4505723623057307,0.44611124980765027,0,highway_0,0,339.7107259988891,658.7107259988891,,-1028.2858698206223
13.9,llm_1,661.4437574753343,-11.200000000000001,27.330314764453068,1000.0,,0.44889393269112743,0.44889393269112743,0.44889393269112743,0.44889393269112743,0.44444943830804107,0,highway_0,0,342.44375747533434,661.4437574753343,,-1028.330314764453
14.0,llm_1,664.1812167546707,-11.200000000000001,27.374592793363526,1000.0,,0.44720809199563516,0.44720809199563516,0.44720809199563516,0.44720809199563516,0.4427802891045829,0,highway_0,0,345.1812167546707,664.1812167546707,,-1028.3745927933635
14.1,llm_1,666.9230870734174,-11.200000000000001,27.418703187466434,1000.0,,0.44551498043936977,0.44551498043936977,0.44551498043936977,0.44551498043936977,0.441103941029084,0,highway_0,0,347.9230870734174,666.9230870734174,,-1028.4187031874665
14.2,llm_1,669.6693515974949,-11.200000000000001,27.46264524077603,1000.0,,0.44381473842689445,0.44381473842689445,0.44381473842689445,0.44381473842689445,0.4394205330959622,0,highway_0,0,350.66935159749494,669.6693515974949,,-1028.462645240776
14.3,llm_1,672.4199934236175,-11.200000000000001,27.506418261225114,1000.0,,0.44210750653577613,0.44210750653577613,0.44210750653577613,0.44210750653577613,0.43773020449084044,0,highway_0,0,353.4199934236175,672.4199934236175,,-1028.506418261225
14.4,llm_1,675.1749955806856,-11.190000000000001,27.55002157068102,1000.0,,0.4403934255046701,0.4403934255046701,0.4403934255046701,0.4403934255046701,0.4360330945590718,0,highway_0,0,356.1749955806856,675.1749955806856,,-1028.550021570681
14.5,llm_1,677.9343410311817,-11.170000000000002,27.593454504960324,1000.0,,0.43867263622094366,0.43867263622094366,0.43867263622094366,0.43867263622094366,0.4343293427930206,0,highway_0,0,358.9343410311817,677.9343410311817,,-1028.5934545049604
14.6,llm_1,680.6980126725659,-11.14,27.63671641384229,1000.0,,0.43694527970785746,0.43694527970785746,0.43694527970785746,0.43694527970785746,0.4326190888196635,0,highway_0,0,361.69801267256594,680.6980126725659,,-1028.6367164138424
14.7,llm_1,683.465993338674,-11.100000000000001,27.679806661081034,1000.0,,0.4352114971113229,0.4352114971113229,0.4352114971113229,0.4352114971113229,0.4309024723874444,0,highway_0,0,364.465993338674,683.465993338674,,-1028.679806661081
14.8,llm_1,686.2382658011156,-11.05,27.722724624416305,1000.0,,0.43347142968624175,0.43347142968624175,0.43347142968624175,0.43347142968624175,0.42917963335270315,0,highway_0,0,367.23826580111563,686.2382658011156,,-1028.7227246244163
14.9,llm_1,689.0148127706739,-10.99,27.765469695582883,1000.0,,0.43172521878245507,0.43172521878245507,0.43172521878245507,0.43172521878245507,0.4274507116657844,0,highway_0,0,370.01481277067387,689.0148127706739,,-1028.7654696955829
15.0,llm_1,691.7956168987057,-10.920000000000002,27.80804128031856,1000.0,,0.4299730058303066,0.4299730058303066,0.4299730058303066,0.4299730058303066,0.4257158473567557,0,highway_0,0,372.7956168987057,691.7956168987057,,-1028.8080412803185
15.1,llm_1,694.5806607785428,-10.840000000000002,27.85043879837062,1000.0,,0.4282149323258425,0.4282149323258425,0.4282149323258425,0.4282149323258425,0.4239751805206282,0,highway_0,0,375.5806607785428,694.5806607785428,,-1028.8504387983705
15.2,llm_1,697.3699269468929,-10.770000000000001,27.892661683500886,1000.0,,0.4264511398156611,0.4264511398156611,0.4264511398156611,0.4264511398156611,0.4222288513026484,0,highway_0,0,378.36992694689286,697.3699269468929,,-1028.8926616835008
15.3,llm_1,700.1633978852418,-10.71,27.934709383489146,1000.0,,0.4246817698814216,0.4246817698814216,0.4246817698814216,0.4246817698814216,0.42047699988259524,0,highway_0,0,381.1633978852418,700.1633978852418,,-1028.9347093834892
15.4,llm_1,702.9610560212553,-10.66,27.976581360135093,1000.0,,0.42290696412404105,0.42290696412404105,0.42290696412404105,0.42290696412404105,0.41871976645946773,0,highway_0,0,383.96105602125533,702.9610560212553,,-1028.976581360135
15.5,llm_1,705.7628837301812,-10.610000000000001,28.018277089258614,1000.0,,0.42112686414757505,0.42112686414757505,0.42112686414757505,0.42112686414757505,0.41695729123521375,0,highway_0,0,386.7628837301812,705.7628837301812,,-1029.0182770892586
15.6,llm_1,708.5688561424361,-10.57,28.059724122548296,1000.0,,0.41861503622576846,0.41861503622576846,0.41861503622576846,0.41861503622576846,0.4144703328968191,0,highway_0,0,389.56885614243606,708.5688561424361,,-1029.0597241225482
15.7,llm_1,711.3789391215988,-10.540000000000001,28.100829791627653,1000.0,,0.4151672577015032,0.4151672577015032,0.4151672577015032,0.4151672577015032,0.411056690793572,0,highway_0,0,392.3789391215988,711.3789391215988,,-1029.1008297916276
15.8,llm_1,714.193098662666,-10.520000000000001,28.141595410671655,1000.0,,0.41173275234442464,0.41173275234442464,0.41173275234442464,0.41173275234442464,0.4076561904400222,0,highway_0,0,395.193098662666,714.193098662666,,-1029.1415954106717
15.9,llm_1,717.0113008942404,-10.510000000000002,28.18202231574478,1000.0,,0.40831174123854597,0.40831174123854597,0.40831174123854597,0.40831174123854597,0.4042690507312585,0,highway_0,0,398.01130089424043,717.0113008942404,,-1029.1820223157447
16.0,llm_1,719.8335120806734,-10.510000000000002,28.222111864329534,1000.0,,0.40490444070600684,0.40490444070600684,0.40490444070600684,0.40490444070600684,0.40089548584752777,0,highway_0,0,400.83351208067336,719.8335120806734,,-1029.2221118643295
16.1,llm_1,722.6596986241588,-10.501000000000001,28.261865434853686,1000.0,,0.4015110622939434,0.4015110622939434,0.4015110622939434,0.4015110622939434,0.39753570524151627,0,highway_0,0,403.65969862415875,722.6596986241588,,-1029.2618654348537
16.2,llm_1,725.4898270667804,-10.482000000000001,28.30128442621644,1000.0,,0.3981318127638168,0.3981318127638168,0.3981318127638168,0.3981318127638168,0.3941899136275495,0,highway_0,0,406.48982706678044,725.4898270667804,,-1029.3012844262164
16.3,llm_1,728.3238640925118,-10.453000000000003,28.340370257313786,1000.0,,0.3947668940831708,0.3947668940831708,0.3947668940831708,0.3947668940831708,0.39085831097345647,0,highway_0,0,409.3238640925118,728.3238640925118,,-1029.3403702573137
16.4,llm_1,731.1617765291682,-10.414000000000003,28.37912436656327,1000.0,,0.39141650341977985,0.39141650341977985,0.39141650341977985,0.39141650341977985,0.3875410924948497,0,highway_0,0,412.16177652916815,731.1617765291682,,-1029.3791243665632
16.5,llm_1,734.003531350311,-10.365000000000004,28.417548211428432,1000.0,,0.3880808331381531,0.3880808331381531,0.3880808331381531,0.3880808331381531,0.38423844865160817,0,highway_0,0,415.00353135031105,734.003531350311,,-1029.4175482114285
16.6,llm_1,736.8490956771053,-10.306000000000004,28.45564326794312,1000.0,,0.3847600707983495,0.3847600707983495,0.3847600707983495,0.3847600707983495,0.3809505651468825,0,highway_0,0,417.8490956771053,736.8490956771053,,-1029.455643267943
16.7,llm_1,739.6984367801289,-10.237000000000004,28.493411030235897,1000.0,,0.3814543991570738,0.3814543991570738,0.3814543991570738,0.3814543991570738,0.3776776229277701,0,highway_0,0,420.6984367801289,739.6984367801289,,-1029.4934110302358
16.8,llm_1,742.5515220811344,-10.158000000000005,28.53085301005481,1000.0,,0.3781639961710036,0.3781639961710036,0.3781639961710036,0.3781639961710036,0.3744197981891162,0,highway_0,0,423.5515220811344,742.5515220811344,,-1029.530853010055
16.9,llm_1,745.4083191547637,-10.069000000000006,28.56797073629266,1000.0,,0.37488903500231163,0.37488903500231163,0.37488903500231163,0.37488903500231163,0.37117726237852366,0,highway_0,0,426.4083191547637,745.4083191547637,,-1029.5679707362926
17.0,llm_1,748.2687957302151,-9.970000000000006,28.60476575451309,1000.0,,0.37162968402633834,0.37162968402633834,0.37162968402633834,0.37162968402633834,0.3679501822042752,0,highway_0,0,429.26879573021506,748.2687957302151,,-1029.604765754513
17.1,llm_1,751.1329196928629,-9.870000000000006,28.641239626477578,1000.0,,0.36838610684136675,0.36838610684136675,0.36838610684136675,0.36838610684136675,0.36473871964489035,0,highway_0,0,432.13291969286286,751.1329196928629,,-1029.6412396264775
17.2,llm_1,754.0006590858302,-9.770000000000007,28.677393929673663,1000.0,,0.36515846228046467,0.36515846228046467,0.36515846228046467,0.36515846228046467,0.36154303196084925,0,highway_0,0,435.0006590858302,754.0006590858302,,-1029.6773939296736
17.3,llm_1,756.8719821115146,-9.670000000000005,28.71323025684449,1000.0,,0.36194690442533817,0.36194690442533817,0.36194690442533817,0.36194690442533817,0.35836327170827076,0,highway_0,0,437.8719821115146,756.8719821115146,,-1029.7132302568446
17.4,llm_1,759.7468571330667,-9.570000000000004,28.74875021551995,2.6782308034137943,ego_0,0.3587515826221581,0.3587515826221581,0.3587515826221581,0.3587515826221581,0.3551995867546154,0,highway_0,1,440.74685713306667,759.7468571330667,,-0.662018941361957
17.5,llm_1,762.617771758579,-9.470000000000004,28.709146255123912,2.6159893053172256,ego_0,-0.4,-0.4,-0.4,-0.4,-0.3960396039603964,0,highway_0,1,443.617771758579,762.617771758579,,-0.6224149809659174
17.6,llm_1,765.4847259880518,-9.370000000000005,28.669542294727872,2.557708203260245,ego_0,-0.4,-0.4,-0.4,-0.4,-0.3960396039603964,0,highway_0,1,446.48472598805176,765.4847259880518,,-0.5828110205698778
17.7,llm_1,768.3477198214849,-9.270000000000005,28.629938334331833,2.5033874972428523,ego_0,-0.4,-0.4,-0.4,-0.4,-0.3960396039603964,0,highway_0,1,449.34771982148493,768.3477198214849,,-0.5432070601738381
