time,id,x,y,speed,headway,leader_id,target_accel_with_noise_with_failsafe,target_accel_no_noise_no_failsafe,target_accel_with_noise_no_failsafe,target_accel_no_noise_with_failsafe,realized_accel,road_grade,edge_id,lane_number,distance,relative_position,follower_id,leader_rel_speed
0,ego_0,324.0,-8.0,20.5,1000.0,,,,,,0,0,highway_0,1,0.0,324.0,,-1021.5
0.1,ego_0,326.0577422067901,-8.0,20.577422067901235,1000.0,,0.7819628858024691,0.7819628858024691,0.7819628858024691,0.7819628858024691,0.7742206790123518,0,highway_0,1,2.057742206790124,326.0577422067901,,-1021.5774220679012
0.2,ego_0,328.1231938229669,-8.0,20.654516161767777,1000.0,,0.7786503480520746,0.7786503480520746,0.7786503480520746,0.7786503480520746,0.7709409386654187,0,highway_0,1,4.123193822966925,328.1231938229669,,-1021.6545161617678
0.3,ego_0,330.19632182013385,-8.0,20.731279971668997,1000.0,,0.7753144800023382,0.7753144800023382,0.7753144800023382,0.7753144800023382,0.7676380990121956,0,highway_0,1,6.196321820133846,330.19632182013385,,-1021.731279971669
0.4,ego_0,332.27709294186525,-8.0,20.807711217314278,1000.0,,0.7719555810173349,0.7719555810173349,0.7719555810173349,0.7719555810173349,0.7643124564528136,0,highway_0,1,8.277092941865249,332.27709294186525,,-1021.8077112173142
0.5,ego_0,334.36547370674225,-8.0,20.883807648770293,1000.0,,0.7685739577057377,0.7685739577057377,0.7685739577057377,0.7685739577057377,0.7609643145601552,0,highway_0,1,10.36547370674225,334.36547370674225,,-1021.8838076487702
0.6,ego_0,336.46143041145905,-8.0,20.959567047168086,1000.0,,0.7651699238177089,0.7651699238177089,0.7651699238177089,0.7651699238177089,0.7575939839779267,0,highway_0,1,12.461430411459048,336.46143041145905,,-1021.9595670471681
0.7,ego_0,338.564929133999,-8.0,21.034987225399483,1000.0,,0.7617438001371016,0.7617438001371016,0.7617438001371016,0.7617438001371016,0.7542017823139702,0,highway_0,1,14.564929133998987,338.564929133999,,-1022.0349872253995
0.8,ego_0,340.67593573687924,-8.0,21.110066028802358,1000.0,,0.7582959143690431,0.7582959143690431,0.7582959143690431,0.7582959143690431,0.7507880340287443,0,highway_0,1,16.67593573687924,340.67593573687924,,-1022.1100660288024
0.9,ego_0,342.7944158704627,-8.0,21.184801335834333,1000.0,,0.7548266010229694,0.7548266010229694,0.7548266010229694,0.7548266010229694,0.747353070319754,0,highway_0,1,18.79441587046267,342.7944158704627,,-1022.1848013358343
1.0,ego_0,344.9203349763361,-8.0,21.25919105873445,1000.0,,0.7513362012911924,0.7513362012911924,0.7513362012911924,0.7513362012911924,0.7438972290011847,0,highway_0,1,20.920334976336108,344.9203349763361,,-1022.2591910587345
1.1,ego_0,347.05365829075333,-8.0,21.333233144172382,1000.0,,0.7478250629230792,0.7478250629230792,0.7478250629230792,0.7478250629230792,0.7404208543793089,0,highway_0,1,23.053658290753333,347.05365829075333,,-1022.3332331441724
1.2,ego_0,349.1943508481418,-8.0,21.406925573884752,1000.0,,0.7442935400949351,0.7442935400949351,0.7442935400949351,0.7442935400949351,0.7369242971237,0,highway_0,1,25.194350848141823,349.1943508481418,,-1022.4069255738848
1.3,ego_0,351.34237748467166,-8.0,21.48026636529819,8.352573010377682,llm_0,0.740741993275682,0.740741993275682,0.740741993275682,0.740741993275682,0.7334079141343608,0,highway_0,1,27.34237748467166,351.34237748467166,,-1.8139297316347935
1.4,ego_0,353.2775386484864,-8.0,19.351611638147695,8.369194024780882,llm_0,-21.49941274421998,-21.49941274421998,-21.49941274421998,-21.49941274421998,-21.286547271504936,0,highway_0,1,29.277538648486427,353.2775386484864,,0.16621014403055412
1.5,ego_0,355.16412663545344,-8.0,18.865879869670284,8.419536730883237,llm_0,-4.905890861621841,-4.905890861621841,-4.905890861621841,-4.905890861621841,-4.8573176847741095,0,highway_0,1,31.164126635453442,355.16412663545344,,0.5034270610228191
1.6,ego_0,357.01875717671425,-8.0,18.54630541260809,8.486985397543322,llm_0,-3.227702016328168,-3.227702016328168,-3.227702016328168,-3.227702016328168,-3.1957445706219545,0,highway_0,1,33.018757176714246,357.01875717671425,,0.6744866665998686
1.7,ego_0,358.84907570357024,-8.0,18.30318526855974,8.563894593459509,llm_0,-2.455513454888323,-2.455513454888323,-2.455513454888323,-2.455513454888323,-2.431201440483477,0,highway_0,1,34.849075703570236,358.84907570357024,,0.7690919591630703
1.8,ego_0,360.659318484403,-8.0,18.102427808327402,8.64602805025038,llm_0,-2.0276503483466173,-2.0276503483466173,-2.0276503483466173,-2.0276503483466173,-2.0075746023233876,0,highway_0,1,36.659318484403,360.659318484403,,0.821334567910263
1.9,ego_0,362.45206904197727,-8.0,17.92750557574246,8.730802245151608,llm_0,-1.7667145491078835,-1.7667145491078835,-1.7667145491078835,-1.7667145491078835,-1.7492223258494022,0,highway_0,1,38.45206904197727,362.45206904197727,,0.8477419490100573
2.0,ego_0,364.22899733022973,-8.0,17.76928288252467,8.816547224225587,llm_0,-1.5980492014996845,-1.5980492014996845,-1.5980492014996845,-1.5980492014996845,-1.5822269321779103,0,highway_0,1,40.22899733022973,364.22899733022973,,0.8574497907427023
2.1,ego_0,365.9912248466041,-8.0,17.62227516374364,8.902141490029635,llm_0,-1.4847779596884219,-1.4847779596884219,-1.4847779596884219,-1.4847779596884219,-1.470077187810297,0,highway_0,1,41.9912248466041,365.9912248466041,,0.855942658038586
2.2,ego_0,367.7395247937174,-8.0,17.48299947113288,8.986811839945858,llm_0,-1.4066844953686783,-1.4066844953686783,-1.4066844953686783,-1.4066844953686783,-1.3927569261075945,0,highway_0,1,43.73952479371741,367.7395247937174,,0.8467034991641995
2.3,ego_0,369.4744401311106,-8.0,17.34915337393203,9.070015314433931,llm_0,-1.3518455817285795,-1.3518455817285795,-1.3518455817285795,-1.3518455817285795,-1.3384609720085194,0,highway_0,1,45.47444013111061,369.4744401311106,,0.8320347448799055
2.4,ego_0,371.1963570216228,-8.0,17.219168905122316,9.151365750654577,llm_0,-1.3128431349781242,-1.3128431349781242,-1.3128431349781242,-1.3128431349781242,-1.2998446880971315,0,highway_0,1,47.196357021622816,371.1963570216228,,0.8135043622044726
2.5,ego_0,372.9055523989779,-8.0,17.0919537735503,9.230586214883715,llm_0,-1.2848728288773752,-1.2848728288773752,-1.2848728288773752,-1.2848728288773752,-1.2721513157201514,0,highway_0,1,48.905552398977875,372.9055523989779,,0.7922046422913418
2.6,ego_0,374.6022257393941,-8.0,16.96673340416235,9.307477230903032,llm_0,-1.264725730818299,-1.264725730818299,-1.264725730818299,-1.264725730818299,-1.2522036938795011,0,highway_0,1,50.6022257393941,374.6022257393941,,0.7689101601941459
2.7,ego_0,376.286520800175,-8.0,16.84295060780935,9.38189504140928,llm_0,-1.2502062431652972,-1.2502062431652972,-1.2502062431652972,-1.2502062431652972,-1.237827963530016,0,highway_0,1,52.286520800175026,376.286520800175,,0.7441781050620015
2.8,ego_0,377.9585407814174,-8.0,16.720199812423648,9.453736446305356,llm_0,-1.2397830333955877,-1.2397830333955877,-1.2397830333955877,-1.2397830333955877,-1.227507953857021,0,highway_0,1,53.95854078141741,377.9585407814174,,0.7184140489625577
2.9,ego_0,379.6183590660749,-8.0,16.5981828465751,9.52292806263813,llm_0,-1.2323713550703284,-1.2323713550703284,-1.2323713550703284,-1.2323713550703284,-1.2201696584854815,0,highway_0,1,55.6183590660749,379.6183590660749,,0.6919161633259598
3.0,ego_0,381.266026925917,-8.0,16.476678598420758,9.589418618637637,llm_0,-1.227192906358857,-1.227192906358857,-1.227192906358857,-1.227192906358857,-1.2150424815434135,0,highway_0,1,57.266026925917004,381.266026925917,,0.6649055599951552
3.1,ego_0,382.9015791103404,-8.0,16.35552184423387,9.653173364907161,llm_0,-1.2236832172875647,-1.2236832172875647,-1.2236832172875647,-1.2236832172875647,-1.211567541868881,0,highway_0,1,58.90157911034038,382.9015791103404,,0.6375474626968973
3.2,ego_0,384.52503793720575,-8.0,16.234588268653887,9.714169983586316,llm_0,-1.2214291133578121,-1.2214291133578121,-1.2214291133578121,-1.2214291133578121,-1.2093357557998274,0,highway_0,1,60.52503793720575,384.52503793720575,,0.6099661867917341
3.3,ego_0,386.0285388929127,-8.0,15.0350095570695,9.880272988275465,llm_0,-1.220125726458232,-1.220125726458232,-1.220125726458232,-1.220125726458232,-11.995787115843868,0,highway_0,1,62.02853889291271,386.0285388929127,,1.6610300468909749
3.4,ego_0,387.47493257256053,-8.0,14.46393679647844,10.088631783875144,llm_0,0.4577100039160688,0.4577100039160688,0.4577100039160688,0.4577100039160688,-5.710727605910595,0,highway_0,1,63.47493257256053,387.47493257256053,,2.0835879559968884
3.5,ego_0,388.8854979170321,-8.01,14.105653444715864,10.317967429502687,llm_0,0.7758886244789909,0.7758886244789909,0.7758886244789909,0.7758886244789909,-3.5828335176257653,0,highway_0,1,64.88549791703213,388.8854979170321,,2.293356456274319
3.6,ego_0,390.271044633918,-8.03,13.855467168858507,10.557470217567243,llm_0,0.8721768618649482,0.8721768618649482,0.8721768618649482,0.8721768618649482,-2.5018627585735764,0,highway_0,1,66.271044633918,390.271044633918,,2.3950278806465306
3.7,ego_0,391.63797177889603,-8.06,13.669271449780197,10.800741092391263,llm_0,0.9067070291282656,0.9067070291282656,0.9067070291282656,0.9067070291282656,-1.8619571907830945,0,highway_0,1,67.63797177889603,391.63797177889603,,2.432708748239694
3.8,ego_0,392.99039621126354,-8.1,13.524244323675303,11.043663194677265,llm_0,0.9193230752285633,0.9193230752285633,0.9193230752285633,0.9193230752285633,-1.4502712610489432,0,highway_0,1,68.99039621126354,392.99039621126354,,2.429221022859439
3.9,ego_0,394.331104808859,-8.15,13.407085975954512,11.283449646586632,llm_0,0.922128471526982,0.922128471526982,0.922128471526982,0.922128471526982,-1.171583477207907,0,highway_0,1,70.33110480885898,394.331104808859,,2.39786451909508
4.0,ego_0,395.66204568425616,-8.21,13.309408753971624,11.518152335545892,llm_0,0.9191884655192718,0.9191884655192718,0.9191884655192718,0.9191884655192718,-0.9767722198288808,0,highway_0,1,71.66204568425616,395.66204568425616,,2.3470268895928186
4.1,ego_0,396.9846071819148,-8.28,13.225614976586243,11.746382917095389,llm_0,0.9119881664490104,0.9119881664490104,0.9119881664490104,0.9119881664490104,-0.8379377738538096,0,highway_0,1,72.98460718191478,396.9846071819148,,2.28230581549305
4.2,ego_0,398.29978785952767,-8.36,13.151806776128934,11.967142833541857,llm_0,0.9011625074776641,0.9011625074776641,0.9011625074776641,0.9011625074776641,-0.7380820045730907,0,highway_0,1,74.29978785952767,398.29978785952767,,2.2075991644652095
4.3,ego_0,399.60830577353636,-8.43,13.085179140087122,12.179714028443982,llm_0,0.8870797342236513,0.8870797342236513,0.8870797342236513,0.8870797342236513,-0.6662763604181166,0,highway_0,1,75.60830577353636,399.60830577353636,,2.1257119490218717
4.4,ego_0,400.9106718073349,-8.49,13.023660337985463,12.383585618407835,llm_0,0.870038088592554,0.870038088592554,0.870038088592554,0.870038088592554,-0.6151880210165928,0,highway_0,1,76.9106718073349,400.9106718073349,,2.0387158996383814
4.5,ego_0,402.2072406152613,-8.55,12.965688079264016,12.578402949095278,llm_0,0.8503261824545508,0.8503261824545508,0.8503261824545508,0.8503261824545508,-0.5797225872144729,0,highway_0,1,78.2072406152613,402.2072406152613,,1.9481733068746792
4.6,ego_0,403.5120097761361,-8.55,13.047691608747924,12.750168441685844,llm_0,0.8282356477874662,0.8282356477874662,0.8282356477874662,0.8282356477874662,0.8200352948390766,0,highway_0,1,79.5120097761361,403.5120097761361,,1.717654925905622
4.7,ego_0,404.8089197698586,-8.55,12.969099937225424,12.914941616280146,llm_0,0.750217928833126,0.750217928833126,0.750217928833126,0.750217928833126,-0.7859167152249924,0,highway_0,1,80.80891976985862,404.8089197698586,,1.6477317459429717
4.8,ego_0,406.09842686993454,-8.55,12.895071000759186,13.072266199372564,llm_0,0.7312545895617915,0.7312545895617915,0.7312545895617915,0.7312545895617915,-0.7402893646623809,0,highway_0,1,82.09842686993454,406.09842686993454,,1.5732458309240602
4.9,ego_0,407.38085945135964,-8.55,12.824325814251079,13.221813815967266,llm_0,0.70995797575739,0.70995797575739,0.70995797575739,0.70995797575739,-0.7074518650810724,0,highway_0,1,83.38085945135964,407.38085945135964,,1.495476165947018
5.0,ego_0,408.6564451021413,-8.55,12.755856507816151,13.363356878056948,llm_0,0.6867335872065521,0.6867335872065521,0.6867335872065521,0.6867335872065521,-0.6846930643492755,0,highway_0,1,84.65644510214128,408.6564451021413,,1.415430620896796
5.1,ego_0,409.9253311722323,-8.55,12.68886070091041,13.49674803568871,llm_0,0.6619205377219238,0.6619205377219238,0.6619205377219238,0.6619205377219238,-0.6699580690574081,0,highway_0,1,85.92533117223229,409.9253311722323,,1.3339115763173872
5.2,ego_0,411.1876006099514,-8.55,12.622694377191106,13.621904340543836,llm_0,0.635810297444448,0.635810297444448,0.635810297444448,0.635810297444448,-0.6616632371930464,0,highway_0,1,87.1876006099514,411.1876006099514,,1.2515630485515423
5.3,ego_0,412.44328434508054,-8.55,12.556837351291497,13.73879486284045,llm_0,0.6086577798549362,0.6086577798549362,0.6086577798549362,0.6086577798549362,-0.6585702589960896,0,highway_0,1,88.44328434508054,412.44328434508054,,1.1689052229660017
5.4,ego_0,413.69237109554103,-8.56,12.490867504605154,13.847430884657172,llm_0,0.580688278706832,0.580688278706832,0.580688278706832,0.580688278706832,-0.659698466863432,0,highway_0,1,89.69237109554103,413.69237109554103,,1.0863602181671954
5.5,ego_0,414.93481522086427,-8.58,12.42444125323215,13.94785804646267,llm_0,0.552102099086327,0.552102099086327,0.552102099086327,0.552102099086327,-0.6642625137300406,0,highway_0,1,90.93481522086427,414.93481522086427,,1.00427161805505
5.6,ego_0,416.17054307350503,-8.61,12.35727852640753,14.040149995802096,llm_0,0.5230778699581622,0.5230778699581622,0.5230778699581622,0.5230778699581622,-0.6716272682461977,0,highway_0,1,92.17054307350503,416.17054307350503,,0.9229194933945202
5.7,ego_0,417.39945817983227,-8.65,12.289151063272461,14.124403206306567,llm_0,0.49377507488060124,0.49377507488060124,0.49377507488060124,0.49377507488060124,-0.6812746313506857,0,highway_0,1,93.39945817983227,417.39945817983227,,0.8425321050444392
5.8,ego_0,418.62144549857965,-8.700000000000001,12.219873187474008,14.200732719242353,llm_0,0.4643360968180177,0.4643360968180177,0.4643360968180177,0.4643360968180177,-0.6927787579845379,0,highway_0,1,94.62144549857965,418.62144549857965,,0.7632951293577435
5.9,ego_0,419.83637494430167,-8.76,12.149294457220185,14.269268620055016,llm_0,0.4348879427733191,0.4348879427733191,0.4348879427733191,0.4348879427733191,-0.70578730253823,0,highway_0,1,95.83637494430167,419.83637494430167,,0.6853590081264169
6.0,ego_0,421.04410431956217,-8.83,12.077293752604854,14.33015310618066,llm_0,0.40554374286122763,0.40554374286122763,0.40554374286122763,0.40554374286122763,-0.7200070461533059,0,highway_0,1,97.04410431956217,421.04410431956217,,0.608844861256598
6.1,ego_0,422.24448176726924,-8.91,12.003774477070804,14.383538034711194,llm_0,0.3764040793184049,0.3764040793184049,0.3764040793184049,0.3764040793184049,-0.7351927553404991,0,highway_0,1,98.24448176726924,422.24448176726924,,0.5338492853054984
6.2,ego_0,423.4373478304401,-9.0,11.928660631708487,14.429582862629445,llm_0,0.34755817927417887,0.34755817927417887,0.34755817927417887,0.34755817927417887,-0.7511384536231702,0,highway_0,1,99.4373478304401,423.4373478304401,,0.46044827918266584
6.3,ego_0,424.62253718844863,-9.100000000000001,11.851893580085251,14.468452910561496,llm_0,0.31908499301571014,0.31908499301571014,0.31908499301571014,0.31908499301571014,-0.7676705162323572,0,highway_0,1,100.62253718844863,424.62253718844863,,0.388700479320752
6.4,ego_0,425.79988012488604,-9.200000000000001,11.773429364374271,14.50031789491618,llm_0,0.2910541726708785,0.2910541726708785,0.2910541726708785,0.2910541726708785,-0.7846421571098006,0,highway_0,1,101.79988012488604,425.79988012488604,,0.31864984354658255
6.5,ego_0,426.969203771423,-9.3,11.69323646536959,14.525350684022783,llm_0,0.26352696233237194,0.26352696233237194,0.26352696233237194,0.26352696233237194,-0.8019289900468074,0,highway_0,1,102.969203771423,426.969203771423,,0.25032789106611375
6.6,ego_0,428.13033316369615,-9.4,11.611293922731702,14.543726242244702,llm_0,0.23655700834998383,0.23655700834998383,0.23655700834998383,0.23655700834998383,-0.8194254263788814,0,highway_0,1,104.13033316369615,428.13033316369615,,0.18375558221885235
6.7,ego_0,429.283092138669,-9.5,11.527589749728834,14.555620732618365,llm_0,0.21019109710277784,0.21019109710277784,0.21019109710277784,0.21019109710277784,-0.8370417300286803,0,highway_0,1,105.28309213866902,429.283092138669,,0.11894490373657085
6.8,ego_0,430.4273040977076,-9.600000000000001,11.442119590385515,14.561210753777914,llm_0,0.18446982663013045,0.18446982663013045,0.18446982663013045,0.18446982663013045,-0.8547015934331981,0,highway_0,0,106.42730409770758,430.4273040977076,,0.05590021159474112
6.9,ego_0,431.56279265545106,-9.700000000000003,11.354885577435066,14.56067269108371,llm_0,0.15942821783383132,0.15942821783383132,0.15942821783383132,0.15942821783383132,-0.872340129504483,0,highway_0,0,107.56279265545106,431.56279265545106,,-0.005380626939960109
7.0,ego_0,432.68938219121077,-9.800000000000002,11.265895357596875,14.55418216522503,llm_0,0.13509627044336614,0.13509627044336614,0.13509627044336614,0.13509627044336614,-0.8899021983819111,0,highway_0,0,108.68938219121077,432.68938219121077,,-0.06490525858691854
7.1,ego_0,433.8068983169153,-9.900000000000002,11.175161257045005,14.541913564273045,llm_0,0.1114994685018118,0.1114994685018118,0.1114994685018118,0.1114994685018118,-0.9073410055187026,0,highway_0,0,109.8068983169153,433.8068983169153,,-0.12268600952019781
7.2,ego_0,434.9151682734082,-10.000000000000002,11.082699564929111,14.524039647384143,llm_0,0.08865923974534506,0.08865923974534506,0.08865923974534506,0.08865923974534506,-0.9246169211589361,0,highway_0,0,110.9151682734082,434.9151682734082,,-0.17873916888945374
7.3,ego_0,436.01402126508503,-10.100000000000001,10.988529916768167,14.50073121016294,llm_0,0.06659337290192013,0.06659337290192013,0.06659337290192013,0.06659337290192013,-0.9416964816094442,0,highway_0,0,112.01402126508503,436.01402126508503,,-0.23308437221365885
7.4,ego_0,437.1032887413549,-10.200000000000003,10.89267476269857,14.472156803199823,llm_0,0.04531639661179976,0.04531639661179976,0.04531639661179976,0.04531639661179976,-0.9585515406959644,0,highway_0,0,113.1032887413549,437.1032887413549,,-0.28574406962921195
7.5,ego_0,438.1828046321648,-10.300000000000002,10.795158908098676,14.438482496548374,llm_0,0.024839923373771944,0.024839923373771944,0.024839923373771944,0.024839923373771944,-0.9751585459989442,0,highway_0,0,114.18280463216479,438.1828046321648,,-0.33674306651446706
7.6,ego_0,439.25240554378144,-10.400000000000002,10.696009116166596,14.399871683941626,llm_0,0.005172961642738283,0.005172961642738283,0.005172961642738283,0.005172961642738283,-0.9914979193207962,0,highway_0,0,115.25240554378144,439.25240554378144,,-0.38610812606753697
7.7,ego_0,440.3119309201515,-10.500000000000002,10.595253763700388,14.35648492143298,llm_0,-0.013677801055725358,-0.013677801055725358,-0.013677801055725358,-0.013677801055725358,-1.007553524662086,0,highway_0,0,116.3119309201515,440.3119309201515,,-0.4338676250864779
7.8,ego_0,441.36122317442135,-10.600000000000001,10.49292254269874,14.308479795875996,llm_0,-0.03170774136691168,-0.03170774136691168,-0.03170774136691168,-0.03170774136691168,-1.0233122100164849,0,highway_0,0,117.36122317442135,441.36122317442135,,-0.48005125556997896
7.9,ego_0,442.4001277945741,-10.700000000000003,10.389046201527387,14.25601081928761,llm_0,-0.0489140673012487,-0.0489140673012487,-0.0489140673012487,-0.0489140673012487,-1.0387634117135214,0,highway_0,0,118.40012779457408,442.4001277945741,,-0.5246897658837764
8.0,ego_0,443.428493426607,-10.800000000000002,10.283656320329463,14.199229345670517,llm_0,-0.06529560718240324,-0.06529560718240324,-0.06529560718240324,-0.06529560718240324,-1.0538988119792414,0,highway_0,0,119.42849342660702,443.428493426607,,-0.5678147361710018
8.1,ego_0,444.44617193822046,-10.900000000000002,10.176785116134456,14.138283507324388,llm_0,-0.08085261833939372,-0.08085261833939372,-0.08085261833939372,-0.08085261833939372,-1.068712041950075,0,highway_0,0,120.44617193822046,444.44617193822046,,-0.6094583834611438
8.2,ego_0,445.45301846559744,-11.000000000000002,10.068465273769696,14.073318168066237,llm_0,-0.09558661370676591,-0.09558661370676591,-0.09558661370676591,-0.09558661370676591,-1.0831984236475911,0,highway_0,0,121.45301846559744,445.45301846559744,,-0.6496533925815342
8.3,ego_0,446.44889144551985,-11.100000000000001,9.958729799223958,14.004474891114114,llm_0,-0.10950020465617816,-0.10950020465617816,-0.10950020465617816,-0.10950020465617816,-1.097354745457384,0,highway_0,0,122.44889144551985,446.44889144551985,,-0.6884327695209453
8.4,ego_0,447.43365263477716,-11.200000000000003,9.847611892573267,13.931891919678606,llm_0,-0.12259695852932206,-0.12259695852932206,-0.12259695852932206,-0.12259695852932206,-1.1111790665069066,0,highway_0,0,123.43365263477716,447.43365263477716,,-0.7258297143554042
8.5,ego_0,448.40716711857414,-11.300000000000002,9.735144837969518,13.855704168554894,llm_0,-0.13488126947595402,-0.13488126947595402,-0.13488126947595402,-0.13488126947595402,-1.1246705460374962,0,highway_0,0,124.40716711857414,448.40716711857414,,-0.7618775112368041
8.6,ego_0,449.3693033094266,-11.400000000000002,9.621361908524754,13.776043225227227,llm_0,-0.14635824132396036,-0.14635824132396036,-0.14635824132396036,-0.14635824132396036,-1.1378292944476343,0,highway_0,0,125.36930330942658,449.3693033094266,,-0.7966094332771902
8.7,ego_0,450.31993293784734,-11.490000000000002,9.506296284208108,13.693037359182654,llm_0,-0.15703358132044642,-0.15703358132044642,-0.15703358132044642,-0.15703358132044642,-1.150656243166459,0,highway_0,0,126.3199329378474,450.3199329378474,,-0.8300586604456939
8.8,ego_0,451.258931035959,-11.570000000000002,9.389980981115706,13.606811538298757,llm_0,-0.16691350368640812,-0.16691350368640812,-0.16691350368640812,-0.16691350368640812,-1.163153030924029,0,highway_0,0,127.258931035959,451.258931035959,,-0.8622582088384405
8.9,ego_0,452.1861759150274,-11.640000000000002,9.272448790683615,13.517487451309592,llm_0,-0.17600464202103372,-0.17600464202103372,-0.17600464202103372,-0.17600464202103372,-1.1753219043209029,0,highway_0,0,128.18617591502738,452.1861759150274,,-0.8932408698914998
9.0,ego_0,453.1015491377869,-11.700000000000003,9.1537322275946,13.425183535480812,llm_0,-0.1843139696786461,-0.1843139696786461,-0.1843139696786461,-0.1843139696786461,-1.1871656308901457,0,highway_0,0,129.10154913778683,453.10154913778683,,-0.9230391582876347
9.1,ego_0,454.00493548631545,-11.750000000000002,9.033863485286037,13.330015008734392,llm_0,-0.19184872731978952,-0.19184872731978952,-0.19184872731978952,-0.19184872731978952,-1.1986874230856337,0,highway_0,0,130.00493548631545,454.00493548631545,,-0.9516852674642209
9.2,ego_0,454.8962229261257,-11.750000000000002,8.91287439810227,13.232093905557804,llm_0,-0.19861635691020296,-0.19861635691020296,-0.19861635691020296,-0.19861635691020296,-1.2098908718376755,0,highway_0,0,130.8962229261257,454.8962229261257,,-0.979211031765602
9.3,ego_0,455.77530256705097,-11.750000000000002,8.790796409252792,13.13152911611769,llm_0,-0.2046244415077324,-0.2046244415077324,-0.2046244415077324,-0.2046244415077324,-1.2207798884947785,0,highway_0,0,131.77530256705097,455.77530256705097,,-1.0056478944012728
9.4,ego_0,456.6420686214351,-11.750000000000002,8.667660543840785,13.028426428070247,llm_0,-0.20988065023742264,-0.20988065023742264,-0.20988065023742264,-0.20988065023742264,-1.231358654120065,0,highway_0,0,132.64206862143504,456.64206862143504,,-1.031026880474415
9.5,ego_0,457.4964183600666,-11.750000000000002,8.543497386316504,12.922888570626753,llm_0,-0.21439268791069177,-0.21439268791069177,-0.21439268791069177,-0.21439268791069177,-1.2416315752428098,0,highway_0,0,133.49641836006668,457.4964183600667,,-1.0553785744352826
9.6,ego_0,458.33825206624556,-11.750000000000002,8.418337061788876,12.815015260487485,llm_0,-0.21816824879476915,-0.21816824879476915,-0.21816824879476915,-0.21816824879476915,-1.2516032452762893,0,highway_0,0,134.33825206624556,458.33825206624556,,-1.0787331013928023
9.7,ego_0,459.1674729883153,-11.750000000000002,8.292209220697664,12.704903249308757,llm_0,-0.22121497408543378,-0.22121497408543378,-0.22121497408543378,-0.22121497408543378,-1.2612784109121122,0,highway_0,0,135.16747298831535,459.16747298831535,,-1.1011201117867397
9.8,ego_0,459.98398729095635,-11.750000000000002,8.165143026409286,12.5926463724104,llm_0,-0.22354041267814984,-0.22354041267814984,-0.22354041267814984,-0.22354041267814984,-1.270661942883784,0,highway_0,0,135.9839872909563,459.9839872909563,,-1.12256876898351
9.9,ego_0,460.78770400549155,-11.750000000000002,8.037167145352552,12.478335598469187,llm_0,-0.2251519848720227,-0.2251519848720227,-0.2251519848720227,-0.2251519848720227,-1.279758810567344,0,highway_0,0,136.78770400549155,460.78770400549155,,-1.1431077394119242
10.0,ego_0,461.5785349794273,-11.750000000000002,7.908309739357498,12.36205907997902,llm_0,-0.2260569486767383,-0.2260569486767383,-0.2260569486767383,-0.2260569486767383,-1.2885740599505358,0,highway_0,0,137.57853497942727,461.5785349794273,,-1.1627651849020193
10.1,ego_0,462.35639482541745,-11.750000000000002,7.778598459901818,12.24390220428586,llm_0,-0.22626236842525338,-0.22626236842525338,-0.22626236842525338,-0.22626236842525338,-1.2971127945568028,0,highway_0,0,138.35639482541745,462.35639482541745,,-1.1815687569314877
10.2,ego_0,463.121200869818,-11.750000000000002,7.6480604440056315,12.123947645033809,llm_0,-0.22577508542587277,-0.22577508542587277,-0.22577508542587277,-0.22577508542587277,-1.3053801589618619,0,highway_0,0,139.12120086981804,463.12120086981804,,-1.1995455925204501
10.3,ego_0,463.87287310097275,-11.750000000000002,7.516722311547519,12.002275413879033,llm_0,-0.2246016904148045,-0.2246016904148045,-0.2246016904148045,-0.2246016904148045,-1.3133813245811243,0,highway_0,0,139.8728731009728,463.8728731009728,,-1.2167223115474863
10.4,ego_0,464.61133411735307,-11.750000000000002,7.384610163802877,11.878962912350232,llm_0,-0.2227484975968762,-0.2227484975968762,-0.2227484975968762,-0.2227484975968762,-1.3211214774464164,0,highway_0,0,140.61133411735312,464.6113341173531,,-1.2331250152879933
10.5,ego_0,465.3365090756562,-11.750000000000002,7.251749583030684,11.754084983750147,llm_0,-0.2202215200858929,-0.2202215200858929,-0.2202215200858929,-0.2202215200858929,-1.3286058077219298,0,highway_0,0,141.33650907565618,465.3365090756562,,-1.248779286000949
10.6,ego_0,466.04832563895184,-11.750000000000002,7.118165632956656,11.627713965008923,llm_0,-0.21702644657931303,-0.21702644657931303,-0.21702644657931303,-0.21702644657931303,-1.3358395007402812,0,highway_0,0,142.04832563895184,466.04832563895184,,-1.2637101874120695
10.7,ego_0,466.74671392495384,-11.750000000000002,6.983882860020243,11.49991973841287,llm_0,-0.21316861912325724,-0.21316861912325724,-0.21316861912325724,-0.21316861912325724,-1.3428277293641333,0,highway_0,0,142.74671392495384,466.74671392495384,,-1.2779422659608048
10.8,ego_0,467.4316064544808,-11.750000000000002,6.848925295269963,11.37076978314326,llm_0,-0.20865301184472695,-0.20865301184472695,-0.20865301184472695,-0.20865301184472695,-1.3495756475028031,0,highway_0,0,143.43160645448086,467.43160645448086,,-1.2914995526956732
10.9,ego_0,468.1029381001615,-11.750000000000002,6.713316456806617,11.240329226571532,llm_0,-0.20348421054806176,-0.20348421054806176,-0.20348421054806176,-0.20348421054806176,-1.3560883846334537,0,highway_0,0,144.1029381001615,468.1029381001615,,-1.3044055657174765
11.0,ego_0,468.7606460354302,-11.750000000000002,6.577079352687316,11.108660895263199,llm_0,-0.19766639309202227,-0.19766639309202227,-0.19766639309202227,-0.19766639309202227,-1.3623710411930112,0,highway_0,0,144.76064603543023,468.7606460354302,,-1.316683313083324
11.1,ego_0,469.4046696838517,-11.750000000000002,6.440236484214745,10.975825365653634,llm_0,-0.19120331048436978,-0.19120331048436978,-0.19120331048436978,-0.19120331048436978,-1.3684286847257088,0,highway_0,0,145.4046696838517,469.4046696838517,,-1.3283552960959017
11.2,ego_0,470.03495066880635,-11.750000000000002,6.302809849546599,10.841881014362343,llm_0,-0.18409826865006718,-0.18409826865006718,-0.18409826865006718,-0.18409826865006718,-1.3742663466814609,0,highway_0,0,146.03495066880635,470.03495066880635,,-1.3394435129129043
11.3,ego_0,470.65143276356326,-11.750000000000002,6.164820947568972,10.706884068120303,llm_0,-0.17635411085098918,-0.17635411085098918,-0.17635411085098918,-0.17635411085098918,-1.379889019776268,0,highway_0,0,146.65143276356326,470.65143276356326,,-1.3499694624204261
11.4,ego_0,471.2540618417619,-11.750000000000002,6.026290781985551,10.57088865328808,llm_0,-0.16797320075652955,-0.16797320075652955,-0.16797320075652955,-0.16797320075652955,-1.3853016558342102,0,highway_0,0,147.25406184176182,471.2540618417618,,-1.3599541483221538
11.5,ego_0,471.8427858283199,-11.750000000000002,5.887239865581343,10.43394684494774,llm_0,-0.1589574061888288,-0.1589574061888288,-0.1589574061888288,-0.1589574061888288,-1.3905091640420864,0,highway_0,0,147.84278582831996,471.84278582831996,,-1.3694180834030938
11.6,ego_0,472.41755465078256,-11.740000000000002,5.747688224625819,10.296108715554453,llm_0,-0.14930808359226488,-0.14930808359226488,-0.14930808359226488,-0.14930808359226488,-1.395516409555233,0,highway_0,0,148.41755465078256,472.41755465078256,,-1.3783812939327191
11.7,ego_0,472.97832019112116,-11.720000000000002,5.6076554033856825,10.157422383136634,llm_0,-0.13902606330625666,-0.13902606330625666,-0.13902606330625666,-0.13902606330625666,-1.4003282124013694,0,highway_0,0,148.97832019112116,472.97832019112116,,-1.3868633241777308
11.8,ego_0,473.52503623799333,-11.690000000000003,5.46716046872209,10.01793405903669,llm_0,-0.12811163575349882,-0.12811163575349882,-0.12811163575349882,-0.12811163575349882,-1.404949346635922,0,highway_0,0,149.5250362379934,473.5250362379934,,-1.3948832409992873
11.9,ego_0,474.05765843946847,-11.650000000000002,5.326222014751324,9.877688095185306,llm_0,-0.11656453869345007,-0.11656453869345007,-0.11656453869345007,-0.11656453869345007,-1.409384539707661,0,highway_0,0,150.05765843946853,474.0576584394685,,-1.4024596385136698
12.0,ego_0,474.5761442562236,-11.600000000000001,5.184858167551323,9.736727030905456,llm_0,-0.10438394573497911,-0.10438394573497911,-0.10438394573497911,-0.10438394573497911,-1.4136384720000095,0,highway_0,0,150.57614425622364,474.57614425622364,,-1.4096106427988175
12.1,ego_0,475.0804529152136,-11.540000000000003,5.043086589899691,9.595091639242241,llm_0,-0.09156845635273847,-0.09156845635273847,-0.09156845635273847,-0.09156845635273847,-1.4177157765163262,0,highway_0,0,151.08045291521358,475.0804529152136,,-1.4163539166323336
12.2,ego_0,475.57054536381673,-11.470000000000002,4.900924486031368,9.452820972817335,llm_0,-0.07811608771221157,-0.07811608771221157,-0.07811608771221157,-0.07811608771221157,-1.4216210386832273,0,highway_0,0,151.57054536381673,475.57054536381673,,-1.4227066642491595
12.3,ego_0,476.0463842244574,-11.390000000000002,4.758388606406574,9.309952409206403,llm_0,-0.06402426867878941,-0.06402426867878941,-0.06402426867878941,-0.06402426867878941,-1.4253587962479397,0,highway_0,0,152.04638422445737,476.04638422445737,,-1.4286856361095142
12.4,ego_0,476.50793374970556,-11.300000000000002,4.615495252481542,9.166521695839435,llm_0,-0.04928983647068086,-0.04928983647068086,-0.04928983647068086,-0.04928983647068086,-1.4289335392503233,0,highway_0,0,152.5079337497055,476.5079337497055,,-1.4343071336696305
12.5,ego_0,476.95515977785305,-11.200000000000003,4.47226028147635,9.022562994424504,llm_0,-0.03390903651540511,-0.03390903651540511,-0.03390903651540511,-0.03390903651540511,-1.4323497100519145,0,highway_0,0,152.9551597778531,476.9551597778531,,-1.4395870141495877
12.6,ego_0,477.38802968896664,-11.100000000000001,4.328699111135679,8.87810892489506,llm_0,-0.017877526189500892,-0.017877526189500892,-0.017877526189500892,-0.017877526189500892,-1.435611703406714,0,highway_0,0,153.3880296889667,477.3880296889667,,-1.444540695294065
12.7,ego_0,477.8065123614147,-11.000000000000002,4.18482672447952,8.733190608882751,llm_0,-0.0011903832650641544,-0.0011903832650641544,-0.0011903832650641544,-0.0011903832650641544,-1.4387238665615865,0,highway_0,0,153.80651236141466,477.80651236141466,,-1.449183160123055
12.8,ego_0,478.21057812886886,-10.900000000000002,4.040657674542154,8.587837712715668,llm_0,0.016157879940619124,0.016157879940619124,0.016157879940619124,0.016157879940619124,-1.4416904993736601,0,highway_0,0,154.21057812886886,478.21057812886886,,-1.4535289616708376
12.9,ego_0,478.6001987377787,-10.800000000000002,3.8962060890984676,8.442078489944436,llm_0,0.03417329550671688,0.03417329550671688,0.03417329550671688,0.03417329550671688,-1.4445158544368653,0,highway_0,0,154.60019873777873,478.6001987377787,,-1.4575922277122997
13.0,ego_0,478.97534730531646,-10.700000000000003,3.751485675377709,8.295939823396736,llm_0,0.052862410484248334,0.052862410484248334,0.052862410484248334,0.052862410484248334,-1.447204137207585,0,highway_0,0,154.97534730531652,478.9753473053165,,-1.4613866654766898
13.1,ego_0,479.33599827779307,-10.600000000000001,3.606509724765431,8.149447266761797,llm_0,0.0722322473409377,0.0722322473409377,0.0722322473409377,0.0722322473409377,-1.4497595061227786,0,highway_0,0,155.33599827779307,479.33599827779307,,-1.4649255663495606
13.2,ego_0,479.68212738954264,-10.500000000000002,3.4612911174950454,8.002625085705347,llm_0,0.0922902521391451,0.0922902521391451,0.0922902521391451,0.0922902521391451,-1.4521860727038582,0,highway_0,0,155.6821273895426,479.6821273895426,,-1.4682218105643232
13.3,ego_0,480.0137116222757,-10.400000000000002,3.3158423273309405,7.855496298516755,llm_0,0.11304422785645452,0.11304422785645452,0.11304422785645452,0.11304422785645452,-1.4544879016410484,0,highway_0,0,156.0137116222757,480.0137116222757,,-1.471287871885367
13.4,ego_0,480.33072916490033,-10.310000000000002,3.1701754262457698,7.7080827162882315,llm_0,0.13450224970422553,0.13450224970422553,0.13450224970422553,0.13450224970422553,-1.4566690108517077,0,highway_0,0,156.33072916490028,480.3307291649003,,-1.474135822285345
13.5,ego_0,480.6331593738098,-10.230000000000002,3.02430208909489,7.560404982626267,llm_0,0.15667255861939666,0.15667255861939666,0.15667255861939666,0.15667255861939666,-1.4587333715087958,0,highway_0,0,156.63315937380975,480.63315937380975,,-1.476777336619614
13.6,ego_0,480.9209827336389,-10.160000000000002,2.8782335982913945,7.412482612896156,llm_0,0.17956342826994587,0.17956342826994587,0.17956342826994587,0.17956342826994587,-1.460684908034957,0,highway_0,0,156.92098273363888,480.9209827336389,,-1.479223697301267
13.7,ego_0,481.1941808184874,-10.100000000000001,2.731980848485781,7.264334032998079,llm_0,0.20318299988551813,0.20318299988551813,0.20318299988551813,0.20318299988551813,-1.4625274980561365,0,highway_0,0,157.19418081848744,481.19418081848744,,-1.481485798980802
13.8,ego_0,481.4527362536129,-10.050000000000002,2.585554351254585,7.115976617674619,llm_0,0.22753907795202055,0.22753907795202055,0.22753907795202055,0.22753907795202055,-1.4642649723119572,0,highway_0,0,157.4527362536129,481.4527362536129,,-1.4835741532347548
13.9,ego_0,481.69663267759324,-10.000000000000002,2.4389642398029134,6.967426728347789,llm_0,0.2526388782318739,0.2526388782318739,0.2526388782318739,0.2526388782318739,-1.4659011145167167,0,highway_0,0,157.6966326775932,481.6966326775932,,-1.4854988932682316
14.0,ego_0,481.9258547049618,-9.960000000000003,2.2922202736862256,6.818699750484143,llm_0,0.2784887176082005,0.2784887176082005,0.2784887176082005,0.2784887176082005,-1.4674396611668783,0,highway_0,0,157.9258547049618,481.9258547049618,,-1.4872697786366924
14.1,ego_0,482.1403878893175,-9.930000000000001,2.145331843557364,6.669810130484848,llm_0,0.30509363280031565,0.30509363280031565,0.30509363280031565,0.30509363280031565,-1.4688843012886155,0,highway_0,0,158.14038788931754,482.14038788931754,,-1.4888961999929795
14.2,ego_0,482.3402186869121,-9.890000000000002,1.9983079759453222,6.52077141209827,llm_0,0.3324569119254962,0.3324569119254962,0.3324569119254962,0.3324569119254962,-1.470238676120419,0,highway_0,0,158.34021868691207,482.34021868691207,,-1.490387183866086
14.3,ego_0,482.54361957875426,-9.840000000000002,2.0340089184222583,6.3533111143154315,llm_0,0.36057951901705854,0.36057951901705854,0.36057951901705854,0.36057951901705854,0.35700942476936115,0,highway_0,0,158.54361957875432,482.5436195787543,,-1.6746029778281706
14.4,ego_0,482.74970339051123,-9.780000000000001,2.060838117569028,6.168316411469391,llm_0,0.2709749113823733,0.2709749113823733,0.2709749113823733,0.2709749113823733,0.2682919914676951,0,highway_0,0,158.74970339051123,482.74970339051123,,-1.8499470284600887
14.5,ego_0,482.9574770009932,-9.71,2.077736104819902,5.9667804247498,llm_0,0.17066967123383092,0.17066967123383092,0.17066967123383092,0.17066967123383092,0.16897987250874102,0,highway_0,0,158.9574770009932,482.9574770009932,,-2.0153598671961115
14.6,ego_0,483.1658372953832,-9.630000000000003,2.0836029438995753,5.758481889010966,llm_0,0.05925507470470215,0.05925507470470215,0.05925507470470215,0.05925507470470215,0.05866839079673447,0,highway_0,0,159.16583729538314,483.16583729538314,,-2.082985357388449
14.7,ego_0,483.3738611124419,-9.540000000000001,2.080238170587206,67.12805440711873,llm_1,-0.03398421045492794,-0.03398421045492794,-0.03398421045492794,-0.03398421045492794,-0.033647733123691737,0,highway_0,1,159.3738611124419,483.3738611124419,,8.076507538797204
14.8,ego_0,483.5917769018811,-9.440000000000001,2.1791578943916825,67.92517766483934,llm_1,0.9990892104252111,0.9990892104252111,0.9990892104252111,0.9990892104252111,0.9891972380447633,0,highway_0,1,159.59177690188108,483.5917769018811,,7.971232577206521
14.9,ego_0,483.81958482202555,-9.34,2.2780792014444367,68.71179961479396,llm_1,0.9991052012328173,0.9991052012328173,0.9991052012328173,0.9991052012328173,0.9892130705275415,0,highway_0,1,159.81958482202555,483.81958482202555,,7.866219499546606
15.0,ego_0,484.0572850147231,-9.24,2.3770019269763165,69.48794532319465,llm_1,0.9991195278719832,0.9991195278719832,0.9991195278719832,0.9991195278719832,0.9892272553187986,0,highway_0,1,160.05728501472316,484.05728501472316,,7.761457084007244
15.1,ego_0,484.30487760529945,-9.14,2.4759259057631047,70.25363878705787,llm_1,0.9991321857465596,0.9991321857465596,0.9991321857465596,0.9991321857465596,0.9892397878678816,0,highway_0,1,160.30487760529945,484.30487760529945,,7.656934638632014
15.2,ego_0,484.5623627024386,-9.040000000000001,2.574850971391341,71.00890298450327,llm_1,0.9991431628451846,0.9991431628451846,0.9991431628451846,0.9991431628451846,0.9892506562823611,0,highway_0,1,160.56236270243858,484.5623627024386,,7.552641974454316
15.3,ego_0,484.8297403979952,-8.940000000000001,2.6737769555657462,71.75375992252987,llm_1,0.9991524401614971,0.9991524401614971,0.9991524401614971,0.9991524401614971,0.9892598417440546,0,highway_0,1,160.82974039799512,484.8297403979951,,7.448569380265566
15.4,ego_0,484.8297403979952,-8.84,0.0,72.7655010511653,llm_1,0.9991599920700507,0.9991599920700507,0.9991599920700507,0.9991599920700507,-26.73776955565746,0,highway_0,1,160.82974039799512,484.8297403979951,,10.11741128635427
15.5,ego_0,484.83963390833577,-8.74,0.09893510340626377,73.76687542062433,llm_1,0.999244544403264,0.999244544403264,0.999244544403264,0.999244544403264,0.9893510340626377,0,highway_0,1,160.83963390833577,484.83963390833577,,10.013743694590955
15.6,ego_0,484.85942113071064,-8.64,0.19787222374953883,74.75790222608356,llm_1,0.999264915467078,0.999264915467078,0.999264915467078,0.999264915467078,0.9893712034327506,0,highway_0,1,160.8594211307107,484.8594211307107,,9.910268054592162
15.7,ego_0,484.8891022567864,-8.540000000000001,0.2968112607574832,75.7385998521716,llm_1,0.9992842737802382,0.9992842737802382,0.9992842737802382,0.9992842737802382,0.9893903700794437,0,highway_0,1,160.88910225678643,484.88910225678643,,9.806976260880418
15.8,ego_0,484.92867746881393,-8.44,0.39575212027584006,76.7089859091081,llm_1,0.9993026811354047,0.9993026811354047,0.9993026811354047,0.9993026811354047,0.9894085951835685,0,highway_0,1,160.928677468814,484.928677468814,,9.703860569364872
15.9,ego_0,484.97814694015926,-8.34,0.4946947134525824,77.66907726711622,llm_1,0.9993201910850981,0.9993201910850981,0.9993201910850981,0.9993201910850981,0.9894259317674237,0,highway_0,1,160.97814694015926,484.97814694015926,,9.600913580081095
16.0,ego_0,485.03751083575673,-8.24,0.5936389559739131,78.61889008920565,llm_1,0.9993368494654398,0.9993368494654398,0.9993368494654398,0.9993368494654398,0.9894424252133072,0,highway_0,1,161.03751083575668,485.0375108357567,,9.498128220894653
16.1,ego_0,485.1067693124913,-8.15,0.6925847673463164,79.55843986241638,llm_1,0.9993526948612731,0.9993526948612731,0.9993526948612731,0.9993526948612731,0.9894581137240321,0,highway_0,1,161.10676931249128,485.1067693124913,,9.395497732107543
16.2,ego_0,485.18592251951316,-8.06,0.79153207021959,80.48774142760755,llm_1,0.9993677590200644,0.9993677590200644,0.9993677590200644,0.9993677590200644,0.9894730287327369,0,highway_0,1,161.1859225195132,485.1859225195132,,9.29301565191097
16.3,ego_0,485.27497059848787,-7.98,0.8904807897464169,81.40680900787078,llm_1,0.9993820672209502,0.9993820672209502,0.9993820672209502,0.9993820672209502,0.9894871952682682,0,highway_0,1,161.27497059848787,485.27497059848787,,9.190675802631976
16.4,ego_0,485.37391368378536,-7.91,0.9894308529745769,82.31565623564336,llm_1,0.9993956386044168,0.9993956386044168,0.9993956386044168,0.9993956386044168,0.9895006322816002,0,highway_0,1,161.3739136837853,485.3739136837853,,9.088472277725074
16.5,ego_0,485.4827519026122,-7.8500000000000005,1.0883821882683746,83.21429617858968,llm_1,0.9994084864673572,0.9994084864673572,0.9994084864673572,0.9994084864673572,0.9895133529379774,0,highway_0,1,161.48275190261216,485.48275190261216,,8.986399429463562
16.6,ego_0,485.60148537508786,-7.800000000000001,1.1873347247562573,84.10274136431849,llm_1,0.9994206185276151,0.9994206185276151,0.9994206185276151,0.9994206185276151,0.9895253648788271,0,highway_0,1,161.6014853750878,485.6014853750878,,8.884451857288228
16.7,ego_0,485.60148537508786,-7.760000000000001,0.0,85.10963264317616,llm_1,0.9994320371615871,0.9994320371615871,0.9994320371615871,0.9994320371615871,-11.873347247562572,0,highway_0,1,161.6014853750878,485.6014853750878,,10.068912788576151
16.8,ego_0,485.60148537508786,-7.73,0.0,86.11624816594372,llm_1,0.9994477921713236,0.9994477921713236,0.9994477921713236,0.9994477921713236,0.0,0,highway_0,1,161.6014853750878,485.6014853750878,,10.06615522767603
16.9,ego_0,485.60148537508786,-7.71,0.0,87.12259907641476,llm_1,0.9994606262704803,0.9994606262704803,0.9994606262704803,0.9994606262704803,0.0,0,highway_0,1,161.6014853750878,485.6014853750878,,10.063509104710496
17.0,ego_0,485.60148537508786,-7.7,0.0,88.12869605943501,llm_1,0.999473014888805,0.999473014888805,0.999473014888805,0.999473014888805,0.0,0,highway_0,1,161.6014853750878,485.6014853750878,,10.06096983020297
17.1,ego_0,485.61138126596467,-7.680000000000001,0.09895890876905554,89.12465346960562,llm_1,0.999484978567461,0.999484978567461,0.999484978567461,0.999484978567461,0.9895890876905553,0,highway_0,1,161.61138126596472,485.6113812659647,,9.959574101705966
17.2,ego_0,485.631173161047,-7.65,0.1979189508226034,90.1104810183993,llm_1,0.9994964247408333,0.9994964247408333,0.9994964247408333,0.9994964247408333,0.9896004205354787,0,highway_0,1,161.631173161047,485.631173161047,,9.858275487937007
17.3,ego_0,485.66086116881365,-7.61,0.2968800776669634,91.08618801930851,llm_1,0.9995073811280357,0.9995073811280357,0.9995073811280357,0.9995073811280357,0.9896112684435998,0,highway_0,1,161.6608611688137,485.6608611688137,,9.757070009092208
17.4,ego_0,485.70044539312147,-7.5600000000000005,0.3958422430772165,92.05178340466307,llm_1,0.9995178706435566,0.9995178706435566,0.9995178706435566,0.9995178706435566,0.989621654102531,0,highway_0,1,161.7004453931214,485.7004453931214,,9.65595385354596
17.5,ego_0,485.74992593338413,-7.5,0.4948054026271752,3.1743938685964963,llm_0,0.9995279114545828,0.9995279114545828,0.9995279114545828,0.9995279114545828,0.9896315954995871,0,highway_0,1,161.74992593338413,485.74992593338413,,-0.4948054026271752
17.6,ego_0,485.802692146056,-7.43,0.5276621267189413,3.1216276559246126,llm_0,0.331852913326838,0.331852913326838,0.331852913326838,0.331852913326838,0.328567240917661,0,highway_0,1,161.80269214605602,485.802692146056,,-0.5276621267189413
17.7,ego_0,485.802692146056,-7.35,0.0,3.1216276559246126,llm_0,0.2840494012005823,0.2840494012005823,0.2840494012005823,0.2840494012005823,-5.276621267189412,0,highway_0,1,161.80269214605602,485.802692146056,,4.536649369515555e-66
17.8,ego_0,485.802692146056,-7.26,0.0,3.1216276559246126,llm_0,0.5895145271554698,0.5895145271554698,0.5895145271554698,0.5895145271554698,0.0,0,highway_0,1,161.80269214605602,485.802692146056,,4.49173204902528e-68
17.9,ego_0,485.802692146056,-7.16,0.0,3.1216276559246126,llm_0,0.5895145271554698,0.5895145271554698,0.5895145271554698,0.5895145271554698,0.0,0,highway_0,1,161.80269214605602,485.802692146056,,4.447259454480483e-70
18.0,ego_0,485.802692146056,-7.0600000000000005,0.0,3.1216276559246126,llm_0,0.5895145271554698,0.5895145271554698,0.5895145271554698,0.5895145271554698,0.0,0,highway_0,1,161.80269214605602,485.802692146056,,4.4032271826539155e-72
18.1,ego_0,485.802692146056,-6.96,0.0,3.1216276559246126,llm_0,0.5895145271554698,0.5895145271554698,0.5895145271554698,0.5895145271554698,0.0,0,highway_0,1,161.80269214605602,485.802692146056,,4.35963087391478e-74
18.2,ego_0,485.802692146056,-6.859999999999999,0.0,3.1216276559246126,llm_0,0.5895145271554698,0.5895145271554698,0.5895145271554698,0.5895145271554698,0.0,0,highway_0,1,161.80269214605602,485.802692146056,,4.3164662117968417e-76
18.3,ego_0,485.802692146056,-6.76,0.0,3.1216276559246126,llm_0,0.5895145271554698,0.5895145271554698,0.5895145271554698,0.5895145271554698,0.0,0,highway_0,1,161.80269214605602,485.802692146056,,4.273728922571136e-78
18.4,ego_0,485.802692146056,-6.66,0.0,3.1216276559246126,llm_0,0.5895145271554698,0.5895145271554698,0.5895145271554698,0.5895145271554698,0.0,0,highway_0,1,161.80269214605602,485.802692146056,,4.231414774822892e-80
18.5,ego_0,485.8085289235526,-6.56,0.0583677749658881,3.1157908784280153,llm_0,0.5895145271554698,0.5895145271554698,0.5895145271554698,0.5895145271554698,0.583677749658881,0,highway_0,1,161.80852892355261,485.8085289235526,,-0.0583677749658881
18.6,ego_0,485.8199398129473,-6.459999999999999,0.1141088939469399,3.104379989033305,llm_0,0.562985301708623,0.562985301708623,0.562985301708623,0.562985301708623,0.557411189810518,0,highway_0,1,161.81993981294733,485.8199398129473,,-0.1141088939469399
18.7,ego_0,485.8199398129473,-6.359999999999999,0.0,104.98352435455041,llm_1,0.5338923794706403,0.5338923794706403,0.5338923794706403,0.5338923794706403,-1.141088939469399,0,highway_0,2,161.81993981294733,485.8199398129473,,10.03052910115197
18.8,ego_0,485.8199398129473,-6.26,0.0,105.9864558025277,llm_1,0.9996370743235568,0.9996370743235568,0.9996370743235568,0.9996370743235568,0.0,0,highway_0,2,161.81993981294733,485.8199398129473,,10.029314479773321
18.9,ego_0,485.8199398129473,-6.159999999999999,0.0,106.98927064205878,llm_1,0.9996439104307997,0.9996439104307997,0.9996439104307997,0.9996439104307997,0.0,0,highway_0,2,161.81993981294733,485.8199398129473,,10.028148395310854
19.0,ego_0,485.8199398129473,-6.059999999999999,0.0,107.99197353122025,llm_1,0.9996505544313335,0.9996505544313335,0.9996505544313335,0.9996505544313335,0.0,0,highway_0,2,161.81993981294733,485.8199398129473,,10.027028891614997
19.1,ego_0,485.8199398129473,-5.959999999999999,0.0,108.99456894048723,llm_1,0.9996570134928386,0.9996570134928386,0.9996570134928386,0.9996570134928386,0.0,0,highway_0,2,161.81993981294733,485.8199398129473,,10.025954092670116
19.2,ego_0,485.8199398129473,-5.859999999999999,0.0,109.99706116040824,llm_1,0.9996632944499902,0.9996632944499902,0.9996632944499902,0.9996632944499902,0.0,0,highway_0,2,161.81993981294733,485.8199398129473,,10.024922199210586
19.3,ego_0,485.8199398129473,-5.759999999999999,0.0,110.99945430895701,llm_1,0.9996694038229459,0.9996694038229459,0.9996694038229459,0.9996694038229459,0.0,0,highway_0,2,161.81993981294733,485.8199398129473,,10.023931485487623
19.4,ego_0,485.8199398129473,-5.659999999999999,0.0,112.00175233857493,llm_1,0.9996753478346422,0.9996753478346422,0.9996753478346422,0.9996753478346422,0.0,0,highway_0,2,161.81993981294733,485.8199398129473,,10.022980296179556
19.5,ego_0,485.8298376459416,-5.559999999999999,0.09897832994326589,112.99406120992444,llm_1,0.9996811324269853,0.9996811324269853,0.9996811324269853,0.9996811324269853,0.9897832994326589,0,highway_0,2,161.82983764594167,485.82983764594167,,9.923088713495352
19.6,ego_0,485.8496333671368,-5.459999999999999,0.1979572119510412,113.9763845091361,llm_1,0.9996867082785308,0.9996867082785308,0.9996867082785308,0.9996867082785308,0.9897888200777533,0,highway_0,2,161.8496333671368,485.8496333671368,,9.823232992116676
19.7,ego_0,485.87932702975303,-5.359999999999999,0.29693662616241484,114.94872567820192,llm_1,0.9996920835348738,0.9996920835348738,0.9996920835348738,0.9996920835348738,0.9897941421137363,0,highway_0,2,161.87932702975303,485.87932702975303,,9.723411690658581
19.8,ego_0,485.9189186850727,-5.259999999999999,0.3959165531965969,115.9110880208645,llm_1,0.9996972630452385,0.9996972630452385,0.9996972630452385,0.9996972630452385,0.9897992703418207,0,highway_0,2,161.9189186850727,485.9189186850727,,9.623623426625727
19.9,ego_0,485.9189186850727,-5.159999999999999,0.0,116.91296440567413,llm_1,0.9997022482838858,0.9997022482838858,0.9997022482838858,0.9997022482838858,-3.959165531965969,0,highway_0,2,161.9189186850727,485.9189186850727,,10.018763848096137
20.0,ego_0,485.9189186850727,-5.059999999999999,0.0,117.91476626879472,llm_1,0.9997073593543078,0.9997073593543078,0.9997073593543078,0.9997073593543078,0.0,0,highway_0,2,161.9189186850727,485.9189186850727,,10.018018631205422
20.1,ego_0,485.9189186850727,-4.959999999999999,0.0,118.91649657789395,llm_1,0.9997123107709686,0.9997123107709686,0.9997123107709686,0.9997123107709686,0.0,0,highway_0,2,161.9189186850727,485.9189186850727,,10.017303090991811
20.2,ego_0,485.9189186850727,-4.869999999999999,0.0,119.91815818183528,llm_1,0.9997171372367967,0.9997171372367967,0.9997171372367967,0.9997171372367967,0.0,0,highway_0,2,161.9189186850727,485.9189186850727,,10.016616039413085
20.3,ego_0,485.9189186850727,-4.789999999999999,0.0,120.9197538154827,llm_1,0.9997218429369426,0.9997218429369426,0.9997218429369426,0.9997218429369426,0.0,0,highway_0,2,161.9189186850727,485.9189186850727,,10.015956336473574
20.4,ego_0,485.9189186850727,-4.719999999999999,0.0,121.92128610430706,llm_1,0.9997264318820157,0.9997264318820157,0.9997264318820157,0.9997264318820157,0.0,0,highway_0,2,161.9189186850727,485.9189186850727,,10.01532288824322
20.5,ego_0,485.9189186850727,-4.659999999999999,0.0,122.9227575688032,llm_1,0.9997309079167855,0.9997309079167855,0.9997309079167855,0.9997309079167855,0.0,0,highway_0,2,161.9189186850727,485.9189186850727,,10.014714644961265
20.6,ego_0,485.9189186850727,-4.609999999999999,0.0,123.92417062872522,llm_1,0.9997352747283795,0.9997352747283795,0.9997352747283795,0.9997352747283795,0.0,0,highway_0,2,161.9189186850727,485.9189186850727,,10.014130599220683
20.7,ego_0,485.9189186850727,-4.569999999999999,0.0,3.005401116907933,llm_0,0.9997395358540095,0.9997395358540095,0.9997395358540095,0.9997395358540095,0.0,0,highway_0,2,161.9189186850727,485.9189186850727,,3.3658441372080964e-126
20.8,ego_0,485.9189186850727,-4.539999999999999,0.0,3.005401116907933,llm_0,0.5571515750551397,0.5571515750551397,0.5571515750551397,0.5571515750551397,0.0,0,highway_0,2,161.9189186850727,485.9189186850727,,3.3325189477307956e-128
20.9,ego_0,485.9189186850727,-4.519999999999999,0.0,3.005401116907933,llm_0,0.5571515750551397,0.5571515750551397,0.5571515750551397,0.5571515750551397,0.0,0,highway_0,2,161.9189186850727,485.9189186850727,,3.299523710624578e-130
21.0,ego_0,485.9189186850727,-4.509999999999999,0.0,3.005401116907933,llm_0,0.5571515750551397,0.5571515750551397,0.5571515750551397,0.5571515750551397,0.0,0,highway_0,2,161.9189186850727,485.9189186850727,,3.266855159034253e-132
21.1,ego_0,485.9189186850727,-4.499999999999999,0.0,3.005401116907933,llm_0,0.5571515750551397,0.5571515750551397,0.5571515750551397,0.5571515750551397,0.0,0,highway_0,2,161.9189186850727,485.9189186850727,,3.2345100584497643e-134
21.2,ego_0,485.9189186850727,-4.479999999999999,0.0,3.005401116907933,llm_0,0.5571515750551397,0.5571515750551397,0.5571515750551397,0.5571515750551397,0.0,0,highway_0,2,161.9189186850727,485.9189186850727,,3.202485206385893e-136
21.3,ego_0,485.9189186850727,-4.449999999999999,0.0,3.005401116907933,llm_0,0.5571515750551397,0.5571515750551397,0.5571515750551397,0.5571515750551397,0.0,0,highway_0,2,161.9189186850727,485.9189186850727,,3.170777432065231e-138
21.4,ego_0,485.9189186850727,-4.409999999999999,0.0,3.005401116907933,llm_0,0.5571515750551397,0.5571515750551397,0.5571515750551397,0.5571515750551397,0.0,0,highway_0,2,161.9189186850727,485.9189186850727,,3.1393835961042e-140
21.5,ego_0,485.9189186850727,-4.3599999999999985,0.0,3.005401116907933,llm_0,0.5571515750551397,0.5571515750551397,0.5571515750551397,0.5571515750551397,0.0,0,highway_0,2,161.9189186850727,485.9189186850727,,3.108300590202186e-142
21.6,ego_0,485.9189186850727,-4.299999999999999,0.0,3.005401116907933,llm_0,0.5571515750551397,0.5571515750551397,0.5571515750551397,0.5571515750551397,0.0,0,highway_0,2,161.9189186850727,485.9189186850727,,3.07752533683386e-144
21.7,ego_0,485.9189186850727,-4.229999999999999,0.0,3.005401116907933,llm_0,0.5571515750551397,0.5571515750551397,0.5571515750551397,0.5571515750551397,0.0,0,highway_0,2,161.9189186850727,485.9189186850727,,3.047054788944438e-146
21.8,ego_0,485.9189186850727,-4.149999999999999,0.0,3.005401116907933,llm_0,0.5571515750551397,0.5571515750551397,0.5571515750551397,0.5571515750551397,0.0,0,highway_0,2,161.9189186850727,485.9189186850727,,3.0168859296479417e-148
21.9,ego_0,485.9189186850727,-4.059999999999999,0.0,3.005401116907933,llm_0,0.5571515750551397,0.5571515750551397,0.5571515750551397,0.5571515750551397,0.0,0,highway_0,2,161.9189186850727,485.9189186850727,,2.987015771928666e-150
22.0,ego_0,485.9189186850727,-3.9599999999999986,0.0,3.005401116907933,llm_0,0.5571515750551397,0.5571515750551397,0.5571515750551397,0.5571515750551397,0.0,0,highway_0,2,161.9189186850727,485.9189186850727,,2.957441358345206e-152
22.1,ego_0,485.9189186850727,-3.8599999999999985,0.0,3.005401116907933,llm_0,0.5571515750551397,0.5571515750551397,0.5571515750551397,0.5571515750551397,0.0,0,highway_0,2,161.9189186850727,485.9189186850727,,2.9281597607378392e-154
22.2,ego_0,485.9189186850727,-3.759999999999999,0.0,3.005401116907933,llm_0,0.5571515750551397,0.5571515750551397,0.5571515750551397,0.5571515750551397,0.0,0,highway_0,2,161.9189186850727,485.9189186850727,,2.8991680799384566e-156
22.3,ego_0,485.9189186850727,-3.6599999999999984,0.0,3.005401116907933,llm_0,0.5571515750551397,0.5571515750551397,0.5571515750551397,0.5571515750551397,0.0,0,highway_0,2,161.9189186850727,485.9189186850727,,2.870463445483606e-158
22.4,ego_0,485.9189186850727,-3.5599999999999987,0.0,3.005401116907933,llm_0,0.5571515750551397,0.5571515750551397,0.5571515750551397,0.5571515750551397,0.0,0,highway_0,2,161.9189186850727,485.9189186850727,,2.8420430153303175e-160
22.5,ego_0,485.9189186850727,-3.459999999999998,0.0,3.005401116907933,llm_0,0.5571515750551397,0.5571515750551397,0.5571515750551397,0.5571515750551397,0.0,0,highway_0,2,161.9189186850727,485.9189186850727,,2.8139039755745767e-162
22.6,ego_0,485.9189186850727,-3.3599999999999985,0.0,3.005401116907933,llm_0,0.5571515750551397,0.5571515750551397,0.5571515750551397,0.5571515750551397,0.0,0,highway_0,2,161.9189186850727,485.9189186850727,,2.7860435401728483e-164
22.7,ego_0,485.9189186850727,-3.259999999999998,0.0,3.005401116907933,llm_0,0.5571515750551397,0.5571515750551397,0.5571515750551397,0.5571515750551397,0.0,0,highway_0,2,161.9189186850727,485.9189186850727,,2.7584589506661894e-166
22.8,ego_0,485.9189186850727,-3.1599999999999984,0.0,145.9443378231611,llm_1,0.5571515750551397,0.5571515750551397,0.5571515750551397,0.5571515750551397,0.0,0,highway_0,3,161.9189186850727,485.9189186850727,,10.005801014754812
22.9,ego_0,485.9189186850727,-3.0599999999999987,0.0,146.94489493032182,llm_1,0.9998122043663268,0.9998122043663268,0.9998122043663268,0.9998122043663268,0.0,0,highway_0,3,161.9189186850727,485.9189186850727,,10.005571071607363
23.0,ego_0,485.9189186850727,-2.959999999999998,0.0,147.94542995538808,llm_1,0.9998147530842483,0.9998147530842483,0.9998147530842483,0.9998147530842483,0.0,0,highway_0,3,161.9189186850727,485.9189186850727,,10.005350250662312
23.1,ego_0,485.9189186850727,-2.8599999999999985,0.0,148.94594377433162,llm_1,0.9998172502116341,0.9998172502116341,0.9998172502116341,0.9998172502116341,0.0,0,highway_0,3,161.9189186850727,485.9189186850727,,10.005138189435723
23.2,ego_0,485.9189186850727,-2.759999999999998,0.0,149.94643722832103,llm_1,0.9998196971340083,0.9998196971340083,0.9998196971340083,0.9998196971340083,0.0,0,highway_0,3,161.9189186850727,485.9189186850727,,10.004934539893503
23.3,ego_0,485.9189186850727,-2.6599999999999984,0.0,150.94691112510822,llm_1,0.9998220951905776,0.9998220951905776,0.9998220951905776,0.9998220951905776,0.0,0,highway_0,3,161.9189186850727,485.9189186850727,,10.004738967871807
23.4,ego_0,485.9189186850727,-2.5599999999999983,0.0,151.94736624036028,llm_1,0.9998244456760828,0.9998244456760828,0.9998244456760828,0.9998244456760828,0.0,0,highway_0,3,161.9189186850727,485.9189186850727,,10.00455115252097
23.5,ego_0,485.9189186850727,-2.459999999999998,0.0,152.94780331893747,llm_1,0.9998267498425634,0.9998267498425634,0.9998267498425634,0.9998267498425634,0.0,0,highway_0,3,161.9189186850727,485.9189186850727,,10.004370785771973
23.6,ego_0,485.9189186850727,-2.359999999999998,0.0,153.94822307611997,llm_1,0.9998290089010423,0.9998290089010423,0.9998290089010423,0.9998290089010423,0.0,0,highway_0,3,161.9189186850727,485.9189186850727,,10.004197571824555
23.7,ego_0,485.9189186850727,-2.259999999999998,0.0,154.94862619878558,llm_1,0.9998312240231314,0.9998312240231314,0.9998312240231314,0.9998312240231314,0.0,0,highway_0,3,161.9189186850727,485.9189186850727,,10.004031226656016
23.8,ego_0,485.9189186850727,-2.1599999999999984,0.0,155.94901334654054,llm_1,0.9998333963425651,0.9998333963425651,0.9998333963425651,0.9998333963425651,0.0,0,highway_0,3,161.9189186850727,485.9189186850727,,10.003871477549898
23.9,ego_0,485.9189186850727,-2.0599999999999983,0.0,3.005401116907933,llm_0,0.9998355269566647,0.9998355269566647,0.9998355269566647,0.9998355269566647,0.0,0,highway_0,3,161.9189186850727,485.9189186850727,,2.4479922586944716e-190
24.0,ego_0,485.9189186850727,-1.9599999999999982,0.0,3.005401116907933,llm_0,0.5571515750551397,0.5571515750551397,0.5571515750551397,0.5571515750551397,0.0,0,highway_0,3,161.9189186850727,485.9189186850727,,2.4237547115786873e-192
24.1,ego_0,485.9189186850727,-1.8599999999999983,0.0,3.005401116907933,llm_0,0.5571515750551397,0.5571515750551397,0.5571515750551397,0.5571515750551397,0.0,0,highway_0,3,161.9189186850727,485.9189186850727,,2.399757140176902e-194
24.2,ego_0,485.9189186850727,-1.7599999999999982,0.0,3.005401116907933,llm_0,0.5571515750551397,0.5571515750551397,0.5571515750551397,0.5571515750551397,0.0,0,highway_0,3,161.9189186850727,485.9189186850727,,2.3759971684919755e-196
24.3,ego_0,485.9189186850727,-1.6699999999999984,0.0,3.005401116907933,llm_0,0.5571515750551397,0.5571515750551397,0.5571515750551397,0.5571515750551397,0.0,0,highway_0,3,161.9189186850727,485.9189186850727,,2.3524724440514444e-198
24.4,ego_0,485.9189186850727,-1.5899999999999983,0.0,3.005401116907933,llm_0,0.5571515750551397,0.5571515750551397,0.5571515750551397,0.5571515750551397,0.0,0,highway_0,3,161.9189186850727,485.9189186850727,,2.3291806376747e-200
24.5,ego_0,485.9189186850727,-1.5199999999999982,0.0,3.005401116907933,llm_0,0.5571515750551397,0.5571515750551397,0.5571515750551397,0.5571515750551397,0.0,0,highway_0,3,161.9189186850727,485.9189186850727,,2.3061194432422697e-202
24.6,ego_0,485.9189186850727,-1.4599999999999982,0.0,3.005401116907933,llm_0,0.5571515750551397,0.5571515750551397,0.5571515750551397,0.5571515750551397,0.0,0,highway_0,3,161.9189186850727,485.9189186850727,,2.2832865774675893e-204
24.7,ego_0,485.9189186850727,-1.4099999999999981,0.0,3.005401116907933,llm_0,0.5571515750551397,0.5571515750551397,0.5571515750551397,0.5571515750551397,0.0,0,highway_0,3,161.9189186850727,485.9189186850727,,2.260679779670886e-206
24.8,ego_0,485.9189186850727,-1.3699999999999983,0.0,3.005401116907933,llm_0,0.5571515750551397,0.5571515750551397,0.5571515750551397,0.5571515750551397,0.0,0,highway_0,3,161.9189186850727,485.9189186850727,,2.2382968115553394e-208
24.9,ego_0,485.9189186850727,-1.339999999999998,0.0,3.005401116907933,llm_0,0.5571515750551397,0.5571515750551397,0.5571515750551397,0.5571515750551397,0.0,0,highway_0,3,161.9189186850727,485.9189186850727,,2.216135456985506e-210
25.0,ego_0,485.9189186850727,-1.319999999999998,0.0,3.005401116907933,llm_0,0.5571515750551397,0.5571515750551397,0.5571515750551397,0.5571515750551397,0.0,0,highway_0,3,161.9189186850727,485.9189186850727,,2.194193521767846e-212
25.1,ego_0,485.9189186850727,-1.3099999999999983,0.0,3.005401116907933,llm_0,0.5571515750551397,0.5571515750551397,0.5571515750551397,0.5571515750551397,0.0,0,highway_0,3,161.9189186850727,485.9189186850727,,2.1724688334335182e-214
25.2,ego_0,485.9189186850727,-1.299999999999998,0.0,3.005401116907933,llm_0,0.5571515750551397,0.5571515750551397,0.5571515750551397,0.5571515750551397,0.0,0,highway_0,3,161.9189186850727,485.9189186850727,,2.150959241023283e-216
25.3,ego_0,485.9189186850727,-1.299999999999998,0.0,3.005401116907933,llm_0,0.5571515750551397,0.5571515750551397,0.5571515750551397,0.5571515750551397,0.0,0,highway_0,3,161.9189186850727,485.9189186850727,,2.1296626148745334e-218
25.4,ego_0,485.9189186850727,-1.299999999999998,0.0,3.005401116907933,llm_0,0.5571515750551397,0.5571515750551397,0.5571515750551397,0.5571515750551397,0.0,0,highway_0,3,161.9189186850727,485.9189186850727,,2.108576846410423e-220
25.5,ego_0,485.9189186850727,-1.299999999999998,0.0,3.005401116907933,llm_0,0.5571515750551397,0.5571515750551397,0.5571515750551397,0.5571515750551397,0.0,0,highway_0,3,161.9189186850727,485.9189186850727,,2.0876998479311067e-222
25.6,ego_0,485.9189186850727,-1.299999999999998,0.0,3.005401116907933,llm_0,0.5571515750551397,0.5571515750551397,0.5571515750551397,0.5571515750551397,0.0,0,highway_0,3,161.9189186850727,485.9189186850727,,2.0670295524070333e-224
25.7,ego_0,485.9189186850727,-1.299999999999998,0.0,3.005401116907933,llm_0,0.5571515750551397,0.5571515750551397,0.5571515750551397,0.5571515750551397,0.0,0,highway_0,3,161.9189186850727,485.9189186850727,,2.046563913274284e-226
25.8,ego_0,485.9189186850727,-1.299999999999998,0.0,3.005401116907933,llm_0,0.5571515750551397,0.5571515750551397,0.5571515750551397,0.5571515750551397,0.0,0,highway_0,3,161.9189186850727,485.9189186850727,,2.0263009042319662e-228
25.9,ego_0,485.9189186850727,-1.3099999999999983,0.0,3.005401116907933,llm_0,0.5571515750551397,0.5571515750551397,0.5571515750551397,0.5571515750551397,0.0,0,highway_0,3,161.9189186850727,485.9189186850727,,2.0062385190415492e-230
26.0,ego_0,485.9189186850727,-1.3299999999999983,0.0,3.005401116907933,llm_0,0.5571515750551397,0.5571515750551397,0.5571515750551397,0.5571515750551397,0.0,0,highway_0,3,161.9189186850727,485.9189186850727,,1.9863747713282598e-232
26.1,ego_0,485.9189186850727,-1.359999999999998,0.0,3.005401116907933,llm_0,0.5571515750551397,0.5571515750551397,0.5571515750551397,0.5571515750551397,0.0,0,highway_0,3,161.9189186850727,485.9189186850727,,1.966707694384418e-234
26.2,ego_0,485.9189186850727,-1.3999999999999981,0.0,3.005401116907933,llm_0,0.5571515750551397,0.5571515750551397,0.5571515750551397,0.5571515750551397,0.0,0,highway_0,3,161.9189186850727,485.9189186850727,,1.9472353409746838e-236
26.3,ego_0,485.9189186850727,-1.4499999999999982,0.0,3.005401116907933,llm_0,0.5571515750551397,0.5571515750551397,0.5571515750551397,0.5571515750551397,0.0,0,highway_0,3,161.9189186850727,485.9189186850727,,1.9279557831432435e-238
26.4,ego_0,485.9189186850727,-1.4999999999999982,0.0,3.005401116907933,llm_0,0.5571515750551397,0.5571515750551397,0.5571515750551397,0.5571515750551397,0.0,0,highway_0,3,161.9189186850727,485.9189186850727,,1.9088671120230272e-240
26.5,ego_0,485.9189186850727,-1.5399999999999983,0.0,3.005401116907933,llm_0,0.5571515750551397,0.5571515750551397,0.5571515750551397,0.5571515750551397,0.0,0,highway_0,3,161.9189186850727,485.9189186850727,,1.8899674376465537e-242
26.6,ego_0,485.9189186850727,-1.5699999999999983,0.0,3.005401116907933,llm_0,0.5571515750551397,0.5571515750551397,0.5571515750551397,0.5571515750551397,0.0,0,highway_0,3,161.9189186850727,485.9189186850727,,1.871254888758957e-244
26.7,ego_0,485.9189186850727,-1.5899999999999983,0.0,3.005401116907933,llm_0,0.5571515750551397,0.5571515750551397,0.5571515750551397,0.5571515750551397,0.0,0,highway_0,3,161.9189186850727,485.9189186850727,,1.8527276126326482e-246
26.8,ego_0,485.9189186850727,-1.5999999999999983,0.0,3.005401116907933,llm_0,0.5571515750551397,0.5571515750551397,0.5571515750551397,0.5571515750551397,0.0,0,highway_0,3,161.9189186850727,485.9189186850727,,1.8343837748838133e-248
26.9,ego_0,485.9189186850727,-1.6199999999999983,0.0,3.005401116907933,llm_0,0.5571515750551397,0.5571515750551397,0.5571515750551397,0.5571515750551397,0.0,0,highway_0,3,161.9189186850727,485.9189186850727,,1.8162215592908996e-250
27.0,ego_0,485.9189186850727,-1.6499999999999984,0.0,3.005401116907933,llm_0,0.5571515750551397,0.5571515750551397,0.5571515750551397,0.5571515750551397,0.0,0,highway_0,3,161.9189186850727,485.9189186850727,,1.7982391676147573e-252
27.1,ego_0,485.9189186850727,-1.6899999999999984,0.0,3.005401116907933,llm_0,0.5571515750551397,0.5571515750551397,0.5571515750551397,0.5571515750551397,0.0,0,highway_0,3,161.9189186850727,485.9189186850727,,1.7804348194205616e-254
27.2,ego_0,485.9189186850727,-1.7399999999999984,0.0,3.005401116907933,llm_0,0.5571515750551397,0.5571515750551397,0.5571515750551397,0.5571515750551397,0.0,0,highway_0,3,161.9189186850727,485.9189186850727,,1.7628067519015607e-256
27.3,ego_0,485.9189186850727,-1.7999999999999985,0.0,3.005401116907933,llm_0,0.5571515750551397,0.5571515750551397,0.5571515750551397,0.5571515750551397,0.0,0,highway_0,3,161.9189186850727,485.9189186850727,,1.7453532197045176e-258
27.4,ego_0,485.9189186850727,-1.8699999999999983,0.0,3.005401116907933,llm_0,0.5571515750551397,0.5571515750551397,0.5571515750551397,0.5571515750551397,0.0,0,highway_0,3,161.9189186850727,485.9189186850727,,1.728072494756945e-260
27.5,ego_0,485.9189186850727,-1.9499999999999984,0.0,3.005401116907933,llm_0,0.5571515750551397,0.5571515750551397,0.5571515750551397,0.5571515750551397,0.0,0,highway_0,3,161.9189186850727,485.9189186850727,,1.710962866095992e-262
27.6,ego_0,485.9189186850727,-2.0399999999999983,0.0,3.005401116907933,llm_0,0.5571515750551397,0.5571515750551397,0.5571515750551397,0.5571515750551397,0.0,0,highway_0,3,161.9189186850727,485.9189186850727,,1.6940226396990005e-264
27.7,ego_0,485.9189186850727,-2.1399999999999983,0.0,3.005401116907933,llm_0,0.5571515750551397,0.5571515750551397,0.5571515750551397,0.5571515750551397,0.0,0,highway_0,3,161.9189186850727,485.9189186850727,,1.6772501383158462e-266
27.8,ego_0,485.9189186850727,-2.2399999999999984,0.0,3.005401116907933,llm_0,0.5571515750551397,0.5571515750551397,0.5571515750551397,0.5571515750551397,0.0,0,highway_0,3,161.9189186850727,485.9189186850727,,1.660643701302835e-268
27.9,ego_0,485.9189186850727,-2.3399999999999985,0.0,3.005401116907933,llm_0,0.5571515750551397,0.5571515750551397,0.5571515750551397,0.5571515750551397,0.0,0,highway_0,3,161.9189186850727,485.9189186850727,,1.6442016844582565e-270
28.0,ego_0,485.9189186850727,-2.4399999999999986,0.0,3.005401116907933,llm_0,0.5571515750551397,0.5571515750551397,0.5571515750551397,0.5571515750551397,0.0,0,highway_0,3,161.9189186850727,485.9189186850727,,1.627922459859662e-272
28.1,ego_0,485.9189186850727,-2.5399999999999983,0.0,3.005401116907933,llm_0,0.5571515750551397,0.5571515750551397,0.5571515750551397,0.5571515750551397,0.0,0,highway_0,3,161.9189186850727,485.9189186850727,,1.6118044157026435e-274
28.2,ego_0,485.9189186850727,-2.6399999999999983,0.0,3.005401116907933,llm_0,0.5571515750551397,0.5571515750551397,0.5571515750551397,0.5571515750551397,0.0,0,highway_0,3,161.9189186850727,485.9189186850727,,1.5958459561412395e-276
28.3,ego_0,485.9189186850727,-2.7399999999999984,0.0,3.005401116907933,llm_0,0.5571515750551397,0.5571515750551397,0.5571515750551397,0.5571515750551397,0.0,0,highway_0,3,161.9189186850727,485.9189186850727,,1.5800455011299395e-278
28.4,ego_0,485.9189186850727,-2.8399999999999985,0.0,3.005401116907933,llm_0,0.5571515750551397,0.5571515750551397,0.5571515750551397,0.5571515750551397,0.0,0,highway_0,3,161.9189186850727,485.9189186850727,,1.564401486267273e-280
28.5,ego_0,485.9189186850727,-2.9399999999999986,0.0,3.005401116907933,llm_0,0.5571515750551397,0.5571515750551397,0.5571515750551397,0.5571515750551397,0.0,0,highway_0,3,161.9189186850727,485.9189186850727,,1.5489123626408722e-282
28.6,ego_0,485.9189186850727,-3.0399999999999987,0.0,3.005401116907933,llm_0,0.5571515750551397,0.5571515750551397,0.5571515750551397,0.5571515750551397,0.0,0,highway_0,3,161.9189186850727,485.9189186850727,,1.5335765966741227e-284
28.7,ego_0,485.9189186850727,-3.139999999999999,0.0,3.005401116907933,llm_0,0.5571515750551397,0.5571515750551397,0.5571515750551397,0.5571515750551397,0.0,0,highway_0,3,161.9189186850727,485.9189186850727,,1.5183926699743748e-286
28.8,ego_0,485.9244350373009,-3.2399999999999984,0.0551635222826871,205.95163831587297,llm_1,0.5571515750551397,0.5571515750551397,0.5571515750551397,0.5571515750551397,0.5516352228268709,0,highway_0,2,161.92443503730095,485.92443503730095,,9.945349536358872
28.9,ego_0,485.9398514459265,-3.3399999999999985,0.15416408625538736,206.93627118103973,llm_1,0.9999056961242726,0.9999056961242726,0.9999056961242726,0.9999056961242726,0.9900056397270025,0,highway_0,2,161.93985144592648,485.9398514459265,,9.84632865166826
29.0,ego_0,485.9651679198068,-3.4399999999999986,0.2531647388025477,207.91100202937014,llm_1,0.9999065907263196,0.9999065907263196,0.9999065907263196,0.9999065907263196,0.9900065254716034,0,highway_0,2,161.96516791980673,485.96516791980673,,9.747308483305517
29.1,ego_0,486.00038446754974,-3.5399999999999987,0.3521654774300347,208.8758309295581,llm_1,0.9999074601376182,0.9999074601376182,0.9999074601376182,0.9999074601376182,0.9900073862748698,0,highway_0,2,162.00038446754974,486.00038446754974,,9.64828900187803
29.2,ego_0,486.04550109746214,-3.639999999999999,0.45116629912408396,209.83075794753563,llm_1,0.9999082991098976,0.9999082991098976,0.9999082991098976,0.9999082991098976,0.9900082169404928,0,highway_0,2,162.04550109746214,486.04550109746214,,9.549270179776387
29.3,ego_0,486.10051781746887,-3.739999999999999,0.550167200067223,210.7757831466763,llm_1,0.9999090995257032,0.9999090995257032,0.9999090995257032,0.9999090995257032,0.9900090094313901,0,highway_0,2,162.10051781746887,486.10051781746887,,9.450251991408361
29.4,ego_0,486.1654346350043,-3.839999999999999,0.6491681753542909,211.71090658801995,llm_1,0.9999098503993864,0.9999098503993864,0.9999098503993864,0.9999098503993864,0.9900097528706797,0,highway_0,2,162.16543463500432,486.1654346350043,,9.351234413434778
29.5,ego_0,486.24025155687525,-3.9399999999999986,0.7481692187085528,212.6361283305207,llm_1,0.9999105378780447,0.9999105378780447,0.9999105378780447,0.9999105378780447,0.9900104335426185,0,highway_0,2,162.2402515568752,486.2402515568752,,9.252217425007194
29.6,ego_0,486.32496858909496,-4.039999999999999,0.8471703221979011,213.5514484313212,llm_1,0.9999111452424176,0.9999111452424176,0.9999111452424176,0.9999111452424176,0.9900110348934832,0,highway_0,2,162.32496858909496,486.32496858909496,,9.153201008007336
29.7,ego_0,486.41958573669,-4.139999999999999,0.9461714759511431,214.45686694605024,llm_1,0.9999116529077445,0.9999116529077445,0.9999116529077445,0.9999116529077445,0.9900115375324203,0,highway_0,2,162.41958573669007,486.41958573669007,,9.054185147288207
29.8,ego_0,486.52410300347753,-4.239999999999998,1.0451726678743696,215.3523839291422,llm_1,0.9999120384245871,0.9999120384245871,0.9999120384245871,0.9999120384245871,0.9900119192322643,0,highway_0,2,162.52410300347748,486.5241030034775,,8.95516983091679
29.9,ego_0,486.63852039181427,-4.339999999999999,1.1441738833674018,216.23799943418385,llm_1,0.9999122764796251,0.9999122764796251,0.9999122764796251,0.9999122764796251,0.990012154930322,0,highway_0,2,162.6385203918142,486.6385203918142,,8.856155050418316
30.0,ego_0,486.76283790231827,-4.439999999999999,1.2431751050403155,217.11371351428602,llm_1,0.9999123388964284,0.9999123388964284,0.9999123388964284,0.9999123388964284,0.990012216729137,0,highway_0,2,162.76283790231827,486.76283790231827,,8.757140801022011
30.1,ego_0,486.8970555335613,-4.539999999999999,1.3421763124300394,217.9795262224768,llm_1,0.9999121946362133,0.9999121946362133,0.9999121946362133,0.9999121946362133,0.9900120738972396,0,highway_0,2,162.89705553356129,486.8970555335613,,8.658127081908242
30.2,ego_0,487.041173281733,-4.639999999999999,1.4411774817170284,218.83543761212263,llm_1,0.9999118097985888,0.9999118097985888,0.9999118097985888,0.9999118097985888,0.9900116928698899,0,highway_0,2,163.041173281733,487.041173281733,,8.559113896457065
30.3,ego_0,487.1951911402772,-4.739999999999998,1.5401785854420087,219.6814477373723,llm_1,0.9999111476223,0.9999111476223,0.9999111476223,0.9999111476223,0.9900110372498028,0,highway_0,2,163.1951911402772,487.1951911402772,,8.460101252498044
30.4,ego_0,487.35910909949945,-4.839999999999999,1.6391795922227983,220.5175566536284,llm_1,0.9999101684859747,0.9999101684859747,0.9999101684859747,0.9999101684859747,0.990010067807896,0,highway_0,2,163.35910909949945,487.35910909949945,,8.361089162561345
30.5,ego_0,487.5329271461465,-4.839999999999999,1.7381804664712024,221.3437644180417,llm_1,0.9999088299088817,0.9999088299088817,0.9999088299088817,0.9999088299088817,0.9900087424840409,0,highway_0,2,163.53292714614656,487.53292714614656,,8.262077644130024
30.6,ego_0,487.71664526295757,-4.839999999999999,1.8371811681099857,222.16007109003067,llm_1,0.9999070865517098,0.9999070865517098,0.9999070865517098,0.9999070865517098,0.9900070163878327,0,highway_0,2,163.71664526295757,487.71664526295757,,8.163066719893438
30.7,ego_0,487.9102634281865,-4.839999999999999,1.9361816522899233,222.96647673183088,llm_1,0.9999048902173714,0.9999048902173714,0.9999048902173714,0.9999048902173714,0.9900048417993768,0,highway_0,2,163.91026342818657,487.91026342818657,,8.064056418001785
30.8,ego_0,488.11378161509725,-4.839999999999999,2.0351818691069377,223.7629814090633,llm_1,0.9999021898518446,0.9999021898518446,0.9999021898518446,0.9999021898518446,0.9900021681701432,0,highway_0,2,164.11378161509725,488.11378161509725,,7.965046772321662
30.9,ego_0,488.32719979142917,-4.839999999999999,2.1341817633193196,224.54958519133243,llm_1,0.9998989315450585,0.9998989315450585,0.9998989315450585,0.9998989315450585,0.9899989421238198,0,highway_0,2,164.32719979142917,488.32719979142917,,7.866037822692635
31.0,ego_0,488.5505179188357,-4.839999999999999,2.2331812740650454,225.3262881528508,llm_1,0.9998950585318331,0.9998950585318331,0.9998950585318331,0.9998950585318331,0.9899951074572577,0,highway_0,2,164.55051791883568,488.5505179188357,,7.767029615184742
31.1,ego_0,488.78373595229357,-4.849999999999999,2.332180334579192,226.0930903730864,llm_1,0.999890511192883,0.999890511192883,0.999890511192883,0.999890511192883,0.9899906051414664,0,highway_0,2,164.78373595229363,488.7837359522936,,7.668022202356891
31.2,ego_0,489.0268538394848,-4.869999999999998,2.431178871911459,226.84999193743806,llm_1,0.9998852270558944,0.9998852270558944,0.9998852270558944,0.9998852270558944,0.9899853733226704,0,highway_0,2,165.02685383948477,489.0268538394848,,7.569015643516133
31.3,ego_0,489.2798715201492,-4.899999999999999,2.5301768066438046,227.59699293793597,llm_1,0.9998791407966868,0.9998791407966868,0.9998791407966868,0.9998791407966868,0.9899793473234553,0,highway_0,2,165.27987152014913,489.27987152014913,,7.470010004977725
31.4,ego_0,489.54278892541,-4.939999999999999,2.6291740526082075,228.33409347396878,llm_1,0.9998721842404691,0.9998721842404691,0.9998721842404691,0.9998721842404691,0.9899724596440285,0,highway_0,2,165.54278892540992,489.5427889254099,,7.371005360325941
31.5,ego_0,489.8156059770704,-4.989999999999998,2.728170516604564,1000.0,,0.9998642863632018,0.9998642863632018,0.9998642863632018,0.9998642863632018,0.9899646399635653,0,highway_0,2,165.8156059770704,489.8156059770704,,-1003.7281705166046
31.6,ego_0,490.098323341688,-5.049999999999999,2.82717364617622,1000.0,,0.9999316086737229,0.9999316086737229,0.9999316086737229,0.9999316086737229,0.990031295716558,0,highway_0,2,166.098323341688,490.098323341688,,-1003.8271736461762
31.7,ego_0,490.39094091549003,-5.119999999999999,2.926175738020314,1000.0,,0.99992112762535,0.99992112762535,0.99992112762535,0.99992112762535,0.9900209184409414,0,highway_0,2,166.39094091549003,490.39094091549003,,-1003.9261757380203
31.8,ego_0,490.6934585832111,-5.199999999999998,3.0251766772108217,1000.0,,0.9999094858241327,0.9999094858241327,0.9999094858241327,0.9999094858241327,0.9900093919050779,0,highway_0,2,166.6934585832111,490.6934585832111,,-1004.0251766772108
31.9,ego_0,491.0058762172749,-5.289999999999999,3.1241763406380607,1000.0,,0.9998966006151135,0.9998966006151135,0.9998966006151135,0.9998966006151135,0.9899966342723898,0,highway_0,2,167.00587621727493,491.00587621727493,,-1004.1241763406381
32.0,ego_0,491.32819367694776,-5.389999999999999,3.223174596728144,1000.0,,0.999882386509841,0.999882386509841,0.999882386509841,0.999882386509841,0.9899825609008328,0,highway_0,2,167.32819367694776,491.32819367694776,,-1004.2231745967282
32.1,ego_0,491.66041080746396,-5.489999999999998,3.3221713051626356,1000.0,,0.9998667551883614,0.9998667551883614,0.9998667551883614,0.9998667551883614,0.989967084344916,0,highway_0,2,167.66041080746402,491.660410807464,,-1004.3221713051627
32.2,ego_0,492.00252743912387,-5.589999999999999,3.4211663165984194,1000.0,,0.9998496155014177,0.9998496155014177,0.9998496155014177,0.9998496155014177,0.9899501143578382,0,highway_0,2,168.00252743912387,492.00252743912387,,-1004.4211663165984
32.3,ego_0,492.3545433863627,-5.689999999999999,3.5201594723878125,1000.0,,0.9998308734728695,0.9998308734728695,0.9998308734728695,0.9998308734728695,0.9899315578939305,0,highway_0,2,168.35454338636265,492.35454338636265,,-1004.5201594723878
32.4,ego_0,492.7164584467926,-5.789999999999999,3.6191506042989356,1000.0,,0.9998104323023478,0.9998104323023478,0.9998104323023478,0.9998104323023478,0.9899113191112319,0,highway_0,2,168.71645844679256,492.71645844679256,,-1004.619150604299
32.5,ego_0,493.08827240021617,-5.889999999999999,3.7181395342363777,1000.0,,0.9997881923681611,0.9997881923681611,0.9997881923681611,0.9997881923681611,0.9898892993744202,0,highway_0,2,169.08827240021617,493.08827240021617,,-1004.7181395342363
32.6,ego_0,493.46998500761237,-5.989999999999998,3.817126073962166,1000.0,,0.9997640512304654,0.9997640512304654,0.9997640512304654,0.9997640512304654,0.9898653972578852,0,highway_0,2,169.46998500761237,493.46998500761237,,-1004.8171260739622
32.7,ego_0,493.86159601009405,-6.089999999999999,3.9161100248170886,1000.0,,0.999737903634716,0.999737903634716,0.999737903634716,0.999737903634716,0.989839508549224,0,highway_0,2,169.86159601009405,493.86159601009405,,-1004.916110024817
32.8,ego_0,494.26310512783823,-6.1899999999999995,4.015091177442377,1000.0,,0.9997096415154159,0.9997096415154159,0.9997096415154159,0.9997096415154159,0.9898115262528862,0,highway_0,2,170.2631051278383,494.2631051278383,,-1005.0150911774424
32.9,ego_0,494.6745120589884,-6.289999999999999,4.1140693115018,1000.0,,0.9996791540001766,0.9996791540001766,0.9996791540001766,0.9996791540001766,0.9897813405942291,0,highway_0,2,170.67451205898846,494.67451205898846,,-1005.1140693115018
33.0,ego_0,495.09581647852883,-6.389999999999999,4.213044195404187,1000.0,,0.9996463274141107,0.9996463274141107,0.9996463274141107,0.9996463274141107,0.9897488390238696,0,highway_0,2,171.0958164785289,495.0958164785289,,-1005.2130441954042
33.1,ego_0,495.5270180371316,-6.489999999999999,4.312015586026422,1000.0,,0.9996110452845702,0.9996110452845702,0.9996110452845702,0.9996110452845702,0.989713906222347,0,highway_0,1,171.52701803713154,495.52701803713154,,-1005.3120155860264
33.2,ego_0,495.9681163599752,-6.59,4.410983228436942,1000.0,,0.9995731883462508,0.9995731883462508,0.9995731883462508,0.9995731883462508,0.9896764241052036,0,highway_0,1,171.96811635997523,495.9681163599752,,-1005.410983228437
33.3,ego_0,496.4191110455372,-6.6899999999999995,4.5099468556197815,1000.0,,0.9995326345466784,0.9995326345466784,0.9995326345466784,0.9995326345466784,0.9896362718283935,0,highway_0,1,172.4191110455372,496.4191110455372,,-1005.5099468556198
33.4,ego_0,496.8800016643571,-6.789999999999999,4.608906188199197,1000.0,,0.9994892590520987,0.9994892590520987,0.9994892590520987,0.9994892590520987,0.9895933257941536,0,highway_0,1,172.8800016643571,496.8800016643571,,-1005.6089061881992
33.5,ego_0,497.3507877577737,-6.88,4.707860934164919,1000.0,,0.999442934253785,0.999442934253785,0.999442934253785,0.999442934253785,0.9895474596572207,0,highway_0,1,173.35078775777362,497.3507877577736,,-1005.707860934165
33.6,ego_0,497.8314688366334,-6.96,4.8068107885980655,1000.0,,0.9993935297747877,0.9993935297747877,0.9993935297747877,0.9993935297747877,0.9894985443314663,0,highway_0,1,173.8314688366334,497.8314688366334,,-1005.8068107885981
33.7,ego_0,498.3220443799732,-7.029999999999999,4.905755433397783,1000.0,,0.9993409124771413,0.9993409124771413,0.9993409124771413,0.9993409124771413,0.989446447997171,0,highway_0,1,174.3220443799732,498.3220443799732,,-1005.9057554333978
33.8,ego_0,498.8225138336741,-7.09,5.00469453700863,1000.0,,0.9992849464695525,0.9992849464695525,0.9992849464695525,0.9992849464695525,0.9893910361084757,0,highway_0,1,174.82251383367407,498.82251383367407,,-1006.0046945370086
33.9,ego_0,499.33287660908894,-7.15,5.103627754148787,1000.0,,0.9992254931155856,0.9992254931155856,0.9992254931155856,0.9992254931155856,0.9893321714015713,0,highway_0,1,175.33287660908894,499.33287660908894,,-1006.1036277541488
34.0,ego_0,499.85313208164285,-7.2,5.202554725539121,1000.0,,0.9991624110423707,0.9991624110423707,0.9991624110423707,0.9991624110423707,0.9892697139033402,0,highway_0,1,175.85313208164285,499.85313208164285,,-1006.2025547255391
34.1,ego_0,500.3832795894062,-7.24,5.3014750776331665,1000.0,,0.9990955561498512,0.9990955561498512,0.9990955561498512,0.9990955561498512,0.9892035209404515,0,highway_0,1,176.3832795894062,500.3832795894062,,-1006.3014750776332
34.2,ego_0,500.923318431641,-7.27,5.400388422348077,1000.0,,0.9990247816205955,0.9990247816205955,0.9990247816205955,0.9990247816205955,0.9891334471491042,0,highway_0,1,176.923318431641,500.923318431641,,-1006.4003884223481
34.3,ego_0,501.47324786732065,-7.29,5.499294356796611,1000.0,,0.9989499379301923,0.9989499379301923,0.9989499379301923,0.9989499379301923,0.989059344485339,0,highway_0,1,177.47324786732065,501.47324786732065,,-1006.4992943567966
34.4,ego_0,502.03306711362274,-7.3,5.5981924630202,1000.0,,0.9988708728582529,0.9988708728582529,0.9988708728582529,0.9988708728582529,0.9889810622358919,0,highway_0,1,178.03306711362268,502.0330671136227,,-1006.5981924630202
34.5,ego_0,502.60277534439496,-7.3,5.697082307723174,1000.0,,0.998787431500043,0.998787431500043,0.998787431500043,0.998787431500043,0.9888984470297402,0,highway_0,1,178.602775344395,502.602775344395,,-1006.6970823077231
34.6,ego_0,503.18237168859577,-7.3005,5.7959634420082,1000.0,,0.9986994562787646,0.9986994562787646,0.9986994562787646,0.9986994562787646,0.9888113428502621,0,highway_0,1,179.18237168859582,503.1823716885958,,-1006.7959634420082
34.7,ego_0,503.7718552287071,-7.311000000000001,5.894835401113004,1000.0,,0.9986067869585142,0.9986067869585142,0.9986067869585142,0.9986067869585142,0.9887195910480351,0,highway_0,1,179.77185522870712,503.7718552287071,,-1006.894835401113
34.8,ego_0,504.37122499912203,-7.331500000000001,5.993697704148444,1000.0,,0.998509260657938,0.998509260657938,0.998509260657938,0.998509260657938,0.9886230303543986,0,highway_0,1,180.37122499912198,504.371224999122,,-1006.9936977041484
34.9,ego_0,504.9804799845058,-7.362000000000001,6.092549853838008,1000.0,,0.9984067118646078,0.9984067118646078,0.9984067118646078,0.9984067118646078,0.9885214968956468,0,highway_0,1,180.9804799845058,504.9804799845058,,-1007.092549853838
35.0,ego_0,505.59961911813167,-7.402500000000002,6.191391336258814,1000.0,,0.9982989724501437,0.9982989724501437,0.9982989724501437,0.9982989724501437,0.988414824208057,0,highway_0,1,181.59961911813167,505.59961911813167,,-1007.1913913362588
35.1,ego_0,506.2286412801901,-7.453000000000001,6.2902216205841714,1000.0,,0.9981858716861037,0.9981858716861037,0.9981858716861037,0.9981858716861037,0.9883028432535745,0,highway_0,1,182.22864128019006,506.22864128019006,,-1007.2902216205841
35.2,ego_0,506.8675452960728,-7.513500000000002,6.389040158827802,1000.0,,0.9980672362606685,0.9980672362606685,0.9980672362606685,0.9980672362606685,0.9881853824363063,0,highway_0,1,182.86754529607282,506.8675452960728,,-1007.3890401588278
35.3,ego_0,507.5163299346318,-7.584000000000002,6.487846385589797,1000.0,,0.9979428902961426,0.9979428902961426,0.9979428902961426,0.9979428902961426,0.9880622676199469,0,highway_0,1,183.5163299346318,507.5163299346318,,-1007.4878463855898
35.4,ego_0,508.17499390641217,-7.664500000000002,6.58663971780438,1000.0,,0.997812655367298,0.997812655367298,0.997812655367298,0.997812655367298,0.9879333221458353,0,highway_0,1,184.17499390641223,508.1749939064122,,-1007.5866397178044
35.5,ego_0,508.8435358618612,-7.755000000000003,6.685419554489587,1000.0,,0.9976763505205851,0.9976763505205851,0.9976763505205851,0.9976763505205851,0.9877983668520685,0,highway_0,1,184.8435358618612,508.8435358618612,,-1007.6854195544896
35.6,ego_0,509.52195438951105,-7.855000000000003,6.784185276498917,1000.0,,0.9975337922942357,0.9975337922942357,0.9975337922942357,0.9975337922942357,0.9876572200932987,0,highway_0,1,185.5219543895111,509.5219543895111,,-1007.7841852764989
35.7,ego_0,510.2102480141387,-7.955000000000003,6.882936246275084,1000.0,,0.9973847947392819,0.9973847947392819,0.9973847947392819,0.9973847947392819,0.9875096977616682,0,highway_0,1,186.21024801413864,510.21024801413864,,-1007.8829362462751
35.8,ego_0,510.9084151948992,-8.055000000000003,6.981671807605927,1000.0,,0.9972291694415182,0.9972291694415182,0.9972291694415182,0.9972291694415182,0.987355613308436,0,highway_0,1,186.90841519489925,510.90841519489925,,-1007.981671807606
35.9,ego_0,511.61645432343744,-8.155000000000003,7.080391285382603,1000.0,,0.9970667255444304,0.9970667255444304,0.9970667255444304,0.9970667255444304,0.98719477776676,0,highway_0,1,187.6164543234375,511.6164543234375,,-1008.0803912853826
36.0,ego_0,512.3343637219735,-8.255000000000003,7.17909398536014,1000.0,,0.9968972697731175,0.9968972697731175,0.9968972697731175,0.9968972697731175,0.9870269997753667,0,highway_0,1,188.33436372197355,512.3343637219735,,-1008.1790939853602
36.1,ego_0,513.0621416413655,-8.355000000000002,7.27777919392046,1000.0,,0.996720606459231,0.996720606459231,0.996720606459231,0.996720606459231,0.9868520856031981,0,highway_0,1,189.06214164136554,513.0621416413655,,-1008.2777791939204
36.2,ego_0,513.7997862591493,-8.455000000000002,7.37644617783798,1000.0,,0.9965365375669578,0.9965365375669578,0.9965365375669578,0.9965365375669578,0.9866698391752049,0,highway_0,1,189.7997862591493,513.7997862591493,,-1008.376446177838
36.3,ego_0,514.5472956775541,-8.555000000000003,7.475094184047889,1000.0,,0.9963448627200729,0.9963448627200729,0.9963448627200729,0.9963448627200729,0.9864800620990888,0,highway_0,1,190.54729567755408,514.5472956775541,,-1008.4750941840479
36.4,ego_0,515.3046679214958,-8.655000000000003,7.573722439417204,1000.0,,0.9961453792300845,0.9961453792300845,0.9961453792300845,0.9961453792300845,0.9862825536931474,0,highway_0,1,191.30466792149582,515.3046679214958,,-1008.5737224394172
36.5,ego_0,516.0719009365476,-8.755000000000003,7.6723301505187385,1000.0,,0.9959378821254999,0.9959378821254999,0.9959378821254999,0.9959378821254999,0.9860771110153443,0,highway_0,1,192.07190093654765,516.0719009365476,,-1008.6723301505187
36.6,ego_0,516.8489925868885,-8.855000000000002,7.770916503408069,253.02827167514306,llm_1,0.9957221641822357,0.9957221641822357,0.9957221641822357,0.9957221641822357,0.9858635288933026,0,highway_0,1,192.84899258688847,516.8489925868885,llm_0,2.2291054378645025
36.7,ego_0,517.6359395265551,-8.955000000000002,7.869469396666743,253.2413268427074,llm_1,0.9953842219126046,0.9953842219126046,0.9953842219126046,0.9953842219126046,0.9855289325867389,0,highway_0,1,193.63593952655515,517.6359395265551,llm_0,2.1305516756416782
36.8,ego_0,518.432739165229,-9.055000000000003,7.967996386738359,253.4445292278092,llm_1,0.9951225997233193,0.9951225997233193,0.9951225997233193,0.9951225997233193,0.9852699007161636,0,highway_0,1,194.432739165229,518.432739165229,llm_0,2.032023851020555
36.9,ego_0,519.2393887850637,-9.155000000000003,8.066496198347094,253.63788155160069,llm_1,0.9948480972482182,0.9948480972482182,0.9948480972482182,0.9948480972482182,0.9849981160873522,0,highway_0,1,195.23938878506374,519.2393887850637,llm_0,1.9335232379139846
37.0,ego_0,520.0558855362822,-9.255000000000003,8.164967512183916,253.8213866670328,llm_1,0.9945602697518925,0.9945602697518925,0.9945602697518925,0.9945602697518925,0.984713138368214,0,highway_0,1,196.05588553628218,520.0558855362822,llm_0,1.835051154322004
37.1,ego_0,520.8822264326981,-9.355000000000002,8.263408964158902,253.99504756334045,llm_1,0.9942586649473547,0.9942586649473547,0.9942586649473547,0.9942586649473547,0.9844145197498655,0,highway_0,1,196.88222643269808,520.8822264326981,llm_0,1.736608963077387
37.2,ego_0,521.7184083471632,-9.455000000000004,8.36181914465146,254.1588673706001,llm_1,0.9939428229748266,0.9939428229748266,0.9939428229748266,0.9939428229748266,0.9841018049255723,0,highway_0,1,197.71840834716318,521.7184083471632,llm_0,1.6381980725933651
37.3,ego_0,522.564428006939,-9.555000000000003,8.460196597758456,254.31284936436134,llm_1,0.9936122763806676,0.9936122763806676,0.9936122763806676,0.9936122763806676,0.9837745310699653,0,highway_0,1,198.564428006939,522.564428006939,llm_0,1.539819937613526
37.4,ego_0,523.420281988993,-9.655000000000005,8.558539820540297,1000.0,,0.9932665500965917,0.9932665500965917,0.9932665500965917,0.9932665500965917,0.9834322278184082,0,highway_0,0,199.420281988993,523.420281988993,llm_0,-1009.5585398205403
37.5,ego_0,524.2859713779903,-9.755000000000004,8.656893889973446,1000.0,,0.9933761012748072,0.9933761012748072,0.9933761012748072,0.9933761012748072,0.983540694331495,0,highway_0,0,200.28597137799034,524.2859713779903,llm_0,-1009.6568938899734
37.6,ego_0,525.1614931068586,-9.855000000000004,8.755217288682749,1000.0,,0.9930663269639469,0.9930663269639469,0.9930663269639469,0.9930663269639469,0.9832339870930262,0,highway_0,0,201.16149310685864,525.1614931068586,llm_0,-1009.7552172886827
37.7,ego_0,526.0468440031927,-9.955000000000004,8.85350896334126,1000.0,,0.9927459140509601,0.9927459140509601,0.9927459140509601,0.9927459140509601,0.9829167465851185,0,highway_0,0,202.04684400319275,526.0468440031927,llm_0,-1009.8535089633413
37.8,ego_0,526.9420207869636,-10.055000000000005,8.95176783770825,1000.0,,0.9924146311065872,0.9924146311065872,0.9924146311065872,0.9924146311065872,0.9825887436698899,0,highway_0,0,202.94202078696355,526.9420207869636,llm_0,-1009.9517678377083
37.9,ego_0,527.8470200682092,-10.155000000000005,9.049992812456718,1000.0,,0.9920722449595472,0.9920722449595472,0.9920722449595472,0.9920722449595472,0.982249747484687,0,highway_0,0,203.8470200682092,527.8470200682092,llm_0,-1010.0499928124567
38.0,ego_0,528.7618383447098,-10.255000000000004,9.148182765005778,1000.0,,0.9917185207455057,0.9917185207455057,0.9917185207455057,0.9917185207455057,0.9818995254905971,0,highway_0,0,204.76183834470976,528.7618383447098,llm_0,-1010.1481827650058
38.1,ego_0,529.6864719996455,-10.355000000000004,9.24633654935801,1000.0,,0.9913532219575385,0.9913532219575385,0.9913532219575385,0.9913532219575385,0.981537843522311,0,highway_0,0,205.6864719996455,529.6864719996455,llm_0,-1010.246336549358
38.2,ego_0,530.6209172992397,-10.455000000000004,9.34445299594198,1000.0,,0.9909761104981051,0.9909761104981051,0.9909761104981051,0.9909761104981051,0.9811644658397078,0,highway_0,0,206.62091729923975,530.6209172992397,llm_0,-1010.344452995942
38.3,ego_0,531.5651703903858,-10.555000000000005,9.442530911460054,1000.0,,0.990586946732556,0.990586946732556,0.990586946732556,0.990586946732556,0.9807791551807377,0,highway_0,0,207.5651703903858,531.5651703903858,,-1010.44253091146
38.4,ego_0,532.5192272982599,-10.655000000000005,9.540569078741656,1000.0,,0.990185489544189,0.990185489544189,0.990185489544189,0.990185489544189,0.9803816728160264,0,highway_0,0,208.51922729825992,532.5192272982599,,-1010.5405690787417
38.5,ego_0,533.4830839239202,-10.745000000000005,9.638566256602138,1000.0,,0.9897714963908725,0.9897714963908725,0.9897714963908725,0.9897714963908725,0.9799717786048134,0,highway_0,0,209.48308392392016,533.4830839239202,,-1010.6385662566022
38.6,ego_0,534.4567360418908,-10.835000000000004,9.73652117970741,1000.0,,0.9893447233632542,0.9893447233632542,0.9893447233632542,0.9893447233632542,0.9795492310527187,0,highway_0,0,210.45673604189085,534.4567360418908,,-1010.7365211797074
38.7,ego_0,535.4401792977353,-10.915000000000004,9.834432558444496,1000.0,,0.9889049252445676,0.9889049252445676,0.9889049252445676,0.9889049252445676,0.97911378737086,0,highway_0,0,211.4401792977353,535.4401792977353,,-1010.8344325584445
38.8,ego_0,536.4334092056151,-10.985000000000005,9.932299078798165,1000.0,,0.9884518555720555,0.9884518555720555,0.9884518555720555,0.9884518555720555,0.9786652035366927,0,highway_0,0,212.43340920561513,536.4334092056151,,-1010.9322990787981
38.9,ego_0,537.4364211458385,-11.045000000000005,10.03011940223381,1000.0,,0.9879852667000206,0.9879852667000206,0.9879852667000206,0.9879852667000206,0.9782032343564495,0,highway_0,0,213.4364211458385,537.4364211458385,,-1011.0301194022338
39.0,ego_0,538.4492103623971,-11.095000000000004,10.127892165586733,1000.0,,0.987504909864519,0.987504909864519,0.987504909864519,0.987504909864519,0.9777276335292306,0,highway_0,0,214.44921036239714,538.4492103623971,,-1011.1278921655868
39.1,ego_0,539.4717719604929,-11.135000000000005,10.225615980957992,1000.0,,0.9870105352497068,0.9870105352497068,0.9870105352497068,0.9870105352497068,0.9772381537125874,0,highway_0,0,215.4717719604929,539.4717719604929,,-1011.225615980958
39.2,ego_0,540.5041009040546,-11.165000000000004,10.323289435616987,1000.0,,0.9865018920558516,0.9865018920558516,0.9865018920558516,0.9865018920558516,0.9767345465899524,0,highway_0,0,216.50410090405455,540.5041009040546,,-1011.323289435617
39.3,ego_0,541.5461920132457,-11.185000000000004,10.420911091910948,1000.0,,0.9859787285690186,0.9859787285690186,0.9859787285690186,0.9859787285690186,0.9762165629396158,0,highway_0,0,217.54619201324567,541.5461920132457,,-1011.420911091911
39.4,ego_0,542.5980399619639,-11.195000000000004,10.518479487181487,1000.0,,0.9854407922324395,0.9854407922324395,0.9854407922324395,0.9854407922324395,0.9756839527053884,0,highway_0,0,218.59803996196388,542.5980399619639,,-1011.5184794871815
39.5,ego_0,543.6596392753327,-11.195000000000004,10.615993133688375,1000.0,,0.9848878297195716,0.9848878297195716,0.9848878297195716,0.9848878297195716,0.9751364650688821,0,highway_0,0,219.65963927533267,543.6596392753327,,-1011.6159931336883
39.6,ego_0,544.7309843271868,-11.200000000000001,10.713450518540737,1000.0,,0.9843195870088539,0.9843195870088539,0.9843195870088539,0.9843195870088539,0.9745738485236188,0,highway_0,0,220.73098432718677,544.7309843271868,,-1011.7134505185408
39.7,ego_0,545.8120693375504,-11.200000000000001,10.810850103635804,1000.0,,0.9837358094601637,0.9837358094601637,0.9837358094601637,0.9837358094601637,0.9739958509506685,0,highway_0,0,221.81206933755038,545.8120693375504,,-1011.8108501036359
39.8,ego_0,546.9028883701109,-11.200000000000001,10.908190325605407,1000.0,,0.9831362418929782,0.9831362418929782,0.9831362418929782,0.9831362418929782,0.9734022196960268,0,highway_0,0,222.90288837011087,546.9028883701109,llm_0,-1011.9081903256055
39.9,ego_0,548.0034353296879,-11.200000000000001,11.005469595770382,1000.0,,0.9825206286662425,0.9825206286662425,0.9825206286662425,0.9825206286662425,0.9727927016497517,0,highway_0,0,224.00343532968793,548.0034353296879,llm_0,-1012.0054695957704
40.0,ego_0,549.1137039596982,-11.200000000000001,11.10268630010305,1000.0,,0.9818887137599442,0.9818887137599442,0.9818887137599442,0.9818887137599442,0.9721670433266816,0,highway_0,0,225.11370395969823,549.1137039596982,llm_0,-1012.1026863001031
40.1,ego_0,550.233687839618,-11.200000000000001,11.199838799197941,1000.0,,0.9812402408583953,0.9812402408583953,0.9812402408583953,0.9812402408583953,0.971524990948911,0,highway_0,0,226.23368783961803,550.233687839618,llm_0,-1012.1998387991979
40.2,ego_0,551.3633803824431,-11.200000000000001,11.296925428250933,1000.0,,0.9805749534352148,0.9805749534352148,0.9805749534352148,0.9805749534352148,0.9708662905299192,0,highway_0,0,227.3633803824431,551.3633803824431,llm_0,-1012.2969254282509
40.3,ego_0,552.5027748321478,-11.200000000000001,11.393944497046974,1000.0,,0.9798925948400133,0.9798925948400133,0.9798925948400133,0.9798925948400133,0.9701906879604039,0,highway_0,0,228.5027748321478,552.5027748321478,llm_0,-1012.393944497047
40.4,ego_0,553.6518642611435,-11.200000000000001,11.490894289956554,1000.0,,0.9791929083867684,0.9791929083867684,0.9791929083867684,0.9791929083867684,0.9694979290958017,0,highway_0,0,229.6518642611435,553.6518642611435,llm_0,-1012.4908942899566
40.5,ego_0,554.8106415677375,-11.200000000000001,11.587773065941096,1000.0,,0.9784756374438869,0.9784756374438869,0.9784756374438869,0.9784756374438869,0.9687877598454264,0,highway_0,0,230.81064156773755,554.8106415677375,llm_0,-1012.5877730659411
40.6,ego_0,555.9790994735943,-11.200000000000001,11.684579058567428,253.89821661611904,llm_1,0.9777405255259428,0.9777405255259428,0.9777405255259428,0.9777405255259428,0.9680599262633116,0,highway_0,0,231.97909947359426,555.9790994735943,llm_0,-1.684568019885969
40.7,ego_0,557.1571580622841,-11.200000000000001,11.780585886898818,253.72015913129746,llm_1,0.9696689661470473,0.9696689661470473,0.9696689661470473,0.9696689661470473,0.9600682833139018,0,highway_0,0,233.1571580622841,557.1571580622841,llm_0,-1.7805748482173591
40.8,ego_0,558.3448054233019,-11.200000000000001,11.87647361017774,253.53251287414787,llm_1,0.9684660051171067,0.9684660051171067,0.9684660051171067,0.9684660051171067,0.9588772327892237,0,highway_0,0,234.34480542330186,558.3448054233019,llm_0,-1.8764625714962815
40.9,ego_0,559.5420292824838,-11.200000000000001,11.972238591819414,253.335290118834,llm_1,0.967226314580913,0.967226314580913,0.967226314580913,0.967226314580913,0.9576498164167369,0,highway_0,0,235.54202928248378,559.5420292824838,llm_0,-1.9722275531379552
41.0,ego_0,560.7488169945888,-11.200000000000001,12.067877121049907,253.12850351059728,llm_1,0.9659491452279905,0.9659491452279905,0.9659491452279905,0.9659491452279905,0.9563852923049332,0,highway_0,0,236.74881699458876,560.7488169945888,llm_0,-2.0678660823684485
41.1,ego_0,561.9651555358117,-11.200000000000001,12.163385412229186,252.91216607324225,llm_1,0.9646337409107172,0.9646337409107172,0.9646337409107172,0.9646337409107172,0.9550829117927861,0,highway_0,0,237.96515553581173,561.9651555358117,llm_0,-2.163374373547727
41.2,ego_0,563.1910314962302,-11.200000000000001,12.258759604184126,252.6862912166921,llm_1,0.9632793387449005,0.9632793387449005,0.9632793387449005,0.9632793387449005,0.9537419195494046,0,highway_0,0,239.19103149623015,563.1910314962302,llm_0,-2.2587485655026676
41.3,ego_0,564.4264310721853,-11.200000000000001,12.353995759552106,252.45089274460508,llm_1,0.9618851692165925,0.9618851692165925,0.9618851692165925,0.9618851692165925,0.9523615536797969,0,highway_0,0,240.42643107218532,564.4264310721853,llm_0,-2.3539847208706473
41.4,ego_0,565.671340058599,-11.200000000000001,12.4490898641358,252.2059848620595,llm_1,0.960450456295304,0.960450456295304,0.960450456295304,0.960450456295304,0.9509410458369416,0,highway_0,0,241.67134005859896,565.671340058599,llm_0,-2.4490788254543414
41.5,ego_0,566.925743841226,-11.200000000000001,12.544037826269838,251.95158218330073,llm_1,0.9589744175537749,0.9589744175537749,0.9589744175537749,0.9589744175537749,0.9494796213403767,0,highway_0,0,242.925743841226,566.925743841226,llm_0,-2.544026787588379
41.6,ego_0,568.189627388846,-11.200000000000001,12.638835476199983,251.68769973954886,llm_1,0.9574562642944553,0.9574562642944553,0.9574562642944553,0.9574562642944553,0.9479764993014506,0,highway_0,0,244.18962738884602,568.189627388846,llm_0,-2.638824437518524
41.7,ego_0,569.4629752453935,-11.200000000000001,12.733478565475513,251.41435298686963,llm_1,0.9558952016828527,0.9558952016828527,0.9558952016828527,0.9558952016828527,0.9464308927553056,0,highway_0,0,245.46297524539352,569.4629752453935,llm_0,-2.7334675267940547
41.8,ego_0,570.745771522029,-11.200000000000001,12.827962766355505,251.13155781410228,llm_1,0.954290428887897,0.954290428887897,0.954290428887897,0.954290428887897,0.9448420087999132,0,highway_0,0,246.74577152202903,570.745771522029,llm_0,-2.827951727674046
41.9,ego_0,572.037999889152,-11.200000000000001,12.92228367122971,250.8393305508472,llm_1,0.9526411392294732,0.9526411392294732,0.9526411392294732,0.9526411392294732,0.9432090487420552,0,highway_0,0,248.03799988915205,572.037999889152,llm_0,-2.9222726325482515
42.0,ego_0,573.3396435683575,-11.200000000000001,13.016436792054787,250.53768797550993,llm_1,0.9509465203332732,0.9509465203332732,0.9509465203332732,0.9509465203332732,0.9415312082507654,0,highway_0,0,249.33964356835747,573.3396435683575,llm_0,-3.016425753373328
42.1,ego_0,574.6506853243382,-11.200000000000001,13.11041755980658,250.22664732339751,llm_1,0.9492057542931097,0.9492057542931097,0.9492057542931097,0.9492057542931097,0.9398076775179298,0,highway_0,0,250.65068532433816,574.6506853243382,llm_0,-3.110406521125121
42.2,ego_0,575.9711074567331,-11.200000000000001,13.204221323949236,249.90622629487075,llm_1,0.9474180178408378,0.9474180178408378,0.9474180178408378,0.9474180178408378,0.9380376414265612,0,highway_0,0,251.97110745673308,575.9711074567331,llm_0,-3.204210285267777
42.3,ego_0,577.3008917919253,-11.200000000000001,13.297843351921912,249.57644306354666,llm_1,0.9455824825240265,0.9455824825240265,0.9455824825240265,0.9455824825240265,0.9362202797267649,0,highway_0,0,253.30089179192532,577.3008917919253,llm_0,-3.2978323132404537
42.4,ego_0,578.6400196747898,-11.200000000000001,13.391278828643845,249.2373162845504,llm_1,0.9436983148915158,0.9436983148915158,0.9436983148915158,0.9436983148915158,0.9343547672193253,0,highway_0,0,254.64001967478976,578.6400196747898,llm_0,-3.391267789962386
42.5,ego_0,579.9884719603937,-11.200000000000001,13.484522856038597,248.88886510281452,llm_1,0.9417646766869958,0.9417646766869958,0.9417646766869958,0.9417646766869958,0.9324402739475168,0,highway_0,0,255.98847196039367,579.9884719603937,llm_0,-3.484511817357138
42.6,ego_0,581.3462290056515,-11.200000000000001,13.577570452578273,248.5311091614251,llm_1,0.9397807250507394,0.9397807250507394,0.9397807250507394,0.9397807250507394,0.9304759653967665,0,highway_0,0,257.3462290056515,581.3462290056515,llm_0,-3.5775594138968145
42.7,ego_0,582.7132706609364,-11.200000000000001,13.670416552848533,248.16406861000826,llm_1,0.9377456127296165,0.9377456127296165,0.9377456127296165,0.9377456127296165,0.9284610027025941,0,highway_0,0,258.71327066093636,582.7132706609364,llm_0,-3.670405514167074
42.8,ego_0,584.0895762616499,-11.200000000000001,13.763056007135216,247.7877641131629,llm_1,0.9356584882955128,0.9356584882955128,0.9356584882955128,0.9356584882955128,0.9263945428668308,0,highway_0,0,260.0895762616499,584.0895762616499,llm_0,-3.763044968453757
42.9,ego_0,585.4751246197533,-11.200000000000001,13.85548358103346,247.40221685892755,llm_1,0.9335184963722731,0.9335184963722731,0.9335184963722731,0.9335184963722731,0.9242757389824341,0,highway_0,0,261.4751246197533,585.4751246197533,llm_0,-3.8554725423520004
43.0,ego_0,586.8698940152613,-11.200000000000001,13.94769395508012,247.00744856728784,llm_1,0.9313247778712844,0.9313247778712844,0.9313247778712844,0.9313247778712844,0.9221037404666177,0,highway_0,0,262.86989401526125,586.8698940152613,llm_0,-3.947682916398662
43.1,ego_0,588.2738621877023,-11.200000000000001,14.0396817244104,246.6034814987148,llm_1,0.9290764702358102,0.9290764702358102,0.9290764702358102,0.9290764702358102,0.9198776933027908,0,highway_0,0,264.2738621877023,588.2738621877023,llm_0,-4.039670685728941
43.2,ego_0,589.6870063275463,-11.200000000000001,14.131441398439526,246.19033846273896,llm_1,0.9267727076941782,0.9267727076941782,0.9267727076941782,0.9267727076941782,0.9175967402912555,0,highway_0,0,265.6870063275463,589.6870063275463,llm_0,-4.131430359758067
43.3,ego_0,591.1093030676034,-11.200000000000001,14.22296740057041,245.7680428265502,llm_1,0.924412621521926,0.924412621521926,0.924412621521926,0.924412621521926,0.9152600213088391,0,highway_0,0,267.1093030676034,591.1093030676034,llm_0,-4.222956361888951
43.4,ego_0,592.5407284743962,-11.200000000000001,14.314254067928132,245.33661852362548,llm_1,0.9219953403129949,0.9219953403129949,0.9219953403129949,0.9219953403129949,0.9128666735772306,0,highway_0,0,268.54072847439625,592.5407284743962,llm_0,-4.314243029246674
43.5,ego_0,593.9812580395085,-11.200000000000001,14.405295651122199,244.8960900623814,llm_1,0.9195199902600631,0.9195199902600631,0.9195199902600631,0.9195199902600631,0.9104158319406608,0,highway_0,0,269.9812580395085,593.9812580395085,llm_0,-4.40528461244074
43.6,ego_0,595.4308666709122,-11.200000000000001,14.496086314037457,244.44648253484593,llm_1,0.9169856954440997,0.9169856954440997,0.9169856954440997,0.9169856954440997,0.9079066291525884,0,highway_0,0,271.4308666709122,595.4308666709122,llm_0,-4.496075275355999
43.7,ego_0,596.8895286842777,-11.200000000000001,14.586620133654607,243.9878216253486,llm_1,0.9143915781332166,0.9143915781332166,0.9143915781332166,0.9143915781332166,0.905338196171499,0,highway_0,0,272.8895286842777,596.8895286842777,llm_0,-4.586609094973149
43.8,ego_0,598.3572177942679,-11.200000000000001,14.67689109990123,243.5201336192265,llm_1,0.9117367590908855,0.9117367590908855,0.9117367590908855,0.9117367590908855,0.9027096624662256,0,highway_0,0,274.35721779426785,598.3572177942679,llm_0,-4.676880061219771
43.9,ego_0,599.8339071058213,-11.200000000000001,14.766893115534259,243.04344541154126,llm_1,0.909020357893586,0.909020357893586,0.909020357893586,0.909020357893586,0.9000201563302923,0,highway_0,0,275.83390710582125,599.8339071058213,llm_0,-4.7668820768528
44.0,ego_0,601.3195691054267,-11.200000000000001,14.856619996054848,242.5577845158041,llm_1,0.9062414932579367,0.9062414932579367,0.9062414932579367,0.9062414932579367,0.8972688052058864,0,highway_0,0,277.3195691054267,601.3195691054267,llm_0,-4.856608957373389
44.1,ego_0,602.8141756523924,-11.200000000000001,14.946065469656567,242.06317907270648,llm_1,0.9033992833773584,0.9033992833773584,0.9033992833773584,0.9033992833773584,0.8944547360171917,0,highway_0,0,278.81417565239235,602.8141756523924,llm_0,-4.946054430975108
44.2,ego_0,604.3176979701132,-11.200000000000001,15.035223177207884,241.55965785885383,llm_1,0.9004928462683108,0.9004928462683108,0.9004928462683108,0.9004928462683108,0.8915770755131724,0,highway_0,0,280.31769797011316,604.3176979701132,llm_0,-5.0352121385264255
44.3,ego_0,605.8301066373401,-11.200000000000001,15.124086672269877,241.04725029549502,llm_1,0.8975213001261326,0.8975213001261326,0.8975213001261326,0.8975213001261326,0.8886349506199309,0,highway_0,0,281.8301066373401,605.8301066373401,llm_0,-5.1240756335884186
44.4,ego_0,607.3513715794552,-11.200000000000001,15.212649421150125,240.5259864572481,llm_1,0.8944837636905103,0.8944837636905103,0.8944837636905103,0.8944837636905103,0.8856274888024807,0,highway_0,0,283.3513715794552,607.3513715794552,llm_0,-5.212638382468667
44.5,ego_0,608.8814620597545,-11.200000000000001,15.300904802993749,239.99589708081692,llm_1,0.8913793566205915,0.8913793566205915,0.8913793566205915,0.8913793566205915,0.8825538184362358,0,highway_0,0,284.88146205975454,608.8814620597545,llm_0,-5.30089376431229
44.6,ego_0,610.4203466707457,-11.200000000000001,15.388846109912537,239.45701357369376,llm_1,0.8882071998797477,0.8882071998797477,0.8882071998797477,0.8882071998797477,0.8794130691878799,0,highway_0,0,286.42034667074574,610.4203466707457,llm_0,-5.388835071231078
44.7,ego_0,611.9679933254611,-11.200000000000001,15.47646654715313,238.9093680228467,llm_1,0.8849664161299872,0.8849664161299872,0.8849664161299872,0.8849664161299872,0.8762043724059332,0,highway_0,0,287.96799332546107,611.9679933254611,llm_0,-5.4764555084716715
44.8,ego_0,613.5243692487916,-11.200000000000001,15.56375923330521,238.35299320338436,llm_1,0.8816561301360036,0.8816561301360036,0.8816561301360036,0.8816561301360036,0.8729268615208063,0,highway_0,0,289.5243692487916,613.5243692487916,llm_0,-5.563748194623752
44.9,ego_0,615.0894409688466,-11.200000000000001,15.650717200550641,237.7879225871974,llm_1,0.8782754691788441,0.8782754691788441,0.8782754691788441,0.8782754691788441,0.8695796724543037,0,highway_0,0,291.0894409688466,615.0894409688466,llm_0,-5.6507061618691825
45.0,ego_0,616.663174308342,-11.200000000000001,15.737333394954518,237.2141903515701,llm_1,0.8748235634791616,0.8748235634791616,0.8748235634791616,0.8748235634791616,0.8661619440387724,0,highway_0,0,292.66317430834204,616.663174308342,llm_0,-5.73732235627306
45.1,ego_0,618.245534376022,-11.200000000000001,15.823600676799074,236.63183138775833,llm_1,0.8712995466300166,0.8712995466300166,0.8712995466300166,0.8712995466300166,0.8626728184455601,0,highway_0,0,294.24553437602196,618.245534376022,llm_0,-5.823589638117616
45.2,ego_0,619.836485558118,-11.200000000000001,15.90951182096137,236.0408813095305,llm_1,0.867702556039177,0.867702556039177,0.867702556039177,0.867702556039177,0.8591114416229573,0,highway_0,0,295.83648555811806,619.836485558118,llm_0,-5.9095007822799115
45.3,ego_0,621.4359915098516,-11.200000000000001,15.995059517335713,235.44137646166507,llm_1,0.8640317333808557,0.8640317333808557,0.8640317333808557,0.8640317333808557,0.8554769637434312,0,highway_0,0,297.43599150985165,621.4359915098516,llm_0,-5.995048478654255
45.4,ego_0,623.0440151469818,-11.200000000000001,16.080236371301734,234.83335392840308,llm_1,0.8602862250568182,0.8602862250568182,0.8602862250568182,0.8602862250568182,0.8517685396602026,0,highway_0,0,299.0440151469818,623.0440151469818,llm_0,-6.080225332620275
45.5,ego_0,624.6605186374057,-11.200000000000001,16.16503490423904,234.21685154184718,llm_1,0.856465182666782,0.856465182666782,0.856465182666782,0.856465182666782,0.8479853293730599,0,highway_0,0,300.66051863740574,624.6605186374057,llm_0,-6.165023865557581
45.6,ego_0,626.2854633928147,-11.200000000000001,16.249447554089336,233.59190789030663,llm_1,0.8525677634880122,0.8525677634880122,0.8525677634880122,0.8525677634880122,0.8441264985029662,0,highway_0,0,302.2854633928147,626.2854633928147,llm_0,-6.2494365154078775
45.7,ego_0,627.9188100604114,-11.200000000000001,16.33346667596696,232.95856232657786,llm_1,0.8485931309640224,0.8485931309640224,0.8485931309640224,0.8485931309640224,0.8401912187762406,0,highway_0,0,303.9188100604114,627.9188100604114,llm_0,-6.3334556372855015
45.8,ego_0,629.5605185146933,-11.200000000000001,16.417084542818667,232.31685497616422,llm_1,0.8445404552022604,0.8445404552022604,0.8445404552022604,0.8445404552022604,0.8361786685170713,0,highway_0,0,305.5605185146933,629.5605185146933,llm_0,-6.417073504137209
45.9,ego_0,631.2105478493066,-11.200000000000001,16.500293346133585,231.66682674541892,llm_1,0.8404089134806674,0.8404089134806674,0.8404089134806674,0.8404089134806674,0.8320880331491765,0,highway_0,0,307.21054784930664,631.2105478493066,llm_0,-6.500282307452126
46.0,ego_0,632.868856368977,-11.200000000000001,16.583085196704175,231.00851932961677,llm_1,0.8361976907629711,0.8361976907629711,0.8361976907629711,0.8361976907629711,0.8279185057059024,0,highway_0,0,308.86885636897705,632.868856368977,llm_0,-6.583074158022717
46.1,ego_0,634.535401581521,-11.200000000000001,16.665452125439085,230.34197522094098,llm_1,0.831905980222579,0.831905980222579,0.831905980222579,0.831905980222579,0.8236692873490981,0,highway_0,0,310.535401581521,634.535401581521,llm_0,-6.665441086757626
46.2,ego_0,636.2101401899439,-11.200000000000001,16.74738608422868,229.66723771638613,llm_1,0.827532983774912,0.827532983774912,0.827532983774912,0.827532983774912,0.8193395878959464,0,highway_0,0,312.2101401899439,636.2101401899439,llm_0,-6.747375045547221
46.3,ego_0,637.8930280846303,-11.200000000000001,16.828878946864126,228.98435092556804,llm_1,0.823077912618024,0.823077912618024,0.823077912618024,0.823077912618024,0.8149286263544653,0,highway_0,0,313.89302808463026,637.8930280846303,llm_0,-6.8288679081826675
46.4,ego_0,639.5840203356313,-11.200000000000001,16.90992251001079,228.29335977843516,llm_1,0.8185399877813292,0.8185399877813292,0.8185399877813292,0.8185399877813292,0.8104356314666461,0,highway_0,0,315.5840203356313,639.5840203356313,llm_0,-6.909911471329332
46.5,ego_0,641.283071185055,-11.200000000000001,16.990508494236757,227.59431003287966,llm_1,0.8139184406822575,0.8139184406822575,0.8139184406822575,0.8139184406822575,0.8058598422596575,0,highway_0,0,317.28307118505495,641.283071185055,llm_0,-6.990497455555298
46.6,ego_0,642.9901340395646,-11.200000000000001,17.070628545097218,226.88724828223826,llm_1,0.8092125136906461,0.8092125136906461,0.8092125136906461,0.8092125136906461,0.8012005086046159,0,highway_0,0,318.9901340395646,642.9901340395646,llm_0,-7.0706175064157595
46.7,ego_0,644.7051614629921,-11.200000000000001,17.1502742342755,226.1722219626787,llm_1,0.8044214607006634,0.8044214607006634,0.8044214607006634,0.8044214607006634,0.7964568917828174,0,highway_0,0,320.7051614629921,644.7051614629921,llm_0,-7.150263195594041
46.8,ego_0,646.4281051690702,-11.200000000000001,17.229437060781446,225.44927936046884,llm_1,0.7995445477100551,0.7995445477100551,0.7995445477100551,0.7995445477100551,0.7916282650594653,0,highway_0,0,322.42810516907025,646.4281051690702,llm_0,-7.229426022099988
46.9,ego_0,648.158916014291,-11.200000000000001,17.308108452207833,224.71846961911626,llm_1,0.794581053406491,0.794581053406491,0.794581053406491,0.794581053406491,0.7867139142638635,0,highway_0,0,324.158916014291,648.158916014291,llm_0,-7.308097413526374
47.0,ego_0,649.8975439908955,-11.200000000000001,17.386279766045533,223.97984274637997,llm_1,0.7895302697607824,0.7895302697607824,0.7895302697607824,0.7895302697607824,0.7817131383770004,0,highway_0,0,325.89754399089554,649.8975439908955,llm_0,-7.386268727364074
47.1,ego_0,651.6439382200014,-11.200000000000001,17.463942291058082,223.23344962114209,llm_1,0.7843915026267311,0.7843915026267311,0.7843915026267311,0.7843915026267311,0.7766252501254911,0,highway_0,0,327.64393822000136,651.6439382200014,llm_0,-7.463931252376623
47.2,ego_0,653.3980469448729,-11.200000000000001,17.541087248716234,222.4793420001388,llm_1,0.7791640723473623,0.7791640723473623,0.7791640723473623,0.7791640723473623,0.7714495765815244,0,highway_0,0,329.39804694487293,653.3980469448729,llm_0,-7.541076210034776
47.3,ego_0,655.1598175243422,-11.200000000000001,17.617705794693194,221.7175725245378,llm_1,0.7738473143672877,0.7738473143672877,0.7738473143672877,0.7738473143672877,0.766185459769595,0,highway_0,0,331.1598175243422,655.1598175243422,llm_0,-7.617694756011735
47.4,ego_0,656.9291964263844,-11.200000000000001,17.693789020421008,220.94819472636368,llm_1,0.7684405798509293,0.7684405798509293,0.7684405798509293,0.7684405798509293,0.760832257278139,0,highway_0,0,332.92919642638435,656.9291964263844,llm_0,-7.693777981739549
47.5,ego_0,658.7061292218552,-11.200000000000001,17.769327954708764,220.17126303476095,llm_1,0.7629432363063411,0.7629432363063411,0.7629432363063411,0.7629432363063411,0.7553893428775638,0,highway_0,0,334.70612922185524,658.7061292218552,llm_0,-7.7693169160273055
47.6,ego_0,660.4905605783975,-11.200000000000001,17.844313565423057,219.3868327820869,llm_1,0.757354668214343,0.757354668214343,0.757354668214343,0.757354668214343,0.7498561071429322,0,highway_0,0,336.49056057839755,660.4905605783975,llm_0,-7.844302526741599
47.7,ego_0,662.2824342545207,-11.200000000000001,17.918736761231244,218.5949602098318,llm_1,0.7516742776626844,0.7516742776626844,0.7516742776626844,0.7516742776626844,0.744231958081869,0,highway_0,0,338.2824342545207,662.2824342545207,llm_0,-7.918725722549786
47.8,ego_0,664.0816930938615,-11.200000000000001,17.99258839340797,217.79570247435913,llm_1,0.7459014849849458,0.7459014849849458,0.7459014849849458,0.7459014849849458,0.7385163217672641,0,highway_0,0,340.08169309386153,664.0816930938615,llm_0,-7.992577354726512
47.9,ego_0,665.888279019632,-11.200000000000001,18.065859257705384,216.98911765245668,llm_1,0.7400357294038822,0.7400357294038822,0.7400357294038822,0.7400357294038822,0.7327086429741314,0,highway_0,0,341.888279019632,665.888279019632,llm_0,-8.065848219023925
48.0,ego_0,667.7021330292607,-11.200000000000001,18.138540096287453,216.17526474669626,llm_1,0.7340764696788995,0.7340764696788995,0.7340764696788995,0.7340764696788995,0.7268083858206964,0,highway_0,0,343.7021330292607,667.7021330292607,llm_0,-8.138529057605995
48.1,ego_0,669.5231951892335,-11.200000000000001,18.21062159972878,215.3542036905916,llm_1,0.7280231847573639,0.7280231847573639,0.7280231847573639,0.7280231847573639,0.7208150344132491,0,highway_0,0,345.52319518923355,669.5231951892335,llm_0,-8.21061056104732
48.2,ego_0,671.3514046301414,-11.200000000000001,18.282094409078226,214.52599535355193,llm_1,0.7218753744294238,0.7218753744294238,0.7218753744294238,0.7218753744294238,0.7147280934944789,0,highway_0,0,347.35140463014136,671.3514046301414,llm_0,-8.282083370396768
48.3,ego_0,673.1866995419401,-11.200000000000001,18.352949117987738,213.69070154562144,llm_1,0.7156325599860333,0.7156325599860333,0.7156325599860333,0.7156325599860333,0.7085470890951129,0,highway_0,0,349.18669954194013,673.1866995419401,llm_0,-8.352938079306279
48.4,ego_0,675.0290171694307,-11.200000000000001,18.423176274906535,212.84838502199887,llm_1,0.7092942848798496,0.7092942848798496,0.7092942848798496,0.7092942848798496,0.7022715691879711,0,highway_0,0,351.02901716943074,675.0290171694307,llm_0,-8.423165236225076
48.5,ego_0,676.8782938079648,-11.200000000000001,18.49276638534106,211.99910948733293,llm_1,0.7028601153886906,0.7028601153886906,0.7028601153886906,0.7028601153886906,0.6959011043452534,0,highway_0,0,352.87829380796484,676.8782938079648,llm_0,-8.492755346659601
48.6,ego_0,678.7344647993829,-11.200000000000001,18.561709914180785,211.14293959978318,llm_1,0.6963296412812153,0.6963296412812153,0.6963296412812153,0.6963296412812153,0.6894352883972488,0,highway_0,0,354.73446479938286,678.7344647993829,llm_0,-8.561698875499326
48.7,ego_0,680.5974645281918,-11.200000000000001,18.62999728809014,210.27994097484236,llm_1,0.6897024764845066,0.6897024764845066,0.6897024764845066,0.6897024764845066,0.6828737390935657,0,highway_0,0,356.59746452819184,680.5974645281918,llm_0,-8.629986249408683
48.8,ego_0,682.4672264179885,-11.200000000000001,18.6976188979667,209.41018018891373,llm_1,0.6829782597532207,0.6829782597532207,0.6829782597532207,0.6829782597532207,0.6762160987655719,0,highway_0,0,358.4672264179885,682.4672264179885,llm_0,-8.69760785928524
48.9,ego_0,684.3436829281351,-11.200000000000001,18.764565101465706,208.53372478263543,llm_1,0.6761566553399767,0.6761566553399767,0.6761566553399767,0.6761566553399767,0.669462034990076,0,highway_0,0,360.3436829281351,684.3436829281351,llm_0,-8.764554062784248
49.0,ego_0,686.2267655506942,-11.200000000000001,18.830826225591117,207.6506432639444,llm_1,0.6692373536666522,0.6692373536666522,0.6692373536666522,0.6692373536666522,0.6626112412541119,0,highway_0,0,362.22676555069415,686.2267655506942,llm_0,-8.830815186909659
49.1,ego_0,688.1164048076295,-11.200000000000001,18.89639256935312,206.76100511087736,llm_1,0.6622200719962459,0.6622200719962459,0.6622200719962459,0.6622200719962459,0.6556634376200421,0,highway_0,0,364.11640480762946,688.1164048076295,llm_0,-8.896381530671663
49.2,ego_0,690.0125302482787,-11.200000000000001,18.96125440649223,205.86488077409604,llm_1,0.6551045551049888,0.6551045551049888,0.6551045551049888,0.6551045551049888,0.6486183713910876,0,highway_0,0,366.0125302482787,690.0125302482787,llm_0,-8.961243367810772
49.3,ego_0,691.9150704471057,-11.200000000000001,19.02540198826989,204.96234167913724,llm_1,0.6478905759543562,0.6478905759543562,0.6478905759543562,0.6478905759543562,0.6414758177766089,0,highway_0,0,367.9150704471057,691.9150704471057,llm_0,-9.025390949588433
49.4,ego_0,693.8239530017382,-11.200000000000001,19.0888255463256,204.05346022837307,llm_1,0.6405779363626651,0.6405779363626651,0.6405779363626651,0.6405779363626651,0.6342355805571032,0,highway_0,0,369.82395300173823,693.8239530017382,llm_0,-9.088814507644143
49.5,ego_0,695.7391045312983,-11.200000000000001,19.151515295600447,203.13830980268096,llm_1,0.6331664676759122,0.6331664676759122,0.6331664676759122,0.6331664676759122,0.626897492748455,0,highway_0,0,371.73910453129827,695.7391045312983,llm_0,-9.151504256918988
49.6,ego_0,697.6604506750309,-11.200000000000001,19.213461437326934,202.2169647628166,llm_1,0.625656031437534,0.625656031437534,0.625656031437534,0.625656031437534,0.6194614172648727,0,highway_0,0,373.6604506750309,697.6604506750309,llm_0,-9.213450398645476
49.7,ego_0,699.5879160912394,-11.200000000000001,19.27465416208503,201.2895004504761,llm_1,0.6180465200567664,0.6180465200567664,0.6180465200567664,0.6180465200567664,0.6119272475809723,0,highway_0,0,375.58791609123944,699.5879160912394,llm_0,-9.274643123403573
49.8,ego_0,701.5214244565318,-11.200000000000001,19.335083652924165,200.35599318905201,llm_1,0.6103378574752598,0.6103378574752598,0.6103378574752598,0.6103378574752598,0.6042949083913385,0,highway_0,0,377.5214244565318,701.5214244565318,llm_0,-9.335072614242707
49.9,ego_0,703.4608984653869,-11.200000000000001,19.394740088551064,199.4165202840651,llm_1,0.6025299998316588,0.6025299998316588,0.6025299998316588,0.6025299998316588,0.5965643562689849,0,highway_0,0,379.4608984653869,703.4608984653869,llm_0,-9.394729049869605
50.0,ego_0,705.4062598300452,-11.200000000000001,19.453613646583126,198.47116002327493,llm_1,0.5946229361237928,0.5946229361237928,0.5946229361237928,0.5946229361237928,0.5887355803206162,0,highway_0,0,381.4062598300452,705.4062598300452,llm_0,-9.453602607901667
50.1,ego_0,707.3574292807319,-11.200000000000001,19.511694506867105,197.51999167645624,llm_1,0.5866166888681887,0.5866166888681887,0.5866166888681887,0.5866166888681887,0.5808086028397952,0,highway_0,0,383.35742928073194,707.3574292807319,llm_0,-9.511683468185646
50.2,ego_0,709.3143265662183,-11.200000000000001,19.568972854862807,196.56309549483808,llm_1,0.5785113147565755,0.5785113147565755,0.5785113147565755,0.5785113147565755,0.5727834799570175,0,highway_0,0,385.31432656621826,709.3143265662183,llm_0,-9.568961816181348
50.3,ego_0,711.2768704547274,-11.200000000000001,19.62543888509143,195.60055271019712,llm_1,0.5703069053090697,0.5703069053090697,0.5703069053090697,0.5703069053090697,0.5646603022862351,0,highway_0,0,387.2768704547274,711.2768704547274,llm_0,-9.625427846409972
50.4,ego_0,713.2449787351921,-11.200000000000001,19.681082804648238,194.63244553360073,llm_1,0.5620035875237379,0.5620035875237379,0.5620035875237379,0.5620035875237379,0.5564391955680748,0,highway_0,0,389.24497873519215,713.2449787351921,llm_0,-9.681071765966779
50.5,ego_0,715.21856821887,-11.200000000000001,19.735894836779153,193.6588571537908,llm_1,0.5536015245222234,0.5536015245222234,0.5536015245222234,0.5536015245222234,0.548120321309149,0,highway_0,0,391.21856821887,715.21856821887,llm_0,-9.735883798097694
50.6,ego_0,717.197554741322,-11.200000000000001,19.78986522452085,192.67987173520692,llm_1,0.5451009161911293,0.5451009161911293,0.5451009161911293,0.5451009161911293,0.5397038774169616,0,highway_0,0,393.19755474132205,717.197554741322,llm_0,-9.78985418583939
50.7,ego_0,719.1818531647624,-11.200000000000001,19.842984234403907,191.69557441563495,llm_1,0.5365019998188645,0.5365019998188645,0.5365019998188645,0.5365019998188645,0.5311900988305851,0,highway_0,0,395.1818531647624,719.1818531647624,llm_0,-9.842973195722449
50.8,ego_0,721.1713773807843,-11.200000000000001,19.895242160218526,190.70605130348122,llm_1,0.5278050507276297,0.5278050507276297,0.5278050507276297,0.5278050507276297,0.5225792581461874,0,highway_0,0,397.1713773807843,721.1713773807843,llm_0,-9.895231121537067
50.9,ego_0,723.1660403134686,-11.200000000000001,19.946629326842313,189.711389474665,llm_1,0.5190103829002575,0.5190103829002575,0.5190103829002575,0.5190103829002575,0.5138716662378684,0,highway_0,0,399.16604031346856,723.1660403134686,llm_0,-9.946618288160854
51.0,ego_0,725.1657539228815,-11.200000000000001,19.9971360941296,188.71167696912016,llm_1,0.5101183496015989,0.5101183496015989,0.5101183496015989,0.5101183496015989,0.5050676728728831,0,highway_0,0,401.16575392288155,725.1657539228815,llm_0,-9.997125055448143
51.1,ego_0,727.1704292089677,-11.200000000000001,20.046752860861695,187.7070027869023,llm_1,0.5011293439941448,0.5011293439941448,0.5011293439941448,0.5011293439941448,0.49616766732093254,0,highway_0,0,403.1704292089677,727.1704292089677,llm_0,-10.046741822180236
51.2,ego_0,729.1799762158435,-11.200000000000001,20.095470068757493,186.69745688389457,llm_1,0.4920437997475857,0.4920437997475857,0.4920437997475857,0.4920437997475857,0.48717207895798254,0,highway_0,0,405.17997621584345,729.1799762158435,llm_0,-10.095459030076034
51.3,ego_0,731.1943040364978,-11.200000000000001,20.14327820654383,185.68313016710852,llm_1,0.4828621916419939,0.4828621916419939,0.4828621916419939,0.4828621916419939,0.4780813778633686,0,highway_0,0,407.1943040364978,731.1943040364978,llm_0,-10.143267167862371
51.4,ego_0,733.2133208179063,-11.200000000000001,20.19016781408485,184.6641144895682,llm_1,0.473585036164328,0.473585036164328,0.473585036164328,0.473585036164328,0.46889607541022116,0,highway_0,0,409.21332081790626,733.2133208179063,llm_0,-10.190156775403393
51.5,ego_0,735.2369337665632,-11.200000000000001,20.236129486569794,183.6405026447793,llm_1,0.4642128920979264,0.4642128920979264,0.4642128920979264,0.4642128920979264,0.4596167248494254,0,highway_0,0,411.2369337665632,735.2369337665632,llm_0,-10.236118447888336
51.6,ego_0,737.265049154439,-11.200000000000001,20.281153878758378,182.61238836077155,llm_1,0.4547463611046842,0.4547463611046842,0.4547463611046842,0.4547463611046842,0.4502439218858356,0,highway_0,0,413.265049154439,737.265049154439,llm_0,-10.28114284007692
51.7,ego_0,739.2975723253674,-11.200000000000001,20.325231709283088,181.57986629371146,llm_1,0.44518608829957285,0.44518608829957285,0.44518608829957285,0.44518608829957285,0.4407783052471004,0,highway_0,0,415.29757232536736,739.2975723253674,llm_0,-10.32522067060163
51.8,ego_0,741.3344077018681,-11.200000000000001,20.36835376500756,180.54303202107872,llm_1,0.43553276281717307,0.43553276281717307,0.43553276281717307,0.43553276281717307,0.431220557244707,0,highway_0,0,417.33440770186814,741.3344077018681,llm_0,-10.3683427263261
51.9,ego_0,743.3754587924121,-11.200000000000001,20.410510905440216,179.5019820344029,llm_1,0.425787118369863,0.425787118369863,0.425787118369863,0.425787118369863,0.4215714043265706,0,highway_0,0,419.37545879241213,743.3754587924121,llm_0,-10.410499866758757
52.0,ego_0,745.4206281991324,-11.200000000000001,20.451694067202325,178.45681373155094,llm_1,0.41594993379731976,0.41594993379731976,0.41594993379731976,0.41594993379731976,0.41183161762109677,0,highway_0,0,421.42062819913235,745.4206281991324,llm_0,-10.451683028520867
52.1,ego_0,747.4698176259873,-11.200000000000001,20.491894268549547,177.4076254085643,llm_1,0.40602203360694067,0.40602203360694067,0.40602203360694067,0.40602203360694067,0.4020020134722202,0,highway_0,0,423.4698176259873,747.4698176259873,llm_0,-10.491883229868089
52.2,ego_0,749.5229278873819,-11.200000000000001,20.531102613946064,176.3545162510377,llm_1,0.39600428850481667,0.39600428850481667,0.39600428850481667,0.39600428850481667,0.39208345396517075,0,highway_0,0,425.5229278873819,749.5229278873819,llm_0,-10.531091575264606
52.3,ego_0,751.5798589172509,-11.200000000000001,20.569310298690304,175.29758632503683,llm_1,0.3858976159168429,0.3858976159168429,0.3858976159168429,0.3858976159168429,0.38207684744239856,0,highway_0,0,427.57985891725093,751.5798589172509,llm_0,-10.569299260008846
52.4,ego_0,753.6405097786101,-11.200000000000001,20.606508613591252,174.23693656754585,llm_1,0.37570298049955364,0.37570298049955364,0.37570298049955364,0.37570298049955364,0.3719831490094805,0,highway_0,0,429.64050977861007,753.6405097786101,llm_0,-10.606497574909794
52.5,ego_0,755.7047786735795,-11.200000000000001,20.642688949694243,173.17266877644454,llm_1,0.36542139464022116,0.36542139464022116,0.36542139464022116,0.36542139464022116,0.3618033610299065,0,highway_0,0,431.70477867357954,755.7047786735795,llm_0,-10.642677911012784
52.6,ego_0,757.7725629538851,-11.200000000000001,20.67784280305521,172.10488560000726,llm_1,0.3550539189457806,0.3550539189457806,0.3550539189457806,0.3550539189457806,0.3515385336096699,0,highway_0,0,433.7725629538851,757.7725629538851,llm_0,-10.677831764373751
52.7,ego_0,759.8437591318414,-11.200000000000001,20.711961779562145,171.03369052591904,llm_1,0.3446016627200673,0.3446016627200673,0.3446016627200673,0.3446016627200673,0.34118976506935184,0,highway_0,0,435.84375913184135,759.8437591318414,llm_0,-10.711950740880686
52.8,ego_0,761.9182628918217,-11.200000000000001,20.745037599802625,169.959187869807,llm_1,0.33406578442886237,0.33406578442886237,0.33406578442886237,0.33406578442886237,0.3307582024048017,0,highway_0,0,437.91826289182166,761.9182628918217,llm_0,-10.745026561121167
52.9,ego_0,763.9959691022193,-11.200000000000001,20.77706210397611,168.8814827632774,llm_1,0.3234474921522054,0.3234474921522054,0.3234474921522054,0.3234474921522054,0.32024504173485013,0,highway_0,0,439.9959691022193,763.9959691022193,llm_0,-10.777051065294652
53.0,ego_0,766.0767718279043,-11.200000000000001,20.808027256849712,167.80068114146047,llm_1,0.31274804402338086,0.31274804402338086,0.31274804402338086,0.31274804402338086,0.3096515287360191,0,highway_0,0,442.0767718279043,766.0767718279043,llm_0,-10.808016218168254
53.1,ego_0,768.1605643431799,-11.200000000000001,20.83792515275605,166.71688973005314,llm_1,0.3019687486539978,0.3019687486539978,0.3019687486539978,0.3019687486539978,0.29897895906337624,0,highway_0,0,444.1605643431799,768.1605643431799,llm_0,-10.837914114074591
53.2,ego_0,770.247239145243,-11.200000000000001,20.866748020631743,165.63021603185825,llm_1,0.29111096554448973,0.29111096554448973,0.29111096554448973,0.29111096554448973,0.2882286787569299,0,highway_0,0,446.24723914524304,770.247239145243,llm_0,-10.866736981950284
53.3,ego_0,772.3366879681525,-11.200000000000001,20.894488229095046,164.5407683128168,llm_1,0.28017610547937016,0.28017610547937016,0.28017610547937016,0.28017610547937016,0.2774020846330316,0,highway_0,0,448.33668796815255,772.3366879681525,llm_0,-10.894477190413587
53.4,ego_0,774.4288017973087,-11.200000000000001,20.921138291561036,163.44865558752895,llm_1,0.2691656309065245,0.2691656309065245,0.2691656309065245,0.2691656309065245,0.26650062465989777,0,highway_0,0,450.42880179730867,774.4288017973087,llm_0,-10.921127252879577
53.5,ego_0,776.523470884448,-11.200000000000001,20.946690871392697,162.35398760425767,llm_1,0.2580810562997735,0.2580810562997735,0.2580810562997735,0.2580810562997735,0.2555257983166115,0,highway_0,0,452.523470884448,776.523470884448,llm_0,-10.946679832711238
53.6,ego_0,778.6205847631566,-11.200000000000001,20.97113878708615,161.25687482941726,llm_1,0.24692394850388621,0.24692394850388621,0.24692394850388621,0.24692394850388621,0.24447915693453837,0,highway_0,0,454.62058476315656,778.6205847631566,llm_0,-10.971127748404692
53.7,ego_0,780.7200322649054,-11.200000000000001,20.994475017488256,160.15742843153657,llm_1,0.235695927061232,0.235695927061232,0.235695927061232,0.235695927061232,0.23336230402104974,0,highway_0,0,456.7200322649054,780.7200322649054,llm_0,-10.994463978806797
53.8,ego_0,782.8217015356098,-11.200000000000001,21.016692707044605,159.05576026470033,llm_1,0.2243986645191236,0.2243986645191236,0.2243986645191236,0.2243986645191236,0.22217689556349285,0,highway_0,0,458.8217015356098,782.8217015356098,llm_0,-11.016681668363146
53.9,ego_0,784.9254800527174,-11.200000000000001,21.037785171075985,157.9519828514609,llm_1,0.2130338867169499,0.2130338867169499,0.2130338867169499,0.2130338867169499,0.21092464031379876,0,highway_0,0,460.9254800527174,784.9254800527174,llm_0,-11.037774132394526
54.0,ego_0,787.0312546428255,-11.200000000000001,21.05774590108114,156.84620936522094,llm_1,0.20160337305206766,0.20160337305206766,0.20160337305206766,0.20160337305206766,0.1996073000515608,0,highway_0,0,463.0312546428255,787.0312546428255,llm_0,-11.057734862399682
54.1,ego_0,789.1389114998319,-11.200000000000001,21.076568570063657,155.73855361208268,llm_1,0.19010895672342487,0.19010895672342487,0.19010895672342487,0.19010895672342487,0.18822668982515722,0,highway_0,0,465.1389114998319,789.1389114998319,llm_0,-11.076557531382198
54.2,ego_0,791.2483362036199,-11.200000000000001,21.094247037880667,154.62913001216282,llm_1,0.17855252495180773,0.17855252495180773,0.17855252495180773,0.17855252495180773,0.17678467817010102,0,highway_0,0,467.24833620361994,791.2483362036199,llm_0,-11.094235999199208
54.3,ego_0,793.3594137392811,-11.200000000000001,21.11077535661092,153.51805358036984,llm_1,0.16693601917555012,0.16693601917555012,0.16693601917555012,0.16693601917555012,0.16528318730252067,0,highway_0,0,469.3594137392811,793.3594137392811,llm_0,-11.11076431792946
54.4,ego_0,795.4720285168751,-11.200000000000001,21.126147775939682,152.405439906644,llm_1,0.1552614352205015,0.1552614352205015,0.1552614352205015,0.1552614352205015,0.15372419328762987,0,highway_0,0,471.47202851687507,795.4720285168751,llm_0,-11.126136737258223
54.5,ego_0,797.5860643917308,-11.200000000000001,21.1403587485578,151.29140513565642,llm_1,0.1435308234429914,0.1435308234429914,0.1435308234429914,0.1435308234429914,0.14210972618119655,0,highway_0,0,473.5860643917308,797.5860643917308,llm_0,-11.140347709876343
54.6,ego_0,799.701404685288,-11.200000000000001,21.153402935572103,150.17606594596737,llm_1,0.13174628884446038,0.13174628884446038,0.13174628884446038,0.13174628884446038,0.13044187014301656,0,highway_0,0,475.701404685288,799.701404685288,llm_0,-11.153391896890644
54.7,ego_0,801.8179322064805,-11.200000000000001,21.16527521192422,149.05953952864309,llm_1,0.11990999115638612,0.11990999115638612,0.11990999115638612,0.11990999115638612,0.11872276352118405,0,highway_0,0,477.81793220648046,801.8179322064805,llm_0,-11.165264173242763
54.8,ego_0,803.9355292736619,-11.200000000000001,21.175970671814724,147.94194356532978,llm_1,0.10802414489407497,0.10802414489407497,0.10802414489407497,0.10802414489407497,0.1069545989050269,0,highway_0,0,479.9355292736619,803.9355292736619,llm_0,-11.175959633133266
54.9,ego_0,806.0540777370749,-11.200000000000001,21.185484634129363,146.823396205785,llm_1,0.09609101937783215,0.09609101937783215,0.09609101937783215,0.09609101937783215,0.09513962314638746,0,highway_0,0,482.05407773707486,806.0540777370749,llm_0,-11.185473595447904
55.0,ego_0,808.1734590018613,-11.200000000000001,21.193812647864014,145.70401604486676,llm_1,0.08411293871996683,0.08411293871996683,0.08411293871996683,0.08411293871996683,0.08328013734651307,0,highway_0,0,484.17345900186126,808.1734590018613,llm_0,-11.193801609182556
55.1,ego_0,810.2935540516157,-11.200000000000001,21.20095049754481,144.58392209898045,llm_1,0.07209228177604832,0.07209228177604832,0.07209228177604832,0.07209228177604832,0.07137849680795227,0,highway_0,0,486.29355405161573,810.2935540516157,llm_0,-11.20093945886335
55.2,ego_0,812.4142434724797,-11.200000000000001,21.20689420863974,143.46323378198463,llm_1,0.060031482058765184,0.060031482058765184,0.060031482058765184,0.060031482058765184,0.05943711094928972,0,highway_0,0,488.4142434724797,812.4142434724797,llm_0,-11.20688316995828
55.3,ego_0,814.5354074777755,-11.200000000000001,21.21164005295783,142.342070880557,llm_1,0.04793302761269724,0.04793302761269724,0.04793302761269724,0.04793302761269724,0.04745844318090775,0,highway_0,0,490.5354074777755,814.5354074777755,llm_0,-11.21162901427637
55.4,ego_0,816.6569259331787,-11.200000000000001,21.215184554031914,141.2205535290219,llm_1,0.0357994608482759,0.0357994608482759,0.0357994608482759,0.0357994608482759,0.035445010740851046,0,highway_0,0,492.65692593317874,816.6569259331787,llm_0,-11.215173515350456
55.5,ego_0,818.7786783824268,-11.200000000000001,21.217524492480738,140.09880218364196,llm_1,0.023633378333138944,0.023633378333138944,0.023633378333138944,0.023633378333138944,0.023399384488236308,0,highway_0,0,494.77867838242685,818.7786783824268,llm_0,-11.21751345379928
55.6,ego_0,820.9005440735615,-11.200000000000001,21.21865691134599,138.97693759637548,llm_1,0.011437430539071203,0.011437430539071203,0.011437430539071203,0.011437430539071203,0.01132418865253726,0,highway_0,0,496.9005440735615,820.9005440735615,llm_0,-11.218645872664533
55.7,ego_0,823.0224019857014,-11.200000000000001,21.21857912139972,137.8550807881037,llm_1,-0.0007856784573205822,-0.0007856784573205822,-0.0007856784573205822,-0.0007856784573205822,-0.0007778994627116731,0,highway_0,0,499.02240198570144,823.0224019857014,llm_0,-11.218568082718262
55.8,ego_0,825.1441308563432,-11.200000000000001,21.217288706417335,136.73335302133012,llm_1,-0.013033191322080362,-0.013033191322080362,-0.013033191322080362,-0.013033191322080362,-0.012904149823853572,0,highway_0,0,501.14413085634317,825.1441308563432,llm_0,-11.217277667735877
55.9,ego_0,827.2656092091843,-11.200000000000001,21.21478352841125,135.61187577235717,llm_1,-0.025302297861442447,-0.025302297861442447,-0.025302297861442447,-0.025302297861442447,-0.025051780060856288,0,highway_0,0,503.2656092091843,827.2656092091843,llm_0,-11.214772489729791
56.0,ego_0,829.3867153824663,-11.200000000000001,21.211061732820028,134.49077070294334,llm_1,-0.037590135471349484,-0.037590135471349484,-0.037590135471349484,-0.037590135471349484,-0.03721795591221877,0,highway_0,0,505.38671538246626,829.3867153824663,llm_0,-11.211050694138569
56.1,ego_0,831.507327557831,-11.200000000000001,21.20612175364766,133.37015963144677,llm_1,-0.04989378964091162,-0.04989378964091162,-0.04989378964091162,-0.04989378964091162,-0.04939979172366549,0,highway_0,0,507.507327557831,831.507327557831,llm_0,-11.206110714966202
56.2,ego_0,833.6273237896858,-11.200000000000001,21.199962318547488,132.25016450346016,llm_1,-0.06221029451174076,-0.06221029451174076,-0.06221029451174076,-0.06221029451174076,-0.061594351001730274,0,highway_0,0,509.62732378968576,833.6273237896858,llm_0,-11.19995127986603
56.3,ego_0,835.7465820350702,-11.200000000000001,21.192582453845002,131.13090736194385,llm_1,-0.07453663349513073,-0.07453663349513073,-0.07453663349513073,-0.07453663349513073,-0.07379864702485861,0,highway_0,0,511.7465820350702,835.7465820350702,llm_0,-11.192571415163544
56.4,ego_0,837.8649801840196,-11.200000000000001,21.183981489493615,130.01251031686263,llm_1,-0.08686973994901348,-0.08686973994901348,-0.08686973994901348,-0.08686973994901348,-0.08600964351387574,0,highway_0,0,513.8649801840196,837.8649801840196,llm_0,-11.183970450812156
56.5,ego_0,839.9823960904154,-11.200000000000001,21.174159063957315,128.89509551433503,llm_1,-0.09920649791664138,-0.09920649791664138,-0.09920649791664138,-0.09920649791664138,-0.09822425536299306,0,highway_0,0,515.9823960904154,839.9823960904154,llm_0,-11.174148025275857
56.6,ego_0,842.0987076033167,-11.200000000000001,21.16311512901386,127.77878510530184,llm_1,-0.11154374292889147,-0.11154374292889147,-0.11154374292889147,-0.11154374292889147,-0.11043934943455014,0,highway_0,0,518.0987076033167,842.0987076033167,llm_0,-11.163104090332402
56.7,ego_0,844.2137925987639,-11.200000000000001,21.15084995447207,126.66370121372279,llm_1,-0.12387826287208326,-0.12387826287208326,-0.12387826287208326,-0.12387826287208326,-0.12265174541791879,0,highway_0,0,520.2137925987639,844.2137925987639,llm_0,-11.15083891579061
56.8,ego_0,846.3275290120436,-11.200000000000001,21.13736413279651,125.5499659043113,llm_1,-0.13620679892315146,-0.13620679892315146,-0.13620679892315146,-0.13620679892315146,-0.13485821675558896,0,highway_0,0,522.3275290120436,846.3275290120436,llm_0,-11.137353094115051
56.9,ego_0,848.4397948704068,-11.200000000000001,21.122658583632752,124.43770114981623,llm_1,-0.14852604655395263,-0.14852604655395263,-0.14852604655395263,-0.14852604655395263,-0.14705549163757325,0,highway_0,0,524.4397948704068,848.4397948704068,llm_0,-11.122647544951294
57.0,ego_0,850.5504683262294,-11.200000000000001,21.106734558226176,123.32702879786177,llm_1,-0.16083265660645107,-0.16083265660645107,-0.16083265660645107,-0.16083265660645107,-0.15924025406576447,0,highway_0,0,526.5504683262294,850.5504683262294,llm_0,-11.106723519544717
57.1,ego_0,852.6594276906021,-11.200000000000001,21.08959364372712,122.21807053735722,llm_1,-0.17312323644044558,-0.17312323644044558,-0.17312323644044558,-0.17312323644044558,-0.17140914499055526,0,highway_0,0,528.6594276906021,852.6594276906021,llm_0,-11.089582605045662
57.2,ego_0,854.7665514673396,-11.200000000000001,21.071237767375102,121.11094786448791,llm_1,-0.18539435115540215,-0.18539435115540215,-0.18539435115540215,-0.18539435115540215,-0.18355876352018186,0,highway_0,0,530.7665514673396,854.7665514673396,llm_0,-11.071226728693643
57.3,ego_0,856.871718387395,-11.200000000000001,21.051669200554517,120.0057820483006,llm_1,-0.19764252488792022,-0.19764252488792022,-0.19764252488792022,-0.19764252488792022,-0.1956856682058472,0,highway_0,0,532.871718387395,856.871718387395,llm_0,-11.051658161873059
57.4,ego_0,858.9748074436665,-11.200000000000001,21.030890562714305,118.90269409589735,llm_1,-0.20986424218617816,-0.20986424218617816,-0.20986424218617816,-0.20986424218617816,-0.2077863784021261,0,highway_0,0,534.9748074436665,858.9748074436665,llm_0,-11.030879524032846
57.5,ego_0,861.0756979261809,-11.200000000000001,21.00890482514374,117.80180471725112,llm_1,-0.2220559494626696,-0.2220559494626696,-0.2220559494626696,-0.2220559494626696,-0.21985737570563657,0,highway_0,0,537.0756979261809,861.0756979261809,llm_0,-11.008893786462282
57.6,ego_0,863.1742694576405,-11.200000000000001,20.985715314596575,116.70323428965958,llm_1,-0.2342140565263664,-0.2342140565263664,-0.2342140565263664,-0.2342140565263664,-0.23189510547165781,0,highway_0,0,539.1742694576405,863.1742694576405,llm_0,-10.985704275915117
57.7,ego_0,865.2704020293161,-11.200000000000001,20.961325716755454,115.60710282185221,llm_1,-0.2463349381953338,-0.2463349381953338,-0.2463349381953338,-0.2463349381953338,-0.24389597841121713,0,highway_0,0,541.2704020293161,865.2704020293161,llm_0,-10.961314678073995
57.8,ego_0,867.3639760372689,-11.200000000000001,20.935740079528653,114.51352991776753,llm_1,-0.2584149359906559,-0.2584149359906559,-0.2584149359906559,-0.2584149359906559,-0.2558563722680063,0,highway_0,0,543.3639760372689,867.3639760372689,llm_0,-10.935729040847194
57.9,ego_0,869.454872318886,-11.200000000000001,20.90896281617099,113.42263474001857,llm_1,-0.2704503599123954,-0.2704503599123954,-0.2704503599123954,-0.2704503599123954,-0.2677726335766195,0,highway_0,0,545.454872318886,869.454872318886,llm_0,-10.908951777489532
58.0,ego_0,871.542972189708,-11.200000000000001,20.88099870822068,112.3345359730647,llm_1,-0.2824374902981286,-0.2824374902981286,-0.2824374902981286,-0.2824374902981286,-0.2796410795031079,0,highway_0,0,547.542972189708,871.542972189708,llm_0,-10.880987669539222
58.1,ego_0,873.6281574805324,-11.200000000000001,20.851852908244005,111.24935178610849,llm_1,-0.2943725797644019,-0.2943725797644019,-0.2943725797644019,-0.2943725797644019,-0.2914579997667488,0,highway_0,0,549.6281574805324,873.6281574805324,llm_0,-10.851841869562547
58.2,ego_0,875.7103105747703,-11.200000000000001,20.821530942379518,110.16719979573872,llm_1,-0.3062518552313084,-0.3062518552313084,-0.3062518552313084,-0.3062518552313084,-0.30321965864487765,0,highway_0,0,551.7103105747703,875.7103105747703,llm_0,-10.821519903698059
58.3,ego_0,877.7893144460377,-11.200000000000001,20.790038712673564,109.08819702833955,llm_1,-0.3180715200301265,-0.3180715200301265,-0.3180715200301265,-0.3180715200301265,-0.3149222970595389,0,highway_0,0,553.7893144460377,877.7893144460377,llm_0,-10.790027673992105
58.4,ego_0,879.8650526959576,-11.200000000000001,20.75738249919893,108.01245988228777,llm_1,-0.32982775609379655,-0.32982775609379655,-0.32982775609379655,-0.32982775609379655,-0.32656213474634654,0,highway_0,0,555.8650526959576,879.8650526959576,llm_0,-10.75737146051747
58.5,ego_0,881.9374095921524,-11.200000000000001,20.72356896194846,106.9401040899611,llm_1,-0.3415167262297665,-0.3415167262297665,-0.3415167262297665,-0.3415167262297665,-0.33813537250470205,0,highway_0,0,557.9374095921524,881.9374095921524,llm_0,-10.723557923267
58.6,ego_0,884.006270106402,-11.200000000000001,20.688605142495536,105.87124467957972,llm_1,-0.3531345764745084,-0.3531345764745084,-0.3531345764745084,-0.3531345764745084,-0.34963819452922706,0,highway_0,0,560.006270106402,884.006270106402,llm_0,-10.688594103814077
58.7,ego_0,886.0715199529433,-11.200000000000001,20.65249846541348,104.80599593690658,llm_1,-0.36467743852879453,-0.36467743852879453,-0.36467743852879453,-0.36467743852879453,-0.36106677082056393,0,highway_0,0,562.0715199529433,886.0715199529433,llm_0,-10.652487426732021
58.8,ego_0,888.1330456268879,-11.200000000000001,20.6152567394459,103.74447136683011,llm_1,-0.3761414322725368,-0.3761414322725368,-0.3761414322725368,-0.3761414322725368,-0.3724172596757924,0,highway_0,0,564.1330456268879,888.1330456268879,llm_0,-10.615245700764442
58.9,ego_0,890.19073444273,-11.200000000000001,20.576888158420378,102.68678365485619,llm_1,-0.3875226683577737,-0.3875226683577737,-0.3875226683577737,-0.3875226683577737,-0.38368581025522985,0,highway_0,0,566.19073444273,890.19073444273,llm_0,-10.576877119738919
59.0,ego_0,892.2444745729198,-11.200000000000001,20.53740130189779,101.63304462853455,llm_1,-0.3988172508781158,-0.3988172508781158,-0.3988172508781158,-0.3988172508781158,-0.3948685652258632,0,highway_0,0,568.2444745729198,892.2444745729198,llm_0,-10.537390263216333
59.1,ego_0,894.2941550864748,-11.21,20.496805135549998,100.58336521884769,llm_1,-0.41002128011270833,-0.41002128011270833,-0.41002128011270833,-0.41002128011270833,-0.4059616634779317,0,highway_0,0,570.2941550864748,894.2941550864748,llm_0,-10.49679409686854
59.2,ego_0,896.3396659876007,-11.23,20.45510901125866,99.53785542158994,llm_1,-0.4211308553424885,-0.4211308553424885,-0.4211308553424885,-0.4211308553424885,-0.41696124291338066,0,highway_0,0,572.3396659876007,896.3396659876007,llm_0,-10.455097972577201
59.3,ego_0,898.3808982542936,-11.260000000000002,20.412322666928336,98.49662425876522,llm_1,-0.43214207773626256,-0.43214207773626256,-0.43214207773626256,-0.43214207773626256,-0.427863443303238,0,highway_0,0,574.3808982542936,898.3808982542936,llm_0,-10.412311628246878
59.4,ego_0,900.4177438768942,-11.3,20.368456226007165,97.45977974003267,llm_1,-0.44305105330384553,-0.44305105330384553,-0.44305105330384553,-0.44305105330384553,-0.4386644092117109,0,highway_0,0,576.4177438768943,900.4177438768943,llm_0,-10.368445187325706
59.5,ego_0,902.4500958965651,-11.350000000000001,20.323520196708824,96.42742882422999,llm_1,-0.453853895913232,-0.453853895913232,-0.453853895913232,-0.453853895913232,-0.44936029298341396,0,highway_0,0,578.4500958965651,902.4500958965651,llm_0,-10.323509158027365
59.6,ego_0,904.4778484436581,-11.410000000000002,20.277525470929763,95.39967738100518,llm_1,-0.46454673036852023,-0.46454673036852023,-0.46454673036852023,-0.46454673036852023,-0.45994725779060275,0,highway_0,0,580.4778484436581,904.4778484436581,llm_0,-10.277514432248305
59.7,ego_0,906.5008967759437,-11.48,20.230483322856,94.37663015258772,llm_1,-0.4751256955450177,-0.4751256955450177,-0.4751256955450177,-0.4751256955450177,-0.4704214807376417,0,highway_0,0,582.5008967759437,906.5008967759437,llm_0,-10.23047228417454
59.8,ego_0,908.5191373166691,-11.56,20.182405407254247,93.35839071573048,llm_1,-0.4855869475776843,-0.4855869475776843,-0.4855869475776843,-0.4855869475776843,-0.48077915601751897,0,highway_0,0,584.5191373166691,908.5191373166691,llm_0,-10.182394368572789
59.9,ego_0,910.5324676924132,-11.63,20.13330375744248,92.34506144385443,llm_1,-0.49592666309885736,-0.49592666309885736,-0.49592666309885736,-0.49592666309885736,-0.49101649811767345,0,highway_0,0,586.5324676924133,910.5324676924133,llm_0,-10.133292718761021
60.0,ego_0,912.5407867707067,-11.690000000000001,20.08319078293546,91.33674346942905,llm_1,-0.5061410425208994,-0.5061410425208994,-0.5061410425208994,-0.5061410425208994,-0.5011297450701946,0,highway_0,0,588.5407867707069,912.5407867707069,llm_0,-10.083179744254002
60.1,ego_0,914.543994697383,-11.750000000000002,20.032079266761286,90.33353664662104,llm_1,-0.5162263133591818,-0.5162263133591818,-0.5162263133591818,-0.5162263133591818,-0.511115161741742,0,highway_0,0,590.543994697383,914.543994697383,llm_0,-10.032068228079828
60.2,ego_0,916.5419929336276,-11.750000000000002,19.979982362445387,89.33553951424472,llm_1,-0.5261787335905904,-0.5261787335905904,-0.5261787335905904,-0.5261787335905904,-0.520969043158992,0,highway_0,0,592.5419929336275,916.5419929336275,llm_0,-9.979971323763928
60.3,ego_0,918.5346842926934,-11.750000000000002,19.926913590659,88.34284925904694,llm_1,-0.5359945950424858,-0.5359945950424858,-0.5359945950424858,-0.5359945950424858,-0.5306877178638558,0,highway_0,0,594.5346842926934,918.5346842926934,llm_0,-9.926902551977543
60.4,ego_0,920.5219729762463,-11.750000000000002,19.872886835529606,87.35556167936215,llm_1,-0.545670226806902,-0.545670226806902,-0.545670226806902,-0.545670226806902,-0.5402675512939581,0,highway_0,0,596.5219729762464,920.5219729762464,llm_0,-9.872875796848147
60.5,ego_0,922.5037646103074,-11.750000000000002,19.817916340611344,86.37377114916922,llm_1,-0.5552019986744436,-0.5552019986744436,-0.5552019986744436,-0.5552019986744436,-0.5497049491826189,0,highway_0,0,598.5037646103075,922.5037646103075,llm_0,-9.817905301929885
60.6,ego_0,924.479966280759,-11.750000000000002,19.762016704514085,85.39757058258601,llm_1,-0.5645863245823073,-0.5645863245823073,-0.5645863245823073,-0.5645863245823073,-0.5589963609725856,0,highway_0,0,600.4799662807588,924.4799662807588,llm_0,-9.762005665832627
60.7,ego_0,926.4504865683778,-11.750000000000002,19.705202876190267,84.42705139883515,llm_1,-0.5738196660705566,-0.5738196660705566,-0.5738196660705566,-0.5738196660705566,-0.5681382832381843,0,highway_0,0,602.4504865683779,926.4504865683779,llm_0,-9.705191837508808
60.8,ego_0,928.4152355833658,-11.750000000000002,19.647490149879307,83.46230348771542,llm_1,-0.5828985357406989,-0.5828985357406989,-0.5828985357406989,-0.5828985357406989,-0.5771272631096025,0,highway_0,0,604.4152355833658,928.4152355833658,llm_0,-9.647479111197848
60.9,ego_0,930.3741249993368,-11.750000000000002,19.58889415970996,82.50341517561253,llm_1,-0.5918195007104333,-0.5918195007104333,-0.5918195007104333,-0.5918195007104333,-0.585959901693478,0,highway_0,0,606.3741249993368,930.3741249993368,llm_0,-9.5888831210285
61.0,ego_0,932.327068086733,-11.750000000000002,19.529430873961605,81.5504731920845,llm_1,-0.6005791860583836,-0.6005791860583836,-0.6005791860583836,-0.6005791860583836,-0.5946328574835391,0,highway_0,0,608.327068086733,932.327068086733,llm_0,-9.529419835280146
61.1,ego_0,934.2739797456316,-11.750000000000002,19.469116588986118,80.6035626370541,llm_1,-0.6091742782524296,-0.6091742782524296,-0.6091742782524296,-0.6091742782524296,-0.6031428497548674,0,highway_0,0,610.2739797456316,934.2739797456316,llm_0,-9.46910555030466
61.2,ego_0,936.2147765379108,-11.750000000000002,19.407967922792523,79.66276694864302,llm_1,-0.6176015285553101,-0.6176015285553101,-0.6176015285553101,-0.6176015285553101,-0.611486661935956,0,highway_0,0,612.2147765379108,936.2147765379108,llm_0,-9.407956884111064
61.3,ego_0,938.1493767187405,-11.750000000000002,19.346001808297373,78.72816787168142,llm_1,-0.6258577564010083,-0.6258577564010083,-0.6258577564010083,-0.6258577564010083,-0.6196611449514933,0,highway_0,0,614.1493767187405,938.1493767187405,llm_0,-9.345990769615915
61.4,ego_0,940.077700267365,-11.750000000000002,19.28323548624436,77.79984542692512,llm_1,-0.6339398527354364,-0.6339398527354364,-0.6339398527354364,-0.6339398527354364,-0.6276632205301169,0,highway_0,0,616.077700267365,940.077700267365,llm_0,-9.283224447562903
61.5,ego_0,941.9996689171446,-11.750000000000002,19.219686497797337,76.87787788101355,llm_1,-0.641844783314946,-0.641844783314946,-0.641844783314946,-0.641844783314946,-0.6354898844702461,0,highway_0,0,617.9996689171447,941.9996689171447,llm_0,-9.219675459115878
61.6,ego_0,943.9152061848259,-11.750000000000002,19.155372676811574,75.9623417172005,llm_1,-0.6495695919562059,-0.6495695919562059,-0.6495695919562059,-0.6495695919562059,-0.6431382098576321,0,highway_0,0,619.9152061848259,943.9152061848259,llm_0,-9.155361638130115
61.7,ego_0,945.8242373990049,-11.750000000000002,19.0903121417887,75.05331160688968,llm_1,-0.6571114037309995,-0.6571114037309995,-0.6571114037309995,-0.6571114037309995,-0.6506053502287301,0,highway_0,0,621.8242373990048,945.8242373990048,llm_0,-9.090301103107242
61.8,ego_0,947.726689727757,-11.750000000000002,19.024523287521415,74.15086038200559,llm_1,-0.6644674280995803,-0.6644674280995803,-0.6644674280995803,-0.6644674280995803,-0.6578885426728576,0,highway_0,0,623.7266897277569,947.7266897277569,llm_0,-9.024512248839956
61.9,ego_0,949.6224922054004,-11.750000000000002,18.958024776434648,73.2550590082302,llm_1,-0.6716349619763168,-0.6716349619763168,-0.6716349619763168,-0.6716349619763168,-0.6649851108676685,0,highway_0,0,625.6224922054004,949.6224922054004,llm_0,-8.95801373775319
62.0,ego_0,951.5115757583633,-11.750000000000002,18.890835529630543,72.36597655913522,llm_1,-0.6786113927214655,-0.6786113927214655,-0.6786113927214655,-0.6786113927214655,-0.671892468041051,0,highway_0,0,627.5115757583634,951.5115757583634,llm_0,-8.890824490949084
62.1,ego_0,953.3938732301278,-11.750000000000002,18.822974717645092,71.4836801912387,llm_1,-0.6853942010530523,-0.6853942010530523,-0.6853942010530523,-0.6853942010530523,-0.6786081198545091,0,highway_0,0,629.393873230128,953.393873230128,llm_0,-8.822963678963633
62.2,ego_0,955.2693194052205,-11.750000000000002,18.754461750924996,70.60823512001423,llm_1,-0.6919809638729734,-0.6919809638729734,-0.6919809638729734,-0.6919809638729734,-0.685129667200961,0,highway_0,0,631.2693194052205,955.2693194052205,llm_0,-8.754450712243537
62.3,ego_0,957.1378510322237,-11.750000000000002,18.685316270033745,69.73970459687894,llm_1,-0.6983693570016456,-0.6983693570016456,-0.6983693570016456,-0.6983693570016456,-0.6914548089125105,0,highway_0,0,633.1378510322238,957.1378510322238,llm_0,-8.685305231352286
62.4,ego_0,958.9994068457835,-11.750000000000002,18.615558135596544,68.8781498871873,llm_1,-0.7045571578157522,-0.7045571578157522,-0.7045571578157522,-0.7045571578157522,-0.6975813443720114,0,highway_0,0,634.9994068457835,958.9994068457835,llm_0,-8.615547096915085
62.5,ego_0,960.8539275875829,-11.750000000000002,18.545207417994188,68.02363024925592,llm_1,-0.7105422477837903,-0.7105422477837903,-0.7105422477837903,-0.7105422477837903,-0.7035071760235567,0,highway_0,0,636.8539275875829,960.8539275875829,llm_0,-8.54519637931273
62.6,ego_0,962.7013560262645,-11.750000000000002,18.474284386816525,67.17620291444234,llm_1,-0.7163226148944148,-0.7163226148944148,-0.7163226148944148,-0.7163226148944148,-0.7092303117766363,0,highway_0,0,638.7013560262645,962.7013560262645,llm_0,-8.474273348135066
62.7,ego_0,964.5416369762731,-11.750000000000002,18.402809500086537,66.33592306830178,llm_1,-0.7218963559728744,-0.7218963559728744,-0.7218963559728744,-0.7218963559728744,-0.7147488672998747,0,highway_0,0,640.5416369762731,964.5416369762731,llm_0,-8.402798461405078
62.8,ego_0,966.3747173155999,-11.750000000000002,18.330803393266635,65.50284383284315,llm_1,-0.7272616788810318,-0.7272616788810318,-0.7272616788810318,-0.7272616788810318,-0.7200610681990227,0,highway_0,0,642.3747173155998,966.3747173155998,llm_0,-8.330792354585176
62.9,ego_0,968.2005460024059,-11.750000000000002,18.258286868059027,64.67701624990525,llm_1,-0.7324169045968243,-0.7324169045968243,-0.7324169045968243,-0.7324169045968243,-0.7251652520760743,0,highway_0,0,644.2005460024058,968.2005460024058,llm_0,-8.258275829377569
63.0,ego_0,970.019074090507,-11.750000000000002,18.185280881012563,63.858489265672006,llm_1,-0.7373604691692879,-0.7373604691692879,-0.7373604691692879,-0.7373604691692879,-0.7300598704646433,0,highway_0,0,646.019074090507,970.019074090507,llm_0,-8.185269842331104
63.1,ego_0,971.8302547437019,-11.750000000000002,18.111806531948638,63.04730971634524,llm_1,-0.7420909255456589,-0.7420909255456589,-0.7420909255456589,-0.7420909255456589,-0.7347434906392536,0,highway_0,0,647.8302547437019,971.8302547437019,llm_0,-8.111795493267179
63.2,ego_0,973.6340432489238,-11.750000000000002,18.037885052219202,62.24352231499131,llm_1,-0.7466069452673154,-0.7466069452673154,-0.7466069452673154,-0.7466069452673154,-0.7392147972943519,0,highway_0,0,649.6340432489238,973.6340432489238,llm_0,-8.037874013537744
63.3,ego_0,975.4303970282049,-11.750000000000002,17.96353779281012,61.447169639578306,llm_1,-0.7509073200317486,-0.7509073200317486,-0.7509073200317486,-0.7509073200317486,-0.7434725940908393,0,highway_0,0,651.4303970282049,975.4303970282049,llm_0,-7.96352675412866
63.4,ego_0,977.2192756494352,-11.750000000000002,17.888786212303383,60.65829212221604,llm_1,-0.7549909631180098,-0.7549909631180098,-0.7549909631180098,-0.7549909631180098,-0.7475158050673514,0,highway_0,0,653.2192756494352,977.2192756494352,llm_0,-7.888775173621925
63.5,ego_0,979.0006408359066,-11.750000000000002,17.81365186471194,59.876928039612835,llm_1,-0.7588569106735827,-0.7588569106735827,-0.7588569106735827,-0.7588569106735827,-0.7513434759144388,0,highway_0,0,655.0006408359064,979.0006408359064,llm_0,-7.813640826030481
63.6,ego_0,980.7744564746265,-11.750000000000002,17.738156387200966,59.10311350476081,llm_1,-0.7625043228608483,-0.7625043228608483,-0.7625043228608483,-0.7625043228608483,-0.7549547751097307,0,highway_0,0,656.7744564746265,980.7744564746265,llm_0,-7.738145348519508
63.7,ego_0,982.5406886233975,-11.750000000000002,17.66232148770971,58.33688245985786,llm_1,-0.765932484861711,-0.765932484861711,-0.765932484861711,-0.765932484861711,-0.7583489949125521,0,highway_0,0,658.5406886233975,982.5406886233975,llm_0,-7.6623104490282525
63.8,ego_0,984.2993055166463,-11.750000000000002,17.586168932487986,57.57826667047709,llm_1,-0.7691408077394315,-0.7691408077394315,-0.7691408077394315,-0.7691408077394315,-0.7615255522172504,0,highway_0,0,660.2993055166463,984.2993055166463,llm_0,-7.5861578938065275
63.9,ego_0,986.0502775700023,-11.750000000000002,17.509720533561566,56.827295720989014,llm_1,-0.7721288291568639,-0.7721288291568639,-0.7721288291568639,-0.7721288291568639,-0.7644839892641997,0,highway_0,0,662.0502775700024,986.0502775700024,llm_0,-7.5097094948801075
64.0,ego_0,987.7935773836165,-11.750000000000002,17.432998136140686,56.083997011243014,llm_1,-0.7748962139508688,-0.7748962139508688,-0.7748962139508688,-0.7748962139508688,-0.7672239742088038,0,highway_0,0,663.7935773836165,987.7935773836165,llm_0,-7.432987097459227
64.1,ego_0,989.5291797442151,-11.750000000000002,17.356023605985946,55.34839575451247,llm_1,-0.7774427545628568,-0.7774427545628568,-0.7774427545628568,-0.7774427545628568,-0.7697453015473954,0,highway_0,0,665.5291797442151,989.5291797442151,llm_0,-7.356012567304488
64.2,ego_0,991.2570616258895,-11.750000000000002,17.278818816745762,54.62051497670598,llm_1,-0.7797683713258587,-0.7797683713258587,-0.7797683713258587,-0.7797683713258587,-0.7720478924018437,0,highway_0,0,667.2570616258896,991.2570616258896,llm_0,-7.278807778064303
64.3,ego_0,992.9772021896174,-11.750000000000002,17.201405637279546,53.90037551684611,llm_1,-0.7818731126087864,-0.7818731126087864,-0.7818731126087864,-0.7818731126087864,-0.7741317946621606,0,highway_0,0,668.9772021896175,992.9772021896175,llm_0,-7.201394598598087
64.4,ego_0,994.6895827815157,-11.750000000000002,17.12380591898064,53.18799602881609,llm_1,-0.7837571548189519,-0.7837571548189519,-0.7837571548189519,-0.7837571548189519,-0.7759971829890588,0,highway_0,0,670.6895827815156,994.6895827815156,llm_0,-7.123794880299181
64.5,ego_0,996.3941869298268,-11.750000000000002,17.04604148311291,52.48339298437281,llm_1,-0.7854208022641016,-0.7854208022641016,-0.7854208022641016,-0.7854208022641016,-0.7776443586773141,0,highway_0,0,672.3941869298269,996.3941869298269,llm_0,-7.04603044443145
64.6,ego_0,998.0910003406444,-11.750000000000002,16.968134108174727,51.78658067742333,llm_1,-0.7868644868756302,-0.7868644868756302,-0.7868644868756302,-0.7868644868756302,-0.7790737493818156,0,highway_0,0,674.0910003406444,998.0910003406444,llm_0,-6.968123069493268
64.7,ego_0,999.7800108923748,-11.750000000000002,16.89010551730395,51.09757122956103,llm_1,-0.7880887677948283,-0.7880887677948283,-0.7880887677948283,-0.7880887677948283,-0.7802859087077607,0,highway_0,0,675.7800108923748,999.7800108923748,llm_0,-6.890094478622492
64.8,ego_0,1001.4612086289485,-11.750000000000002,16.811977365737185,50.41637459685535,llm_1,-0.7890943308243437,-0.7890943308243437,-0.7890943308243437,-0.7890943308243437,-0.7812815156676578,0,highway_0,0,677.4612086289485,1001.4612086289485,llm_0,-6.8119663270557265
64.9,ego_0,1003.1345857517823,-11.750000000000002,16.73377122833647,49.74299857788969,llm_1,-0.7898819877472265,-0.7898819877472265,-0.7898819877472265,-0.7898819877472265,-0.7820613740071636,0,highway_0,0,679.1345857517822,1003.1345857517822,llm_0,-6.73376018965501
65.0,ego_0,1004.8001366105018,-11.750000000000002,16.65550858719626,49.07744882303814,llm_1,-0.7904526755161284,-0.7904526755161284,-0.7904526755161284,-0.7904526755161284,-0.7826264114020987,0,highway_0,0,680.8001366105018,1004.8001366105018,llm_0,-6.6554975485148
65.1,ego_0,1006.4578576924363,-11.750000000000002,16.577210819343236,48.419728844971814,llm_1,-0.7908074553155092,-0.7908074553155092,-0.7908074553155092,-0.7908074553155092,-0.78297767853023,0,highway_0,0,682.4578576924362,1006.4578576924362,llm_0,-6.577199780661777
65.2,ego_0,1008.1077476108904,-11.750000000000002,16.498899184541273,47.769840030385694,llm_1,-0.7909475114998407,-0.7909475114998407,-0.7909475114998407,-0.7909475114998407,-0.7831163480196324,0,highway_0,0,684.1077476108903,1008.1077476108903,llm_0,-6.498888145859814
65.3,ego_0,1009.7498070922117,-11.750000000000002,16.420594813213462,47.12778165293241,llm_1,-0.7908741504108574,-0.7908741504108574,-0.7908741504108574,-0.7908741504108574,-0.7830437132781043,0,highway_0,0,685.7498070922117,1009.7498070922117,llm_0,-6.420583774532004
0,llm_0,338.0,-4.8,21.3,1000.0,,,,,,0,0,highway_0,2,0.0,338.0,,-1022.3
0.1,llm_0,340.1250495049505,-4.81,21.250495049504952,1000.0,,-0.5,-0.5,-0.5,-0.5,-0.4950495049504866,0,highway_0,2,2.125049504950482,340.1250495049505,,-1022.2504950495049
0.2,llm_0,342.24514851485145,-4.83,21.200990099009903,1000.0,,-0.5,-0.5,-0.5,-0.5,-0.4950495049504866,0,highway_0,2,4.245148514851451,342.24514851485145,,-1022.2009900990099
0.3,llm_0,344.36029702970296,-4.859999999999999,21.151485148514855,1000.0,,-0.5,-0.5,-0.5,-0.5,-0.4950495049504866,0,highway_0,2,6.360297029702963,344.36029702970296,,-1022.1514851485149
0.4,llm_0,346.46059405940593,-4.8999999999999995,21.00297029702971,1000.0,,-1.5,-1.5,-1.5,-1.5,-1.4851485148514598,0,highway_0,2,8.460594059405935,346.46059405940593,,-1022.0029702970297
0.5,llm_0,348.54603960396037,-4.95,20.854455445544563,1000.0,,-1.5,-1.5,-1.5,-1.5,-1.4851485148514598,0,highway_0,2,10.546039603960367,348.54603960396037,,-1021.8544554455445
0.6,llm_0,350.6166336633663,-5.01,20.705940594059417,1000.0,,-1.5,-1.5,-1.5,-1.5,-1.4851485148514598,0,highway_0,2,12.616633663366315,350.6166336633663,,-1021.7059405940594
0.7,llm_0,352.6723762376237,-5.08,20.55742574257427,1000.0,,-1.5,-1.5,-1.5,-1.5,-1.4851485148514598,0,highway_0,2,14.672376237623723,352.6723762376237,,-1021.5574257425743
0.8,llm_0,354.71326732673265,-5.16,20.408910891089125,1000.0,,-1.5,-1.5,-1.5,-1.5,-1.4851485148514598,0,highway_0,2,16.713267326732648,354.71326732673265,,-1021.4089108910891
0.9,llm_0,356.73930693069303,-5.25,20.26039603960398,1000.0,,-1.5,-1.5,-1.5,-1.5,-1.4851485148514598,0,highway_0,2,18.739306930693033,356.73930693069303,,-1021.260396039604
1.0,llm_0,358.75049504950493,-5.34,20.111881188118833,1000.0,,-1.5,-1.5,-1.5,-1.5,-1.4851485148514598,0,highway_0,2,20.750495049504934,358.75049504950493,,-1021.1118811881188
1.1,llm_0,360.7468316831683,-5.42,19.963366336633687,1000.0,,-1.5,-1.5,-1.5,-1.5,-1.4851485148514598,0,highway_0,2,22.746831683168296,360.7468316831683,,-1020.9633663366337
1.2,llm_0,362.7283168316832,-5.49,19.81485148514854,1000.0,,-1.5,-1.5,-1.5,-1.5,-1.4851485148514598,0,highway_0,2,24.728316831683173,362.7283168316832,,-1020.8148514851486
1.3,llm_0,364.6949504950495,-5.55,19.666336633663395,1000.0,,-1.5,-1.5,-1.5,-1.5,-1.4851485148514598,0,highway_0,2,26.69495049504951,364.6949504950495,,-1020.6663366336634
1.4,llm_0,366.6467326732673,-5.6,19.51782178217825,1000.0,,-1.5,-1.5,-1.5,-1.5,-1.4851485148514598,0,highway_0,2,28.64673267326731,366.6467326732673,,-1020.5178217821782
1.5,llm_0,368.5836633663366,-5.640000000000001,19.369306930693103,1000.0,,-1.5,-1.5,-1.5,-1.5,-1.4851485148514598,0,highway_0,2,30.583663366336623,368.5836633663366,,-1020.3693069306931
1.6,llm_0,370.5057425742574,-5.67,19.220792079207957,1000.0,,-1.5,-1.5,-1.5,-1.5,-1.4851485148514598,0,highway_0,2,32.5057425742574,370.5057425742574,,-1020.220792079208
1.7,llm_0,372.4129702970297,-5.69,19.07227722772281,1000.0,,-1.5,-1.5,-1.5,-1.5,-1.4851485148514598,0,highway_0,2,34.41297029702969,372.4129702970297,,-1020.0722772277228
1.8,llm_0,374.30534653465344,-5.7,18.923762376237665,1000.0,,-1.5,-1.5,-1.5,-1.5,-1.4851485148514598,0,highway_0,2,36.30534653465344,374.30534653465344,,-1019.9237623762376
1.9,llm_0,376.1828712871287,-5.7,18.77524752475252,1000.0,,-1.5,-1.5,-1.5,-1.5,-1.4851485148514598,0,highway_0,2,38.182871287128705,376.1828712871287,,-1019.7752475247526
2.0,llm_0,378.04554455445543,-5.7,18.626732673267373,1000.0,,-1.5,-1.5,-1.5,-1.5,-1.4851485148514598,0,highway_0,2,40.04554455445543,378.04554455445543,,-1019.6267326732674
2.1,llm_0,379.8933663366337,-5.7,18.478217821782227,1000.0,,-1.5,-1.5,-1.5,-1.5,-1.4851485148514598,0,highway_0,2,41.893366336633676,379.8933663366337,,-1019.4782178217822
2.2,llm_0,381.7263366336634,-5.7,18.32970297029708,1000.0,,-1.5,-1.5,-1.5,-1.5,-1.4851485148514598,0,highway_0,2,43.72633663366338,381.7263366336634,,-1019.329702970297
2.3,llm_0,383.5444554455446,-5.7,18.181188118811935,1000.0,,-1.5,-1.5,-1.5,-1.5,-1.4851485148514598,0,highway_0,2,45.5444554455446,383.5444554455446,,-1019.181188118812
2.4,llm_0,385.3477227722773,-5.7,18.03267326732679,1000.0,,-1.5,-1.5,-1.5,-1.5,-1.4851485148514598,0,highway_0,2,47.34772277227728,385.3477227722773,,-1019.0326732673268
2.5,llm_0,387.1361386138614,-5.7,17.884158415841643,1000.0,,-1.5,-1.5,-1.5,-1.5,-1.4851485148514598,0,highway_0,2,49.13613861386142,387.1361386138614,,-1018.8841584158416
2.6,llm_0,388.9097029702971,-5.7,17.735643564356497,1000.0,,-1.5,-1.5,-1.5,-1.5,-1.4851485148514598,0,highway_0,2,50.909702970297076,388.9097029702971,,-1018.7356435643565
2.7,llm_0,390.6684158415842,-5.7,17.58712871287135,1000.0,,-1.5,-1.5,-1.5,-1.5,-1.4851485148514598,0,highway_0,2,52.66841584158419,390.6684158415842,,-1018.5871287128714
2.8,llm_0,392.4122772277228,-5.7,17.438613861386205,1000.0,,-1.5,-1.5,-1.5,-1.5,-1.4851485148514598,0,highway_0,2,54.412277227722825,392.4122772277228,,-1018.4386138613862
2.9,llm_0,394.1412871287129,-5.7,17.29009900990106,1000.0,,-1.5,-1.5,-1.5,-1.5,-1.4851485148514598,0,highway_0,2,56.14128712871292,394.1412871287129,,-1018.290099009901
3.0,llm_0,395.8554455445545,-5.7,17.141584158415913,1000.0,,-1.5,-1.5,-1.5,-1.5,-1.4851485148514598,0,highway_0,2,57.85544554455453,395.8554455445545,,-1018.1415841584159
3.1,llm_0,397.5547524752476,-5.7,16.993069306930767,1000.0,,-1.5,-1.5,-1.5,-1.5,-1.4851485148514598,0,highway_0,2,59.5547524752476,397.5547524752476,,-1017.9930693069308
3.2,llm_0,399.2392079207922,-5.71,16.84455445544562,1000.0,,-1.5,-1.5,-1.5,-1.5,-1.4851485148514598,0,highway_0,2,61.23920792079218,399.2392079207922,,-1017.8445544554456
3.3,llm_0,400.9088118811882,-5.73,16.696039603960475,1000.0,,-1.5,-1.5,-1.5,-1.5,-1.4851485148514598,0,highway_0,2,62.90881188118823,400.9088118811882,,-1017.6960396039605
3.4,llm_0,402.56356435643573,-5.76,16.54752475247533,1000.0,,-1.5,-1.5,-1.5,-1.5,-1.4851485148514598,0,highway_0,2,64.56356435643573,402.56356435643573,,-1017.5475247524753
3.5,llm_0,404.20346534653476,-5.800000000000001,16.399009900990183,1000.0,,-1.5,-1.5,-1.5,-1.5,-1.4851485148514598,0,highway_0,2,66.20346534653476,404.20346534653476,,-1017.3990099009902
3.6,llm_0,405.82851485148524,-5.8500000000000005,16.250495049505037,1000.0,,-1.5,-1.5,-1.5,-1.5,-1.4851485148514598,0,highway_0,2,67.82851485148524,405.82851485148524,,-1017.250495049505
3.7,llm_0,407.43871287128724,-5.91,16.10198019801989,1000.0,,-1.5,-1.5,-1.5,-1.5,-1.4851485148514598,0,highway_0,2,69.43871287128724,407.43871287128724,,-1017.1019801980199
3.8,llm_0,409.0340594059407,-5.98,15.953465346534742,1000.0,,-1.5,-1.5,-1.5,-1.5,-1.4851485148514953,0,highway_0,2,71.0340594059407,409.0340594059407,,-1016.9534653465347
3.9,llm_0,410.61455445544567,-6.0600000000000005,15.804950495049592,1000.0,,-1.5,-1.5,-1.5,-1.5,-1.4851485148514953,0,highway_0,2,72.61455445544567,410.61455445544567,,-1016.8049504950496
4.0,llm_0,412.1801980198021,-6.15,15.656435643564443,1000.0,,-1.5,-1.5,-1.5,-1.5,-1.4851485148514953,0,highway_0,2,74.1801980198021,412.1801980198021,,-1016.6564356435645
4.1,llm_0,413.73099009901006,-6.250000000000001,15.507920792079293,1000.0,,-1.5,-1.5,-1.5,-1.5,-1.4851485148514953,0,highway_0,2,75.73099009901006,413.73099009901006,,-1016.5079207920793
4.2,llm_0,415.26693069306947,-6.3500000000000005,15.359405940594144,1000.0,,-1.5,-1.5,-1.5,-1.5,-1.4851485148514953,0,highway_0,2,77.26693069306947,415.26693069306947,,-1016.3594059405941
4.3,llm_0,416.78801980198034,-6.450000000000001,15.210891089108994,1000.0,,-1.5,-1.5,-1.5,-1.5,-1.4851485148514953,0,highway_0,1,78.78801980198034,416.78801980198034,,-1016.2108910891089
4.4,llm_0,418.2942574257427,-6.550000000000001,15.062376237623845,1000.0,,-1.5,-1.5,-1.5,-1.5,-1.4851485148514953,0,highway_0,1,80.29425742574273,418.2942574257427,,-1016.0623762376239
4.5,llm_0,419.7856435643566,-6.650000000000001,14.913861386138695,1000.0,,-1.5,-1.5,-1.5,-1.5,-1.4851485148514953,0,highway_0,1,81.78564356435658,419.7856435643566,,-1015.9138613861387
4.6,llm_0,421.26217821782194,-6.750000000000001,14.765346534653546,1000.0,,-1.5,-1.5,-1.5,-1.5,-1.4851485148514953,0,highway_0,1,83.26217821782194,421.26217821782194,,-1015.7653465346535
4.7,llm_0,422.72386138613876,-6.850000000000001,14.616831683168396,1000.0,,-1.5,-1.5,-1.5,-1.5,-1.4851485148514953,0,highway_0,1,84.72386138613876,422.72386138613876,,-1015.6168316831684
4.8,llm_0,424.1706930693071,-6.950000000000001,14.468316831683246,1000.0,,-1.5,-1.5,-1.5,-1.5,-1.4851485148514953,0,highway_0,1,86.1706930693071,424.1706930693071,,-1015.4683168316833
4.9,llm_0,425.6026732673269,-7.050000000000002,14.319801980198097,1000.0,,-1.5,-1.5,-1.5,-1.5,-1.4851485148514953,0,highway_0,1,87.6026732673269,425.6026732673269,,-1015.3198019801981
5.0,llm_0,427.0198019801982,-7.150000000000001,14.171287128712947,1000.0,,-1.5,-1.5,-1.5,-1.5,-1.4851485148514953,0,highway_0,1,89.01980198019822,427.0198019801982,,-1015.171287128713
5.1,llm_0,428.422079207921,-7.250000000000001,14.022772277227798,1000.0,,-1.5,-1.5,-1.5,-1.5,-1.4851485148514953,0,highway_0,1,90.422079207921,428.422079207921,,-1015.0227722772278
5.2,llm_0,429.80950495049524,-7.350000000000001,13.874257425742648,1000.0,,-1.5,-1.5,-1.5,-1.5,-1.4851485148514953,0,highway_0,1,91.80950495049524,429.80950495049524,,-1014.8742574257426
5.3,llm_0,431.182079207921,-7.450000000000001,13.725742574257499,1000.0,,-1.5,-1.5,-1.5,-1.5,-1.4851485148514953,0,highway_0,1,93.18207920792099,431.182079207921,,-1014.7257425742575
5.4,llm_0,432.5398019801982,-7.550000000000001,13.57722772277235,7.573536725289841,llm_1,-1.5,-1.5,-1.5,-1.5,-1.4851485148514953,0,highway_0,1,94.5398019801982,432.5398019801982,ego_0,3.3897280999659927
5.5,llm_0,433.88267326732694,-7.650000000000001,13.4287128712872,7.909150984782855,llm_1,-1.5,-1.5,-1.5,-1.5,-1.4851485148514953,0,highway_0,1,95.88267326732694,433.88267326732694,ego_0,3.356142594930475
5.6,llm_0,435.2106930693071,-7.750000000000001,13.28019801980205,8.242039900335385,llm_1,-1.5,-1.5,-1.5,-1.5,-1.4851485148514953,0,highway_0,1,97.21069306930713,435.2106930693071,ego_0,3.328889155525335
5.7,llm_0,436.52386138613883,-7.850000000000001,13.1316831683169,8.57278515019948,llm_1,-1.5,-1.5,-1.5,-1.5,-1.4851485148514953,0,highway_0,1,98.52386138613883,436.52386138613883,ego_0,3.307452498641606
5.8,llm_0,437.822178217822,-7.950000000000001,12.983168316831751,8.90191986805553,llm_1,-1.5,-1.5,-1.5,-1.5,-1.4851485148514953,0,highway_0,1,99.822178217822,437.822178217822,ego_0,3.291347178559601
5.9,llm_0,439.1056435643567,-8.05,12.834653465346602,9.229931592115918,llm_1,-1.5,-1.5,-1.5,-1.5,-1.4851485148514953,0,highway_0,1,101.10564356435668,439.1056435643567,ego_0,3.2801172406062413
6.0,llm_0,440.3742574257428,-8.15,12.686138613861452,9.55726512058959,llm_1,-1.5,-1.5,-1.5,-1.5,-1.4851485148514953,0,highway_0,1,102.37425742574283,440.3742574257428,ego_0,3.2733352847346406
6.1,llm_0,441.62801980198043,-8.250000000000002,12.537623762376302,9.884325237737357,llm_1,-1.5,-1.5,-1.5,-1.5,-1.4851485148514953,0,highway_0,1,103.62801980198043,441.62801980198043,ego_0,3.2706011714780185
6.2,llm_0,442.86693069306955,-8.350000000000001,12.389108910891153,10.211479290757552,llm_1,-1.5,-1.5,-1.5,-1.5,-1.4851485148514953,0,highway_0,1,104.86693069306955,442.86693069306955,ego_0,3.2715405302030476
6.3,llm_0,444.0909900990101,-8.450000000000001,12.240594059406003,10.539059608620619,llm_1,-1.5,-1.5,-1.5,-1.5,-1.4851485148514953,0,highway_0,1,106.09099009901013,444.0909900990101,ego_0,3.2758031786275037
6.4,llm_0,445.3001980198022,-8.55,12.092079207920854,10.86736576129806,llm_1,-1.5,-1.5,-1.5,-1.5,-1.4851485148514953,0,highway_0,1,107.30019801980222,445.3001980198022,ego_0,3.2830615267768177
6.5,llm_0,446.4945544554458,-8.65,11.943564356435704,11.19666666264402,llm_1,-1.5,-1.5,-1.5,-1.5,-1.4851485148514953,0,highway_0,1,108.49455445544578,446.4945544554458,ego_0,3.2930090134572865
6.6,llm_0,447.67405940594085,-8.750000000000002,11.795049504950555,11.527202523221604,llm_1,-1.5,-1.5,-1.5,-1.5,-1.4851485148514953,0,highway_0,1,109.67405940594085,447.67405940594085,ego_0,3.305358605777398
6.7,llm_0,448.8387128712874,-8.850000000000001,11.646534653465405,11.859186661225692,llm_1,-1.5,-1.5,-1.5,-1.5,-1.4851485148514953,0,highway_0,1,110.83871287128738,448.8387128712874,ego_0,3.3198413800407494
6.8,llm_0,449.98851485148543,-8.950000000000001,11.498019801980256,12.192807180615944,llm_1,-1.5,-1.5,-1.5,-1.5,-1.4851485148514953,0,highway_0,1,111.98851485148543,449.98851485148543,ego_0,3.336205193902657
6.9,llm_0,451.12346534653494,-9.05,11.349504950495106,12.528228526008206,llm_1,-1.5,-1.5,-1.5,-1.5,-1.4851485148514953,0,highway_0,1,113.12346534653494,451.12346534653494,ego_0,3.3542134539223465
7.0,llm_0,452.2435643564359,-9.150000000000002,11.200990099009957,12.865592923885174,llm_1,-1.5,-1.5,-1.5,-1.5,-1.4851485148514953,0,highway_0,1,114.24356435643591,452.2435643564359,ego_0,3.373643978769657
7.1,llm_0,453.34881188118845,-9.250000000000002,11.052475247524807,13.205021719465378,llm_1,-1.5,-1.5,-1.5,-1.5,-1.4851485148514953,0,highway_0,1,115.3488118811884,453.3488118811884,ego_0,3.3942879558022376
7.2,llm_0,454.4392079207924,-9.350000000000001,10.903960396039658,13.546616618177381,llm_1,-1.5,-1.5,-1.5,-1.5,-1.4851485148514953,0,highway_0,1,116.43920792079234,454.43920792079234,ego_0,3.415948987119684
7.3,llm_0,455.51475247524775,-9.450000000000001,10.755445544554508,13.890460840201627,llm_1,-1.5,-1.5,-1.5,-1.5,-1.4851485148514953,0,highway_0,1,117.5147524752478,455.5147524752478,ego_0,3.4384422202426865
7.4,llm_0,456.5754455445548,-9.55,10.606930693069359,14.236620196007323,llm_1,-1.5,-1.5,-1.5,-1.5,-1.4851485148514953,0,highway_0,1,118.57544554455473,456.5754455445547,ego_0,3.4615935580567374
7.5,llm_0,457.62128712871316,-9.650000000000002,10.458415841584209,14.585144090253152,llm_1,-1.5,-1.5,-1.5,-1.5,-1.4851485148514953,0,highway_0,0,119.62128712871316,457.62128712871316,ego_0,3.485238942458313
7.6,llm_0,458.6522772277231,-9.750000000000004,10.30990099009906,1000.0,,-1.5,-1.5,-1.5,-1.5,-1.4851485148514953,0,highway_0,0,120.65227722772306,458.65227722772306,,-1011.3099009900991
7.7,llm_0,459.6684158415845,-9.850000000000003,10.16138613861391,1000.0,,-1.5,-1.5,-1.5,-1.5,-1.4851485148514953,0,highway_0,0,121.66841584158448,459.6684158415845,,-1011.1613861386139
7.8,llm_0,460.66970297029735,-9.950000000000003,10.01287128712876,1000.0,,-1.5,-1.5,-1.5,-1.5,-1.4851485148514953,0,highway_0,0,122.66970297029735,460.66970297029735,,-1011.0128712871287
7.9,llm_0,461.6561386138617,-10.050000000000002,9.86435643564361,1000.0,,-1.5,-1.5,-1.5,-1.5,-1.4851485148514953,0,highway_0,0,123.65613861386169,461.6561386138617,,-1010.8643564356436
8.0,llm_0,462.62772277227754,-10.150000000000002,9.715841584158461,1000.0,,-1.5,-1.5,-1.5,-1.5,-1.4851485148514953,0,highway_0,0,124.62772277227754,462.62772277227754,,-1010.7158415841585
8.1,llm_0,463.58445544554485,-10.250000000000004,9.567326732673312,1000.0,,-1.5,-1.5,-1.5,-1.5,-1.4851485148514953,0,highway_0,0,125.58445544554485,463.58445544554485,,-1010.5673267326733
8.2,llm_0,464.5263366336637,-10.350000000000003,9.418811881188162,1000.0,,-1.5,-1.5,-1.5,-1.5,-1.4851485148514953,0,highway_0,0,126.52633663366368,464.5263366336637,,-1010.4188118811882
8.3,llm_0,465.45336633663396,-10.450000000000003,9.270297029703013,1000.0,,-1.5,-1.5,-1.5,-1.5,-1.4851485148514953,0,highway_0,0,127.45336633663396,465.45336633663396,,-1010.270297029703
8.4,llm_0,466.3655445544557,-10.550000000000002,9.121782178217863,1000.0,,-1.5,-1.5,-1.5,-1.5,-1.4851485148514953,0,highway_0,0,128.36554455445577,466.36554455445577,,-1010.1217821782178
8.5,llm_0,467.26287128712903,-10.650000000000002,8.973267326732714,1000.0,,-1.5,-1.5,-1.5,-1.5,-1.4851485148514953,0,highway_0,0,129.26287128712903,467.26287128712903,,-1009.9732673267328
8.6,llm_0,468.1453465346538,-10.750000000000004,8.824752475247564,1000.0,,-1.5,-1.5,-1.5,-1.5,-1.4851485148514953,0,highway_0,0,130.1453465346538,468.1453465346538,,-1009.8247524752476
8.7,llm_0,469.01297029703005,-10.850000000000003,8.676237623762415,1000.0,,-1.5,-1.5,-1.5,-1.5,-1.4851485148514953,0,highway_0,0,131.01297029703005,469.01297029703005,,-1009.6762376237624
8.8,llm_0,469.86574257425775,-10.950000000000003,8.527722772277265,1000.0,,-1.5,-1.5,-1.5,-1.5,-1.4851485148514953,0,highway_0,0,131.86574257425775,469.86574257425775,,-1009.5277227722772
8.9,llm_0,470.703663366337,-11.050000000000002,8.379207920792116,1000.0,,-1.5,-1.5,-1.5,-1.5,-1.4851485148514953,0,highway_0,0,132.70366336633697,470.70366336633697,,-1009.3792079207922
9.0,llm_0,471.5267326732677,-11.150000000000002,8.230693069306966,1000.0,,-1.5,-1.5,-1.5,-1.5,-1.4851485148514953,0,highway_0,0,133.52673267326765,471.52673267326765,,-1009.230693069307
9.1,llm_0,472.3349504950498,-11.250000000000004,8.082178217821816,1000.0,,-1.5,-1.5,-1.5,-1.5,-1.4851485148514953,0,highway_0,0,134.33495049504984,472.33495049504984,,-1009.0821782178218
9.2,llm_0,473.12831683168355,-11.350000000000003,7.933663366336668,1000.0,,-1.5,-1.5,-1.5,-1.5,-1.4851485148514865,0,highway_0,0,135.1283168316835,473.1283168316835,,-1008.9336633663366
9.3,llm_0,473.90683168316866,-11.450000000000003,7.785148514851519,1000.0,,-1.5,-1.5,-1.5,-1.5,-1.4851485148514865,0,highway_0,0,135.90683168316866,473.90683168316866,,-1008.7851485148515
9.4,llm_0,474.67049504950535,-11.540000000000003,7.6366336633663705,1000.0,,-1.5,-1.5,-1.5,-1.5,-1.4851485148514865,0,highway_0,0,136.6704950495053,474.6704950495053,,-1008.6366336633664
9.5,llm_0,475.41930693069344,-11.620000000000003,7.488118811881222,1000.0,,-1.5,-1.5,-1.5,-1.5,-1.4851485148514865,0,highway_0,0,137.41930693069344,475.41930693069344,,-1008.4881188118812
9.6,llm_0,476.15326732673304,-11.690000000000003,7.339603960396073,1000.0,,-1.5,-1.5,-1.5,-1.5,-1.4851485148514865,0,highway_0,0,138.15326732673304,476.15326732673304,,-1008.3396039603961
9.7,llm_0,476.87237623762417,-11.750000000000004,7.191089108910925,1000.0,,-1.5,-1.5,-1.5,-1.5,-1.4851485148514865,0,highway_0,0,138.8723762376241,476.8723762376241,,-1008.1910891089109
9.8,llm_0,477.5766336633667,-11.800000000000002,7.042574257425776,1000.0,,-1.5,-1.5,-1.5,-1.5,-1.4851485148514865,0,highway_0,0,139.5766336633667,477.5766336633667,,-1008.0425742574258
9.9,llm_0,478.26603960396073,-11.840000000000003,6.894059405940627,1000.0,,-1.5,-1.5,-1.5,-1.5,-1.4851485148514865,0,highway_0,0,140.26603960396073,478.26603960396073,,-1007.8940594059407
10.0,llm_0,478.9405940594063,-11.870000000000003,6.745544554455479,1000.0,,-1.5,-1.5,-1.5,-1.5,-1.4851485148514865,0,highway_0,0,140.9405940594063,478.9405940594063,,-1007.7455445544555
10.1,llm_0,479.6002970297033,-11.890000000000002,6.59702970297033,1000.0,,-1.5,-1.5,-1.5,-1.5,-1.4851485148514865,0,highway_0,0,141.6002970297033,479.6002970297033,,-1007.5970297029703
10.2,llm_0,480.2451485148518,-11.899500000000002,6.448514851485181,1000.0,,-1.5,-1.5,-1.5,-1.5,-1.4851485148514865,0,highway_0,0,142.24514851485185,480.24514851485185,,-1007.4485148514851
10.3,llm_0,480.87514851485184,-11.899500000000002,6.300000000000033,1000.0,,-1.5,-1.5,-1.5,-1.5,-1.4851485148514865,0,highway_0,0,142.87514851485184,480.87514851485184,,-1007.3000000000001
10.4,llm_0,481.4902970297034,-11.899500000000002,6.151485148514884,1000.0,,-1.5,-1.5,-1.5,-1.5,-1.4851485148514865,0,highway_0,0,143.49029702970336,481.49029702970336,,-1007.1514851485149
10.5,llm_0,482.0905940594064,-11.899500000000002,6.002970297029735,1000.0,,-1.5,-1.5,-1.5,-1.5,-1.4851485148514865,0,highway_0,0,144.09059405940633,482.0905940594063,,-1007.0029702970297
10.6,llm_0,482.67603960396076,-11.899500000000002,5.854455445544587,1000.0,,-1.5,-1.5,-1.5,-1.5,-1.4851485148514865,0,highway_0,0,144.67603960396076,482.67603960396076,,-1006.8544554455445
10.7,llm_0,483.24663366336677,-11.899500000000002,5.705940594059438,1000.0,,-1.5,-1.5,-1.5,-1.5,-1.4851485148514865,0,highway_0,0,145.2466336633667,483.2466336633667,,-1006.7059405940595
10.8,llm_0,483.80237623762406,-11.899500000000002,5.5574257425742895,1000.0,,-1.5,-1.5,-1.5,-1.5,-1.4851485148514865,0,highway_0,0,145.80237623762412,483.8023762376241,,-1006.5574257425743
10.9,llm_0,484.34326732673304,-11.899500000000002,5.408910891089141,1000.0,,-1.5,-1.5,-1.5,-1.5,-1.4851485148514865,0,highway_0,0,146.34326732673304,484.34326732673304,,-1006.4089108910891
11.0,llm_0,484.86930693069337,-11.899500000000002,5.260396039603992,1000.0,,-1.5,-1.5,-1.5,-1.5,-1.4851485148514865,0,highway_0,0,146.86930693069343,484.8693069306934,,-1006.260396039604
11.1,llm_0,485.3804950495054,-11.899500000000002,5.1118811881188435,1000.0,,-1.5,-1.5,-1.5,-1.5,-1.4851485148514865,0,highway_0,0,147.38049504950533,485.3804950495053,,-1006.1118811881188
11.2,llm_0,485.87683168316863,-11.899500000000002,4.963366336633695,1000.0,,-1.5,-1.5,-1.5,-1.5,-1.4851485148514865,0,highway_0,0,147.8768316831687,485.8768316831687,,-1005.9633663366337
11.3,llm_0,486.35831683168357,-11.899500000000002,4.814851485148546,1000.0,,-1.5,-1.5,-1.5,-1.5,-1.4851485148514865,0,highway_0,0,148.35831683168357,486.35831683168357,,-1005.8148514851486
11.4,llm_0,486.8249504950499,-11.899500000000002,4.666336633663398,1000.0,,-1.5,-1.5,-1.5,-1.5,-1.4851485148514865,0,highway_0,0,148.8249504950499,486.8249504950499,,-1005.6663366336634
11.5,llm_0,487.27673267326765,-11.899500000000002,4.517821782178249,1000.0,,-1.5,-1.5,-1.5,-1.5,-1.4851485148514865,0,highway_0,0,149.2767326732677,487.2767326732677,,-1005.5178217821782
11.6,llm_0,487.713663366337,-11.899500000000002,4.3693069306931,1000.0,,-1.5,-1.5,-1.5,-1.5,-1.4851485148514865,0,highway_0,0,149.71366336633702,487.713663366337,,-1005.3693069306931
11.7,llm_0,488.1357425742578,-11.899500000000002,4.220792079207952,1000.0,,-1.5,-1.5,-1.5,-1.5,-1.4851485148514865,0,highway_0,0,150.1357425742578,488.1357425742578,,-1005.220792079208
11.8,llm_0,488.54297029703014,-11.899500000000002,4.072277227722803,1000.0,,-1.5,-1.5,-1.5,-1.5,-1.4851485148514865,0,highway_0,0,150.54297029703008,488.5429702970301,,-1005.0722772277228
11.9,llm_0,488.93534653465383,-11.899500000000002,3.9237623762376543,1000.0,,-1.5,-1.5,-1.5,-1.5,-1.4851485148514865,0,highway_0,0,150.93534653465383,488.93534653465383,,-1004.9237623762376
12.0,llm_0,489.3128712871291,-11.899500000000002,3.7752475247525057,1000.0,,-1.5,-1.5,-1.5,-1.5,-1.4851485148514865,0,highway_0,0,151.3128712871291,489.3128712871291,,-1004.7752475247526
12.1,llm_0,489.6755445544559,-11.899500000000002,3.626732673267357,1000.0,,-1.5,-1.5,-1.5,-1.5,-1.4851485148514865,0,highway_0,0,151.67554455445583,489.6755445544558,,-1004.6267326732674
12.2,llm_0,490.023366336634,-11.899500000000002,3.4782178217822084,1000.0,,-1.5,-1.5,-1.5,-1.5,-1.4851485148514865,0,highway_0,0,152.02336633663407,490.02336633663407,,-1004.4782178217822
12.3,llm_0,490.3563366336637,-11.899500000000002,3.3297029702970597,1000.0,,-1.5,-1.5,-1.5,-1.5,-1.4851485148514865,0,highway_0,0,152.35633663366377,490.3563366336638,,-1004.329702970297
12.4,llm_0,490.67445544554494,-11.899500000000002,3.181188118811911,1000.0,,-1.5,-1.5,-1.5,-1.5,-1.4851485148514865,0,highway_0,0,152.67445544554494,490.67445544554494,,-1004.1811881188119
12.5,llm_0,490.9777227722776,-11.899500000000002,3.0326732673267625,1000.0,,-1.5,-1.5,-1.5,-1.5,-1.4851485148514865,0,highway_0,0,152.97772277227762,490.9777227722776,,-1004.0326732673268
12.6,llm_0,491.26613861386176,-11.899500000000002,2.884158415841614,1000.0,,-1.5,-1.5,-1.5,-1.5,-1.4851485148514865,0,highway_0,0,153.26613861386176,491.26613861386176,,-1003.8841584158416
12.7,llm_0,491.5397029702974,-11.899500000000002,2.735643564356465,1000.0,,-1.5,-1.5,-1.5,-1.5,-1.4851485148514865,0,highway_0,0,153.5397029702974,491.5397029702974,,-1003.7356435643565
12.8,llm_0,491.79841584158453,-11.899500000000002,2.5871287128713165,1000.0,,-1.5,-1.5,-1.5,-1.5,-1.4851485148514865,0,highway_0,0,153.79841584158453,491.79841584158453,,-1003.5871287128713
12.9,llm_0,492.0422772277231,-11.899500000000002,2.438613861386168,1000.0,,-1.5,-1.5,-1.5,-1.5,-1.4851485148514865,0,highway_0,0,154.04227722772316,492.04227722772316,,-1003.4386138613862
13.0,llm_0,492.27128712871325,-11.899500000000002,2.2900990099010192,1000.0,,-1.5,-1.5,-1.5,-1.5,-1.4851485148514865,0,highway_0,0,154.27128712871325,492.27128712871325,,-1003.290099009901
13.1,llm_0,492.4854455445549,-11.899500000000002,2.1415841584158706,43.66726703630002,llm_1,-1.5,-1.5,-1.5,-1.5,-1.4851485148514865,0,highway_0,0,154.48544554455486,492.48544554455486,ego_0,8.164565885155985
13.2,llm_0,492.684752475248,-11.899500000000002,1.9930693069307222,44.49730580950836,llm_1,-1.5,-1.5,-1.5,-1.5,-1.4851485148514842,0,highway_0,0,154.68475247524793,492.68475247524793,ego_0,8.300387732085598
13.3,llm_0,492.86920792079246,-11.899500000000002,1.8445544554455735,45.34098169493632,llm_1,-1.5,-1.5,-1.5,-1.5,-1.4851485148514865,0,highway_0,0,154.86920792079246,492.86920792079246,ego_0,8.436758854279192
13.4,llm_0,493.03881188118856,-11.899500000000002,1.6960396039604249,46.198347053332554,llm_1,-1.5,-1.5,-1.5,-1.5,-1.4851485148514865,0,highway_0,0,155.0388118811885,493.0388118811885,ego_0,8.573653583960477
13.5,llm_0,493.19356435643596,-11.899500000000002,1.5475247524752762,47.069451814371405,llm_1,-1.5,-1.5,-1.5,-1.5,-1.4851485148514865,0,highway_0,0,155.193564356436,493.193564356436,ego_0,8.711047610392141
13.6,llm_0,493.33346534653504,-11.899500000000002,1.3990099009901276,47.95434360388208,llm_1,-1.5,-1.5,-1.5,-1.5,-1.4851485148514865,0,highway_0,0,155.33346534653504,493.33346534653504,ego_0,8.848917895102343
13.7,llm_0,493.45851485148546,-11.899500000000002,1.250495049504979,48.853067863228944,llm_1,-1.5,-1.5,-1.5,-1.5,-1.4851485148514865,0,highway_0,0,155.45851485148552,493.4585148514855,ego_0,8.987242593469777
13.8,llm_0,493.5687128712876,-11.899500000000002,1.1019801980198303,49.76566796143925,llm_1,-1.5,-1.5,-1.5,-1.5,-1.4851485148514865,0,highway_0,0,155.56871287128752,493.5687128712875,ego_0,9.12600098210363
13.9,llm_0,493.664059405941,-11.899500000000002,0.9534653465346817,50.69218530059061,llm_1,-1.5,-1.5,-1.5,-1.5,-1.4851485148514854,0,highway_0,0,155.66405940594098,493.664059405941,ego_0,9.265173391512324
14.0,llm_0,493.74455445544595,-11.899500000000002,0.8049504950495332,51.63265941495115,llm_1,-1.5,-1.5,-1.5,-1.5,-1.4851485148514854,0,highway_0,0,155.74455445544595,493.74455445544595,ego_0,9.404741143605593
14.1,llm_0,493.8101980198024,-11.899500000000002,0.6564356435643847,52.58712806431299,llm_1,-1.5,-1.5,-1.5,-1.5,-1.4851485148514854,0,highway_0,0,155.81019801980239,493.8101980198024,ego_0,9.544686493619727
14.2,llm_0,493.86099009901034,-11.899500000000002,0.5079207920792361,53.55562732192243,llm_1,-1.5,-1.5,-1.5,-1.5,-1.4851485148514854,0,highway_0,0,155.86099009901034,493.86099009901034,ego_0,9.684992576095734
14.3,llm_0,493.8969306930697,-11.899500000000002,0.3594059405940876,54.53819165738014,llm_1,-1.5,-1.5,-1.5,-1.5,-1.4851485148514854,0,highway_0,0,155.89693069306975,493.89693069306975,ego_0,9.825643354576027
14.4,llm_0,493.9180198019806,-11.899500000000002,0.21089108910893906,55.53485401485182,llm_1,-1.5,-1.5,-1.5,-1.5,-1.4851485148514854,0,highway_0,0,155.91801980198062,493.9180198019806,ego_0,9.966623574716866
14.5,llm_0,493.924257425743,-11.899500000000002,0.06237623762379052,56.54564588690596,llm_1,-1.5,-1.5,-1.5,-1.5,-1.4851485148514854,0,highway_0,0,155.924257425743,493.924257425743,ego_0,10.107918720542422
14.6,llm_0,493.9243191843941,-11.899500000000002,0.0006175865111266374,57.561921764228146,llm_1,-1.5,-1.5,-1.5,-1.5,-0.6175865111266388,0,highway_0,0,155.9243191843941,493.9243191843941,ego_0,10.162758773219014
14.7,llm_0,493.924319795866,-11.899500000000002,6.114717931946954e-06,1000.0,,-1.5,-1.5,-1.5,-1.5,-0.006114717931946904,0,highway_0,0,155.92431979586593,493.9243197958659,,-1001.000006114718
14.8,llm_0,493.92431980192015,-11.889500000000002,6.054176170244513e-08,1000.0,,-1.5,-1.5,-1.5,-1.5,-6.0541761702445084e-05,0,highway_0,0,155.9243198019201,493.9243198019201,,-1001.0000000605418
14.9,llm_0,493.92431980198006,-11.8695,5.994233831925207e-10,1000.0,,-1.5,-1.5,-1.5,-1.5,-5.994233831925261e-07,0,highway_0,0,155.92431980198006,493.92431980198006,,-1001.0000000005995
15.0,llm_0,493.9243198019806,-11.839500000000001,5.934884982104201e-12,1000.0,,-1.5,-1.5,-1.5,-1.5,-5.934884982104165e-09,0,highway_0,0,155.92431980198063,493.92431980198063,,-1001.0000000000059
15.1,llm_0,493.9243198019806,-11.799500000000002,5.876123744657612e-14,1000.0,,-1.5,-1.5,-1.5,-1.5,-5.876123744657625e-11,0,highway_0,0,155.92431980198063,493.92431980198063,,-1001.0000000000001
15.2,llm_0,493.9243198019806,-11.749500000000001,5.817944301641236e-16,1000.0,,-1.5,-1.5,-1.5,-1.5,-5.817944301641199e-13,0,highway_0,0,155.92431980198063,493.92431980198063,,-1001.0
15.3,llm_0,493.9243198019806,-11.6895,5.760340892714105e-18,1000.0,,-1.5,-1.5,-1.5,-1.5,-5.760340892714095e-15,0,highway_0,0,155.92431980198063,493.92431980198063,,-1001.0
15.4,llm_0,493.9243198019806,-11.6195,5.703307814568431e-20,1000.0,,-1.5,-1.5,-1.5,-1.5,-5.70330781456842e-17,0,highway_0,0,155.92431980198063,493.92431980198063,,-1001.0
15.5,llm_0,493.9243198019806,-11.5395,5.646839420364771e-22,1000.0,,-1.5,-1.5,-1.5,-1.5,-5.646839420364783e-19,0,highway_0,0,155.92431980198063,493.92431980198063,,-1001.0
15.6,llm_0,493.9243198019806,-11.4495,5.5909301191730206e-24,67.69300355481369,llm_1,-1.5,-1.5,-1.5,-1.5,-5.59093011917304e-21,0,highway_0,0,155.92431980198063,493.92431980198063,,10.1081402783417
15.7,llm_0,493.9243198019806,-11.3495,5.535574375418859e-26,68.70338230697757,llm_1,-1.5,-1.5,-1.5,-1.5,-5.535574375418832e-23,0,highway_0,0,155.92431980198063,493.92431980198063,,10.103787521637901
15.8,llm_0,493.9243198019806,-11.249500000000001,5.480766708335563e-28,69.71334357594151,llm_1,-1.5,-1.5,-1.5,-1.5,-5.4807667083355035e-25,0,highway_0,0,155.92431980198063,493.92431980198063,,10.099612689640713
15.9,llm_0,493.9243198019806,-11.149500000000002,5.426501691421396e-30,70.72290440529491,llm_1,-1.5,-1.5,-1.5,-1.5,-5.426501691421349e-27,0,highway_0,0,155.92431980198063,493.92431980198063,,10.095608293533678
16.0,llm_0,493.9243198019806,-11.049500000000002,5.372773951902342e-32,71.73208112298175,llm_1,-1.5,-1.5,-1.5,-1.5,-5.372773951902372e-29,0,highway_0,0,155.92431980198063,493.92431980198063,,10.091767176868567
16.1,llm_0,493.9243198019806,-10.9495,5.319578170200391e-34,1000.0,,-1.5,-1.5,-1.5,-1.5,-5.3195781702003384e-31,0,highway_0,0,155.92431980198063,493.92431980198063,,-1001.0
16.2,llm_0,493.9243198019806,-10.8495,5.266909079406347e-36,1000.0,,-1.5,-1.5,-1.5,-1.5,-5.2669090794063274e-33,0,highway_0,0,155.92431980198063,493.92431980198063,,-1001.0
16.3,llm_0,493.9243198019806,-10.749500000000001,5.214761464758783e-38,1000.0,,-1.5,-1.5,-1.5,-1.5,-5.214761464758759e-35,0,highway_0,0,155.92431980198063,493.92431980198063,,-1001.0
16.4,llm_0,493.9243198019806,-10.649500000000002,5.163130163127485e-40,1000.0,,-1.5,-1.5,-1.5,-1.5,-5.1631301631275075e-37,0,highway_0,0,155.92431980198063,493.92431980198063,,-1001.0
16.5,llm_0,493.9243198019806,-10.549500000000002,5.1120100625024934e-42,1000.0,,-1.5,-1.5,-1.5,-1.5,-5.1120100625024595e-39,0,highway_0,0,155.92431980198063,493.92431980198063,,-1001.0
16.6,llm_0,493.9243198019806,-10.4495,5.061396101487601e-44,1000.0,,-1.5,-1.5,-1.5,-1.5,-5.061396101487617e-41,0,highway_0,0,155.92431980198063,493.92431980198063,,-1001.0
16.7,llm_0,493.9243198019806,-10.3495,5.011283268799607e-46,1000.0,,-1.5,-1.5,-1.5,-1.5,-5.0112832687996044e-43,0,highway_0,0,155.92431980198063,493.92431980198063,,-1001.0
16.8,llm_0,493.9243198019806,-10.249500000000001,4.9616666027718687e-48,1000.0,,-1.5,-1.5,-1.5,-1.5,-4.961666602771888e-45,0,highway_0,0,155.92431980198063,493.92431980198063,,-1001.0
16.9,llm_0,493.9243198019806,-10.149500000000002,4.912541190863236e-50,1000.0,,-1.5,-1.5,-1.5,-1.5,-4.912541190863236e-47,0,highway_0,0,155.92431980198063,493.92431980198063,,-1001.0
17.0,llm_0,493.9243198019806,-10.049500000000002,4.8639021691715286e-52,1000.0,,-1.5,-1.5,-1.5,-1.5,-4.863902169171521e-49,0,highway_0,0,155.92431980198063,493.92431980198063,,-1001.0
17.1,llm_0,493.9243198019806,-9.9495,4.815744721951996e-54,1000.0,,-1.5,-1.5,-1.5,-1.5,-4.8157447219520085e-51,0,highway_0,0,155.92431980198063,493.92431980198063,,-1001.0
17.2,llm_0,493.9243198019806,-9.8495,4.768064081140623e-56,1000.0,,-1.5,-1.5,-1.5,-1.5,-4.76806408114059e-53,0,highway_0,0,155.92431980198063,493.92431980198063,,-1001.0
17.3,llm_0,493.9243198019806,-9.749500000000001,4.7208555258817806e-58,1000.0,,-1.5,-1.5,-1.5,-1.5,-4.7208555258818045e-55,0,highway_0,0,155.92431980198063,493.92431980198063,,-1001.0
17.4,llm_0,493.9243198019806,-9.6495,4.6741143820611927e-60,1000.0,,-1.5,-1.5,-1.5,-1.5,-4.6741143820611684e-57,0,highway_0,0,155.92431980198063,493.92431980198063,,-1001.0
17.5,llm_0,493.9243198019806,-9.5495,4.62783602184276e-62,86.83288187313605,llm_1,-1.5,-1.5,-1.5,-1.5,-4.627836021842765e-59,0,highway_0,1,155.92431980198063,493.92431980198063,ego_0,10.049728773321375
17.6,llm_0,493.9243198019806,-9.4495,4.582015863210685e-64,87.83765633087506,llm_1,-1.5,-1.5,-1.5,-1.5,-4.582015863210652e-61,0,highway_0,1,155.92431980198063,493.92431980198063,ego_0,10.04774457739057
17.7,llm_0,493.9243198019806,-9.349499999999999,4.536649369515555e-66,88.84224034267851,llm_1,-1.5,-1.5,-1.5,-1.5,-4.536649369515529e-63,0,highway_0,1,155.92431980198063,493.92431980198063,ego_0,10.04584011803417
17.8,llm_0,493.9243198019806,-9.2495,4.49173204902528e-68,89.84664155733407,llm_1,-1.5,-1.5,-1.5,-1.5,-4.491732049025302e-65,0,highway_0,1,155.92431980198063,493.92431980198063,ego_0,10.044012146555072
17.9,llm_0,493.9243198019806,-9.1495,4.447259454480483e-70,90.8508673123444,llm_1,-1.5,-1.5,-1.5,-1.5,-4.447259454480475e-67,0,highway_0,1,155.92431980198063,493.92431980198063,ego_0,10.042257550103766
18.0,llm_0,493.9243198019806,-9.049499999999998,4.4032271826539155e-72,91.85492464691691,llm_1,-1.5,-1.5,-1.5,-1.5,-4.403227182653944e-69,0,highway_0,1,155.92431980198063,493.92431980198063,ego_0,10.040573345724543
18.1,llm_0,493.9243198019806,-8.949499999999999,4.35963087391478e-74,92.85882031438535,llm_1,-1.5,-1.5,-1.5,-1.5,-4.359630873914768e-71,0,highway_0,1,155.92431980198063,493.92431980198063,ego_0,10.03895667468389
18.2,llm_0,493.9243198019806,-8.849499999999999,4.3164662117968417e-76,93.86256079409196,llm_1,-1.5,-1.5,-1.5,-1.5,-4.3164662117968115e-73,0,highway_0,1,155.92431980198063,493.92431980198063,ego_0,10.037404797066056
18.3,llm_0,493.9243198019806,-8.7495,4.273728922571136e-78,94.86615230275419,llm_1,-1.5,-1.5,-1.5,-1.5,-4.27372892257113e-75,0,highway_0,1,155.92431980198063,493.92431980198063,ego_0,10.035915086621719
18.4,llm_0,493.9243198019806,-8.6495,4.231414774822892e-80,95.86960080534004,llm_1,-1.5,-1.5,-1.5,-1.5,-4.231414774822907e-77,0,highway_0,1,155.92431980198063,493.92431980198063,ego_0,10.034485025856528
18.5,llm_0,493.9243198019806,-8.5495,4.189519579032571e-82,96.87291202547453,llm_1,-1.5,-1.5,-1.5,-1.5,-4.189519579032566e-79,0,highway_0,1,155.92431980198063,493.92431980198063,ego_0,10.033112201347096
18.6,llm_0,493.9243198019806,-8.449499999999999,4.148039187160974e-84,97.87609145540205,llm_1,-1.5,-1.5,-1.5,-1.5,-4.148039187160961e-81,0,highway_0,1,155.92431980198063,493.92431980198063,ego_0,10.031794299272743
18.7,llm_0,493.9243198019806,-8.349499999999999,4.106969492238602e-86,1000.0,,-1.5,-1.5,-1.5,-1.5,-4.106969492238588e-83,0,highway_0,1,155.92431980198063,493.92431980198063,,-1001.0
18.8,llm_0,493.9243198019806,-8.2495,4.066306427958992e-88,1000.0,,-1.5,-1.5,-1.5,-1.5,-4.066306427959012e-85,0,highway_0,1,155.92431980198063,493.92431980198063,,-1001.0
18.9,llm_0,493.9243198019806,-8.1495,4.026045968276249e-90,1000.0,,-1.5,-1.5,-1.5,-1.5,-4.026045968276229e-87,0,highway_0,1,155.92431980198063,493.92431980198063,,-1001.0
19.0,llm_0,493.9243198019806,-8.0495,3.9861841270061515e-92,1000.0,,-1.5,-1.5,-1.5,-1.5,-3.986184127006187e-89,0,highway_0,1,155.92431980198063,493.92431980198063,,-1001.0
19.1,llm_0,493.9243198019806,-7.9495,3.946716957431866e-94,1000.0,,-1.5,-1.5,-1.5,-1.5,-3.9467169574318325e-91,0,highway_0,1,155.92431980198063,493.92431980198063,,-1001.0
19.2,llm_0,493.9243198019806,-7.849499999999999,3.907640551912724e-96,1000.0,,-1.5,-1.5,-1.5,-1.5,-3.9076405519127385e-93,0,highway_0,1,155.92431980198063,493.92431980198063,,-1001.0
19.3,llm_0,493.9243198019806,-7.749499999999999,3.868951041497738e-98,1000.0,,-1.5,-1.5,-1.5,-1.5,-3.868951041497746e-95,0,highway_0,1,155.92431980198063,493.92431980198063,,-1001.0
19.4,llm_0,493.9243198019806,-7.6495,3.830644595542316e-100,1000.0,,-1.5,-1.5,-1.5,-1.5,-3.8306445955423145e-97,0,highway_0,1,155.92431980198063,493.92431980198063,,-1001.0
19.5,llm_0,493.9243198019806,-7.549499999999999,3.792717421329037e-102,1000.0,,-1.5,-1.5,-1.5,-1.5,-3.7927174213290255e-99,0,highway_0,1,155.92431980198063,493.92431980198063,,-1001.0
19.6,llm_0,493.9243198019806,-7.4495,3.755165763692096e-104,1000.0,,-1.5,-1.5,-1.5,-1.5,-3.755165763692116e-101,0,highway_0,1,155.92431980198063,493.92431980198063,,-1001.0
19.7,llm_0,493.9243198019806,-7.349499999999999,3.7179859046456212e-106,1000.0,,-1.5,-1.5,-1.5,-1.5,-3.7179859046456396e-103,0,highway_0,1,155.92431980198063,493.92431980198063,,-1001.0
19.8,llm_0,493.9243198019806,-7.249499999999999,3.68117416301547e-108,1000.0,,-1.5,-1.5,-1.5,-1.5,-3.6811741630154664e-105,0,highway_0,1,155.92431980198063,493.92431980198063,,-1001.0
19.9,llm_0,493.9243198019806,-7.1495,3.6447268940747384e-110,1000.0,,-1.5,-1.5,-1.5,-1.5,-3.644726894074722e-107,0,highway_0,1,155.92431980198063,493.92431980198063,,-1001.0
20.0,llm_0,493.9243198019806,-7.049499999999999,3.608640489182931e-112,1000.0,,-1.5,-1.5,-1.5,-1.5,-3.608640489182909e-109,0,highway_0,1,155.92431980198063,493.92431980198063,,-1001.0
20.1,llm_0,493.9243198019806,-6.9495,3.5729113754286706e-114,1000.0,,-1.5,-1.5,-1.5,-1.5,-3.5729113754286444e-111,0,highway_0,1,155.92431980198063,493.92431980198063,,-1001.0
20.2,llm_0,493.9243198019806,-6.849499999999999,3.5375360152759015e-116,1000.0,,-1.5,-1.5,-1.5,-1.5,-3.5375360152759113e-113,0,highway_0,1,155.92431980198063,493.92431980198063,,-1001.0
20.3,llm_0,493.9243198019806,-6.749499999999999,3.502510906213774e-118,1000.0,,-1.5,-1.5,-1.5,-1.5,-3.5025109062137635e-115,0,highway_0,1,155.92431980198063,493.92431980198063,,-1001.0
20.4,llm_0,493.9243198019806,-6.649499999999999,3.467832580409677e-120,1000.0,,-1.5,-1.5,-1.5,-1.5,-3.467832580409677e-117,0,highway_0,1,155.92431980198063,493.92431980198063,,-1001.0
20.5,llm_0,493.9243198019806,-6.549499999999999,3.433497604365992e-122,1000.0,,-1.5,-1.5,-1.5,-1.5,-3.433497604366017e-119,0,highway_0,1,155.92431980198063,493.92431980198063,,-1001.0
20.6,llm_0,493.9243198019806,-6.449499999999999,3.3995025785801795e-124,1000.0,,-1.5,-1.5,-1.5,-1.5,-3.39950257858019e-121,0,highway_0,1,155.92431980198063,493.92431980198063,,-1001.0
20.7,llm_0,493.9243198019806,-6.349499999999999,3.3658441372080964e-126,118.9201264902403,llm_1,-1.5,-1.5,-1.5,-1.5,-3.365844137208098e-123,0,highway_0,2,155.92431980198063,493.92431980198063,ego_0,10.013569784229755
20.8,llm_0,493.9243198019806,-6.2494999999999985,3.3325189477307956e-128,119.92142961745509,llm_1,-1.5,-1.5,-1.5,-1.5,-3.3325189477307883e-125,0,highway_0,2,155.92431980198063,493.92431980198063,ego_0,10.013031272147295
20.9,llm_0,493.9243198019806,-6.149499999999999,3.299523710624578e-130,120.92268103470388,llm_1,-1.5,-1.5,-1.5,-1.5,-3.2995237106245498e-127,0,highway_0,2,155.92431980198063,493.92431980198063,ego_0,10.012514172488226
21.0,llm_0,493.9243198019806,-6.049499999999998,3.266855159034253e-132,121.9238827977635,llm_1,-1.5,-1.5,-1.5,-1.5,-3.266855159034235e-129,0,highway_0,2,155.92431980198063,493.92431980198063,ego_0,10.012017630596382
21.1,llm_0,493.9243198019806,-5.949499999999999,3.2345100584497643e-134,122.9250368803817,llm_1,-1.5,-1.5,-1.5,-1.5,-3.234510058449755e-131,0,highway_0,2,155.92431980198063,493.92431980198063,ego_0,10.011540826181545
21.2,llm_0,493.9243198019806,-5.849499999999998,3.202485206385893e-136,123.92614517757346,llm_1,-1.5,-1.5,-1.5,-1.5,-3.2024852063859052e-133,0,highway_0,2,155.92431980198063,493.92431980198063,ego_0,10.011082971917876
21.3,llm_0,493.9243198019806,-5.7494999999999985,3.170777432065231e-138,124.92720950878362,llm_1,-1.5,-1.5,-1.5,-1.5,-3.170777432065241e-135,0,highway_0,2,155.92431980198063,493.92431980198063,ego_0,10.01064331210104
21.4,llm_0,493.9243198019806,-5.649499999999998,3.1393835961042e-140,125.9282316209198,llm_1,-1.5,-1.5,-1.5,-1.5,-3.139383596104189e-137,0,highway_0,2,155.92431980198063,493.92431980198063,ego_0,10.010221121361441
21.5,llm_0,493.9243198019806,-5.549499999999998,3.108300590202186e-142,126.92921319126293,llm_1,-1.5,-1.5,-1.5,-1.5,-3.108300590202178e-139,0,highway_0,2,155.92431980198063,493.92431980198063,ego_0,10.009815703431121
21.6,llm_0,493.9243198019806,-5.449499999999999,3.07752533683386e-144,127.93015583025931,llm_1,-1.5,-1.5,-1.5,-1.5,-3.077525336833847e-141,0,highway_0,2,155.92431980198063,493.92431980198063,ego_0,10.009426389961982
21.7,llm_0,493.9243198019806,-5.349499999999998,3.047054788944438e-146,128.93106108419852,llm_1,-1.5,-1.5,-1.5,-1.5,-3.0470547889444157e-143,0,highway_0,2,155.92431980198063,493.92431980198063,ego_0,10.009052539393107
21.8,llm_0,493.9243198019806,-5.2494999999999985,3.0168859296479417e-148,129.931930437785,llm_1,-1.5,-1.5,-1.5,-1.5,-3.0168859296479584e-145,0,highway_0,2,155.92431980198063,493.92431980198063,ego_0,10.008693535865042
21.9,llm_0,493.9243198019806,-5.149499999999999,2.987015771928666e-150,130.93276531660308,llm_1,-1.5,-1.5,-1.5,-1.5,-2.987015771928655e-147,0,highway_0,2,155.92431980198063,493.92431980198063,ego_0,10.008348788179035
22.0,llm_0,493.9243198019806,-5.049499999999998,2.957441358345206e-152,131.93356708948295,llm_1,-1.5,-1.5,-1.5,-1.5,-2.9574413583452135e-149,0,highway_0,2,155.92431980198063,493.92431980198063,ego_0,10.008017728799265
22.1,llm_0,493.9243198019806,-4.949499999999999,2.9281597607378392e-154,132.9343370707727,llm_1,-1.5,-1.5,-1.5,-1.5,-2.9281597607378277e-151,0,highway_0,2,155.92431980198063,493.92431980198063,ego_0,10.007699812896268
22.2,llm_0,493.9243198019806,-4.849499999999998,2.8991680799384566e-156,133.9350765225156,llm_1,-1.5,-1.5,-1.5,-1.5,-2.8991680799384545e-153,0,highway_0,2,155.92431980198063,493.92431980198063,ego_0,10.007394517429736
22.3,llm_0,493.9243198019806,-4.7494999999999985,2.870463445483606e-158,134.93578665654263,llm_1,-1.5,-1.5,-1.5,-1.5,-2.8704634454836206e-155,0,highway_0,2,155.92431980198063,493.92431980198063,ego_0,10.007101340269065
22.4,llm_0,493.9243198019806,-4.649499999999999,2.8420430153303175e-160,135.93646863647768,llm_1,-1.5,-1.5,-1.5,-1.5,-2.842043015330303e-157,0,highway_0,2,155.92431980198063,493.92431980198063,ego_0,10.006819799350021
22.5,llm_0,493.9243198019806,-4.549499999999998,2.8139039755745767e-162,136.9371235796641,llm_1,-1.5,-1.5,-1.5,-1.5,-2.8139039755745717e-159,0,highway_0,2,155.92431980198063,493.92431980198063,ego_0,10.006549431865984
22.6,llm_0,493.9243198019806,-4.449499999999999,2.7860435401728483e-164,137.93775255901346,llm_1,-1.5,-1.5,-1.5,-1.5,-2.7860435401728483e-161,0,highway_0,2,155.92431980198063,493.92431980198063,ego_0,10.006289793492341
22.7,llm_0,493.9243198019806,-4.349499999999998,2.7584589506661894e-166,138.9383566047777,llm_1,-1.5,-1.5,-1.5,-1.5,-2.7584589506661864e-163,0,highway_0,2,155.92431980198063,493.92431980198063,ego_0,10.006040457642582
22.8,llm_0,493.9243198019806,-4.2494999999999985,2.731147475907091e-168,1000.0,,-1.5,-1.5,-1.5,-1.5,-2.7311474759071183e-165,0,highway_0,2,155.92431980198063,493.92431980198063,,-1001.0
22.9,llm_0,493.9243198019806,-4.149499999999999,2.704106411789217e-170,1000.0,,-1.5,-1.5,-1.5,-1.5,-2.7041064117891986e-167,0,highway_0,2,155.92431980198063,493.92431980198063,,-1001.0
23.0,llm_0,493.9243198019806,-4.049499999999998,2.6773330809794195e-172,1000.0,,-1.5,-1.5,-1.5,-1.5,-2.677333080979423e-169,0,highway_0,2,155.92431980198063,493.92431980198063,,-1001.0
23.1,llm_0,493.9243198019806,-3.9494999999999987,2.650824832652898e-174,1000.0,,-1.5,-1.5,-1.5,-1.5,-2.65082483265289e-171,0,highway_0,2,155.92431980198063,493.92431980198063,,-1001.0
23.2,llm_0,493.9243198019806,-3.8494999999999986,2.624579042230616e-176,1000.0,,-1.5,-1.5,-1.5,-1.5,-2.6245790422305917e-173,0,highway_0,2,155.92431980198063,493.92431980198063,,-1001.0
23.3,llm_0,493.9243198019806,-3.7494999999999985,2.5985931111194226e-178,1000.0,,-1.5,-1.5,-1.5,-1.5,-2.5985931111194214e-175,0,highway_0,2,155.92431980198063,493.92431980198063,,-1001.0
23.4,llm_0,493.9243198019806,-3.6494999999999984,2.5728644664548575e-180,1000.0,,-1.5,-1.5,-1.5,-1.5,-2.5728644664548738e-177,0,highway_0,2,155.92431980198063,493.92431980198063,,-1001.0
23.5,llm_0,493.9243198019806,-3.5494999999999983,2.5473905608463847e-182,1000.0,,-1.5,-1.5,-1.5,-1.5,-2.5473905608463936e-179,0,highway_0,2,155.92431980198063,493.92431980198063,,-1001.0
23.6,llm_0,493.9243198019806,-3.4494999999999982,2.5221688721251393e-184,1000.0,,-1.5,-1.5,-1.5,-1.5,-2.522168872125133e-181,0,highway_0,2,155.92431980198063,493.92431980198063,,-1001.0
23.7,llm_0,493.9243198019806,-3.349499999999998,2.4971969030941932e-186,148.9432250818777,llm_1,-1.5,-1.5,-1.5,-1.5,-2.4971969030941974e-183,0,highway_0,2,155.92431980198063,493.92431980198063,,10.004031226656016
23.8,llm_0,493.9243198019806,-3.249499999999998,2.4724721812813988e-188,149.94361222963266,llm_1,-1.5,-1.5,-1.5,-1.5,-2.4724721812813792e-185,0,highway_0,2,155.92431980198063,493.92431980198063,,10.003871477549898
23.9,llm_0,493.9243198019806,-3.1494999999999984,2.4479922586944716e-190,150.94398403589702,llm_1,-1.5,-1.5,-1.5,-1.5,-2.447992258694454e-187,0,highway_0,3,155.92431980198063,493.92431980198063,ego_0,10.00371806264372
24.0,llm_0,493.9243198019806,-3.0494999999999983,2.4237547115786873e-192,151.9443411089465,llm_1,-1.5,-1.5,-1.5,-1.5,-2.4237547115786845e-189,0,highway_0,3,155.92431980198063,493.92431980198063,ego_0,10.003570730494959
24.1,llm_0,493.9243198019806,-2.9494999999999982,2.399757140176902e-194,152.9446840329129,llm_1,-1.5,-1.5,-1.5,-1.5,-2.399757140176918e-191,0,highway_0,3,155.92431980198063,493.92431980198063,ego_0,10.003429239664554
24.2,llm_0,493.9243198019806,-2.849499999999998,2.3759971684919755e-196,153.94501336874458,llm_1,-1.5,-1.5,-1.5,-1.5,-2.375997168491982e-193,0,highway_0,3,155.92431980198063,493.92431980198063,ego_0,10.003293358317206
24.3,llm_0,493.9243198019806,-2.749499999999998,2.3524724440514444e-198,154.94532965512832,llm_1,-1.5,-1.5,-1.5,-1.5,-2.3524724440514607e-195,0,highway_0,3,155.92431980198063,493.92431980198063,ego_0,10.003162863837769
24.4,llm_0,493.9243198019806,-2.649499999999998,2.3291806376747e-200,155.94563340937458,llm_1,-1.5,-1.5,-1.5,-1.5,-2.3291806376746973e-197,0,highway_0,3,155.92431980198063,493.92431980198063,ego_0,10.003037542463101
24.5,llm_0,493.9243198019806,-2.549499999999998,2.3061194432422697e-202,156.94592512826745,llm_1,-1.5,-1.5,-1.5,-1.5,-2.306119443242277e-199,0,highway_0,3,155.92431980198063,493.92431980198063,ego_0,10.002917188928725
24.6,llm_0,493.9243198019806,-2.449499999999998,2.2832865774675893e-204,157.94620528888044,llm_1,-1.5,-1.5,-1.5,-1.5,-2.2832865774675937e-201,0,highway_0,3,155.92431980198063,493.92431980198063,ego_0,10.002801606129687
24.7,llm_0,493.9243198019806,-2.349499999999998,2.260679779670886e-206,158.9464743493599,llm_1,-1.5,-1.5,-1.5,-1.5,-2.2606797796708804e-203,0,highway_0,3,155.92431980198063,493.92431980198063,ego_0,10.002690604795069
24.8,llm_0,493.9243198019806,-2.249499999999998,2.2382968115553394e-208,159.94673274967744,llm_1,-1.5,-1.5,-1.5,-1.5,-2.2382968115553327e-205,0,highway_0,3,155.92431980198063,493.92431980198063,ego_0,10.002584003175544
24.9,llm_0,493.9243198019806,-2.149499999999998,2.216135456985506e-210,160.94698091235176,llm_1,-1.5,-1.5,-1.5,-1.5,-2.216135456985484e-207,0,highway_0,3,155.92431980198063,493.92431980198063,ego_0,10.002481626743505
25.0,llm_0,493.9243198019806,-2.0494999999999983,2.194193521767846e-212,161.94721924314223,llm_1,-1.5,-1.5,-1.5,-1.5,-2.1941935217678274e-209,0,highway_0,3,155.92431980198063,493.92431980198063,ego_0,10.002383307905205
25.1,llm_0,493.9243198019806,-1.9494999999999982,2.1724688334335182e-214,162.94744813171468,llm_1,-1.5,-1.5,-1.5,-1.5,-2.1724688334335106e-211,0,highway_0,3,155.92431980198063,493.92431980198063,ego_0,10.00228888572445
25.2,llm_0,493.9243198019806,-1.8494999999999981,2.150959241023283e-216,163.94766795228037,llm_1,-1.5,-1.5,-1.5,-1.5,-2.1509592410232852e-213,0,highway_0,3,155.92431980198063,493.92431980198063,ego_0,10.002198205657358
25.3,llm_0,493.9243198019806,-1.749499999999998,2.1296626148745334e-218,164.9478790642101,llm_1,-1.5,-1.5,-1.5,-1.5,-2.1296626148745375e-215,0,highway_0,3,155.92431980198063,493.92431980198063,ego_0,10.002111119297762
25.4,llm_0,493.9243198019806,-1.6494999999999982,2.108576846410423e-220,165.94808181262334,llm_1,-1.5,-1.5,-1.5,-1.5,-2.108576846410429e-217,0,highway_0,3,155.92431980198063,493.92431980198063,ego_0,10.002027484132789
25.5,llm_0,493.9243198019806,-1.549499999999998,2.0876998479311067e-222,166.94827652895418,llm_1,-1.5,-1.5,-1.5,-1.5,-2.0876998479311117e-219,0,highway_0,3,155.92431980198063,493.92431980198063,ego_0,10.001947163308238
25.6,llm_0,493.9243198019806,-1.449499999999998,2.0670295524070333e-224,167.9484635314945,llm_1,-1.5,-1.5,-1.5,-1.5,-2.0670295524070363e-221,0,highway_0,3,155.92431980198063,493.92431980198063,ego_0,10.001870025403335
25.7,llm_0,493.9243198019806,-1.3594999999999982,2.046563913274284e-226,168.9486431259159,llm_1,-1.5,-1.5,-1.5,-1.5,-2.0465639132742903e-223,0,highway_0,3,155.92431980198063,493.92431980198063,ego_0,10.001795944214503
25.8,llm_0,493.9243198019806,-1.269499999999998,2.0263009042319662e-228,169.94881560577068,llm_1,-1.5,-1.5,-1.5,-1.5,-2.026300904231964e-225,0,highway_0,3,155.92431980198063,493.92431980198063,ego_0,10.00172479854778
25.9,llm_0,493.9243198019806,-1.189499999999998,2.0062385190415492e-230,170.9489812529726,llm_1,-1.5,-1.5,-1.5,-1.5,-2.0062385190415506e-227,0,highway_0,3,155.92431980198063,493.92431980198063,ego_0,10.00165647201952
26.0,llm_0,493.9243198019806,-1.1194999999999982,1.9863747713282598e-232,171.94914033825916,llm_1,-1.5,-1.5,-1.5,-1.5,-1.9863747713282664e-229,0,highway_0,3,155.92431980198063,493.92431980198063,ego_0,10.001590852865066
26.1,llm_0,493.9243198019806,-1.059499999999998,1.966707694384418e-234,172.94929312163464,llm_1,-1.5,-1.5,-1.5,-1.5,-1.9667076943844155e-231,0,highway_0,3,155.92431980198063,493.92431980198063,ego_0,10.001527833755075
26.2,llm_0,493.9243198019806,-1.0094999999999978,1.9472353409746838e-236,173.9494398527965,llm_1,-1.5,-1.5,-1.5,-1.5,-1.947235340974671e-233,0,highway_0,3,155.92431980198063,493.92431980198063,ego_0,10.001467311619148
26.3,llm_0,493.9243198019806,-0.9694999999999979,1.9279557831432435e-238,174.94958077154416,llm_1,-1.5,-1.5,-1.5,-1.5,-1.9279557831432512e-235,0,highway_0,3,155.92431980198063,493.92431980198063,ego_0,10.001409187476526
26.4,llm_0,493.9243198019806,-0.9394999999999979,1.9088671120230272e-240,175.94971610817146,llm_1,-1.5,-1.5,-1.5,-1.5,-1.908867112023013e-237,0,highway_0,3,155.92431980198063,493.92431980198063,ego_0,10.001353366273518
26.5,llm_0,493.9243198019806,-0.9194999999999979,1.8899674376465537e-242,176.9498460838442,llm_1,-1.5,-1.5,-1.5,-1.5,-1.8899674376465616e-239,0,highway_0,3,155.92431980198063,493.92431980198063,ego_0,10.001299756727446
26.6,llm_0,493.9243198019806,-0.9094999999999979,1.871254888758957e-244,177.9499709109619,llm_1,-1.5,-1.5,-1.5,-1.5,-1.871254888758964e-241,0,highway_0,3,155.92431980198063,493.92431980198063,ego_0,10.001248271176772
26.7,llm_0,493.9243198019806,-0.9094999999999979,1.8527276126326482e-246,178.95009079350558,llm_1,-1.5,-1.5,-1.5,-1.5,-1.8527276126326305e-243,0,highway_0,3,155.92431980198063,493.92431980198063,ego_0,10.001198825437234
26.8,llm_0,493.9243198019806,-0.9005000000000016,1.8343837748838133e-248,179.950205927372,llm_1,-1.5,-1.5,-1.5,-1.5,-1.83438377488381e-245,0,highway_0,3,155.92431980198063,493.92431980198063,ego_0,10.001151338663696
26.9,llm_0,493.9243198019806,-0.9005000000000016,1.8162215592908996e-250,180.95031650069376,llm_1,-1.5,-1.5,-1.5,-1.5,-1.8162215592909043e-247,0,highway_0,3,155.92431980198063,493.92431980198063,ego_0,10.001105733217516
27.0,llm_0,493.9243198019806,-0.9005000000000016,1.7982391676147573e-252,181.95042269414768,llm_1,-1.5,-1.5,-1.5,-1.5,-1.7982391676147518e-249,0,highway_0,3,155.92431980198063,493.92431980198063,ego_0,10.001061934539182
27.1,llm_0,493.9243198019806,-0.9005000000000016,1.7804348194205616e-254,182.95052468125033,llm_1,-1.5,-1.5,-1.5,-1.5,-1.7804348194205517e-251,0,highway_0,3,155.92431980198063,493.92431980198063,ego_0,10.001019871026038
27.2,llm_0,493.9243198019806,-0.9005000000000016,1.7628067519015607e-256,183.95062262864184,llm_1,-1.5,-1.5,-1.5,-1.5,-1.762806751901546e-253,0,highway_0,3,155.92431980198063,493.92431980198063,ego_0,10.000979473914864
27.3,llm_0,493.9243198019806,-0.9005000000000016,1.7453532197045176e-258,184.9507166963587,llm_1,-1.5,-1.5,-1.5,-1.5,-1.7453532197045155e-255,0,highway_0,3,155.92431980198063,493.92431980198063,ego_0,10.000940677169135
27.4,llm_0,493.9243198019806,-0.9005000000000016,1.728072494756945e-260,185.95080703809577,llm_1,-1.5,-1.5,-1.5,-1.5,-1.728072494756948e-257,0,highway_0,3,155.92431980198063,493.92431980198063,ego_0,10.000903417370779
27.5,llm_0,493.9243198019806,-0.9005000000000016,1.710962866095992e-262,186.95089380145743,llm_1,-1.5,-1.5,-1.5,-1.5,-1.710962866095985e-259,0,highway_0,3,155.92431980198063,493.92431980198063,ego_0,10.000867633616222
27.6,llm_0,493.9243198019806,-0.9005000000000016,1.6940226396990005e-264,187.9509771281991,llm_1,-1.5,-1.5,-1.5,-1.5,-1.6940226396990018e-261,0,highway_0,3,155.92431980198063,493.92431980198063,ego_0,10.00083326741658
27.7,llm_0,493.9243198019806,-0.9005000000000016,1.6772501383158462e-266,188.9510571544593,llm_1,-1.5,-1.5,-1.5,-1.5,-1.6772501383158418e-263,0,highway_0,3,155.92431980198063,493.92431980198063,ego_0,10.000800262601825
27.8,llm_0,493.9243198019806,-0.9005000000000016,1.660643701302835e-268,189.95113401098223,llm_1,-1.5,-1.5,-1.5,-1.5,-1.6606437013028177e-265,0,highway_0,3,155.92431980198063,493.92431980198063,ego_0,10.000768565228755
27.9,llm_0,493.9243198019806,-0.9005000000000016,1.6442016844582565e-270,190.95120782333146,llm_1,-1.5,-1.5,-1.5,-1.5,-1.6442016844582524e-267,0,highway_0,3,155.92431980198063,493.92431980198063,ego_0,10.00073812349263
28.0,llm_0,493.9243198019806,-0.9005000000000016,1.627922459859662e-272,191.95127871209564,llm_1,-1.5,-1.5,-1.5,-1.5,-1.6279224598596597e-269,0,highway_0,3,155.92431980198063,493.92431980198063,ego_0,10.00070888764231
28.1,llm_0,493.9243198019806,-0.9005000000000016,1.6118044157026435e-274,192.95134679308552,llm_1,-1.5,-1.5,-1.5,-1.5,-1.6118044157026356e-271,0,highway_0,3,155.92431980198063,493.92431980198063,ego_0,10.00068080989878
28.2,llm_0,493.9243198019806,-0.9005000000000016,1.5958459561412395e-276,193.9514121775232,llm_1,-1.5,-1.5,-1.5,-1.5,-1.595845956141231e-273,0,highway_0,3,155.92431980198063,493.92431980198063,ego_0,10.00065384437691
28.3,llm_0,493.9243198019806,-0.9005000000000016,1.5800455011299395e-278,194.95147497222428,llm_1,-1.5,-1.5,-1.5,-1.5,-1.58004550112994e-275,0,highway_0,3,155.92431980198063,493.92431980198063,ego_0,10.000627947010312
28.4,llm_0,493.9243198019806,-0.9005000000000016,1.564401486267273e-280,195.95153527977214,llm_1,-1.5,-1.5,-1.5,-1.5,-1.5644014862672668e-277,0,highway_0,3,155.92431980198063,493.92431980198063,ego_0,10.000603075479207
28.5,llm_0,493.9243198019806,-0.9005000000000016,1.5489123626408722e-282,196.95159319868623,llm_1,-1.5,-1.5,-1.5,-1.5,-1.5489123626408643e-279,0,highway_0,3,155.92431980198063,493.92431980198063,ego_0,10.000579189141131
28.6,llm_0,493.9243198019806,-0.9005000000000016,1.5335765966741227e-284,197.95164882358262,llm_1,-1.5,-1.5,-1.5,-1.5,-1.5335765966741308e-281,0,highway_0,3,155.92431980198063,493.92431980198063,ego_0,10.000556248964415
28.7,llm_0,493.9243198019806,-0.9005000000000016,1.5183926699743748e-286,198.95170224532905,llm_1,-1.5,-1.5,-1.5,-1.5,-1.5183926699743789e-283,0,highway_0,3,155.92431980198063,493.92431980198063,ego_0,10.000534217464294
28.8,llm_0,493.9243198019806,-0.9005000000000016,1.5033590791825514e-288,199.95175355119324,llm_1,-1.5,-1.5,-1.5,-1.5,-1.5033590791825491e-285,0,highway_0,3,155.92431980198063,493.92431980198063,ego_0,10.000513058641559
28.9,llm_0,493.9243198019806,-0.9105000000000016,1.4884743358243014e-290,200.95180282498558,llm_1,-1.5,-1.5,-1.5,-1.5,-1.4884743358243082e-287,0,highway_0,3,155.92431980198063,493.92431980198063,ego_0,10.000492737923647
29.0,llm_0,493.9243198019806,-0.9305000000000017,1.4737369661626846e-292,201.95185014719635,llm_1,-1.5,-1.5,-1.5,-1.5,-1.4737369661626745e-289,0,highway_0,3,155.92431980198063,493.92431980198063,ego_0,10.000473222108065
29.1,llm_0,493.9243198019806,-0.9605000000000017,1.4591455110521636e-294,202.95189559512716,llm_1,-1.5,-1.5,-1.5,-1.5,-1.4591455110521629e-291,0,highway_0,3,155.92431980198063,493.92431980198063,ego_0,10.000454479308065
29.2,llm_0,493.9243198019806,-1.0005000000000017,1.444698525794215e-296,203.9519392430172,llm_1,-1.5,-1.5,-1.5,-1.5,-1.4446985257942213e-293,0,highway_0,3,155.92431980198063,493.92431980198063,ego_0,10.000436478900472
29.3,llm_0,493.9243198019806,-1.0505000000000018,1.4303945799942623e-298,204.9519811621647,llm_1,-1.5,-1.5,-1.5,-1.5,-1.4303945799942723e-295,0,highway_0,3,155.92431980198063,493.92431980198063,ego_0,10.000419191475585
29.4,llm_0,493.9243198019806,-1.1105000000000018,1.416232257420067e-300,205.95202142104364,llm_1,-1.5,-1.5,-1.5,-1.5,-1.4162322574200615e-297,0,highway_0,3,155.92431980198063,493.92431980198063,ego_0,10.000402588789068
29.5,llm_0,493.9243198019806,-1.1805000000000017,1.4022101558614528e-302,206.9520600854152,llm_1,-1.5,-1.5,-1.5,-1.5,-1.4022101558614523e-299,0,highway_0,3,155.92431980198063,493.92431980198063,ego_0,10.000386643715746
29.6,llm_0,493.9243198019806,-1.2605000000000017,1.3883268869915325e-304,207.95209721843577,llm_1,-1.5,-1.5,-1.5,-1.5,-1.3883268869915373e-301,0,highway_0,3,155.92431980198063,493.92431980198063,ego_0,10.000371330205237
29.7,llm_0,493.9243198019806,-1.2999999999999985,1.3745810762292445e-306,208.95213288075973,llm_1,-1.5,-1.5,-1.5,-1.5,-1.37458107622924e-303,0,highway_0,3,155.92431980198063,493.92431980198063,ego_0,10.00035662323935
29.8,llm_0,493.9243198019806,-1.2999999999999985,1.360971362603221e-308,209.95216713063888,llm_1,-1.5,-1.5,-1.5,-1.5,-1.3609713626032123e-305,0,highway_0,3,155.92431980198063,493.92431980198063,ego_0,10.00034249879116
29.9,llm_0,493.9243198019806,-1.2999999999999985,1.34749639861707e-310,210.9522000240175,llm_1,-1.5,-1.5,-1.5,-1.5,-1.3474963986170502e-307,0,highway_0,3,155.92431980198063,493.92431980198063,ego_0,10.000328933785719
30.0,llm_0,493.9243198019806,-1.3099999999999985,1.334154850114e-312,211.9522316146237,llm_1,-1.5,-1.5,-1.5,-1.5,-1.334154850115923e-309,0,highway_0,3,155.92431980198063,493.92431980198063,ego_0,10.000315906062326
30.1,llm_0,493.9243198019806,-1.3299999999999985,1.3209453963e-314,212.95226195405752,llm_1,-1.5,-1.5,-1.5,-1.5,-1.3209453961516e-311,0,highway_0,3,155.92431980198063,493.92431980198063,ego_0,10.000303394338282
30.2,llm_0,493.9243198019806,-1.3599999999999985,1.3078667e-316,213.95229109187488,llm_1,-1.5,-1.5,-1.5,-1.5,-1.3078667291e-313,0,highway_0,3,155.92431980198063,493.92431980198063,ego_0,10.000291378174094
30.3,llm_0,493.9243198019806,-1.3999999999999986,1.294916e-318,214.95231907566887,llm_1,-1.5,-1.5,-1.5,-1.5,-1.29491755e-315,0,highway_0,3,155.92431980198063,493.92431980198063,ego_0,10.000279837940052
30.4,llm_0,493.9243198019806,-1.4499999999999986,1.282e-320,215.95234595114727,llm_1,-1.5,-1.5,-1.5,-1.5,-1.2820954e-317,0,highway_0,3,155.92431980198063,493.92431980198063,ego_0,10.000268754784145
30.5,llm_0,493.9243198019806,-1.5099999999999987,1.3e-322,216.9523717622074,llm_1,-1.5,-1.5,-1.5,-1.5,-1.26925e-319,0,highway_0,3,155.92431980198063,493.92431980198063,ego_0,10.000258110601226
30.6,llm_0,493.9243198019806,-1.5799999999999985,0.0,217.95239655100778,llm_1,-1.5,-1.5,-1.5,-1.5,-1.285e-321,0,highway_0,3,155.92431980198063,493.92431980198063,ego_0,10.000247888003424
30.7,llm_0,493.9243198019806,-1.6599999999999986,0.0,218.95242035803693,llm_1,-1.5,-1.5,-1.5,-1.5,0.0,0,highway_0,3,155.92431980198063,493.92431980198063,ego_0,10.000238070291708
30.8,llm_0,493.9243198019806,-1.7499999999999987,0.0,219.95244322217974,llm_1,-1.5,-1.5,-1.5,-1.5,0.0,0,highway_0,3,155.92431980198063,493.92431980198063,ego_0,10.000228641428599
30.9,llm_0,493.9243198019806,-1.8499999999999988,0.0,220.95246518078096,llm_1,-1.5,-1.5,-1.5,-1.5,0.0,0,highway_0,3,155.92431980198063,493.92431980198063,ego_0,10.000219586011955
31.0,llm_0,493.9243198019806,-1.9499999999999986,0.0,221.95248626970596,llm_1,-1.5,-1.5,-1.5,-1.5,0.0,0,highway_0,3,155.92431980198063,493.92431980198063,ego_0,10.000210889249788
31.1,llm_0,493.9243198019806,-2.0399999999999987,0.0,222.95250652339956,llm_1,-1.5,-1.5,-1.5,-1.5,0.0,0,highway_0,3,155.92431980198063,493.92431980198063,ego_0,10.000202536936083
31.2,llm_0,493.9243198019806,-2.1299999999999986,0.0,223.95252597494238,llm_1,-1.5,-1.5,-1.5,-1.5,0.0,0,highway_0,3,155.92431980198063,493.92431980198063,ego_0,10.000194515427593
31.3,llm_0,493.9243198019806,-2.2099999999999986,0.0,224.95254465610452,llm_1,-1.5,-1.5,-1.5,-1.5,0.0,0,highway_0,3,155.92431980198063,493.92431980198063,ego_0,10.00018681162153
31.4,llm_0,493.9243198019806,-2.2799999999999985,0.0,225.95256259739796,llm_1,-1.5,-1.5,-1.5,-1.5,0.0,0,highway_0,3,155.92431980198063,493.92431980198063,ego_0,10.000179412934148
31.5,llm_0,493.9243198019806,-2.339999999999999,0.0,226.95257982812592,llm_1,-1.5,-1.5,-1.5,-1.5,0.0,0,highway_0,3,155.92431980198063,493.92431980198063,ego_0,10.000172307280186
31.6,llm_0,493.9243198019806,-2.389999999999999,0.0,227.95259637643125,llm_1,-1.5,-1.5,-1.5,-1.5,0.0,0,highway_0,3,155.92431980198063,493.92431980198063,ego_0,10.000165483053108
31.7,llm_0,493.9243198019806,-2.429999999999999,0.0,228.95261226934184,llm_1,-1.5,-1.5,-1.5,-1.5,0.0,0,highway_0,3,155.92431980198063,493.92431980198063,ego_0,10.000158929106142
31.8,llm_0,493.9243198019806,-2.459999999999999,0.0,229.95262753281526,llm_1,-1.5,-1.5,-1.5,-1.5,0.0,0,highway_0,3,155.92431980198063,493.92431980198063,ego_0,10.000152634734066
31.9,llm_0,493.9243198019806,-2.4799999999999986,0.0,230.95264219178085,llm_1,-1.5,-1.5,-1.5,-1.5,0.0,0,highway_0,3,155.92431980198063,493.92431980198063,ego_0,10.000146589655701
32.0,llm_0,493.9243198019806,-2.489999999999999,0.0,231.9526562701805,llm_1,0.0,0.0,0.0,0.0,0.0,0,highway_0,3,155.92431980198063,493.92431980198063,ego_0,10.000140783997127
32.1,llm_0,493.9243198019806,-2.489999999999999,0.0,232.95266979100808,llm_1,0.0,0.0,0.0,0.0,0.0,0,highway_0,3,155.92431980198063,493.92431980198063,ego_0,10.000135208275536
32.2,llm_0,493.9243198019806,-2.499999999999999,0.0,233.95268277634642,llm_1,0.0,0.0,0.0,0.0,0.0,0,highway_0,3,155.92431980198063,493.92431980198063,ego_0,10.000129853383743
32.3,llm_0,493.9243198019806,-2.5199999999999987,0.0,234.95269524740394,llm_1,0.0,0.0,0.0,0.0,0.0,0,highway_0,3,155.92431980198063,493.92431980198063,ego_0,10.000124710575307
32.4,llm_0,493.9243198019806,-2.549999999999999,0.0,235.952707224549,llm_1,0.0,0.0,0.0,0.0,0.0,0,highway_0,3,155.92431980198063,493.92431980198063,ego_0,10.000119771450228
32.5,llm_0,493.9243198019806,-2.589999999999999,0.0,236.9527187273431,llm_1,0.0,0.0,0.0,0.0,0.0,0,highway_0,3,155.92431980198063,493.92431980198063,ego_0,10.000115027941238
32.6,llm_0,493.9243198019806,-2.639999999999999,0.0,237.95272977457313,llm_1,0.0,0.0,0.0,0.0,0.0,0,highway_0,3,155.92431980198063,493.92431980198063,ego_0,10.000110472300605
32.7,llm_0,493.93620099009945,-2.6999999999999993,0.1188118811881188,238.94085919616305,llm_1,1.2,1.2,1.2,1.2,1.188118811881188,0,highway_0,3,155.93620099009945,493.93620099009945,ego_0,9.881294215899368
32.8,llm_0,493.9599633663371,-2.769999999999999,0.2376237623762376,239.917107009441,llm_1,1.2,1.2,1.2,1.2,1.188118811881188,0,highway_0,3,155.9599633663371,493.9599633663371,ego_0,9.762478132779528
32.9,llm_0,493.99560693069355,-2.849999999999999,0.3564356435643564,240.8814732310488,llm_1,1.2,1.2,1.2,1.2,1.188118811881188,0,highway_0,3,155.99560693069355,493.99560693069355,ego_0,9.643662216078017
33.0,llm_0,494.0431316831687,-2.9399999999999995,0.4752475247524752,241.83395787696918,llm_1,1.2,1.2,1.2,1.2,1.188118811881188,0,highway_0,3,156.04313168316878,494.0431316831688,ego_0,9.524846459203607
33.1,llm_0,494.1025376237629,-3.039999999999999,0.594059405940594,242.77456096255185,llm_1,1.2,1.2,1.2,1.2,1.188118811881188,0,highway_0,3,156.10253762376283,494.1025376237628,ego_0,9.40603085582614
33.2,llm_0,494.17382475247575,-3.1299999999999994,0.7128712871287128,243.70328250253846,llm_1,1.2,1.2,1.2,1.2,1.188118811881188,0,highway_0,3,156.1738247524757,494.1738247524757,ego_0,9.287215399866186
33.3,llm_0,494.2569930693073,-3.229999999999999,0.8316831683168316,1000.0,,1.2,1.2,1.2,1.2,1.188118811881188,0,highway_0,2,156.25699306930738,494.2569930693074,,-1001.8316831683169
33.4,llm_0,494.3520425742579,-3.329999999999999,0.9504950495049505,1000.0,,1.2,1.2,1.2,1.2,1.188118811881188,0,highway_0,2,156.3520425742579,494.3520425742579,,-1001.950495049505
33.5,llm_0,494.4589732673272,-3.4299999999999993,1.0693069306930694,1000.0,,1.2,1.2,1.2,1.2,1.1881188118811892,0,highway_0,2,156.45897326732722,494.4589732673272,,-1002.0693069306931
33.6,llm_0,494.57778514851526,-3.5299999999999994,1.1881188118811883,1000.0,,1.2,1.2,1.2,1.2,1.1881188118811892,0,highway_0,2,156.57778514851532,494.5777851485153,,-1002.1881188118812
33.7,llm_0,494.7084782178223,-3.6299999999999994,1.3069306930693072,1000.0,,1.2,1.2,1.2,1.2,1.1881188118811892,0,highway_0,2,156.70847821782223,494.70847821782223,,-1002.3069306930693
33.8,llm_0,494.851052475248,-3.7299999999999995,1.4257425742574261,1000.0,,1.2,1.2,1.2,1.2,1.1881188118811892,0,highway_0,2,156.85105247524797,494.85105247524797,,-1002.4257425742575
33.9,llm_0,495.0055079207925,-3.829999999999999,1.544554455445545,1000.0,,1.2,1.2,1.2,1.2,1.1881188118811892,0,highway_0,2,157.00550792079252,495.0055079207925,,-1002.5445544554456
34.0,llm_0,495.17184455445596,-3.9299999999999997,1.663366336633664,250.70532076758343,llm_1,1.2,1.2,1.2,1.2,1.1881188118811892,0,highway_0,2,157.1718445544559,495.1718445544559,,8.336696404911137
34.1,llm_0,495.3500623762381,-4.029999999999999,1.7821782178217829,251.52710897147205,llm_1,1.2,1.2,1.2,1.2,1.1881188118811892,0,highway_0,2,157.3500623762381,495.3500623762381,,8.217882038885978
34.2,llm_0,495.54016138613906,-4.119999999999999,1.9009900990099018,252.33701574859924,llm_1,1.2,1.2,1.2,1.2,1.1881188118811892,0,highway_0,2,157.54016138613906,495.54016138613906,,8.099067771272022
34.3,llm_0,495.7421415841588,-4.199999999999999,2.0198019801980207,253.13504110841643,llm_1,1.2,1.2,1.2,1.2,1.1881188118811892,0,highway_0,2,157.74214158415884,495.74214158415884,,7.9802535981716565
34.4,llm_0,495.9560029702974,-4.27,2.1386138613861396,253.9211850600006,llm_1,1.2,1.2,1.2,1.2,1.1881188118811892,0,highway_0,2,157.95600297029745,495.95600297029745,,7.861439515841636
34.5,llm_0,496.1817455445549,-4.35,2.2574257425742585,254.69544761206924,llm_1,1.2,1.2,1.2,1.2,1.1881188118811892,0,highway_0,2,158.18174554455487,496.1817455445549,,7.742625520686977
34.6,llm_0,496.41936930693106,-4.4399999999999995,2.3762376237623775,255.45782877299473,llm_1,1.2,1.2,1.2,1.2,1.1881188118811892,0,highway_0,2,158.41936930693112,496.4193693069311,,7.623811609255079
34.7,llm_0,496.66887425742624,-4.539999999999999,2.4950495049504964,256.20832855081767,llm_1,1.2,1.2,1.2,1.2,1.1881188118811892,0,highway_0,2,158.66887425742618,496.6688742574262,,7.504997778230087
34.8,llm_0,496.93026039604,-4.64,2.6138613861386153,256.94694695326035,llm_1,1.2,1.2,1.2,1.2,1.1881188118811892,0,highway_0,2,158.93026039604007,496.93026039604007,,7.386184024427474
34.9,llm_0,497.2035277227728,-4.739999999999999,2.732673267326734,257.6736839877393,llm_1,1.2,1.2,1.2,1.2,1.1881188118811892,0,highway_0,2,159.20352772277272,497.2035277227727,,7.267370344788843
35.0,llm_0,497.48867623762413,-4.84,2.851485148514853,258.38853966137697,llm_1,1.2,1.2,1.2,1.2,1.1881188118811892,0,highway_0,2,159.4886762376242,497.4886762376242,,7.148556736376928
35.1,llm_0,497.7857059405945,-4.9399999999999995,2.970297029702972,259.0915139810141,llm_1,1.2,1.2,1.2,1.2,1.1881188118811892,0,highway_0,2,159.78570594059448,497.7857059405945,,7.029743196370791
35.2,llm_0,498.09461683168354,-5.04,3.089108910891091,259.7826069532202,llm_1,1.2,1.2,1.2,1.2,1.1881188118811892,0,highway_0,2,160.0946168316836,498.0946168316836,,6.910929722061225
35.3,llm_0,498.4154089108916,-5.14,3.20792079207921,260.46181858430475,llm_1,1.2,1.2,1.2,1.2,1.1881188118811892,0,highway_0,2,160.41540891089153,498.41540891089153,,6.792116310846326
35.4,llm_0,498.7480821782182,-5.239999999999999,3.326732673267329,261.1291488803274,llm_1,1.2,1.2,1.2,1.2,1.1881188118811892,0,highway_0,2,160.74808217821828,498.7480821782183,,6.673302960227235
35.5,llm_0,499.09263663366374,-5.34,3.4455445544554477,261.7845978471079,llm_1,1.2,1.2,1.2,1.2,1.1881188118811892,0,highway_0,2,161.0926366336638,499.0926366336638,,6.554489667804066
35.6,llm_0,499.44907227722814,-5.4399999999999995,3.5643564356435666,262.42816549023513,llm_1,1.2,1.2,1.2,1.2,1.1881188118811892,0,highway_0,2,161.44907227722814,499.44907227722814,,6.435676431271978
35.7,llm_0,499.8173891089113,-5.539999999999999,3.6831683168316856,263.0598518150769,llm_1,1.2,1.2,1.2,1.2,1.1881188118811892,0,highway_0,2,161.8173891089113,499.8173891089113,,6.3168632484174205
35.8,llm_0,500.1975871287133,-5.64,3.8019801980198045,263.67965682678835,llm_1,1.2,1.2,1.2,1.2,1.1881188118811892,0,highway_0,2,162.19758712871328,500.1975871287133,,6.198050117114508
35.9,llm_0,500.5896663366341,-5.739999999999999,3.9207920792079234,264.2875805303205,llm_1,1.2,1.2,1.2,1.2,1.1881188118811892,0,highway_0,2,162.58966633663408,500.5896663366341,,6.07923703532155
36.0,llm_0,500.9936267326737,-5.84,4.039603960396042,264.8836229304282,llm_1,1.2,1.2,1.2,1.2,1.1881188118811892,0,highway_0,2,162.9936267326737,500.9936267326737,,5.960424001077723
36.1,llm_0,501.40946831683215,-5.9399999999999995,4.158415841584161,265.46778403167815,llm_1,1.2,1.2,1.2,1.2,1.1881188118811892,0,highway_0,2,163.40946831683215,501.40946831683215,,5.84161101249986
36.2,llm_0,501.8371910891094,-6.04,4.27722772277228,266.0400638384561,llm_1,1.2,1.2,1.2,1.2,1.1881188118811892,0,highway_0,2,163.83719108910935,501.83719108910935,,5.722798067779377
36.3,llm_0,502.2767950495054,-6.14,4.396039603960399,266.60046235497407,llm_1,1.2,1.2,1.2,1.2,1.1881188118811892,0,highway_0,2,164.27679504950538,502.2767950495054,,5.60398516517932
36.4,llm_0,502.7282801980202,-6.24,4.514851485148518,267.1489795852772,llm_1,1.2,1.2,1.2,1.2,1.1881188118811892,0,highway_0,2,164.72828019802023,502.72828019802023,,5.485172303031528
36.5,llm_0,503.19164653465384,-6.34,4.633663366336637,267.68561553325054,llm_1,1.2,1.2,1.2,1.2,1.1881188118811892,0,highway_0,2,165.1916465346539,503.1916465346539,,5.366359479733908
36.6,llm_0,503.6668940594064,-6.44,4.752475247524756,10.182098527482083,ego_0,1.2,1.2,1.2,1.2,1.1881188118811892,0,highway_0,1,165.6668940594064,503.6668940594064,,3.018441255883313
36.7,llm_0,504.1540227722777,-6.54,4.871287128712875,10.48191675427745,ego_0,1.2,1.2,1.2,1.2,1.1881188118811892,0,highway_0,1,166.1540227722777,504.1540227722777,,2.998182267953868
36.8,llm_0,504.65303267326783,-6.640000000000001,4.990099009900994,10.779706491961235,ego_0,1.2,1.2,1.2,1.2,1.1881188118811892,0,highway_0,1,166.65303267326777,504.6530326732678,,2.9778973768373653
36.9,llm_0,505.16392376237667,-6.74,5.108910891089113,11.07546502268707,ego_0,1.2,1.2,1.2,1.2,1.1881188118811892,0,highway_0,1,167.16392376237667,505.16392376237667,,2.9575853072579816
37.0,llm_0,505.6866960396043,-6.840000000000001,5.2277227722772315,11.36918949667779,ego_0,1.2,1.2,1.2,1.2,1.1881188118811892,0,highway_0,1,167.68669603960439,505.6866960396044,,2.937244739906684
37.1,llm_0,506.22134950495087,-6.94,5.34653465346535,11.660876927747154,ego_0,1.2,1.2,1.2,1.2,1.1881188118811892,0,highway_0,1,168.22134950495092,506.2213495049509,,2.9168743106935517
37.2,llm_0,506.7678841584163,-7.040000000000001,5.465346534653469,11.950524188746897,ego_0,1.2,1.2,1.2,1.2,1.1881188118811892,0,highway_0,1,168.76788415841628,506.7678841584163,,2.89647260999799
37.3,llm_0,507.3263000000005,-7.140000000000001,5.584158415841588,12.238128006938553,ego_0,1.2,1.2,1.2,1.2,1.1881188118811892,0,highway_0,1,169.32630000000046,507.32630000000046,,2.8760381819168677
37.4,llm_0,507.89659702970334,-7.24,5.702970297029707,12.52368495928954,ego_0,1.2,1.2,1.2,1.2,1.1881188118811892,0,highway_0,1,169.8965970297034,507.8965970297034,,2.8555695235105896
37.5,llm_0,508.47877524752516,-7.340000000000001,5.821782178217826,12.807196130465172,ego_0,1.2,1.2,1.2,1.2,1.1881188118811892,0,highway_0,1,170.47877524752516,508.47877524752516,,2.83511171175562
37.6,llm_0,509.07283465346575,-7.44,5.940594059405945,13.088658453393009,ego_0,1.2,1.2,1.2,1.2,1.1881188118811892,0,highway_0,1,171.07283465346575,509.07283465346575,,2.814623229276804
37.7,llm_0,509.67877524752515,-7.54,6.059405940594064,13.368068755667537,ego_0,1.2,1.2,1.2,1.2,1.1881188118811892,0,highway_0,1,171.67877524752515,509.67877524752515,,2.794103022747197
37.8,llm_0,510.2965970297034,-7.640000000000001,6.178217821782183,13.645423757260005,ego_0,1.2,1.2,1.2,1.2,1.1881188118811892,0,highway_0,1,172.29659702970338,510.2965970297034,,2.773550015926067
37.9,llm_0,510.9263000000004,-7.74,6.297029702970302,13.920720068208539,ego_0,1.2,1.2,1.2,1.2,1.1881188118811892,0,highway_0,1,172.92630000000042,510.9263000000004,,2.7529631094864166
38.0,llm_0,511.56788415841623,-7.840000000000001,6.415841584158421,14.193954186293468,ego_0,1.2,1.2,1.2,1.2,1.1881188118811892,0,highway_0,1,173.5678841584163,511.5678841584163,,2.7323411808473574
38.1,llm_0,512.2213495049509,-7.94,6.53465346534654,14.465122494694697,ego_0,1.2,1.2,1.2,1.2,1.1881188118811892,0,highway_0,1,174.22134950495092,512.2213495049509,,2.7116830840114696
38.2,llm_0,512.8866960396044,-8.040000000000001,6.6534653465346585,14.734221259635433,ego_0,1.2,1.2,1.2,1.2,1.1881188118811892,0,highway_0,1,174.88669603960443,512.8866960396044,,2.6909876494073215
38.3,llm_0,513.5639237623767,-8.14,6.772277227722777,275.313366938369,llm_1,1.2,1.2,1.2,1.2,1.1881188118811892,0,highway_0,1,175.5639237623767,513.5639237623767,,3.2277338109586813
38.4,llm_0,514.2530326732677,-8.24,6.891089108910896,275.6242591313461,llm_1,1.2,1.2,1.2,1.2,1.1881188118811892,0,highway_0,1,176.25303267326774,514.2530326732677,,3.1089219297705624
38.5,llm_0,514.9540227722777,-8.34,7.009900990099015,275.92327013620434,llm_1,1.2,1.2,1.2,1.2,1.1881188118811892,0,highway_0,1,176.95402277227765,514.9540227722777,,2.9901100485824434
38.6,llm_0,515.6668940594063,-8.440000000000001,7.128712871287134,276.2103999529438,llm_1,1.2,1.2,1.2,1.2,1.1881188118811892,0,highway_0,1,177.66689405940633,515.6668940594063,,2.8712981673943245
38.7,llm_0,516.3916465346539,-8.540000000000001,7.247524752475253,276.4856485815644,llm_1,1.2,1.2,1.2,1.2,1.1881188118811892,0,highway_0,1,178.3916465346539,516.3916465346539,,2.7524862862062056
38.8,llm_0,517.1282801980202,-8.64,7.366336633663372,276.74901602206626,llm_1,1.2,1.2,1.2,1.2,1.1881188118811892,0,highway_0,1,179.1282801980202,517.1282801980202,,2.6336744050180867
38.9,llm_0,517.8767950495054,-8.74,7.485148514851491,277.0005022744492,llm_1,1.2,1.2,1.2,1.2,1.1881188118811892,0,highway_0,1,179.8767950495054,517.8767950495054,,2.5148625238299678
39.0,llm_0,518.6371910891094,-8.84,7.60396039603961,277.2401073387134,llm_1,1.2,1.2,1.2,1.2,1.1881188118811892,0,highway_0,1,180.63719108910936,518.6371910891094,,2.396050642641849
39.1,llm_0,519.4094683168321,-8.940000000000001,7.722772277227729,277.46783121485885,llm_1,1.2,1.2,1.2,1.2,1.1881188118811892,0,highway_0,1,181.4094683168321,519.4094683168321,,2.27723876145373
39.2,llm_0,520.1936267326737,-9.040000000000001,7.841584158415848,277.6836739028854,llm_1,1.2,1.2,1.2,1.2,1.1881188118811892,0,highway_0,1,182.1936267326737,520.1936267326737,,2.158426880265611
39.3,llm_0,520.9896663366341,-9.14,7.960396039603967,277.8876354027932,llm_1,1.2,1.2,1.2,1.2,1.1881188118811892,0,highway_0,1,182.98966633663406,520.9896663366341,,2.039614999077492
39.4,llm_0,521.7975871287133,-9.24,8.079207920792086,278.0797157145821,llm_1,1.2,1.2,1.2,1.2,1.188118811881198,0,highway_0,1,183.7975871287133,521.7975871287133,,1.9208031178893723
39.5,llm_0,522.6173891089113,-9.34,8.198019801980205,278.25991483825226,llm_1,1.2,1.2,1.2,1.2,1.1881188118811892,0,highway_0,1,184.6173891089113,522.6173891089113,,1.8019912367012534
39.6,llm_0,523.4490722772282,-9.440000000000001,8.316831683168324,278.42823277380353,llm_1,1.2,1.2,1.2,1.2,1.1881188118811892,0,highway_0,1,185.4490722772282,523.4490722772282,,1.6831793555131345
39.7,llm_0,524.2926366336638,-9.540000000000001,8.435643564356443,278.58466952123604,llm_1,1.2,1.2,1.2,1.2,1.1881188118811892,0,highway_0,1,186.29263663366385,524.2926366336638,,1.5643674743250156
39.8,llm_0,525.1480821782183,-9.640000000000002,8.554455445544562,18.754806191892612,ego_0,1.2,1.2,1.2,1.2,1.1881188118811892,0,highway_0,0,187.14808217821826,525.1480821782183,,2.353734880060845
39.9,llm_0,526.0154089108916,-9.740000000000002,8.673267326732681,18.98802641879638,ego_0,1.2,1.2,1.2,1.2,1.1881188118811892,0,highway_0,0,188.01540891089155,526.0154089108916,,2.332202269037701
40.0,llm_0,526.8946168316836,-9.840000000000002,8.7920792079208,19.21908712801462,ego_0,1.2,1.2,1.2,1.2,1.1881188118811892,0,highway_0,0,188.8946168316836,526.8946168316836,,2.3106070921822504
40.1,llm_0,527.7857059405945,-9.940000000000001,8.910891089108919,19.44798189902349,ego_0,1.2,1.2,1.2,1.2,1.1881188118811892,0,highway_0,0,189.78570594059454,527.7857059405945,,2.2889477100890225
40.2,llm_0,528.6886762376242,-10.040000000000003,9.029702970297038,19.67470414481886,ego_0,1.2,1.2,1.2,1.2,1.1881188118811892,0,highway_0,0,190.68867623762424,528.6886762376242,,2.2672224579538955
40.3,llm_0,529.6035277227727,-10.140000000000002,9.148514851485157,19.899247109375096,ego_0,1.2,1.2,1.2,1.2,1.1881188118811892,0,highway_0,0,191.6035277227727,529.6035277227727,,2.245429645561817
40.4,llm_0,530.53026039604,-10.240000000000002,9.267326732673276,20.121603865103452,ego_0,1.2,1.2,1.2,1.2,1.1881188118811892,0,highway_0,0,192.53026039604003,530.53026039604,,2.2235675572832783
40.5,llm_0,531.4688742574261,-10.340000000000002,9.386138613861394,20.34176731031141,ego_0,1.2,1.2,1.2,1.2,1.1881188118811892,0,highway_0,0,193.46887425742614,531.4688742574261,,2.201634452079702
40.6,llm_0,532.4193693069311,-10.440000000000003,9.504950495049513,20.559730166663144,ego_0,1.2,1.2,1.2,1.2,1.1881188118811892,0,highway_0,0,194.41936930693112,532.4193693069311,,2.1796285635179142
40.7,llm_0,533.3817455445549,-10.540000000000003,9.623762376237632,20.77541251772925,ego_0,1.2,1.2,1.2,1.2,1.1881188118811892,0,highway_0,0,195.38174554455486,533.3817455445549,,2.1568235106611855
40.8,llm_0,534.3560029702975,-10.640000000000002,9.742574257425751,20.988802453004382,ego_0,1.2,1.2,1.2,1.2,1.1881188118811892,0,highway_0,0,196.35600297029748,534.3560029702975,,2.133899352751989
40.9,llm_0,535.3421415841589,-10.740000000000002,9.86138613861387,21.199887698324915,ego_0,1.2,1.2,1.2,1.2,1.1881188118811892,0,highway_0,0,197.34214158415887,535.3421415841589,,2.1108524532055437
41.0,llm_0,536.340161386139,-10.840000000000002,9.980198019801989,21.40865560844975,ego_0,1.2,1.2,1.2,1.2,1.1881188118811892,0,highway_0,0,198.34016138613902,536.340161386139,,2.087679101247918
41.1,llm_0,537.350062376238,-10.940000000000001,10.099009900990108,21.61509315957369,ego_0,1.2,1.2,1.2,1.2,1.1881188118811892,0,highway_0,0,199.35006237623804,537.350062376238,,2.064375511239078
41.2,llm_0,538.3718445544558,-11.040000000000003,10.217821782178227,21.81918694177432,ego_0,1.2,1.2,1.2,1.2,1.1881188118811892,0,highway_0,0,200.37184455445583,538.3718445544558,,2.0409378220058993
41.3,llm_0,539.4055079207925,-11.140000000000002,10.336633663366346,22.02092315139282,ego_0,1.2,1.2,1.2,1.2,1.1881188118811892,0,highway_0,0,201.4055079207925,539.4055079207925,,2.01736209618576
41.4,llm_0,540.4510524752479,-11.240000000000002,10.455445544554465,22.220287583351023,ego_0,1.2,1.2,1.2,1.2,1.1881188118811892,0,highway_0,0,202.45105247524793,540.4510524752479,,1.9936443195813354
41.5,llm_0,541.5084782178222,-11.340000000000002,10.574257425742584,22.41726562340375,ego_0,1.2,1.2,1.2,1.2,1.1881188118811892,0,highway_0,0,203.50847821782224,541.5084782178222,,1.9697804005272541
41.6,llm_0,542.5777851485153,-11.440000000000003,10.693069306930703,22.611842240330702,ego_0,1.2,1.2,1.2,1.2,1.1881188118811892,0,highway_0,0,204.57778514851532,542.5777851485153,,1.9457661692692803
41.7,llm_0,543.6589732673272,-11.530000000000003,10.811881188118821,22.804001978066367,ego_0,1.2,1.2,1.2,1.2,1.1881188118811892,0,highway_0,0,205.65897326732716,543.6589732673272,,1.921597377356692
41.8,llm_0,544.7520425742579,-11.610000000000003,10.93069306930694,22.99372894777116,ego_0,1.2,1.2,1.2,1.2,1.1881188118811892,0,highway_0,0,206.75204257425787,544.7520425742579,,1.8972696970485643
41.9,llm_0,545.8569930693074,-11.680000000000001,11.04950495049506,23.181006819844697,ego_0,1.2,1.2,1.2,1.2,1.1881188118811892,0,highway_0,0,207.85699306930735,545.8569930693074,,1.872778720734651
42.0,llm_0,546.9738247524757,-11.740000000000002,11.168316831683178,23.365818815881767,ego_0,1.2,1.2,1.2,1.2,1.1881188118811892,0,highway_0,0,208.9738247524757,546.9738247524757,,1.8481199603716085
42.1,llm_0,548.1025376237628,-11.790000000000003,11.287128712871297,23.548147700575328,ego_0,1.2,1.2,1.2,1.2,1.1881188118811892,0,highway_0,0,210.10253762376283,548.1025376237628,,1.8232888469352826
42.2,llm_0,549.2431316831687,-11.830000000000002,11.405940594059416,23.727975773564367,ego_0,1.2,1.2,1.2,1.2,1.1881188118811892,0,highway_0,0,211.2431316831687,549.2431316831687,,1.7982807298898198
42.3,llm_0,550.3956069306935,-11.860000000000003,11.524752475247535,23.90528486123185,ego_0,1.2,1.2,1.2,1.2,1.1881188118811892,0,highway_0,0,212.39560693069348,550.3956069306935,,1.7730908766743774
42.4,llm_0,551.559963366337,-11.880000000000003,11.643564356435654,24.080056308452754,ego_0,1.2,1.2,1.2,1.2,1.1881188118811892,0,highway_0,0,213.559963366337,551.559963366337,,1.747714472208191
42.5,llm_0,552.7362009900994,-11.890000000000002,11.762376237623773,24.252270970294262,ego_0,1.2,1.2,1.2,1.2,1.1881188118811892,0,highway_0,0,214.7362009900994,552.7362009900994,,1.7221466184148237
42.6,llm_0,553.9243198019806,-11.890000000000002,11.881188118811892,24.421909203670907,ego_0,1.2,1.2,1.2,1.2,1.1881188118811892,0,highway_0,0,215.92431980198057,553.9243198019806,,1.6963823337663815
42.7,llm_0,555.1243198019806,-11.8995,12.00000000000001,24.58895085895574,ego_0,1.2,1.2,1.2,1.2,1.1881188118811892,0,highway_0,0,217.12431980198062,555.1243198019806,,1.670416552848522
42.8,llm_0,556.3362009900994,-11.8995,12.11881188118813,24.753375271550453,ego_0,1.2,1.2,1.2,1.2,1.1881188118811892,0,highway_0,0,218.33620099009943,556.3362009900994,,1.6442441259470861
42.9,llm_0,557.559963366337,-11.8995,12.237623762376248,24.915161253416272,ego_0,1.2,1.2,1.2,1.2,1.1881188118811892,0,highway_0,0,219.559963366337,557.559963366337,,1.6178598186572106
43.0,llm_0,558.7956069306935,-11.8995,12.356435643564367,25.0742870845678,ego_0,1.2,1.2,1.2,1.2,1.1881188118811892,0,highway_0,0,220.79560693069345,558.7956069306935,,1.5912583115157535
43.1,llm_0,560.0431316831687,-11.8995,12.475247524752486,25.230730504533653,ego_0,1.2,1.2,1.2,1.2,1.1881188118811892,0,highway_0,0,222.04313168316867,560.0431316831687,,1.5644341996579136
43.2,llm_0,561.3025376237628,-11.8995,12.594059405940605,25.38446870378357,ego_0,1.2,1.2,1.2,1.2,1.1881188118811892,0,highway_0,0,223.30253762376276,561.3025376237628,,1.5373819924989203
43.3,llm_0,562.5738247524756,-11.8995,12.712871287128724,25.53547831512776,ego_0,1.2,1.2,1.2,1.2,1.1881188118811892,0,highway_0,0,224.57382475247562,562.5738247524756,,1.5100961134416853
43.4,llm_0,563.8569930693074,-11.8995,12.831683168316843,25.683735405088896,ego_0,1.2,1.2,1.2,1.2,1.1881188118811892,0,highway_0,0,225.85699306930735,563.8569930693074,,1.4825708996112894
43.5,llm_0,565.1520425742578,-11.8995,12.950495049504962,25.829215465250627,ego_0,1.2,1.2,1.2,1.2,1.1881188118811892,0,highway_0,0,227.15204257425785,565.1520425742578,,1.4548006016172366
43.6,llm_0,566.4589732673271,-11.8995,13.069306930693081,25.971893403585113,ego_0,1.2,1.2,1.2,1.2,1.1881188118811892,0,highway_0,0,228.4589732673271,566.4589732673271,,1.4267793833443765
43.7,llm_0,567.7777851485152,-11.8995,13.1881188118812,26.111743535762457,ego_0,1.2,1.2,1.2,1.2,1.1881188118811892,0,highway_0,0,229.77778514851525,567.7777851485152,,1.3985013217734075
43.8,llm_0,569.1084782178222,-11.8995,13.306930693069319,26.2487395764457,ego_0,1.2,1.2,1.2,1.2,1.1881188118811892,0,highway_0,0,231.10847821782215,569.1084782178222,,1.3699604068319111
43.9,llm_0,570.4510524752479,-11.8995,13.425742574257438,26.38285463057332,ego_0,1.2,1.2,1.2,1.2,1.1881188118811892,0,highway_0,0,232.45105247524793,570.4510524752479,,1.3411505412768214
44.0,llm_0,571.8055079207925,-11.8995,13.544554455445557,26.514061184634215,ego_0,1.2,1.2,1.2,1.2,1.1881188118811892,0,highway_0,0,233.80550792079248,571.8055079207925,,1.3120655406092911
44.1,llm_0,573.1718445544559,-11.8995,13.663366336633676,26.64233109793645,ego_0,1.2,1.2,1.2,1.2,1.1881188118811892,0,highway_0,0,235.1718445544559,573.1718445544559,,1.2826991330228914
44.2,llm_0,574.5500623762381,-11.8995,13.782178217821794,26.76763559387507,ego_0,1.2,1.2,1.2,1.2,1.1881188118811892,0,highway_0,0,236.5500623762381,574.5500623762381,,1.2530449593860897
44.3,llm_0,575.940161386139,-11.8995,13.900990099009913,26.889945251201084,ego_0,1.2,1.2,1.2,1.2,1.1881188118811892,0,highway_0,0,237.94016138613904,575.940161386139,,1.223096573259964
44.4,llm_0,577.3421415841589,-11.8995,14.019801980198032,27.009229995296323,ego_0,1.2,1.2,1.2,1.2,1.1881188118811892,0,highway_0,0,239.34214158415887,577.3421415841589,,1.192847440952093
44.5,llm_0,578.7560029702975,-11.8995,14.138613861386151,27.12545908945708,ego_0,1.2,1.2,1.2,1.2,1.1881188118811892,0,highway_0,0,240.75600297029746,578.7560029702975,,1.1622909416075977
44.6,llm_0,580.1817455445549,-11.8995,14.25742574257427,27.238601126190815,ego_0,1.2,1.2,1.2,1.2,1.1881188118811892,0,highway_0,0,242.18174554455493,580.1817455445549,,1.1314203673382668
44.7,llm_0,581.6193693069312,-11.8995,14.376237623762389,27.348624018529904,ego_0,1.2,1.2,1.2,1.2,1.1881188118811892,0,highway_0,0,243.61936930693116,581.6193693069312,,1.1002289233907412
44.8,llm_0,583.0688742574262,-11.8995,14.495049504950508,27.455494991365413,ego_0,1.2,1.2,1.2,1.2,1.1881188118811892,0,highway_0,0,245.06887425742616,583.0688742574262,,1.068709728354703
44.9,llm_0,584.53026039604,-11.8995,14.613861386138627,27.559180572806554,ego_0,1.2,1.2,1.2,1.2,1.1881188118811892,0,highway_0,0,246.53026039604003,584.53026039604,,1.0368558144120144
45.0,llm_0,586.0035277227727,-11.8995,14.732673267326746,27.659646585569362,ego_0,1.2,1.2,1.2,1.2,1.1881188118811892,0,highway_0,0,248.00352772277267,586.0035277227727,,1.0046601276277727
45.1,llm_0,587.4886762376242,-11.8995,14.851485148514865,27.756858138397774,ego_0,1.2,1.2,1.2,1.2,1.1881188118811892,0,highway_0,0,249.4886762376242,587.4886762376242,,0.9721155282842098
45.2,llm_0,588.9857059405945,-11.8995,14.970297029702984,27.850779617523585,ego_0,1.2,1.2,1.2,1.2,1.1881188118811892,0,highway_0,0,250.98570594059447,588.9857059405945,,0.9392147912583866
45.3,llm_0,590.4946168316836,-11.8995,15.089108910891103,27.941374678168017,ego_0,1.2,1.2,1.2,1.2,1.1881188118811892,0,highway_0,0,252.49461683168363,590.4946168316836,,0.9059506064446108
45.4,llm_0,592.0154089108916,-11.8995,15.207920792079221,28.02860623609024,ego_0,1.2,1.2,1.2,1.2,1.1881188118811892,0,highway_0,0,254.01540891089155,592.0154089108916,,0.8723155792225121
45.5,llm_0,593.5480821782182,-11.8995,15.32673267326734,28.112436459187506,ego_0,1.2,1.2,1.2,1.2,1.1881188118811892,0,highway_0,0,255.54808217821824,593.5480821782182,,0.8383022309716992
45.6,llm_0,595.0926366336638,-11.8995,15.44554455445546,28.192826759150876,ego_0,1.2,1.2,1.2,1.2,1.1881188118811892,0,highway_0,0,257.0926366336638,595.0926366336638,,0.8039029996338769
45.7,llm_0,596.6490722772281,-11.8995,15.564356435643578,28.269737783183245,ego_0,1.2,1.2,1.2,1.2,1.1881188118811892,0,highway_0,0,258.64907227722813,596.6490722772281,,0.769110240323382
45.8,llm_0,598.2173891089113,-11.8995,15.683168316831697,28.34312940578195,ego_0,1.2,1.2,1.2,1.2,1.1881188118811892,0,highway_0,0,260.21738910891133,598.2173891089113,,0.7339162259869703
45.9,llm_0,599.7975871287133,-11.8995,15.801980198019816,28.412960720593333,ego_0,1.2,1.2,1.2,1.2,1.1881188118811892,0,highway_0,0,261.7975871287133,599.7975871287133,,0.698313148113769
46.0,llm_0,601.3896663366341,-11.8995,15.920792079207935,28.4791900323429,ego_0,1.2,1.2,1.2,1.2,1.1881188118811892,0,highway_0,0,263.38966633663415,601.3896663366341,,0.6622931174962403
46.1,llm_0,602.9936267326738,-11.8995,16.039603960396054,28.54177484884724,ego_0,1.2,1.2,1.2,1.2,1.1881188118811892,0,highway_0,0,264.99362673267376,602.9936267326738,,0.6258481650430312
46.2,llm_0,604.6094683168321,-11.8995,16.158415841584173,28.600671873111764,ego_0,1.2,1.2,1.2,1.2,1.1881188118811892,0,highway_0,0,266.60946831683214,604.6094683168321,,0.5889702426445069
46.3,llm_0,606.2371910891094,-11.8995,16.27722772277229,28.655836995520872,ego_0,1.2,1.2,1.2,1.2,1.1881188118811892,0,highway_0,0,268.2371910891094,606.2371910891094,,0.5516512240918345
46.4,llm_0,607.8767950495054,-11.8995,16.39603960396041,28.70722528612589,ego_0,1.2,1.2,1.2,1.2,1.1881188118811892,0,highway_0,0,269.8767950495054,607.8767950495054,,0.5138829060503802
46.5,llm_0,609.5282801980203,-11.8995,16.51485148514853,28.754790987034653,ego_0,1.2,1.2,1.2,1.2,1.1881188118811892,0,highway_0,0,271.5282801980203,609.5282801980203,,0.47565700908822706
46.6,llm_0,611.191646534654,-11.8995,16.63366336633665,28.798487504910668,ego_0,1.2,1.2,1.2,1.2,1.1881188118811892,0,highway_0,0,273.19164653465396,611.191646534654,,0.43696517876056973
46.7,llm_0,612.8668940594064,-11.8995,16.752475247524767,28.838267403585746,ego_0,1.2,1.2,1.2,1.2,1.1881188118811892,0,highway_0,0,274.8668940594064,612.8668940594064,,0.39779898675073255
46.8,llm_0,614.5540227722777,-11.8995,16.871287128712886,28.874082396792573,ego_0,1.2,1.2,1.2,1.2,1.1881188118811892,0,highway_0,0,276.5540227722777,614.5540227722777,,0.35814993206856016
46.9,llm_0,616.2530326732677,-11.8995,16.990099009901005,28.90588334102324,ego_0,1.2,1.2,1.2,1.2,1.1881188118811892,0,highway_0,0,278.25303267326774,616.2530326732677,,0.3180094423068276
47.0,llm_0,617.9639237623767,-11.8995,17.108910891089124,28.933620228518862,ego_0,1.2,1.2,1.2,1.2,1.1881188118811892,0,highway_0,0,279.9639237623767,617.9639237623767,,0.2773688749564087
47.1,llm_0,619.6866960396044,-11.8995,17.227722772277243,28.957242180396975,ego_0,1.2,1.2,1.2,1.2,1.1881188118811892,0,highway_0,0,281.6866960396044,619.6866960396044,,0.2362195187808389
47.2,llm_0,621.421349504951,-11.8995,17.346534653465362,28.976697439921963,ego_0,1.2,1.2,1.2,1.2,1.1881188118811892,0,highway_0,0,283.42134950495097,621.421349504951,,0.19455259525087243
47.3,llm_0,623.1678841584163,-11.8995,17.46534653465348,28.991933365925888,ego_0,1.2,1.2,1.2,1.2,1.1881188118811892,0,highway_0,0,285.1678841584163,623.1678841584163,,0.152359260039713
47.4,llm_0,624.9263000000004,-11.8995,17.5841584158416,29.002896426383927,ego_0,1.2,1.2,1.2,1.2,1.1881188118811892,0,highway_0,0,286.9263000000004,624.9263000000004,,0.10963060457940799
47.5,llm_0,626.6965970297034,-11.8995,17.70297029702972,29.009532192151823,ego_0,1.2,1.2,1.2,1.2,1.1881188118811892,0,highway_0,0,288.6965970297034,626.6965970297034,,0.06635765767904545
47.6,llm_0,628.4787752475252,-11.8995,17.821782178217838,29.011785330872385,ego_0,1.2,1.2,1.2,1.2,1.1881188118811892,0,highway_0,0,290.47877524752516,628.4787752475252,,0.022531387205219744
47.7,llm_0,630.2728346534658,-11.8995,17.940594059405957,29.0095996010549,ego_0,1.2,1.2,1.2,1.2,1.1881188118811892,0,highway_0,0,292.2728346534658,630.2728346534658,,-0.02185729817471227
47.8,llm_0,632.0787752475252,-11.8995,18.059405940594075,29.002917846336345,ego_0,1.2,1.2,1.2,1.2,1.1881188118811892,0,highway_0,0,294.0787752475252,632.0787752475252,,-0.06681754718610478
47.9,llm_0,633.8965970297035,-11.8995,18.178217821782194,28.991681989928566,ego_0,1.2,1.2,1.2,1.2,1.1881188118811892,0,highway_0,0,295.89659702970346,633.8965970297035,,-0.11235856407681055
48.0,llm_0,635.7263000000005,-11.8995,18.297029702970313,28.97583302926023,ego_0,1.2,1.2,1.2,1.2,1.1881188118811892,0,highway_0,0,297.7263000000005,635.7263000000005,,-0.15848960668285983
48.1,llm_0,637.5678841584163,-11.8995,18.415841584158432,28.955311030817256,ego_0,1.2,1.2,1.2,1.2,1.1881188118811892,0,highway_0,0,299.5678841584163,637.5678841584163,,-0.20521998442965383
48.2,llm_0,639.421349504951,-11.8995,18.53465346534655,28.930055125190393,ego_0,1.2,1.2,1.2,1.2,1.1881188118811892,0,highway_0,0,301.42134950495097,639.421349504951,,-0.25255905626832487
48.3,llm_0,641.2866960396044,-11.8995,18.65346534653467,28.90000350233572,ego_0,1.2,1.2,1.2,1.2,1.1881188118811892,0,highway_0,0,303.2866960396044,641.2866960396044,,-0.3005162285469325
48.4,llm_0,643.1639237623767,-11.8995,18.77227722772279,28.86509340705402,ego_0,1.2,1.2,1.2,1.2,1.1881188118811892,0,highway_0,0,305.1639237623767,643.1639237623767,,-0.3491009528162543
48.5,llm_0,645.0530326732678,-11.8995,18.891089108910908,28.82526113469703,ego_0,1.2,1.2,1.2,1.2,1.1881188118811892,0,highway_0,0,307.0530326732678,645.0530326732678,,-0.3983227235698479
48.6,llm_0,646.9540227722778,-11.8995,19.009900990099027,28.780442027105096,ego_0,1.2,1.2,1.2,1.2,1.1881188118811892,0,highway_0,0,308.95402277227777,646.9540227722778,,-0.4481910759182419
48.7,llm_0,648.8668940594065,-11.8995,19.128712871287146,28.730570468785345,ego_0,1.2,1.2,1.2,1.2,1.1881188118811892,0,highway_0,0,310.8668940594065,648.8668940594065,,-0.49871558319700426
48.8,llm_0,650.791646534654,-11.8995,19.247524752475265,28.675579883334535,ego_0,1.2,1.2,1.2,1.2,1.1881188118811892,0,highway_0,0,312.791646534654,650.791646534654,,-0.549905854508566
48.9,llm_0,652.7282801980203,-11.8995,19.366336633663384,28.615402730114738,ego_0,1.2,1.2,1.2,1.2,1.1881188118811892,0,highway_0,0,314.72828019802034,652.7282801980203,,-0.6017715321976773
49.0,llm_0,654.6767950495055,-11.8995,19.485148514851502,28.54997050118868,ego_0,1.2,1.2,1.2,1.2,1.1881188118811892,0,highway_0,0,316.6767950495055,654.6767950495055,,-0.654322289260385
49.1,llm_0,656.6371910891095,-11.8995,19.60396039603962,28.479213718519986,ego_0,1.2,1.2,1.2,1.2,1.1881188118811892,0,highway_0,0,318.6371910891095,656.6371910891095,,-0.7075678266864998
49.2,llm_0,658.6094683168322,-11.8995,19.72277227722774,28.403061931446473,ego_0,1.2,1.2,1.2,1.2,1.1881188118811892,0,highway_0,0,320.60946831683225,658.6094683168322,,-0.7615178707355099
49.3,llm_0,660.5936267326738,-11.8995,19.84158415841586,28.321443714431894,ego_0,1.2,1.2,1.2,1.2,1.1881188118811892,0,highway_0,0,322.5936267326738,660.5936267326738,,-0.816182170145968
49.4,llm_0,662.5896663366342,-11.8995,19.960396039603978,28.234286665104037,ego_0,1.2,1.2,1.2,1.2,1.1881188118811892,0,highway_0,0,324.5896663366342,662.5896663366342,,-0.8715704932783765
49.5,llm_0,664.5975871287134,-11.8995,20.079207920792097,28.141517402584896,ego_0,1.2,1.2,1.2,1.2,1.1881188118811892,0,highway_0,0,326.59758712871337,664.5975871287134,,-0.92769262519165
49.6,llm_0,666.6173891089114,-11.8995,20.198019801980216,28.04306156611949,ego_0,1.2,1.2,1.2,1.2,1.1881188118811892,0,highway_0,0,328.6173891089114,666.6173891089114,,-0.9845583646532816
49.7,llm_0,668.6490722772282,-11.8995,20.316831683168335,27.938843814011193,ego_0,1.2,1.2,1.2,1.2,1.1881188118811892,0,highway_0,0,330.64907227722824,668.6490722772282,,-1.0421775210833033
49.8,llm_0,670.6926366336639,-11.8995,20.435643564356454,27.828787822867866,ego_0,1.2,1.2,1.2,1.2,1.1881188118811892,0,highway_0,0,332.69263663366394,670.6926366336639,,-1.1005599114322884
49.9,llm_0,672.7480821782184,-11.8995,20.554455445544573,27.712816287168494,ego_0,1.2,1.2,1.2,1.2,1.1881188118811892,0,highway_0,0,334.7480821782184,672.7480821782184,,-1.1597153569935088
50.0,llm_0,674.8154089108916,-11.8995,20.67326732673269,27.59085091915358,ego_0,1.2,1.2,1.2,1.2,1.1881188118811892,0,highway_0,0,336.8154089108916,674.8154089108916,,-1.219653680149566
50.1,llm_0,676.8946168316837,-11.8995,20.79207920792081,27.462812449048215,ego_0,1.2,1.2,1.2,1.2,1.1881188118811892,0,highway_0,0,338.8946168316837,676.8946168316837,,-1.2803847010537055
50.2,llm_0,678.9854999937032,-11.8995,20.908831620194658,27.328826572515027,ego_0,1.1791993639658636,1.1791993639658636,1.1791993639658636,1.1791993639658636,1.1675241227384703,0,highway_0,0,340.98549999370323,678.9854999937032,,-1.3398587653318508
50.3,llm_0,681.087420989361,-11.8995,21.019209956578383,27.18944946536635,ego_0,1.114821197475629,1.114821197475629,1.114821197475629,1.114821197475629,1.1037833638372518,0,highway_0,0,343.087420989361,681.087420989361,,-1.3937710714869525
50.4,llm_0,683.1997695031099,-11.8995,21.123485137488714,27.045209232082243,ego_0,1.0531793271943475,1.0531793271943475,1.0531793271943475,1.0531793271943475,1.042751809103315,0,highway_0,0,345.1997695031099,683.1997695031099,,-1.4424023328404765
50.5,llm_0,685.3219631506971,-11.8995,21.22193647587234,26.896605068172903,ego_0,0.994358517674626,0.994358517674626,0.994358517674626,0.994358517674626,0.9845133838362585,0,highway_0,0,347.3219631506971,685.3219631506971,,-1.4860416390931874
50.6,llm_0,687.4534479335649,-11.8995,21.31484782867857,26.744106807757134,ego_0,0.9384046633429234,0.9384046633429234,0.9384046633429234,0.9384046633429234,0.9291135280622953,0,highway_0,0,349.4534479335649,687.4534479335649,,-1.5249826041577208
50.7,llm_0,689.5936983433419,-11.8995,21.402504097769942,26.588154821420517,ego_0,0.8853283178228546,0.8853283178228546,0.8853283178228546,0.8853283178228546,0.8765626909137225,0,highway_0,0,351.5936983433419,689.5936983433419,,-1.5595198633660345
50.8,llm_0,691.7422171549581,-11.8995,21.485188116162377,26.429160225826195,ego_0,0.835108585763601,0.835108585763601,0.835108585763601,0.835108585763601,0.8268401839243467,0,highway_0,0,353.7422171549581,691.7422171549581,,-1.5899459559438505
50.9,llm_0,693.8985349488054,-11.8995,21.563177938472723,26.26750536466318,ego_0,0.787697205334516,0.787697205334516,0.787697205334516,0.787697205334516,0.7798982231034657,0,highway_0,0,355.8985349488054,693.8985349488054,,-1.6165486116304102
51.0,llm_0,696.0622094027548,-11.8995,21.636744539494252,26.103544520126775,ego_0,0.743022670317451,0.743022670317451,0.743022670317451,0.743022670317451,0.7356660102152901,0,highway_0,0,358.0622094027548,696.0622094027548,,-1.639608445364651
51.1,llm_0,698.2328243939822,-11.8995,21.706149912274707,25.937604814985434,ego_0,0.700994265082602,0.700994265082602,0.700994265082602,0.700994265082602,0.6940537278045511,0,highway_0,0,360.23282439398224,698.2328243939822,,-1.6593970514130127
51.2,llm_0,700.4099889486897,-11.8995,21.771645547074904,25.769987267153738,ego_0,0.6615059114819755,0.6615059114819755,0.6615059114819755,0.6615059114819755,0.6549563480019671,0,highway_0,0,362.4099889486897,700.4099889486897,,-1.6761754783174112
51.3,llm_0,702.5933360751997,-11.8995,21.833471265099238,25.600967961298124,ego_0,0.6244397520457742,0.6244397520457742,0.6244397520457742,0.6244397520457742,0.6182571802433401,0,highway_0,0,364.59333607519966,702.5933360751997,,-1.6901930585554084
51.4,llm_0,704.7825215127737,-11.8995,21.891854375740284,25.43079930513261,ego_0,0.589669417474572,0.589669417474572,0.589669417474572,0.589669417474572,0.5838311064104573,0,highway_0,0,366.78252151277366,704.7825215127737,,-1.701686561655432
51.5,llm_0,706.9772224250743,-11.8995,21.947009123005667,25.259711341488924,ego_0,0.5570629473803875,0.5570629473803875,0.5570629473803875,0.5570629473803875,0.5515474726538372,0,highway_0,0,368.9772224250743,706.9772224250743,,-1.7108796364358732
51.6,llm_0,709.1771360636227,-11.8995,21.99913638548412,25.0879130908163,ego_0,0.526485351032375,0.526485351032375,0.526485351032375,0.526485351032375,0.5212726247845367,0,highway_0,0,371.1771360636227,709.1771360636227,,-1.7179825067257433
51.7,llm_0,711.3819784230556,-11.8995,22.048423594328508,24.915593902311798,ego_0,0.4978008093282904,0.4978008093282904,0.4978008093282904,0.4978008093282904,0.49287208844386754,0,highway_0,0,373.38197842305556,711.3819784230556,,-1.72319188504542
51.8,llm_0,713.5914829065518,-11.8995,22.09504483496326,24.7429247953163,ego_0,0.4708745304109992,0.4708745304109992,0.4708745304109992,0.4708745304109992,0.46621240634753036,0,highway_0,0,375.59148290655185,713.5914829065518,,-1.7266910699557023
51.9,llm_0,715.8053990165781,-11.8995,22.13916110026321,24.57005977583401,ego_0,0.44557427952948075,0.44557427952948075,0.44557427952948075,0.44557427952948075,0.44116265299948054,0,highway_0,0,377.8053990165781,715.8053990165781,,-1.7286501948229933
52.0,llm_0,718.0234910831318,-11.8995,22.18092066553669,24.397137116000522,ego_0,0.42177160926213386,0.42177160926213386,0.42177160926213386,0.42177160926213386,0.4175956527348035,0,highway_0,0,380.02349108313183,718.0234910831318,,-1.729226598334364
52.1,llm_0,720.2455370389873,-11.8995,22.22045955855539,24.224280586999953,ego_0,0.399342819488891,0.399342819488891,0.399342819488891,0.399342819488891,0.3953889301870106,0,highway_0,0,382.2455370389873,720.2455370389873,,-1.728565290005843
52.2,llm_0,722.4713272490799,-11.8995,22.2579021009257,24.051600638302034,ego_0,0.3781696779401445,0.3781696779401445,0.3781696779401445,0.3781696779401445,0.3744254237031086,0,highway_0,0,384.4713272490799,722.4713272490799,,-1.7267994869796368
52.3,llm_0,724.7006633990949,-11.8995,22.293361500150304,23.879195518156052,ego_0,0.3581399321684927,0.3581399321684927,0.3581399321684927,0.3581399321684927,0.3545939922460306,0,highway_0,0,386.7006633990949,724.7006633990949,,-1.72405120146
52.4,llm_0,726.9333574465629,-11.8995,22.326940474679994,23.707152332047144,ego_0,0.3391476427498719,0.3391476427498719,0.3391476427498719,0.3391476427498719,0.33578974529689276,0,highway_0,0,388.9333574465629,726.9333574465629,,-1.7204318610887412
52.5,llm_0,729.169230636266,-11.8995,22.358731897030435,23.53554803731356,ego_0,0.3210933657394472,0.3210933657394472,0.3210933657394472,0.3210933657394472,0.3179142235044097,0,highway_0,0,391.169230636266,729.169230636266,,-1.7160429473361916
52.6,llm_0,731.408112580525,-11.8995,22.38881944258982,23.364450373360114,ego_0,0.30388421014980915,0.30388421014980915,0.30388421014980915,0.30388421014980915,0.30087545559386086,0,highway_0,0,393.40811258052497,731.408112580525,,-1.7109766395346107
52.7,llm_0,733.6498404039295,-11.8995,22.417278234044897,23.193918727911864,ego_0,0.28743379369627226,0.28743379369627226,0.28743379369627226,0.28743379369627226,0.2845879145507624,0,highway_0,0,395.6498404039295,733.6498404039295,,-1.7053164544827517
52.8,llm_0,735.894257951269,-11.8995,22.444175473394488,23.024004940552686,ego_0,0.27166211743087015,0.27166211743087015,0.27166211743087015,0.27166211743087015,0.2689723934959076,0,highway_0,0,397.89425795126897,735.894257951269,,-1.6991378735918623
52.9,llm_0,738.1412150567994,-11.8995,22.46957105530396,22.854754045419895,ego_0,0.25649537728565625,0.25649537728565625,0.25649537728565625,0.25649537728565625,0.2539558190947133,0,highway_0,0,400.1412150567994,738.1412150567994,,-1.6925089513278486
53.0,llm_0,740.3905668725085,-11.8995,22.49351815709147,22.686204955395738,ego_0,0.24186572805382361,0.24186572805382361,0.24186572805382361,0.24186572805382361,0.23947101787509695,0,highway_0,0,402.39056687250854,740.3905668725085,,-1.6854909002417564
53.1,llm_0,742.642173252703,-11.8995,22.516063801944085,22.51839109047694,ego_0,0.2277110130114297,0.2277110130114297,0.2277110130114297,0.2277110130114297,0.22545644852616675,0,highway_0,0,404.64217325270295,742.642173252703,,-1.6781386491880355
53.2,llm_0,744.8958981920089,-11.8995,22.53724939305871,22.35134095323417,ego_0,0.2139744702577003,0.2139744702577003,0.2139744702577003,0.2139744702577003,0.21185591114623037,0,highway_0,0,406.8958981920089,744.8958981920089,,-1.6705013724269655
53.3,llm_0,747.15160931374,-11.8995,22.557111217310663,22.185078654412564,ego_0,0.20060442494474584,0.20060442494474584,0.20060442494474584,0.20060442494474584,0.19861824251954374,0,highway_0,0,409.15160931374,747.15160931374,,-1.6626229882156167
53.4,llm_0,749.4091774055194,-11.8995,22.57568091779397,22.019624391789307,ego_0,0.18755397488142647,0.18755397488142647,0.18755397488142647,0.18755397488142647,0.18569700483308083,0,highway_0,0,411.40917740551936,749.4091774055194,,-1.654542626232935
53.5,llm_0,751.6684759990367,-11.8995,22.59298593517272,21.854994885411315,ego_0,0.17478067552539675,0.17478067552539675,0.17478067552539675,0.17478067552539675,0.17305017378749454,0,highway_0,0,413.6684759990367,751.6684759990367,,-1.6462950637800233
53.6,llm_0,753.929380990862,-11.8995,22.60904991825294,21.691203772294557,ego_0,0.16224622911021577,0.16224622911021577,0.16224622911021577,0.16224622911021577,0.16063983080218946,0,highway_0,0,415.929380990862,753.929380990862,,-1.6379111311667884
53.7,llm_0,756.1917703013168,-11.8995,22.623893104547474,21.528261963588648,ego_0,0.1499161815748077,0.1499161815748077,0.1499161815748077,0.1499161815748077,0.14843186294534405,0,highway_0,0,418.19177030131675,756.1917703013168,,-1.6294180870592179
53.8,llm_0,758.4555235685046,-11.8995,22.637532671879413,21.36617796710516,ego_0,0.13775963005256994,0.13775963005256994,0.13775963005256994,0.13775963005256994,0.13639567331939162,0,highway_0,0,420.45552356850465,758.4555235685046,,-1.6208399648348077
53.9,llm_0,760.7205218747314,-11.8995,22.649983062267374,21.204958177985986,ego_0,0.12574894291839983,0.12574894291839983,0.12574894291839983,0.12574894291839983,0.12450390387961363,0,highway_0,0,422.7205218747314,760.7205218747314,,-1.6121978911913892
54.0,llm_0,762.9866475026786,-11.8995,22.661256279471974,21.044607140146923,ego_0,0.11385949376646023,0.11385949376646023,0.11385949376646023,0.11385949376646023,0.11273217204600172,0,highway_0,0,424.9866475026786,762.9866475026786,,-1.6035103783908333
54.1,llm_0,765.2537837188454,-11.8995,22.67136216166801,20.885127780986522,ego_0,0.10206941017999438,0.10206941017999438,0.10206941017999438,0.10206941017999438,0.10105882196036475,0,highway_0,0,427.2537837188454,765.2537837188454,,-1.594793591604354
54.2,llm_0,767.5218145819206,-11.8995,22.680308630751494,20.726521621699362,ego_0,0.09035933774318845,0.09035933774318845,0.09035933774318845,0.09035933774318845,0.08946469083483066,0,highway_0,0,429.5218145819206,767.5218145819206,,-1.586061592870827
54.3,llm_0,769.7906247739008,-11.8995,22.688101919802733,20.568788965380236,ego_0,0.07871221941752263,0.07871221941752263,0.07871221941752263,0.07871221941752263,0.07793289051239327,0,highway_0,0,431.79062477390084,769.7906247739008,,-1.5773265631918143
54.4,llm_0,772.0600994519222,-11.8995,22.694746780213478,20.411929064952915,ego_0,0.06711309014852887,0.06711309014852887,0.06711309014852887,0.06711309014852887,0.06644860410744968,0,highway_0,0,434.06009945192216,772.0600994519222,,-1.5685990042737963
54.5,llm_0,774.3301241189175,-11.8995,22.700246669953238,20.25594027281329,ego_0,0.05554888637155655,0.05554888637155655,0.05554888637155655,0.05554888637155655,0.05499889739759567,0,highway_0,0,436.3301241189175,774.3301241189175,,-1.5598879213954362
54.6,llm_0,776.6005845113577,-11.8995,22.704603924402537,20.100820173930288,ego_0,0.044008269937897374,0.044008269937897374,0.044008269937897374,0.044008269937897374,0.043572544492995746,0,highway_0,0,438.60058451135774,776.6005845113577,,-1.5512009888304341
54.7,llm_0,778.87136650247,-11.8995,22.707819911122808,19.94656570401048,ego_0,0.03248146587474854,0.03248146587474854,0.03248146587474854,0.03248146587474854,0.032159867202707915,0,highway_0,0,440.87136650247,778.87136650247,,-1.5425446991985865
54.8,llm_0,781.1423560194567,-11.8995,22.70989516986717,19.79317325420527,ego_0,0.020960113318039576,0.020960113318039576,0.020960113318039576,0.020960113318039576,0.020752587443624293,0,highway_0,0,443.14235601945666,781.1423560194567,,-1.5339244980524462
54.9,llm_0,783.4134389733633,-11.8995,22.710829539066168,19.640638763711536,ego_0,0.009437128909870652,0.009437128909870652,0.009437128909870652,0.009437128909870652,0.009343691989975866,0,highway_0,0,445.4134389733633,783.4134389733633,,-1.525344904936805
55.0,llm_0,785.6845012003583,-11.8995,22.71062226994987,19.48895780150292,ego_0,-0.002093418074622444,-0.002093418074622444,-0.002093418074622444,-0.002093418074622444,-0.002072691162986473,0,highway_0,0,447.68450120035834,785.6845012003583,,-1.5168096220858551
55.1,llm_0,787.9554284132977,-11.8995,22.709272129393845,19.338125638318047,ego_0,-0.01363641961583988,-0.01363641961583988,-0.01363641961583988,-0.01363641961583988,-0.013501405560241153,0,highway_0,0,449.9554284132977,787.9554284132977,,-1.5083216318490358
55.2,llm_0,790.226106162548,-11.8995,22.706777492503242,19.188137309931676,ego_0,-0.02519583259510245,-0.02519583259510245,-0.02519583259510245,-0.02519583259510245,-0.024946368906029193,0,highway_0,0,452.22610616254804,790.226106162548,,-1.499883283863504
55.3,llm_0,792.4964198051357,-11.8995,22.703136425877023,19.03898767263979,ego_0,-0.036774772924792275,-0.036774772924792275,-0.036774772924792275,-0.036774772924792275,-0.03641066626219214,0,highway_0,0,454.4964198051357,792.4964198051357,,-1.491496372919194
55.4,llm_0,794.7662544813782,-11.8995,22.69834676242452,18.890671451800586,ego_0,-0.04837560087025072,-0.04837560087025072,-0.04837560087025072,-0.04837560087025072,-0.04789663452502424,0,highway_0,0,456.76625448137816,794.7662544813782,,-1.4831622083926064
55.5,llm_0,797.0354950982321,-11.8995,22.69240616853896,18.743183284194743,ego_0,-0.0599999982441815,-0.0599999982441815,-0.0599999982441815,-0.0599999982441815,-0.059405938855618956,0,highway_0,0,459.0354950982321,797.0354950982321,,-1.4748816760582208
55.6,llm_0,799.3040263186689,-11.8995,22.685312204368305,18.596517754892602,ego_0,-0.07164903812358306,-0.07164903812358306,-0.07164903812358306,-0.07164903812358306,-0.07093964170653777,0,highway_0,0,461.3040263186689,799.3040263186689,,-1.4666552930223133
55.7,llm_0,801.5717325564551,-11.8995,22.677062377862693,18.450669429246318,ego_0,-0.08332324770666548,-0.08332324770666548,-0.08332324770666548,-0.08332324770666548,-0.08249826505611679,0,highway_0,0,463.5717325564551,801.5717325564551,,-1.4584832564629728
55.8,llm_0,803.838497975777,-11.8995,22.667654193219818,18.305632880566122,ego_0,-0.09502266489303983,-0.09502266489303983,-0.09502266489303983,-0.09502266489303983,-0.09408184642875739,0,highway_0,0,465.83849797577705,803.838497975777,,-1.4503654868024825
55.9,llm_0,806.1042064952067,-11.8995,22.657085194295597,18.161402713977623,ego_0,-0.10674688913461182,-0.10674688913461182,-0.10674688913461182,-0.10674688913461182,-0.10568998924220807,0,highway_0,0,468.10420649520665,806.1042064952067,,-1.4423016658843473
56.0,llm_0,808.3687417955563,-11.8995,22.645353003496517,18.01797358690999,ego_0,-0.11849512707071226,-0.11849512707071226,-0.11849512707071226,-0.11849512707071226,-0.11732190799079945,0,highway_0,0,470.3687417955563,808.3687417955563,,-1.4342912706764892
56.1,llm_0,810.6319873312185,-11.8995,22.632455356622728,17.87534022661248,ego_0,-0.13026623342524743,-0.13026623342524743,-0.13026623342524743,-0.13026623342524743,-0.12897646873788915,0,highway_0,0,472.6319873312185,810.6319873312185,,-1.4263336029750668
56.2,llm_0,812.8938263446272,-11.8995,22.618390134086997,17.73349744505856,ego_0,-0.14205874761087461,-0.14205874761087461,-0.14205874761087461,-0.14205874761087461,-0.14065222535730726,0,highway_0,0,474.8938263446272,812.8938263446272,,-1.4184278155395091
56.3,llm_0,815.1541418835166,-11.8995,22.603155388893768,17.59244015155366,ego_0,-0.15387092645163644,-0.15387092645163644,-0.15387092645163644,-0.15387092645163644,-0.15234745193229315,0,highway_0,0,477.15414188351656,815.1541418835166,,-1.4105729350487657
56.4,llm_0,817.412816820689,-11.8995,22.58674937172497,17.452163363330556,ego_0,-0.16570077340485176,-0.16570077340485176,-0.16570077340485176,-0.16570077340485176,-0.1640601716879786,0,highway_0,0,479.41281682068905,817.412816820689,,-1.4027678822313554
56.5,llm_0,819.6697338760335,-11.8995,22.56917055344451,17.312662214381817,ego_0,-0.17754606463263853,-0.17754606463263853,-0.17754606463263853,-0.17754606463263853,-0.1757881828045882,0,highway_0,0,481.66973387603355,819.6697338760335,,-1.3950114894871959
56.6,llm_0,821.9247756405637,-11.8995,22.55041764530139,17.173931962753045,ego_0,-0.18940437224548765,-0.18940437224548765,-0.18940437224548765,-0.18940437224548765,-0.18752908143120806,0,highway_0,0,483.92477564056367,821.9247756405637,,-1.38730251628753
56.7,llm_0,824.1778246022719,-11.8995,22.530489617082292,17.03596799649199,ego_0,-0.20127308501291316,-0.20127308501291316,-0.20127308501291316,-0.20127308501291316,-0.19928028219098337,0,highway_0,0,486.1778246022719,824.1778246022719,,-1.3796396626102236
56.8,llm_0,826.4287631736157,-11.8995,22.509385713437577,16.898765838427835,ego_0,-0.21314942681162075,-0.21314942681162075,-0.21314942681162075,-0.21314942681162075,-0.21103903644714705,0,highway_0,0,488.4287631736157,826.4287631736157,,-1.3720215806410678
56.9,llm_0,828.6774737204738,-11.8995,22.48710546858041,16.762321149932973,ego_0,-0.22503047305738585,-0.22503047305738585,-0.22503047305738585,-0.22503047305738585,-0.2228024485716773,0,highway_0,0,490.6774737204738,828.6774737204738,,-1.3644468849476574
57.0,llm_0,830.9238385924275,-11.8995,22.463648719536323,16.626629733801906,ego_0,-0.2369131653452816,-0.2369131653452816,-0.2369131653452816,-0.2369131653452816,-0.23456749044086678,0,highway_0,0,492.9238385924275,830.9238385924275,,-1.3569141613101472
57.1,llm_0,833.1677401542375,-11.8995,22.439015618100505,16.491687536364566,ego_0,-0.24879432450177505,-0.24879432450177505,-0.24879432450177505,-0.24879432450177505,-0.2463310143581765,0,highway_0,0,495.16774015423755,833.1677401542375,,-1.349421974373385
57.2,llm_0,835.4090608184017,-11.8995,22.413206641641725,16.35749064893787,ego_0,-0.26067066223369695,-0.26067066223369695,-0.26067066223369695,-0.26067066223369695,-0.2580897645878011,0,highway_0,0,497.4090608184017,835.4090608184017,,-1.3419688742666231
57.3,llm_0,837.6476830786893,-11.8995,22.386222602875307,16.224035308705766,ego_0,-0.2725387915407958,-0.2725387915407958,-0.2725387915407958,-0.2725387915407958,-0.26984038766418195,0,highway_0,0,499.6476830786893,837.6476830786893,,-1.3345534023207897
57.4,llm_0,839.8834895445606,-11.8995,22.35806465871266,16.09131789910589,ego_0,-0.2843952360427432,-0.2843952360427432,-0.2843952360427432,-0.2843952360427432,-0.2815794416264694,0,highway_0,0,501.8834895445606,839.8834895445606,,-1.3271740959983553
57.5,llm_0,842.1163629763887,-11.8995,22.328734318281352,15.95933494979215,ego_0,-0.296236438356218,-0.296236438356218,-0.296236438356218,-0.296236438356218,-0.2933034043130789,0,highway_0,0,504.1163629763887,842.1163629763887,,-1.319829493137611
57.6,llm_0,844.3461863214085,-11.8995,22.29823345019782,15.828083136232067,ego_0,-0.30805876764366963,-0.30805876764366963,-0.30805876764366963,-0.30805876764366963,-0.3050086808353214,0,highway_0,0,506.3461863214085,844.3461863214085,,-1.3125181356012448
57.7,llm_0,846.5728427503249,-11.8995,22.26656428916385,15.697559278991207,ego_0,-0.31985852644312784,-0.31985852644312784,-0.31985852644312784,-0.31985852644312784,-0.31669161033970994,0,highway_0,0,508.57284275032487,846.5728427503249,,-1.3052385724083955
57.8,llm_0,848.7962156945197,-11.8995,22.233729441948363,15.567760342749239,ego_0,-0.3316319568764136,-0.3316319568764136,-0.3316319568764136,-0.3316319568764136,-0.3283484721548646,0,highway_0,0,510.7962156945197,848.7962156945197,,-1.2979893624197096
57.9,llm_0,851.0161888838004,-11.8995,22.199731892807513,15.438683435085636,ego_0,-0.3433752463225685,-0.3433752463225685,-0.3433752463225685,-0.3433752463225685,-0.33997549140849515,0,highway_0,0,513.0161888838004,851.0161888838004,,-1.290769076636522
58.0,llm_0,853.2326463846392,-11.8995,22.164575008388297,15.310325805068828,ego_0,-0.35508453263407935,-0.35508453263407935,-0.35508453263407935,-0.35508453263407935,-0.3515688441921583,0,highway_0,0,515.2326463846392,853.2326463846392,,-1.283576300167617
58.1,llm_0,855.4454726388547,-11.8995,22.128262542154214,15.18268484167777,ego_0,-0.3667559089642313,-0.3667559089642313,-0.3667559089642313,-0.3667559089642313,-0.3631246623408302,0,highway_0,0,517.4454726388547,855.4454726388547,,-1.276409633910209
58.2,llm_0,857.6545525026912,-11.8995,22.09079863836551,15.05575807207913,ego_0,-0.3783854282659232,-0.3783854282659232,-0.3783854282659232,-0.3783854282659232,-0.3746390378870501,0,highway_0,0,519.6545525026912,857.6545525026912,,-1.2692676959859917
58.3,llm_0,859.8597712862553,-11.8995,22.052187835641163,14.929543159782384,ego_0,-0.3899691075158954,-0.3899691075158954,-0.3899691075158954,-0.3899691075158954,-0.38610802724345916,0,highway_0,0,521.8597712862553,859.8597712862553,,-1.2621491229675996
58.4,llm_0,862.0610296737798,-11.8995,22.012583875245124,14.80402302217783,ego_0,-0.4,-0.4,-0.4,-0.4,-0.3960396039603964,0,highway_0,0,524.0610296737798,862.0610296737798,,-1.2552013760461946
58.5,llm_0,864.2583276652647,-11.8995,21.972979914849084,14.679081926887761,ego_0,-0.4,-0.4,-0.4,-0.4,-0.3960396039603964,0,highway_0,0,526.2583276652647,864.2583276652647,,-1.2494109529006252
58.6,llm_0,866.45166526071,-11.8995,21.933375954453044,14.554604845691983,ego_0,-0.4,-0.4,-0.4,-0.4,-0.3960396039603964,0,highway_0,0,528.45166526071,866.45166526071,,-1.2447708119575083
58.7,llm_0,868.6410424601157,-11.8995,21.893771994057005,14.43047749282755,ego_0,-0.4,-0.4,-0.4,-0.4,-0.3960396039603964,0,highway_0,0,530.6410424601157,868.6410424601157,,-1.241273528643525
58.8,llm_0,870.8264592634819,-11.8995,21.854168033660965,14.30658636340604,ego_0,-0.4,-0.4,-0.4,-0.4,-0.3960396039603964,0,highway_0,0,532.8264592634819,870.8264592634819,,-1.2389112942150646
58.9,llm_0,873.0079156708083,-11.8995,21.814564073264926,14.182818771921688,ego_0,-0.4,-0.4,-0.4,-0.4,-0.3960396039603964,0,highway_0,0,535.0079156708083,873.0079156708083,,-1.237675914844548
59.0,llm_0,875.1854116820952,-11.8995,21.774960112868886,14.059062890824634,ego_0,-0.4,-0.4,-0.4,-0.4,-0.3960396039603964,0,highway_0,0,537.1854116820952,875.1854116820952,,-1.2375588109710947
59.1,llm_0,877.3589472973424,-11.8995,21.735356152472846,13.935207789132392,ego_0,-0.4,-0.4,-0.4,-0.4,-0.3960396039603964,0,highway_0,0,539.3589472973424,877.3589472973424,,-1.2385510169228482
59.2,llm_0,879.5285225165501,-11.8995,21.695752192076807,13.811143471050627,ego_0,-0.4,-0.4,-0.4,-0.4,-0.3960396039603964,0,highway_0,0,541.5285225165501,879.5285225165501,,-1.2406431808181466
59.3,llm_0,881.6941373397182,-11.8995,21.656148231680767,13.686760914575416,ego_0,-0.4,-0.4,-0.4,-0.4,-0.3960396039603964,0,highway_0,0,543.6941373397182,881.6941373397182,,-1.2438255647524308
59.4,llm_0,883.8557917668467,-11.8995,21.616544271284727,13.561952110047628,ego_0,-0.4,-0.4,-0.4,-0.4,-0.3960396039603964,0,highway_0,0,545.8557917668467,883.8557917668467,,-1.2480880452775622
59.5,llm_0,886.0134857979356,-11.8995,21.576940310888688,13.436610098629558,ego_0,-0.4,-0.4,-0.4,-0.4,-0.3960396039603964,0,highway_0,0,548.0134857979356,886.0134857979356,,-1.253420114179864
59.6,llm_0,888.1672194329849,-11.8995,21.537336350492648,13.31062901067321,ego_0,-0.4,-0.4,-0.4,-0.4,-0.3960396039603964,0,highway_0,0,550.1672194329849,888.1672194329849,,-1.2598108795628846
59.7,llm_0,890.3169926719945,-11.8995,21.49773239009661,13.183904103949203,ego_0,-0.4,-0.4,-0.4,-0.4,-0.3960396039603964,0,highway_0,0,552.3169926719945,890.3169926719945,,-1.2672490672406092
59.8,llm_0,892.4628055149645,-11.8995,21.45812842970057,13.056331801704573,ego_0,-0.4,-0.4,-0.4,-0.4,-0.3960396039603964,0,highway_0,0,554.4628055149645,892.4628055149645,,-1.2757230224463214
59.9,llm_0,894.604657961895,-11.8995,21.41852446930453,12.927809730518334,ego_0,-0.4,-0.4,-0.4,-0.4,-0.3960396039603964,0,highway_0,0,556.604657961895,894.604657961895,,-1.2852207118620491
60.0,llm_0,896.7425500127858,-11.8995,21.37892050890849,12.798236757921018,ego_0,-0.4,-0.4,-0.4,-0.4,-0.3960396039603964,0,highway_0,0,558.7425500127858,896.7425500127858,,-1.295729725973029
60.1,llm_0,898.8764816676371,-11.8995,21.33931654851245,12.667513029745919,ego_0,-0.4,-0.4,-0.4,-0.4,-0.3960396039603964,0,highway_0,0,560.8764816676371,898.8764816676371,,-1.3072372817511635
60.2,llm_0,901.0064529264488,-11.8995,21.29971258811641,12.535540007178724,ego_0,-0.4,-0.4,-0.4,-0.4,-0.3960396039603964,0,highway_0,0,563.0064529264488,901.0064529264488,,-1.319730225671023
60.3,llm_0,903.132463789221,-11.8995,21.26010862772037,12.402220503472563,ego_0,-0.4,-0.4,-0.4,-0.4,-0.3960396039603964,0,highway_0,0,565.1324637892209,903.1324637892209,,-1.333195037061369
60.4,llm_0,905.2545142559533,-11.8995,21.22050466732433,12.26745872029312,ego_0,-0.4,-0.4,-0.4,-0.4,-0.3960396039603964,0,highway_0,0,567.2545142559533,905.2545142559533,,-1.3476178317947252
60.5,llm_0,907.3726043266461,-11.8995,21.18090070692829,12.131160283661416,ego_0,-0.4,-0.4,-0.4,-0.4,-0.3960396039603964,0,highway_0,0,569.3726043266461,907.3726043266461,,-1.3629843663169474
60.6,llm_0,909.4867340012993,-11.8995,21.14129674653225,11.993232279459562,ego_0,-0.4,-0.4,-0.4,-0.4,-0.3960396039603964,0,highway_0,0,571.4867340012993,909.4867340012993,,-1.3792800420181663
60.7,llm_0,911.5969032799129,-11.8995,21.101692786136212,11.85358328846496,ego_0,-0.4,-0.4,-0.4,-0.4,-0.3960396039603964,0,highway_0,0,573.5969032799129,911.5969032799129,,-1.3964899099459451
60.8,llm_0,913.703112162487,-11.8995,21.062088825740172,11.712123420878811,ego_0,-0.4,-0.4,-0.4,-0.4,-0.3960396039603964,0,highway_0,0,575.703112162487,913.703112162487,,-1.4145986758608657
60.9,llm_0,915.8053606490215,-11.8995,21.022484865344133,11.568764350315405,ego_0,-0.4,-0.4,-0.4,-0.4,-0.3960396039603964,0,highway_0,0,577.8053606490214,915.8053606490214,,-1.433590705634174
61.0,llm_0,917.9036487395163,-11.8995,20.982880904948093,11.423419347216736,ego_0,-0.4,-0.4,-0.4,-0.4,-0.3960396039603964,0,highway_0,0,579.9036487395163,917.9036487395163,,-1.4534500309864882
61.1,llm_0,919.9979764339714,-11.8995,20.943276944552053,11.276003311660133,ego_0,-0.4,-0.4,-0.4,-0.4,-0.3960396039603964,0,highway_0,0,581.9979764339714,919.9979764339714,,-1.4741603555659353
61.2,llm_0,922.088343732387,-11.8995,20.903672984156014,11.126432805523791,ego_0,-0.4,-0.4,-0.4,-0.4,-0.3960396039603964,0,highway_0,0,584.088343732387,922.088343732387,,-1.4957050613634912
61.3,llm_0,924.1747506347631,-11.8995,20.864069023759974,10.974626083977569,ego_0,-0.4,-0.4,-0.4,-0.4,-0.3960396039603964,0,highway_0,0,586.174750634763,924.174750634763,,-1.518067215462601
61.4,llm_0,926.2571971410994,-11.8995,20.824465063363935,10.820503126265635,ego_0,-0.4,-0.4,-0.4,-0.4,-0.3960396039603964,0,highway_0,0,588.2571971410994,926.2571971410994,,-1.541229577119573
61.5,llm_0,928.3356832513963,-11.8995,20.784861102967895,10.663985665748555,ego_0,-0.4,-0.4,-0.4,-0.4,-0.3960396039603964,0,highway_0,0,590.3356832513962,928.3356832513962,,-1.565174605170558
61.6,llm_0,930.4102089656534,-11.8995,20.745257142571855,10.504997219172537,ego_0,-0.4,-0.4,-0.4,-0.4,-0.3960396039603964,0,highway_0,0,592.4102089656534,930.4102089656534,,-1.5898844657602815
61.7,llm_0,932.480774283871,-11.8995,20.705653182175816,10.343463115133773,ego_0,-0.4,-0.4,-0.4,-0.4,-0.3960396039603964,0,highway_0,0,594.480774283871,932.480774283871,,-1.615341040387115
61.8,llm_0,934.5473792060488,-11.8995,20.666049221779776,10.179310521707976,ego_0,-0.4,-0.4,-0.4,-0.4,-0.3960396039603964,0,highway_0,0,596.547379206049,934.547379206049,,-1.641525934258361
61.9,llm_0,936.6100237321873,-11.8995,20.626445261383736,10.012468473213062,ego_0,-0.4,-0.4,-0.4,-0.4,-0.3960396039603964,0,highway_0,0,598.6100237321873,936.6100237321873,,-1.6684204849490882
62.0,llm_0,938.668707862286,-11.8995,20.586841300987697,9.842867896077337,ego_0,-0.4,-0.4,-0.4,-0.4,-0.3960396039603964,0,highway_0,0,600.668707862286,938.668707862286,,-1.6960057713571537
62.1,llm_0,940.7234315963452,-11.8995,20.547237340591657,9.67044163378273,ego_0,-0.4,-0.4,-0.4,-0.4,-0.3960396039603964,0,highway_0,0,602.7234315963452,940.7234315963452,,-1.724262622946565
62.2,llm_0,942.7741949343649,-11.8995,20.507633380195617,9.495124470855671,ego_0,-0.4,-0.4,-0.4,-0.4,-0.3960396039603964,0,highway_0,0,604.7741949343648,942.7741949343648,,-1.7531716292706214
62.3,llm_0,944.8209978763448,-11.8995,20.468029419799578,9.316853155879016,ego_0,-0.4,-0.4,-0.4,-0.4,-0.3960396039603964,0,highway_0,0,606.8209978763448,944.8209978763448,,-1.7827131497658328
62.4,llm_0,946.8638404222852,-11.8995,20.428425459403538,9.13556642349829,ego_0,-0.4,-0.4,-0.4,-0.4,-0.3960396039603964,0,highway_0,0,608.8638404222852,946.8638404222852,,-1.8128673238069943
62.5,llm_0,948.9027225721859,-11.8995,20.3888214990075,8.951205015397022,ego_0,-0.4,-0.4,-0.4,-0.4,-0.3960396039603964,0,highway_0,0,610.9027225721859,948.9027225721859,,-1.8436140810133104
62.6,llm_0,950.9376443260471,-11.8995,20.34921753861146,8.763711700217527,ego_0,-0.4,-0.4,-0.4,-0.4,-0.3960396039603964,0,highway_0,0,612.937644326047,950.937644326047,,-1.8749331517949344
62.7,llm_0,952.9686056838685,-11.8995,20.30961357821542,8.573031292404607,ego_0,-0.4,-0.4,-0.4,-0.4,-0.3960396039603964,0,highway_0,0,614.9686056838685,952.9686056838685,,-1.9068040781288822
62.8,llm_0,954.9956066456505,-11.8995,20.27000961781938,8.379110669949341,ego_0,-0.4,-0.4,-0.4,-0.4,-0.3960396039603964,0,highway_0,0,616.9956066456505,954.9956066456505,,-1.9392062245527448
62.9,llm_0,957.0186472113929,-11.8995,20.23040565742334,8.18189879101294,ego_0,-0.4,-0.4,-0.4,-0.4,-0.3960396039603964,0,highway_0,0,619.0186472113928,957.0186472113928,,-1.9721187893643126
63.0,llm_0,959.0377273810956,-11.8995,20.1908016970273,7.9813467094114685,ego_0,-0.4,-0.4,-0.4,-0.4,-0.3960396039603964,0,highway_0,0,621.0377273810956,959.0377273810956,,-2.0055208160147373
63.1,llm_0,961.0528471547589,-11.8995,20.15119773663126,7.777407588943106,ego_0,-0.4,-0.4,-0.4,-0.4,-0.3960396039603964,0,highway_0,0,623.0528471547588,961.0528471547588,,-2.039391204682623
63.2,llm_0,963.0640065323823,-11.8995,20.11159377623522,7.570036716541608,ego_0,-0.4,-0.4,-0.4,-0.4,-0.3960396039603964,0,highway_0,0,625.0640065323822,963.0640065323822,,-2.0737087240160186
63.3,llm_0,965.0712055139661,-11.8995,20.07198981583918,7.359191514238773,ego_0,-0.4,-0.4,-0.4,-0.4,-0.3960396039603964,0,highway_0,0,627.0712055139661,965.0712055139661,,-2.108452023029063
63.4,llm_0,967.0744440995103,-11.8995,20.03238585544314,7.144831549924788,ego_0,-0.4,-0.4,-0.4,-0.4,-0.3960396039603964,0,highway_0,0,629.0744440995104,967.0744440995104,,-2.1435996431397584
63.5,llm_0,969.0737222890151,-11.8995,19.992781895047102,6.926918546891329,ego_0,-0.4,-0.4,-0.4,-0.4,-0.3960396039603964,0,highway_0,0,631.0737222890151,969.0737222890151,,-2.1791300303351626
63.6,llm_0,971.0690400824803,-11.8995,19.953177934651062,6.705416392146276,ego_0,-0.4,-0.4,-0.4,-0.4,-0.3960396039603964,0,highway_0,0,633.0690400824802,971.0690400824802,,-2.215021547450096
63.7,llm_0,973.0603974799058,-11.8995,19.913573974255023,6.4802911434917405,ego_0,-0.4,-0.4,-0.4,-0.4,-0.3960396039603964,0,highway_0,0,635.0603974799058,973.0603974799058,,-2.2512524865453116
63.8,llm_0,975.0477944812918,-11.8995,19.873970013858983,6.251511035354611,ego_0,-0.4,-0.4,-0.4,-0.4,-0.3960396039603964,0,highway_0,0,637.0477944812917,975.0477944812917,,-2.287801081370997
63.9,llm_0,977.0312310866378,-11.8995,19.834366053462944,6.019046483364491,ego_0,-0.4,-0.4,-0.4,-0.4,-0.3960396039603964,0,highway_0,0,639.031231086638,977.031231086638,,-2.3246455199013774
64.0,llm_0,979.0107072959446,-11.8995,19.794762093066904,5.782870087671881,ego_0,-0.4,-0.4,-0.4,-0.4,-0.3960396039603964,0,highway_0,0,641.0107072959446,979.0107072959446,,-2.361763956926218
64.1,llm_0,980.9862231092117,-11.8995,19.755158132670864,5.5429566350034065,ego_0,-0.4,-0.4,-0.4,-0.4,-0.3960396039603964,0,highway_0,0,642.9862231092117,980.9862231092117,,-2.399134526684918
64.2,llm_0,982.9577785264393,-11.8995,19.715554172274825,5.299283099450463,ego_0,-0.4,-0.4,-0.4,-0.4,-0.3960396039603964,0,highway_0,0,644.9577785264391,982.9577785264391,,-2.4367353555290627
64.3,llm_0,984.925373547627,-11.8995,19.675950211878785,5.0518286419904825,ego_0,-0.4,-0.4,-0.4,-0.4,-0.3960396039603964,0,highway_0,0,646.925373547627,984.925373547627,,-2.474544574599239
64.4,llm_0,986.8890081727753,-11.8995,19.636346251482745,4.8005746087402486,ego_0,-0.4,-0.4,-0.4,-0.4,-0.3960396039603964,0,highway_0,0,648.8890081727753,986.8890081727753,,-2.5125403325021054
64.5,llm_0,988.8486824018842,-11.8995,19.596742291086706,4.545504527942853,ego_0,-0.4,-0.4,-0.4,-0.4,-0.3960396039603964,0,highway_0,0,650.848682401884,988.848682401884,,-2.550700807973797
64.6,llm_0,990.804396234953,-11.8995,19.557138330690666,4.286604105691367,ego_0,-0.4,-0.4,-0.4,-0.4,-0.3960396039603964,0,highway_0,0,652.8043962349531,990.8043962349531,,-2.589004222515939
64.7,llm_0,992.7561496719826,-11.8995,19.517534370294626,4.023861220392291,ego_0,-0.4,-0.4,-0.4,-0.4,-0.3960396039603964,0,highway_0,0,654.7561496719825,992.7561496719825,,-2.6274288529906755
64.8,llm_0,994.7039427129724,-11.8995,19.477930409898587,3.757265915976177,ego_0,-0.4,-0.4,-0.4,-0.4,-0.3960396039603964,0,highway_0,0,656.7039427129723,994.7039427129723,,-2.6659530441614017
64.9,llm_0,996.6477753579226,-11.8995,19.438326449502547,3.4868103938596278,ego_0,-0.4,-0.4,-0.4,-0.4,-0.3960396039603964,0,highway_0,0,658.6477753579226,996.6477753579226,,-2.7045552211660784
65.0,llm_0,998.5876476068331,-11.8995,19.398722489106508,3.2124890036685656,ego_0,-0.4,-0.4,-0.4,-0.4,-0.3960396039603964,0,highway_0,0,660.5876476068332,998.5876476068332,,-2.7432139019102486
65.1,llm_0,1000.5235594597042,-11.8995,19.359118528710468,2.9342982327318623,ego_0,-0.4,-0.4,-0.4,-0.4,-0.3960396039603964,0,highway_0,0,662.5235594597043,1000.5235594597043,,-2.781907709367232
65.2,llm_0,1002.4555109165358,-11.8995,19.31951456831443,2.652236694354542,ego_0,-0.4,-0.4,-0.4,-0.4,-0.3960396039603964,0,highway_0,0,664.4555109165358,1002.4555109165358,,-2.8206153837731556
0,llm_1,319.0,-11.200000000000001,23.5,1000.0,,,,,,0,0,highway_0,0,0.0,319.0,,-1024.5
0.1,llm_1,321.359900990099,-11.200000000000001,23.5990099009901,1000.0,,1.0,1.0,1.0,1.0,0.9900990099010087,0,highway_0,0,2.3599009900989927,321.359900990099,,-1024.59900990099
0.2,llm_1,323.729702970297,-11.200000000000001,23.6980198019802,1000.0,,1.0,1.0,1.0,1.0,0.9900990099010087,0,highway_0,0,4.729702970297012,323.729702970297,,-1024.6980198019803
0.3,llm_1,326.10940594059406,-11.200000000000001,23.797029702970303,1000.0,,1.0,1.0,1.0,1.0,0.9900990099010087,0,highway_0,0,7.109405940594058,326.10940594059406,,-1024.7970297029703
0.4,llm_1,328.4990099009901,-11.200000000000001,23.896039603960403,1000.0,,1.0,1.0,1.0,1.0,0.9900990099010087,0,highway_0,0,9.499009900990075,328.4990099009901,,-1024.8960396039604
0.5,llm_1,330.8985148514851,-11.200000000000001,23.995049504950504,1000.0,,1.0,1.0,1.0,1.0,0.9900990099010087,0,highway_0,0,11.898514851485118,330.8985148514851,,-1024.9950495049504
0.6,llm_1,333.3079207920792,-11.200000000000001,24.094059405940605,1000.0,,1.0,1.0,1.0,1.0,0.9900990099010087,0,highway_0,0,14.307920792079187,333.3079207920792,,-1025.0940594059407
0.7,llm_1,335.7272277227723,-11.200000000000001,24.193069306930706,1000.0,,1.0,1.0,1.0,1.0,0.9900990099010087,0,highway_0,0,16.727227722772284,335.7272277227723,,-1025.1930693069307
0.8,llm_1,338.160396039604,-11.200000000000001,24.331683168316847,1000.0,,1.4,1.4,1.4,1.4,1.3861386138614051,0,highway_0,0,19.160396039603995,338.160396039604,,-1025.3316831683169
0.9,llm_1,340.6074257425743,-11.200000000000001,24.470297029702987,1000.0,,1.4,1.4,1.4,1.4,1.3861386138614051,0,highway_0,0,21.60742574257432,340.6074257425743,,-1025.470297029703
1.0,llm_1,343.06831683168326,-11.200000000000001,24.608910891089128,1000.0,,1.4,1.4,1.4,1.4,1.3861386138614051,0,highway_0,0,24.068316831683262,343.06831683168326,,-1025.6089108910892
1.1,llm_1,345.54306930693076,-11.200000000000001,24.747524752475268,1000.0,,1.4,1.4,1.4,1.4,1.3861386138614051,0,highway_0,0,26.54306930693076,345.54306930693076,,-1025.7475247524753
1.2,llm_1,348.0316831683169,-11.200000000000001,24.88613861386141,1000.0,,1.4,1.4,1.4,1.4,1.3861386138614051,0,highway_0,0,29.031683168316874,348.0316831683169,,-1025.8861386138615
1.3,llm_1,350.5341584158416,-11.200000000000001,25.02475247524755,1000.0,,1.4,1.4,1.4,1.4,1.3861386138614051,0,highway_0,0,31.534158415841603,350.5341584158416,,-1026.0247524752476
1.4,llm_1,353.05049504950495,-11.200000000000001,25.16336633663369,1000.0,,1.4,1.4,1.4,1.4,1.3861386138614051,0,highway_0,0,34.050495049504946,353.05049504950495,,-1026.1633663366338
1.5,llm_1,355.5806930693069,-11.200000000000001,25.30198019801983,1000.0,,1.4,1.4,1.4,1.4,1.3861386138614051,0,highway_0,0,36.5806930693069,355.5806930693069,,-1026.30198019802
1.6,llm_1,358.1247524752475,-11.200000000000001,25.44059405940597,1000.0,,1.4,1.4,1.4,1.4,1.3861386138614051,0,highway_0,0,39.124752475247476,358.1247524752475,,-1026.440594059406
1.7,llm_1,360.68267326732666,-11.200000000000001,25.57920792079211,1000.0,,1.4,1.4,1.4,1.4,1.3861386138614051,0,highway_0,0,41.68267326732666,360.68267326732666,,-1026.5792079207922
1.8,llm_1,363.25445544554447,-11.200000000000001,25.71782178217825,1000.0,,1.4,1.4,1.4,1.4,1.3861386138614051,0,highway_0,0,44.254455445544465,363.25445544554447,,-1026.7178217821784
1.9,llm_1,365.8400990099009,-11.200000000000001,25.856435643564392,1000.0,,1.4,1.4,1.4,1.4,1.3861386138614051,0,highway_0,0,46.84009900990088,365.8400990099009,,-1026.8564356435643
2.0,llm_1,368.4396039603959,-11.200000000000001,25.995049504950533,1000.0,,1.4,1.4,1.4,1.4,1.3861386138614051,0,highway_0,0,49.439603960395914,368.4396039603959,,-1026.9950495049504
2.1,llm_1,371.05297029702956,-11.200000000000001,26.133663366336673,1000.0,,1.4,1.4,1.4,1.4,1.3861386138614051,0,highway_0,0,52.05297029702956,371.05297029702956,,-1027.1336633663366
2.2,llm_1,373.6801980198018,-11.200000000000001,26.272277227722814,1000.0,,1.4,1.4,1.4,1.4,1.3861386138614051,0,highway_0,0,54.68019801980182,373.6801980198018,,-1027.2722772277227
2.3,llm_1,376.3212871287127,-11.190000000000001,26.410891089108954,1000.0,,1.4,1.4,1.4,1.4,1.3861386138614051,0,highway_0,0,57.3212871287127,376.3212871287127,,-1027.4108910891089
2.4,llm_1,378.958415841584,-11.170000000000002,26.371287128712915,1000.0,,-0.4,-0.4,-0.4,-0.4,-0.3960396039603964,0,highway_0,0,59.958415841583985,378.958415841584,,-1027.371287128713
2.5,llm_1,381.5915841584157,-11.14,26.331683168316875,1000.0,,-0.4,-0.4,-0.4,-0.4,-0.3960396039603964,0,highway_0,0,62.591584158415685,381.5915841584157,,-1027.3316831683169
2.6,llm_1,384.22079207920774,-11.100000000000001,26.292079207920835,1000.0,,-0.4,-0.4,-0.4,-0.4,-0.3960396039603964,0,highway_0,0,65.22079207920774,384.22079207920774,,-1027.2920792079208
2.7,llm_1,386.8460396039602,-11.05,26.252475247524796,1000.0,,-0.4,-0.4,-0.4,-0.4,-0.3960396039603964,0,highway_0,0,67.84603960396021,386.8460396039602,,-1027.252475247525
2.8,llm_1,389.4301525646186,-10.99,25.84112960658412,1000.0,,-4.154590973500843,-4.154590973500843,-4.154590973500843,-4.154590973500843,-4.113456409406773,0,highway_0,0,70.4301525646186,389.4301525646186,,-1026.8411296065842
2.9,llm_1,391.974880906436,-10.920000000000002,25.447283418174262,1000.0,,-3.977846502939551,-3.977846502939551,-3.977846502939551,-3.977846502939551,-3.9384618840985652,0,highway_0,0,72.974880906436,391.974880906436,,-1026.4472834181743
3.0,llm_1,394.4818303259482,-10.840000000000002,25.069494195121962,1000.0,,-3.815671152828255,-3.815671152828255,-3.815671152828255,-3.815671152828255,-3.777892230523001,0,highway_0,0,75.48183032594818,394.4818303259482,,-1026.069494195122
3.1,llm_1,396.952476366017,-10.770000000000001,24.70646040068772,1000.0,,-3.666641323785832,-3.666641323785832,-3.666641323785832,-3.666641323785832,-3.6303379443424078,0,highway_0,0,77.95247636601698,396.952476366017,,-1025.7064604006878
3.2,llm_1,399.38817711729007,-10.71,24.35700751273112,1000.0,,-3.529474168361693,-3.529474168361693,-3.529474168361693,-3.529474168361693,-3.494528879566019,0,highway_0,0,80.38817711729007,399.38817711729007,,-1025.3570075127311
3.3,llm_1,401.79018458994136,-10.71,24.020074726513023,1000.0,,-3.403021140802764,-3.403021140802764,-3.403021140802764,-3.403021140802764,-3.3693278621809597,0,highway_0,0,82.79018458994136,401.79018458994136,,-1025.020074726513
3.4,llm_1,404.1466551201892,-10.71,23.564705302478785,1000.0,,-4.599231182745829,-4.599231182745829,-4.599231182745829,-4.599231182745829,-4.553694240342381,0,highway_0,0,85.14665512018922,404.1466551201892,,-1024.5647053024788
3.5,llm_1,406.45342191711325,-10.71,23.06766796924014,1000.0,,-5.02007706571033,-5.02007706571033,-5.02007706571033,-5.02007706571033,-4.970373332386444,0,highway_0,0,87.45342191711325,406.45342191711325,,-1024.0676679692401
3.6,llm_1,408.7098170534858,-10.71,22.563951363725092,1000.0,,-5.087537715701993,-5.087537715701993,-5.087537715701993,-5.087537715701993,-5.037166055150486,0,highway_0,0,89.70981705348578,408.7098170534858,,-1023.5639513637251
3.7,llm_1,410.9170093162004,-10.71,22.071922627146225,1000.0,,-4.96949023944655,-4.96949023944655,-4.96949023944655,-4.96949023944655,-4.920287365788667,0,highway_0,0,91.91700931620039,410.9170093162004,,-1023.0719226271463
3.8,llm_1,413.07710338389535,-10.71,21.600940676949605,1000.0,,-4.756917696985848,-4.756917696985848,-4.756917696985848,-4.756917696985848,-4.7098195019662015,0,highway_0,0,94.07710338389535,413.07710338389535,,-1022.6009406769496
3.9,llm_1,415.19262685913077,-10.71,21.15523475235438,1000.0,,-4.50162983841175,-4.50162983841175,-4.50162983841175,-4.50162983841175,-4.457059245952237,0,highway_0,0,96.19262685913077,415.19262685913077,,-1022.1552347523544
4.0,llm_1,417.2662380494325,-10.71,20.736111903017576,1000.0,,-4.233140778301725,-4.233140778301725,-4.233140778301725,-4.233140778301725,-4.191228493368051,0,highway_0,0,98.2662380494325,417.2662380494325,,-1021.7361119030176
4.1,llm_1,419.30056293914487,-10.700000000000001,20.343248897123896,1000.0,,-3.9679163595261544,-3.9679163595261544,-3.9679163595261544,-3.9679163595261544,-3.928630058936804,0,highway_0,0,100.30056293914487,419.30056293914487,,-1021.3432488971239
4.2,llm_1,421.2981081739778,-10.680000000000001,19.975452348329675,1000.0,,-3.7147451428216147,-3.7147451428216147,-3.7147451428216147,-3.7147451428216147,-3.6779654879422097,0,highway_0,0,102.29810817397782,421.2981081739778,,-1020.9754523483297
4.3,llm_1,423.26121861594396,-10.65,19.631104419661586,1000.0,,-3.477914079547694,-3.477914079547694,-3.477914079547694,-3.477914079547694,-3.4434792866808905,0,highway_0,0,104.26121861594396,423.26121861594396,,-1020.6311044196616
4.4,llm_1,425.19206076262867,-10.610000000000001,19.308421466847282,1000.0,,-3.2590978234244465,-3.2590978234244465,-3.2590978234244465,-3.2590978234244465,-3.2268295281430426,0,highway_0,0,106.19206076262867,425.19206076262867,,-1020.3084214668473
4.5,llm_1,427.09262087811123,-10.57,19.005601154825467,1000.0,,-3.058485151420351,-3.058485151420351,-3.058485151420351,-3.058485151420351,-3.0282031202181514,0,highway_0,0,108.09262087811123,427.09262087811123,,-1020.0056011548255
4.6,llm_1,428.964711189569,-10.540000000000001,18.720903114577577,1000.0,,-2.875450206503677,-2.875450206503677,-2.875450206503677,-2.875450206503677,-2.8469804024788914,0,highway_0,0,109.96471118956902,428.964711189569,,-1019.7209031145776
4.7,llm_1,430.8114413290536,-10.520000000000001,18.467301394845563,1000.0,,-2.561377369293312,-2.561377369293312,-2.561377369293312,-2.561377369293312,-2.5360171973201417,0,highway_0,0,111.8114413290536,430.8114413290536,,-1019.4673013948455
4.8,llm_1,432.6339020171255,-10.510000000000002,18.224606880718582,1000.0,,-2.4512145926825175,-2.4512145926825175,-2.4512145926825175,-2.4512145926825175,-2.4269451412698118,0,highway_0,0,113.63390201712548,432.6339020171255,,-1019.2246068807186
4.9,llm_1,434.4331363180371,-10.510000000000002,17.99234300911609,1000.0,,-2.345865103185145,-2.345865103185145,-2.345865103185145,-2.345865103185145,-2.322638716024912,0,highway_0,0,115.4331363180371,434.4331363180371,,-1018.9923430091161
5.0,llm_1,436.21013133230207,-10.5015,17.769950142649755,1000.0,,-2.24616795130997,-2.24616795130997,-2.24616795130997,-2.24616795130997,-2.2239286646633616,0,highway_0,0,117.21013133230207,436.21013133230207,,-1018.7699501426498
5.1,llm_1,437.9658140279442,-10.5015,17.556826956421087,1000.0,,-2.1525441809095285,-2.1525441809095285,-2.1525441809095285,-2.1525441809095285,-2.1312318622866755,0,highway_0,0,118.96581402794419,437.9658140279442,,-1018.5568269564211
5.2,llm_1,439.7010498446198,-10.5015,17.352358166756108,1000.0,,-2.0651347756163028,-2.0651347756163028,-2.0651347756163028,-2.0651347756163028,-2.0446878966497906,0,highway_0,0,120.70104984461977,439.7010498446198,,-1018.3523581667561
5.3,llm_1,441.4166431232142,-10.5015,17.15593278594451,1000.0,,-1.9838963461971062,-1.9838963461971062,-1.9838963461971062,-1.9838963461971062,-1.96425380811597,0,highway_0,0,122.41664312321421,441.4166431232142,,-1018.1559327859445
5.4,llm_1,443.11333870548805,-10.4915,16.966955822738342,1000.0,,-1.908667328382323,-1.908667328382323,-1.908667328382323,-1.908667328382323,-1.889769632061693,0,highway_0,0,124.11333870548805,443.11333870548805,,-1017.9669558227383
5.5,llm_1,444.7918242521098,-10.4715,16.784855466217675,1000.0,,-1.8392136008587388,-1.8392136008587388,-1.8392136008587388,-1.8392136008587388,-1.8210035652066736,0,highway_0,0,125.79182425210979,444.7918242521098,,-1017.7848554662177
5.6,llm_1,446.4527329696425,-10.441500000000001,16.609087175327385,1000.0,,-1.7752597379919033,-1.7752597379919033,-1.7752597379919033,-1.7752597379919033,-1.7576829089028934,0,highway_0,0,127.45273296964251,446.4527329696425,,-1017.6090871753274
5.7,llm_1,448.09664653633837,-10.4015,16.439135666958506,1000.0,,-1.716510234525694,-1.716510234525694,-1.716510234525694,-1.716510234525694,-1.6995150836887873,0,highway_0,0,129.09664653633837,448.09664653633837,,-1017.4391356669585
5.8,llm_1,449.72409808587753,-10.351500000000001,16.274515495391352,1000.0,,-1.6626637328282543,-1.6626637328282543,-1.6626637328282543,-1.6626637328282543,-1.6462017156715447,0,highway_0,0,130.72409808587753,449.72409808587753,,-1017.2745154953914
5.9,llm_1,451.3355751564728,-10.291500000000001,16.114770705952843,1000.0,,-1.6134223733289756,-1.6134223733289756,-1.6134223733289756,-1.6134223733289756,-1.5974478943850912,0,highway_0,0,132.33557515647283,451.3355751564728,,-1017.1147707059529
6.0,llm_1,452.9315225463324,-10.2215,15.959473898596093,1000.0,,-1.5684977543031837,-1.5684977543031837,-1.5684977543031837,-1.5684977543031837,-1.5529680735675022,0,highway_0,0,133.93152254633242,452.9315225463324,,-1016.9594738985961
6.1,llm_1,454.5123450397179,-10.1415,15.808224933854321,1000.0,,-1.527614543891898,-1.527614543891898,-1.527614543891898,-1.527614543891898,-1.5124896474177163,0,highway_0,0,135.51234503971784,454.51234503971784,,-1016.8082249338544
6.2,llm_1,456.0784099838272,-10.0515,15.6606494410942,1000.0,,-1.4905124768772016,-1.4905124768772016,-1.4905124768772016,-1.4905124768772016,-1.475754927601205,0,highway_0,0,137.07840998382727,456.07840998382727,,-1016.6606494410942
6.3,llm_1,457.63004970763063,-9.951500000000001,15.516397238033507,1000.0,,-1.4569472509129966,-1.4569472509129966,-1.4569472509129966,-1.4569472509129966,-1.4425220306069342,0,highway_0,0,138.63004970763063,457.63004970763063,,-1016.5163972380335
6.4,llm_1,459.1675637811004,-9.8515,15.375140734697672,1000.0,,-1.426690683691941,-1.426690683691941,-1.426690683691941,-1.426690683691941,-1.412565033358355,0,highway_0,0,140.1675637811004,459.1675637811004,,-1016.3751407346977
6.5,llm_1,460.69122111808974,-9.7515,15.23657336989299,1000.0,,-1.3995303845272744,-1.3995303845272744,-1.3995303845272744,-1.3995303845272744,-1.385673648046808,0,highway_0,0,141.6912211180897,460.6912211180897,,-1016.236573369893
6.6,llm_1,462.20126192916246,-9.6515,15.100408110727953,1000.0,,-1.3752691175668947,-1.3752691175668947,-1.3752691175668947,-1.3752691175668947,-1.3616525916503797,0,highway_0,0,143.20126192916246,462.20126192916246,,-1016.1004081107279
6.7,llm_1,463.6978995325131,-9.551499999999999,14.966376033506155,1000.0,,-1.3537239799401655,-1.3537239799401655,-1.3537239799401655,-1.3537239799401655,-1.3403207722179822,0,highway_0,1,144.69789953251308,463.6978995325131,,-1015.9663760335062
6.8,llm_1,465.18132203210143,-9.4515,14.834224995882913,1000.0,,-1.3347254799947388,-1.3347254799947388,-1.3347254799947388,-1.3347254799947388,-1.3215103762324176,0,highway_0,1,146.18132203210138,465.1813220321014,,-1015.8342249958829
6.9,llm_1,466.6516938725432,-9.3515,14.703718404417453,1000.0,,-1.318116573801149,-1.318116573801149,-1.318116573801149,-1.318116573801149,-1.3050659146546018,0,highway_0,1,147.65169387254315,466.65169387254315,,-1015.7037184044175
7.0,llm_1,468.1091572803211,-9.251499999999998,14.574634077779614,1000.0,,-1.3037516990421687,-1.3037516990421687,-1.3037516990421687,-1.3037516990421687,-1.290843266378392,0,highway_0,1,149.10915728032109,468.1091572803211,,-1015.5746340777796
7.1,llm_1,469.5538336006538,-9.151499999999999,14.446763203327045,1000.0,,-1.2914958319709475,-1.2914958319709475,-1.2914958319709475,-1.2914958319709475,-1.2787087445256873,0,highway_0,1,150.55383360065377,469.5538336006538,,-1015.446763203327
7.2,llm_1,470.98582453896967,-9.051499999999999,14.319909383159342,1000.0,,-1.2812235836937975,-1.2812235836937975,-1.2812235836937975,-1.2812235836937975,-1.268538201677032,0,highway_0,1,151.98582453896972,470.9858245389697,,-1015.3199093831594
7.3,llm_1,472.4052133154494,-8.9515,14.193887764797195,1000.0,,-1.272818345457679,-1.272818345457679,-1.272818345457679,-1.272818345457679,-1.2602161836214698,0,highway_0,1,153.40521331544943,472.40521331544943,,-1015.1938877647972
7.4,llm_1,473.812065740562,-8.851499999999998,14.068524251126096,1000.0,,-1.266171488078093,-1.266171488078093,-1.266171488078093,-1.266171488078093,-1.2536351367109866,0,highway_0,1,154.81206574056205,473.81206574056205,,-1015.0685242511261
7.5,llm_1,475.2064312189663,-8.751499999999998,13.943654784042522,1000.0,,-1.261181617544095,-1.261181617544095,-1.261181617544095,-1.261181617544095,-1.2486946708357394,0,highway_0,1,156.20643121896632,475.2064312189663,,-1014.9436547840426
7.6,llm_1,476.5883436885907,-8.651499999999999,13.819124696244032,1000.0,,-1.2577538867647546,-1.2577538867647546,-1.2577538867647546,-1.2577538867647546,-1.2453008779849029,0,highway_0,1,157.58834368859073,476.5883436885907,,-1014.819124696244
7.7,llm_1,477.95782250116486,-8.551499999999999,13.69478812574154,1000.0,,-1.255799362075149,-1.255799362075149,-1.255799362075149,-1.255799362075149,-1.2433657050249103,0,highway_0,1,158.95782250116486,477.95782250116486,,-1014.6947881257415
7.8,llm_1,479.314873249954,-8.4515,13.570507487891547,1000.0,,-1.2552344422849377,-1.2552344422849377,-1.2552344422849377,-1.2552344422849377,-1.2428063784999388,0,highway_0,1,160.31487324995402,479.314873249954,,-1014.5705074878915
7.9,llm_1,480.6594885499553,-8.3515,13.446153000012915,1000.0,,-1.2559803275741799,-1.2559803275741799,-1.2559803275741799,-1.2559803275741799,-1.2435448787863201,0,highway_0,1,161.6594885499553,480.6594885499553,,-1014.4461530000129
8.0,llm_1,481.9916487753496,-8.251499999999998,13.321602253942745,1000.0,,-1.2579625353087294,-1.2579625353087294,-1.2579625353087294,-1.2579625353087294,-1.2455074607017025,0,highway_0,1,162.99164877534957,481.9916487753496,,-1014.3216022539427
8.1,llm_1,483.31132275856777,-8.151499999999999,13.196739832182143,1000.0,,-1.2611104597820817,-1.2611104597820817,-1.2611104597820817,-1.2611104597820817,-1.248624217606018,0,highway_0,1,164.31132275856777,483.31132275856777,,-1014.1967398321822
8.2,llm_1,484.6184684549252,-8.051499999999999,13.071456963574715,1000.0,,-1.265356972935018,-1.265356972935018,-1.265356972935018,-1.265356972935018,-1.252828686074281,0,highway_0,1,165.61846845492522,484.6184684549252,,-1014.0714569635747
8.3,llm_1,485.9130335763993,-7.951499999999999,12.945651214741169,1000.0,,-1.270638063218823,-1.270638063218823,-1.270638063218823,-1.270638063218823,-1.25805748833546,0,highway_0,1,166.91303357639936,485.91303357639936,,-1013.9456512147411
8.4,llm_1,487.19495619777524,-7.851499999999999,12.819226213758657,1000.0,,-1.276892509923365,-1.276892509923365,-1.276892509923365,-1.276892509923365,-1.264250009825112,0,highway_0,1,168.19495619777524,487.19495619777524,,-1013.8192262137586
8.5,llm_1,488.46416533805734,-7.751499999999999,12.692091402821239,1000.0,,-1.2840615904679238,-1.2840615904679238,-1.2840615904679238,-1.2840615904679238,-1.271348109374184,0,highway_0,1,169.46416533805734,488.46416533805734,,-1013.6920914028212
8.6,llm_1,489.7205815197421,-7.651499999999999,12.564161816847324,1000.0,,-1.2920888183365427,-1.2920888183365427,-1.2920888183365427,-1.2920888183365427,-1.2792958597391468,0,highway_0,1,170.7205815197421,489.7205815197421,,-1013.5641618168473
8.7,llm_1,490.96411730826327,-7.551499999999999,12.435357885211582,1000.0,,-1.300919709520989,-1.300919709520989,-1.300919709520989,-1.300919709520989,-1.2880393163574233,0,highway_0,1,171.96411730826327,490.96411730826327,,-1013.4353578852116
8.8,llm_1,492.19467783366053,-7.451499999999999,12.305605253973253,1000.0,,-1.3105015755071228,-1.3105015755071228,-1.3105015755071228,-1.3105015755071228,-1.2975263123832903,0,highway_0,1,173.1946778336606,492.1946778336606,,-1013.3056052539732
8.9,llm_1,493.412435967813,-7.351499999999999,12.177581341523604,1000.0,,-1.293041515741438,-1.293041515741438,-1.293041515741438,-1.293041515741438,-1.2802391244964895,0,highway_0,1,174.41243596781294,493.41243596781294,,-1013.1775813415236
9.0,llm_1,494.61832186594125,-7.251499999999999,12.05885898128279,1000.0,,-1.1990958384321986,-1.1990958384321986,-1.1990958384321986,-1.1990958384321986,-1.1872236024081317,0,highway_0,1,175.6183218659412,494.6183218659412,,-1013.0588589812828
9.1,llm_1,495.81317228258195,-7.151499999999999,11.948504166408105,1000.0,,-1.1145836302343284,-1.1145836302343284,-1.1145836302343284,-1.1145836302343284,-1.1035481487468601,0,highway_0,1,176.813172282582,495.813172282582,,-1012.9485041664082
9.2,llm_1,496.99774314929834,-7.051499999999999,11.84570866716343,1000.0,,-1.0382345423712107,-1.0382345423712107,-1.0382345423712107,-1.0382345423712107,-1.0279549924467446,0,highway_0,1,177.99774314929834,496.99774314929834,,-1012.8457086671634
9.3,llm_1,498.17272002513033,-6.951499999999999,11.749768758320274,1000.0,,-0.9689930793158823,-0.9689930793158823,-0.9689930793158823,-0.9689930793158823,-0.9593990884315673,0,highway_0,1,179.1727200251304,498.1727200251304,,-1012.7497687583203
9.4,llm_1,499.33872684805374,-6.851499999999999,11.660068229233762,1000.0,,-0.9059753437737739,-0.9059753437737739,-0.9059753437737739,-0.9059753437737739,-0.8970052908651205,0,highway_0,1,180.33872684805374,499.33872684805374,,-1012.6600682292337
9.5,llm_1,500.4963333167052,-6.761499999999999,11.576064686514691,1000.0,,-0.8484357814626173,-0.8484357814626173,-0.8484357814626173,-0.8484357814626173,-0.8400354271907062,0,highway_0,1,181.4963333167052,500.4963333167052,,-1012.5760646865147
9.6,llm_1,501.64606115826786,-6.681499999999999,11.49727841562678,1000.0,,-0.7957413359678958,-0.7957413359678958,-0.7957413359678958,-0.7957413359678958,-0.7878627088791035,0,highway_0,1,182.64606115826786,501.64606115826786,,-1012.4972784156267
9.7,llm_1,502.78838948337705,-6.611499999999999,11.423283251092029,1000.0,,-0.7473511618009834,-0.7473511618009834,-0.7473511618009834,-0.7473511618009834,-0.7399516453475208,0,highway_0,1,183.78838948337705,502.78838948337705,,-1012.423283251092
9.8,llm_1,503.9237593871642,-6.551499999999999,11.353699037872154,1000.0,,-0.702800553520736,-0.702800553520736,-0.702800553520736,-0.702800553520736,-0.6958421321987451,0,highway_0,1,184.92375938716424,503.92375938716424,,-1012.3536990378722
9.9,llm_1,505.05257792356423,-6.501499999999998,11.288185364000558,1000.0,,-0.6616881061031166,-0.6616881061031166,-0.6616881061031166,-0.6616881061031166,-0.6551367387159601,0,highway_0,1,186.0525779235643,505.0525779235643,,-1012.2881853640006
10.0,llm_1,506.1752215552552,-6.4514999999999985,11.226436316908986,1000.0,,-0.6236653756248824,-0.6236653756248824,-0.6236653756248824,-0.6236653756248824,-0.6174904709157225,0,highway_0,1,187.17522155525518,506.1752215552552,,-1012.226436316909
10.1,llm_1,507.29203916227306,-6.411499999999998,11.168176070178772,1000.0,,-0.5884284919751681,-0.5884284919751681,-0.5884284919751681,-0.5884284919751681,-0.5826024673021379,0,highway_0,1,188.29203916227306,507.29203916227306,,-1012.1681760701788
10.2,llm_1,508.4033546771302,-6.381499999999998,11.113155148570955,1000.0,,-0.5557113082389433,-0.5557113082389433,-0.5557113082389433,-0.5557113082389433,-0.5502092160781658,0,highway_0,2,189.40335467713015,508.40335467713015,,-1012.113155148571
10.3,llm_1,509.5094694021933,-6.381499999999998,11.061147250631347,1000.0,,-0.5252797691900319,-0.5252797691900319,-0.5252797691900319,-0.5252797691900319,-0.5200789793960858,0,highway_0,2,190.5094694021933,509.5094694021933,,-1012.0611472506314
10.4,llm_1,510.61066405543465,-6.391499999999999,11.011946532413228,1000.0,,-0.4969272540030021,-0.4969272540030021,-0.4969272540030021,-0.4969272540030021,-0.49200718218118666,0,highway_0,2,191.61066405543465,510.61066405543465,,-1012.0119465324133
10.5,llm_1,511.70720058290567,-6.411499999999998,10.965365274709617,1000.0,,-0.47047070280648495,-0.47047070280648495,-0.47047070280648495,-0.47047070280648495,-0.465812577036111,0,highway_0,1,192.7072005829056,511.7072005829056,,-1011.9653652747096
10.6,llm_1,512.7993237700008,-6.441499999999999,10.921231870951697,1000.0,,-0.445747377954985,-0.445747377954985,-0.445747377954985,-0.445747377954985,-0.44133403757919965,0,highway_0,1,193.7993237700008,512.7993237700008,,-1011.9212318709517
10.7,llm_1,513.8872626784586,-6.481499999999999,10.879389084577804,1000.0,,-0.4226121423763247,-0.4226121423763247,-0.4226121423763247,-0.4226121423763247,-0.4184278637389305,0,highway_0,1,194.88726267845857,513.8872626784586,,-1011.8793890845778
10.8,llm_1,514.9712319318514,-6.5314999999999985,10.839692533928135,1000.0,,-0.40093516156165765,-0.40093516156165765,-0.40093516156165765,-0.40093516156165765,-0.3969655064966915,0,highway_0,1,195.97123193185143,514.9712319318514,,-1011.8396925339281
10.9,llm_1,516.0514328688629,-6.591499999999998,10.802009370114186,1000.0,,-0.3805999545208747,-0.3805999545208747,-0.3805999545208747,-0.3805999545208747,-0.3768316381394854,0,highway_0,1,197.0514328688629,516.0514328688629,,-1011.8020093701142
11.0,llm_1,517.1280545807886,-6.661499999999998,10.766217119256924,1000.0,,-0.3615017336583397,-0.3615017336583397,-0.3615017336583397,-0.3615017336583397,-0.35792250857262786,0,highway_0,1,198.12805458078856,517.1280545807886,,-1011.7662171192569
11.1,llm_1,518.201274847318,-6.7414999999999985,10.732202665295132,1000.0,,-0.3435459850140874,-0.3435459850140874,-0.3435459850140874,-0.3435459850140874,-0.340144539617917,0,highway_0,1,199.20127484731802,518.201274847318,,-1011.7322026652952
11.2,llm_1,519.2712609826654,-6.831499999999998,10.699861353473839,1000.0,,-0.3266472493950545,-0.3266472493950545,-0.3266472493950545,-0.3266472493950545,-0.3234131182129296,0,highway_0,1,200.27126098266535,519.2712609826654,,-1011.6998613534738
11.3,llm_1,520.338170602447,-6.931499999999999,10.669096197816616,1000.0,,-0.3107280721379444,-0.3107280721379444,-0.3107280721379444,-0.3107280721379444,-0.3076515565722282,0,highway_0,1,201.338170602447,520.338170602447,,-1011.6690961978167
11.4,llm_1,521.4021523202979,-7.0314999999999985,10.63981717850827,1000.0,,-0.295718095014305,-0.295718095014305,-0.295718095014305,-0.295718095014305,-0.29279019308345866,0,highway_0,1,202.4021523202979,521.4021523202979,,-1011.6398171785082
11.5,llm_1,522.4633463820257,-7.131499999999999,10.61194061727811,1000.0,,-0.28155326842462847,-0.28155326842462847,-0.28155326842462847,-0.28155326842462847,-0.27876561230160135,0,highway_0,1,203.46334638202575,522.4633463820257,,-1011.6119406172782
11.6,llm_1,523.5218852440925,-7.231499999999999,10.585388620666903,1000.0,,-0.2681751657731981,-0.2681751657731981,-0.2681751657731981,-0.2681751657731981,-0.2655199661120733,0,highway_0,1,204.52188524409246,523.5218852440925,,-1011.5853886206669
11.7,llm_1,524.5778941023477,-7.331499999999998,10.560088582552531,1000.0,,-0.2555303849551518,-0.2555303849551518,-0.2555303849551518,-0.2555303849551518,-0.2530003811437176,0,highway_0,1,205.57789410234773,524.5778941023477,,-1011.5600885825526
11.8,llm_1,525.6314913762034,-7.431499999999999,10.535972738555893,1000.0,,-0.24357002436603237,-0.24357002436603237,-0.24357002436603237,-0.24357002436603237,-0.2411584399663802,0,highway_0,1,206.63149137620337,525.6314913762034,,-1011.5359727385559
11.9,llm_1,526.6827891528028,-7.5314999999999985,10.512977765994062,1000.0,,-0.23224922287448369,-0.23224922287448369,-0.23224922287448369,-0.23224922287448369,-0.22994972561830807,0,highway_0,1,207.6827891528028,526.6827891528028,,-1011.512977765994
12.0,llm_1,527.7318935951956,-7.631499999999999,10.49104442392783,1000.0,,-0.22152675486895768,-0.22152675486895768,-0.22152675486895768,-0.22152675486895768,-0.21933342066231987,0,highway_0,1,208.73189359519563,527.7318935951956,,-1011.4910444239279
12.1,llm_1,528.7789053180551,-7.731499999999999,10.470117228594296,1000.0,,-0.21136467286871619,-0.21136467286871619,-0.21136467286871619,-0.21136467286871619,-0.20927195333534598,0,highway_0,1,209.77890531805508,528.7789053180551,,-1011.4701172285943
12.2,llm_1,529.8239197340696,-7.831499999999998,10.450144160145456,1000.0,,-0.20172799133329278,-0.20172799133329278,-0.20172799133329278,-0.20172799133329278,-0.19973068448839726,0,highway_0,1,210.8239197340696,529.8239197340696,,-1011.4501441601454
12.3,llm_1,530.8670273737846,-7.931499999999999,10.431076397149761,1000.0,,-0.19258440625651763,-0.19258440625651763,-0.19258440625651763,-0.19258440625651763,-0.19067762995694792,0,highway_0,1,211.8670273737846,530.8670273737846,,-1011.4310763971498
12.4,llm_1,531.9083141813617,-8.0315,10.41286807577091,1000.0,,-0.18390404592639742,-0.18390404592639742,-0.18390404592639742,-0.18390404592639742,-0.18208321378851977,0,highway_0,1,212.90831418136167,531.9083141813617,,-1011.4128680757709
12.5,llm_1,532.9478617884546,-8.131499999999999,10.395476070929458,1000.0,,-0.17565924889864526,-0.17565924889864526,-0.17565924889864526,-0.17565924889864526,-0.1739200484145087,0,highway_0,1,213.9478617884546,532.9478617884546,,-1011.3954760709295
12.6,llm_1,533.9857477681635,-8.231499999999999,10.378859797088651,1000.0,,-0.16782436579214854,-0.16782436579214854,-0.16782436579214854,-0.16782436579214854,-0.16616273840806883,0,highway_0,1,214.9857477681635,533.9857477681635,,-1011.3788597970887
12.7,llm_1,535.0220458708229,-8.331499999999998,10.362981026594836,1000.0,,-0.16037558198754187,-0.16037558198754187,-0.16037558198754187,-0.16037558198754187,-0.15878770493815253,0,highway_0,1,216.02204587082292,535.0220458708229,,-1011.3629810265949
12.8,llm_1,536.0568262431982,-8.431499999999998,10.347803723752238,1000.0,,-0.15329075871024211,-0.15329075871024211,-0.15329075871024211,-0.15329075871024211,-0.1517730284259855,0,highway_0,1,217.0568262431982,536.0568262431982,,-1011.3478037237522
12.9,llm_1,537.0901556325009,-8.5315,10.333293893027589,1000.0,,-0.1465492903189518,-0.1465492903189518,-0.1465492903189518,-0.1465492903189518,-0.1450983072464851,0,highway_0,1,218.0901556325009,537.0901556325009,,-1011.3332938930276
13.0,llm_1,538.1220975764976,-8.631499999999999,10.319419439967213,1000.0,,-0.1401319759098043,-0.1401319759098043,-0.1401319759098043,-0.1401319759098043,-0.13874453060376268,0,highway_0,1,219.1220975764976,538.1220975764976,,-1011.3194194399672
13.1,llm_1,539.1527125808548,-8.731499999999999,10.306150043571856,1000.0,,-0.13402090359311059,-0.13402090359311059,-0.13402090359311059,-0.13402090359311059,-0.13269396395356736,0,highway_0,1,220.15271258085477,539.1527125808548,,-1011.3061500435718
13.2,llm_1,540.1820582847564,-8.831499999999998,10.293457039016321,1000.0,,-0.12819934601089655,-0.12819934601089655,-0.12819934601089655,-0.12819934601089655,-0.12693004555535126,0,highway_0,1,221.1820582847564,540.1820582847564,,-1011.2934570390163
13.3,llm_1,541.2101896157288,-8.931499999999998,10.281313309724766,1000.0,,-0.12265166584470233,-0.12265166584470233,-0.12265166584470233,-0.12265166584470233,-0.12143729291555161,0,highway_0,1,222.21018961572884,541.2101896157288,,-1011.2813133097247
13.4,llm_1,542.237158934521,-9.0315,10.269693187920902,1000.0,,-0.11736323021902129,-0.11736323021902129,-0.11736323021902129,-0.11736323021902129,-0.11620121803863626,0,highway_0,1,223.23715893452095,542.237158934521,,-1011.2696931879209
13.5,llm_1,543.2630161708076,-9.131499999999999,10.258572362867417,1000.0,,-0.11232033304020961,-0.11232033304020961,-0.11232033304020961,-0.11232033304020961,-0.11120825053485106,0,highway_0,1,224.26301617080765,543.2630161708076,,-1011.2585723628674
13.6,llm_1,544.2878089504169,-9.221499999999999,10.24792779609247,1000.0,,-0.10751012442694252,-0.10751012442694252,-0.10751012442694252,-0.10751012442694252,-0.10644566774946185,0,highway_0,1,225.2878089504169,544.2878089504169,,-1011.2479277960924
13.7,llm_1,545.3115827147144,-9.301499999999999,10.237737642974755,1000.0,,-0.10292054648893223,-0.10292054648893223,-0.10292054648893223,-0.10292054648893223,-0.10190153117715539,0,highway_0,1,226.3115827147144,545.3115827147144,,-1011.2377376429747
13.8,llm_1,546.3343808327268,-9.3715,10.22798118012346,1000.0,,-0.09854027479807614,-0.09854027479807614,-0.09854027479807614,-0.09854027479807614,-0.097564628512945,0,highway_0,1,227.33438083272677,546.3343808327268,,-1011.2279811801235
13.9,llm_1,547.3562447065315,-9.4315,10.218638738047005,1000.0,,-0.09435866497220524,-0.09435866497220524,-0.09435866497220524,-0.09435866497220524,-0.09342442076455626,0,highway_0,1,228.35624470653147,547.3562447065315,,-1011.218638738047
14.0,llm_1,548.377213870397,-9.481499999999999,10.209691638655126,1000.0,,-0.09036570385797082,-0.09036570385797082,-0.09036570385797082,-0.09036570385797082,-0.08947099391878766,0,highway_0,1,229.377213870397,548.377213870397,,-1011.2096916386552
14.1,llm_1,549.3973260841154,-9.5215,10.201122137184111,1000.0,,-0.08655196485726058,-0.08655196485726058,-0.08655196485726058,-0.08655196485726058,-0.08569501471015428,0,highway_0,1,230.39732608411543,549.3973260841154,,-1011.2011221371841
14.2,llm_1,550.4166174209329,-9.551499999999999,10.19291336817497,1000.0,,-0.0829085669923082,-0.0829085669923082,-0.0829085669923082,-0.0829085669923082,-0.08208769009140582,0,highway_0,1,231.41661742093288,550.4166174209329,,-1011.1929133681749
14.3,llm_1,551.4351223504499,-9.571499999999999,10.185049295170113,1000.0,,-0.0794271373490647,-0.0794271373490647,-0.0794271373490647,-0.0794271373490647,-0.0786407300485692,0,highway_0,1,232.4351223504499,551.4351223504499,,-1011.1850492951701
14.4,llm_1,552.4528738168325,-9.581499999999998,10.177514663825805,1000.0,,-0.07609977657750444,-0.07609977657750444,-0.07609977657750444,-0.07609977657750444,-0.07534631344308096,0,highway_0,1,233.4528738168325,552.4528738168325,,-1011.1775146638258
14.5,llm_1,553.4699033126491,-9.581499999999998,10.170294958166213,1000.0,,-0.07291902716188292,-0.07291902716188292,-0.07291902716188292,-0.07291902716188292,-0.0721970565959218,0,highway_0,1,234.46990331264908,553.4699033126491,,-1011.1702949581662
14.6,llm_1,554.4862409486221,-9.581499999999998,10.16337635973014,1000.0,,-0.0698778442043324,-0.0698778442043324,-0.0698778442043324,-0.0698778442043324,-0.06918598436072898,0,highway_0,1,235.48624094862214,554.4862409486221,,-1011.1633763597301
14.7,llm_1,555.5019155195606,-9.581499999999998,10.15674570938441,1000.0,,-0.06696956849187585,-0.06696956849187585,-0.06696956849187585,-0.06696956849187585,-0.06630650345730515,0,highway_0,1,236.5019155195606,555.5019155195606,,-1011.1567457093844
14.8,llm_1,556.5169545667204,-9.571499999999999,10.150390471598204,1000.0,,-0.06418790164068144,-0.06418790164068144,-0.06418790164068144,-0.06418790164068144,-0.06355237786205947,0,highway_0,1,237.51695456672041,556.5169545667204,,-1011.1503904715983
14.9,llm_1,557.5313844368195,-9.551499999999999,10.144298700991042,1000.0,,-0.06152688313234367,-0.06152688313234367,-0.06152688313234367,-0.06152688313234367,-0.06091770607161706,0,highway_0,1,238.5313844368195,557.5313844368195,,-1011.144298700991
15.0,llm_1,558.5452303379178,-9.5215,10.13845901098356,1000.0,,-0.05898086907557398,-0.05898086907557398,-0.05898086907557398,-0.05898086907557398,-0.0583969000748219,0,highway_0,1,239.54523033791781,558.5452303379178,,-1011.1384590109835
15.1,llm_1,559.5585163923573,-9.481499999999999,10.132860544395118,1000.0,,-0.056544512543262204,-0.056544512543262204,-0.056544512543262204,-0.056544512543262204,-0.05598466588441653,0,highway_0,1,240.55851639235732,559.5585163923573,,-1011.1328605443952
15.2,llm_1,560.5712656869418,-9.4315,10.127492945845656,1000.0,,-0.05421274534957443,-0.05421274534957443,-0.05421274534957443,-0.05421274534957443,-0.05367598549462116,0,highway_0,1,241.57126568694184,560.5712656869418,,-1011.1274929458457
15.3,llm_1,561.583500320525,-9.3715,10.122346335831311,1000.0,,-0.051980761144891696,-0.051980761144891696,-0.051980761144891696,-0.051980761144891696,-0.05146610014344688,0,highway_0,1,242.583500320525,561.583500320525,,-1011.1223463358314
15.4,llm_1,562.5952414491604,-9.301499999999999,10.11741128635427,1000.0,,-0.049843999718102605,-0.049843999718102605,-0.049843999718102605,-0.049843999718102605,-0.049350494770408204,0,highway_0,1,243.59524144916043,562.5952414491604,,-1011.1174112863542
15.5,llm_1,563.6065093289601,-9.221499999999999,10.11267879799722,1000.0,,-0.04779813240622399,-0.04779813240622399,-0.04779813240622399,-0.04779813240622399,-0.04732488357051423,0,highway_0,1,244.6065093289601,563.6065093289601,,-1011.1126787979972
15.6,llm_1,564.6173233567943,-9.131499999999999,10.1081402783417,1000.0,,-0.04583904852074028,-0.04583904852074028,-0.04583904852074028,-0.04583904852074028,-0.04538519655518769,0,highway_0,1,245.61732335679426,564.6173233567943,,-1011.1081402783417
15.7,llm_1,565.627702108958,-9.0315,10.103787521637901,1000.0,,-0.04396284270837336,-0.04396284270837336,-0.04396284270837336,-0.04396284270837336,-0.04352756703799088,0,highway_0,1,246.62770210895803,565.627702108958,,-1011.1037875216379
15.8,llm_1,566.6376633779221,-8.931499999999998,10.099612689640713,1000.0,,-0.04216580317161278,-0.04216580317161278,-0.04216580317161278,-0.04216580317161278,-0.041748319971883774,0,highway_0,1,247.63766337792208,566.6376633779221,,-1011.0996126896407
15.9,llm_1,567.6472242072755,-8.831499999999998,10.095608293533678,1000.0,,-0.04044440068104205,-0.04044440068104205,-0.04044440068104205,-0.04044440068104205,-0.04004396107035291,0,highway_0,1,248.64722420727549,567.6472242072755,,-1011.0956082935337
16.0,llm_1,568.6564009249623,-8.731499999999999,10.091767176868567,1000.0,,-0.03879527831761931,-0.03879527831761931,-0.03879527831761931,-0.03879527831761931,-0.038411166651108886,0,highway_0,1,249.65640092496233,568.6564009249623,,-1011.0917671768685
16.1,llm_1,569.6652091749077,-8.631499999999999,10.08808249945386,1000.0,,-0.03721524188855185,-0.03721524188855185,-0.03721524188855185,-0.03721524188855185,-0.03684677414707238,0,highway_0,1,250.66520917490766,569.6652091749077,,-1011.0880824994539
16.2,llm_1,570.6736639471208,-8.5315,10.08454772213056,1000.0,,-0.03570125096531829,-0.03570125096531829,-0.03570125096531829,-0.03570125096531829,-0.0353477732329921,0,highway_0,1,251.67366394712076,570.6736639471208,,-1011.0845477221305
16.3,llm_1,571.6817796063586,-8.4315,10.081156592378392,1000.0,,-0.034250410496901695,-0.034250410496901695,-0.034250410496901695,-0.034250410496901695,-0.03391129752168709,0,highway_0,1,252.68177960635865,571.6817796063586,,-1011.0811565923784
16.4,llm_1,572.6895699194287,-8.331499999999998,10.077903130699651,1000.0,,-0.032859962955282374,-0.032859962955282374,-0.032859962955282374,-0.032859962955282374,-0.03253461678740521,0,highway_0,1,253.68956991942866,572.6895699194287,,-1011.0779031306996
16.5,llm_1,573.6970480812018,-8.231499999999999,10.074781617731936,1000.0,,-0.03152728097392621,-0.03152728097392621,-0.03152728097392621,-0.03152728097392621,-0.03121512967714679,0,highway_0,1,254.69704808120184,573.6970480812018,,-1011.0747816177319
16.6,llm_1,574.7042267394063,-8.131499999999999,10.071786582044485,1000.0,,-0.030249860443258836,-0.030249860443258836,-0.030249860443258836,-0.030249860443258836,-0.029950356874515194,0,highway_0,1,255.7042267394063,574.7042267394063,,-1011.0717865820445
16.7,llm_1,575.711118018264,-8.0315,10.068912788576151,1000.0,,-0.02902531403016506,-0.02902531403016506,-0.02902531403016506,-0.02902531403016506,-0.028737934683338295,0,highway_0,1,256.71111801826396,575.711118018264,,-1011.0689127885762
16.8,llm_1,576.7177335410315,-7.931499999999999,10.06615522767603,1000.0,,-0.027851365091227098,-0.027851365091227098,-0.027851365091227098,-0.027851365091227098,-0.027575609001218027,0,highway_0,1,257.7177335410315,576.7177335410315,,-1011.0661552276761
16.9,llm_1,577.7240844515026,-7.831499999999999,10.063509104710496,1000.0,,-0.026725841951891427,-0.026725841951891427,-0.026725841951891427,-0.026725841951891427,-0.026461229655332374,0,highway_0,1,258.72408445150256,577.7240844515026,,-1011.0635091047105
17.0,llm_1,578.7301814345228,-7.731499999999999,10.06096983020297,1000.0,,-0.02564667252601538,-0.02564667252601538,-0.02564667252601538,-0.02564667252601538,-0.025392745075265566,0,highway_0,1,259.7301814345228,578.7301814345228,,-1011.060969830203
17.1,llm_1,579.7360347355703,-7.631499999999999,10.058533010475022,1000.0,,-0.024611879252258273,-0.024611879252258273,-0.024611879252258273,-0.024611879252258273,-0.024368197279471815,0,highway_0,1,260.73603473557034,579.7360347355703,,-1011.058533010475
17.2,llm_1,580.7416541794463,-7.5314999999999985,10.056194438759611,1000.0,,-0.0236195743256562,-0.0236195743256562,-0.0236195743256562,-0.0236195743256562,-0.023385717154109642,0,highway_0,1,261.7416541794463,580.7416541794463,,-1011.0561944387596
17.3,llm_1,581.7470491881222,-7.431499999999999,10.053950086759173,1000.0,,-0.022667955204429324,-0.022667955204429324,-0.022667955204429324,-0.022667955204429324,-0.022443520004387096,0,highway_0,1,262.7470491881222,581.7470491881222,,-1011.0539500867592
17.4,llm_1,582.7522287977845,-7.331499999999999,10.051796096623177,1000.0,,-0.021755300373564657,-0.021755300373564657,-0.021755300373564657,-0.021755300373564657,-0.021539901359961533,0,highway_0,1,263.7522287977845,582.7522287977845,,-1011.0517960966232
17.5,llm_1,583.7572016751167,-7.231499999999999,10.049728773321375,1000.0,,-0.020879965348207907,-0.020879965348207907,-0.020879965348207907,-0.020879965348207907,-0.020673233018015935,0,highway_0,1,264.7572016751167,583.7572016751167,,-1011.0497287733214
17.6,llm_1,584.7619761328557,-7.131499999999999,10.04774457739057,1000.0,,-0.020040378901120093,-0.020040378901120093,-0.020040378901120093,-0.020040378901120093,-0.019841959308042334,0,highway_0,1,265.7619761328557,584.7619761328557,,-1011.0477445773905
17.7,llm_1,585.7665601446591,-7.0314999999999985,10.04584011803417,1000.0,,-0.01923503949966099,-0.01923503949966099,-0.01923503949966099,-0.01923503949966099,-0.01904459356401489,0,highway_0,1,266.76656014465914,585.7665601446591,,-1011.0458401180342
17.8,llm_1,586.7709613593147,-6.931499999999999,10.044012146555072,1000.0,,-0.018462511938874826,-0.018462511938874826,-0.018462511938874826,-0.018462511938874826,-0.01827971479096746,0,highway_0,1,267.7709613593147,586.7709613593147,,-1011.044012146555
17.9,llm_1,587.775187114325,-6.831499999999998,10.042257550103766,1000.0,,-0.017721424158182453,-0.017721424158182453,-0.017721424158182453,-0.017721424158182453,-0.017545964513061563,0,highway_0,1,268.77518711432504,587.775187114325,,-1011.0422575501037
18.0,llm_1,588.7792444488975,-6.731499999999999,10.040573345724543,1000.0,,-0.017010464230145628,-0.017010464230145628,-0.017010464230145628,-0.017010464230145628,-0.01684204379223786,0,highway_0,1,269.77924444889754,588.7792444488975,,-1011.0405733457245
18.1,llm_1,589.783140116366,-6.631499999999999,10.03895667468389,1000.0,,-0.016328377510589798,-0.016328377510589798,-0.016328377510589798,-0.016328377510589798,-0.01616671040652662,0,highway_0,1,270.783140116366,589.783140116366,,-1011.0389566746838
18.2,llm_1,590.7868805960726,-6.5314999999999985,10.037404797066056,1000.0,,-0.01567396394012377,-0.01567396394012377,-0.01567396394012377,-0.01567396394012377,-0.015518776178335969,0,highway_0,1,271.7868805960726,590.7868805960726,,-1011.0374047970661
18.3,llm_1,591.7904721047348,-6.431499999999998,10.035915086621719,1000.0,,-0.01504607548781478,-0.01504607548781478,-0.01504607548781478,-0.01504607548781478,-0.014897104443374332,0,highway_0,1,272.7904721047348,591.7904721047348,,-1011.0359150866217
18.4,llm_1,592.7939206073205,-6.331499999999998,10.034485025856528,1000.0,,-0.014443613728432059,-0.014443613728432059,-0.014443613728432059,-0.014443613728432059,-0.014300607651911434,0,highway_0,2,273.7939206073205,592.7939206073205,,-1011.0344850258565
18.5,llm_1,593.7972318274552,-6.231499999999999,10.033112201347096,1000.0,,-0.0138655275452515,-0.0138655275452515,-0.0138655275452515,-0.0138655275452515,-0.013728245094313252,0,highway_0,2,274.7972318274552,593.7972318274552,,-1011.0331122013471
18.6,llm_1,594.8004112573825,-6.131499999999998,10.031794299272743,1000.0,,-0.013310810950972973,-0.013310810950972973,-0.013310810950972973,-0.013310810950972973,-0.013179020743532277,0,highway_0,2,275.8004112573825,594.8004112573825,,-1011.0317942992727
18.7,llm_1,595.8034641674977,-6.031499999999998,10.03052910115197,1000.0,,-0.012778501019821809,-0.012778501019821809,-0.012778501019821809,-0.012778501019821809,-0.012651981207731922,0,highway_0,2,276.80346416749774,595.8034641674977,,-1011.030529101152
18.8,llm_1,596.806395615475,-5.931499999999998,10.029314479773321,1000.0,,-0.012267675924350518,-0.012267675924350518,-0.012267675924350518,-0.012267675924350518,-0.012146213786490279,0,highway_0,2,277.806395615475,596.806395615475,,-1011.0293144797733
18.9,llm_1,597.8092104550061,-5.831499999999998,10.028148395310854,1000.0,,-0.011777453070908273,-0.011777453070908273,-0.011777453070908273,-0.011777453070908273,-0.011660844624667988,0,highway_0,2,278.8092104550061,597.8092104550061,,-1011.0281483953108
19.0,llm_1,598.8119133441676,-5.731499999999998,10.027028891614997,1000.0,,-0.011306987328150608,-0.011306987328150608,-0.011306987328150608,-0.011306987328150608,-0.0111950369585756,0,highway_0,2,279.8119133441676,598.8119133441676,,-1011.027028891615
19.1,llm_1,599.8145087534346,-5.631499999999998,10.025954092670116,1000.0,,-0.010855469343301394,-0.010855469343301394,-0.010855469343301394,-0.010855469343301394,-0.010747989448809392,0,highway_0,2,280.81450875343455,599.8145087534346,,-1011.0259540926701
19.2,llm_1,600.8170009733556,-5.531499999999998,10.024922199210586,1000.0,,-0.010422123941258299,-0.010422123941258299,-0.010422123941258299,-0.010422123941258299,-0.01031893459529698,0,highway_0,2,281.81700097335556,600.8170009733556,,-1011.0249221992106
19.3,llm_1,601.8193941219043,-5.431499999999998,10.023931485487623,1000.0,,-0.010006208601930577,-0.010006208601930577,-0.010006208601930577,-0.010006208601930577,-0.009907137229632212,0,highway_0,2,282.81939412190434,601.8193941219043,,-1011.0239314854877
19.4,llm_1,602.8216921515223,-5.331499999999998,10.022980296179556,1000.0,,-0.009607012011486393,-0.009607012011486393,-0.009607012011486393,-0.009607012011486393,-0.009511893080667022,0,highway_0,2,283.82169215152226,602.8216921515223,,-1011.0229802961795
19.5,llm_1,603.8238988558661,-5.231499999999998,10.022067043438618,1000.0,,-0.009223852683487799,-0.009223852683487799,-0.009223852683487799,-0.009223852683487799,-0.009132527409381197,0,highway_0,2,284.8238988558661,603.8238988558661,,-1011.0220670434386
19.6,llm_1,604.8260178762729,-5.131499999999998,10.021190204067716,1000.0,,-0.0088560776461033,-0.0088560776461033,-0.0088560776461033,-0.0088560776461033,-0.008768393709015498,0,highway_0,2,285.8260178762729,604.8260178762729,,-1011.0211902040677
19.7,llm_1,605.828052707955,-5.031499999999998,10.020348316820996,1000.0,,-0.00850306119185884,-0.00850306119185884,-0.00850306119185884,-0.00850306119185884,-0.008418872467199634,0,highway_0,2,286.82805270795495,605.828052707955,,-1011.020348316821
19.8,llm_1,606.8300067059372,-4.931499999999998,10.019539979822325,1000.0,,-0.008164203686597427,-0.008164203686597427,-0.008164203686597427,-0.008164203686597427,-0.00808336998671777,0,highway_0,2,287.8300067059372,606.8300067059372,,-1011.0195399798223
19.9,llm_1,607.8318830907468,-4.831499999999998,10.018763848096137,1000.0,,-0.007838930434497682,-0.007838930434497682,-0.007838930434497682,-0.007838930434497682,-0.007761317261874012,0,highway_0,2,288.8318830907468,607.8318830907468,,-1011.0187638480961
20.0,llm_1,608.8336849538674,-4.731499999999998,10.018018631205422,1000.0,,-0.0075266905962259045,-0.0075266905962259045,-0.0075266905962259045,-0.0075266905962259045,-0.007452168907153833,0,highway_0,2,289.8336849538674,608.8336849538674,,-1011.0180186312055
20.1,llm_1,609.8354152629666,-4.631499999999998,10.017303090991811,1000.0,,-0.007226956157453612,-0.007226956157453612,-0.007226956157453612,-0.007226956157453612,-0.007155402136103106,0,highway_0,2,290.83541526296665,609.8354152629666,,-1011.0173030909918
20.2,llm_1,610.837076866908,-4.531499999999998,10.016616039413085,1000.0,,-0.006939220945131996,-0.006939220945131996,-0.006939220945131996,-0.006939220945131996,-0.006870515787262832,0,highway_0,2,291.837076866908,610.837076866908,,-1011.0166160394131
20.3,llm_1,611.8386725005554,-4.431499999999998,10.015956336473574,1000.0,,-0.006662999689076132,-0.006662999689076132,-0.006662999689076132,-0.006662999689076132,-0.006597029395116749,0,highway_0,2,292.8386725005554,611.8386725005554,,-1011.0159563364736
20.4,llm_1,612.8402047893798,-4.331499999999998,10.01532288824322,1000.0,,-0.006397827126562339,-0.006397827126562339,-0.006397827126562339,-0.006397827126562339,-0.0063344823035293985,0,highway_0,2,293.84020478937975,612.8402047893798,,-1011.0153228882432
20.5,llm_1,613.8416762538759,-4.231499999999998,10.014714644961265,1000.0,,-0.006143257147747105,-0.006143257147747105,-0.006143257147747105,-0.006143257147747105,-0.006082432819560779,0,highway_0,2,294.8416762538759,613.8416762538759,,-1011.0147146449613
20.6,llm_1,614.8430893137979,-4.131499999999998,10.014130599220683,1000.0,,-0.005898861979879433,-0.005898861979879433,-0.005898861979879433,-0.005898861979879433,-0.005840457405810184,0,highway_0,2,295.8430893137979,614.8430893137979,,-1011.0141305992207
20.7,llm_1,615.8444462922209,-4.031499999999998,10.013569784229755,1000.0,,-0.00566423140836414,-0.00566423140836414,-0.00566423140836414,-0.00566423140836414,-0.005608149909281934,0,highway_0,2,296.84444629222094,615.8444462922209,,-1011.0135697842297
20.8,llm_1,616.8457494194357,-3.931499999999998,10.013031272147295,1000.0,,-0.005438972032843381,-0.005438972032843381,-0.005438972032843381,-0.005438972032843381,-0.005385120824605849,0,highway_0,2,297.8457494194357,616.8457494194357,,-1011.0130312721473
20.9,llm_1,617.8470008366845,-3.8314999999999984,10.012514172488226,1000.0,,-0.005222706556600842,-0.005222706556600842,-0.005222706556600842,-0.005222706556600842,-0.005170996590688759,0,highway_0,2,298.8470008366845,617.8470008366845,,-1011.0125141724882
21.0,llm_1,618.8482025997441,-3.731499999999998,10.012017630596382,1000.0,,-0.0050150731076299415,-0.0050150731076299415,-0.0050150731076299415,-0.0050150731076299415,-0.004965418918434494,0,highway_0,2,299.8482025997441,618.8482025997441,,-1011.0120176305963
21.1,llm_1,619.8493566823623,-3.631499999999998,10.011540826181545,1000.0,,-0.004815724589857906,-0.004815724589857906,-0.004815724589857906,-0.004815724589857906,-0.004768044148377726,0,highway_0,2,300.8493566823623,619.8493566823623,,-1011.0115408261815
21.2,llm_1,620.8504649795541,-3.5314999999999976,10.011082971917876,1000.0,,-0.004624328063050243,-0.004624328063050243,-0.004624328063050243,-0.004624328063050243,-0.0045785426366862225,0,highway_0,2,301.8504649795541,620.8504649795541,,-1011.0110829719179
21.3,llm_1,621.8515293107642,-3.431499999999998,10.01064331210104,1000.0,,-0.0044405641500369075,-0.0044405641500369075,-0.0044405641500369075,-0.0044405641500369075,-0.004396598168359134,0,highway_0,2,302.85152931076425,621.8515293107642,,-1011.010643312101
21.4,llm_1,622.8525514229004,-3.3314999999999975,10.010221121361441,1000.0,,-0.0042641264699494474,-0.0042641264699494474,-0.0042641264699494474,-0.0042641264699494474,-0.004221907395987046,0,highway_0,2,303.85255142290043,622.8525514229004,,-1011.0102211213615
21.5,llm_1,623.8535329932436,-3.2414999999999976,10.009815703431121,1000.0,,-0.004094721096237652,-0.004094721096237652,-0.004094721096237652,-0.004094721096237652,-0.004054179303203398,0,highway_0,2,304.85353299324356,623.8535329932436,,-1011.0098157034312
21.6,llm_1,624.8544756322398,-3.161499999999998,10.009426389961982,1000.0,,-0.003932066038302873,-0.003932066038302873,-0.003932066038302873,-0.003932066038302873,-0.0038931346913884113,0,highway_0,3,305.85447563223977,624.8544756322398,,-1011.009426389962
21.7,llm_1,625.8553808861791,-3.091499999999998,10.009052539393107,1000.0,,-0.0037758907456415525,-0.0037758907456415525,-0.0037758907456415525,-0.0037758907456415525,-0.0037385056887551116,0,highway_0,3,306.8553808861791,625.8553808861791,,-1011.0090525393931
21.8,llm_1,626.8562502397656,-3.0314999999999976,10.008693535865042,1000.0,,-0.003625935633448929,-0.003625935633448929,-0.003625935633448929,-0.003625935633448929,-0.003590035280645054,0,highway_0,3,307.8562502397656,626.8562502397656,,-1011.0086935358651
21.9,llm_1,627.8570851185835,-2.981499999999998,10.008348788179035,1000.0,,-0.0034819516286836993,-0.0034819516286836993,-0.0034819516286836993,-0.0034819516286836993,-0.0034474768600745165,0,highway_0,3,308.85708511858354,627.8570851185835,,-1011.0083487881791
22.0,llm_1,628.8578868914635,-2.931499999999998,10.008017728799265,1000.0,,-0.0033436997356612874,-0.0033436997356612874,-0.0033436997356612874,-0.0033436997356612874,-0.0033105937976962707,0,highway_0,3,309.8578868914635,628.8578868914635,,-1011.0080177287992
22.1,llm_1,629.8586568727532,-2.891499999999998,10.007699812896268,1000.0,,-0.0032109506202713245,-0.0032109506202713245,-0.0032109506202713245,-0.0032109506202713245,-0.0031791590299690142,0,highway_0,3,310.85865687275316,629.8586568727532,,-1011.0076998128962
22.2,llm_1,630.8593963244962,-2.8614999999999977,10.007394517429736,1000.0,,-0.0030834842119762396,-0.0030834842119762396,-0.0030834842119762396,-0.0030834842119762396,-0.0030529546653212947,0,highway_0,3,311.8593963244962,630.8593963244962,,-1011.0073945174297
22.3,llm_1,631.8601064585231,-2.8414999999999977,10.007101340269065,1000.0,,-0.0029610893227700608,-0.0029610893227700608,-0.0029610893227700608,-0.0029610893227700608,-0.0029317716067112087,0,highway_0,3,312.8601064585231,631.8601064585231,,-1011.0071013402691
22.4,llm_1,632.8607884384581,-2.8314999999999975,10.006819799350021,1000.0,,-0.002843563282352024,-0.002843563282352024,-0.002843563282352024,-0.002843563282352024,-0.002815409190439766,0,highway_0,3,313.86078843845814,632.8607884384581,,-1011.0068197993501
22.5,llm_1,633.8614433816448,-2.8314999999999975,10.006549431865984,1000.0,,-0.002730711588761814,-0.002730711588761814,-0.002730711588761814,-0.002730711588761814,-0.0027036748403652666,0,highway_0,3,314.8614433816448,633.8614433816448,,-1011.006549431866
22.6,llm_1,634.862072360994,-2.8314999999999975,10.006289793492341,1000.0,,-0.0026223475737972013,-0.0026223475737972013,-0.0026223475737972013,-0.0026223475737972013,-0.002596383736435115,0,highway_0,3,315.86207236099403,634.862072360994,,-1011.0062897934923
22.7,llm_1,635.8626764067583,-2.8314999999999975,10.006040457642582,1000.0,,-0.002518292082557716,-0.002518292082557716,-0.002518292082557716,-0.002518292082557716,-0.0024933584975883605,0,highway_0,3,316.8626764067583,635.8626764067583,,-1011.0060404576426
22.8,llm_1,636.8632565082338,-2.8314999999999975,10.005801014754812,1000.0,,-0.002418373166473753,-0.002418373166473753,-0.002418373166473753,-0.002418373166473753,-0.002394428877696697,0,highway_0,3,317.8632565082338,636.8632565082338,,-1011.0058010147549
22.9,llm_1,637.8638136153945,-2.8314999999999975,10.005571071607363,1000.0,,-0.002322425789226701,-0.002322425789226701,-0.002322425789226701,-0.002322425789226701,-0.002299431474490632,0,highway_0,3,318.8638136153945,637.8638136153945,,-1011.0055710716074
23.0,llm_1,638.8643486404608,-2.8314999999999975,10.005350250662312,1000.0,,-0.0022302915450072014,-0.0022302915450072014,-0.0022302915450072014,-0.0022302915450072014,-0.002208209450511589,0,highway_0,3,319.8643486404608,638.8643486404608,,-1011.0053502506623
23.1,llm_1,639.8648624594043,-2.8314999999999975,10.005138189435723,1000.0,,-0.0021418183885435482,-0.0021418183885435482,-0.0021418183885435482,-0.0021418183885435482,-0.0021206122658945503,0,highway_0,3,320.8648624594043,639.8648624594043,,-1011.0051381894357
23.2,llm_1,640.8653559133937,-2.8314999999999975,10.004934539893503,1000.0,,-0.002056860376412617,-0.002056860376412617,-0.002056860376412617,-0.002056860376412617,-0.0020364954221996356,0,highway_0,3,321.8653559133937,640.8653559133937,,-1011.0049345398935
23.3,llm_1,641.8658298101809,-2.8314999999999975,10.004738967871807,1000.0,,-0.0019752774191157396,-0.0019752774191157396,-0.0019752774191157396,-0.0019752774191157396,-0.0019557202169551147,0,highway_0,3,322.8658298101809,641.8658298101809,,-1011.0047389678718
23.4,llm_1,642.866284925433,-2.8314999999999975,10.00455115252097,1000.0,,-0.0018969350434701049,-0.0018969350434701049,-0.0018969350434701049,-0.0018969350434701049,-0.0018781535083789436,0,highway_0,3,323.866284925433,642.866284925433,,-1011.004551152521
23.5,llm_1,643.8667220040102,-2.8314999999999975,10.004370785771973,1000.0,,-0.0018217041648582732,-0.0018217041648582732,-0.0018217041648582732,-0.0018217041648582732,-0.001803667489959082,0,highway_0,3,324.86672200401017,643.8667220040102,,-1011.0043707857719
23.6,llm_1,644.8671417611927,-2.8314999999999975,10.004197571824555,1000.0,,-0.0017494608689159197,-0.0017494608689159197,-0.0017494608689159197,-0.0017494608689159197,-0.0017321394741820484,0,highway_0,3,325.86714176119267,644.8671417611927,,-1011.0041975718245
23.7,llm_1,645.8675448838583,-2.8314999999999975,10.004031226656016,1000.0,,-0.0016800862022450236,-0.0016800862022450236,-0.0016800862022450236,-0.0016800862022450236,-0.0016634516853919479,0,highway_0,3,326.8675448838583,645.8675448838583,,-1011.004031226656
23.8,llm_1,646.8679320316132,-2.8314999999999975,10.003871477549898,1000.0,,-0.0016134659717763622,-0.0016134659717763622,-0.0016134659717763622,-0.0016134659717763622,-0.0015974910611760151,0,highway_0,3,327.86793203161324,646.8679320316132,,-1011.0038714775499
23.9,llm_1,647.8683038378776,-2.8314999999999975,10.00371806264372,1000.0,,-0.001549490552395394,-0.001549490552395394,-0.001549490552395394,-0.001549490552395394,-0.0015341490617792886,0,highway_0,3,328.86830383787765,647.8683038378776,,-1011.0037180626438
24.0,llm_1,648.8686609109271,-2.8314999999999975,10.003570730494959,1000.0,,-0.0014880547024904711,-0.0014880547024904711,-0.0014880547024904711,-0.0014880547024904711,-0.0014733214876194722,0,highway_0,3,329.86866091092713,648.8686609109271,,-1011.003570730495
24.1,llm_1,649.8690038348935,-2.8314999999999975,10.003429239664554,1000.0,,-0.0014290573870849865,-0.0014290573870849865,-0.0014290573870849865,-0.0014290573870849865,-0.0014149083040493338,0,highway_0,3,330.86900383489353,649.8690038348935,,-1011.0034292396646
24.2,llm_1,650.8693331707252,-2.8314999999999975,10.003293358317206,1000.0,,-0.0013724016082232726,-0.0013724016082232726,-0.0013724016082232726,-0.0013724016082232726,-0.0013588134734732193,0,highway_0,3,331.8693331707252,650.8693331707252,,-1011.0032933583173
24.3,llm_1,651.869649457109,-2.8314999999999975,10.003162863837769,1000.0,,-0.0013179942423167113,-0.0013179942423167113,-0.0013179942423167113,-0.0013179942423167113,-0.001304944794373597,0,highway_0,3,332.86964945710895,651.869649457109,,-1011.0031628638378
24.4,llm_1,652.8699532113552,-2.8314999999999975,10.003037542463101,1000.0,,-0.001265745884138525,-0.001265745884138525,-0.001265745884138525,-0.001265745884138525,-0.0012532137466791937,0,highway_0,3,333.8699532113552,652.8699532113552,,-1011.0030375424631
24.5,llm_1,653.8702449302481,-2.8314999999999975,10.002917188928725,1000.0,,-0.0012155706972070135,-0.0012155706972070135,-0.0012155706972070135,-0.0012155706972070135,-0.0012035353437589436,0,highway_0,3,334.8702449302481,653.8702449302481,,-1011.0029171889287
24.6,llm_1,654.8705250908611,-2.8314999999999975,10.002801606129687,1000.0,,-0.0011673862702734628,-0.0011673862702734628,-0.0011673862702734628,-0.0011673862702734628,-0.0011558279903844948,0,highway_0,3,335.87052509086107,654.8705250908611,,-1011.0028016061297
24.7,llm_1,655.8707941513405,-2.8314999999999975,10.002690604795069,1000.0,,-0.0011211134796547118,-0.0011211134796547118,-0.0011211134796547118,-0.0011211134796547118,-0.0011100133461816597,0,highway_0,3,336.87079415134053,655.8707941513405,,-1011.002690604795
24.8,llm_1,656.8710525516581,-2.8314999999999975,10.002584003175544,1000.0,,-0.0010766763571952165,-0.0010766763571952165,-0.0010766763571952165,-0.0010766763571952165,-0.0010660161952458225,0,highway_0,3,337.87105255165807,656.8710525516581,,-1011.0025840031756
24.9,llm_1,657.8713007143324,-2.8314999999999975,10.002481626743505,1000.0,,-0.0010340019635806108,-0.0010340019635806108,-0.0010340019635806108,-0.0010340019635806108,-0.0010237643203936386,0,highway_0,3,338.8713007143324,657.8713007143324,,-1011.0024816267435
25.0,llm_1,658.8715390451229,-2.8314999999999975,10.002383307905205,1000.0,,-0.0009930202668153587,-0.0009930202668153587,-0.0009930202668153587,-0.0009930202668153587,-0.0009831883829924948,0,highway_0,3,339.87153904512286,658.8715390451229,,-1011.0023833079052
25.1,llm_1,659.8717679336953,-2.8314999999999975,10.00228888572445,1000.0,,-0.0009536640256297968,-0.0009536640256297968,-0.0009536640256297968,-0.0009536640256297968,-0.0009442218075506048,0,highway_0,3,340.8717679336953,659.8717679336953,,-1011.0022888857244
25.2,llm_1,660.871987754261,-2.8314999999999975,10.002198205657358,1000.0,,-0.0009158686776205016,-0.0009158686776205016,-0.0009158686776205016,-0.0009158686776205016,-0.0009068006709256338,0,highway_0,3,341.871987754261,660.871987754261,,-1011.0021982056574
25.3,llm_1,661.8721988661907,-2.8314999999999975,10.002111119297762,1000.0,,-0.0008795722319199228,-0.0008795722319199228,-0.0008795722319199228,-0.0008795722319199228,-0.0008708635959564504,0,highway_0,3,342.87219886619073,661.8721988661907,,-1011.0021111192978
25.4,llm_1,662.872401614604,-2.8314999999999975,10.002027484132789,1000.0,,-0.0008447151662240859,-0.0008447151662240859,-0.0008447151662240859,-0.0008447151662240859,-0.0008363516497311707,0,highway_0,3,343.872401614604,662.872401614604,,-1011.0020274841328
25.5,llm_1,663.8725963309348,-2.8314999999999975,10.001947163308238,1000.0,,-0.0008112403279694202,-0.0008112403279694202,-0.0008112403279694202,-0.0008112403279694202,-0.0008032082455144973,0,highway_0,3,344.8725963309348,663.8725963309348,,-1011.0019471633083
25.6,llm_1,664.8727833334751,-2.8314999999999975,10.001870025403335,1000.0,,-0.0007790928395237096,-0.0007790928395237096,-0.0007790928395237096,-0.0007790928395237096,-0.0007713790490271322,0,highway_0,3,345.8727833334751,664.8727833334751,,-1011.0018700254034
25.7,llm_1,665.8729629278965,-2.8314999999999975,10.001795944214503,1000.0,,-0.0007482200071933232,-0.0007482200071933232,-0.0007482200071933232,-0.0007482200071933232,-0.0007408118883134307,0,highway_0,3,346.87296292789654,665.8729629278965,,-1011.0017959442145
25.8,llm_1,666.8731354077513,-2.8314999999999975,10.00172479854778,1000.0,,-0.0007185712339108363,-0.0007185712339108363,-0.0007185712339108363,-0.0007185712339108363,-0.0007114566672328237,0,highway_0,3,347.8731354077513,666.8731354077513,,-1011.0017247985478
25.9,llm_1,667.8733010549532,-2.8314999999999975,10.00165647201952,1000.0,,-0.0006900979354391712,-0.0006900979354391712,-0.0006900979354391712,-0.0006900979354391712,-0.0006832652826105345,0,highway_0,3,348.87330105495323,667.8733010549532,,-1011.0016564720195
26.0,llm_1,668.8734601402398,-2.8314999999999975,10.001590852865066,1000.0,,-0.000662753459962584,-0.000662753459962584,-0.000662753459962584,-0.000662753459962584,-0.0006561915445324473,0,highway_0,3,349.8734601402398,668.8734601402398,,-1011.0015908528651
26.1,llm_1,669.8736129236153,-2.8314999999999975,10.001527833755075,1000.0,,-0.0006364930109017397,-0.0006364930109017397,-0.0006364930109017397,-0.0006364930109017397,-0.0006301910999084726,0,highway_0,3,350.87361292361527,669.8736129236153,,-1011.0015278337551
26.2,llm_1,670.8737596547771,-2.8314999999999975,10.001467311619148,1000.0,,-0.0006112735728551755,-0.0006112735728551755,-0.0006112735728551755,-0.0006112735728551755,-0.0006052213592688815,0,highway_0,3,351.87375965477713,670.8737596547771,,-1011.0014673116192
26.3,llm_1,671.8739005735248,-2.8314999999999975,10.001409187476526,1000.0,,-0.0005870538404992853,-0.0005870538404992853,-0.0005870538404992853,-0.0005870538404992853,-0.0005812414262251764,0,highway_0,3,352.8739005735248,671.8739005735248,,-1011.0014091874765
26.4,llm_1,672.8740359101521,-2.8314999999999975,10.001353366273518,1000.0,,-0.0005637941503651156,-0.0005637941503651156,-0.0005637941503651156,-0.0005637941503651156,-0.0005582120300751114,0,highway_0,3,353.8740359101521,672.8740359101521,,-1011.0013533662735
26.5,llm_1,673.8741658858248,-2.8314999999999975,10.001299756727446,1000.0,,-0.0005414564153389811,-0.0005414564153389811,-0.0005414564153389811,-0.0005414564153389811,-0.0005360954607169788,0,highway_0,3,354.8741658858248,673.8741658858248,,-1011.0012997567275
26.6,llm_1,674.8742907129425,-2.8314999999999975,10.001248271176772,1000.0,,-0.0005200040618149604,-0.0005200040618149604,-0.0005200040618149604,-0.0005200040618149604,-0.0005148555067435723,0,highway_0,3,355.8742907129425,674.8742907129425,,-1011.0012482711768
26.7,llm_1,675.8744105954862,-2.8314999999999975,10.001198825437234,1000.0,,-0.0004994019693451701,-0.0004994019693451701,-0.0004994019693451701,-0.0004994019693451701,-0.0004944573953835629,0,highway_0,3,356.8744105954862,675.8744105954862,,-1011.0011988254372
26.8,llm_1,676.8745257293526,-2.8314999999999975,10.001151338663696,1000.0,,-0.00047961641273142064,-0.00047961641273142064,-0.00047961641273142064,-0.00047961641273142064,-0.00047486773537386284,0,highway_0,3,357.8745257293526,676.8745257293526,,-1011.0011513386637
26.9,llm_1,677.8746363026744,-2.8314999999999975,10.001105733217516,1000.0,,-0.00046061500642657904,-0.00046061500642657904,-0.00046061500642657904,-0.00046061500642657904,-0.0004560544618037454,0,highway_0,3,358.8746363026744,677.8746363026744,,-1011.0011057332175
27.0,llm_1,678.8747424961283,-2.8314999999999975,10.001061934539182,1000.0,,-0.00044236665117147744,-0.00044236665117147744,-0.00044236665117147744,-0.00044236665117147744,-0.00043798678333928365,0,highway_0,3,359.8747424961283,678.8747424961283,,-1011.0010619345392
27.1,llm_1,679.874844483231,-2.8314999999999975,10.001019871026038,1000.0,,-0.00042484148276078493,-0.00042484148276078493,-0.00042484148276078493,-0.00042484148276078493,-0.000420635131437308,0,highway_0,3,360.87484448323096,679.874844483231,,-1011.0010198710261
27.2,llm_1,680.8749424306225,-2.8314999999999975,10.000979473914864,1000.0,,-0.00040801082287300616,-0.00040801082287300616,-0.00040801082287300616,-0.00040801082287300616,-0.00040397111174428346,0,highway_0,3,361.87494243062247,680.8749424306225,,-1011.0009794739149
27.3,llm_1,681.8750364983393,-2.8314999999999975,10.000940677169135,1000.0,,-0.0003918471318533623,-0.0003918471318533623,-0.0003918471318533623,-0.0003918471318533623,-0.0003879674572893066,0,highway_0,3,362.87503649833934,681.8750364983393,,-1011.0009406771692
27.4,llm_1,682.8751268400764,-2.8314999999999975,10.000903417370779,1000.0,,-0.00037632396339559726,-0.00037632396339559726,-0.00037632396339559726,-0.00037632396339559726,-0.00037259798356004126,0,highway_0,3,363.8751268400764,682.8751268400764,,-1011.0009034173708
27.5,llm_1,683.875213603438,-2.8314999999999975,10.000867633616222,1000.0,,-0.0003614159210376666,-0.0003614159210376666,-0.0003614159210376666,-0.0003614159210376666,-0.0003578375455681737,0,highway_0,3,364.87521360343806,683.875213603438,,-1011.0008676336162
27.6,llm_1,684.8752969301797,-2.8314999999999975,10.00083326741658,1000.0,,-0.0003470986163867096,-0.0003470986163867096,-0.0003470986163867096,-0.0003470986163867096,-0.00034366199642477113,0,highway_0,3,365.87529693017973,684.8752969301797,,-1011.0008332674166
27.7,llm_1,685.8753769564399,-2.8314999999999975,10.000800262601825,1000.0,,-0.00033334862902156814,-0.00033334862902156814,-0.00033334862902156814,-0.00033334862902156814,-0.0003300481475498884,0,highway_0,3,366.87537695643994,685.8753769564399,,-1011.0008002626018
27.8,llm_1,686.8754538129629,-2.8314999999999975,10.000768565228755,1000.0,,-0.0003201434679942494,-0.0003201434679942494,-0.0003201434679942494,-0.0003201434679942494,-0.000316973730694059,0,highway_0,3,367.87545381296286,686.8754538129629,,-1011.0007685652288
27.9,llm_1,687.8755276253121,-2.8314999999999975,10.00073812349263,1000.0,,-0.0003074615348686027,-0.0003074615348686027,-0.0003074615348686027,-0.0003074615348686027,-0.00030441736125652596,0,highway_0,3,368.8755276253121,687.8755276253121,,-1011.0007381234926
28.0,llm_1,688.8755985140763,-2.8314999999999975,10.00070888764231,1000.0,,-0.00029528208823781377,-0.00029528208823781377,-0.00029528208823781377,-0.00029528208823781377,-0.0002923585032021947,0,highway_0,3,369.8755985140763,688.8755985140763,,-1011.0007088876423
28.1,llm_1,689.8756665950661,-2.8314999999999975,10.00068080989878,1000.0,,-0.00028358520964988365,-0.00028358520964988365,-0.00028358520964988365,-0.00028358520964988365,-0.0002807774352930892,0,highway_0,3,370.87566659506615,689.8756665950661,,-1011.0006808098988
28.2,llm_1,690.8757319795038,-2.8314999999999975,10.00065384437691,1000.0,,-0.00027235177090179086,-0.00027235177090179086,-0.00027235177090179086,-0.00027235177090179086,-0.0002696552187053669,0,highway_0,3,371.8757319795038,690.8757319795038,,-1011.0006538443769
28.3,llm_1,691.8757947742049,-2.8314999999999975,10.000627947010312,1000.0,,-0.00026156340263017164,-0.00026156340263017164,-0.00026156340263017164,-0.00026156340263017164,-0.0002589736659786013,0,highway_0,3,372.8757947742049,691.8757947742049,,-1011.0006279470103
28.4,llm_1,692.8758550817528,-2.8314999999999975,10.000603075479207,1000.0,,-0.00025120246416210357,-0.00025120246416210357,-0.00025120246416210357,-0.00025120246416210357,-0.00024871531104864175,0,highway_0,3,373.8758550817528,692.8758550817528,,-1011.0006030754793
28.5,llm_1,693.8759130006669,-2.8314999999999975,10.000579189141131,1000.0,,-0.00024125201456182133,-0.00024125201456182133,-0.00024125201456182133,-0.00024125201456182133,-0.00023886338075485014,0,highway_0,3,374.87591300066686,693.8759130006669,,-1011.0005791891411
28.6,llm_1,694.8759686255632,-2.8314999999999975,10.000556248964415,1000.0,,-0.0002316957848338408,-0.0002316957848338408,-0.0002316957848338408,-0.0002316957848338408,-0.00022940176716446103,0,highway_0,3,375.87596862556325,694.8759686255632,,-1011.0005562489644
28.7,llm_1,695.8760220473097,-2.8314999999999975,10.000534217464294,1000.0,,-0.00022251815122875662,-0.00022251815122875662,-0.00022251815122875662,-0.00022251815122875662,-0.00022031500121144632,0,highway_0,3,376.8760220473097,695.8760220473097,,-1011.0005342174643
28.8,llm_1,696.8760733531739,-2.8314999999999975,10.000513058641559,1000.0,,-0.00021370410962551212,-0.00021370410962551212,-0.00021370410962551212,-0.00021370410962551212,-0.00021158822734790306,0,highway_0,3,377.87607335317387,696.8760733531739,,-1011.0005130586416
28.9,llm_1,697.8761226269662,-2.8314999999999975,10.000492737923647,1000.0,,-0.0002052392509135359,-0.0002052392509135359,-0.0002052392509135359,-0.0002052392509135359,-0.00020320717911914699,0,highway_0,3,378.8761226269662,697.8761226269662,,-1011.0004927379237
29.0,llm_1,698.876169949177,-2.8314999999999975,10.000473222108065,1000.0,,-0.00019710973737718795,-0.00019710973737718795,-0.00019710973737718795,-0.00019710973737718795,-0.0001951581558223836,0,highway_0,3,379.876169949177,698.876169949177,,-1011.0004732221081
29.1,llm_1,699.8762153971078,-2.8314999999999975,10.000454479308065,1000.0,,-0.0001893022799992483,-0.0001893022799992483,-0.0001893022799992483,-0.0001893022799992483,-0.00018742800000026705,0,highway_0,3,380.8762153971078,699.8762153971078,,-1011.000454479308
29.2,llm_1,700.8762590449978,-2.8314999999999975,10.000436478900472,1000.0,,-0.00018180411668811125,-0.00018180411668811125,-0.00018180411668811125,-0.00018180411668811125,-0.00018000407592921874,0,highway_0,3,381.8762590449978,700.8762590449978,,-1011.0004364789005
29.3,llm_1,701.8763009641453,-2.8314999999999975,10.000419191475585,1000.0,,-0.0001746029913511915,-0.0001746029913511915,-0.0001746029913511915,-0.0001746029913511915,-0.00017287424887157954,0,highway_0,3,382.87630096414534,701.8763009641453,,-1011.0004191914755
29.4,llm_1,702.8763412230243,-2.8314999999999975,10.000402588789068,1000.0,,-0.0001676871338180952,-0.0001676871338180952,-0.0001676871338180952,-0.0001676871338180952,-0.00016602686516264953,0,highway_0,3,383.87634122302427,702.8763412230243,,-1011.000402588789
29.5,llm_1,703.8763798873958,-2.8314999999999975,10.000386643715746,1000.0,,-0.0001610452405522711,-0.0001610452405522711,-0.0001610452405522711,-0.0001610452405522711,-0.00015945073322143344,0,highway_0,3,384.87637988739584,703.8763798873958,,-1011.0003866437157
29.6,llm_1,704.8764170204164,-2.8314999999999975,10.000371330205237,1000.0,,-0.00015466645613138041,-0.00015466645613138041,-0.00015466645613138041,-0.00015466645613138041,-0.00015313510509429307,0,highway_0,3,385.8764170204164,704.8764170204164,,-1011.0003713302052
29.7,llm_1,705.8764526827404,-2.8314999999999975,10.00035662323935,1000.0,,-0.000148540355467075,-0.000148540355467075,-0.000148540355467075,-0.000148540355467075,-0.00014706965886901457,0,highway_0,3,386.87645268274036,705.8764526827404,,-1011.0003566232393
29.8,llm_1,706.8764869326195,-2.8314999999999975,10.00034249879116,1000.0,,-0.00014265692672976726,-0.00014265692672976726,-0.00014265692672976726,-0.00014265692672976726,-0.00014124448190599992,0,highway_0,3,387.8764869326195,706.8764869326195,,-1011.0003424987912
29.9,llm_1,707.8765198259981,-2.8314999999999975,10.000328933785719,1000.0,,-0.0001370065549497479,-0.0001370065549497479,-0.0001370065549497479,-0.0001370065549497479,-0.0001356500544069661,0,highway_0,3,388.8765198259981,707.8765198259981,,-1011.0003289337857
30.0,llm_1,708.8765514166043,-2.8314999999999975,10.000315906062326,1000.0,,-0.0001315800062757777,-0.0001315800062757777,-0.0001315800062757777,-0.0001315800062757777,-0.00013027723392511348,0,highway_0,3,389.87655141660434,708.8765514166043,,-1011.0003159060623
30.1,llm_1,709.8765817560381,-2.8314999999999975,10.000303394338282,1000.0,,-0.00012636841285540434,-0.00012636841285540434,-0.00012636841285540434,-0.00012636841285540434,-0.0001251172404437284,0,highway_0,3,390.87658175603815,709.8765817560381,,-1011.0003033943383
30.2,llm_1,710.8766108938555,-2.8314999999999975,10.000291378174094,1000.0,,-0.00012136325831169081,-0.00012136325831169081,-0.00012136325831169081,-0.00012136325831169081,-0.00012016164188111134,0,highway_0,3,391.8766108938555,710.8766108938555,,-1011.0002913781741
30.3,llm_1,711.8766388776495,-2.8314999999999975,10.000279837940052,1000.0,,-0.00011655636381058265,-0.00011655636381058265,-0.00011655636381058265,-0.00011655636381058265,-0.0001154023404126292,0,highway_0,3,392.8766388776495,711.8766388776495,,-1011.0002798379401
30.4,llm_1,712.8766657531279,-2.8314999999999975,10.000268754784145,1000.0,,-0.00011193987466451283,-0.00011193987466451283,-0.00011193987466451283,-0.00011193987466451283,-0.00011083155907698483,0,highway_0,3,393.8766657531279,712.8766657531279,,-1011.0002687547842
30.5,llm_1,713.876691564188,-2.8314999999999975,10.000258110601226,1000.0,,-0.00010750624748379067,-0.00010750624748379067,-0.00010750624748379067,-0.00010750624748379067,-0.00010644182918184697,0,highway_0,3,394.87669156418804,713.876691564188,,-1011.0002581106012
30.6,llm_1,714.8767163529884,-2.8314999999999975,10.000247888003424,1000.0,,-0.00010324823782403847,-0.00010324823782403847,-0.00010324823782403847,-0.00010324823782403847,-0.00010222597802922451,0,highway_0,3,395.8767163529884,714.8767163529884,,-1011.0002478880034
30.7,llm_1,715.8767401600176,-2.8314999999999975,10.000238070291708,1000.0,,-9.915888833833542e-05,-9.915888833833542e-05,-9.915888833833542e-05,-9.915888833833542e-05,-9.81771171559842e-05,0,highway_0,3,396.87674016001756,715.8767401600176,,-1011.0002380702917
30.8,llm_1,716.8767630241604,-2.8314999999999975,10.000228641428599,1000.0,,-9.523151738455304e-05,-9.523151738455304e-05,-9.523151738455304e-05,-9.523151738455304e-05,-9.428863108951191e-05,0,highway_0,3,397.87676302416037,716.8767630241604,,-1011.0002286414286
30.9,llm_1,717.8767849827616,-2.8314999999999975,10.000219586011955,1000.0,,-9.145970810164883e-05,-9.145970810164883e-05,-9.145970810164883e-05,-9.145970810164883e-05,-9.055416644088154e-05,0,highway_0,3,398.8767849827616,717.8767849827616,,-1011.000219586012
31.0,llm_1,718.8768060716866,-2.8314999999999975,10.000210889249788,1000.0,,-8.783729790562411e-05,-8.783729790562411e-05,-8.783729790562411e-05,-8.783729790562411e-05,-8.696762167303973e-05,0,highway_0,3,399.8768060716866,718.8768060716866,,-1011.0002108892498
31.1,llm_1,719.8768263253802,-2.8314999999999975,10.000202536936083,1000.0,,-8.435836840914313e-05,-8.435836840914313e-05,-8.435836840914313e-05,-8.435836840914313e-05,-8.352313704662606e-05,0,highway_0,3,400.8768263253802,719.8768263253802,,-1011.0002025369361
31.2,llm_1,720.876845776923,-2.8314999999999975,10.000194515427593,1000.0,,-8.10172357388339e-05,-8.10172357388339e-05,-8.10172357388339e-05,-8.10172357388339e-05,-8.02150849033012e-05,0,highway_0,3,401.876845776923,720.876845776923,,-1011.0001945154276
31.3,llm_1,721.8768644580852,-2.8314999999999975,10.00018681162153,1000.0,,-7.780844124116726e-05,-7.780844124116726e-05,-7.780844124116726e-05,-7.780844124116726e-05,-7.703806062409058e-05,0,highway_0,3,402.87686445808515,721.8768644580852,,-1011.0001868116216
31.4,llm_1,722.8768823993786,-2.8314999999999975,10.000179412934148,1000.0,,-7.472674255293299e-05,-7.472674255293299e-05,-7.472674255293299e-05,-7.472674255293299e-05,-7.398687381865443e-05,0,highway_0,3,403.8768823993786,722.8768823993786,,-1011.0001794129341
31.5,llm_1,723.8768996301065,-2.8314999999999975,10.000172307280186,1000.0,,-7.176710502276862e-05,-7.176710502276862e-05,-7.176710502276862e-05,-7.176710502276862e-05,-7.105653962113934e-05,0,highway_0,3,404.87689963010655,723.8768996301065,,-1011.0001723072802
31.6,llm_1,724.8769161784119,-2.8314999999999975,10.000165483053108,1000.0,,-6.892469348285246e-05,-6.892469348285246e-05,-6.892469348285246e-05,-6.892469348285246e-05,-6.824227078539025e-05,0,highway_0,3,405.8769161784119,724.8769161784119,,-1011.0001654830531
31.7,llm_1,725.8769320713225,-2.8314999999999975,10.000158929106142,1000.0,,-6.619486433945276e-05,-6.619486433945276e-05,-6.619486433945276e-05,-6.619486433945276e-05,-6.553946965581758e-05,0,highway_0,3,406.87693207132247,725.8769320713225,,-1011.0001589291062
31.8,llm_1,726.8769473347959,-2.8314999999999975,10.000152634734066,1000.0,,-6.357315798055652e-05,-6.357315798055652e-05,-6.357315798055652e-05,-6.357315798055652e-05,-6.294372075998922e-05,0,highway_0,3,407.8769473347959,726.8769473347959,,-1011.000152634734
31.9,llm_1,727.8769619937615,-2.8314999999999975,10.000146589655701,1000.0,,-6.105529148214828e-05,-6.105529148214828e-05,-6.105529148214828e-05,-6.105529148214828e-05,-6.045078364991241e-05,0,highway_0,3,408.8769619937615,727.8769619937615,,-1011.0001465896557
32.0,llm_1,728.8769760721611,-2.8314999999999975,10.000140783997127,1000.0,,-5.863715160447924e-05,-5.863715160447924e-05,-5.863715160447924e-05,-5.863715160447924e-05,-5.8056585743315736e-05,0,highway_0,3,409.87697607216114,728.8769760721611,,-1011.0001407839972
32.1,llm_1,729.8769895929887,-2.8314999999999975,10.000135208275536,1000.0,,-5.631478806988888e-05,-5.631478806988888e-05,-5.631478806988888e-05,-5.631478806988888e-05,-5.575721591100091e-05,0,highway_0,3,410.8769895929887,729.8769895929887,,-1011.0001352082755
32.2,llm_1,730.877002578327,-2.8314999999999975,10.000129853383743,1000.0,,-5.408440710086282e-05,-5.408440710086282e-05,-5.408440710086282e-05,-5.408440710086282e-05,-5.354891792208605e-05,0,highway_0,3,411.87700257832705,730.877002578327,,-1011.0001298533838
32.3,llm_1,731.8770150493846,-2.8314999999999975,10.000124710575307,1000.0,,-5.194236522032547e-05,-5.194236522032547e-05,-5.194236522032547e-05,-5.194236522032547e-05,-5.142808436886526e-05,0,highway_0,3,412.87701504938457,731.8770150493846,,-1011.0001247105753
32.4,llm_1,732.8770270265296,-2.8314999999999975,10.000119771450228,1000.0,,-4.98851632939612e-05,-4.98851632939612e-05,-4.98851632939612e-05,-4.98851632939612e-05,-4.939125078706752e-05,0,highway_0,3,413.8770270265296,732.8770270265296,,-1011.0001197714503
32.5,llm_1,733.8770385293237,-2.8314999999999975,10.000115027941238,1000.0,,-4.7909440810345316e-05,-4.7909440810345316e-05,-4.7909440810345316e-05,-4.7909440810345316e-05,-4.7435089900460525e-05,0,highway_0,3,414.8770385293237,733.8770385293237,,-1011.0001150279412
32.6,llm_1,734.8770495765538,-2.8314999999999975,10.000110472300605,1000.0,,-4.601197038711646e-05,-4.601197038711646e-05,-4.601197038711646e-05,-4.601197038711646e-05,-4.5556406327307286e-05,0,highway_0,3,415.87704957655376,734.8770495765538,,-1011.0001104723005
32.7,llm_1,735.8770601862625,-2.8314999999999975,10.000106097087487,1000.0,,-4.4189652495196796e-05,-4.4189652495196796e-05,-4.4189652495196796e-05,-4.4189652495196796e-05,-4.375213118024135e-05,0,highway_0,3,416.8770601862625,735.8770601862625,,-1011.0001060970875
32.8,llm_1,736.8770703757781,-2.8314999999999975,10.000101895155765,1000.0,,-4.243951039506477e-05,-4.243951039506477e-05,-4.243951039506477e-05,-4.243951039506477e-05,-4.2019317216812624e-05,0,highway_0,3,417.8770703757781,736.8770703757781,,-1011.0001018951558
32.9,llm_1,737.8770801617424,-2.8314999999999975,10.000097859642374,1000.0,,-4.075868526820514e-05,-4.075868526820514e-05,-4.075868526820514e-05,-4.075868526820514e-05,-4.0355133918978936e-05,0,highway_0,3,418.87708016174236,737.8770801617424,,-1011.0000978596423
33.0,llm_1,738.877089560138,-2.8314999999999975,10.000093983956083,1000.0,,-3.914443154395819e-05,-3.914443154395819e-05,-3.914443154395819e-05,-3.914443154395819e-05,-3.875686291010538e-05,0,highway_0,3,419.87708956013796,738.877089560138,,-1011.000093983956
33.1,llm_1,739.8770985863147,-2.8314999999999975,10.000090261766735,1000.0,,-3.7594112415106906e-05,-3.7594112415106906e-05,-3.7594112415106906e-05,-3.7594112415106906e-05,-3.72218934785451e-05,0,highway_0,3,420.8770985863147,739.8770985863147,,-1011.0000902617668
33.2,llm_1,740.8771072550142,-2.8414999999999977,10.0000866869949,1000.0,,-3.610519552776914e-05,-3.610519552776914e-05,-3.610519552776914e-05,-3.610519552776914e-05,-3.5747718349909974e-05,0,highway_0,3,421.87710725501415,740.8771072550142,,-1011.0000866869949
33.3,llm_1,741.8771155803944,-2.8614999999999977,10.000083253801945,1000.0,,-3.467524884070983e-05,-3.467524884070983e-05,-3.467524884070983e-05,-3.467524884070983e-05,-3.4331929548159223e-05,0,highway_0,3,422.8771155803944,741.8771155803944,,-1011.0000832538019
33.4,llm_1,742.8771235760524,-2.891499999999998,10.000079956580494,1000.0,,-3.330193665229686e-05,-3.330193665229686e-05,-3.330193665229686e-05,-3.330193665229686e-05,-3.2972214505377906e-05,0,highway_0,3,423.87712357605244,742.8771235760524,,-1011.0000799565805
33.5,llm_1,743.877131255047,-2.931499999999998,10.000076789945268,1000.0,,-3.198301578311025e-05,-3.198301578311025e-05,-3.198301578311025e-05,-3.198301578311025e-05,-3.166635226037329e-05,0,highway_0,3,424.87713125504695,743.877131255047,,-1011.0000767899453
33.6,llm_1,744.8771386299194,-2.981499999999998,10.000073748724287,1000.0,,-3.071633191131795e-05,-3.071633191131795e-05,-3.071633191131795e-05,-3.071633191131795e-05,-3.041220981714332e-05,0,highway_0,3,425.8771386299194,744.8771386299194,,-1011.0000737487243
33.7,llm_1,745.8771457127144,-3.041499999999998,10.00007082795042,1000.0,,-2.9499816049050054e-05,-2.9499816049050054e-05,-2.9499816049050054e-05,-2.9499816049050054e-05,-2.9207738663217242e-05,0,highway_0,3,426.8771457127144,745.8771457127144,,-1011.0000708279504
33.8,llm_1,746.8771525149998,-3.1114999999999977,10.000068022853275,1000.0,,-2.833148116532236e-05,-2.833148116532236e-05,-2.833148116532236e-05,-2.833148116532236e-05,-2.8050971447868278e-05,0,highway_0,3,427.8771525149998,746.8771525149998,,-1011.0000680228533
33.9,llm_1,747.8771590478849,-3.191499999999998,10.0000653288514,1000.0,,-2.720941893752382e-05,-2.720941893752382e-05,-2.720941893752382e-05,-2.720941893752382e-05,-2.69400187491442e-05,0,highway_0,3,428.8771590478849,747.8771590478849,,-1011.0000653288514
34.0,llm_1,748.8771653220393,-3.2814999999999976,10.000062741544802,1000.0,,-2.613179663257803e-05,-2.613179663257803e-05,-2.613179663257803e-05,-2.613179663257803e-05,-2.5873065983006427e-05,0,highway_0,2,429.87716532203933,748.8771653220393,,-1011.0000627415448
34.1,llm_1,749.8771713477101,-3.3814999999999977,10.000060256707762,1000.0,,-2.509685411178353e-05,-2.509685411178353e-05,-2.509685411178353e-05,-2.509685411178353e-05,-2.4848370401286957e-05,0,highway_0,2,430.87717134771015,749.8771713477101,,-1011.0000602567078
34.2,llm_1,750.8771771347383,-3.481499999999998,10.000057870281925,1000.0,,-2.4102900957556628e-05,-2.4102900957556628e-05,-2.4102900957556628e-05,-2.4102900957556628e-05,-2.3864258373862413e-05,0,highway_0,2,431.8771771347383,750.8771771347383,,-1011.0000578702819
34.3,llm_1,751.8771826925753,-3.581499999999998,10.000055578369677,1000.0,,-2.314831370875403e-05,-2.314831370875403e-05,-2.314831370875403e-05,-2.314831370875403e-05,-2.291912247542882e-05,0,highway_0,2,432.8771826925753,751.8771826925753,,-1011.0000555783697
34.4,llm_1,752.877188030298,-3.681499999999998,10.000053377227776,1000.0,,-2.2231533209016163e-05,-2.2231533209016163e-05,-2.2231533209016163e-05,-2.2231533209016163e-05,-2.2011419016365608e-05,0,highway_0,2,433.87718803029804,752.877188030298,,-1011.0000533772278
34.5,llm_1,753.8771931566241,-3.781499999999998,10.000051263261236,1000.0,,-2.135106205858328e-05,-2.135106205858328e-05,-2.135106205858328e-05,-2.135106205858328e-05,-2.1139665395963902e-05,0,highway_0,2,434.8771931566241,753.8771931566241,,-1011.0000512632612
34.6,llm_1,754.8771980799258,-3.881499999999998,10.000049233017457,1000.0,,-2.050546217025051e-05,-2.050546217025051e-05,-2.050546217025051e-05,-2.050546217025051e-05,-2.0302437793162653e-05,0,highway_0,2,435.87719807992585,754.8771980799258,,-1011.0000492330174
34.7,llm_1,755.8772028082439,-3.981499999999998,10.000047283180583,1000.0,,-1.9693352416361165e-05,-1.9693352416361165e-05,-1.9693352416361165e-05,-1.9693352416361165e-05,-1.9498368732939753e-05,0,highway_0,2,436.87720280824385,755.8772028082439,,-1011.0000472831806
34.8,llm_1,756.8772073493004,-4.081499999999998,10.00004541056609,1000.0,,-1.8913406376164232e-05,-1.8913406376164232e-05,-1.8913406376164232e-05,-1.8913406376164232e-05,-1.8726144936920264e-05,0,highway_0,2,437.8772073493004,756.8772073493004,,-1011.0000454105661
34.9,llm_1,757.877211710512,-4.181499999999998,10.000043612115578,1000.0,,-1.8164350163329956e-05,-1.8164350163329956e-05,-1.8164350163329956e-05,-1.8164350163329956e-05,-1.798450512069394e-05,0,highway_0,2,438.87721171051203,757.877211710512,,-1011.0000436121156
35.0,llm_1,758.8772158990012,-4.281499999999998,10.00004188489178,1000.0,,-1.744496035205323e-05,-1.744496035205323e-05,-1.744496035205323e-05,-1.744496035205323e-05,-1.7272237968768422e-05,0,highway_0,2,439.87721589900116,758.8772158990012,,-1011.0000418848917
35.1,llm_1,759.8772199216086,-4.381499999999998,10.000040226073763,1000.0,,-1.675406197354512e-05,-1.675406197354512e-05,-1.675406197354512e-05,-1.675406197354512e-05,-1.6588180180576728e-05,0,highway_0,2,440.87721992160857,759.8772199216086,,-1011.0000402260738
35.2,llm_1,760.8772237849038,-4.481499999999998,10.000038632952316,1000.0,,-1.609052659379273e-05,-1.609052659379273e-05,-1.609052659379273e-05,-1.609052659379273e-05,-1.593121446319401e-05,0,highway_0,2,441.8772237849038,760.8772237849038,,-1011.0000386329523
35.3,llm_1,761.8772274951963,-4.581499999999998,10.000037102925535,1000.0,,-1.545327047747236e-05,-1.545327047747236e-05,-1.545327047747236e-05,-1.545327047747236e-05,-1.5300267808271428e-05,0,highway_0,2,442.8772274951963,761.8772274951963,,-1011.0000371029255
35.4,llm_1,762.8772310585457,-4.681499999999998,10.000035633494564,1000.0,,-1.4841252812480832e-05,-1.4841252812480832e-05,-1.4841252812480832e-05,-1.4841252812480832e-05,-1.469430971567931e-05,0,highway_0,2,443.8772310585457,762.8772310585457,,-1011.0000356334946
35.5,llm_1,763.8772344807717,-4.781499999999998,10.000034222259513,1000.0,,-1.4253474010406109e-05,-1.4253474010406109e-05,-1.4253474010406109e-05,-1.4253474010406109e-05,-1.4112350505968152e-05,0,highway_0,2,444.8772344807717,763.8772344807717,,-1011.0000342222595
35.6,llm_1,764.8772377674633,-4.881499999999998,10.000032866915545,1000.0,,-1.3688974075165561e-05,-1.3688974075165561e-05,-1.3688974075165561e-05,-1.3688974075165561e-05,-1.3553439686120328e-05,0,highway_0,2,445.87723776746327,764.8772377674633,,-1011.0000328669155
35.7,llm_1,765.8772409239882,-4.981499999999998,10.000031565249106,1000.0,,-1.3146831032040396e-05,-1.3146831032040396e-05,-1.3146831032040396e-05,-1.3146831032040396e-05,-1.301666438635607e-05,0,highway_0,2,446.8772409239882,765.8772409239882,,-1011.0000315652491
35.8,llm_1,766.8772439555016,-5.081499999999998,10.000030315134312,1000.0,,-1.2626159424211636e-05,-1.2626159424211636e-05,-1.2626159424211636e-05,-1.2626159424211636e-05,-1.2501147939047996e-05,0,highway_0,2,447.8772439555016,766.8772439555016,,-1011.0000303151343
35.9,llm_1,767.8772468669546,-5.181499999999998,10.000029114529474,1000.0,,-1.212610886525134e-05,-1.212610886525134e-05,-1.212610886525134e-05,-1.212610886525134e-05,-1.200604838658137e-05,0,highway_0,2,448.8772468669546,767.8772468669546,,-1011.0000291145295
36.0,llm_1,768.8772496631019,-5.281499999999998,10.000027961473766,1000.0,,-1.1645862649123373e-05,-1.1645862649123373e-05,-1.1645862649123373e-05,-1.1645862649123373e-05,-1.1530557078032189e-05,0,highway_0,2,449.8772496631019,768.8772496631019,,-1011.0000279614737
36.1,llm_1,769.8772523485103,-5.381499999999998,10.000026854084021,1000.0,,-1.118463641680556e-05,-1.118463641680556e-05,-1.118463641680556e-05,-1.118463641680556e-05,-1.1073897443480973e-05,0,highway_0,2,450.8772523485103,769.8772523485103,,-1011.000026854084
36.2,llm_1,770.8772549275654,-5.481499999999998,10.000025790551657,1000.0,,-1.0741676876868667e-05,-1.0741676876868667e-05,-1.0741676876868667e-05,-1.0741676876868667e-05,-1.0635323643981565e-05,0,highway_0,2,451.87725492756545,770.8772549275654,,-1011.0000257905516
36.3,llm_1,771.8772574044795,-5.581499999999998,10.000024769139719,1000.0,,-1.0316260571796576e-05,-1.0316260571796576e-05,-1.0316260571796576e-05,-1.0316260571796576e-05,-1.0214119381402043e-05,0,highway_0,2,452.87725740447945,771.8772574044795,,-1011.0000247691397
36.4,llm_1,772.8772597832974,-5.671499999999998,10.000023788180046,1000.0,,-9.907692698485349e-06,-9.907692698485349e-06,-9.907692698485349e-06,-9.907692698485349e-06,-9.809596726029213e-06,0,highway_0,2,453.8772597832974,772.8772597832974,,-1011.0000237881801
36.5,llm_1,773.8772620679044,-5.751499999999998,10.000022846070545,1000.0,,-9.515305970930754e-06,-9.515305970930754e-06,-9.515305970930754e-06,-9.515305970930754e-06,-9.421095015227365e-06,0,highway_0,2,454.87726206790444,773.8772620679044,,-1011.0000228460706
36.6,llm_1,774.8772642620316,-5.821499999999998,10.000021941272571,1000.0,,-9.138459534430154e-06,-9.138459534430154e-06,-9.138459534430154e-06,-9.138459534430154e-06,-9.047979734333467e-06,0,highway_0,2,455.87726426203164,774.8772642620316,,-1011.0000219412726
36.7,llm_1,775.8772663692625,-5.881499999999998,10.00002107230842,1000.0,,-8.776537913979254e-06,-8.776537913979254e-06,-8.776537913979254e-06,-8.776537913979254e-06,-8.68964150413376e-06,0,highway_0,2,456.87726636926254,775.8772663692625,,-1011.0000210723084
36.8,llm_1,776.8772683930384,-5.931499999999998,10.000020237758914,1000.0,,-8.428950010630487e-06,-8.428950010630487e-06,-8.428950010630487e-06,-8.428950010630487e-06,-8.34549506834037e-06,0,highway_0,2,457.87726839303843,776.8772683930384,,-1011.0000202377589
36.9,llm_1,777.8772703366645,-5.971499999999998,10.000019436261079,1000.0,,-8.095128139373742e-06,-8.095128139373742e-06,-8.095128139373742e-06,-8.095128139373742e-06,-8.01497835212217e-06,0,highway_0,2,458.87727033666454,777.8772703366645,,-1011.000019436261
37.0,llm_1,778.8772722033151,-6.001499999999998,10.00001866650592,1000.0,,-7.7745270974372e-06,-7.7745270974372e-06,-7.7745270974372e-06,-7.7745270974372e-06,-7.697551591689944e-06,0,highway_0,2,459.8772722033151,778.8772722033151,,-1011.0000186665059
37.1,llm_1,779.8772739960388,-6.021499999999998,10.00001792723629,1000.0,,-7.466623273888473e-06,-7.466623273888473e-06,-7.466623273888473e-06,-7.466623273888473e-06,-7.392696304009405e-06,0,highway_0,2,460.87727399603875,779.8772739960388,,-1011.0000179272363
37.2,llm_1,780.8772757177633,-6.031499999999998,10.000017217244825,1000.0,,-7.1709137987596705e-06,-7.1709137987596705e-06,-7.1709137987596705e-06,-7.1709137987596705e-06,-7.099914647312744e-06,0,highway_0,2,461.87727571776327,780.8772757177633,,-1011.0000172172448
37.3,llm_1,781.8772773713005,-6.031499999999998,10.000016535371982,1000.0,,-6.886915716153297e-06,-6.886915716153297e-06,-6.886915716153297e-06,-6.886915716153297e-06,-6.818728426338794e-06,0,highway_0,2,462.87727737130047,781.8772773713005,,-1011.000016535372
37.4,llm_1,782.8772789593509,-6.031499999999998,10.00001588050414,1000.0,,-6.614165198204347e-06,-6.614165198204347e-06,-6.614165198204347e-06,-6.614165198204347e-06,-6.548678417317433e-06,0,highway_0,2,463.87727895935086,782.8772789593509,,-1011.0000158805042
37.5,llm_1,783.877280484508,-6.041499999999998,10.000015251571785,1000.0,,-6.35221678768616e-06,-6.35221678768616e-06,-6.35221678768616e-06,-6.35221678768616e-06,-6.289323550845438e-06,0,highway_0,2,464.877280484508,783.877280484508,,-1011.0000152515718
37.6,llm_1,784.8772819492627,-6.061499999999998,10.000014647547758,1000.0,,-6.100642670814338e-06,-6.100642670814338e-06,-6.100642670814338e-06,-6.100642670814338e-06,-6.040240272398023e-06,0,highway_0,2,465.87728194926274,784.8772819492627,,-1011.0000146475478
37.7,llm_1,785.8772833560073,-6.091499999999998,10.000014067445582,1000.0,,-5.859031975807838e-06,-5.859031975807838e-06,-5.859031975807838e-06,-5.859031975807838e-06,-5.801021760731828e-06,0,highway_0,2,466.8772833560073,785.8772833560073,,-1011.0000140674456
37.8,llm_1,786.877284707039,-6.131499999999998,10.000013510317848,1000.0,,-5.6269901063110694e-06,-5.6269901063110694e-06,-5.6269901063110694e-06,-5.6269901063110694e-06,-5.571277341687164e-06,0,highway_0,2,467.87728470703905,786.877284707039,,-1011.0000135103179
37.9,llm_1,787.8772860045646,-6.181499999999998,10.00001297525467,1000.0,,-5.404138090359112e-06,-5.404138090359112e-06,-5.404138090359112e-06,-5.404138090359112e-06,-5.350631777645276e-06,0,highway_0,2,468.87728600456455,787.8772860045646,,-1011.0000129752547
38.0,llm_1,788.8772872507028,-6.2414999999999985,10.000012461382198,1000.0,,-5.190111969755051e-06,-5.190111969755051e-06,-5.190111969755051e-06,-5.190111969755051e-06,-5.138724716857723e-06,0,highway_0,2,469.8772872507028,788.8772872507028,,-1011.0000124613822
38.1,llm_1,789.8772884474889,-6.311499999999999,10.000011967861187,1000.0,,-4.984562196108655e-06,-4.984562196108655e-06,-4.984562196108655e-06,-4.984562196108655e-06,-4.935210107248622e-06,0,highway_0,2,470.8772884474889,789.8772884474889,,-1011.0000119678612
38.2,llm_1,790.8772895968775,-6.391499999999999,10.000011493885635,1000.0,,-4.787153068397387e-06,-4.787153068397387e-06,-4.787153068397387e-06,-4.787153068397387e-06,-4.739755521399047e-06,0,highway_0,2,471.8772895968775,790.8772895968775,,-1011.0000114938856
38.3,llm_1,791.8772907007457,-6.481499999999999,10.000011038681459,1000.0,,-4.597562180297388e-06,-4.597562180297388e-06,-4.597562180297388e-06,-4.597562180297388e-06,-4.552041765748527e-06,0,highway_0,1,472.8772907007457,791.8772907007457,,-1011.0000110386815
38.4,llm_1,792.8772918046138,-6.581499999999998,10.000011038681459,1000.0,,0.0,0.0,0.0,0.0,0.0,0,highway_0,1,473.87729180461383,792.8772918046138,,-1011.0000110386815
38.5,llm_1,793.877292908482,-6.681499999999999,10.000011038681459,1000.0,,0.0,0.0,0.0,0.0,0.0,0,highway_0,1,474.877292908482,793.877292908482,,-1011.0000110386815
38.6,llm_1,794.8772940123501,-6.7814999999999985,10.000011038681459,1000.0,,0.0,0.0,0.0,0.0,0.0,0,highway_0,1,475.87729401235015,794.8772940123501,,-1011.0000110386815
38.7,llm_1,795.8772951162183,-6.881499999999999,10.000011038681459,1000.0,,0.0,0.0,0.0,0.0,0.0,0,highway_0,1,476.8772951162183,795.8772951162183,,-1011.0000110386815
38.8,llm_1,796.8772962200865,-6.981499999999999,10.000011038681459,1000.0,,0.0,0.0,0.0,0.0,0.0,0,highway_0,1,477.87729622008646,796.8772962200865,,-1011.0000110386815
38.9,llm_1,797.8772973239546,-7.081499999999999,10.000011038681459,1000.0,,0.0,0.0,0.0,0.0,0.0,0,highway_0,1,478.8772973239546,797.8772973239546,,-1011.0000110386815
39.0,llm_1,798.8772984278228,-7.181499999999999,10.000011038681459,1000.0,,0.0,0.0,0.0,0.0,0.0,0,highway_0,1,479.8772984278228,798.8772984278228,,-1011.0000110386815
39.1,llm_1,799.8772995316909,-7.2814999999999985,10.000011038681459,1000.0,,0.0,0.0,0.0,0.0,0.0,0,highway_0,1,480.87729953169094,799.8772995316909,,-1011.0000110386815
39.2,llm_1,800.8773006355591,-7.381499999999999,10.000011038681459,1000.0,,0.0,0.0,0.0,0.0,0.0,0,highway_0,1,481.8773006355591,800.8773006355591,,-1011.0000110386815
39.3,llm_1,801.8773017394273,-7.481499999999999,10.000011038681459,1000.0,,0.0,0.0,0.0,0.0,0.0,0,highway_0,1,482.87730173942725,801.8773017394273,,-1011.0000110386815
39.4,llm_1,802.8773028432954,-7.581499999999998,10.000011038681459,1000.0,,0.0,0.0,0.0,0.0,0.0,0,highway_0,1,483.8773028432954,802.8773028432954,,-1011.0000110386815
39.5,llm_1,803.8773039471636,-7.681499999999999,10.000011038681459,1000.0,,0.0,0.0,0.0,0.0,0.0,0,highway_0,1,484.87730394716357,803.8773039471636,,-1011.0000110386815
39.6,llm_1,804.8773050510317,-7.7814999999999985,10.000011038681459,1000.0,,0.0,0.0,0.0,0.0,0.0,0,highway_0,1,485.8773050510317,804.8773050510317,,-1011.0000110386815
39.7,llm_1,805.8773061548999,-7.881499999999999,10.000011038681459,1000.0,,0.0,0.0,0.0,0.0,0.0,0,highway_0,1,486.8773061548999,805.8773061548999,,-1011.0000110386815
39.8,llm_1,806.877307258768,-7.981499999999999,10.000011038681459,1000.0,,0.0,0.0,0.0,0.0,0.0,0,highway_0,1,487.87730725876804,806.877307258768,,-1011.0000110386815
39.9,llm_1,807.8773083626362,-8.081499999999998,10.000011038681459,1000.0,,0.0,0.0,0.0,0.0,0.0,0,highway_0,1,488.8773083626362,807.8773083626362,,-1011.0000110386815
40.0,llm_1,808.8773094665044,-8.181499999999998,10.000011038681459,1000.0,,0.0,0.0,0.0,0.0,0.0,0,highway_0,1,489.87730946650436,808.8773094665044,,-1011.0000110386815
40.1,llm_1,809.8773105703725,-8.2815,10.000011038681459,1000.0,,0.0,0.0,0.0,0.0,0.0,0,highway_0,1,490.8773105703725,809.8773105703725,,-1011.0000110386815
40.2,llm_1,810.8773116742407,-8.381499999999999,10.000011038681459,1000.0,,0.0,0.0,0.0,0.0,0.0,0,highway_0,1,491.8773116742407,810.8773116742407,,-1011.0000110386815
40.3,llm_1,811.8773127781088,-8.481499999999999,10.000011038681459,1000.0,,0.0,0.0,0.0,0.0,0.0,0,highway_0,1,492.87731277810883,811.8773127781088,,-1011.0000110386815
40.4,llm_1,812.877313881977,-8.581499999999998,10.000011038681459,1000.0,,0.0,0.0,0.0,0.0,0.0,0,highway_0,1,493.877313881977,812.877313881977,,-1011.0000110386815
40.5,llm_1,813.8773149858451,-8.681499999999998,10.000011038681459,1000.0,,0.0,0.0,0.0,0.0,0.0,0,highway_0,1,494.87731498584515,813.8773149858451,,-1011.0000110386815
40.6,llm_1,814.8773160897133,-8.7815,10.000011038681459,1000.0,,0.0,0.0,0.0,0.0,0.0,0,highway_0,1,495.8773160897133,814.8773160897133,,-1011.0000110386815
40.7,llm_1,815.8773171935815,-8.8715,10.000011038681459,1000.0,,0.0,0.0,0.0,0.0,0.0,0,highway_0,1,496.87731719358146,815.8773171935815,,-1011.0000110386815
40.8,llm_1,816.8773182974496,-8.9515,10.000011038681459,1000.0,,0.0,0.0,0.0,0.0,0.0,0,highway_0,1,497.8773182974496,816.8773182974496,,-1011.0000110386815
40.9,llm_1,817.8773194013178,-9.0215,10.000011038681459,1000.0,,0.0,0.0,0.0,0.0,0.0,0,highway_0,1,498.8773194013178,817.8773194013178,,-1011.0000110386815
41.0,llm_1,818.8773205051859,-9.081499999999998,10.000011038681459,1000.0,,0.0,0.0,0.0,0.0,0.0,0,highway_0,1,499.87732050518593,818.8773205051859,,-1011.0000110386815
41.1,llm_1,819.8773216090541,-9.131499999999999,10.000011038681459,1000.0,,0.0,0.0,0.0,0.0,0.0,0,highway_0,1,500.8773216090541,819.8773216090541,,-1011.0000110386815
41.2,llm_1,820.8773227129223,-9.171499999999998,10.000011038681459,1000.0,,0.0,0.0,0.0,0.0,0.0,0,highway_0,1,501.87732271292225,820.8773227129223,,-1011.0000110386815
41.3,llm_1,821.8773238167904,-9.2015,10.000011038681459,1000.0,,0.0,0.0,0.0,0.0,0.0,0,highway_0,1,502.8773238167904,821.8773238167904,,-1011.0000110386815
41.4,llm_1,822.8773249206586,-9.221499999999999,10.000011038681459,1000.0,,0.0,0.0,0.0,0.0,0.0,0,highway_0,1,503.87732492065857,822.8773249206586,,-1011.0000110386815
41.5,llm_1,823.8773260245267,-9.231499999999999,10.000011038681459,1000.0,,0.0,0.0,0.0,0.0,0.0,0,highway_0,1,504.8773260245267,823.8773260245267,,-1011.0000110386815
41.6,llm_1,824.8773271283949,-9.231499999999999,10.000011038681459,1000.0,,0.0,0.0,0.0,0.0,0.0,0,highway_0,1,505.8773271283949,824.8773271283949,,-1011.0000110386815
41.7,llm_1,825.877328232263,-9.231499999999999,10.000011038681459,1000.0,,0.0,0.0,0.0,0.0,0.0,0,highway_0,1,506.87732823226304,825.877328232263,,-1011.0000110386815
41.8,llm_1,826.8773293361312,-9.231499999999999,10.000011038681459,1000.0,,0.0,0.0,0.0,0.0,0.0,0,highway_0,1,507.8773293361312,826.8773293361312,,-1011.0000110386815
41.9,llm_1,827.8773304399994,-9.231499999999999,10.000011038681459,1000.0,,0.0,0.0,0.0,0.0,0.0,0,highway_0,1,508.87733043999935,827.8773304399994,,-1011.0000110386815
42.0,llm_1,828.8773315438675,-9.231499999999999,10.000011038681459,1000.0,,0.0,0.0,0.0,0.0,0.0,0,highway_0,1,509.8773315438675,828.8773315438675,,-1011.0000110386815
42.1,llm_1,829.8773326477357,-9.231499999999999,10.000011038681459,1000.0,,0.0,0.0,0.0,0.0,0.0,0,highway_0,1,510.87733264773567,829.8773326477357,,-1011.0000110386815
42.2,llm_1,830.8773337516038,-9.231499999999999,10.000011038681459,1000.0,,0.0,0.0,0.0,0.0,0.0,0,highway_0,1,511.8773337516038,830.8773337516038,,-1011.0000110386815
42.3,llm_1,831.877334855472,-9.231499999999999,10.000011038681459,1000.0,,0.0,0.0,0.0,0.0,0.0,0,highway_0,1,512.877334855472,831.877334855472,,-1011.0000110386815
42.4,llm_1,832.8773359593401,-9.231499999999999,10.000011038681459,1000.0,,0.0,0.0,0.0,0.0,0.0,0,highway_0,1,513.8773359593401,832.8773359593401,,-1011.0000110386815
42.5,llm_1,833.8773370632083,-9.231499999999999,10.000011038681459,1000.0,,0.0,0.0,0.0,0.0,0.0,0,highway_0,1,514.8773370632083,833.8773370632083,,-1011.0000110386815
42.6,llm_1,834.8773381670765,-9.231499999999999,10.000011038681459,1000.0,,0.0,0.0,0.0,0.0,0.0,0,highway_0,1,515.8773381670765,834.8773381670765,,-1011.0000110386815
42.7,llm_1,835.8773392709446,-9.231499999999999,10.000011038681459,1000.0,,0.0,0.0,0.0,0.0,0.0,0,highway_0,1,516.8773392709446,835.8773392709446,,-1011.0000110386815
42.8,llm_1,836.8773403748128,-9.231499999999999,10.000011038681459,1000.0,,0.0,0.0,0.0,0.0,0.0,0,highway_0,1,517.8773403748128,836.8773403748128,,-1011.0000110386815
42.9,llm_1,837.8773414786809,-9.231499999999999,10.000011038681459,1000.0,,0.0,0.0,0.0,0.0,0.0,0,highway_0,1,518.8773414786809,837.8773414786809,,-1011.0000110386815
43.0,llm_1,838.8773425825491,-9.231499999999999,10.000011038681459,1000.0,,0.0,0.0,0.0,0.0,0.0,0,highway_0,1,519.8773425825491,838.8773425825491,,-1011.0000110386815
43.1,llm_1,839.8773436864172,-9.231499999999999,10.000011038681459,1000.0,,0.0,0.0,0.0,0.0,0.0,0,highway_0,1,520.8773436864172,839.8773436864172,,-1011.0000110386815
43.2,llm_1,840.8773447902854,-9.231499999999999,10.000011038681459,1000.0,,0.0,0.0,0.0,0.0,0.0,0,highway_0,1,521.8773447902854,840.8773447902854,,-1011.0000110386815
43.3,llm_1,841.8773458941536,-9.231499999999999,10.000011038681459,1000.0,,0.0,0.0,0.0,0.0,0.0,0,highway_0,1,522.8773458941536,841.8773458941536,,-1011.0000110386815
43.4,llm_1,842.8773469980217,-9.231499999999999,10.000011038681459,1000.0,,0.0,0.0,0.0,0.0,0.0,0,highway_0,1,523.8773469980217,842.8773469980217,,-1011.0000110386815
43.5,llm_1,843.8773481018899,-9.231499999999999,10.000011038681459,1000.0,,0.0,0.0,0.0,0.0,0.0,0,highway_0,1,524.8773481018899,843.8773481018899,,-1011.0000110386815
43.6,llm_1,844.877349205758,-9.231499999999999,10.000011038681459,1000.0,,0.0,0.0,0.0,0.0,0.0,0,highway_0,1,525.877349205758,844.877349205758,,-1011.0000110386815
43.7,llm_1,845.8773503096262,-9.231499999999999,10.000011038681459,1000.0,,0.0,0.0,0.0,0.0,0.0,0,highway_0,1,526.8773503096262,845.8773503096262,,-1011.0000110386815
43.8,llm_1,846.8773514134944,-9.231499999999999,10.000011038681459,1000.0,,0.0,0.0,0.0,0.0,0.0,0,highway_0,1,527.8773514134944,846.8773514134944,,-1011.0000110386815
43.9,llm_1,847.8773525173625,-9.231499999999999,10.000011038681459,1000.0,,0.0,0.0,0.0,0.0,0.0,0,highway_0,1,528.8773525173625,847.8773525173625,,-1011.0000110386815
44.0,llm_1,848.8773536212307,-9.231499999999999,10.000011038681459,1000.0,,0.0,0.0,0.0,0.0,0.0,0,highway_0,1,529.8773536212307,848.8773536212307,,-1011.0000110386815
44.1,llm_1,849.8773547250988,-9.231499999999999,10.000011038681459,1000.0,,0.0,0.0,0.0,0.0,0.0,0,highway_0,1,530.8773547250988,849.8773547250988,,-1011.0000110386815
44.2,llm_1,850.877355828967,-9.231499999999999,10.000011038681459,1000.0,,0.0,0.0,0.0,0.0,0.0,0,highway_0,1,531.877355828967,850.877355828967,,-1011.0000110386815
44.3,llm_1,851.8773569328351,-9.231499999999999,10.000011038681459,1000.0,,0.0,0.0,0.0,0.0,0.0,0,highway_0,1,532.8773569328351,851.8773569328351,,-1011.0000110386815
44.4,llm_1,852.8773580367033,-9.231499999999999,10.000011038681459,1000.0,,0.0,0.0,0.0,0.0,0.0,0,highway_0,1,533.8773580367033,852.8773580367033,,-1011.0000110386815
44.5,llm_1,853.8773591405715,-9.231499999999999,10.000011038681459,1000.0,,0.0,0.0,0.0,0.0,0.0,0,highway_0,1,534.8773591405715,853.8773591405715,,-1011.0000110386815
44.6,llm_1,854.8773602444396,-9.231499999999999,10.000011038681459,1000.0,,0.0,0.0,0.0,0.0,0.0,0,highway_0,1,535.8773602444396,854.8773602444396,,-1011.0000110386815
44.7,llm_1,855.8773613483078,-9.231499999999999,10.000011038681459,1000.0,,0.0,0.0,0.0,0.0,0.0,0,highway_0,1,536.8773613483078,855.8773613483078,,-1011.0000110386815
44.8,llm_1,856.8773624521759,-9.231499999999999,10.000011038681459,1000.0,,0.0,0.0,0.0,0.0,0.0,0,highway_0,1,537.8773624521759,856.8773624521759,,-1011.0000110386815
44.9,llm_1,857.8773635560441,-9.231499999999999,10.000011038681459,1000.0,,0.0,0.0,0.0,0.0,0.0,0,highway_0,1,538.8773635560441,857.8773635560441,,-1011.0000110386815
45.0,llm_1,858.8773646599122,-9.231499999999999,10.000011038681459,1000.0,,0.0,0.0,0.0,0.0,0.0,0,highway_0,1,539.8773646599122,858.8773646599122,,-1011.0000110386815
45.1,llm_1,859.8773657637804,-9.231499999999999,10.000011038681459,1000.0,,0.0,0.0,0.0,0.0,0.0,0,highway_0,1,540.8773657637804,859.8773657637804,,-1011.0000110386815
45.2,llm_1,860.8773668676486,-9.231499999999999,10.000011038681459,1000.0,,0.0,0.0,0.0,0.0,0.0,0,highway_0,1,541.8773668676486,860.8773668676486,,-1011.0000110386815
45.3,llm_1,861.8773679715167,-9.231499999999999,10.000011038681459,1000.0,,0.0,0.0,0.0,0.0,0.0,0,highway_0,1,542.8773679715167,861.8773679715167,,-1011.0000110386815
45.4,llm_1,862.8773690753849,-9.231499999999999,10.000011038681459,1000.0,,0.0,0.0,0.0,0.0,0.0,0,highway_0,1,543.8773690753849,862.8773690753849,,-1011.0000110386815
45.5,llm_1,863.877370179253,-9.231499999999999,10.000011038681459,1000.0,,0.0,0.0,0.0,0.0,0.0,0,highway_0,1,544.877370179253,863.877370179253,,-1011.0000110386815
45.6,llm_1,864.8773712831212,-9.231499999999999,10.000011038681459,1000.0,,0.0,0.0,0.0,0.0,0.0,0,highway_0,1,545.8773712831212,864.8773712831212,,-1011.0000110386815
45.7,llm_1,865.8773723869894,-9.231499999999999,10.000011038681459,1000.0,,0.0,0.0,0.0,0.0,0.0,0,highway_0,1,546.8773723869894,865.8773723869894,,-1011.0000110386815
45.8,llm_1,866.8773734908575,-9.231499999999999,10.000011038681459,1000.0,,0.0,0.0,0.0,0.0,0.0,0,highway_0,1,547.8773734908575,866.8773734908575,,-1011.0000110386815
45.9,llm_1,867.8773745947257,-9.231499999999999,10.000011038681459,1000.0,,0.0,0.0,0.0,0.0,0.0,0,highway_0,1,548.8773745947257,867.8773745947257,,-1011.0000110386815
46.0,llm_1,868.8773756985938,-9.231499999999999,10.000011038681459,1000.0,,0.0,0.0,0.0,0.0,0.0,0,highway_0,1,549.8773756985938,868.8773756985938,,-1011.0000110386815
46.1,llm_1,869.877376802462,-9.231499999999999,10.000011038681459,1000.0,,0.0,0.0,0.0,0.0,0.0,0,highway_0,1,550.877376802462,869.877376802462,,-1011.0000110386815
46.2,llm_1,870.8773779063301,-9.231499999999999,10.000011038681459,1000.0,,0.0,0.0,0.0,0.0,0.0,0,highway_0,1,551.8773779063301,870.8773779063301,,-1011.0000110386815
46.3,llm_1,871.8773790101983,-9.231499999999999,10.000011038681459,1000.0,,0.0,0.0,0.0,0.0,0.0,0,highway_0,1,552.8773790101983,871.8773790101983,,-1011.0000110386815
46.4,llm_1,872.8773801140665,-9.231499999999999,10.000011038681459,1000.0,,0.0,0.0,0.0,0.0,0.0,0,highway_0,1,553.8773801140665,872.8773801140665,,-1011.0000110386815
46.5,llm_1,873.8773812179346,-9.231499999999999,10.000011038681459,1000.0,,0.0,0.0,0.0,0.0,0.0,0,highway_0,1,554.8773812179346,873.8773812179346,,-1011.0000110386815
46.6,llm_1,874.8773823218028,-9.231499999999999,10.000011038681459,1000.0,,0.0,0.0,0.0,0.0,0.0,0,highway_0,1,555.8773823218028,874.8773823218028,,-1011.0000110386815
46.7,llm_1,875.8773834256709,-9.231499999999999,10.000011038681459,1000.0,,0.0,0.0,0.0,0.0,0.0,0,highway_0,1,556.8773834256709,875.8773834256709,,-1011.0000110386815
46.8,llm_1,876.8773845295391,-9.231499999999999,10.000011038681459,1000.0,,0.0,0.0,0.0,0.0,0.0,0,highway_0,1,557.8773845295391,876.8773845295391,,-1011.0000110386815
46.9,llm_1,877.8773856334072,-9.231499999999999,10.000011038681459,1000.0,,0.0,0.0,0.0,0.0,0.0,0,highway_0,1,558.8773856334072,877.8773856334072,,-1011.0000110386815
47.0,llm_1,878.8773867372754,-9.231499999999999,10.000011038681459,1000.0,,0.0,0.0,0.0,0.0,0.0,0,highway_0,1,559.8773867372754,878.8773867372754,,-1011.0000110386815
47.1,llm_1,879.8773878411436,-9.231499999999999,10.000011038681459,1000.0,,0.0,0.0,0.0,0.0,0.0,0,highway_0,1,560.8773878411436,879.8773878411436,,-1011.0000110386815
47.2,llm_1,880.8773889450117,-9.231499999999999,10.000011038681459,1000.0,,0.0,0.0,0.0,0.0,0.0,0,highway_0,1,561.8773889450117,880.8773889450117,,-1011.0000110386815
47.3,llm_1,881.8773900488799,-9.231499999999999,10.000011038681459,1000.0,,0.0,0.0,0.0,0.0,0.0,0,highway_0,1,562.8773900488799,881.8773900488799,,-1011.0000110386815
47.4,llm_1,882.877391152748,-9.231499999999999,10.000011038681459,1000.0,,0.0,0.0,0.0,0.0,0.0,0,highway_0,1,563.877391152748,882.877391152748,,-1011.0000110386815
47.5,llm_1,883.8773922566162,-9.231499999999999,10.000011038681459,1000.0,,0.0,0.0,0.0,0.0,0.0,0,highway_0,1,564.8773922566162,883.8773922566162,,-1011.0000110386815
47.6,llm_1,884.8773933604843,-9.231499999999999,10.000011038681459,1000.0,,0.0,0.0,0.0,0.0,0.0,0,highway_0,1,565.8773933604843,884.8773933604843,,-1011.0000110386815
47.7,llm_1,885.8773944643525,-9.231499999999999,10.000011038681459,1000.0,,0.0,0.0,0.0,0.0,0.0,0,highway_0,1,566.8773944643525,885.8773944643525,,-1011.0000110386815
47.8,llm_1,886.8773955682207,-9.231499999999999,10.000011038681459,1000.0,,0.0,0.0,0.0,0.0,0.0,0,highway_0,1,567.8773955682207,886.8773955682207,,-1011.0000110386815
47.9,llm_1,887.8773966720888,-9.231499999999999,10.000011038681459,1000.0,,0.0,0.0,0.0,0.0,0.0,0,highway_0,1,568.8773966720888,887.8773966720888,,-1011.0000110386815
48.0,llm_1,888.877397775957,-9.231499999999999,10.000011038681459,1000.0,,0.0,0.0,0.0,0.0,0.0,0,highway_0,1,569.877397775957,888.877397775957,,-1011.0000110386815
48.1,llm_1,889.8773988798251,-9.231499999999999,10.000011038681459,1000.0,,0.0,0.0,0.0,0.0,0.0,0,highway_0,1,570.8773988798251,889.8773988798251,,-1011.0000110386815
48.2,llm_1,890.8773999836933,-9.231499999999999,10.000011038681459,1000.0,,0.0,0.0,0.0,0.0,0.0,0,highway_0,1,571.8773999836933,890.8773999836933,,-1011.0000110386815
48.3,llm_1,891.8774010875615,-9.231499999999999,10.000011038681459,1000.0,,0.0,0.0,0.0,0.0,0.0,0,highway_0,1,572.8774010875615,891.8774010875615,,-1011.0000110386815
48.4,llm_1,892.8774021914296,-9.231499999999999,10.000011038681459,1000.0,,0.0,0.0,0.0,0.0,0.0,0,highway_0,1,573.8774021914296,892.8774021914296,,-1011.0000110386815
48.5,llm_1,893.8774032952978,-9.231499999999999,10.000011038681459,1000.0,,0.0,0.0,0.0,0.0,0.0,0,highway_0,1,574.8774032952978,893.8774032952978,,-1011.0000110386815
48.6,llm_1,894.8774043991659,-9.231499999999999,10.000011038681459,1000.0,,0.0,0.0,0.0,0.0,0.0,0,highway_0,1,575.8774043991659,894.8774043991659,,-1011.0000110386815
48.7,llm_1,895.8774055030341,-9.231499999999999,10.000011038681459,1000.0,,0.0,0.0,0.0,0.0,0.0,0,highway_0,1,576.8774055030341,895.8774055030341,,-1011.0000110386815
48.8,llm_1,896.8774066069022,-9.231499999999999,10.000011038681459,1000.0,,0.0,0.0,0.0,0.0,0.0,0,highway_0,1,577.8774066069022,896.8774066069022,,-1011.0000110386815
48.9,llm_1,897.8774077107704,-9.231499999999999,10.000011038681459,1000.0,,0.0,0.0,0.0,0.0,0.0,0,highway_0,1,578.8774077107704,897.8774077107704,,-1011.0000110386815
49.0,llm_1,898.8774088146386,-9.231499999999999,10.000011038681459,1000.0,,0.0,0.0,0.0,0.0,0.0,0,highway_0,1,579.8774088146386,898.8774088146386,,-1011.0000110386815
49.1,llm_1,899.8774099185067,-9.231499999999999,10.000011038681459,1000.0,,0.0,0.0,0.0,0.0,0.0,0,highway_0,1,580.8774099185067,899.8774099185067,,-1011.0000110386815
49.2,llm_1,900.8774110223749,-9.231499999999999,10.000011038681459,1000.0,,0.0,0.0,0.0,0.0,0.0,0,highway_0,1,581.8774110223749,900.8774110223749,,-1011.0000110386815
49.3,llm_1,901.877412126243,-9.231499999999999,10.000011038681459,1000.0,,0.0,0.0,0.0,0.0,0.0,0,highway_0,1,582.877412126243,901.877412126243,,-1011.0000110386815
49.4,llm_1,902.8774132301112,-9.231499999999999,10.000011038681459,1000.0,,0.0,0.0,0.0,0.0,0.0,0,highway_0,1,583.8774132301112,902.8774132301112,,-1011.0000110386815
49.5,llm_1,903.8774143339793,-9.231499999999999,10.000011038681459,1000.0,,0.0,0.0,0.0,0.0,0.0,0,highway_0,1,584.8774143339793,903.8774143339793,,-1011.0000110386815
49.6,llm_1,904.8774154378475,-9.231499999999999,10.000011038681459,1000.0,,0.0,0.0,0.0,0.0,0.0,0,highway_0,1,585.8774154378475,904.8774154378475,,-1011.0000110386815
49.7,llm_1,905.8774165417157,-9.231499999999999,10.000011038681459,1000.0,,0.0,0.0,0.0,0.0,0.0,0,highway_0,1,586.8774165417157,905.8774165417157,,-1011.0000110386815
49.8,llm_1,906.8774176455838,-9.231499999999999,10.000011038681459,1000.0,,0.0,0.0,0.0,0.0,0.0,0,highway_0,1,587.8774176455838,906.8774176455838,,-1011.0000110386815
49.9,llm_1,907.877418749452,-9.231499999999999,10.000011038681459,1000.0,,0.0,0.0,0.0,0.0,0.0,0,highway_0,1,588.877418749452,907.877418749452,,-1011.0000110386815
50.0,llm_1,908.8774198533201,-9.231499999999999,10.000011038681459,1000.0,,0.0,0.0,0.0,0.0,0.0,0,highway_0,1,589.8774198533201,908.8774198533201,,-1011.0000110386815
50.1,llm_1,909.8774209571883,-9.231499999999999,10.000011038681459,1000.0,,0.0,0.0,0.0,0.0,0.0,0,highway_0,1,590.8774209571883,909.8774209571883,,-1011.0000110386815
50.2,llm_1,910.8774220610564,-9.231499999999999,10.000011038681459,1000.0,,0.0,0.0,0.0,0.0,0.0,0,highway_0,1,591.8774220610564,910.8774220610564,,-1011.0000110386815
50.3,llm_1,911.8774231649246,-9.231499999999999,10.000011038681459,1000.0,,0.0,0.0,0.0,0.0,0.0,0,highway_0,1,592.8774231649246,911.8774231649246,,-1011.0000110386815
50.4,llm_1,912.8774242687928,-9.231499999999999,10.000011038681459,1000.0,,0.0,0.0,0.0,0.0,0.0,0,highway_0,1,593.8774242687928,912.8774242687928,,-1011.0000110386815
50.5,llm_1,913.8774253726609,-9.231499999999999,10.000011038681459,1000.0,,0.0,0.0,0.0,0.0,0.0,0,highway_0,1,594.8774253726609,913.8774253726609,,-1011.0000110386815
50.6,llm_1,914.8774264765291,-9.231499999999999,10.000011038681459,1000.0,,0.0,0.0,0.0,0.0,0.0,0,highway_0,1,595.8774264765291,914.8774264765291,,-1011.0000110386815
50.7,llm_1,915.8774275803972,-9.231499999999999,10.000011038681459,1000.0,,0.0,0.0,0.0,0.0,0.0,0,highway_0,1,596.8774275803972,915.8774275803972,,-1011.0000110386815
50.8,llm_1,916.8774286842653,-9.231499999999999,10.000011038681459,1000.0,,0.0,0.0,0.0,0.0,0.0,0,highway_0,1,597.8774286842654,916.8774286842654,,-1011.0000110386815
50.9,llm_1,917.8774297881334,-9.231499999999999,10.000011038681459,1000.0,,0.0,0.0,0.0,0.0,0.0,0,highway_0,1,598.8774297881336,917.8774297881336,,-1011.0000110386815
51.0,llm_1,918.8774308920016,-9.231499999999999,10.000011038681459,1000.0,,0.0,0.0,0.0,0.0,0.0,0,highway_0,1,599.8774308920017,918.8774308920017,,-1011.0000110386815
51.1,llm_1,919.8774319958698,-9.231499999999999,10.000011038681459,1000.0,,0.0,0.0,0.0,0.0,0.0,0,highway_0,1,600.8774319958699,919.8774319958699,,-1011.0000110386815
51.2,llm_1,920.8774330997379,-9.231499999999999,10.000011038681459,1000.0,,0.0,0.0,0.0,0.0,0.0,0,highway_0,1,601.877433099738,920.877433099738,,-1011.0000110386815
51.3,llm_1,921.8774342036061,-9.231499999999999,10.000011038681459,1000.0,,0.0,0.0,0.0,0.0,0.0,0,highway_0,1,602.8774342036062,921.8774342036062,,-1011.0000110386815
51.4,llm_1,922.8774353074742,-9.231499999999999,10.000011038681459,1000.0,,0.0,0.0,0.0,0.0,0.0,0,highway_0,1,603.8774353074743,922.8774353074743,,-1011.0000110386815
51.5,llm_1,923.8774364113424,-9.231499999999999,10.000011038681459,1000.0,,0.0,0.0,0.0,0.0,0.0,0,highway_0,1,604.8774364113425,923.8774364113425,,-1011.0000110386815
51.6,llm_1,924.8774375152105,-9.231499999999999,10.000011038681459,1000.0,,0.0,0.0,0.0,0.0,0.0,0,highway_0,1,605.8774375152107,924.8774375152107,,-1011.0000110386815
51.7,llm_1,925.8774386190787,-9.231499999999999,10.000011038681459,1000.0,,0.0,0.0,0.0,0.0,0.0,0,highway_0,1,606.8774386190788,925.8774386190788,,-1011.0000110386815
51.8,llm_1,926.8774397229471,-9.231499999999999,10.000011038681459,1000.0,,0.0,0.0,0.0,0.0,0.0,0,highway_0,1,607.877439722947,926.877439722947,,-1011.0000110386815
51.9,llm_1,927.8774408268152,-9.231499999999999,10.000011038681459,1000.0,,0.0,0.0,0.0,0.0,0.0,0,highway_0,1,608.8774408268151,927.8774408268151,,-1011.0000110386815
52.0,llm_1,928.8774419306834,-9.231499999999999,10.000011038681459,1000.0,,0.0,0.0,0.0,0.0,0.0,0,highway_0,1,609.8774419306833,928.8774419306833,,-1011.0000110386815
52.1,llm_1,929.8774430345516,-9.231499999999999,10.000011038681459,1000.0,,0.0,0.0,0.0,0.0,0.0,0,highway_0,1,610.8774430345514,929.8774430345514,,-1011.0000110386815
52.2,llm_1,930.8774441384197,-9.231499999999999,10.000011038681459,1000.0,,0.0,0.0,0.0,0.0,0.0,0,highway_0,1,611.8774441384196,930.8774441384196,,-1011.0000110386815
52.3,llm_1,931.8774452422879,-9.231499999999999,10.000011038681459,1000.0,,0.0,0.0,0.0,0.0,0.0,0,highway_0,1,612.8774452422878,931.8774452422878,,-1011.0000110386815
52.4,llm_1,932.877446346156,-9.231499999999999,10.000011038681459,1000.0,,0.0,0.0,0.0,0.0,0.0,0,highway_0,1,613.8774463461559,932.8774463461559,,-1011.0000110386815
52.5,llm_1,933.8774474500242,-9.231499999999999,10.000011038681459,1000.0,,0.0,0.0,0.0,0.0,0.0,0,highway_0,1,614.8774474500241,933.8774474500241,,-1011.0000110386815
52.6,llm_1,934.8774485538923,-9.231499999999999,10.000011038681459,1000.0,,0.0,0.0,0.0,0.0,0.0,0,highway_0,1,615.8774485538922,934.8774485538922,,-1011.0000110386815
52.7,llm_1,935.8774496577605,-9.231499999999999,10.000011038681459,1000.0,,0.0,0.0,0.0,0.0,0.0,0,highway_0,1,616.8774496577604,935.8774496577604,,-1011.0000110386815
52.8,llm_1,936.8774507616286,-9.231499999999999,10.000011038681459,1000.0,,0.0,0.0,0.0,0.0,0.0,0,highway_0,1,617.8774507616286,936.8774507616286,,-1011.0000110386815
52.9,llm_1,937.8774518654967,-9.231499999999999,10.000011038681459,1000.0,,0.0,0.0,0.0,0.0,0.0,0,highway_0,1,618.8774518654967,937.8774518654967,,-1011.0000110386815
53.0,llm_1,938.8774529693649,-9.231499999999999,10.000011038681459,1000.0,,0.0,0.0,0.0,0.0,0.0,0,highway_0,1,619.8774529693649,938.8774529693649,,-1011.0000110386815
53.1,llm_1,939.877454073233,-9.231499999999999,10.000011038681459,1000.0,,0.0,0.0,0.0,0.0,0.0,0,highway_0,1,620.877454073233,939.877454073233,,-1011.0000110386815
53.2,llm_1,940.8774551771012,-9.231499999999999,10.000011038681459,1000.0,,0.0,0.0,0.0,0.0,0.0,0,highway_0,1,621.8774551771012,940.8774551771012,,-1011.0000110386815
53.3,llm_1,941.8774562809693,-9.231499999999999,10.000011038681459,1000.0,,0.0,0.0,0.0,0.0,0.0,0,highway_0,1,622.8774562809693,941.8774562809693,,-1011.0000110386815
53.4,llm_1,942.8774573848375,-9.231499999999999,10.000011038681459,1000.0,,0.0,0.0,0.0,0.0,0.0,0,highway_0,1,623.8774573848375,942.8774573848375,,-1011.0000110386815
53.5,llm_1,943.8774584887057,-9.231499999999999,10.000011038681459,1000.0,,0.0,0.0,0.0,0.0,0.0,0,highway_0,1,624.8774584887057,943.8774584887057,,-1011.0000110386815
53.6,llm_1,944.8774595925738,-9.231499999999999,10.000011038681459,1000.0,,0.0,0.0,0.0,0.0,0.0,0,highway_0,1,625.8774595925738,944.8774595925738,,-1011.0000110386815
53.7,llm_1,945.877460696442,-9.231499999999999,10.000011038681459,1000.0,,0.0,0.0,0.0,0.0,0.0,0,highway_0,1,626.877460696442,945.877460696442,,-1011.0000110386815
53.8,llm_1,946.8774618003101,-9.231499999999999,10.000011038681459,1000.0,,0.0,0.0,0.0,0.0,0.0,0,highway_0,1,627.8774618003101,946.8774618003101,,-1011.0000110386815
53.9,llm_1,947.8774629041783,-9.231499999999999,10.000011038681459,1000.0,,0.0,0.0,0.0,0.0,0.0,0,highway_0,1,628.8774629041783,947.8774629041783,,-1011.0000110386815
54.0,llm_1,948.8774640080464,-9.231499999999999,10.000011038681459,1000.0,,0.0,0.0,0.0,0.0,0.0,0,highway_0,1,629.8774640080464,948.8774640080464,,-1011.0000110386815
54.1,llm_1,949.8774651119146,-9.231499999999999,10.000011038681459,1000.0,,0.0,0.0,0.0,0.0,0.0,0,highway_0,1,630.8774651119146,949.8774651119146,,-1011.0000110386815
54.2,llm_1,950.8774662157828,-9.231499999999999,10.000011038681459,1000.0,,0.0,0.0,0.0,0.0,0.0,0,highway_0,1,631.8774662157828,950.8774662157828,,-1011.0000110386815
54.3,llm_1,951.8774673196509,-9.231499999999999,10.000011038681459,1000.0,,0.0,0.0,0.0,0.0,0.0,0,highway_0,1,632.8774673196509,951.8774673196509,,-1011.0000110386815
54.4,llm_1,952.8774684235191,-9.231499999999999,10.000011038681459,1000.0,,0.0,0.0,0.0,0.0,0.0,0,highway_0,1,633.8774684235191,952.8774684235191,,-1011.0000110386815
54.5,llm_1,953.8774695273872,-9.231499999999999,10.000011038681459,1000.0,,0.0,0.0,0.0,0.0,0.0,0,highway_0,1,634.8774695273872,953.8774695273872,,-1011.0000110386815
54.6,llm_1,954.8774706312554,-9.231499999999999,10.000011038681459,1000.0,,0.0,0.0,0.0,0.0,0.0,0,highway_0,1,635.8774706312554,954.8774706312554,,-1011.0000110386815
54.7,llm_1,955.8774717351235,-9.231499999999999,10.000011038681459,1000.0,,0.0,0.0,0.0,0.0,0.0,0,highway_0,1,636.8774717351235,955.8774717351235,,-1011.0000110386815
54.8,llm_1,956.8774728389917,-9.231499999999999,10.000011038681459,1000.0,,0.0,0.0,0.0,0.0,0.0,0,highway_0,1,637.8774728389917,956.8774728389917,,-1011.0000110386815
54.9,llm_1,957.8774739428599,-9.231499999999999,10.000011038681459,1000.0,,0.0,0.0,0.0,0.0,0.0,0,highway_0,1,638.8774739428599,957.8774739428599,,-1011.0000110386815
55.0,llm_1,958.877475046728,-9.231499999999999,10.000011038681459,1000.0,,0.0,0.0,0.0,0.0,0.0,0,highway_0,1,639.877475046728,958.877475046728,,-1011.0000110386815
55.1,llm_1,959.8774761505962,-9.231499999999999,10.000011038681459,1000.0,,0.0,0.0,0.0,0.0,0.0,0,highway_0,1,640.8774761505962,959.8774761505962,,-1011.0000110386815
55.2,llm_1,960.8774772544643,-9.231499999999999,10.000011038681459,1000.0,,0.0,0.0,0.0,0.0,0.0,0,highway_0,1,641.8774772544643,960.8774772544643,,-1011.0000110386815
55.3,llm_1,961.8774783583324,-9.231499999999999,10.000011038681459,1000.0,,0.0,0.0,0.0,0.0,0.0,0,highway_0,1,642.8774783583325,961.8774783583325,,-1011.0000110386815
55.4,llm_1,962.8774794622005,-9.231499999999999,10.000011038681459,1000.0,,0.0,0.0,0.0,0.0,0.0,0,highway_0,1,643.8774794622007,962.8774794622007,,-1011.0000110386815
55.5,llm_1,963.8774805660687,-9.231499999999999,10.000011038681459,1000.0,,0.0,0.0,0.0,0.0,0.0,0,highway_0,1,644.8774805660688,963.8774805660688,,-1011.0000110386815
55.6,llm_1,964.8774816699369,-9.231499999999999,10.000011038681459,1000.0,,0.0,0.0,0.0,0.0,0.0,0,highway_0,1,645.877481669937,964.877481669937,,-1011.0000110386815
55.7,llm_1,965.877482773805,-9.231499999999999,10.000011038681459,1000.0,,0.0,0.0,0.0,0.0,0.0,0,highway_0,1,646.8774827738051,965.8774827738051,,-1011.0000110386815
55.8,llm_1,966.8774838776732,-9.231499999999999,10.000011038681459,1000.0,,0.0,0.0,0.0,0.0,0.0,0,highway_0,1,647.8774838776733,966.8774838776733,,-1011.0000110386815
55.9,llm_1,967.8774849815413,-9.231499999999999,10.000011038681459,1000.0,,0.0,0.0,0.0,0.0,0.0,0,highway_0,1,648.8774849815414,967.8774849815414,,-1011.0000110386815
56.0,llm_1,968.8774860854095,-9.231499999999999,10.000011038681459,1000.0,,0.0,0.0,0.0,0.0,0.0,0,highway_0,1,649.8774860854096,968.8774860854096,,-1011.0000110386815
56.1,llm_1,969.8774871892776,-9.231499999999999,10.000011038681459,1000.0,,0.0,0.0,0.0,0.0,0.0,0,highway_0,1,650.8774871892778,969.8774871892778,,-1011.0000110386815
56.2,llm_1,970.8774882931458,-9.231499999999999,10.000011038681459,1000.0,,0.0,0.0,0.0,0.0,0.0,0,highway_0,1,651.8774882931459,970.8774882931459,,-1011.0000110386815
56.3,llm_1,971.8774893970142,-9.231499999999999,10.000011038681459,1000.0,,0.0,0.0,0.0,0.0,0.0,0,highway_0,1,652.8774893970141,971.8774893970141,,-1011.0000110386815
56.4,llm_1,972.8774905008823,-9.231499999999999,10.000011038681459,1000.0,,0.0,0.0,0.0,0.0,0.0,0,highway_0,1,653.8774905008822,972.8774905008822,,-1011.0000110386815
56.5,llm_1,973.8774916047505,-9.231499999999999,10.000011038681459,1000.0,,0.0,0.0,0.0,0.0,0.0,0,highway_0,1,654.8774916047504,973.8774916047504,,-1011.0000110386815
56.6,llm_1,974.8774927086187,-9.231499999999999,10.000011038681459,1000.0,,0.0,0.0,0.0,0.0,0.0,0,highway_0,1,655.8774927086185,974.8774927086185,,-1011.0000110386815
56.7,llm_1,975.8774938124868,-9.231499999999999,10.000011038681459,1000.0,,0.0,0.0,0.0,0.0,0.0,0,highway_0,1,656.8774938124867,975.8774938124867,,-1011.0000110386815
56.8,llm_1,976.877494916355,-9.231499999999999,10.000011038681459,1000.0,,0.0,0.0,0.0,0.0,0.0,0,highway_0,1,657.8774949163549,976.8774949163549,,-1011.0000110386815
56.9,llm_1,977.8774960202231,-9.231499999999999,10.000011038681459,1000.0,,0.0,0.0,0.0,0.0,0.0,0,highway_0,1,658.877496020223,977.877496020223,,-1011.0000110386815
57.0,llm_1,978.8774971240913,-9.231499999999999,10.000011038681459,1000.0,,0.0,0.0,0.0,0.0,0.0,0,highway_0,1,659.8774971240912,978.8774971240912,,-1011.0000110386815
57.1,llm_1,979.8774982279594,-9.231499999999999,10.000011038681459,1000.0,,0.0,0.0,0.0,0.0,0.0,0,highway_0,1,660.8774982279593,979.8774982279593,,-1011.0000110386815
57.2,llm_1,980.8774993318276,-9.231499999999999,10.000011038681459,1000.0,,0.0,0.0,0.0,0.0,0.0,0,highway_0,1,661.8774993318275,980.8774993318275,,-1011.0000110386815
57.3,llm_1,981.8775004356957,-9.231499999999999,10.000011038681459,1000.0,,0.0,0.0,0.0,0.0,0.0,0,highway_0,1,662.8775004356957,981.8775004356957,,-1011.0000110386815
57.4,llm_1,982.8775015395638,-9.231499999999999,10.000011038681459,1000.0,,0.0,0.0,0.0,0.0,0.0,0,highway_0,1,663.8775015395638,982.8775015395638,,-1011.0000110386815
57.5,llm_1,983.877502643432,-9.231499999999999,10.000011038681459,1000.0,,0.0,0.0,0.0,0.0,0.0,0,highway_0,1,664.877502643432,983.877502643432,,-1011.0000110386815
57.6,llm_1,984.8775037473001,-9.231499999999999,10.000011038681459,1000.0,,0.0,0.0,0.0,0.0,0.0,0,highway_0,1,665.8775037473001,984.8775037473001,,-1011.0000110386815
57.7,llm_1,985.8775048511683,-9.231499999999999,10.000011038681459,1000.0,,0.0,0.0,0.0,0.0,0.0,0,highway_0,1,666.8775048511683,985.8775048511683,,-1011.0000110386815
57.8,llm_1,986.8775059550364,-9.231499999999999,10.000011038681459,1000.0,,0.0,0.0,0.0,0.0,0.0,0,highway_0,1,667.8775059550364,986.8775059550364,,-1011.0000110386815
57.9,llm_1,987.8775070589046,-9.231499999999999,10.000011038681459,1000.0,,0.0,0.0,0.0,0.0,0.0,0,highway_0,1,668.8775070589046,987.8775070589046,,-1011.0000110386815
58.0,llm_1,988.8775081627728,-9.231499999999999,10.000011038681459,1000.0,,0.0,0.0,0.0,0.0,0.0,0,highway_0,1,669.8775081627728,988.8775081627728,,-1011.0000110386815
58.1,llm_1,989.8775092666409,-9.231499999999999,10.000011038681459,1000.0,,0.0,0.0,0.0,0.0,0.0,0,highway_0,1,670.8775092666409,989.8775092666409,,-1011.0000110386815
58.2,llm_1,990.8775103705091,-9.231499999999999,10.000011038681459,1000.0,,0.0,0.0,0.0,0.0,0.0,0,highway_0,1,671.8775103705091,990.8775103705091,,-1011.0000110386815
58.3,llm_1,991.8775114743772,-9.231499999999999,10.000011038681459,1000.0,,0.0,0.0,0.0,0.0,0.0,0,highway_0,1,672.8775114743772,991.8775114743772,,-1011.0000110386815
58.4,llm_1,992.8775125782454,-9.231499999999999,10.000011038681459,1000.0,,0.0,0.0,0.0,0.0,0.0,0,highway_0,1,673.8775125782454,992.8775125782454,,-1011.0000110386815
58.5,llm_1,993.8775136821135,-9.231499999999999,10.000011038681459,1000.0,,0.0,0.0,0.0,0.0,0.0,0,highway_0,1,674.8775136821135,993.8775136821135,,-1011.0000110386815
58.6,llm_1,994.8775147859817,-9.231499999999999,10.000011038681459,1000.0,,0.0,0.0,0.0,0.0,0.0,0,highway_0,1,675.8775147859817,994.8775147859817,,-1011.0000110386815
58.7,llm_1,995.8775158898499,-9.231499999999999,10.000011038681459,1000.0,,0.0,0.0,0.0,0.0,0.0,0,highway_0,1,676.8775158898499,995.8775158898499,,-1011.0000110386815
58.8,llm_1,996.877516993718,-9.231499999999999,10.000011038681459,1000.0,,0.0,0.0,0.0,0.0,0.0,0,highway_0,1,677.877516993718,996.877516993718,,-1011.0000110386815
58.9,llm_1,997.8775180975862,-9.231499999999999,10.000011038681459,1000.0,,0.0,0.0,0.0,0.0,0.0,0,highway_0,1,678.8775180975862,997.8775180975862,,-1011.0000110386815
59.0,llm_1,998.8775192014543,-9.231499999999999,10.000011038681459,1000.0,,0.0,0.0,0.0,0.0,0.0,0,highway_0,1,679.8775192014543,998.8775192014543,,-1011.0000110386815
59.1,llm_1,999.8775203053225,-9.231499999999999,10.000011038681459,1000.0,,0.0,0.0,0.0,0.0,0.0,0,highway_0,1,680.8775203053225,999.8775203053225,,-1011.0000110386815
59.2,llm_1,1000.8775214091906,-9.231499999999999,10.000011038681459,1000.0,,0.0,0.0,0.0,0.0,0.0,0,highway_0,1,681.8775214091906,1000.8775214091906,,-1011.0000110386815
59.3,llm_1,1001.8775225130588,-9.231499999999999,10.000011038681459,1000.0,,0.0,0.0,0.0,0.0,0.0,0,highway_0,1,682.8775225130588,1001.8775225130588,,-1011.0000110386815
59.4,llm_1,1002.877523616927,-9.231499999999999,10.000011038681459,1000.0,,0.0,0.0,0.0,0.0,0.0,0,highway_0,1,683.877523616927,1002.877523616927,,-1011.0000110386815
59.5,llm_1,1003.8775247207951,-9.231499999999999,10.000011038681459,1000.0,,0.0,0.0,0.0,0.0,0.0,0,highway_0,1,684.8775247207951,1003.8775247207951,,-1011.0000110386815
59.6,llm_1,1004.8775258246633,-9.231499999999999,10.000011038681459,1000.0,,0.0,0.0,0.0,0.0,0.0,0,highway_0,1,685.8775258246633,1004.8775258246633,,-1011.0000110386815
59.7,llm_1,1005.8775269285314,-9.231499999999999,10.000011038681459,1000.0,,0.0,0.0,0.0,0.0,0.0,0,highway_0,1,686.8775269285314,1005.8775269285314,,-1011.0000110386815
59.8,llm_1,1006.8775280323995,-9.231499999999999,10.000011038681459,1000.0,,0.0,0.0,0.0,0.0,0.0,0,highway_0,1,687.8775280323996,1006.8775280323996,,-1011.0000110386815
59.9,llm_1,1007.8775291362676,-9.231499999999999,10.000011038681459,1000.0,,0.0,0.0,0.0,0.0,0.0,0,highway_0,1,688.8775291362678,1007.8775291362678,,-1011.0000110386815
60.0,llm_1,1008.8775302401358,-9.231499999999999,10.000011038681459,1000.0,,0.0,0.0,0.0,0.0,0.0,0,highway_0,1,689.8775302401359,1008.8775302401359,,-1011.0000110386815
60.1,llm_1,1009.877531344004,-9.231499999999999,10.000011038681459,1000.0,,0.0,0.0,0.0,0.0,0.0,0,highway_0,1,690.8775313440041,1009.8775313440041,,-1011.0000110386815
60.2,llm_1,1010.8775324478721,-9.231499999999999,10.000011038681459,1000.0,,0.0,0.0,0.0,0.0,0.0,0,highway_0,1,691.8775324478722,1010.8775324478722,,-1011.0000110386815
60.3,llm_1,1011.8775335517403,-9.231499999999999,10.000011038681459,1000.0,,0.0,0.0,0.0,0.0,0.0,0,highway_0,1,692.8775335517404,1011.8775335517404,,-1011.0000110386815
60.4,llm_1,1012.8775346556084,-9.231499999999999,10.000011038681459,1000.0,,0.0,0.0,0.0,0.0,0.0,0,highway_0,1,693.8775346556085,1012.8775346556085,,-1011.0000110386815
60.5,llm_1,1013.8775357594766,-9.231499999999999,10.000011038681459,1000.0,,0.0,0.0,0.0,0.0,0.0,0,highway_0,1,694.8775357594767,1013.8775357594767,,-1011.0000110386815
60.6,llm_1,1014.8775368633447,-9.231499999999999,10.000011038681459,1000.0,,0.0,0.0,0.0,0.0,0.0,0,highway_0,1,695.8775368633449,1014.8775368633449,,-1011.0000110386815
60.7,llm_1,1015.8775379672129,-9.231499999999999,10.000011038681459,1000.0,,0.0,0.0,0.0,0.0,0.0,0,highway_0,1,696.877537967213,1015.877537967213,,-1011.0000110386815
60.8,llm_1,1016.8775390710813,-9.231499999999999,10.000011038681459,1000.0,,0.0,0.0,0.0,0.0,0.0,0,highway_0,1,697.8775390710812,1016.8775390710812,,-1011.0000110386815
60.9,llm_1,1017.8775401749494,-9.231499999999999,10.000011038681459,1000.0,,0.0,0.0,0.0,0.0,0.0,0,highway_0,1,698.8775401749493,1017.8775401749493,,-1011.0000110386815
61.0,llm_1,1018.8775412788176,-9.231499999999999,10.000011038681459,1000.0,,0.0,0.0,0.0,0.0,0.0,0,highway_0,1,699.8775412788175,1018.8775412788175,,-1011.0000110386815
61.1,llm_1,1019.8775423826858,-9.231499999999999,10.000011038681459,1000.0,,0.0,0.0,0.0,0.0,0.0,0,highway_0,1,700.8775423826856,1019.8775423826856,,-1011.0000110386815
61.2,llm_1,1020.8775434865539,-9.231499999999999,10.000011038681459,1000.0,,0.0,0.0,0.0,0.0,0.0,0,highway_0,1,701.8775434865538,1020.8775434865538,,-1011.0000110386815
61.3,llm_1,1021.8775445904221,-9.231499999999999,10.000011038681459,1000.0,,0.0,0.0,0.0,0.0,0.0,0,highway_0,1,702.877544590422,1021.877544590422,,-1011.0000110386815
61.4,llm_1,1022.8775456942902,-9.231499999999999,10.000011038681459,1000.0,,0.0,0.0,0.0,0.0,0.0,0,highway_0,1,703.8775456942901,1022.8775456942901,,-1011.0000110386815
61.5,llm_1,1023.8775467981584,-9.231499999999999,10.000011038681459,1000.0,,0.0,0.0,0.0,0.0,0.0,0,highway_0,1,704.8775467981583,1023.8775467981583,,-1011.0000110386815
61.6,llm_1,1024.8775479020264,-9.231499999999999,10.000011038681459,1000.0,,0.0,0.0,0.0,0.0,0.0,0,highway_0,1,705.8775479020264,1024.8775479020264,,-1011.0000110386815
61.7,llm_1,1025.8775490058945,-9.231499999999999,10.000011038681459,1000.0,,0.0,0.0,0.0,0.0,0.0,0,highway_0,1,706.8775490058945,1025.8775490058945,,-1011.0000110386815
61.8,llm_1,1026.8775501097625,-9.231499999999999,10.000011038681459,1000.0,,0.0,0.0,0.0,0.0,0.0,0,highway_0,1,707.8775501097625,1026.8775501097625,,-1011.0000110386815
61.9,llm_1,1027.8775512136306,-9.231499999999999,10.000011038681459,1000.0,,0.0,0.0,0.0,0.0,0.0,0,highway_0,1,708.8775512136306,1027.8775512136306,,-1011.0000110386815
62.0,llm_1,1028.8775523174986,-9.231499999999999,10.000011038681459,1000.0,,0.0,0.0,0.0,0.0,0.0,0,highway_0,1,709.8775523174986,1028.8775523174986,,-1011.0000110386815
62.1,llm_1,1029.8775534213667,-9.231499999999999,10.000011038681459,1000.0,,0.0,0.0,0.0,0.0,0.0,0,highway_0,1,710.8775534213667,1029.8775534213667,,-1011.0000110386815
62.2,llm_1,1030.8775545252347,-9.231499999999999,10.000011038681459,1000.0,,0.0,0.0,0.0,0.0,0.0,0,highway_0,1,711.8775545252347,1030.8775545252347,,-1011.0000110386815
62.3,llm_1,1031.8775556291027,-9.231499999999999,10.000011038681459,1000.0,,0.0,0.0,0.0,0.0,0.0,0,highway_0,1,712.8775556291027,1031.8775556291027,,-1011.0000110386815
62.4,llm_1,1032.8775567329708,-9.231499999999999,10.000011038681459,1000.0,,0.0,0.0,0.0,0.0,0.0,0,highway_0,1,713.8775567329708,1032.8775567329708,,-1011.0000110386815
62.5,llm_1,1033.8775578368388,-9.231499999999999,10.000011038681459,1000.0,,0.0,0.0,0.0,0.0,0.0,0,highway_0,1,714.8775578368388,1033.8775578368388,,-1011.0000110386815
62.6,llm_1,1034.8775589407069,-9.231499999999999,10.000011038681459,1000.0,,0.0,0.0,0.0,0.0,0.0,0,highway_0,1,715.8775589407069,1034.8775589407069,,-1011.0000110386815
62.7,llm_1,1035.877560044575,-9.231499999999999,10.000011038681459,1000.0,,0.0,0.0,0.0,0.0,0.0,0,highway_0,1,716.8775600445749,1035.877560044575,,-1011.0000110386815
62.8,llm_1,1036.877561148443,-9.231499999999999,10.000011038681459,1000.0,,0.0,0.0,0.0,0.0,0.0,0,highway_0,1,717.877561148443,1036.877561148443,,-1011.0000110386815
62.9,llm_1,1037.877562252311,-9.231499999999999,10.000011038681459,1000.0,,0.0,0.0,0.0,0.0,0.0,0,highway_0,1,718.877562252311,1037.877562252311,,-1011.0000110386815
63.0,llm_1,1038.877563356179,-9.231499999999999,10.000011038681459,1000.0,,0.0,0.0,0.0,0.0,0.0,0,highway_0,1,719.877563356179,1038.877563356179,,-1011.0000110386815
63.1,llm_1,1039.877564460047,-9.231499999999999,10.000011038681459,1000.0,,0.0,0.0,0.0,0.0,0.0,0,highway_0,1,720.8775644600471,1039.877564460047,,-1011.0000110386815
63.2,llm_1,1040.8775655639151,-9.231499999999999,10.000011038681459,1000.0,,0.0,0.0,0.0,0.0,0.0,0,highway_0,1,721.8775655639151,1040.8775655639151,,-1011.0000110386815
63.3,llm_1,1041.8775666677832,-9.231499999999999,10.000011038681459,1000.0,,0.0,0.0,0.0,0.0,0.0,0,highway_0,1,722.8775666677832,1041.8775666677832,,-1011.0000110386815
63.4,llm_1,1042.8775677716512,-9.231499999999999,10.000011038681459,1000.0,,0.0,0.0,0.0,0.0,0.0,0,highway_0,1,723.8775677716512,1042.8775677716512,,-1011.0000110386815
63.5,llm_1,1043.8775688755193,-9.231499999999999,10.000011038681459,1000.0,,0.0,0.0,0.0,0.0,0.0,0,highway_0,1,724.8775688755193,1043.8775688755193,,-1011.0000110386815
63.6,llm_1,1044.8775699793873,-9.231499999999999,10.000011038681459,1000.0,,0.0,0.0,0.0,0.0,0.0,0,highway_0,1,725.8775699793873,1044.8775699793873,,-1011.0000110386815
63.7,llm_1,1045.8775710832554,-9.231499999999999,10.000011038681459,1000.0,,0.0,0.0,0.0,0.0,0.0,0,highway_0,1,726.8775710832554,1045.8775710832554,,-1011.0000110386815
63.8,llm_1,1046.8775721871234,-9.231499999999999,10.000011038681459,1000.0,,0.0,0.0,0.0,0.0,0.0,0,highway_0,1,727.8775721871234,1046.8775721871234,,-1011.0000110386815
63.9,llm_1,1047.8775732909914,-9.231499999999999,10.000011038681459,1000.0,,0.0,0.0,0.0,0.0,0.0,0,highway_0,1,728.8775732909914,1047.8775732909914,,-1011.0000110386815
64.0,llm_1,1048.8775743948595,-9.231499999999999,10.000011038681459,1000.0,,0.0,0.0,0.0,0.0,0.0,0,highway_0,1,729.8775743948595,1048.8775743948595,,-1011.0000110386815
64.1,llm_1,1049.8775754987275,-9.231499999999999,10.000011038681459,1000.0,,0.0,0.0,0.0,0.0,0.0,0,highway_0,1,730.8775754987275,1049.8775754987275,,-1011.0000110386815
64.2,llm_1,1050.8775766025956,-9.231499999999999,10.000011038681459,1000.0,,0.0,0.0,0.0,0.0,0.0,0,highway_0,1,731.8775766025956,1050.8775766025956,,-1011.0000110386815
64.3,llm_1,1051.8775777064636,-9.231499999999999,10.000011038681459,1000.0,,0.0,0.0,0.0,0.0,0.0,0,highway_0,1,732.8775777064636,1051.8775777064636,,-1011.0000110386815
64.4,llm_1,1052.8775788103317,-9.231499999999999,10.000011038681459,1000.0,,0.0,0.0,0.0,0.0,0.0,0,highway_0,1,733.8775788103317,1052.8775788103317,,-1011.0000110386815
64.5,llm_1,1053.8775799141997,-9.231499999999999,10.000011038681459,1000.0,,0.0,0.0,0.0,0.0,0.0,0,highway_0,1,734.8775799141997,1053.8775799141997,,-1011.0000110386815
64.6,llm_1,1054.8775810180678,-9.231499999999999,10.000011038681459,1000.0,,0.0,0.0,0.0,0.0,0.0,0,highway_0,1,735.8775810180678,1054.8775810180678,,-1011.0000110386815
64.7,llm_1,1055.8775821219358,-9.231499999999999,10.000011038681459,1000.0,,0.0,0.0,0.0,0.0,0.0,0,highway_0,1,736.8775821219358,1055.8775821219358,,-1011.0000110386815
64.8,llm_1,1056.8775832258038,-9.231499999999999,10.000011038681459,1000.0,,0.0,0.0,0.0,0.0,0.0,0,highway_0,1,737.8775832258038,1056.8775832258038,,-1011.0000110386815
64.9,llm_1,1057.877584329672,-9.231499999999999,10.000011038681459,1000.0,,0.0,0.0,0.0,0.0,0.0,0,highway_0,1,738.8775843296719,1057.877584329672,,-1011.0000110386815
65.0,llm_1,1058.87758543354,-9.231499999999999,10.000011038681459,1000.0,,0.0,0.0,0.0,0.0,0.0,0,highway_0,1,739.8775854335399,1058.87758543354,,-1011.0000110386815
65.1,llm_1,1059.877586537408,-9.231499999999999,10.000011038681459,1000.0,,0.0,0.0,0.0,0.0,0.0,0,highway_0,1,740.877586537408,1059.877586537408,,-1011.0000110386815
65.2,llm_1,1060.877587641276,-9.231499999999999,10.000011038681459,1000.0,,0.0,0.0,0.0,0.0,0.0,0,highway_0,1,741.877587641276,1060.877587641276,,-1011.0000110386815
65.3,llm_1,1061.877588745144,-9.231499999999999,10.000011038681459,1000.0,,0.0,0.0,0.0,0.0,0.0,0,highway_0,1,742.8775887451441,1061.877588745144,,-1011.0000110386815
