time,id,x,y,speed,headway,leader_id,target_accel_with_noise_with_failsafe,target_accel_no_noise_no_failsafe,target_accel_with_noise_no_failsafe,target_accel_no_noise_with_failsafe,realized_accel,road_grade,edge_id,lane_number,distance,relative_position,follower_id,leader_rel_speed
0,ego_0,324.0,-8.0,20.5,1000.0,,,,,,0,0,highway_0,1,0.0,324.0,,-1021.5
0.1,ego_0,326.0577422067901,-8.0,20.577422067901235,1000.0,,0.7819628858024691,0.7819628858024691,0.7819628858024691,0.7819628858024691,0.7742206790123518,0,highway_0,1,2.057742206790124,326.0577422067901,,-1021.5774220679012
0.2,ego_0,328.1231938229669,-8.0,20.654516161767777,1000.0,,0.7786503480520746,0.7786503480520746,0.7786503480520746,0.7786503480520746,0.7709409386654187,0,highway_0,1,4.123193822966925,328.1231938229669,,-1021.6545161617678
0.3,ego_0,330.19632182013385,-8.0,20.731279971668997,1000.0,,0.7753144800023382,0.7753144800023382,0.7753144800023382,0.7753144800023382,0.7676380990121956,0,highway_0,1,6.196321820133846,330.19632182013385,,-1021.731279971669
0.4,ego_0,332.27709294186525,-8.0,20.807711217314278,1000.0,,0.7719555810173349,0.7719555810173349,0.7719555810173349,0.7719555810173349,0.7643124564528136,0,highway_0,1,8.277092941865249,332.27709294186525,,-1021.8077112173142
0.5,ego_0,334.36547370674225,-8.0,20.883807648770293,1000.0,,0.7685739577057377,0.7685739577057377,0.7685739577057377,0.7685739577057377,0.7609643145601552,0,highway_0,1,10.36547370674225,334.36547370674225,,-1021.8838076487702
0.6,ego_0,336.46143041145905,-8.0,20.959567047168086,1000.0,,0.7651699238177089,0.7651699238177089,0.7651699238177089,0.7651699238177089,0.7575939839779267,0,highway_0,1,12.461430411459048,336.46143041145905,,-1021.9595670471681
0.7,ego_0,338.564929133999,-8.0,21.034987225399483,1000.0,,0.7617438001371016,0.7617438001371016,0.7617438001371016,0.7617438001371016,0.7542017823139702,0,highway_0,1,14.564929133998987,338.564929133999,,-1022.0349872253995
0.8,ego_0,340.67593573687924,-8.0,21.110066028802358,1000.0,,0.7582959143690431,0.7582959143690431,0.7582959143690431,0.7582959143690431,0.7507880340287443,0,highway_0,1,16.67593573687924,340.67593573687924,,-1022.1100660288024
0.9,ego_0,342.7944158704627,-8.0,21.184801335834333,1000.0,,0.7548266010229694,0.7548266010229694,0.7548266010229694,0.7548266010229694,0.747353070319754,0,highway_0,1,18.79441587046267,342.7944158704627,,-1022.1848013358343
1.0,ego_0,344.9203349763361,-8.0,21.25919105873445,1000.0,,0.7513362012911924,0.7513362012911924,0.7513362012911924,0.7513362012911924,0.7438972290011847,0,highway_0,1,20.920334976336108,344.9203349763361,,-1022.2591910587345
1.1,ego_0,347.05365829075333,-8.0,21.333233144172382,1000.0,,0.7478250629230792,0.7478250629230792,0.7478250629230792,0.7478250629230792,0.7404208543793089,0,highway_0,1,23.053658290753333,347.05365829075333,,-1022.3332331441724
1.2,ego_0,349.1943508481418,-8.0,21.406925573884752,1000.0,,0.7442935400949351,0.7442935400949351,0.7442935400949351,0.7442935400949351,0.7369242971237,0,highway_0,1,25.194350848141823,349.1943508481418,,-1022.4069255738848
1.3,ego_0,351.34237748467166,-8.0,21.48026636529819,1000.0,,0.740741993275682,0.740741993275682,0.740741993275682,0.740741993275682,0.7334079141343608,0,highway_0,1,27.34237748467166,351.34237748467166,,-1022.4802663652982
1.4,ego_0,353.49770284188554,-8.0,21.553253572138626,1000.0,,0.7371707890884289,0.7371707890884289,0.7371707890884289,0.7371707890884289,0.7298720684043758,0,highway_0,1,29.49770284188554,353.49770284188554,,-1022.5532535721386
1.5,ego_0,355.6602913703882,-8.0,21.625885285026552,1000.0,,0.733580300168041,0.733580300168041,0.733580300168041,0.733580300168041,0.7263171288792591,0,highway_0,1,31.660291370388222,355.6602913703882,,-1022.6258852850266
1.6,ego_0,357.830107333594,-8.0,21.69815963205772,1000.0,,0.7299709050148108,0.7299709050148108,0.7299709050148108,0.7299709050148108,0.7227434703116842,0,highway_0,1,33.830107333594015,357.830107333594,,-1022.6981596320577
1.7,ego_0,360.0071148115309,-8.0,21.770074779369043,1000.0,,0.7263429878443475,0.7263429878443475,0.7263429878443475,0.7263429878443475,0.7191514731132287,0,highway_0,1,36.007114811530926,360.0071148115309,,-1022.770074779369
1.8,ego_0,362.19127770469987,-8.0,21.841628931689222,1000.0,,0.7226969384337967,0.7226969384337967,0.7226969384337967,0.7226969384337967,0.7155415232017859,0,highway_0,1,38.19127770469987,362.19127770469987,,-1022.8416289316892
1.9,ego_0,364.38255973798726,-8.0,21.912820332873828,1000.0,,0.7190331519645153,0.7190331519645153,0.7190331519645153,0.7190331519645153,0.7119140118460621,0,highway_0,1,40.382559737987265,364.38255973798726,,-1022.9128203328738
2.0,ego_0,366.58092446462973,-8.0,21.983647266424455,1000.0,,0.7153520288613222,0.7153520288613222,0.7153520288613222,0.7153520288613222,0.708269335506273,0,highway_0,1,42.58092446462973,366.58092446462973,,-1022.9836472664244
2.1,ego_0,368.7863352702289,-8.0,22.05410805599163,1000.0,,0.7116539746284574,0.7116539746284574,0.7116539746284574,0.7116539746284574,0.7046078956717494,0,highway_0,1,44.7863352702289,368.7863352702289,,-1023.0541080559916
2.2,ego_0,370.99875537681504,-8.0,22.124201065861172,1000.0,,0.7079393996823782,0.7079393996823782,0.7079393996823782,0.7079393996823782,0.7009300986954159,0,highway_0,1,46.99875537681504,370.99875537681504,,-1023.1242010658611
2.3,ego_0,373.21814784695744,-8.0,22.1939247014237,1000.0,,0.7042087191815318,0.7042087191815318,0.7042087191815318,0.7042087191815318,0.6972363556252859,0,highway_0,1,49.218147846957436,373.21814784695744,,-1023.1939247014237
2.4,ego_0,375.4444755879201,-8.0,22.263277409626994,1000.0,,0.7004623528532399,0.7004623528532399,0.7004623528532399,0.7004623528532399,0.6935270820329364,0,highway_0,1,51.444475587920124,375.4444755879201,,-1023.263277409627
2.5,ego_0,377.67770135586125,-8.0,22.33225767941094,1000.0,,0.6967007248178414,0.6967007248178414,0.6967007248178414,0.6967007248178414,0.6898026978394611,0,highway_0,1,53.677701355861245,377.67770135586125,,-1023.332257679411
2.6,ego_0,379.91778776007374,-8.0,22.400864042124823,1000.0,,0.692924263410236,0.692924263410236,0.692924263410236,0.692924263410236,0.6860636271388287,0,highway_0,1,55.917787760073736,379.91778776007374,,-1023.4008640421248
2.7,ego_0,382.16469726726643,-8.0,22.469095071926702,1000.0,,0.6891334009989791,0.6891334009989791,0.6891334009989791,0.6891334009989791,0.6823102980187912,0,highway_0,1,58.16469726726643,382.16469726726643,,-1023.4690950719267
2.8,ego_0,384.4183922058829,-8.0,22.536949386164633,1000.0,,0.6853285738030745,0.6853285738030745,0.6853285738030745,0.6853285738030745,0.6785431423793042,0,highway_0,1,60.418392205882924,384.4183922058829,,-1023.5369493861647
2.9,ego_0,386.6788347704569,-8.0,22.604425645739546,1000.0,,0.6815102217066251,0.6815102217066251,0.6815102217066251,0.6815102217066251,0.6747625957491366,0,highway_0,1,62.67883477045689,386.6788347704569,,-1023.6044256457395
3.0,ego_0,388.94598702600183,-8.0,22.671522555449595,1000.0,,0.6776787880714912,0.6776787880714912,0.6776787880714912,0.6776787880714912,0.6709690971004889,0,highway_0,1,64.94598702600183,388.94598702600183,,-1023.6715225554495
3.1,ego_0,391.2198109124334,-8.0,22.738238864315747,1000.0,,0.6738347195481145,0.6738347195481145,0.6738347195481145,0.6738347195481145,0.6671630886615176,0,highway_0,1,67.21981091243339,391.2198109124334,,-1023.7382388643157
3.2,ego_0,393.5002682490222,-8.0,22.804573365888487,1000.0,,0.6699784658846691,0.6699784658846691,0.6699784658846691,0.6699784658846691,0.6633450157274012,0,highway_0,1,69.50026824902221,393.5002682490222,,-1023.8045733658885
3.3,ego_0,395.78732073887574,-8.0,22.87052489853549,1000.0,,0.6661104797346995,0.6661104797346995,0.6661104797346995,0.6661104797346995,0.6595153264700215,0,highway_0,1,71.78732073887574,395.78732073887574,,-1023.8705248985355
3.4,ego_0,398.08092997344676,-8.0,22.936092345710087,1000.0,,0.6622312164634039,0.6622312164634039,0.6622312164634039,0.6622312164634039,0.655674471745975,0,highway_0,1,74.08092997344676,398.08092997344676,,-1023.9360923457101
3.5,ego_0,400.38105743706683,-8.0,23.001274636200456,1000.0,,0.6583411339527312,0.6583411339527312,0.6583411339527312,0.6583411339527312,0.6518229049036961,0,highway_0,1,76.38105743706683,400.38105743706683,,-1024.0012746362004
3.6,ego_0,402.68766451150276,-8.0,23.06607074435941,1000.0,,0.6544406924054518,0.6544406924054518,0.6544406924054518,0.6544406924054518,0.6479610815895498,0,highway_0,1,78.68766451150276,402.68766451150276,,-1024.0660707443594
3.7,ego_0,405.0007124805342,-8.0,23.130479690314697,1000.0,,0.6505303541483655,0.6505303541483655,0.6505303541483655,0.6505303541483655,0.644089459552859,0,highway_0,1,81.00071248053422,405.0007124805342,,-1024.1304796903146
3.8,ego_0,407.3201625345502,-8.0,23.19450054015973,1000.0,,0.6466105834348149,0.6466105834348149,0.6466105834348149,0.6466105834348149,0.6402084984503276,0,highway_0,1,83.3201625345502,407.3201625345502,,-1024.1945005401597
3.9,ego_0,409.6459757751627,-8.0,23.258132406124744,1000.0,,0.6426818462466674,0.6426818462466674,0.6426818462466674,0.6426818462466674,0.6363186596501436,0,highway_0,1,85.6459757751627,409.6459757751627,,-1024.2581324061248
4.0,ego_0,411.9781132198355,-8.0,23.321374446728303,1000.0,,0.638744610095928,0.638744610095928,0.638744610095928,0.638744610095928,0.6324204060355854,0,highway_0,1,87.9781132198355,411.9781132198355,,-1024.3213744467282
4.1,ego_0,414.3165358065264,-8.0,23.384225866909112,1000.0,,0.6347993438261509,0.6347993438261509,0.6347993438261509,0.6347993438261509,0.6285142018080947,0,highway_0,1,90.31653580652642,414.3165358065264,,-1024.3842258669092
4.2,ego_0,416.66120439834026,-8.0,23.4466859181382,1000.0,,0.6308465174138129,0.6308465174138129,0.6308465174138129,0.6308465174138129,0.6246005122908826,0,highway_0,1,92.66120439834026,416.66120439834026,,-1024.4466859181382
4.3,ego_0,419.0120797881914,-8.0,23.50875389851145,1000.0,,0.6268866017698105,0.6268866017698105,0.6268866017698105,0.6268866017698105,0.6206798037325001,0,highway_0,1,95.01207978819139,419.0120797881914,,-1024.5087538985115
4.4,ego_0,421.36912270347364,-8.0,23.570429152822467,1000.0,,0.6229200685412419,0.6229200685412419,0.6229200685412419,0.6229200685412419,0.6167525431101595,0,highway_0,1,97.36912270347364,421.36912270347364,,-1024.5704291528225
4.5,ego_0,423.7322938107352,-8.0,23.631711072615897,1000.0,,0.6189473899136404,0.6189473899136404,0.6189473899136404,0.6189473899136404,0.6128191979343001,0,highway_0,1,99.7322938107352,423.7322938107352,,-1024.6317110726159
4.6,ego_0,426.10155372035734,-8.0,23.692599096221223,1000.0,,0.6149690384138112,0.6149690384138112,0.6149690384138112,0.6149690384138112,0.6088802360532597,0,highway_0,1,102.10155372035734,426.10155372035734,,-1024.6925990962213
4.7,ego_0,428.47686299123404,-8.0,23.753092708767106,1000.0,,0.6109854867134349,0.6109854867134349,0.6109854867134349,0.6109854867134349,0.6049361254588348,0,highway_0,1,104.47686299123404,428.47686299123404,,-1024.753092708767
4.8,ego_0,430.85818213545167,-8.0,23.81319144217637,1000.0,,0.6069972074335914,0.6069972074335914,0.6069972074335914,0.6069972074335914,0.6009873340926575,0,highway_0,1,106.85818213545167,430.85818213545167,,-1024.8131914421763
4.9,ego_0,433.24547162296585,-8.0,23.872894875141753,1000.0,,0.6030046729503595,0.6030046729503595,0.6030046729503595,0.6030046729503595,0.5970343296538161,0,highway_0,1,109.24547162296585,433.24547162296585,,-1024.8728948751418
5.0,ego_0,435.6386918862741,-8.0,23.93220263308251,1000.0,,0.5990083552016434,0.5990083552016434,0.5990083552016434,0.5990083552016434,0.5930775794075771,0,highway_0,1,111.6386918862741,435.6386918862741,,-1024.9322026330824
5.1,ego_0,438.03780332508234,-8.0,23.991114388082053,1000.0,,0.5950087254953766,0.5950087254953766,0.5950087254953766,0.5950087254953766,0.5891175499954215,0,highway_0,1,114.03780332508234,438.03780332508234,,-1024.991114388082
5.2,ego_0,440.442766310963,-8.0,24.049629858806732,1000.0,,0.5910062543192485,0.5910062543192485,0.5910062543192485,0.5910062543192485,0.5851547072467866,0,highway_0,1,116.44276631096301,440.442766310963,,-1025.0496298588068
5.3,ego_0,442.8535411920036,-8.0,24.10774881040595,1000.0,,0.5870014111520969,0.5870014111520969,0.5870014111520969,0.5870014111520969,0.5811895159921932,0,highway_0,1,118.8535411920036,442.8535411920036,,-1025.107748810406
5.4,ego_0,445.270088297443,-8.0,24.165471054393784,1000.0,,0.5829946642771144,0.5829946642771144,0.5829946642771144,0.5829946642771144,0.5772224398783266,0,highway_0,1,121.27008829744301,445.270088297443,,-1025.1654710543937
5.5,ego_0,447.69236794229425,-8.0,24.222796448512298,1000.0,,0.5789864805969975,0.5789864805969975,0.5789864805969975,0.5789864805969975,0.5732539411851434,0,highway_0,1,123.69236794229425,447.69236794229425,,-1025.2227964485123
5.6,ego_0,450.1203404319519,-8.0,24.279724896576774,1000.0,,0.5749773254511784,0.5749773254511784,0.5749773254511784,0.5749773254511784,0.5692844806447539,0,highway_0,1,126.12034043195194,450.12034043195194,,-1025.2797248965767
5.7,ego_0,452.5539660667823,-8.0,24.33625634830304,1000.0,,0.570967662435272,0.570967662435272,0.570967662435272,0.570967662435272,0.5653145172626495,0,highway_0,1,128.55396606678227,452.55396606678227,,-1025.336256348303
5.8,ego_0,454.993205146694,-8.0,24.392390799117184,1000.0,,0.5669579532228624,0.5669579532228624,0.5669579532228624,0.5669579532228624,0.5613445081414525,0,highway_0,1,130.99320514669398,454.993205146694,,-1025.3923907991173
5.9,ego_0,457.4380179756887,-8.0,24.448128289947853,1000.0,,0.5629486573897564,0.5629486573897564,0.5629486573897564,0.5629486573897564,0.5573749083066915,0,highway_0,1,133.43801797568875,457.43801797568875,,-1025.4481282899478
6.0,ego_0,459.88836486638894,-8.0,24.5034689070014,1000.0,,0.558940232240822,0.558940232240822,0.558940232240822,0.558940232240822,0.5534061705354532,0,highway_0,1,135.88836486638888,459.8883648663889,,-1025.5034689070014
6.1,ego_0,462.34420614454086,-8.0,24.55841278152016,1000.0,,0.5549331326395293,0.5549331326395293,0.5549331326395293,0.5549331326395293,0.5494387451876293,0,highway_0,1,138.34420614454092,462.3442061445409,,-1025.5584127815202
6.2,ego_0,464.80550215349336,-8.0,24.61296008952415,1000.0,,0.5509278108403062,0.5509278108403062,0.5509278108403062,0.5509278108403062,0.5454730800398977,0,highway_0,1,140.8055021534933,464.8055021534933,,-1025.6129600895242
6.3,ego_0,467.27221325864696,-8.0,24.66711105153641,1000.0,,0.54692471632382,0.54692471632382,0.54692471632382,0.54692471632382,0.5415096201225822,0,highway_0,1,143.27221325864696,467.27221325864696,,-1025.6671110515365
6.4,ego_0,469.7442998518762,-8.0,24.720865932292376,1000.0,,0.5429242956352816,0.5429242956352816,0.5429242956352816,0.5429242956352816,0.5375488075596735,0,highway_0,1,145.74429985187618,469.7442998518762,,-1025.7208659322923
6.5,ego_0,472.22172235591955,-8.0,24.774225040433553,1000.0,,0.5389269922258803,0.5389269922258803,0.5389269922258803,0.5389269922258803,0.5335910814117639,0,highway_0,1,148.22172235591955,472.22172235591955,,-1025.7742250404335
6.6,ego_0,474.7044412287381,-8.0,24.827188728185774,1000.0,,0.5349332462974397,0.5349332462974397,0.5349332462974397,0.5349332462974397,0.5296368775222149,0,highway_0,1,150.70444122873812,474.7044412287381,,-1025.8271887281858
6.7,ego_0,477.19241696784036,-8.0,24.879757391022444,1000.0,,0.5309434946503864,0.5309434946503864,0.5309434946503864,0.5309434946503864,0.5256866283666994,0,highway_0,1,153.19241696784036,477.19241696784036,,-1025.8797573910224
6.8,ego_0,479.6856101145717,-8.0,24.93193146731305,1000.0,,0.5269581705351172,0.5269581705351172,0.5269581705351172,0.5269581705351172,0.5217407629060489,0,highway_0,1,155.68561011457166,479.68561011457166,,-1025.931931467313
6.9,ego_0,482.18398125836734,-8.0,24.98371143795729,1000.0,,0.5229777035068494,0.5229777035068494,0.5229777035068494,0.5229777035068494,0.5177997064424034,0,highway_0,1,158.1839812583674,482.1839812583674,,-1025.9837114379573
7.0,ego_0,484.6874910409679,-8.0,25.035097826005213,1000.0,,0.5190025192840276,0.5190025192840276,0.5190025192840276,0.5190025192840276,0.513863880479235,0,highway_0,1,160.68749104096793,484.6874910409679,,-1026.0350978260053
7.1,ego_0,487.1961001605943,-8.0,25.086091196263663,1000.0,,0.5150330396103597,0.5150330396103597,0.5150330396103597,0.5150330396103597,0.5099337025844974,0,highway_0,1,163.1961001605943,487.1961001605943,,-1026.0860911962636
7.2,ego_0,489.7097693760833,-8.0,25.136692154889463,1000.0,,0.5110696821205545,0.5110696821205545,0.5110696821205545,0.5110696821205545,0.5060095862580027,0,highway_0,1,165.70976937608327,489.7097693760833,,-1026.1366921548895
7.3,ego_0,492.22845951098026,-8.0,25.18690134896964,1000.0,,0.5071128602098136,0.5071128602098136,0.5071128602098136,0.5071128602098136,0.5020919408017832,0,highway_0,1,168.22845951098026,492.22845951098026,,-1026.1869013489697
7.4,ego_0,494.7521314575892,-8.0,25.23671946608916,1000.0,,0.5031629829071509,0.5031629829071509,0.5031629829071509,0.5031629829071509,0.4981811711951778,0,highway_0,1,170.7521314575892,494.7521314575892,,-1026.2367194660892
7.5,ego_0,497.28074618097787,-8.0,25.286147233886442,1000.0,,0.49922045475257537,0.49922045475257537,0.49922045475257537,0.49922045475257537,0.49427767797283195,0,highway_0,1,173.28074618097787,497.28074618097787,,-1026.2861472338864
7.6,ego_0,499.8142647229376,-8.0,25.335185419597153,1000.0,,0.49528567567820037,0.49528567567820037,0.49528567567820037,0.49528567567820037,0.4903818571071028,0,highway_0,1,175.8142647229376,499.8142647229376,,-1026.335185419597
7.7,ego_0,502.35264820589623,-8.0,25.38383482958659,1000.0,,0.49135904089331583,0.49135904089331583,0.49135904089331583,0.49135904089331583,0.4864940998943723,0,highway_0,1,178.35264820589623,502.35264820589623,,-1026.3838348295867
7.8,ego_0,504.8958578367833,-8.0,25.432096308871092,1000.0,,0.4874409407734642,0.4874409407734642,0.4874409407734642,0.4874409407734642,0.48261479284501974,0,highway_0,1,180.89585783678336,504.89585783678336,,-1026.432096308871
7.9,ego_0,507.44385491084626,-8.0,25.47997074062887,1000.0,,0.48353176075355486,0.48353176075355486,0.48353176075355486,0.48353176075355486,0.4787443175777639,0,highway_0,1,183.44385491084626,507.44385491084626,,-1026.479970740629
8.0,ego_0,509.9966008154164,-8.0,25.527459045700656,1000.0,,0.47963188122504696,0.47963188122504696,0.47963188122504696,0.47963188122504696,0.47488305071787806,0,highway_0,1,185.99660081541634,509.99660081541634,,-1026.5274590457007
8.1,ego_0,512.5540570336244,-8.0,25.57456218208058,1000.0,,0.4757416774372245,0.4757416774372245,0.4757416774372245,0.4757416774372245,0.4710313637992414,0,highway_0,1,188.55405703362442,512.5540570336244,,-1026.5745621820806
8.2,ego_0,515.1161851480642,-8.0,25.62128114439767,1000.0,,0.4718615194025858,0.4718615194025858,0.4718615194025858,0.4718615194025858,0.46718962317090273,0,highway_0,1,191.11618514806423,515.1161851480642,,-1026.6212811443977
8.3,ego_0,517.6829468444031,-8.0,25.667616963388397,1000.0,,0.4679917718063633,0.4679917718063633,0.4679917718063633,0.4679917718063633,0.46335818990726807,0,highway_0,1,193.6829468444031,517.6829468444031,,-1026.6676169633884
8.4,ego_0,520.2543039149392,-8.0,25.713570705360695,1000.0,,0.46413279392018547,0.46413279392018547,0.46413279392018547,0.46413279392018547,0.45953741972297735,0,highway_0,1,196.25430391493921,520.2543039149392,,-1026.7135707053608
8.5,ego_0,522.8302182621042,-8.0,25.75914347164979,1000.0,,0.46028493951988303,0.46028493951988303,0.46028493951988303,0.46028493951988303,0.45572766289094346,0,highway_0,1,198.83021826210415,522.8302182621042,,-1026.7591434716498
8.6,ego_0,525.4106519019108,-8.0,25.80433639806637,1000.0,,0.4564485568074539,0.4564485568074539,0.4564485568074539,0.4564485568074539,0.45192926416579127,0,highway_0,1,201.4106519019108,525.4106519019108,,-1026.8043363980664
8.7,ego_0,527.9955669673445,-8.0,25.849150654337375,1000.0,,0.45262398833717055,0.45262398833717055,0.45262398833717055,0.45262398833717055,0.4481425627100677,0,highway_0,1,203.99556696734453,527.9955669673445,,-1026.8491506543373
8.8,ego_0,530.5849257116985,-8.0,25.893587443539932,1000.0,,0.4488115709458398,0.4488115709458398,0.4488115709458398,0.4488115709458398,0.4443678920255678,0,highway_0,1,206.58492571169847,530.5849257116985,,-1026.89358744354
8.9,ego_0,533.1786905118513,-8.0,25.93764800152876,1000.0,,0.4450116356871905,0.4450116356871905,0.4450116356871905,0.4450116356871905,0.44060557988828464,0,highway_0,1,209.1786905118513,533.1786905118513,,-1026.9376480015287
9.0,ego_0,535.7768238714871,-8.0,25.981333596357512,1000.0,,0.44122450777038624,0.44122450777038624,0.44122450777038624,0.44122450777038624,0.4368559482875156,0,highway_0,1,211.77682387148707,535.7768238714871,,-1026.9813335963574
9.1,ego_0,538.3792884242565,-8.0,26.02464552769441,1000.0,,0.4374505065026415,0.4374505065026415,0.4374505065026415,0.4374505065026415,0.4331193133689837,0,highway_0,1,214.37928842425652,538.3792884242565,,-1027.0246455276945
9.2,ego_0,540.9860469368798,-8.0,26.067585126232622,1000.0,,0.4336899452359193,0.4336899452359193,0.4336899452359193,0.4336899452359193,0.429395985382115,0,highway_0,1,216.9860469368798,540.9860469368798,,-1027.0675851262326
9.3,ego_0,543.5970623121893,-8.0,26.11015375309576,1000.0,,0.42994313131768747,0.42994313131768747,0.42994313131768747,0.42994313131768747,0.4256862686313667,0,highway_0,1,219.59706231218934,543.5970623121893,,-1027.1101537530958
9.4,ego_0,546.2122975921133,-8.0,26.152352799238894,1000.0,,0.4262103660457023,0.4262103660457023,0.4262103660457023,0.4262103660457023,0.4219904614313563,0,highway_0,1,222.21229759211326,546.2122975921133,,-1027.152352799239
9.5,ego_0,548.8317159605978,-8.0,26.194183684845505,1000.0,,0.4224919446267882,0.4224919446267882,0.4224919446267882,0.4224919446267882,0.4183088560661119,0,highway_0,1,224.83171596059776,548.8317159605978,,-1027.1941836848455
9.6,ego_0,551.4552807464698,-8.0,26.23564785872071,1000.0,,0.418788156139581,0.418788156139581,0.418788156139581,0.418788156139581,0.4146417387520529,0,highway_0,1,227.45528074646984,551.4552807464698,,-1027.2356478587208
9.7,ego_0,554.082955426238,-8.0,26.276746797681227,1000.0,,0.4150992835011922,0.4150992835011922,0.4150992835011922,0.4150992835011922,0.41098938960516307,0,highway_0,1,230.08295542623796,554.082955426238,,-1027.2767467976812
9.8,ego_0,556.7147036268321,-8.0,26.31748200594239,1000.0,,0.41142560343775314,0.41142560343775314,0.41142560343775314,0.41142560343775314,0.407352082611645,0,highway_0,1,232.71470362683215,556.7147036268321,,-1027.3174820059423
9.9,ego_0,559.3504891282824,-8.0,26.357855014502668,1000.0,,0.4077673864587965,0.4077673864587965,0.4077673864587965,0.4077673864587965,0.403730085602767,0,highway_0,1,235.35048912828245,559.3504891282824,,-1027.3578550145028
10.0,ego_0,561.9902758663351,-8.0,26.39786738052598,1000.0,,0.40412489683542363,0.40412489683542363,0.40412489683542363,0.40412489683542363,0.4001236602331204,0,highway_0,1,237.99027586633508,561.9902758663351,,-1027.397867380526
10.1,ego_0,564.6340279350073,-8.0,26.437520686722237,1000.0,,0.40049839258220976,0.40049839258220976,0.40049839258220976,0.40049839258220976,0.39653306196257176,0,highway_0,1,240.63402793500734,564.6340279350073,,-1027.4375206867223
10.2,ego_0,567.28170958908,-8.0,26.476816540726475,1000.0,,0.3968881254427975,0.3968881254427975,0.3968881254427975,0.3968881254427975,0.39295854004237185,0,highway_0,1,243.28170958908004,567.28170958908,,-1027.4768165407265
10.3,ego_0,569.9332852465277,-8.0,26.51575657447688,1000.0,,0.3932943408791101,0.3932943408791101,0.3932943408791101,0.3932943408791101,0.3894003375040711,0,highway_0,1,245.9332852465277,569.9332852465277,,-1027.5157565744769
10.4,ego_0,572.5887194908869,-8.0,26.554342443592144,1000.0,,0.38971727806414425,0.38971727806414425,0.38971727806414425,0.38971727806414425,0.3858586911526274,0,highway_0,1,248.5887194908869,572.5887194908869,,-1027.554342443592
10.5,ego_0,575.2479770735617,-8.0,26.59257582674841,1000.0,,0.38615716987826687,0.38615716987826687,0.38615716987826687,0.38615716987826687,0.3823338315626401,0,highway_0,1,251.24797707356174,575.2479770735617,,-1027.5925758267483
10.6,ego_0,577.9110229160674,-8.0,26.63045842505623,1000.0,,0.3826142429089632,0.3826142429089632,0.3826142429089632,0.3826142429089632,0.37882598307820814,0,highway_0,1,253.9110229160674,577.9110229160674,,-1027.6304584250563
10.7,ego_0,580.5778221122112,-8.0,26.66799196143781,1000.0,,0.3790887174539638,0.3790887174539638,0.3790887174539638,0.3790887174539638,0.37533536381580745,0,highway_0,1,256.57782211221115,580.5778221122112,,-1027.6679919614378
10.8,ego_0,583.2483399302116,-8.0,26.70517818000491,1000.0,,0.3755808075276936,0.3755808075276936,0.3755808075276936,0.3755808075276936,0.3718621856710058,0,highway_0,1,259.2483399302116,583.2483399302116,,-1027.7051781800049
10.9,ego_0,585.9225418147554,-8.0,26.74201884543768,1000.0,,0.3720907208709645,0.3720907208709645,0.3720907208709645,0.3720907208709645,0.3684066543276998,0,highway_0,1,261.9225418147554,585.9225418147554,,-1027.7420188454378
11.0,ego_0,588.6003933889918,-8.0,26.778515742364792,1000.0,,0.36861865896384927,0.36861865896384927,0.36861865896384927,0.36861865896384927,0.36496896927111777,0,highway_0,1,264.60039338899185,588.6003933889918,,-1027.7785157423648
11.1,ego_0,591.2818604564663,-8.0,26.814670674745155,1000.0,,0.3651648170416628,0.3651648170416628,0.3651648170416628,0.3651648170416628,0.36154932380362936,0,highway_0,1,267.28186045646635,591.2818604564663,,-1027.8146706747452
11.2,ego_0,593.9669090029915,-8.0,26.850485465251488,1000.0,,0.3617293841139775,0.3617293841139775,0.3617293841139775,0.3617293841139775,0.3581479050633263,0,highway_0,1,269.96690900299154,593.9669090029915,,-1027.8504854652515
11.3,ego_0,596.6555051984571,-8.0,26.885961954656104,1000.0,,0.35831254298659954,0.35831254298659954,0.35831254298659954,0.35831254298659954,0.35476489404615563,0,highway_0,1,272.65550519845715,596.6555051984571,,-1027.885961954656
11.4,ego_0,599.347615398579,-8.0,26.92110200121912,1000.0,,0.35491447028643186,0.35491447028643186,0.35491447028643186,0.35491447028643186,0.3514004656301495,0,highway_0,1,275.347615398579,599.347615398579,,-1027.9211020012192
11.5,ego_0,602.043206146587,-8.0,26.955907480079432,1000.0,,0.3515353364891465,0.3515353364891465,0.3515353364891465,0.3515353364891465,0.348054788603136,0,highway_0,1,278.04320614658695,602.043206146587,,-1027.9559074800795
11.6,ego_0,604.7422441748519,-8.0,26.9903802826487,1000.0,,0.348175305949588,0.348175305949588,0.348175305949588,0.348175305949588,0.3447280256926888,0,highway_0,1,280.74224417485186,604.7422441748519,,-1027.9903802826486
11.7,ego_0,607.4446964064527,-8.0,27.024522316008586,1000.0,,0.3448345369348347,0.3448345369348347,0.3448345369348347,0.3448345369348347,0.3414203335988475,0,highway_0,1,283.44469640645275,607.4446964064527,,-1028.0245223160086
11.8,ego_0,610.150529956684,-8.0,27.05833550231154,1000.0,,0.34151318165983435,0.34151318165983435,0.34151318165983435,0.34151318165983435,0.33813186302953824,0,highway_0,1,286.15052995668395,610.150529956684,,-1028.0583355023116
11.9,ego_0,612.8597121345025,-8.0,27.091821778185356,1000.0,,0.3382113863255378,0.3382113863255378,0.3382113863255378,0.3382113863255378,0.3348627587381614,0,highway_0,1,288.8597121345025,612.8597121345025,,-1028.0918217781852
12.0,ego_0,615.5722104439167,-8.0,27.124983094141736,1000.0,,0.334929291159451,0.334929291159451,0.334929291159451,0.334929291159451,0.3316131595638083,0,highway_0,1,291.5722104439167,615.5722104439167,,-1028.1249830941417
12.1,ego_0,618.2879925853156,-8.0,27.157821413989115,1000.0,,0.33166703045852397,0.33166703045852397,0.33166703045852397,0.33166703045852397,0.3283831984737873,0,highway_0,1,294.2879925853156,618.2879925853156,,-1028.157821413989
12.2,ego_0,621.0070264567406,-8.0,27.190338714249936,1000.0,,0.3284247326343004,0.3284247326343004,0.3284247326343004,0.3284247326343004,0.32517300260821,0,highway_0,1,297.0070264567406,621.0070264567406,,-1028.19033871425
12.3,ego_0,623.7292801550989,-8.0,27.222536983582636,1000.0,,0.3252025202602412,0.3252025202602412,0.3252025202602412,0.3252025202602412,0.32198269332699425,0,highway_0,1,299.7292801550989,623.7292801550989,,-1028.2225369835826
12.4,ego_0,626.4547219773198,-8.0,27.254418222208493,1000.0,,0.3220005101211507,0.3220005101211507,0.3220005101211507,0.3220005101211507,0.3188123862585712,0,highway_0,1,302.45472197731976,626.4547219773198,,-1028.2544182222084
12.5,ego_0,629.1833204214541,-8.0,27.285984441343604,1000.0,,0.3188188132646148,0.3188188132646148,0.3188188132646148,0.3188188132646148,0.31566219135111595,0,highway_0,1,305.18332042145414,629.1833204214541,,-1028.2859844413435
12.6,ego_0,631.9150441877177,-8.0,27.317237662636117,1000.0,,0.31565753505438054,0.31565753505438054,0.31565753505438054,0.31565753505438054,0.31253221292512734,0,highway_0,1,307.91504418771774,631.9150441877177,,-1028.3172376626362
12.7,ego_0,634.6498621794786,-8.0,27.348179917608945,1000.0,,0.31251677522559107,0.31251677522559107,0.31251677522559107,0.31251677522559107,0.3094225497282821,0,highway_0,1,310.64986217947865,634.6498621794786,,-1028.3481799176088
12.8,ego_0,637.3877435041894,-8.0,27.37881324710813,1000.0,,0.30939662794179845,0.30939662794179845,0.30939662794179845,0.30939662794179845,0.3063332949918518,0,highway_0,1,313.3877435041894,637.3877435041894,,-1028.3788132471082
12.9,ego_0,640.1286574742651,-8.0,27.40913970075701,1000.0,,0.3062971818536766,0.3062971818536766,0.3062971818536766,0.3062971818536766,0.3032645364887898,0,highway_0,1,316.1286574742651,640.1286574742651,,-1028.409139700757
13.0,ego_0,642.8725736079067,-8.0,27.43916133641635,1000.0,,0.30321852015935225,0.30321852015935225,0.30321852015935225,0.30321852015935225,0.30021635659341683,0,highway_0,1,318.8725736079067,642.8725736079067,,-1028.4391613364164
13.1,ego_0,645.6194616298718,-8.0,27.468880219650636,1000.0,,0.30016072066627963,0.30016072066627963,0.30016072066627963,0.30016072066627963,0.2971888323428473,0,highway_0,1,321.6194616298718,645.6194616298718,,-1028.4688802196506
13.2,ego_0,648.3692914721919,-8.0,27.498298423200595,1000.0,,0.2971238558545801,0.2971238558545801,0.2971238558545801,0.2971238558545801,0.2941820354995883,0,highway_0,1,324.3692914721919,648.3692914721919,,-1028.4982984232006
13.3,ego_0,651.1220332748381,-8.0,27.527418026462154,1000.0,,0.2941079929417657,0.2941079929417657,0.2941079929417657,0.2941079929417657,0.2911960326155949,0,highway_0,1,327.12203327483815,651.1220332748381,llm_1,-1028.527418026462
13.4,ego_0,653.8776573863354,-8.0,27.556241114971936,1000.0,,0.2911131939487781,0.2911131939487781,0.2911131939487781,0.2911131939487781,0.2882308850978177,0,highway_0,1,329.8776573863354,653.8776573863354,llm_1,-1028.556241114972
13.5,ego_0,656.6361343643254,-8.0,27.58476977989939,1000.0,,0.2881395157672636,0.2881395157672636,0.2881395157672636,0.2881395157672636,0.28528664927453207,0,highway_0,1,332.63613436432536,656.6361343643254,llm_1,-1028.5847697798995
13.6,ego_0,659.3974349760799,-8.0,27.613006117545726,1000.0,,0.2851870102280072,0.2851870102280072,0.2851870102280072,0.2851870102280072,0.2823633764633726,0,highway_0,1,335.3974349760799,659.3974349760799,llm_1,-1028.6130061175456
13.7,ego_0,662.1615301989649,-8.0,27.640952228849734,1000.0,,0.2822557241704603,0.2822557241704603,0.2822557241704603,0.2822557241704603,0.27946111304007815,0,highway_0,1,338.1615301989649,662.1615301989649,,-1028.6409522288498
13.8,ego_0,664.9283912208549,-8.0,27.668610218900554,1000.0,,0.27934569951327903,0.27934569951327903,0.27934569951327903,0.27934569951327903,0.2765799005081959,0,highway_0,1,340.9283912208549,664.9283912208549,,-1028.6686102189005
13.9,ego_0,667.6979894405007,-8.0,27.695982196457564,1000.0,,0.276456973325813,0.276456973325813,0.276456973325813,0.276456973325813,0.2737197755701004,0,highway_0,1,343.6979894405007,667.6979894405007,,-1028.6959821964576
14.0,ego_0,670.4702964678485,-8.0,27.72307027347741,1000.0,,0.27358957790046445,0.27358957790046445,0.27358957790046445,0.27358957790046445,0.2708807701984739,0,highway_0,1,346.47029646784847,670.4702964678485,,-1028.7230702734773
14.1,ego_0,673.2452841243133,-8.0,27.74987656464829,1000.0,,0.2707435408258563,0.2707435408258563,0.2707435408258563,0.2707435408258563,0.2680629117087818,0,highway_0,1,349.24528412431334,673.2452841243133,,-1028.7498765646483
14.2,ego_0,676.0229244430064,-8.0,27.77640318693153,1000.0,,0.26791888506073636,0.26791888506073636,0.26791888506073636,0.26791888506073636,0.2652662228324232,0,highway_0,1,352.02292444300645,676.0229244430064,,-1028.7764031869315
14.3,ego_0,678.8031896689175,-8.0,27.802652259110594,1000.0,,0.2651156290085529,0.2651156290085529,0.2651156290085529,0.2651156290085529,0.26249072179062694,0,highway_0,1,354.8031896689175,678.8031896689175,,-1028.8026522591106
14.4,ego_0,681.5860522590523,-8.0,27.82862590134749,1000.0,,0.26233378659263806,0.26233378659263806,0.26233378659263806,0.26233378659263806,0.25973642236895245,0,highway_0,1,357.5860522590523,681.5860522590523,,-1028.8286259013476
14.5,ego_0,684.3714848825269,-8.0,27.85432623474669,1000.0,,0.25957336733192704,0.25957336733192704,0.25957336733192704,0.25957336733192704,0.25700333399200304,0,highway_0,1,360.37148488252694,684.3714848825269,,-1028.8543262347466
14.6,ego_0,687.1594604206196,-8.0,27.879755380926607,1000.0,,0.2568343764171639,0.2568343764171639,0.2568343764171639,0.2568343764171639,0.25429146179916984,0,highway_0,1,363.15946042061955,687.1594604206196,,-1028.8797553809266
14.7,ego_0,689.9499519667794,-8.0,27.904915461598637,1000.0,,0.25411681478751913,0.25411681478751913,0.25411681478751913,0.25411681478751913,0.2516008067203046,0,highway_0,1,365.9499519667794,689.9499519667794,,-1028.9049154615986
14.8,ego_0,692.7429328265948,-8.0,27.929808598153844,1000.0,,0.25142067920756594,0.25142067920756594,0.25142067920756594,0.25142067920756594,0.24893136555206752,0,highway_0,1,368.7429328265948,692.7429328265948,,-1028.9298085981538
14.9,ego_0,695.5383765177205,-8.0,27.954436911257265,1000.0,,0.24874596234455626,0.24874596234455626,0.24874596234455626,0.24874596234455626,0.24628313103420396,0,highway_0,1,371.5383765177205,695.5383765177205,,-1028.9544369112573
15.0,ego_0,698.3362567697656,-8.0,27.978802520449932,1000.0,,0.24609265284593773,0.24609265284593773,0.24609265284593773,0.24609265284593773,0.24365609192667392,0,highway_0,1,374.33625676976555,698.3362567697656,,-1028.97880252045
15.1,ego_0,701.1365475241414,-8.0,28.00290754375855,1000.0,,0.24346073541705304,0.24346073541705304,0.24346073541705304,0.24346073541705304,0.24105023308617746,0,highway_0,1,377.1365475241414,701.1365475241414,,-1029.0029075437585
15.2,ego_0,703.9392229338727,-8.0,28.026754097312907,1000.0,,0.24085019089897608,0.24085019089897608,0.24085019089897608,0.24085019089897608,0.2384655355435683,0,highway_0,1,379.93922293387266,703.9392229338727,,-1029.026754097313
15.3,ego_0,706.7442573633698,-8.0,28.05034429497097,1000.0,,0.23826099634641995,0.23826099634641995,0.23826099634641995,0.23826099634641995,0.23590197658062806,0,highway_0,1,382.7442573633698,706.7442573633698,,-1029.050344294971
15.4,ego_0,709.551625388165,-8.0,28.073680247951728,1000.0,,0.23569312510567852,0.23569312510567852,0.23569312510567852,0.23569312510567852,0.23335952980758634,0,highway_0,1,385.551625388165,709.551625388165,,-1029.0736802479516
15.5,ego_0,712.3613017946126,-8.0,28.096764064475742,1000.0,,0.23314654689253644,0.23314654689253644,0.23314654689253644,0.23314654689253644,0.23083816524014367,0,highway_0,1,388.3613017946126,712.3613017946126,,-1029.0967640644758
15.6,ego_0,715.1732615795539,-8.0,28.119597849413378,1000.0,,0.2306212278701142,0.2306212278701142,0.2306212278701142,0.2306212278701142,0.22833784937635215,0,highway_0,1,391.1732615795539,715.1732615795539,,-1029.1195978494134
15.7,ego_0,717.987479949948,-8.0,28.142183703940763,1000.0,,0.22811713072659145,0.22811713072659145,0.22811713072659145,0.22811713072659145,0.22585854527385152,0,highway_0,1,393.987479949948,717.987479949948,,-1029.1421837039409
15.8,ego_0,720.8039323224683,-8.0,28.164523725203413,1000.0,,0.22563421475276535,0.22563421475276535,0.22563421475276535,0.22563421475276535,0.22340021262650112,0,highway_0,1,396.8039323224683,720.8039323224683,,-1029.1645237252035
15.9,ego_0,723.6225943230671,-8.0,28.18662000598751,1000.0,,0.2231724359194004,0.2231724359194004,0.2231724359194004,0.2231724359194004,0.22096280784097644,0,highway_0,1,399.6225943230671,723.6225943230671,,-1029.1866200059876
16.0,ego_0,726.443441786507,-8.0,28.20847463439883,1000.0,,0.2207317469543283,0.2207317469543283,0.2207317469543283,0.2207317469543283,0.218546284113188,0,highway_0,1,402.44344178650704,726.443441786507,,-1029.2084746343987
16.1,ego_0,729.2664507558619,-8.0,28.23008969354925,1000.0,,0.21831209741925395,0.21831209741925395,0.21831209741925395,0.21831209741925395,0.2161505915042028,0,highway_0,1,405.2664507558619,729.2664507558619,,-1029.2300896935492
16.2,ego_0,732.091597481987,-8.0,28.25146726125086,1000.0,,0.2159134337862295,0.2159134337862295,0.2159134337862295,0.2159134337862295,0.2137756770160948,0,highway_0,1,408.09159748198704,732.091597481987,,-1029.2514672612508
16.3,ego_0,734.9188584229588,-8.0,28.272609409717568,1000.0,,0.21353569951376028,0.21353569951376028,0.21353569951376028,0.21353569951376028,0.21142148466708477,0,highway_0,1,410.9188584229588,734.9188584229588,,-1029.2726094097175
16.4,ego_0,737.7482102434863,-8.0,28.29351820527425,1000.0,,0.2111788351224999,0.2111788351224999,0.2111788351224999,0.2111788351224999,0.20908795556682236,0,highway_0,1,413.74821024348626,737.7482102434863,,-1029.2935182052743
16.5,ego_0,740.5796298142936,-8.0,28.31419570807331,1000.0,,0.20884277827050568,0.20884277827050568,0.20884277827050568,0.20884277827050568,0.2067750279906022,0,highway_0,1,416.57962981429364,740.5796298142936,,-1029.3141957080734
16.6,ego_0,743.4130942114755,-8.0,28.334643971818657,1000.0,,0.20652746382801646,0.20652746382801646,0.20652746382801646,0.20652746382801646,0.20448263745347361,0,highway_0,1,419.4130942114755,743.4130942114755,,-1029.3346439718187
16.7,ego_0,746.2485807158251,-8.0,28.354865043497046,1000.0,,0.2042328239517225,0.2042328239517225,0.2042328239517225,0.2042328239517225,0.20221071678388824,0,highway_0,1,422.24858071582514,746.2485807158251,,-1029.354865043497
16.8,ego_0,749.0860668121368,-8.0,28.3748609631167,1000.0,,0.20195878815849366,0.20195878815849366,0.20195878815849366,0.20195878815849366,0.1999591961965308,0,highway_0,1,425.0860668121368,749.0860668121368,,-1029.3748609631166
16.9,ego_0,751.9255301884821,-8.0,28.39463376345319,1000.0,,0.19970528339854,0.19970528339854,0.19970528339854,0.19970528339854,0.19772800336490093,0,highway_0,1,427.92553018848207,751.9255301884821,,-1029.3946337634532
17.0,ego_0,754.7669487354623,-8.0,28.414185469802494,1000.0,,0.19747223412797243,0.19747223412797243,0.19747223412797243,0.19747223412797243,0.19551706349304254,0,highway_0,1,430.7669487354623,754.7669487354623,,-1029.4141854698025
17.1,ego_0,757.6103005454364,-8.0,28.433518099741182,1000.0,,0.1952595623807396,0.1952595623807396,0.1952595623807396,0.1952595623807396,0.19332629938688228,0,highway_0,1,433.6103005454364,757.6103005454364,,-1029.4335180997411
17.2,ego_0,760.4555639117258,-8.0,28.452633662893646,1000.0,,0.1930671878399115,0.1930671878399115,0.1930671878399115,0.1930671878399115,0.19115563152464432,0,highway_0,1,436.4555639117258,760.4555639117258,,-1029.4526336628937
17.3,ego_0,763.3027173277965,-8.0,28.471534160706348,1000.0,,0.19089502790829138,0.19089502790829138,0.19089502790829138,0.19089502790829138,0.18900497812701644,0,highway_0,1,439.3027173277965,763.3027173277965,,-1029.4715341607064
17.4,ego_0,766.1517394864194,-8.0,28.49022158622895,1000.0,,0.18874299777832526,0.18874299777832526,0.18874299777832526,0.18874299777832526,0.18687425522603718,0,highway_0,1,442.1517394864194,766.1517394864194,,-1029.490221586229
17.5,ego_0,769.0026092788096,-8.0,28.508697923902346,1000.0,,0.1866110105012948,0.1866110105012948,0.1866110105012948,0.1866110105012948,0.18476337673394738,0,highway_0,1,445.0026092788096,769.0026092788096,,-1029.5086979239024
17.6,ego_0,771.855305793745,-8.0,28.526965149353412,1000.0,,0.18449897705576535,0.18449897705576535,0.18449897705576535,0.18449897705576535,0.18267225451065627,0,highway_0,1,447.85530579374495,771.855305793745,,-1029.5269651493534
17.7,ego_0,774.7098083166646,-8.0,28.54502522919651,1000.0,,0.18240680641527718,0.18240680641527718,0.18240680641527718,0.18240680641527718,0.1806007984309943,0,highway_0,1,450.70980831666463,774.7098083166646,,-1029.5450252291964
17.8,ego_0,777.5660963287488,-8.0,28.562880120841584,1000.0,,0.1803344056152555,0.1803344056152555,0.1803344056152555,0.1803344056152555,0.17854891645072257,0,highway_0,1,453.5660963287488,777.5660963287488,,-1029.5628801208416
17.9,ego_0,780.4241495059797,-8.0,28.580531772308827,1000.0,,0.17828167981912824,0.17828167981912824,0.17828167981912824,0.17828167981912824,0.17651651467243568,0,highway_0,1,456.4241495059797,780.4241495059797,,-1029.5805317723089
18.0,ego_0,783.2839477181847,-8.0,28.597982122049782,1000.0,,0.17624853238362448,0.17624853238362448,0.17624853238362448,0.17624853238362448,0.17450349740954607,0,highway_0,1,459.28394771818466,783.2839477181847,,-1029.5979821220499
18.1,ego_0,786.1454710280622,-8.0,28.61523309877486,1000.0,,0.17423486492325702,0.17423486492325702,0.17423486492325702,0.17423486492325702,0.17250976725076583,0,highway_0,1,462.14547102806216,786.1454710280622,,-1029.6152330987748
18.2,ego_0,789.0086996901908,-8.0,28.63228662128713,1000.0,,0.17224057737395582,0.17224057737395582,0.17224057737395582,0.17224057737395582,0.17053522512270547,0,highway_0,1,465.00869969019084,789.0086996901908,,-1029.6322866212872
18.3,ego_0,791.8736141500231,-8.0,28.649144598322362,1000.0,,0.17026556805585447,0.17026556805585447,0.17026556805585447,0.17026556805585447,0.16857977035233063,0,highway_0,1,467.87361415002306,791.8736141500231,,-1029.6491445983224
18.4,ego_0,794.7401950428625,-8.0,28.665808928395155,1000.0,,0.16830973373520697,0.16830973373520697,0.16830973373520697,0.16830973373520697,0.16664330072792666,0,highway_0,1,470.7401950428625,794.7401950428625,,-1029.665808928395
18.5,ego_0,797.6084231928277,-8.0,28.68228149965114,1000.0,,0.1663729696854348,0.1663729696854348,0.1663729696854348,0.1663729696854348,0.16472571255985002,0,highway_0,1,473.6084231928277,797.6084231928277,,-1029.6822814996513
18.6,ego_0,800.4782796118002,-8.0,28.698564189725126,1000.0,,0.16445516974728613,0.16445516974728613,0.16445516974728613,0.16445516974728613,0.16282690073985862,0,highway_0,1,476.4782796118002,800.4782796118002,,-1029.6985641897252
18.7,ego_0,803.3497454983607,-8.0,28.714658865605134,1000.0,,0.16255622638810274,0.16255622638810274,0.16255622638810274,0.16255622638810274,0.1609467588000868,0,highway_0,1,479.3497454983607,803.3497454983607,,-1029.714658865605
18.8,ego_0,806.2228022367109,-8.0,28.73056738350218,1000.0,,0.1606760307601831,0.1606760307601831,0.1606760307601831,0.1606760307601831,0.15908517897045726,0,highway_0,1,482.2228022367109,806.2228022367109,,-1029.7305673835021
18.9,ego_0,809.0974313955835,-8.0,28.746291588725768,1000.0,,0.15881447275824256,0.15881447275824256,0.15881447275824256,0.15881447275824256,0.15724205223587973,0,highway_0,1,485.0974313955835,809.0974313955835,,-1029.7462915887259
19.0,ego_0,811.97361472714,-8.0,28.76183331556497,1000.0,,0.15697144107595717,0.15697144107595717,0.15697144107595717,0.15697144107595717,0.15541726839202852,0,highway_0,1,487.97361472714,811.97361472714,,-1029.761833315565
19.1,ego_0,814.8513341658575,-8.0,28.77719438717503,1000.0,,0.1551468232615859,0.1551468232615859,0.1551468232615859,0.1551468232615859,0.1536107161005873,0,highway_0,1,490.85133416585745,814.8513341658575,,-1029.777194387175
19.2,ego_0,817.7305718274043,-8.0,28.79237661546935,1000.0,,0.15334050577267588,0.15334050577267588,0.15334050577267588,0.15334050577267588,0.15182228294321476,0,highway_0,1,493.73057182740433,817.7305718274043,,-1029.7923766154693
19.3,ego_0,820.6113100075061,-8.0,28.80738180101686,1000.0,,0.15155237402983412,0.15155237402983412,0.15155237402983412,0.15155237402983412,0.15005185547508404,0,highway_0,1,496.61131000750606,820.6113100075061,,-1029.8073818010168
19.4,ego_0,823.4935311808006,-8.0,28.822211732944538,1000.0,,0.1497823124695754,0.1497823124695754,0.1497823124695754,0.1497823124695754,0.14829931927678786,0,highway_0,1,499.4935311808006,823.4935311808006,,-1029.8222117329447
19.5,ego_0,826.3772179996851,-8.0,28.836868188845155,1000.0,,0.14803020459623717,0.14803020459623717,0.14803020459623717,0.14803020459623717,0.1465645590061726,0,highway_0,1,502.37721799968506,826.3772179996851,,-1029.836868188845
19.6,ego_0,829.2623532931541,-8.0,28.851352934690006,1000.0,,0.1462959330329593,0.1462959330329593,0.1462959330329593,0.1462959330329593,0.14484745844850266,0,highway_0,1,505.2623532931541,829.2623532931541,,-1029.85135293469
19.7,ego_0,832.1489200656288,-8.0,28.865667724746615,1000.0,,0.1445793795717356,0.1445793795717356,0.1445793795717356,0.1445793795717356,0.14314790056609183,0,highway_0,1,508.1489200656288,832.1489200656288,,-1029.8656677247466
19.8,ego_0,835.0369014957789,-8.0,28.87981430150132,1000.0,,0.14288042522253164,0.14288042522253164,0.14288042522253164,0.14288042522253164,0.14146576754704654,0,highway_0,1,511.0369014957789,835.0369014957789,,-1029.8798143015013
19.9,ego_0,837.9262809353376,-8.0,28.893794395586614,1000.0,,0.1411989502614669,0.1411989502614669,0.1411989502614669,0.1411989502614669,0.13980094085294326,0,highway_0,1,513.9262809353376,837.9262809353376,,-1029.8937943955866
20.0,ego_0,840.8170419079089,-8.0,28.907609725713154,1000.0,,0.13953483427806834,0.13953483427806834,0.13953483427806834,0.13953483427806834,0.1381533012654046,0,highway_0,1,516.8170419079089,840.8170419079089,,-1029.9076097257132
20.1,ego_0,843.7091681077695,-8.0,28.92126199860638,1000.0,,0.1378879562216001,0.1378879562216001,0.1378879562216001,0.1378879562216001,0.13652272893224904,0,highway_0,1,519.7091681077695,843.7091681077695,,-1029.9212619986063
20.2,ego_0,846.6026433986643,-8.0,28.934752908947612,1000.0,,0.13625819444646148,0.13625819444646148,0.13625819444646148,0.13625819444646148,0.1349091034123262,0,highway_0,1,522.6026433986643,846.6026433986643,,-1029.9347529089475
20.3,ego_0,849.4974518125963,-8.0,28.94808413931956,1000.0,,0.1346454267566629,0.1346454267566629,0.1346454267566629,0.1346454267566629,0.1333123037194639,0,highway_0,1,525.4974518125963,849.4974518125963,,-1029.9480841393195
20.4,ego_0,852.3935775486119,-8.0,28.961257360156132,1000.0,,0.13304953044938805,0.13304953044938805,0.13304953044938805,0.13304953044938805,0.13173220836574018,0,highway_0,1,528.3935775486119,852.3935775486119,,-1029.9612573601562
20.5,ego_0,855.2910049715815,-8.0,28.974274229696494,1000.0,,0.13147038235763553,0.13147038235763553,0.13147038235763553,0.13147038235763553,0.13016869540361853,0,highway_0,1,531.2910049715815,855.2910049715815,,-1029.9742742296964
20.6,ego_0,858.1897186109759,-8.0,28.98713639394322,1000.0,,0.12990785889195366,0.12990785889195366,0.12990785889195366,0.12990785889195366,0.12862164246726593,0,highway_0,1,534.1897186109759,858.1897186109759,,-1029.9871363939433
20.7,ego_0,861.0897031596384,-8.0,28.999845486624533,1000.0,,0.12836183608127094,0.12836183608127094,0.12836183608127094,0.12836183608127094,0.12709092681312484,0,highway_0,1,537.0897031596384,861.0897031596384,,-1029.9998454866245
20.8,ego_0,863.9909434725544,-8.0,29.012403129160457,1000.0,,0.12683218961282394,0.12683218961282394,0.12683218961282394,0.12683218961282394,0.12557642535924174,0,highway_0,1,539.9909434725544,863.9909434725544,,-1030.0124031291605
20.9,ego_0,866.8934245656177,-8.0,29.024810930632853,1000.0,,0.12531879487119468,0.12531879487119468,0.12531879487119468,0.12531879487119468,0.12407801472395619,0,highway_0,1,542.8934245656177,866.8934245656177,,-1030.0248109306328
21.0,ego_0,869.7971316143936,-8.0,29.037070487759237,1000.0,,0.12382152697646398,0.12382152697646398,0.12382152697646398,0.12382152697646398,0.1225955712638438,0,highway_0,1,545.7971316143936,869.7971316143936,,-1030.0370704877591
21.1,ego_0,872.7020499528807,-8.0,29.049183384870275,1000.0,,0.12234026082147598,0.12234026082147598,0.12234026082147598,0.12234026082147598,0.12112897111038023,0,highway_0,1,548.7020499528807,872.7020499528807,,-1030.0491833848703
21.2,ego_0,875.6081650722698,-8.0,29.061151193890893,1000.0,,0.12087487110824258,0.12087487110824258,0.12087487110824258,0.12087487110824258,0.11967809020617892,0,highway_0,1,551.6081650722698,875.6081650722698,,-1030.061151193891
21.3,ego_0,878.5154626197022,-8.0,29.0729754743249,1000.0,,0.11942523238346836,0.11942523238346836,0.11942523238346836,0.11942523238346836,0.1182428043400563,0,highway_0,1,554.5154626197022,878.5154626197022,,-1030.072975474325
21.4,ego_0,881.4239283970265,-8.0,29.08465777324304,1000.0,,0.11799121907323162,0.11799121907323162,0.11799121907323162,0.11799121907323162,0.11682298918142209,0,highway_0,1,557.4239283970265,881.4239283970265,,-1030.084657773243
21.5,ego_0,884.333548359554,-8.0,29.09619962527441,1000.0,,0.1165727055168041,0.1165727055168041,0.1165727055168041,0.1165727055168041,0.11541852031367483,0,highway_0,1,560.333548359554,884.333548359554,,-1030.0961996252745
21.6,ego_0,887.2443086148141,-8.0,29.107602552601108,1000.0,,0.11516956599964001,0.11516956599964001,0.11516956599964001,0.11516956599964001,0.11402927326699341,0,highway_0,1,563.2443086148141,887.2443086148141,,-1030.107602552601
21.7,ego_0,890.1561954213098,-8.0,29.118868064956107,1000.0,,0.11378167478552403,0.11378167478552403,0.11378167478552403,0.11378167478552403,0.11265512354999174,0,highway_0,1,566.1561954213098,890.1561954213098,,-1030.1188680649561
21.8,ego_0,893.0691951872723,-8.0,29.129997659624216,1000.0,,0.112408906147905,0.112408906147905,0.112408906147905,0.112408906147905,0.11129594668108922,0,highway_0,1,569.0691951872723,893.0691951872723,,-1030.1299976596242
21.9,ego_0,895.9832944694168,-8.0,29.14099282144604,1000.0,,0.11105113440040282,0.11105113440040282,0.11105113440040282,0.11105113440040282,0.10995161821824695,0,highway_0,1,571.9832944694168,895.9832944694168,,-1030.140992821446
22.0,ego_0,898.8984799716993,-8.0,29.151855022824908,1000.0,,0.10970823392652418,0.10970823392652418,0.10970823392652418,0.10970823392652418,0.10862201378866843,0,highway_0,1,574.8984799716993,898.8984799716993,,-1030.151855022825
22.1,ego_0,901.814738544073,-8.0,29.162585723736647,1000.0,,0.10838007920857418,0.10838007920857418,0.10838007920857418,0.10838007920857418,0.10730700911739888,0,highway_0,1,577.814738544073,901.814738544073,,-1030.1625857237366
22.2,ego_0,904.7320571812471,-8.0,29.17318637174217,1000.0,,0.10706654485578582,0.10706654485578582,0.10706654485578582,0.10706654485578582,0.10600648005521407,0,highway_0,1,580.7320571812471,904.7320571812471,,-1030.173186371742
22.3,ego_0,907.6504230214474,-8.0,29.18365840200273,1000.0,,0.10576750563167048,0.10576750563167048,0.10576750563167048,0.10576750563167048,0.10472030260562093,0,highway_0,1,583.6504230214474,907.6504230214474,,-1030.1836584020027
22.4,ego_0,910.5698233451772,-8.0,29.19400323729784,1000.0,,0.10448283648060674,0.10448283648060674,0.10448283648060674,0.10448283648060674,0.10344835295107657,0,highway_0,1,586.5698233451772,910.5698233451772,,-1030.194003237298
22.5,ego_0,913.4902455739818,-8.0,29.204222288045727,1000.0,,0.10321241255367208,0.10321241255367208,0.10321241255367208,0.10321241255367208,0.10219050747888758,0,highway_0,1,589.4902455739817,913.4902455739817,,-1030.2042222880457
22.6,ego_0,916.4116772692144,-8.0,29.214316952326293,1000.0,,0.10195610923372833,0.10195610923372833,0.10195610923372833,0.10195610923372833,0.10094664280565269,0,highway_0,1,592.4116772692144,916.4116772692144,,-1030.2143169523263
22.7,ego_0,919.3341061308051,-8.0,29.224288615906467,1000.0,,0.1007138021597761,0.1007138021597761,0.1007138021597761,0.1007138021597761,0.09971663580174095,0,highway_0,1,595.334106130805,919.334106130805,,-1030.2242886159065
22.8,ego_0,922.2575199960318,-8.0,29.234138652267912,1000.0,,0.09948536725057855,0.09948536725057855,0.09948536725057855,0.09948536725057855,0.09850036361445547,0,highway_0,1,598.2575199960318,922.2575199960318,,-1030.2341386522678
22.9,ego_0,925.1819068382955,-8.0,29.243868422636982,1000.0,,0.09827068072757916,0.09827068072757916,0.09827068072757916,0.09827068072757916,0.09729770369069968,0,highway_0,1,601.1819068382955,925.1819068382955,,-1030.243868422637
23.0,ego_0,928.1072547658972,-8.0,29.253479276016893,1000.0,,0.09706961913711265,0.09706961913711265,0.09706961913711265,0.09706961913711265,0.09610853379911077,0,highway_0,1,604.1072547658972,928.1072547658972,,-1030.2534792760168
23.1,ego_0,931.0335520208196,-8.0,29.262972549222035,1000.0,,0.0958820593719244,0.0958820593719244,0.0958820593719244,0.0958820593719244,0.0949327320514115,0,highway_0,1,607.0335520208195,931.0335520208195,,-1030.262972549222
23.2,ego_0,933.9607869775108,-8.0,29.272349566914315,1000.0,,0.09470787869200759,0.09470787869200759,0.09470787869200759,0.09470787869200759,0.09377017692280276,0,highway_0,1,609.9607869775109,933.9607869775109,,-1030.2723495669143
23.3,ego_0,936.888948141675,-8.0,29.281611641641522,1000.0,,0.09354695474477315,0.09354695474477315,0.09354695474477315,0.09354695474477315,0.09262074727207192,0,highway_0,1,612.8889481416751,936.8889481416751,,-1030.2816116416416
23.4,ego_0,939.8180241490628,-8.0,29.290760073877617,1000.0,,0.09239916558455952,0.09239916558455952,0.09239916558455952,0.09239916558455952,0.09148432236095516,0,highway_0,1,615.8180241490628,939.8180241490628,,-1030.2907600738777
23.5,ego_0,942.7480037642691,-8.0,29.299796152064893,1000.0,,0.09126438969149009,0.09126438969149009,0.09126438969149009,0.09126438969149009,0.09036078187275365,0,highway_0,1,618.7480037642692,942.7480037642692,,-1030.2997961520648
23.6,ego_0,945.678875879535,-8.0,29.30872115265793,1000.0,,0.09014250598970075,0.09014250598970075,0.09014250598970075,0.09014250598970075,0.08925000593038135,0,highway_0,1,621.678875879535,945.678875879535,,-1030.3087211526579
23.7,ego_0,948.6106295135518,-8.0,29.31753634016931,1000.0,,0.08903339386493159,0.08903339386493159,0.08903339386493159,0.08903339386493159,0.08815187511377331,0,highway_0,1,624.6106295135519,948.6106295135519,,-1030.3175363401692
23.8,ego_0,951.5432538102735,-8.0,29.32624296721698,1000.0,,0.08793693318151174,0.08793693318151174,0.08793693318151174,0.08793693318151174,0.08706627047672555,0,highway_0,1,627.5432538102735,951.5432538102735,,-1030.326242967217
23.9,ego_0,954.4767380377309,-8.0,29.334842274573294,1000.0,,0.08685300429873588,0.08685300429873588,0.08685300429873588,0.08685300429873588,0.0859930735631309,0,highway_0,1,630.4767380377309,954.4767380377309,,-1030.3348422745732
24.0,ego_0,957.4110715868525,-8.0,29.343335491215534,1000.0,,0.08578148808664443,0.08578148808664443,0.08578148808664443,0.08578148808664443,0.08493216642239787,0,highway_0,1,633.4110715868525,957.4110715868525,,-1030.3433354912156
24.1,ego_0,960.3462439702902,-8.0,29.35172383437803,1000.0,,0.08472226594122856,0.08472226594122856,0.08472226594122856,0.08472226594122856,0.08388343162497591,0,highway_0,1,636.3462439702903,960.3462439702903,,-1030.351723834378
24.2,ego_0,963.2822448212507,-8.0,29.36000850960566,1000.0,,0.08367521979905423,0.08367521979905423,0.08367521979905423,0.08367521979905423,0.08284675227628213,0,highway_0,1,639.2822448212509,963.2822448212509,,-1030.3600085096057
24.3,ego_0,966.2190638923317,-8.0,29.36819071080876,1000.0,,0.0826402321513321,0.0826402321513321,0.0826402321513321,0.0826402321513321,0.08182201203101869,0,highway_0,1,642.2190638923317,966.2190638923317,,-1030.3681907108087
24.4,ego_0,969.1566910543637,-8.0,29.3762716203194,1000.0,,0.08161718605743506,0.08161718605743506,0.08161718605743506,0.08161718605743506,0.0808090951063889,0,highway_0,1,645.1566910543637,969.1566910543637,,-1030.3762716203194
24.5,ego_0,972.0951162952585,-8.0,29.384252408948893,1000.0,,0.08060596515787455,0.08060596515787455,0.08060596515787455,0.08060596515787455,0.07980788629492253,0,highway_0,1,648.0951162952585,972.0951162952585,,-1030.384252408949
24.6,ego_0,975.0343297188632,-8.0,29.39213423604659,1000.0,,0.07960645368675245,0.07960645368675245,0.07960645368675245,0.07960645368675245,0.07881827097698135,0,highway_0,1,651.0343297188632,975.0343297188632,,-1030.3921342360466
24.7,ego_0,977.9743215438192,-8.0,29.399918249559825,1000.0,,0.078618536483689,0.078618536483689,0.078618536483689,0.078618536483689,0.077840135132341,0,highway_0,1,653.9743215438192,977.9743215438192,,-1030.3999182495597
24.8,ego_0,980.9150821024288,-8.0,29.407605586095,1000.0,,0.07764209900524865,0.07764209900524865,0.07764209900524865,0.07764209900524865,0.07687336535173728,0,highway_0,1,656.9150821024288,980.9150821024288,,-1030.407605586095
24.9,ego_0,983.8566018395268,-8.0,29.415197370979737,1000.0,,0.07667702733586423,0.07667702733586423,0.07667702733586423,0.07667702733586423,0.07591784884738217,0,highway_0,1,659.8566018395268,983.8566018395268,,-1030.4151973709797
25.0,ego_0,986.7988713113593,-8.0,29.422694718326103,1000.0,,0.07572320819827905,0.07572320819827905,0.07572320819827905,0.07572320819827905,0.07497347346365757,0,highway_0,1,662.7988713113593,986.7988713113593,,-1030.422694718326
25.1,ego_0,989.7418811844688,-8.0,29.430098731094766,1000.0,,0.07478052896350751,0.07478052896350751,0.07478052896350751,0.07478052896350751,0.07404012768663648,0,highway_0,1,665.7418811844689,989.7418811844689,,-1030.4300987310949
25.2,ego_0,992.6856222345849,-8.0,29.437410501160144,1000.0,,0.07384887766033454,0.07384887766033454,0.07384887766033454,0.07384887766033454,0.07311770065378198,0,highway_0,1,668.6856222345849,992.6856222345849,,-1030.4374105011602
25.3,ego_0,995.6300853455224,-8.0,29.444631109376417,1000.0,,0.07292814298435413,0.07292814298435413,0.07292814298435413,0.07292814298435413,0.0722060821627224,0,highway_0,1,671.6300853455225,995.6300853455225,,-1030.4446311093764
25.4,ego_0,998.5752615080869,-8.0,29.45176162564439,1000.0,,0.07201821430656485,0.07201821430656485,0.07201821430656485,0.07201821430656485,0.0713051626797423,0,highway_0,1,674.5752615080869,998.5752615080869,,-1030.4517616256444
25.5,ego_0,1001.5211418189848,-8.0,29.458803108979193,1000.0,,0.07111898168153097,0.07111898168153097,0.07111898168153097,0.07111898168153097,0.07041483334802479,0,highway_0,1,677.5211418189848,1001.5211418189848,,-1030.4588031089793
25.6,ego_0,1004.4677174797425,-8.0,29.465756607578708,1000.0,,0.07023033585511096,0.07023033585511096,0.07023033585511096,0.07023033585511096,0.06953498599514774,0,highway_0,1,680.4677174797426,1004.4677174797426,,-1030.4657566075787
25.7,ego_0,1007.4149797956319,-8.0,29.472623158892745,1000.0,,0.0693521682717767,0.0693521682717767,0.0693521682717767,0.0693521682717767,0.06866551314036684,0,highway_0,1,683.4149797956319,1007.4149797956319,,-1030.4726231588927
25.8,ego_0,1010.3629201746011,-8.0,29.479403789692896,1000.0,,0.06848437108152172,0.06848437108152172,0.06848437108152172,0.06848437108152172,0.06780630800150789,0,highway_0,1,686.3629201746012,1010.3629201746012,,-1030.479403789693
25.9,ego_0,1013.3115301262154,-8.0,29.48609951614303,1000.0,,0.06762683714637308,0.06762683714637308,0.06762683714637308,0.06762683714637308,0.06695726450136164,0,highway_0,1,689.3115301262155,1013.3115301262155,,-1030.486099516143
26.0,ego_0,1016.2608012606025,-8.0,29.492711343870408,1000.0,,0.06677946004651492,0.06677946004651492,0.06677946004651492,0.06677946004651492,0.06611827727375896,0,highway_0,1,692.2608012606025,1016.2608012606025,,-1030.4927113438705
26.1,ego_0,1019.2107252874064,-8.0,29.499240268037344,1000.0,,0.06594213408603444,0.06594213408603444,0.06594213408603444,0.06594213408603444,0.06528924166936179,0,highway_0,1,695.2107252874063,1019.2107252874063,,-1030.4992402680373
26.2,ego_0,1022.1612940147475,-8.0,29.50568727341341,1000.0,,0.06511475429829561,0.06511475429829561,0.06511475429829561,0.06511475429829561,0.06447005376067239,0,highway_0,1,698.1612940147476,1022.1612940147476,,-1030.5056872734135
26.3,ego_0,1025.1124993481924,-8.0,29.512053334448158,1000.0,,0.06429721645095843,0.06429721645095843,0.06429721645095843,0.06429721645095843,0.06366061034746906,0,highway_0,1,701.1124993481924,1025.1124993481924,,-1030.5120533344482
26.4,ego_0,1028.0643332897268,-8.0,29.51833941534426,1000.0,,0.0634894170506386,0.0634894170506386,0.0634894170506386,0.0634894170506386,0.06286080896103385,0,highway_0,1,704.0643332897268,1028.0643332897268,,-1030.5183394153444
26.5,ego_0,1031.01678793674,-8.0,29.524546470131114,1000.0,,0.0626912533472308,0.0626912533472308,0.0626912533472308,0.0626912533472308,0.0620705478685224,0,highway_0,1,707.01678793674,1031.01678793674,,-1030.524546470131
26.6,ego_0,1033.9698554810138,-8.0,29.530675442738826,1000.0,,0.06190262333789609,0.06190262333789609,0.06190262333789609,0.06190262333789609,0.061289726077120577,0,highway_0,1,709.9698554810138,1033.9698554810138,,-1030.5306754427388
26.7,ego_0,1036.9235282077211,-8.0,29.53672726707256,1000.0,,0.06112342577072216,0.06112342577072216,0.06112342577072216,0.06112342577072216,0.060518243337348565,0,highway_0,1,712.9235282077211,1036.9235282077211,,-1030.5367272670726
26.8,ego_0,1039.87779849443,-8.0,29.54270286708722,1000.0,,0.06035356014807036,0.06035356014807036,0.06035356014807036,0.06035356014807036,0.059756000146578,0,highway_0,1,715.87779849443,1039.87779849443,,-1030.5427028670872
26.9,ego_0,1042.8326588101163,-8.0,29.548603156862427,1000.0,,0.059592926729609585,0.059592926729609585,0.059592926729609585,0.059592926729609585,0.059002897752087335,0,highway_0,1,718.8326588101163,1042.8326588101163,,-1030.5486031568623
27.0,ego_0,1045.788101714184,-8.0,29.554429040677782,1000.0,,0.058841426535053865,0.058841426535053865,0.058841426535053865,0.058841426535053865,0.05825883815354871,0,highway_0,1,721.788101714184,1045.788101714184,,-1030.5544290406779
27.1,ego_0,1048.7441198554927,-8.0,29.560181413088337,1000.0,,0.05809896134660453,0.05809896134660453,0.05809896134660453,0.05809896134660453,0.0575237241055504,0,highway_0,1,724.7441198554927,1048.7441198554927,,-1030.5601814130882
27.2,ego_0,1051.7007059713928,-8.0,29.565861159000328,1000.0,,0.057365433711109914,0.057365433711109914,0.057365433711109914,0.057365433711109914,0.05679745911990608,0,highway_0,1,727.7007059713928,1051.7007059713928,,-1030.5658611590004
27.3,ego_0,1054.6578528867676,-8.0,29.571469153747056,1000.0,,0.05664074694194743,0.05664074694194743,0.05664074694194743,0.05664074694194743,0.05607994746728906,0,highway_0,1,730.6578528867676,1054.6578528867676,,-1030.571469153747
27.4,ego_0,1057.615553513084,-8.0,29.577006263164943,1000.0,,0.055924805120636134,0.055924805120636134,0.055924805120636134,0.055924805120636134,0.05537109417886654,0,highway_0,1,733.615553513084,1057.615553513084,,-1030.577006263165
27.5,ego_0,1060.573800847451,-8.0,29.58247334366971,1000.0,,0.055217513098189897,0.055217513098189897,0.055217513098189897,0.055217513098189897,0.05467080504768518,0,highway_0,1,736.5738008474509,1060.573800847451,,-1030.5824733436698
27.6,ego_0,1063.5325879716843,-8.0,29.587871242332703,1000.0,,0.05451877649621595,0.05451877649621595,0.05451877649621595,0.05451877649621595,0.053978986629914516,0,highway_0,1,739.5325879716843,1063.5325879716843,,-1030.5878712423328
27.7,ego_0,1066.49190805138,-8.0,29.593200796957234,1000.0,,0.053828501707763876,0.053828501707763876,0.053828501707763876,0.053828501707763876,0.053295546245308856,0,highway_0,1,742.49190805138,1066.49190805138,,-1030.5932007969573
27.8,ego_0,1069.4517543349955,-8.0,29.598462836155047,1000.0,,0.05314659589793991,0.05314659589793991,0.05314659589793991,0.05314659589793991,0.052620391978130954,0,highway_0,1,745.4517543349955,1069.4517543349955,,-1030.598462836155
27.9,ego_0,1072.4121201529379,-8.0,29.603658179422798,1000.0,,0.05247296700428539,0.05247296700428539,0.05247296700428539,0.05247296700428539,0.051953432677507294,0,highway_0,1,748.4121201529379,1072.4121201529379,,-1030.6036581794228
28.0,ego_0,1075.3729989166598,-8.0,29.608787637218533,1000.0,,0.05180752373693076,0.05180752373693076,0.05180752373693076,0.05180752373693076,0.051294577957357035,0,highway_0,1,751.3729989166598,1075.3729989166598,,-1030.6087876372185
28.1,ego_0,1078.3343841177636,-8.0,29.61385201103819,1000.0,,0.05115017557853174,0.05115017557853174,0.05115017557853174,0.05115017557853174,0.05064373819656964,0,highway_0,1,754.3343841177636,1078.3343841177636,,-1030.6138520110383
28.2,ego_0,1081.296269327113,-8.0,29.61885209349205,1000.0,,0.05050083278399198,0.05050083278399198,0.05050083278399198,0.05050083278399198,0.05000082453857857,0,highway_0,1,757.2962693271129,1081.296269327113,,-1030.618852093492
28.3,ego_0,1084.258648193951,-8.0,29.623788668381156,1000.0,,0.049859406379981985,0.049859406379981985,0.049859406379981985,0.049859406379981985,0.04936574889107703,0,highway_0,1,760.2586481939511,1084.258648193951,,-1030.6237886683812
28.4,ego_0,1087.2215144450286,-8.0,29.62866251077366,1000.0,,0.04922580816425459,0.04922580816425459,0.04922580816425459,0.04922580816425459,0.048738423925023255,0,highway_0,1,763.2215144450286,1087.2215144450286,,-1030.6286625107737
28.5,ego_0,1090.1848618837366,-8.0,29.633474387081062,1000.0,,0.04859995070477596,0.04859995070477596,0.04859995070477596,0.04859995070477596,0.04811876307403651,0,highway_0,1,766.1848618837366,1090.1848618837366,,-1030.6334743870812
28.6,ego_0,1093.14868438925,-8.0,29.638225055134395,1000.0,,0.047981747338662006,0.047981747338662006,0.047981747338662006,0.047981747338662006,0.04750668053333129,0,highway_0,1,769.1486843892501,1093.14868438925,,-1030.6382250551344
28.7,ego_0,1096.112975915676,-8.0,29.64291526426023,1000.0,,0.047371112170936924,0.047371112170936924,0.047371112170936924,0.047371112170936924,0.04690209125833178,0,highway_0,1,772.1129759156761,1096.112975915676,,-1030.6429152642602
28.8,ego_0,1099.0777304912117,-8.0,29.647545755356578,1000.0,,0.046767960073119896,0.046767960073119896,0.046767960073119896,0.046767960073119896,0.046304910963499424,0,highway_0,1,775.0777304912117,1099.0777304912117,,-1030.6475457553565
28.9,ego_0,1102.0429422173086,-8.0,29.65211726096862,1000.0,,0.046172206681637684,0.046172206681637684,0.046172206681637684,0.046172206681637684,0.04571505612041449,0,highway_0,1,778.0429422173086,1102.0429422173086,,-1030.6521172609687
29.0,ego_0,1105.008605267845,-8.0,29.65663050536427,1000.0,,0.04558376839608125,0.04558376839608125,0.04558376839608125,0.04558376839608125,0.04513244395649707,0,highway_0,1,781.008605267845,1105.008605267845,,-1030.6566305053643
29.1,ego_0,1107.974713888306,-8.0,29.661086204609546,1000.0,,0.045002562377296274,0.045002562377296274,0.045002562377296274,0.045002562377296274,0.044556992452768895,0,highway_0,1,783.974713888306,1107.974713888306,,-1030.6610862046095
29.2,ego_0,1110.9412623949704,-8.0,29.66548506664374,1000.0,,0.04442850654532937,0.04442850654532937,0.04442850654532937,0.04442850654532937,0.04398862034193485,0,highway_0,1,786.9412623949704,1110.9412623949704,,-1030.6654850666437
29.3,ego_0,1113.9082451741058,-8.0,29.669827791354354,1000.0,,0.043861519577222285,0.043861519577222285,0.043861519577222285,0.043861519577222285,0.04342724710614476,0,highway_0,1,789.9082451741058,1113.9082451741058,,-1030.6698277913545
29.4,ego_0,1116.875656681171,-8.0,29.674115070651848,1000.0,,0.0433015209046701,0.0433015209046701,0.0433015209046701,0.0433015209046701,0.04287279297493285,0,highway_0,1,792.875656681171,1116.875656681171,,-1030.6741150706519
29.5,ego_0,1119.8434914400254,-8.0,29.67834758854408,1000.0,,0.04274843071153511,0.04274843071153511,0.04274843071153511,0.04274843071153511,0.04232517892234,0,highway_0,1,795.8434914400254,1119.8434914400254,,-1030.678347588544
29.6,ego_0,1122.8117440421465,-8.0,29.68252602121054,1000.0,,0.04220216993123749,0.04220216993123749,0.04220216993123749,0.04220216993123749,0.041784326664568994,0,highway_0,1,798.8117440421465,1122.8117440421465,,-1030.6825260212106
29.7,ego_0,1125.7804091458543,-8.0,29.686651037076285,1000.0,,0.04166266024401666,0.04166266024401666,0.04166266024401666,0.04166266024401666,0.041250158657462066,0,highway_0,1,801.7804091458543,1125.7804091458543,,-1030.6866510370762
29.8,ego_0,1128.7494814755428,-8.0,29.690723296885597,1000.0,,0.041129824074065735,0.041129824074065735,0.041129824074065735,0.041129824074065735,0.04072259809312584,0,highway_0,1,804.7494814755428,1128.7494814755428,,-1030.6907232968856
29.9,ego_0,1131.7189558209204,-8.0,29.694743453775356,1000.0,,0.04060358458655944,0.04060358458655944,0.04060358458655944,0.04060358458655944,0.040201568897586526,0,highway_0,1,807.7189558209204,1131.7189558209204,,-1030.6947434537753
30.0,ego_0,1134.6888270362551,-8.0,29.698712153348083,1000.0,,0.040083865684559905,0.040083865684559905,0.040083865684559905,0.040083865684559905,0.039686995727272745,0,highway_0,1,810.6888270362551,1134.6888270362551,,-1030.698712153348
30.1,ego_0,1137.6590900396295,-8.0,29.7026300337447,1000.0,,0.039570592005822025,0.039570592005822025,0.039570592005822025,0.039570592005822025,0.03917880396617335,0,highway_0,1,813.6590900396295,1137.6590900396295,,-1030.7026300337448
30.2,ego_0,1140.6297398122013,-8.0,29.70649772571693,1000.0,,0.039063688919487416,0.039063688919487416,0.039063688919487416,0.039063688919487416,0.03867691972228471,0,highway_0,1,816.6297398122013,1140.6297398122013,,-1030.7064977257169
30.3,ego_0,1143.6007713974711,-8.0,29.71031585269937,1000.0,,0.038563082522688474,0.038563082522688474,0.038563082522688474,0.038563082522688474,0.03818126982441328,0,highway_0,1,819.6007713974711,1143.6007713974711,,-1030.7103158526993
30.4,ego_0,1146.5721799005591,-8.0,29.714085030881254,1000.0,,0.038068699637050285,0.038068699637050285,0.038068699637050285,0.038068699637050285,0.037691781818836034,0,highway_0,1,822.5721799005591,1146.5721799005591,,-1030.7140850308813
30.5,ego_0,1149.5439604874869,-8.0,29.7178058692778,1000.0,,0.03758046780510149,0.03758046780510149,0.03758046780510149,0.03758046780510149,0.037208383965463554,0,highway_0,1,825.5439604874869,1149.5439604874869,,-1030.7178058692778
30.6,ego_0,1152.516108384467,-8.0,29.721478969801225,1000.0,,0.0370983152866029,0.0370983152866029,0.0370983152866029,0.0370983152866029,0.03673100523425177,0,highway_0,1,828.5161083844671,1152.516108384467,,-1030.7214789698012
30.7,ego_0,1155.4886188772002,-8.0,29.7251049273314,1000.0,,0.03662217105479115,0.03662217105479115,0.03662217105479115,0.03662217105479115,0.03625957530175583,0,highway_0,1,831.4886188772002,1155.4886188772002,,-1030.7251049273314
30.8,ego_0,1158.4614873101789,-8.0,29.728684329786105,1000.0,,0.036151964792539015,0.036151964792539015,0.036151964792539015,0.036151964792539015,0.0357940245470445,0,highway_0,1,834.4614873101789,1158.4614873101789,,-1030.7286843297861
30.9,ego_0,1161.434709085998,-8.0,29.732217758190902,1000.0,,0.03568762688844529,0.03568762688844529,0.03568762688844529,0.03568762688844529,0.03533428404796979,0,highway_0,1,837.4347090859981,1161.434709085998,,-1030.732217758191
31.0,ego_0,1164.4082796646728,-8.0,29.73570578674861,1000.0,,0.03522908843284844,0.03522908843284844,0.03522908843284844,0.03522908843284844,0.03488028557708134,0,highway_0,1,840.4082796646728,1164.4082796646728,,-1030.7357057867487
31.1,ego_0,1167.3821945629636,-8.0,29.73914898290839,1000.0,,0.03477628121377596,0.03477628121377596,0.03477628121377596,0.03477628121377596,0.034431961597789495,0,highway_0,1,843.3821945629636,1167.3821945629636,,-1030.7391489829083
31.2,ego_0,1170.3564493537071,-8.0,29.74254790743441,1000.0,,0.03432913771282442,0.03432913771282442,0.03432913771282442,0.03432913771282442,0.033989245260208634,0,highway_0,1,846.3564493537071,1170.3564493537071,,-1030.7425479074343
31.3,ego_0,1173.3310396651545,-8.0,29.74590311447411,1000.0,,0.03388759110097839,0.03388759110097839,0.03388759110097839,0.03388759110097839,0.03355207039700048,0,highway_0,1,849.3310396651545,1173.3310396651545,,-1030.745903114474
31.4,ego_0,1176.3059611803171,-8.0,29.74921515162603,1000.0,,0.0334515752343737,0.0334515752343737,0.0334515752343737,0.0334515752343737,0.0331203715191819,0,highway_0,1,852.3059611803171,1176.3059611803171,,-1030.749215151626
31.5,ego_0,1179.281209636318,-8.0,29.752484560007215,1000.0,,0.03302102465000023,0.03302102465000023,0.03302102465000023,0.03302102465000023,0.032694083811861674,0,highway_0,1,855.281209636318,1179.281209636318,,-1030.7524845600071
31.6,ego_0,1182.25678082375,-8.0,29.75571187432022,1000.0,,0.03259587456135904,0.03259587456135904,0.03259587456135904,0.03259587456135904,0.032273143130048254,0,highway_0,1,858.25678082375,1182.25678082375,,-1030.7557118743202
31.7,ego_0,1185.2326705860419,-8.0,29.758897622919633,1000.0,,0.03217606085406233,0.03217606085406233,0.03217606085406233,0.03217606085406233,0.031857485994137846,0,highway_0,1,861.2326705860419,1185.2326705860419,,-1030.7588976229197
31.8,ego_0,1188.2088748188296,-8.0,29.762042327878184,1000.0,,0.031761520081391326,0.031761520081391326,0.031761520081391326,0.031761520081391326,0.031447049585509035,0,highway_0,1,864.2088748188296,1188.2088748188296,,-1030.7620423278781
31.9,ego_0,1191.185389469335,-8.0,29.765146505052424,1000.0,,0.031352189459812996,0.031352189459812996,0.031352189459812996,0.031352189459812996,0.031041771742401636,0,highway_0,1,867.185389469335,1191.185389469335,,-1030.7651465050524
32.0,ego_0,1194.1622105357496,-8.0,29.768210664147915,1000.0,,0.030948006864448208,0.030948006864448208,0.030948006864448208,0.030948006864448208,0.03064159095490737,0,highway_0,1,870.1622105357496,1194.1622105357496,,-1030.768210664148
32.1,ego_0,1197.139334066628,-8.0,29.771235308784004,1000.0,,0.0305489108245095,0.0305489108245095,0.0305489108245095,0.0305489108245095,0.03024644636088425,0,highway_0,1,873.139334066628,1197.139334066628,,-1030.771235308784
32.2,ego_0,1200.1167561602838,-8.0,29.77422093655813,1000.0,,0.03015484051869821,0.03015484051869821,0.03015484051869821,0.03015484051869821,0.02985627774126698,0,highway_0,1,876.1167561602838,1200.1167561602838,,-1030.774220936558
32.3,ego_0,1203.0944729641947,-8.0,29.77716803910967,1000.0,,0.029765735770569957,0.029765735770569957,0.029765735770569957,0.029765735770569957,0.02947102551541292,0,highway_0,1,879.0944729641947,1203.0944729641947,,-1030.7771680391097
32.4,ego_0,1206.072480674413,-8.0,29.780077102183323,1000.0,,0.029381537043870254,0.029381537043870254,0.029381537043870254,0.029381537043870254,0.029090630736519074,0,highway_0,1,882.0724806744131,1206.072480674413,,-1030.7800771021832
32.5,ego_0,1209.0507755349822,-8.0,29.78294860569202,1000.0,,0.02900218543784161,0.02900218543784161,0.02900218543784161,0.02900218543784161,0.028715035086968044,0,highway_0,1,885.0507755349822,1209.0507755349822,,-1030.7829486056921
32.6,ego_0,1212.02935383736,-8.0,29.7857830237794,1000.0,,0.028627622682503073,0.028627622682503073,0.028627622682503073,0.028627622682503073,0.028344180873780545,0,highway_0,1,888.0293538373601,1212.02935383736,,-1030.7857830237795
32.7,ego_0,1215.0082119198482,-8.0,29.788580824881766,1000.0,,0.028257791133908916,0.028257791133908916,0.028257791133908916,0.028257791133908916,0.02797801102367714,0,highway_0,1,891.0082119198482,1215.0082119198482,,-1030.7885808248818
32.8,ego_0,1217.9873461670272,-8.0,29.791342471789626,1000.0,,0.027892633769383224,0.027892633769383224,0.027892633769383224,0.027892633769383224,0.027616469078601824,0,highway_0,1,893.9873461670272,1217.9873461670272,,-1030.7913424717897
32.9,ego_0,1220.966753009198,-8.0,29.794068421708708,1000.0,,0.027532094182736166,0.027532094182736166,0.027532094182736166,0.027532094182736166,0.02725949919081927,0,highway_0,1,896.9667530091981,1220.966753009198,,-1030.7940684217087
33.0,ego_0,1223.9464289218301,-8.0,29.796759126320538,1000.0,,0.027176116579463505,0.027176116579463505,0.027176116579463505,0.027176116579463505,0.026907046118296307,0,highway_0,1,899.9464289218301,1223.9464289218301,,-1030.7967591263205
33.1,ego_0,1226.9263704250145,-8.0,29.799415031842514,1000.0,,0.026824645771929667,0.026824645771929667,0.026824645771929667,0.026824645771929667,0.02655905521976365,0,highway_0,1,902.9263704250145,1226.9263704250145,,-1030.7994150318425
33.2,ego_0,1229.9065740829233,-8.0,29.80203657908752,1000.0,,0.026477627174538387,0.026477627174538387,0.026477627174538387,0.026477627174538387,0.02621547245006184,0,highway_0,1,905.9065740829233,1229.9065740829233,,-1030.8020365790876
33.3,ego_0,1232.8870365032756,-8.0,29.804624203523055,1000.0,,0.026135006798893357,0.026135006798893357,0.026135006798893357,0.026135006798893357,0.02587624435534508,0,highway_0,1,908.8870365032756,1232.8870365032756,,-1030.804624203523
33.4,ego_0,1235.8677543368085,-8.0,29.807178335329883,1000.0,,0.025796731248944327,0.025796731248944327,0.025796731248944327,0.025796731248944327,0.02554131806828508,0,highway_0,1,911.8677543368085,1235.8677543368085,,-1030.8071783353298
33.5,ego_0,1238.8487242767544,-8.0,29.809699399460193,1000.0,,0.02546274771612944,0.02546274771612944,0.02546274771612944,0.02546274771612944,0.025210641303097248,0,highway_0,1,914.8487242767544,1238.8487242767544,,-1030.8096993994602
33.6,ego_0,1241.829943058324,-8.0,29.812187815695292,1000.0,,0.02513300397451268,0.02513300397451268,0.02513300397451268,0.02513300397451268,0.024884162350993222,0,highway_0,1,917.829943058324,1241.829943058324,,-1030.8121878156953
33.7,ego_0,1244.8114074581943,-8.0,29.81464399870281,1000.0,,0.024807448375911423,0.024807448375911423,0.024807448375911423,0.024807448375911423,0.024561830075171542,0,highway_0,1,920.8114074581943,1244.8114074581943,,-1030.8146439987029
33.8,ego_0,1247.7931142940035,-8.0,29.817068358093405,1000.0,,0.02448602984502546,0.02448602984502546,0.02448602984502546,0.02448602984502546,0.024243593905950434,0,highway_0,1,923.7931142940035,1247.7931142940035,,-1030.8170683580934
33.9,ego_0,1250.7750604238513,-8.0,29.819461298477027,1000.0,,0.024168697874563327,0.024168697874563327,0.024168697874563327,0.024168697874563327,0.02392940383622033,0,highway_0,1,926.7750604238513,1250.7750604238513,,-1030.819461298477
34.0,ego_0,1253.757242745803,-8.0,29.821823219518645,1000.0,,0.023855402520369107,0.023855402520369107,0.023855402520369107,0.023855402520369107,0.023619210416185865,0,highway_0,1,929.7572427458031,1253.757242745803,,-1030.8218232195186
34.1,ego_0,1256.7396581974024,-8.0,29.824154515993552,1000.0,,0.0235460943965502,0.0235460943965502,0.0235460943965502,0.0235460943965502,0.023312964749067078,0,highway_0,1,932.7396581974024,1256.7396581974024,,-1030.8241545159935
34.2,ego_0,1259.7223037551867,-8.0,29.82645557784213,1000.0,,0.02324072467060756,0.02324072467060756,0.02324072467060756,0.02324072467060756,0.02301061848577035,0,highway_0,1,935.7223037551867,1259.7223037551867,,-1030.8264555778421
34.3,ego_0,1262.705176434209,-8.0,29.828726790224167,1000.0,,0.022939245058572144,0.022939245058572144,0.022939245058572144,0.022939245058572144,0.022712123820376462,0,highway_0,1,938.7051764342091,1262.705176434209,,-1030.8287267902242
34.4,ego_0,1265.6882732875663,-8.0,29.830968533572698,1000.0,,0.022641607820146126,0.022641607820146126,0.022641607820146126,0.022641607820146126,0.02241743348530889,0,highway_0,1,941.6882732875663,1265.6882732875663,,-1030.8309685335728
34.5,ego_0,1268.671591405931,-8.0,29.833181183647337,1000.0,,0.022347765753848337,0.022347765753848337,0.022347765753848337,0.022347765753848337,0.02212650074639555,0,highway_0,1,944.6715914059309,1268.671591405931,,-1030.8331811836474
34.6,ego_0,1271.6551279170897,-8.0,29.835365111587155,1000.0,,0.022057672192173805,0.022057672192173805,0.022057672192173805,0.022057672192173805,0.0218392793981792,0,highway_0,1,947.6551279170897,1271.6551279170897,,-1030.8353651115872
34.7,ego_0,1274.638879985486,-8.0,29.83752068396307,1000.0,,0.021771280996756293,0.021771280996756293,0.021771280996756293,0.021771280996756293,0.02155572375915682,0,highway_0,1,950.638879985486,1274.638879985486,,-1030.837520683963
34.8,ego_0,1277.622844811769,-8.0,29.839648262829755,1000.0,,0.02148854655354493,0.02148854655354493,0.02148854655354493,0.02148854655354493,0.021275788666841322,0,highway_0,1,953.622844811769,1277.622844811769,,-1030.8396482628298
34.9,ego_0,1280.6070196323467,-8.01,29.84174820577708,1000.0,,0.021209423767991176,0.021209423767991176,0.021209423767991176,0.021209423767991176,0.02099942947324962,0,highway_0,1,956.6070196323467,1280.6070196323467,,-1030.841748205777
35.0,ego_0,1283.5914017189448,-8.03,29.843820865981066,1000.0,,0.02093386806024833,0.02093386806024833,0.02093386806024833,0.02093386806024833,0.020726602039857767,0,highway_0,1,959.5914017189448,1283.5914017189448,,-1030.8438208659811
35.1,ego_0,1286.5759883781702,-8.06,29.84586659225437,1000.0,,0.02066183536038535,0.02066183536038535,0.02066183536038535,0.02066183536038535,0.020457262733053483,0,highway_0,1,962.5759883781702,1286.5759883781702,,-1030.8458665922544
35.2,ego_0,1289.5607769510798,-8.08,29.847885729096312,1000.0,,0.020393282103615462,0.020393282103615462,0.020393282103615462,0.020393282103615462,0.02019136841941105,0,highway_0,1,965.5607769510798,1289.5607769510798,,-1030.8478857290963
35.3,ego_0,1292.545764812754,-8.09,29.849878616742405,1000.0,,0.020128165225536954,0.020128165225536954,0.020128165225536954,0.020128165225536954,0.019928876460930667,0,highway_0,1,968.545764812754,1292.545764812754,,-1030.8498786167424
35.4,ego_0,1295.5309493718753,-8.09,29.851845591213436,1000.0,,0.019866442157394526,0.019866442157394526,0.019866442157394526,0.019866442157394526,0.019669744710313353,0,highway_0,1,971.5309493718753,1295.5309493718753,,-1030.8518455912135
35.5,ego_0,1298.5163280703116,-8.098500000000001,29.853786984364064,1000.0,,0.019608070821356294,0.019608070821356294,0.019608070821356294,0.019608070821356294,0.019413931506271354,0,highway_0,1,974.5163280703116,1298.5163280703116,,-1030.853786984364
35.6,ego_0,1301.5018983827047,-8.098500000000001,29.855703123930976,1000.0,,0.019353009625809325,0.019353009625809325,0.019353009625809325,0.019353009625809325,0.019161395669122783,0,highway_0,1,977.5018983827047,1301.5018983827047,,-1030.8557031239309
35.7,ego_0,1304.4876578160627,-8.098500000000001,29.857594333580547,1000.0,,0.01910121746066984,0.01910121746066984,0.01910121746066984,0.01910121746066984,0.01891209649571124,0,highway_0,1,980.4876578160627,1304.4876578160627,,-1030.8575943335804
35.8,ego_0,1307.4736039093582,-8.098500000000001,29.85946093295606,1000.0,,0.018852653692721266,0.018852653692721266,0.018852653692721266,0.018852653692721266,0.01866599375514255,0,highway_0,1,983.4736039093582,1307.4736039093582,,-1030.8594609329562
35.9,ego_0,1310.4597342331306,-8.098500000000001,29.861303237724474,1000.0,,0.01860727816096519,0.01860727816096519,0.01860727816096519,0.01860727816096519,0.018423047684130722,0,highway_0,1,986.4597342331306,1310.4597342331306,,-1030.8613032377245
36.0,ego_0,1313.4460463890928,-8.098500000000001,29.86312155962269,1000.0,,0.018365051171996827,0.018365051171996827,0.018365051171996827,0.018365051171996827,0.018183218982166238,0,highway_0,1,989.4460463890928,1313.4460463890928,,-1030.8631215596226
36.1,ego_0,1316.4325380097432,-8.098500000000001,29.864916206503423,1000.0,,0.018125933495402147,0.018125933495402147,0.018125933495402147,0.018125933495402147,0.017946468807323868,0,highway_0,1,992.4325380097432,1316.4325380097432,,-1030.8649162065035
36.2,ego_0,1319.4192067579813,-8.098500000000001,29.866687482380566,1000.0,,0.017889886359174545,0.017889886359174545,0.017889886359174545,0.017889886359174545,0.01771275877143097,0,highway_0,1,995.4192067579813,1319.4192067579813,,-1030.8666874823805
36.3,ego_0,1322.4060503267287,-8.098500000000001,29.868435687474147,1000.0,,0.01765687144516026,0.01765687144516026,0.01765687144516026,0.01765687144516026,0.01748205093580424,0,highway_0,1,998.4060503267287,1322.4060503267287,,-1030.8684356874742
36.4,ego_0,1325.3930664385541,-8.098500000000001,29.870161118254792,1000.0,,0.01742685088451923,0.01742685088451923,0.01742685088451923,0.01742685088451923,0.01725430780645354,0,highway_0,1,1001.3930664385541,1325.3930664385541,,-1030.8701611182548
36.5,ego_0,1328.380252845303,-8.098500000000001,29.871864067487785,1000.0,,0.017199787253218912,0.017199787253218912,0.017199787253218912,0.017199787253218912,0.017029492329925233,0,highway_0,1,1004.380252845303,1328.380252845303,,-1030.8718640674879
36.6,ego_0,1331.3676073277306,-8.098500000000001,29.87354482427665,1000.0,,0.01697564356754555,0.01697564356754555,0.01697564356754555,0.01697564356754555,0.016807567888648123,0,highway_0,1,1007.3676073277306,1331.3676073277306,,-1030.8735448242767
36.7,ego_0,1334.3551276951412,-8.098500000000001,29.875203674106316,1000.0,,0.01675438327964418,0.01675438327964418,0.01675438327964418,0.01675438327964418,0.016588498296670195,0,highway_0,1,1010.3551276951412,1334.3551276951412,,-1030.8752036741064
36.8,ego_0,1337.3428117850297,-8.098500000000001,29.876840898885828,1000.0,,0.016535970273083733,0.016535970273083733,0.016535970273083733,0.016535970273083733,0.01637224779511115,0,highway_0,1,1013.3428117850297,1337.3428117850297,,-1030.8768408988858
36.9,ego_0,1340.3306574627288,-8.098500000000001,29.878456776990625,1000.0,,0.016320368858447343,0.016320368858447343,0.016320368858447343,0.016320368858447343,0.016158781047970194,0,highway_0,1,1016.3306574627288,1340.3306574627288,,-1030.8784567769906
37.0,ego_0,1343.3186626210593,-8.098500000000001,29.880051583304382,1000.0,,0.01610754376894863,0.01610754376894863,0.01610754376894863,0.01610754376894863,0.015948063137578572,0,highway_0,1,1019.3186626210593,1343.3186626210593,,-1030.8800515833043
37.1,ego_0,1346.3068251799853,-8.098500000000001,29.88162558926043,1000.0,,0.01589746015607929,0.01589746015607929,0.01589746015607929,0.01589746015607929,0.015740059560478414,0,highway_0,1,1022.3068251799853,1346.3068251799853,,-1030.8816255892605
37.2,ego_0,1349.2951430862736,-8.098500000000001,29.883179062882732,1000.0,,0.01569008358527646,0.01569008358527646,0.01569008358527646,0.01569008358527646,0.015534736223017376,0,highway_0,1,1025.2951430862736,1349.2951430862736,,-1030.8831790628828
37.3,ego_0,1352.2836143131562,-8.098500000000001,29.88471226882646,1000.0,,0.01548538003162625,0.01548538003162625,0.01548538003162625,0.01548538003162625,0.015332059437263013,0,highway_0,1,1028.2836143131562,1352.2836143131562,,-1030.8847122688264
37.4,ego_0,1355.272236859998,-8.098500000000001,29.8862254684181,1000.0,,0.015283315875585068,0.015283315875585068,0.015283315875585068,0.015283315875585068,0.015131995916419783,0,highway_0,1,1031.272236859998,1355.272236859998,,-1030.8862254684182
37.5,ego_0,1358.2610087519674,-8.098500000000001,29.887718919695207,1000.0,,0.015083857898741448,0.015083857898741448,0.015083857898741448,0.015083857898741448,0.014934512771063169,0,highway_0,1,1034.2610087519674,1358.2610087519674,,-1030.8877189196953
37.6,ego_0,1361.249928039712,-8.098500000000001,29.889192877445662,1000.0,,0.014886973279595206,0.014886973279595206,0.014886973279595206,0.014886973279595206,0.014739577504556678,0,highway_0,1,1037.249928039712,1361.249928039712,,-1030.8891928774456
37.7,ego_0,1364.2389927990366,-8.098500000000001,29.89064759324659,1000.0,,0.014692629589373452,0.014692629589373452,0.014692629589373452,0.014692629589373452,0.014547158009285965,0,highway_0,1,1040.2389927990366,1364.2389927990366,,-1030.8906475932465
37.8,ego_0,1367.228201130587,-8.098500000000001,29.892083315502816,1000.0,,0.014500794787870808,0.014500794787870808,0.014500794787870808,0.014500794787870808,0.014357222562253469,0,highway_0,1,1043.228201130587,1367.228201130587,,-1030.8920833155028
37.9,ego_0,1370.2175511595356,-8.098500000000001,29.893500289484926,1000.0,,0.014311437219320489,0.014311437219320489,0.014311437219320489,0.014311437219320489,0.01416973982109937,0,highway_0,1,1046.2175511595356,1370.2175511595356,,-1030.893500289485
38.0,ego_0,1373.2070410352721,-8.098500000000001,29.894898757366935,1000.0,,0.014124525608297134,0.014124525608297134,0.014124525608297134,0.014124525608297134,0.013984678820087026,0,highway_0,1,1049.2070410352721,1373.2070410352721,,-1030.894898757367
38.1,ego_0,1376.1966689310984,-8.098500000000001,29.896278958263533,1000.0,,0.013940029055647285,0.013940029055647285,0.013940029055647285,0.013940029055647285,0.013802008965981827,0,highway_0,1,1052.1966689310984,1376.1966689310984,,-1030.8962789582636
38.2,ego_0,1379.186433043925,-8.098500000000001,29.897641128266944,1000.0,,0.013757917034448064,0.013757917034448064,0.013757917034448064,0.013757917034448064,0.013621700034107675,0,highway_0,1,1055.186433043925,1379.186433043925,,-1030.897641128267
38.3,ego_0,1382.1763315939734,-8.098500000000001,29.89898550048338,1000.0,,0.013578159386001598,0.013578159386001598,0.013578159386001598,0.013578159386001598,0.013443722164367955,0,highway_0,1,1058.1763315939734,1382.1763315939734,,-1030.8989855004834
38.4,ego_0,1385.1663628244803,-8.098500000000001,29.900312305069107,1000.0,,0.013400726315854095,0.013400726315854095,0.013400726315854095,0.013400726315854095,0.013268045857266486,0,highway_0,1,1061.1663628244803,1385.1663628244803,,-1030.900312305069
38.5,ego_0,1388.1565250014069,-8.098500000000001,29.90162176926612,1000.0,,0.013225588389849108,0.013225588389849108,0.013225588389849108,0.013225588389849108,0.013094641970141652,0,highway_0,1,1064.1565250014069,1388.1565250014069,,-1030.901621769266
38.6,ego_0,1391.1468164131506,-8.098500000000001,29.90291411743743,1000.0,,0.013052716530208563,0.013052716530208563,0.013052716530208563,0.013052716530208563,0.012923481713080776,0,highway_0,1,1067.1468164131506,1391.1468164131506,,-1030.9029141174374
38.7,ego_0,1394.137235370261,-8.098500000000001,29.90418957110195,1000.0,,0.012882082011648088,0.012882082011648088,0.012882082011648088,0.012882082011648088,0.012754536645189773,0,highway_0,1,1070.137235370261,1394.137235370261,,-1030.904189571102
38.8,ego_0,1397.1277802051577,-8.098500000000001,29.90544834896903,1000.0,,0.012713656457519762,0.012713656457519762,0.012713656457519762,0.012713656457519762,0.012587778670827277,0,highway_0,1,1073.1277802051577,1397.1277802051577,,-1030.905448348969
38.9,ego_0,1400.118449271855,-8.098500000000001,29.906690666972594,1000.0,,0.012547411835988176,0.012547411835988176,0.012547411835988176,0.012547411835988176,0.012423180035625592,0,highway_0,1,1076.118449271855,1400.118449271855,,-1030.9066906669725
39.0,ego_0,1403.1092409456855,-8.098500000000001,29.907916738304895,1000.0,,0.012383320456236024,0.012383320456236024,0.012383320456236024,0.012383320456236024,0.012260713323009043,0,highway_0,1,1079.1092409456855,1403.1092409456855,,-1030.907916738305
39.1,ego_0,1406.1001536230306,-8.098500000000001,29.909126773449913,1000.0,,0.012221354964701114,0.012221354964701114,0.012221354964701114,0.012221354964701114,0.012100351450179403,0,highway_0,1,1082.1001536230306,1406.1001536230306,,-1030.90912677345
39.2,ego_0,1409.0911857210522,-8.098500000000001,29.910320980216383,1000.0,,0.012061488341346571,0.012061488341346571,0.012061488341346571,0.012061488341346571,0.011942067664705291,0,highway_0,1,1085.0911857210522,1409.0911857210522,,-1030.9103209802163
39.3,ego_0,1412.0823356774292,-8.098500000000001,29.91149956377044,1000.0,,0.011903693895956802,0.011903693895956802,0.011903693895956802,0.011903693895956802,0.01178583554057866,0,highway_0,1,1088.0823356774292,1412.0823356774292,,-1030.9114995637703
39.4,ego_0,1415.073601950096,-8.098500000000001,29.912662726667914,1000.0,,0.011747945264472648,0.011747945264472648,0.011747945264472648,0.011747945264472648,0.011631628974733133,0,highway_0,1,1091.073601950096,1415.073601950096,,-1030.9126627266678
39.5,ego_0,1418.0649830169846,-8.098500000000001,29.913810668886263,1000.0,,0.011594216405351299,0.011594216405351299,0.011594216405351299,0.011594216405351299,0.011479422183491295,0,highway_0,1,1094.0649830169846,1418.0649830169846,,-1030.9138106688863
39.6,ego_0,1421.05647737577,-8.098500000000001,29.914943587856158,1000.0,,0.01144248159595962,0.01144248159595962,0.01144248159595962,0.01144248159595962,0.011329189698940922,0,highway_0,1,1097.05647737577,1421.05647737577,,-1030.9149435878562
39.7,ego_0,1424.0480835436194,-8.098500000000001,29.916061678492692,1000.0,,0.011292715428998124,0.011292715428998124,0.011292715428998124,0.011292715428998124,0.011180906365346743,0,highway_0,1,1100.0480835436194,1424.0480835436194,,-1030.9160616784927
39.8,ego_0,1427.039800056942,-8.098500000000001,29.917165133226252,1000.0,,0.011144892808957585,0.011144892808957585,0.011144892808957585,0.011144892808957585,0.011034547335597722,0,highway_0,1,1103.039800056942,1427.039800056942,,-1030.9171651332263
39.9,ego_0,1430.0316254711454,-8.098500000000001,29.918254142033046,1000.0,,0.010998988948607069,0.010998988948607069,0.010998988948607069,0.010998988948607069,0.010890088067938564,0,highway_0,1,1106.0316254711454,1430.0316254711454,,-1030.918254142033
40.0,ego_0,1433.023558360392,-8.098500000000001,29.919328892465273,1000.0,,0.010854979365510165,0.010854979365510165,0.010854979365510165,0.010854979365510165,0.010747504322274892,0,highway_0,1,1109.023558360392,1433.023558360392,,-1030.9193288924653
40.1,ego_0,1436.01559731736,-8.098500000000001,29.920389569680975,1000.0,,0.010712839878576408,0.010712839878576408,0.010712839878576408,0.010712839878576408,0.010606772157011335,0,highway_0,1,1112.01559731736,1436.01559731736,,-1030.920389569681
40.2,ego_0,1439.0077409530074,-8.098500000000001,29.92143635647351,1000.0,,0.010572546604639466,0.010572546604639466,0.010572546604639466,0.010572546604639466,0.0104678679253567,0,highway_0,1,1115.0077409530074,1439.0077409530074,,-1030.9214363564736
40.3,ego_0,1441.9999878963374,-8.098500000000001,29.922469433300744,1000.0,,0.010434075955070177,0.010434075955070177,0.010434075955070177,0.010434075955070177,0.010330768272339697,0,highway_0,1,1117.9999878963374,1441.9999878963374,,-1030.9224694333006
40.4,ego_0,1444.9923367941688,-8.098500000000001,29.923488978313856,1000.0,,0.010297404632418572,0.010297404632418572,0.010297404632418572,0.010297404632418572,0.010195450131114114,0,highway_0,1,1120.9923367941688,1444.9923367941688,,-1030.9234889783138
40.5,ego_0,1447.9847863109073,-8.098500000000001,29.924495167385846,1000.0,,0.010162509627087646,0.010162509627087646,0.010162509627087646,0.010162509627087646,0.010061890719903488,0,highway_0,1,1123.9847863109073,1447.9847863109073,,-1030.9244951673859
40.6,ego_0,1450.9773351283213,-8.098500000000001,29.925488174139712,1000.0,,0.010029368214037437,0.010029368214037437,0.010029368214037437,0.010029368214037437,0.009930067538661547,0,highway_0,1,1126.9773351283213,1450.9773351283213,,-1030.9254881741397
40.7,ego_0,1453.969981945319,-8.098500000000001,29.926468169976296,1000.0,,0.009897957949520864,0.009897957949520864,0.009897957949520864,0.009897957949520864,0.009799958365839245,0,highway_0,1,1129.969981945319,1453.969981945319,,-1030.9264681699763
40.8,ego_0,1456.9627254777292,-8.098500000000001,29.927435324101825,1000.0,,0.009768256667847641,0.009768256667847641,0.009768256667847641,0.009768256667847641,0.009671541255293903,0,highway_0,1,1132.9627254777292,1456.9627254777292,,-1030.927435324102
40.9,ego_0,1459.9555644580848,-8.098500000000001,29.92838980355511,1000.0,,0.009640242478181404,0.009640242478181404,0.009640242478181404,0.009640242478181404,0.00954479453284307,0,highway_0,1,1135.9555644580848,1459.9555644580848,,-1030.928389803555
41.0,ego_0,1462.9484976354083,-8.098500000000001,29.929331773234452,1000.0,,0.009513893761367576,0.009513893761367576,0.009513893761367576,0.009513893761367576,0.00941969679342236,0,highway_0,1,1138.9484976354083,1462.9484976354083,,-1030.9293317732345
41.1,ego_0,1465.9415237750009,-8.098500000000001,29.93026139592423,1000.0,,0.009389189166788547,0.009389189166788547,0.009389189166788547,0.009389189166788547,0.009296226897781423,0,highway_0,1,1141.9415237750009,1465.9415237750009,,-1030.9302613959242
41.2,ego_0,1468.934641658233,-8.098500000000001,29.931178832321184,1000.0,,0.009266107609253726,0.009266107609253726,0.009266107609253726,0.009266107609253726,0.009174363969535193,0,highway_0,1,1144.934641658233,1468.934641658233,,-1030.9311788323212
41.3,ego_0,1471.927850082339,-8.098500000000001,29.932084241060384,1000.0,,0.009144628265913446,0.009144628265913446,0.009144628265913446,0.009144628265913446,0.009054087392001975,0,highway_0,1,1147.927850082339,1471.927850082339,,-1030.9320842410605
41.4,ego_0,1474.921147860213,-8.098500000000001,29.9329777787409,1000.0,,0.009024730573208406,0.009024730573208406,0.009024730573208406,0.009024730573208406,0.00893537680514811,0,highway_0,1,1150.921147860213,1474.921147860213,,-1030.932977778741
41.5,ego_0,1477.9145338202081,-8.098500000000001,29.93385959995118,1000.0,,0.008906394223849423,0.008906394223849423,0.008906394223849423,0.008906394223849423,0.008818212102816858,0,highway_0,1,1153.9145338202081,1477.9145338202081,,-1030.9338595999511
41.6,ego_0,1480.9080068059375,-8.098500000000001,29.934729857294133,1000.0,,0.008789599163819384,0.008789599163819384,0.008789599163819384,0.008789599163819384,0.008702573429530958,0,highway_0,1,1156.9080068059375,1480.9080068059375,,-1030.934729857294
41.7,ego_0,1483.9015656760787,-8.098500000000001,29.9355887014119,1000.0,,0.008674325589414611,0.008674325589414611,0.008674325589414611,0.008674325589414611,0.008588441177650452,0,highway_0,1,1159.9015656760787,1483.9015656760787,,-1030.935588701412
41.8,ego_0,1486.8952093041796,-8.098500000000001,29.936436281010344,1000.0,,0.008560553944307658,0.008560553944307658,0.008560553944307658,0.008560553944307658,0.008475795984459467,0,highway_0,1,1162.8952093041796,1486.8952093041796,,-1030.9364362810104
41.9,ego_0,1489.888936578468,-8.098500000000001,29.93727274288328,1000.0,,0.008448264916646298,0.008448264916646298,0.008448264916646298,0.008448264916646298,0.008364618729359563,0,highway_0,1,1165.888936578468,1489.888936578468,,-1030.9372727428834
42.0,ego_0,1492.8827464016617,-8.098500000000001,29.938098231936365,1000.0,,0.008337439436174487,0.008337439436174487,0.008337439436174487,0.008337439436174487,0.008254890530849934,0,highway_0,1,1168.8827464016617,1492.8827464016617,,-1030.9380982319365
42.1,ego_0,1495.876637690783,-8.098500000000001,29.93891289121076,1000.0,,0.00822805867138865,0.00822805867138865,0.00822805867138865,0.00822805867138865,0.008146592743933923,0,highway_0,1,1171.876637690783,1495.876637690783,,-1030.9389128912107
42.2,ego_0,1498.8706093769736,-8.098500000000001,29.939716861906472,1000.0,,0.008120104026718478,0.008120104026718478,0.008120104026718478,0.008120104026718478,0.00803970695713474,0,highway_0,1,1174.8706093769736,1498.8706093769736,,-1030.9397168619064
42.3,ego_0,1501.864660405314,-8.098500000000001,29.94051028340546,1000.0,,0.008013557139738947,0.008013557139738947,0.008013557139738947,0.008013557139738947,0.007934214989866462,0,highway_0,1,1177.864660405314,1501.864660405314,,-1030.9405102834055
42.4,ego_0,1504.8587897346436,-8.098500000000001,29.941293293294407,1000.0,,0.007908399878409966,0.007908399878409966,0.007908399878409966,0.007908399878409966,0.00783009888948527,0,highway_0,1,1180.8587897346436,1504.8587897346436,,-1030.9412932932944
42.5,ego_0,1507.8529963373824,-8.098500000000001,29.942066027387312,1000.0,,0.007804614338346227,0.007804614338346227,0.007804614338346227,0.007804614338346227,0.007727340929051252,0,highway_0,1,1183.8529963373824,1507.8529963373824,,-1030.9420660273872
42.6,ego_0,1510.8472791993572,-8.098500000000001,29.94282861974772,1000.0,,0.007702182840108263,0.007702182840108263,0.007702182840108263,0.007702182840108263,0.007625923604059892,0,highway_0,1,1186.8472791993572,1510.8472791993572,,-1030.9428286197476
42.7,ego_0,1513.8416373196283,-8.098500000000001,29.943581202710742,1000.0,,0.00760108792653269,0.00760108792653269,0.00760108792653269,0.00760108792653269,0.0075258296302394,0,highway_0,1,1189.8416373196283,1513.8416373196283,,-1030.9435812027107
42.8,ego_0,1516.8360697103187,-8.098500000000001,29.94432390690481,1000.0,,0.007501312360080448,0.007501312360080448,0.007501312360080448,0.007501312360080448,0.007427041940673007,0,highway_0,1,1192.8360697103187,1516.8360697103187,,-1030.9443239069049
42.9,ego_0,1519.830575396446,-8.098500000000001,29.945056861273148,1000.0,,0.0074028391202172195,0.0074028391202172195,0.0074028391202172195,0.0074028391202172195,0.007329543683383122,0,highway_0,1,1195.830575396446,1519.830575396446,,-1030.945056861273
43.0,ego_0,1522.8251534157555,-8.098500000000001,29.94578019309501,1000.0,,0.007305651400822288,0.007305651400822288,0.007305651400822288,0.007305651400822288,0.007233318218631268,0,highway_0,1,1198.8251534157555,1522.8251534157555,,-1030.945780193095
43.1,ego_0,1525.8198028185561,-8.098500000000001,29.946494028006658,1000.0,,0.007209732607621033,0.007209732607621033,0.007209732607621033,0.007209732607621033,0.0071383491164667134,0,highway_0,1,1201.8198028185561,1525.8198028185561,,-1030.9464940280066
43.2,ego_0,1528.8145226675583,-8.098500000000001,29.947198490022068,1000.0,,0.0071150663556464044,0.0071150663556464044,0.0071150663556464044,0.0071150663556464044,0.0070446201540974585,0,highway_0,1,1204.8145226675583,1528.8145226675583,,-1030.9471984900222
43.3,ego_0,1531.8093120377137,-8.098500000000001,29.947893701553426,1000.0,,0.007021636466730041,0.007021636466730041,0.007021636466730041,0.007021636466730041,0.0069521153135809755,0,highway_0,1,1207.8093120377137,1531.8093120377137,,-1030.9478937015533
43.4,ego_0,1534.8041700160568,-8.098500000000001,29.94857978343135,1000.0,,0.00692942696701393,0.00692942696701393,0.00692942696701393,0.00692942696701393,0.006860818779230726,0,highway_0,1,1210.8041700160568,1534.8041700160568,,-1030.9485797834313
43.5,ego_0,1537.7990957015493,-8.098500000000001,29.94925685492486,1000.0,,0.0068384220844937005,0.0068384220844937005,0.0068384220844937005,0.0068384220844937005,0.006770714935129263,0,highway_0,1,1213.7990957015493,1537.7990957015493,,-1030.949256854925
43.6,ego_0,1540.7940882049254,-8.098500000000001,29.949925033761158,1000.0,,0.006748606246587796,0.006748606246587796,0.006748606246587796,0.006748606246587796,0.006681788362961072,0,highway_0,1,1216.7940882049254,1540.7940882049254,,-1030.9499250337612
43.7,ego_0,1543.7891466485398,-8.098500000000001,29.95058443614509,1000.0,,0.006659964077730174,0.006659964077730174,0.006659964077730174,0.006659964077730174,0.006594023839312513,0,highway_0,1,1219.7891466485398,1543.7891466485398,,-1030.9505844361452
43.8,ego_0,1546.7842701662178,-8.098500000000001,29.951235176778454,1000.0,,0.0065724803969918755,0.0065724803969918755,0.0065724803969918755,0.0065724803969918755,0.00650740633364677,0,highway_0,1,1222.7842701662178,1546.7842701662178,,-1030.9512351767785
43.9,ego_0,1549.7794579031056,-8.098500000000001,29.951877368879018,1000.0,,0.006486140215723579,0.006486140215723579,0.006486140215723579,0.006486140215723579,0.0064219210056393194,0,highway_0,1,1225.7794579031056,1549.7794579031056,,-1030.951877368879
44.0,ego_0,1552.7747090155256,-8.098500000000001,29.95251112419934,1000.0,,0.006400928735232125,0.006400928735232125,0.006400928735232125,0.006400928735232125,0.0063375532032239335,0,highway_0,1,1228.7747090155256,1552.7747090155256,,-1030.9525111241994
44.1,ego_0,1555.77002267083,-8.098500000000001,29.953136553045326,1000.0,,0.006316831344472695,0.006316831344472695,0.006316831344472695,0.006316831344472695,0.006254288459857094,0,highway_0,1,1231.77002267083,1555.77002267083,,-1030.9531365530454
44.2,ego_0,1558.7653980472594,-8.098500000000001,29.95375376429461,1000.0,,0.006233833617774964,0.006233833617774964,0.006233833617774964,0.006233833617774964,0.006172112492848214,0,highway_0,1,1234.7653980472594,1558.7653980472594,,-1030.9537537642946
44.3,ego_0,1561.7608343338009,-8.098500000000001,29.95436286541467,1000.0,,0.006151921312586572,0.006151921312586572,0.006151921312586572,0.006151921312586572,0.006091011200588525,0,highway_0,1,1237.7608343338009,1561.7608343338009,,-1030.9543628654146
44.4,ego_0,1564.7563307300488,-8.098500000000001,29.954963962480733,1000.0,,0.006071080367245685,0.006071080367245685,0.006071080367245685,0.006071080367245685,0.0060109706606326085,0,highway_0,1,1240.7563307300488,1564.7563307300488,,-1030.9549639624806
44.5,ego_0,1567.7518864460683,-8.098500000000001,29.955557160193482,1000.0,,0.005991296898780418,0.005991296898780418,0.005991296898780418,0.005991296898780418,0.005931977127495713,0,highway_0,1,1243.7518864460683,1567.7518864460683,,-1030.9555571601934
44.6,ego_0,1570.7475007022579,-8.098500000000001,29.956142561896524,1000.0,,0.0059125572007241445,0.0059125572007241445,0.0059125572007241445,0.0059125572007241445,0.005854017030415548,0,highway_0,1,1246.7475007022579,1570.7475007022579,,-1030.9561425618965
44.7,ego_0,1573.7431727292171,-8.098500000000001,29.95672026959365,1000.0,,0.005834847740964988,0.005834847740964988,0.005834847740964988,0.005834847740964988,0.005777076971256179,0,highway_0,1,1249.7431727292171,1573.7431727292171,,-1030.9567202695937
44.8,ego_0,1576.7389017676137,-8.098500000000001,29.95729038396589,1000.0,,0.005758155159611089,0.005758155159611089,0.005758155159611089,0.005758155159611089,0.005701143722411928,0,highway_0,1,1252.7389017676137,1576.7389017676137,,-1030.957290383966
44.9,ego_0,1579.7346870680526,-8.098500000000001,29.957853004388355,1000.0,,0.005682466266886399,0.005682466266886399,0.005682466266886399,0.005682466266886399,0.005626204224640219,0,highway_0,1,1255.7346870680526,1579.7346870680526,,-1030.9578530043884
45.0,ego_0,1582.7305278909473,-8.098500000000001,29.958408228946872,1000.0,,0.005607768041044792,0.005607768041044792,0.005607768041044792,0.005607768041044792,0.005552245585178639,0,highway_0,1,1258.7305278909473,1582.7305278909473,,-1030.9584082289468
45.1,ego_0,1585.7264235063928,-8.098500000000001,29.958956154454427,1000.0,,0.005534047626309824,0.005534047626309824,0.005534047626309824,0.005534047626309824,0.005479255075542255,0,highway_0,1,1261.7264235063928,1585.7264235063928,,-1030.9589561544544
45.2,ego_0,1588.7223731940396,-8.098500000000001,29.95949687646738,1000.0,,0.005461292330836143,0.005461292330836143,0.005461292330836143,0.005461292330836143,0.005407220129534096,0,highway_0,1,1264.7223731940396,1588.7223731940396,,-1030.9594968764675
45.3,ego_0,1591.7183762429697,-8.098500000000001,29.960030489301506,1000.0,,0.005389489624698207,0.005389489624698207,0.005389489624698207,0.005389489624698207,0.00533612834125563,0,highway_0,1,1267.7183762429697,1591.7183762429697,,-1030.9600304893015
45.4,ego_0,1594.7144319515744,-8.098500000000001,29.96055708604783,1000.0,,0.0053186271378954375,0.0053186271378954375,0.0053186271378954375,0.0053186271378954375,0.005265967463259358,0,highway_0,1,1270.7144319515744,1594.7144319515744,,-1030.9605570860479
45.5,ego_0,1597.7105396274333,-8.098500000000001,29.961076758588266,1000.0,,0.005248692658383569,0.005248692658383569,0.005248692658383569,0.005248692658383569,0.005196725404346125,0,highway_0,1,1273.7105396274333,1597.7105396274333,,-1030.9610767585882
45.6,ego_0,1600.7066985871943,-8.098500000000001,29.961589597611052,1000.0,,0.0051796741301307625,0.0051796741301307625,0.0051796741301307625,0.0051796741301307625,0.005128390227859825,0,highway_0,1,1276.7066985871943,1600.7066985871943,,-1030.961589597611
45.7,ego_0,1603.702908156457,-8.098500000000001,29.96209569262602,1000.0,,0.00511155965118848,0.00511155965118848,0.00511155965118848,0.00511155965118848,0.005060950149662347,0,highway_0,1,1279.702908156457,1603.702908156457,,-1030.962095692626
45.8,ego_0,1606.6991676696548,-8.098500000000001,29.96259513197966,1000.0,,0.005044337471792226,0.005044337471792226,0.005044337471792226,0.005044337471792226,0.0049943935364282765,0,highway_0,1,1282.6991676696548,1606.6991676696548,,-1030.9625951319797
45.9,ego_0,1609.6954764699417,-8.098500000000001,29.963088002870006,1000.0,,0.004977995992477502,0.004977995992477502,0.004977995992477502,0.004977995992477502,0.004928708903442214,0,highway_0,1,1285.6954764699417,1609.6954764699417,,-1030.96308800287
46.0,ego_0,1612.6918339090778,-8.098500000000001,29.963574391361313,1000.0,,0.004912523762223842,0.004912523762223842,0.004912523762223842,0.004912523762223842,0.004863884913071104,0,highway_0,1,1288.6918339090778,1612.6918339090778,,-1030.9635743913614
46.1,ego_0,1615.6882393473177,-8.098500000000001,29.964054382398604,1000.0,,0.004847909476613954,0.004847909476613954,0.004847909476613954,0.004847909476613954,0.004799910372916827,0,highway_0,1,1291.6882393473177,1615.6882393473177,,-1030.9640543823987
46.2,ego_0,1618.6846921533,-8.098500000000001,29.964528059821973,1000.0,,0.004784141976016287,0.004784141976016287,0.004784141976016287,0.004784141976016287,0.004736774233684571,0,highway_0,1,1294.6846921533,1618.6846921533,,-1030.964528059822
46.3,ego_0,1621.6811917039379,-8.098500000000001,29.964995506380767,1000.0,,0.004721210243793017,0.004721210243793017,0.004721210243793017,0.004721210243793017,0.00467446558793938,0,highway_0,1,1297.6811917039379,1621.6811917039379,,-1030.9649955063808
46.4,ego_0,1624.6777373843126,-8.098500000000001,29.96545680374755,1000.0,,0.004659103404519249,0.004659103404519249,0.004659103404519249,0.004659103404519249,0.004612973667832421,0,highway_0,1,1300.6777373843126,1624.6777373843126,,-1030.9654568037477
46.5,ego_0,1627.674328587566,-8.098500000000001,29.96591203253193,1000.0,,0.004597810722232865,0.004597810722232865,0.004597810722232865,0.004597810722232865,0.004552287843786473,0,highway_0,1,1303.674328587566,1627.674328587566,,-1030.9659120325318
46.6,ego_0,1630.6709647147954,-8.098500000000001,29.966361272294176,1000.0,,0.004537321598696353,0.004537321598696353,0.004537321598696353,0.004537321598696353,0.0044923976224708895,0,highway_0,1,1306.6709647147954,1630.6709647147954,,-1030.966361272294
46.7,ego_0,1633.6676451749513,-8.098500000000001,29.9668046015587,1000.0,,0.004477625571684629,0.004477625571684629,0.004477625571684629,0.004477625571684629,0.004433292645238396,0,highway_0,1,1309.6676451749513,1633.6676451749513,,-1030.9668046015588
46.8,ego_0,1636.664369384734,-8.098500000000001,29.96724209782734,1000.0,,0.004418712313290385,0.004418712313290385,0.004418712313290385,0.004418712313290385,0.004374962686419792,0,highway_0,1,1312.664369384734,1636.664369384734,,-1030.9672420978272
46.9,ego_0,1639.6611367684934,-8.098500000000001,29.967673837592518,1000.0,,0.004360571628249876,0.004360571628249876,0.004360571628249876,0.004360571628249876,0.004317397651760757,0,highway_0,1,1315.6611367684934,1639.6611367684934,,-1030.9676738375924
47.0,ego_0,1642.6579467581284,-8.098500000000001,29.968099896350168,1000.0,,0.004303193452286358,0.004303193452286358,0.004303193452286358,0.004303193452286358,0.004260587576503383,0,highway_0,1,1318.6579467581284,1642.6579467581284,,-1030.9680998963502
47.1,ego_0,1645.6547987929896,-8.098500000000001,29.96852034861259,1000.0,,0.004246567850476279,0.004246567850476279,0.004246567850476279,0.004246567850476279,0.00420452262421378,0,highway_0,1,1321.6547987929896,1645.6547987929896,,-1030.9685203486126
47.2,ego_0,1648.6516923197817,-8.098500000000001,29.96893526792107,1000.0,,0.004190685015631468,0.004190685015631468,0.004190685015631468,0.004190685015631468,0.004149193084792557,0,highway_0,1,1324.6516923197817,1648.6516923197817,,-1030.968935267921
47.3,ego_0,1651.6486267924674,-8.098500000000001,29.969344726858367,1000.0,,0.0041355352667005185,0.0041355352667005185,0.0041355352667005185,0.0041355352667005185,0.004094589372982682,0,highway_0,1,1327.6486267924674,1651.6486267924674,,-1030.9693447268583
47.4,ego_0,1654.6456016721736,-8.098500000000001,29.969748797061058,1000.0,,0.004081109047194387,0.004081109047194387,0.004081109047194387,0.004081109047194387,0.004040702026912868,0,highway_0,1,1330.6456016721736,1654.6456016721736,,-1030.9697487970611
47.5,ego_0,1657.6426164270968,-8.098500000000001,29.970147549231715,1000.0,,0.004027396923621751,0.004027396923621751,0.004027396923621751,0.004027396923621751,0.0039875217065699076,0,highway_0,1,1333.6426164270968,1657.6426164270968,,-1030.9701475492318
47.6,ego_0,1660.6396705324119,-8.098500000000001,29.970541053150917,1000.0,,0.003974389583948357,0.003974389583948357,0.003974389583948357,0.003974389583948357,0.003935039192022316,0,highway_0,1,1336.6396705324119,1660.6396705324119,,-1030.970541053151
47.7,ego_0,1663.6367634701808,-8.098500000000001,29.970929377689142,1000.0,,0.003922077836076454,0.003922077836076454,0.003922077836076454,0.003922077836076454,0.003883245382247935,0,highway_0,1,1339.6367634701808,1663.6367634701808,,-1030.9709293776891
47.8,ego_0,1666.6338947292627,-8.098500000000001,29.97131259081848,1000.0,,0.0038704526063357836,0.0038704526063357836,0.0038704526063357836,0.0038704526063357836,0.003832131293393104,0,highway_0,1,1342.6338947292627,1666.6338947292627,,-1030.9713125908186
47.9,ego_0,1669.631063805225,-8.098500000000001,29.971690759624224,1000.0,,0.003819504937996432,0.003819504937996432,0.003819504937996432,0.003819504937996432,0.0037816880574226275,0,highway_0,1,1345.631063805225,1669.631063805225,,-1030.9716907596242
48.0,ego_0,1672.6282702002566,-8.098500000000001,29.972063950316283,1000.0,,0.0037692259898020053,0.0037692259898020053,0.0037692259898020053,0.0037692259898020053,0.0037319069205921096,0,highway_0,1,1348.6282702002566,1672.6282702002566,,-1030.9720639503162
48.1,ego_0,1675.6255134230805,-8.098500000000001,29.972432228240493,1000.0,,0.0037196070345134613,0.0037196070345134613,0.0037196070345134613,0.0037196070345134613,0.003682779242097922,0,highway_0,1,1351.6255134230805,1675.6255134230805,,-1030.9724322282405
48.2,ego_0,1678.6227929888696,-8.098500000000001,29.972795657889748,1000.0,,0.0036706394574763657,0.0036706394574763657,0.0036706394574763657,0.0036706394574763657,0.003634296492549538,0,highway_0,1,1354.6227929888696,1678.6227929888696,,-1030.9727956578897
48.3,ego_0,1681.6201084191612,-8.098500000000001,29.973154302915017,1000.0,,0.0036223147552023605,0.0036223147552023605,0.0036223147552023605,0.0036223147552023605,0.003586450252690554,0,highway_0,1,1357.6201084191612,1681.6201084191612,,-1030.973154302915
48.4,ego_0,1684.617459241775,-8.098500000000001,29.973508226136204,1000.0,,0.0035746245339675076,0.0035746245339675076,0.0035746245339675076,0.0035746245339675076,0.003539232211871024,0,highway_0,1,1360.617459241775,1684.617459241775,,-1030.9735082261361
48.5,ego_0,1687.6148449907303,-8.098500000000001,29.97385748955288,1000.0,,0.003527560508429728,0.003527560508429728,0.003527560508429728,0.003527560508429728,0.0034926341667684824,0,highway_0,1,1363.6148449907303,1687.6148449907303,,-1030.973857489553
48.6,ego_0,1690.6122652061658,-8.098500000000001,29.974202154354888,1000.0,,0.0034811145002596744,0.0034811145002596744,0.0034811145002596744,0.0034811145002596744,0.0034466480200734395,0,highway_0,1,1366.6122652061658,1690.6122652061658,,-1030.974202154355
48.7,ego_0,1693.6097194342592,-8.098500000000001,29.974542280932788,1000.0,,0.0034352784367884803,0.0034352784367884803,0.0034352784367884803,0.0034352784367884803,0.0034012657789972423,0,highway_0,1,1369.6097194342592,1693.6097194342592,,-1030.9745422809328
48.8,ego_0,1696.6072072271481,-8.098500000000001,29.9748779288882,1000.0,,0.003390044349676824,0.003390044349676824,0.003390044349676824,0.003390044349676824,0.0033564795541352055,0,highway_0,1,1372.6072072271481,1696.6072072271481,,-1030.9748779288882
48.9,ego_0,1699.6047281428525,-8.098500000000001,29.975209157044002,1000.0,,0.00334540437359121,0.00334540437359121,0.00334540437359121,0.00334540437359121,0.0033122815580099996,0,highway_0,1,1375.6047281428525,1699.6047281428525,,-1030.975209157044
49.0,ego_0,1702.602281745198,-8.098500000000001,29.97553602345439,1000.0,,0.003301350744903786,0.003301350744903786,0.003301350744903786,0.003301350744903786,0.0032686641038637276,0,highway_0,1,1378.602281745198,1702.602281745198,,-1030.9755360234544
49.1,ego_0,1705.5998676037395,-8.098500000000001,29.975858585414827,1000.0,,0.0032578758004054853,0.0032578758004054853,0.0032578758004054853,0.0032578758004054853,0.0032256196043789487,0,highway_0,1,1381.5998676037395,1705.5998676037395,,-1030.975858585415
49.2,ego_0,1708.5974852936868,-8.098500000000001,29.97617689947186,1000.0,,0.003214971976031711,0.003214971976031711,0.003214971976031711,0.003214971976031711,0.0031831405703286464,0,highway_0,1,1384.5974852936868,1708.5974852936868,,-1030.976176899472
49.3,ego_0,1711.59513439583,-8.098500000000001,29.976491021432814,1000.0,,0.0031726318056092273,0.0031726318056092273,0.0031726318056092273,0.0031726318056092273,0.003141219609545942,0,highway_0,1,1387.59513439583,1711.59513439583,,-1030.9764910214328
49.4,ego_0,1714.5928144964676,-8.098500000000001,29.97680100637535,1000.0,,0.0031308479196121564,0.0031308479196121564,0.0031308479196121564,0.0031308479196121564,0.003099849425360901,0,highway_0,1,1390.5928144964676,1714.5928144964676,,-1030.9768010063754
49.5,ego_0,1717.5905251873332,-8.098500000000001,29.97710690865693,1000.0,,0.0030896130439377334,0.0030896130439377334,0.0030896130439377334,0.0030896130439377334,0.0030590228157834076,0,highway_0,1,1393.5905251873332,1717.5905251873332,,-1030.9771069086569
49.6,ego_0,1720.5882660655257,-8.098500000000001,29.977408781924126,1000.0,,0.0030489199986950544,0.0030489199986950544,0.0030489199986950544,0.0030489199986950544,0.003018732671975499,0,highway_0,1,1396.5882660655257,1720.5882660655257,,-1030.9774087819242
49.7,ego_0,1723.5860367334378,-8.098500000000001,29.977706679121848,1000.0,,0.0030087616970079223,0.0030087616970079223,0.0030087616970079223,0.0030087616970079223,0.0029789719772210788,0,highway_0,1,1399.5860367334378,1723.5860367334378,,-1030.9777066791219
49.8,ego_0,1726.583836798688,-8.098500000000001,29.978000652502423,1000.0,,0.002969131143833015,0.002969131143833015,0.002969131143833015,0.002969131143833015,0.0029397338057535194,0,highway_0,1,1402.583836798688,1726.583836798688,,-1030.9780006525025
49.9,ego_0,1729.5816658740514,-8.098500000000001,29.97829075363458,1000.0,,0.002930021434793262,0.002930021434793262,0.002930021434793262,0.002930021434793262,0.002901011321583269,0,highway_0,1,1405.5816658740514,1729.5816658740514,,-1030.9782907536346
50.0,ego_0,1732.5795235773926,-8.098500000000001,29.978577033412307,1000.0,,0.0028914257550233247,0.0028914257550233247,0.0028914257550233247,0.0028914257550233247,0.0028627977772544,0,highway_0,1,1408.5795235773926,1732.5795235773926,,-1030.9785770334124
50.1,ego_0,1735.577409531599,-8.098500000000001,29.9788595420636,1000.0,,0.0028533373780318394,0.0028533373780318394,0.0028533373780318394,0.0028533373780318394,0.0028250865129209046,0,highway_0,1,1411.577409531599,1735.577409531599,,-1030.9788595420637
50.2,ego_0,1738.5753233645148,-8.098500000000001,29.979138329159102,1000.0,,0.002815749664575873,0.002815749664575873,0.002815749664575873,0.002815749664575873,0.00278787095503219,0,highway_0,1,1414.5753233645148,1738.5753233645148,,-1030.979138329159
50.3,ego_0,1741.5732647088769,-8.098500000000001,29.97941344362064,1000.0,,0.0027786560615495892,0.0027786560615495892,0.0027786560615495892,0.0027786560615495892,0.002751144615373846,0,highway_0,1,1417.5732647088769,1741.5732647088769,,-1030.9794134436206
50.4,ego_0,1744.57123320225,-8.098500000000001,29.97968493372964,1000.0,,0.0027420501008860176,0.0027420501008860176,0.0027420501008860176,0.0027420501008860176,0.002714901090001831,0,highway_0,1,1420.57123320225,1744.57123320225,,-1030.9796849337297
50.5,ego_0,1747.5692284869635,-8.098500000000001,29.97995284713543,1000.0,,0.002705925398471365,0.002705925398471365,0.002705925398471365,0.002705925398471365,0.0026791340578924405,0,highway_0,1,1423.5692284869635,1747.5692284869635,,-1030.9799528471353
50.6,ego_0,1750.56725021005,-8.098500000000001,29.980217230863456,1000.0,,0.0026702756530778693,0.0026702756530778693,0.0026702756530778693,0.0026702756530778693,0.0026438372802672916,0,highway_0,1,1426.56725021005,1750.56725021005,,-1030.9802172308634
50.7,ego_0,1753.5652980231823,-8.098500000000001,29.980478131323387,1000.0,,0.002635094645302982,0.002635094645302982,0.002635094645302982,0.002635094645302982,0.0026090045993143463,0,highway_0,1,1429.5652980231823,1753.5652980231823,,-1030.9804781313235
50.8,ego_0,1756.563371582614,-8.098500000000001,29.9807355943171,1000.0,,0.0026003762365249816,0.0026003762365249816,0.0026003762365249816,0.0026003762365249816,0.002574629937122097,0,highway_0,1,1432.563371582614,1756.563371582614,,-1030.9807355943171
50.9,ego_0,1759.5614705491187,-8.108500000000001,29.98098966504659,13.999169751535646,llm_1,0.0025661143678714637,0.0025661143678714637,0.0025661143678714637,0.0025661143678714637,0.0025407072948979703,0,highway_0,1,1435.5614705491187,1759.5614705491187,,1.50602309937943
51.0,ego_0,1762.4425964923914,-8.1285,28.81125943272868,14.267106373018578,llm_1,-0.9340133749978594,-0.9340133749978594,-0.9340133749978594,-0.9340133749978594,-11.697302323179102,0,highway_0,1,1438.4425964923914,1762.4425964923914,,2.6793662148291553
51.1,ego_0,1765.2701585845216,-8.1585,28.275620921300597,14.588606845644108,llm_1,0.1296732841136875,0.1296732841136875,0.1296732841136875,0.1296732841136875,-5.356385114280826,0,highway_0,1,1441.2701585845216,1765.2701585845216,,3.215004726257238
51.2,ego_0,1768.0657911656613,-8.198500000000001,27.95632581139682,14.941761750887508,llm_1,0.19204812206682806,0.19204812206682806,0.19204812206682806,0.19204812206682806,-3.1929510990377707,0,highway_0,1,1444.0657911656613,1768.0657911656613,,3.5315490524337427
51.3,ego_0,1770.840379797719,-8.2485,27.745886320576535,15.315262851520174,llm_1,0.22797223194489882,0.22797223194489882,0.22797223194489882,0.22797223194489882,-2.104394908202849,0,highway_0,1,1446.840379797719,1770.840379797719,,3.7350110063269923
51.4,ego_0,1773.6002999074574,-8.3085,27.59920109738382,15.702451207786908,llm_1,0.2512864634153771,0.2512864634153771,0.2512864634153771,0.2512864634153771,-1.466852231927156,0,highway_0,1,1449.6002999074574,1773.6002999074574,,3.8718835626678967
51.5,ego_0,1776.3496518579625,-8.3785,27.49351950505005,16.099030107318413,llm_1,0.2674672097083323,0.2674672097083323,0.2674672097083323,0.2674672097083323,-1.0568159233377017,0,highway_0,1,1452.3496518579625,1776.3496518579625,,3.9657889953164513
51.6,ego_0,1779.0912416725891,-8.4585,27.41589814626544,1000.0,,0.2791652089567757,0.2791652089567757,0.2791652089567757,0.2791652089567757,-0.7762135878460796,0,highway_0,1,1455.0912416725891,1779.0912416725891,,-1028.4158981462654
51.7,ego_0,1781.8358268439147,-8.5485,27.4458517132563,1000.0,,0.3025310266076937,0.3025310266076937,0.3025310266076937,0.3025310266076937,0.29953566990858604,0,highway_0,1,1457.8358268439147,1781.8358268439147,,-1028.4458517132564
51.8,ego_0,1784.583377143115,-8.6485,27.47550299200478,1000.0,,0.2994779153596624,0.2994779153596624,0.2994779153596624,0.2994779153596624,0.296512787484815,0,highway_0,1,1460.583377143115,1784.583377143115,,-1028.4755029920047
51.9,ego_0,1787.333862548794,-8.7485,27.504854056789053,1000.0,,0.2964457543211635,0.2964457543211635,0.2964457543211635,0.2964457543211635,0.29351064784272296,0,highway_0,1,1463.333862548794,1787.333862548794,,-1028.504854056789
52.0,ego_0,1790.0872532476367,-8.848500000000001,27.533906988426544,1000.0,,0.29343460953864997,0.29343460953864997,0.29343460953864997,0.29343460953864997,0.29052931637490786,0,highway_0,1,1466.0872532476367,1790.0872532476367,,-1028.5339069884265
52.1,ego_0,1792.8435196350129,-8.948500000000001,27.562663873760897,1000.0,,0.2904445418769833,0.2904445418769833,0.2904445418769833,0.2904445418769833,0.28756885334352944,0,highway_0,1,1468.8435196350129,1792.8435196350129,,-1028.5626638737608
52.2,ego_0,1795.6026323155284,-9.0485,27.591126805155646,1000.0,,0.2874756070869787,0.2874756070869787,0.2874756070869787,0.2874756070869787,0.2846293139474909,0,highway_0,1,1471.6026323155284,1795.6026323155284,,-1028.5911268051557
52.3,ego_0,1798.3645621035278,-9.1485,27.619297879994665,1000.0,,0.28452785587408747,0.28452785587408747,0.28452785587408747,0.28452785587408747,0.2817107483901893,0,highway_0,1,1474.3645621035278,1798.3645621035278,,-1028.6192978799947
0,llm_0,338.0,-4.8,21.3,1000.0,,,,,,0,0,highway_0,2,0.0,338.0,,-1022.3
0.1,llm_0,340.12716369949874,-4.8,21.271636994987624,1000.0,,-0.2864663506249998,-0.2864663506249998,-0.2864663506249998,-0.2864663506249998,-0.28363005012376874,0,highway_0,2,2.1271636994987375,340.12716369949874,,-1022.2716369949876
0.2,llm_0,342.2517531038903,-4.8,21.24589404391548,1000.0,,-0.2600038058286469,-0.2600038058286469,-0.2600038058286469,-0.2600038058286469,-0.2574295107214297,0,highway_0,2,4.25175310389028,342.2517531038903,,-1022.2458940439154
0.3,llm_0,344.37401736401847,-4.8,21.222642601281972,1000.0,,-0.23483957059845673,-0.23483957059845673,-0.23483957059845673,-0.23483957059845673,-0.23251442633508645,0,highway_0,2,6.374017364018471,344.37401736401847,,-1022.222642601282
0.4,llm_0,346.495306362296,-4.8,21.212889982775476,1000.0,,-0.09850144691560825,-0.09850144691560825,-0.09850144691560825,-0.09850144691560825,-0.09752618506496447,0,highway_0,2,8.495306362295992,346.495306362296,,-1022.2128899827754
0.5,llm_0,348.6156400771665,-4.8,21.203337148705344,1000.0,,-0.09648362410832778,-0.09648362410832778,-0.09648362410832778,-0.09648362410832778,-0.09552834070131411,0,highway_0,2,10.615640077166518,348.6156400771665,,-1022.2033371487054
0.6,llm_0,350.735038051115,-4.8,21.193979739484792,1000.0,,-0.09450983312756156,-0.09450983312756156,-0.09450983312756156,-0.09450983312756156,-0.09357409220552171,0,highway_0,2,12.735038051114998,350.735038051115,,-1022.1939797394848
0.7,llm_0,352.8529360156067,-4.8,21.178979644916872,1000.0,,-0.15150095513600048,-0.15150095513600048,-0.15150095513600048,-0.15150095513600048,-0.15000094567920286,0,highway_0,2,14.852936015606701,352.8529360156067,,-1022.1789796449169
0.8,llm_0,354.96953231394815,-4.8,21.165962983414378,1000.0,,-0.13146828117519838,-0.13146828117519838,-0.13146828117519838,-0.13146828117519838,-0.1301666150249403,0,highway_0,2,16.96953231394815,354.96953231394815,,-1022.1659629834144
0.9,llm_0,357.0850164100816,-4.8,21.154840961334774,1000.0,,-0.11233242300399393,-0.11233242300399393,-0.11233242300399393,-0.11233242300399393,-0.11122022079604221,0,highway_0,2,19.085016410081607,357.0850164100816,,-1022.1548409613348
1.0,llm_0,359.199569406094,-4.8,21.14552996012376,1000.0,,-0.09404111223122613,-0.09404111223122613,-0.09404111223122613,-0.09404111223122613,-0.09311001211013803,0,highway_0,2,21.199569406093985,359.199569406094,,-1022.1455299601238
1.1,llm_0,361.31336452089437,-4.8,21.137951148003836,1000.0,,-0.0765460024112452,-0.0765460024112452,-0.0765460024112452,-0.0765460024112452,-0.07578812119923839,0,highway_0,2,23.313364520894368,361.31336452089437,,-1022.1379511480038
1.2,llm_0,363.4265675335811,-4.8,21.132030126867356,1000.0,,-0.05980231347844911,-0.05980231347844911,-0.05980231347844911,-0.05980231347844911,-0.05921021136479965,0,highway_0,2,25.42656753358108,363.4265675335811,,-1022.1320301268673
1.3,llm_0,365.539337194646,-4.8,21.127696610649238,1000.0,,-0.04376851380300528,-0.04376851380300528,-0.04376851380300528,-0.04376851380300528,-0.0433351621811795,0,highway_0,2,27.53933719464601,365.539337194646,,-1022.1276966106492
1.4,llm_0,367.6518256078364,-4.8,21.124884131903354,1000.0,,-0.02840603533343189,-0.02840603533343189,-0.02840603533343189,-0.02840603533343189,-0.02812478745884306,0,highway_0,2,29.651825607836372,367.6518256078364,,-1022.1248841319034
1.5,llm_0,369.7641785852059,-4.8,21.123529773695143,1000.0,,-0.01367901790293713,-0.01367901790293713,-0.01367901790293713,-0.01367901790293713,-0.013543582082107264,0,highway_0,2,31.76417858520591,369.7641785852059,,-1022.1235297736952
1.6,llm_0,371.87653156257545,-4.8,21.123529773695143,1000.0,,0.0,0.0,0.0,0.0,0.0,0,highway_0,2,33.87653156257545,371.87653156257545,,-1022.1235297736952
1.7,llm_0,373.988884539945,-4.8,21.123529773695143,1000.0,,0.0,0.0,0.0,0.0,0.0,0,highway_0,2,35.98888453994499,373.988884539945,,-1022.1235297736952
1.8,llm_0,376.10123751731453,-4.8,21.123529773695143,1000.0,,0.0,0.0,0.0,0.0,0.0,0,highway_0,2,38.10123751731453,376.10123751731453,,-1022.1235297736952
1.9,llm_0,378.21359049468407,-4.8,21.123529773695143,1000.0,,0.0,0.0,0.0,0.0,0.0,0,highway_0,2,40.21359049468407,378.21359049468407,,-1022.1235297736952
2.0,llm_0,380.3259434720536,-4.8,21.123529773695143,1000.0,,0.0,0.0,0.0,0.0,0.0,0,highway_0,2,42.32594347205361,380.3259434720536,,-1022.1235297736952
2.1,llm_0,382.43829644942315,-4.8,21.123529773695143,1000.0,,0.0,0.0,0.0,0.0,0.0,0,highway_0,2,44.43829644942315,382.43829644942315,,-1022.1235297736952
2.2,llm_0,384.5506494267927,-4.8,21.123529773695143,1000.0,,0.0,0.0,0.0,0.0,0.0,0,highway_0,2,46.55064942679269,384.5506494267927,,-1022.1235297736952
2.3,llm_0,386.6630024041622,-4.8,21.123529773695143,1000.0,,0.0,0.0,0.0,0.0,0.0,0,highway_0,2,48.66300240416223,386.6630024041622,,-1022.1235297736952
2.4,llm_0,388.77535538153177,-4.8,21.123529773695143,1000.0,,0.0,0.0,0.0,0.0,0.0,0,highway_0,2,50.77535538153177,388.77535538153177,,-1022.1235297736952
2.5,llm_0,390.8877083589013,-4.8,21.123529773695143,1000.0,,0.0,0.0,0.0,0.0,0.0,0,highway_0,2,52.88770835890131,390.8877083589013,,-1022.1235297736952
2.6,llm_0,393.00006133627085,-4.8,21.123529773695143,1000.0,,0.0,0.0,0.0,0.0,0.0,0,highway_0,2,55.000061336270846,393.00006133627085,,-1022.1235297736952
2.7,llm_0,395.1124143136404,-4.8,21.123529773695143,1000.0,,0.0,0.0,0.0,0.0,0.0,0,highway_0,2,57.112414313640386,395.1124143136404,,-1022.1235297736952
2.8,llm_0,397.2247672910099,-4.8,21.123529773695143,1000.0,,0.0,0.0,0.0,0.0,0.0,0,highway_0,2,59.224767291009925,397.2247672910099,,-1022.1235297736952
2.9,llm_0,399.33712026837946,-4.8,21.123529773695143,1000.0,,0.0,0.0,0.0,0.0,0.0,0,highway_0,2,61.337120268379465,399.33712026837946,,-1022.1235297736952
3.0,llm_0,401.449473245749,-4.8,21.123529773695143,1000.0,,0.0,0.0,0.0,0.0,0.0,0,highway_0,2,63.449473245749004,401.449473245749,,-1022.1235297736952
3.1,llm_0,403.56182622311854,-4.8,21.123529773695143,1000.0,,0.0,0.0,0.0,0.0,0.0,0,highway_0,2,65.56182622311854,403.56182622311854,,-1022.1235297736952
3.2,llm_0,405.6741792004881,-4.8,21.123529773695143,1000.0,,0.0,0.0,0.0,0.0,0.0,0,highway_0,2,67.67417920048808,405.6741792004881,,-1022.1235297736952
3.3,llm_0,407.7865321778576,-4.8,21.123529773695143,1000.0,,0.0,0.0,0.0,0.0,0.0,0,highway_0,2,69.78653217785762,407.7865321778576,,-1022.1235297736952
3.4,llm_0,409.89888515522716,-4.8,21.123529773695143,1000.0,,0.0,0.0,0.0,0.0,0.0,0,highway_0,2,71.89888515522716,409.89888515522716,,-1022.1235297736952
3.5,llm_0,412.0112381325967,-4.8,21.123529773695143,1000.0,,0.0,0.0,0.0,0.0,0.0,0,highway_0,2,74.0112381325967,412.0112381325967,,-1022.1235297736952
3.6,llm_0,414.12359110996624,-4.8,21.123529773695143,1000.0,,0.0,0.0,0.0,0.0,0.0,0,highway_0,2,76.12359110996624,414.12359110996624,,-1022.1235297736952
3.7,llm_0,416.2359440873358,-4.8,21.123529773695143,1000.0,,0.0,0.0,0.0,0.0,0.0,0,highway_0,2,78.23594408733578,416.2359440873358,,-1022.1235297736952
3.8,llm_0,418.3482970647053,-4.8,21.123529773695143,1000.0,,0.0,0.0,0.0,0.0,0.0,0,highway_0,2,80.34829706470532,418.3482970647053,,-1022.1235297736952
3.9,llm_0,420.46065004207486,-4.8,21.123529773695143,1000.0,,0.0,0.0,0.0,0.0,0.0,0,highway_0,2,82.46065004207486,420.46065004207486,,-1022.1235297736952
4.0,llm_0,422.5730030194444,-4.8,21.123529773695143,1000.0,,0.0,0.0,0.0,0.0,0.0,0,highway_0,2,84.5730030194444,422.5730030194444,,-1022.1235297736952
4.1,llm_0,424.68535599681394,-4.8,21.123529773695143,1000.0,,0.0,0.0,0.0,0.0,0.0,0,highway_0,2,86.68535599681394,424.68535599681394,,-1022.1235297736952
4.2,llm_0,426.7977089741835,-4.8,21.123529773695143,1000.0,,0.0,0.0,0.0,0.0,0.0,0,highway_0,2,88.79770897418348,426.7977089741835,,-1022.1235297736952
4.3,llm_0,428.910061951553,-4.8,21.123529773695143,1000.0,,0.0,0.0,0.0,0.0,0.0,0,highway_0,2,90.91006195155302,428.910061951553,,-1022.1235297736952
4.4,llm_0,431.0252824076275,-4.8,21.152204560745176,1000.0,,0.28961534920532506,0.28961534920532506,0.28961534920532506,0.28961534920532506,0.2867478705003279,0,highway_0,2,93.02528240762751,431.0252824076275,,-1022.1522045607452
4.5,llm_0,433.143407391724,-4.8,21.181249840964966,1000.0,,0.29335733021986743,0.29335733021986743,0.29335733021986743,0.29335733021986743,0.2904528021979047,0,highway_0,2,95.143407391724,433.143407391724,,-1022.1812498409649
4.6,llm_0,435.2644726498108,-4.8,21.210652580868118,1000.0,,0.2969676730218469,0.2969676730218469,0.2969676730218469,0.2969676730218469,0.2940273990315134,0,highway_0,2,97.26447264981078,435.2644726498108,,-1022.2106525808681
4.7,llm_0,437.38851266551626,-4.8,21.24040015705451,1000.0,,0.30045051948256374,0.30045051948256374,0.30045051948256374,0.30045051948256374,0.29747576186391456,0,highway_0,2,99.38851266551626,437.38851266551626,,-1022.2404001570545
4.8,llm_0,439.5155606993718,-4.8,21.270480338555316,1000.0,,0.3038098331581588,0.3038098331581588,0.3038098331581588,0.3038098331581588,0.30080181500807157,0,highway_0,2,101.5155606993718,439.5155606993718,,-1022.2704803385553
4.9,llm_0,441.6456488263834,-4.8,21.300881270115923,1000.0,,0.3070494087621266,0.3070494087621266,0.3070494087621266,0.3070494087621266,0.30400931560606637,0,highway_0,2,103.64564882638342,441.6456488263834,,-1022.300881270116
5.0,llm_0,443.7788079720193,-4.8,21.331591456358698,1000.0,,0.31017288105204877,0.31017288105204877,0.31017288105204877,0.31017288105204877,0.30710186242774995,0,highway_0,2,105.77880797201931,443.7788079720193,,-1022.3315914563588
5.1,llm_0,445.91506794669647,-4.8,21.36259974677177,1000.0,,0.3131837331720483,0.3131837331720483,0.3131837331720483,0.3131837331720483,0.3100829041307307,0,highway_0,2,107.91506794669647,445.91506794669647,,-1022.3625997467718
5.2,llm_0,448.05445747884386,-4.8,21.393895321473668,1000.0,,0.3160853044891717,0.3160853044891717,0.3160853044891717,0.3160853044891717,0.3129557470189681,0,highway_0,2,110.05445747884386,448.05445747884386,,-1022.3938953214737
5.3,llm_0,450.1970672467382,-4.8,21.426097678943506,1000.0,,0.325243810445374,0.325243810445374,0.325243810445374,0.325243810445374,0.3220235746983846,0,highway_0,2,112.19706724673819,450.1970672467382,,-1022.4260976789435
5.4,llm_0,452.343042043146,-4.8,21.459747964078403,1000.0,,0.33986787986248135,0.33986787986248135,0.33986787986248135,0.33986787986248135,0.3365028513489676,0,highway_0,2,114.343042043146,452.343042043146,,-1022.4597479640784
5.5,llm_0,454.4925212210915,-4.8,21.494791779456037,1000.0,,0.35394253531410214,0.35394253531410214,0.35394253531410214,0.35394253531410214,0.3504381537763379,0,highway_0,2,116.49252122109158,454.4925212210916,,-1022.494791779456
5.6,llm_0,456.645638910136,-4.8,21.53117689044343,1000.0,,0.3674896209726859,0.3674896209726859,0.3674896209726859,0.3674896209726859,0.3638511098739272,0,highway_0,2,118.64563891013592,456.6456389101359,,-1022.5311768904435
5.7,llm_0,458.80252422395296,-4.8,21.568853138170475,1000.0,,0.38053010204315685,0.38053010204315685,0.38053010204315685,0.38053010204315685,0.37676247727045364,0,highway_0,2,120.80252422395296,458.80252422395296,,-1022.5688531381704
5.8,llm_0,460.963301459435,-4.8,21.60777235482006,1000.0,,0.3930840881607852,0.3930840881607852,0.3930840881607852,0.3930840881607852,0.3891921664958531,0,highway_0,2,122.96330145943494,460.96330145943494,,-1022.6077723548201
5.9,llm_0,463.13794008105555,-4.8,21.7463862162062,1000.0,,1.4,1.4,1.4,1.4,1.3861386138614051,0,highway_0,2,125.13794008105555,463.13794008105555,,-1022.7463862162062
6.0,llm_0,465.32644008881476,-4.8,21.88500007759234,1000.0,,1.4,1.4,1.4,1.4,1.3861386138614051,0,highway_0,2,127.32644008881476,465.32644008881476,,-1022.8850000775924
6.1,llm_0,467.5288014827126,-4.8,22.02361393897848,1000.0,,1.4,1.4,1.4,1.4,1.3861386138614051,0,highway_0,2,129.5288014827126,467.5288014827126,,-1023.0236139389784
6.2,llm_0,469.74502426274904,-4.8,22.162227800364622,1000.0,,1.4,1.4,1.4,1.4,1.3861386138614051,0,highway_0,2,131.74502426274904,469.74502426274904,,-1023.1622278003646
6.3,llm_0,471.9751084289241,-4.8,22.300841661750763,1000.0,,1.4,1.4,1.4,1.4,1.3861386138614051,0,highway_0,2,133.9751084289241,471.9751084289241,,-1023.3008416617507
6.4,llm_0,474.2190539812378,-4.8,22.439455523136903,1000.0,,1.4,1.4,1.4,1.4,1.3861386138614051,0,highway_0,2,136.21905398123778,474.2190539812378,,-1023.4394555231369
6.5,llm_0,476.47686091969,-4.8,22.578069384523044,1000.0,,1.4,1.4,1.4,1.4,1.3861386138614051,0,highway_0,2,138.47686091969007,476.47686091969007,,-1023.578069384523
6.6,llm_0,478.748529244281,-4.8,22.716683245909184,1000.0,,1.4,1.4,1.4,1.4,1.3861386138614051,0,highway_0,2,140.74852924428097,478.748529244281,,-1023.7166832459092
6.7,llm_0,481.03405895501044,-4.8,22.855297107295325,1000.0,,1.4,1.4,1.4,1.4,1.3861386138614051,0,highway_0,2,143.0340589550105,481.0340589550105,,-1023.8552971072953
6.8,llm_0,483.33345005187863,-4.8,22.993910968681465,1000.0,,1.4,1.4,1.4,1.4,1.3861386138614051,0,highway_0,2,145.33345005187863,483.33345005187863,,-1023.9939109686815
6.9,llm_0,485.6467025348854,-4.8,23.132524830067606,1000.0,,1.4,1.4,1.4,1.4,1.3861386138614051,0,highway_0,2,147.64670253488538,485.6467025348854,,-1024.1325248300675
7.0,llm_0,487.97381640403074,-4.8,23.271138691453746,1000.0,,1.4,1.4,1.4,1.4,1.3861386138614051,0,highway_0,2,149.97381640403074,487.97381640403074,,-1024.2711386914536
7.1,llm_0,490.3147916593147,-4.8,23.409752552839887,1000.0,,1.4,1.4,1.4,1.4,1.3861386138614051,0,highway_0,2,152.31479165931472,490.3147916593147,,-1024.4097525528398
7.2,llm_0,492.6696283007373,-4.8,23.548366414226027,1000.0,,1.4,1.4,1.4,1.4,1.3861386138614051,0,highway_0,2,154.66962830073732,492.6696283007373,,-1024.548366414226
7.3,llm_0,495.0383263282986,-4.8,23.686980275612168,1000.0,,1.4,1.4,1.4,1.4,1.3861386138614051,0,highway_0,2,157.03832632829852,495.0383263282985,,-1024.686980275612
7.4,llm_0,497.42088574199835,-4.8,23.82559413699831,1000.0,,1.4,1.4,1.4,1.4,1.3861386138614051,0,highway_0,2,159.42088574199835,497.42088574199835,,-1024.8255941369982
7.5,llm_0,499.81730654183673,-4.8,23.96420799838445,1000.0,,1.4,1.4,1.4,1.4,1.3861386138614051,0,highway_0,2,161.81730654183679,499.8173065418368,,-1024.9642079983844
7.6,llm_0,502.22758872781384,-4.8,24.10282185977059,1000.0,,1.4,1.4,1.4,1.4,1.3861386138614051,0,highway_0,2,164.22758872781384,502.22758872781384,,-1025.1028218597705
7.7,llm_0,504.6517322999295,-4.8,24.24143572115673,1000.0,,1.4,1.4,1.4,1.4,1.3861386138614051,0,highway_0,2,166.6517322999295,504.6517322999295,,-1025.2414357211567
7.8,llm_0,507.0897372581838,-4.8,24.38004958254287,1000.0,,1.4,1.4,1.4,1.4,1.3861386138614051,0,highway_0,2,169.0897372581838,507.0897372581838,,-1025.3800495825428
7.9,llm_0,509.5416036025767,-4.8,24.51866344392901,1000.0,,1.4,1.4,1.4,1.4,1.3861386138614051,0,highway_0,2,171.54160360257669,509.5416036025767,,-1025.518663443929
8.0,llm_0,512.0073313331083,-4.8,24.65727730531515,1000.0,,1.4,1.4,1.4,1.4,1.3861386138614051,0,highway_0,2,174.00733133310825,512.0073313331083,,-1025.6572773053151
8.1,llm_0,514.4869204497784,-4.8,24.795891166701292,1000.0,,1.4,1.4,1.4,1.4,1.3861386138614051,0,highway_0,2,176.48692044977838,514.4869204497784,,-1025.7958911667013
8.2,llm_0,516.9803709525871,-4.8,24.934505028087433,1000.0,,1.4,1.4,1.4,1.4,1.3861386138614051,0,highway_0,2,178.98037095258712,516.9803709525871,,-1025.9345050280874
8.3,llm_0,519.4876828415345,-4.8,25.073118889473573,1000.0,,1.4,1.4,1.4,1.4,1.3861386138614051,0,highway_0,2,181.48768284153448,519.4876828415345,,-1026.0731188894736
8.4,llm_0,522.0088561166204,-4.8,25.211732750859714,1000.0,,1.4,1.4,1.4,1.4,1.3861386138614051,0,highway_0,2,184.00885611662045,522.0088561166204,,-1026.2117327508597
8.5,llm_0,524.543890777845,-4.8,25.350346612245854,1000.0,,1.4,1.4,1.4,1.4,1.3861386138614051,0,highway_0,2,186.54389077784504,524.543890777845,,-1026.3503466122459
8.6,llm_0,527.0927868252082,-4.8,25.488960473631995,1000.0,,1.4,1.4,1.4,1.4,1.3861386138614051,0,highway_0,2,189.09278682520824,527.0927868252082,,-1026.488960473632
8.7,llm_0,529.65554425871,-4.8,25.627574335018135,1000.0,,1.4,1.4,1.4,1.4,1.3861386138614051,0,highway_0,2,191.65554425871005,529.65554425871,,-1026.6275743350182
8.8,llm_0,532.2321630783505,-4.8,25.766188196404276,1000.0,,1.4,1.4,1.4,1.4,1.3861386138614051,0,highway_0,2,194.23216307835048,532.2321630783505,,-1026.7661881964043
8.9,llm_0,534.8226432841295,-4.8,25.904802057790416,1000.0,,1.4,1.4,1.4,1.4,1.3861386138614051,0,highway_0,2,196.82264328412953,534.8226432841295,,-1026.9048020577904
9.0,llm_0,537.4269848760472,-4.8,26.043415919176557,1000.0,,1.4,1.4,1.4,1.4,1.3861386138614051,0,highway_0,2,199.4269848760472,537.4269848760472,,-1027.0434159191766
9.1,llm_0,540.0451878541035,-4.8,26.182029780562697,1000.0,,1.4,1.4,1.4,1.4,1.3861386138614051,0,highway_0,2,202.04518785410346,540.0451878541035,,-1027.1820297805627
9.2,llm_0,542.6772522182983,-4.8,26.320643641948838,1000.0,,1.4,1.4,1.4,1.4,1.3861386138614051,0,highway_0,2,204.67725221829835,542.6772522182983,,-1027.320643641949
9.3,llm_0,545.3231779686319,-4.8,26.459257503334978,1000.0,,1.4,1.4,1.4,1.4,1.3861386138614051,0,highway_0,2,207.32317796863185,545.3231779686319,,-1027.459257503335
9.4,llm_0,547.982965105104,-4.8,26.59787136472112,1000.0,,1.4,1.4,1.4,1.4,1.3861386138614051,0,highway_0,2,209.98296510510397,547.982965105104,,-1027.5978713647212
9.5,llm_0,550.6566136277147,-4.8,26.73648522610726,1000.0,,1.4,1.4,1.4,1.4,1.3861386138614051,0,highway_0,2,212.6566136277147,550.6566136277147,,-1027.7364852261073
9.6,llm_0,553.344123536464,-4.8,26.8750990874934,1000.0,,1.4,1.4,1.4,1.4,1.3861386138614051,0,highway_0,2,215.34412353646405,553.344123536464,,-1027.8750990874935
9.7,llm_0,556.045494831352,-4.8,27.01371294887954,1000.0,,1.4,1.4,1.4,1.4,1.3861386138614051,0,highway_0,2,218.04549483135202,556.045494831352,,-1028.0137129488796
9.8,llm_0,558.7607275123786,-4.8,27.15232681026568,1000.0,,1.4,1.4,1.4,1.4,1.3861386138614051,0,highway_0,2,220.7607275123786,558.7607275123786,,-1028.1523268102658
9.9,llm_0,561.4898215795438,-4.8,27.29094067165182,1000.0,,1.4,1.4,1.4,1.4,1.3861386138614051,0,highway_0,2,223.4898215795438,561.4898215795438,,-1028.290940671652
10.0,llm_0,564.2327770328476,-4.8,27.42955453303796,1000.0,,1.4,1.4,1.4,1.4,1.3861386138614051,0,highway_0,2,226.2327770328476,564.2327770328476,,-1028.429554533038
10.1,llm_0,566.98959387229,-4.8,27.568168394424102,1000.0,,1.4,1.4,1.4,1.4,1.3861386138614051,0,highway_0,2,228.98959387229002,566.98959387229,,-1028.568168394424
10.2,llm_0,569.760272097871,-4.8,27.706782255810243,1000.0,,1.4,1.4,1.4,1.4,1.3861386138614051,0,highway_0,2,231.76027209787105,569.760272097871,,-1028.7067822558101
10.3,llm_0,572.5448117095907,-4.8,27.845396117196383,1000.0,,1.4,1.4,1.4,1.4,1.3861386138614051,0,highway_0,2,234.5448117095907,572.5448117095907,,-1028.8453961171963
10.4,llm_0,575.343212707449,-4.8,27.984009978582524,1000.0,,1.4,1.4,1.4,1.4,1.3861386138614051,0,highway_0,2,237.34321270744897,575.343212707449,,-1028.9840099785824
10.5,llm_0,578.1554750914459,-4.8,28.122623839968664,1000.0,,1.4,1.4,1.4,1.4,1.3861386138614051,0,highway_0,2,240.15547509144585,578.1554750914459,,-1029.1226238399686
10.6,llm_0,580.9815988615813,-4.8,28.261237701354805,1000.0,,1.4,1.4,1.4,1.4,1.3861386138614051,0,highway_0,2,242.98159886158135,580.9815988615813,,-1029.2612377013547
10.7,llm_0,583.8215840178555,-4.8,28.399851562740945,1000.0,,1.4,1.4,1.4,1.4,1.3861386138614051,0,highway_0,2,245.82158401785546,583.8215840178555,,-1029.3998515627409
10.8,llm_0,586.6754305602682,-4.8,28.538465424127086,1000.0,,1.4,1.4,1.4,1.4,1.3861386138614051,0,highway_0,2,248.67543056026818,586.6754305602682,,-1029.538465424127
10.9,llm_0,589.5431384888195,-4.8,28.677079285513226,1000.0,,1.4,1.4,1.4,1.4,1.3861386138614051,0,highway_0,2,251.54313848881952,589.5431384888195,,-1029.6770792855132
11.0,llm_0,592.4247078035095,-4.8,28.815693146899367,1000.0,,1.4,1.4,1.4,1.4,1.3861386138614051,0,highway_0,2,254.42470780350948,592.4247078035095,,-1029.8156931468993
11.1,llm_0,595.320138504338,-4.8,28.954307008285507,1000.0,,1.4,1.4,1.4,1.4,1.3861386138614051,0,highway_0,2,257.32013850433805,595.320138504338,,-1029.9543070082855
11.2,llm_0,598.2294305913052,-4.8,29.092920869671648,1000.0,,1.4,1.4,1.4,1.4,1.3861386138614051,0,highway_0,2,260.22943059130523,598.2294305913052,,-1030.0929208696716
11.3,llm_0,601.152584064411,-4.8,29.23153473105779,1000.0,,1.4,1.4,1.4,1.4,1.3861386138614051,0,highway_0,2,263.15258406441103,601.152584064411,,-1030.2315347310578
11.4,llm_0,604.0895989236554,-4.8,29.37014859244393,1000.0,,1.4,1.4,1.4,1.4,1.3861386138614051,0,highway_0,2,266.08959892365544,604.0895989236554,,-1030.370148592444
11.5,llm_0,607.0404751690385,-4.8,29.50876245383007,1000.0,,1.4,1.4,1.4,1.4,1.3861386138614051,0,highway_0,2,269.0404751690385,607.0404751690385,,-1030.50876245383
11.6,llm_0,610.0052128005601,-4.8,29.64737631521621,1000.0,,1.4,1.4,1.4,1.4,1.3861386138614051,0,highway_0,2,272.0052128005601,610.0052128005601,,-1030.6473763152162
11.7,llm_0,612.9838118182204,-4.8,29.78599017660235,1000.0,,1.4,1.4,1.4,1.4,1.3861386138614051,0,highway_0,2,274.9838118182204,612.9838118182204,,-1030.7859901766024
11.8,llm_0,615.9762722220192,-4.8,29.92460403798849,1000.0,,1.4,1.4,1.4,1.4,1.3861386138614051,0,highway_0,2,277.97627222201925,615.9762722220192,,-1030.9246040379885
11.9,llm_0,618.9825940119567,-4.8,30.06321789937463,1000.0,,1.4,1.4,1.4,1.4,1.3861386138614051,0,highway_0,2,280.98259401195673,618.9825940119567,,-1031.0632178993746
12.0,llm_0,621.9849554058546,-4.8,30.023613938978592,1000.0,,-0.4,-0.4,-0.4,-0.4,-0.3960396039603964,0,highway_0,2,283.98495540585463,621.9849554058546,,-1031.0236139389785
12.1,llm_0,624.983356403713,-4.8,29.984009978582552,1000.0,,-0.4,-0.4,-0.4,-0.4,-0.3960396039603964,0,highway_0,2,286.98335640371295,624.983356403713,,-1030.9840099785827
12.2,llm_0,627.9777970055316,-4.8,29.944406018186513,1000.0,,-0.4,-0.4,-0.4,-0.4,-0.3960396039603964,0,highway_0,2,289.97779700553156,627.9777970055316,,-1030.9444060181866
12.3,llm_0,630.9682772113106,-4.8,29.904802057790473,1000.0,,-0.4,-0.4,-0.4,-0.4,-0.3960396039603964,0,highway_0,2,292.9682772113106,630.9682772113106,,-1030.9048020577904
12.4,llm_0,633.95479702105,-4.8,29.865198097394433,1000.0,,-0.4,-0.4,-0.4,-0.4,-0.3960396039603964,0,highway_0,2,295.95479702105,633.95479702105,,-1030.8651980973943
12.5,llm_0,636.9373564347499,-4.8,29.825594136998394,1000.0,,-0.4,-0.4,-0.4,-0.4,-0.3960396039603964,0,highway_0,2,298.93735643474986,636.9373564347499,,-1030.8255941369985
12.6,llm_0,639.9159554524101,-4.8,29.785990176602354,1000.0,,-0.4,-0.4,-0.4,-0.4,-0.3960396039603964,0,highway_0,2,301.9159554524101,639.9159554524101,,-1030.7859901766024
12.7,llm_0,642.8905940740308,-4.8,29.746386216206314,1000.0,,-0.4,-0.4,-0.4,-0.4,-0.3960396039603964,0,highway_0,2,304.8905940740308,642.8905940740308,,-1030.7463862162062
12.8,llm_0,645.8612722996119,-4.8,29.706782255810275,1000.0,,-0.4,-0.4,-0.4,-0.4,-0.3960396039603964,0,highway_0,2,307.86127229961187,645.8612722996119,,-1030.7067822558104
12.9,llm_0,648.8279901291532,-4.8,29.667178295414235,1000.0,,-0.4,-0.4,-0.4,-0.4,-0.3960396039603964,0,highway_0,2,310.82799012915325,648.8279901291532,,-1030.6671782954143
13.0,llm_0,651.790747562655,-4.8,29.627574335018195,1000.0,,-0.4,-0.4,-0.4,-0.4,-0.3960396039603964,0,highway_0,2,313.79074756265504,651.790747562655,,-1030.6275743350182
13.1,llm_0,654.7495446001172,-4.8,29.587970374622156,1000.0,,-0.4,-0.4,-0.4,-0.4,-0.3960396039603964,0,highway_0,2,316.74954460011725,654.7495446001172,,-1030.587970374622
13.2,llm_0,657.7043812415399,-4.8,29.548366414226116,1000.0,,-0.4,-0.4,-0.4,-0.4,-0.3960396039603964,0,highway_0,2,319.70438124153986,657.7043812415399,,-1030.5483664142262
13.3,llm_0,660.6552574869229,-4.8,29.508762453830077,1000.0,,-0.4,-0.4,-0.4,-0.4,-0.3960396039603964,0,highway_0,2,322.6552574869229,660.6552574869229,,-1030.50876245383
13.4,llm_0,663.6021733362663,-4.8,29.469158493434037,1000.0,,-0.4,-0.4,-0.4,-0.4,-0.3960396039603964,0,highway_0,2,325.60217333626633,663.6021733362663,,-1030.469158493434
13.5,llm_0,666.5451287895702,-4.8,29.429554533037997,1000.0,,-0.4,-0.4,-0.4,-0.4,-0.3960396039603964,0,highway_0,2,328.5451287895702,666.5451287895702,,-1030.429554533038
13.6,llm_0,669.4841841621082,-4.8,29.39055372538072,1000.0,,-0.3939081573384833,-0.3939081573384833,-0.3939081573384833,-0.3939081573384833,-0.3900080765727765,0,highway_0,2,331.48418416210825,669.4841841621082,,-1030.3905537253806
13.7,llm_0,672.4194695647815,-4.8,29.352854026731745,1000.0,,-0.3807669563546381,-0.3807669563546381,-0.3807669563546381,-0.3807669563546381,-0.37699698648975044,0,highway_0,2,334.4194695647815,672.4194695647815,,-1030.3528540267318
13.8,llm_0,675.3511109377935,-4.8,29.31641373012037,1000.0,,-0.3680469957748931,-0.3680469957748931,-0.3680469957748931,-0.3680469957748931,-0.3644029661137438,0,highway_0,2,337.35111093779346,675.3511109377935,,-1030.3164137301203
13.9,llm_0,678.2792302170868,-4.8,29.28119279293363,1000.0,,-0.35573146558609414,-0.35573146558609414,-0.35573146558609414,-0.35573146558609414,-0.35220937186739576,0,highway_0,2,340.2792302170868,678.2792302170868,,-1030.2811927929336
14.0,llm_0,681.2039454922733,-4.8,29.247152751864853,1000.0,,-0.3438044147946697,-0.3438044147946697,-0.3438044147946697,-0.3438044147946697,-0.3404004106877778,0,highway_0,2,343.2039454922733,681.2039454922733,,-1030.2471527518649
14.1,llm_0,684.1253711565903,-4.8,29.214256643169573,1000.0,,-0.3322506978223445,-0.3322506978223445,-0.3322506978223445,-0.3322506978223445,-0.3289610869527948,0,highway_0,2,346.1253711565903,684.1253711565903,,-1030.2142566431696
14.2,llm_0,687.0436180493743,-4.8,29.1824689278401,1000.0,,-0.321055924827639,-0.321055924827639,-0.321055924827639,-0.321055924827639,-0.31787715329471666,0,highway_0,2,349.04361804937434,687.0436180493743,,-1030.18246892784
14.3,llm_0,689.9587935915087,-4.8,29.15175542134267,1000.0,,-0.3102064156240756,-0.3102064156240756,-0.3102064156240756,-0.3102064156240756,-0.307135064974311,0,highway_0,2,351.95879359150865,689.9587935915087,,-1030.1517554213426
14.4,llm_0,692.8710019142677,-4.8,29.122083227590487,1000.0,,-0.29968915689702613,-0.29968915689702613,-0.29968915689702613,-0.29968915689702613,-0.29672193752183773,0,highway_0,2,354.8710019142677,692.8710019142677,,-1030.1220832275906
14.5,llm_0,695.780343981953,-4.8,29.093420676852972,1000.0,,-0.28949176244889396,-0.28949176244889396,-0.28949176244889396,-0.28949176244889396,-0.2866255073751489,0,highway_0,2,357.780343981953,695.780343981953,,-1030.093420676853
14.6,llm_0,698.6869177086855,-4.8,29.065737267325524,1000.0,,-0.2796024362272216,-0.2796024362272216,-0.2796024362272216,-0.2796024362272216,-0.2768340952744808,0,highway_0,2,360.68691770868554,698.6869177086855,,-1030.0657372673256
14.7,llm_0,701.5908180696962,-4.8,29.039003610106445,1000.0,,-0.27000993791267724,-0.27000993791267724,-0.27000993791267724,-0.27000993791267724,-0.26733657219079277,0,highway_0,2,363.5908180696962,701.5908180696962,,-1030.0390036101064
14.8,llm_0,704.4921372074309,-4.8,29.013191377347635,1000.0,,-0.26070355086397523,-0.26070355086397523,-0.26070355086397523,-0.26070355086397523,-0.2581223275880973,0,highway_0,2,366.4921372074309,704.4921372074309,,-1030.0131913773475
14.9,llm_0,707.3909645327673,-4.8,28.988273253363985,1000.0,,-0.2516730522348616,-0.2516730522348616,-0.2516730522348616,-0.2516730522348616,-0.24918123983649565,0,highway_0,2,369.39096453276727,707.3909645327673,,-1029.988273253364
15.0,llm_0,710.2873868216176,-4.8,28.96422288850313,1000.0,,-0.24290868509463848,-0.24290868509463848,-0.24290868509463848,-0.24290868509463848,-0.2405036486085521,0,highway_0,2,372.2873868216176,710.2873868216176,,-1029.9642228885032
15.1,llm_0,713.1814883071768,-4.8,28.9410148555924,1000.0,,-0.23440113239834726,-0.23440113239834726,-0.23440113239834726,-0.23440113239834726,-0.2320803291073048,0,highway_0,2,375.1814883071768,713.1814883071768,,-1029.9410148555924
15.2,llm_0,716.0733507680561,-4.8,28.918624608793777,1000.0,,-0.22614149266610029,-0.22614149266610029,-0.22614149266610029,-0.22614149266610029,-0.22390246798622115,0,highway_0,2,378.0733507680561,716.0733507680561,,-1029.9186246087938
15.3,llm_0,718.9630536125271,-4.8,28.897028444710312,1000.0,,-0.21812125724299025,-0.21812125724299025,-0.21812125724299025,-0.21812125724299025,-0.21596164083465652,0,highway_0,2,380.9630536125271,718.9630536125271,,-1029.8970284447103
15.4,llm_0,721.8506739590871,-4.8,28.876203465599232,1000.0,,-0.21033228902191836,-0.21033228902191836,-0.21033228902191836,-0.21033228902191836,-0.208249791110795,0,highway_0,2,383.8506739590871,721.8506739590871,,-1029.8762034655992
15.5,llm_0,724.7362867135429,-4.8,28.856127544557495,1000.0,,-0.20276680252154278,-0.20276680252154278,-0.20276680252154278,-0.20276680252154278,-0.20075921041737388,0,highway_0,2,386.7362867135429,724.7362867135429,,-1029.8561275445575
15.6,llm_0,727.6199646427984,-4.8,28.83677929255547,1000.0,,-0.19541734522046306,-0.19541734522046306,-0.19541734522046306,-0.19541734522046306,-0.1934825200202539,0,highway_0,2,389.61996464279844,727.6199646427984,,-1029.8367792925555
15.7,llm_0,730.5017784455188,-4.8,28.818138027203304,1000.0,,-0.18827678005689763,-0.18827678005689763,-0.18827678005689763,-0.18827678005689763,-0.18641265352165703,0,highway_0,2,392.50177844551877,730.5017784455188,,-1029.8181380272033
15.8,llm_0,733.3817968198331,-4.8,28.800183743142863,1000.0,,-0.18133826901047567,-0.18133826901047567,-0.18133826901047567,-0.18133826901047567,-0.17954284060440528,0,highway_0,2,395.3817968198331,733.3817968198331,,-1029.800183743143
15.9,llm_0,736.2600865282296,-4.8,28.782897083965686,1000.0,,-0.1745952576894756,-0.1745952576894756,-0.1745952576894756,-0.1745952576894756,-0.172866591771772,0,highway_0,2,398.26008652822964,736.2600865282296,,-1029.7828970839657
16.0,llm_0,739.136712459786,-4.8,28.766259315564405,1000.0,,-0.16804146085296612,-0.16804146085296612,-0.16804146085296612,-0.16804146085296612,-0.16637768401281505,0,highway_0,2,401.13671245978605,739.136712459786,,-1029.7662593155644
16.1,llm_0,742.0117376898692,-4.8,28.75025230083145,1000.0,,-0.1616708488028773,-0.1616708488028773,-0.1616708488028773,-0.1616708488028773,-0.16007014732956293,0,highway_0,2,404.01173768986916,742.0117376898692,,-1029.7502523008316
16.2,llm_0,744.8852235374317,-4.8,28.734858475624904,1000.0,,-0.1554776345860871,-0.1554776345860871,-0.1554776345860871,-0.1554776345860871,-0.1539382520654442,0,highway_0,2,406.88522353743167,744.8852235374317,,-1029.7348584756248
16.3,llm_0,747.7572296200243,-4.8,28.72006082592676,1000.0,,-0.1494562619512929,-0.1494562619512929,-0.1494562619512929,-0.1494562619512929,-0.14797649698145676,0,highway_0,2,409.7572296200243,747.7572296200243,,-1029.7200608259268
16.4,llm_0,750.6278139066367,-4.8,28.705842866123824,1000.0,,-0.14360139400965277,-0.14360139400965277,-0.14360139400965277,-0.14360139400965277,-0.14217959802934388,0,highway_0,2,412.6278139066367,750.6278139066367,,-1029.705842866124
16.5,llm_0,753.4970327684713,-4.8,28.692188618346396,1000.0,,-0.13790790255204888,-0.13790790255204888,-0.13790790255204888,-0.13790790255204888,-0.13654247777427742,0,highway_0,2,415.4970327684713,753.4970327684713,,-1029.6921886183463
16.6,llm_0,756.3649410277517,-4.8,28.679082592803876,1000.0,,-0.1323708579794296,-0.1323708579794296,-0.1323708579794296,-0.1323708579794296,-0.13106025542519717,0,highway_0,2,418.3649410277517,756.3649410277517,,-1029.679082592804
16.7,llm_0,759.2315920046577,-4.8,28.66650976906072,1000.0,,-0.12698551980589046,-0.12698551980589046,-0.12698551980589046,-0.12698551980589046,-0.12572823743155936,0,highway_0,2,421.2315920046577,759.2315920046577,,-1029.6665097690607
16.8,llm_0,762.0970375624777,-4.8,28.654455578199617,1000.0,,-0.1217473276971599,-0.1217473276971599,-0.1217473276971599,-0.1217473276971599,-0.1205419086110382,0,highway_0,2,424.0970375624777,762.0970375624777,,-1029.6544555781995
16.9,llm_0,764.9613281510599,-4.8,28.642905885822397,1000.0,,-0.11665189300991008,-0.11665189300991008,-0.11665189300991008,-0.11665189300991008,-0.11549692377219145,0,highway_0,2,426.9613281510599,764.9613281510599,,-1029.6429058858223
17.0,llm_0,767.8245128486441,-4.8,28.63184697584222,1000.0,,-0.11169499079980216,-0.11169499079980216,-0.11169499079980216,-0.11169499079980216,-0.11058909980178555,0,highway_0,2,429.8245128486441,767.8245128486441,,-1029.631846975842
17.1,llm_0,770.6866394021464,-4.8,28.621265535023554,1000.0,,-0.106872552268511,-0.106872552268511,-0.106872552268511,-0.106872552268511,-0.105814408186653,0,highway_0,2,432.6866394021464,770.6866394021464,,-1029.6212655350237
17.2,llm_0,773.5477542659693,-4.8,28.611148638229288,1000.0,,-0.10218065762209738,-0.10218065762209738,-0.10218065762209738,-0.10218065762209738,-0.10116896794265529,0,highway_0,2,435.5477542659693,773.5477542659693,,-1029.6111486382292
17.3,llm_0,776.4079026394029,-4.8,28.60148373433671,1000.0,,-0.09761552931504536,-0.09761552931504536,-0.09761552931504536,-0.09761552931504536,-0.0966490389257757,0,highway_0,2,438.4079026394029,776.4079026394029,,-1029.6014837343366
17.4,llm_0,779.2671285026815,-4.8,28.592258632786603,1000.0,,-0.0931735256560926,-0.0931735256560926,-0.0931735256560926,-0.0931735256560926,-0.09225101550107695,0,highway_0,2,441.26712850268154,779.2671285026815,,-1029.5922586327865
17.5,llm_0,782.1254746517548,-4.8,28.583461490731786,1000.0,,-0.08885113475366557,-0.08885113475366557,-0.08885113475366557,-0.08885113475366557,-0.08797142054817186,0,highway_0,2,444.12547465175476,782.1254746517548,,-1029.5834614907317
17.6,llm_0,784.9829827318301,-4.8,28.575080800753543,1000.0,,-0.08464496878021865,-0.08464496878021865,-0.08464496878021865,-0.08464496878021865,-0.08380689978242373,0,highway_0,2,446.98298273183013,784.9829827318301,,-1029.5750808007535
17.7,llm_0,787.8396932697418,-4.8,28.567105379116292,1000.0,,-0.08055175853625385,-0.08055175853625385,-0.08055175853625385,-0.08055175853625385,-0.07975421637251401,0,highway_0,2,449.8396932697418,787.8396932697418,,-1029.5671053791164
17.8,llm_0,790.695645705195,-4.8,28.559524354532524,1000.0,,-0.07656834829605486,-0.07656834829605486,-0.07656834829605486,-0.07656834829605486,-0.0758102458376797,0,highway_0,2,452.69564570519503,790.695645705195,,-1029.5595243545324
17.9,llm_0,793.5508784209362,-4.8,28.552327157411888,1000.0,,-0.07269169091840788,-0.07269169091840788,-0.07269169091840788,-0.07269169091840788,-0.07197197120635934,0,highway_0,2,455.5508784209362,793.5508784209362,,-1029.5523271574118
18.0,llm_0,796.4054287718932,-4.8,28.54550350956964,1000.0,,-0.0689188432066905,-0.0689188432066905,-0.0689188432066905,-0.0689188432066905,-0.06823647842246316,0,highway_0,2,458.4054287718932,796.4054287718932,,-1029.5455035095697
18.1,llm_0,799.2593331133303,-4.8,28.539043414371246,1000.0,,-0.06524696150377318,-0.06524696150377318,-0.06524696150377318,-0.06524696150377318,-0.06460095198395521,0,highway_0,2,461.2593331133303,799.2593331133303,,-1029.5390434143712
18.2,llm_0,802.1126268280594,-4.8,28.53293714729124,1000.0,,-0.06167329750806516,-0.06167329750806516,-0.06167329750806516,-0.06167329750806516,-0.06106267080006944,0,highway_0,2,464.11262682805943,802.1126268280594,,-1029.5329371472912
18.3,llm_0,804.965344352746,-4.8,28.527175246865692,1000.0,,-0.058195194298037434,-0.058195194298037434,-0.058195194298037434,-0.058195194298037434,-0.057619004255471395,0,highway_0,2,466.965344352746,804.965344352746,,-1029.5271752468657
18.4,llm_0,807.8175192033478,-4.8,28.521748506018834,1000.0,,-0.05481008255326181,-0.05481008255326181,-0.05481008255326181,-0.05481008255326181,-0.054267408468575695,0,highway_0,2,469.81751920334784,807.8175192033478,,-1029.5217485060189
18.5,llm_0,810.6691839997223,-4.8,28.51664796374548,1000.0,,-0.05151547696087477,-0.05151547696087477,-0.05151547696087477,-0.05151547696087477,-0.05100542273353881,0,highway_0,2,472.66918399972235,810.6691839997223,,-1029.5166479637455
18.6,llm_0,813.5203704894355,-4.8,28.511864897131918,1000.0,,-0.048308972797006744,-0.048308972797006744,-0.048308972797006744,-0.048308972797006744,-0.047830666135624256,0,highway_0,2,475.52037048943555,813.5203704894355,,-1029.511864897132
18.7,llm_0,816.3711095708054,-4.8,28.507390813698905,1000.0,,-0.04518824267342314,-0.04518824267342314,-0.04518824267342314,-0.04518824267342314,-0.04474083433013476,0,highway_0,2,478.3711095708054,816.3711095708054,,-1029.507390813699
18.8,llm_0,819.2214313152106,-4.8,28.503217444051355,1000.0,,-0.04215103344022464,-0.04215103344022464,-0.04215103344022464,-0.04215103344022464,-0.04173369647549663,0,highway_0,2,481.22143131521057,819.2214313152106,,-1029.5032174440514
18.9,llm_0,822.0713649886926,-4.8,28.499336734820066,1000.0,,-0.03919516323602368,-0.03919516323602368,-0.03919516323602368,-0.03919516323602368,-0.03880709231289359,0,highway_0,2,484.0713649886926,822.0713649886926,,-1029.49933673482
19.0,llm_0,824.9209390728807,-4.8,28.495740841881695,1000.0,,-0.03631851867754565,-0.03631851867754565,-0.03631851867754565,-0.03631851867754565,-0.03595892938371037,0,highway_0,2,486.92093907288074,824.9209390728807,,-1029.4957408418818
19.1,llm_0,827.7701812852652,-4.8,28.492422123843962,1000.0,,-0.03351905218109441,-0.03351905218109441,-0.03351905218109441,-0.03351905218109441,-0.033187180377325376,0,highway_0,2,489.77018128526515,827.7701812852652,,-1029.4924221238439
19.2,llm_0,830.6191185988436,-4.8,28.489373135783687,1000.0,,-0.030794779408801487,-0.030794779408801487,-0.030794779408801487,-0.030794779408801487,-0.03048988060275093,0,highway_0,2,492.61911859884356,830.6191185988436,,-1029.4893731357836
19.3,llm_0,833.4677772611661,-4.8,28.486586623225968,1000.0,,-0.02814377683298175,-0.02814377683298175,-0.02814377683298175,-0.02814377683298175,-0.02786512557719334,0,highway_0,2,495.46777726116613,833.4677772611661,,-1029.486586623226
19.4,llm_0,836.3161828128015,-4.8,28.48405551635346,1000.0,,-0.02556417941233402,-0.02556417941233402,-0.02556417941233402,-0.02556417941233402,-0.025311068725066832,0,highway_0,2,498.31618281280146,836.3161828128015,,-1029.4840555163535
19.5,llm_0,839.164360105245,-4.8,28.481772924435234,1000.0,,-0.0230541783740994,-0.0230541783740994,-0.0230541783740994,-0.0230541783740994,-0.02282591918227439,0,highway_0,2,501.164360105245,839.164360105245,,-1029.4817729244353
19.6,llm_0,842.0123333182916,-4.8,28.47973213046527,1000.0,,-0.02061201909663901,-0.02061201909663901,-0.02061201909663901,-0.02061201909663901,-0.020407939699644828,0,highway_0,2,504.01233331829155,842.0123333182916,,-1029.4797321304652
19.7,llm_0,844.8601259768917,-4.8,28.47792658600119,1000.0,,-0.018235999087207855,-0.018235999087207855,-0.018235999087207855,-0.018235999087207855,-0.018055444640801,0,highway_0,2,506.8601259768917,844.8601259768917,,-1029.477926586001
19.8,llm_0,847.7077609675111,-4.8,28.476349906194255,1000.0,,-0.015924466050021957,-0.015924466050021957,-0.015924466050021957,-0.015924466050021957,-0.015766798069343224,0,highway_0,2,509.70776096751115,847.7077609675111,,-1029.4763499061942
19.9,llm_0,850.5552605540114,-4.8,28.474995865002175,1000.0,,-0.01367581603999457,-0.01367581603999457,-0.01367581603999457,-0.01367581603999457,-0.013540411920800466,0,highway_0,2,512.5552605540114,850.5552605540114,,-1029.4749958650023
20.0,llm_0,853.4026463930691,-4.8,28.473858390576652,1000.0,,-0.01148849169777666,-0.01148849169777666,-0.01148849169777666,-0.01148849169777666,-0.011374744255228109,0,highway_0,2,515.4026463930691,853.4026463930691,,-1029.4738583905767
20.1,llm_0,856.2499395491509,-4.8,28.472931560818036,1000.0,,-0.009360980561999632,-0.009360980561999632,-0.009360980561999632,-0.009360980561999632,-0.009268297586153551,0,highway_0,2,518.2499395491509,856.2499395491509,,-1029.472931560818
20.2,llm_0,859.0971605090599,-4.8,28.472209599089833,1000.0,,-0.0072918134548407565,-0.0072918134548407565,-0.0072918134548407565,-0.0072918134548407565,-0.0072196172820326865,0,highway_0,2,521.0971605090599,859.0971605090599,,-1029.4722095990899
20.3,llm_0,861.9443291960686,-4.8,28.471686870086142,1000.0,,-0.005279562937258397,-0.005279562937258397,-0.005279562937258397,-0.005279562937258397,-0.005227290036913246,0,highway_0,2,523.9443291960686,861.9443291960686,,-1029.4716868700862
20.4,llm_0,864.7914649836531,-4.8,28.471357875845502,1000.0,,-0.003322841830445178,-0.003322841830445178,-0.003322841830445178,-0.003322841830445178,-0.0032899424063970173,0,highway_0,2,526.7914649836531,864.7914649836531,,-1029.4713578758456
20.5,llm_0,867.6385867088436,-4.8,28.471217251904886,1000.0,,-0.0014203018002370005,-0.0014203018002370005,-0.0014203018002370005,-0.0014203018002370005,-0.001406239406165355,0,highway_0,2,529.6385867088436,867.6385867088436,,-1029.4712172519048
20.6,llm_0,870.4857084340341,-4.8,28.471217251904886,1000.0,,0.0,0.0,0.0,0.0,0.0,0,highway_0,2,532.4857084340341,870.4857084340341,,-1029.4712172519048
20.7,llm_0,873.3328301592246,-4.8,28.471217251904886,1000.0,,0.0,0.0,0.0,0.0,0.0,0,highway_0,2,535.3328301592246,873.3328301592246,,-1029.4712172519048
20.8,llm_0,876.1799518844151,-4.8,28.471217251904886,1000.0,,0.0,0.0,0.0,0.0,0.0,0,highway_0,2,538.1799518844151,876.1799518844151,,-1029.4712172519048
20.9,llm_0,879.0270736096056,-4.8,28.471217251904886,1000.0,,0.0,0.0,0.0,0.0,0.0,0,highway_0,2,541.0270736096056,879.0270736096056,,-1029.4712172519048
21.0,llm_0,881.8741953347961,-4.8,28.471217251904886,1000.0,,0.0,0.0,0.0,0.0,0.0,0,highway_0,2,543.8741953347961,881.8741953347961,,-1029.4712172519048
21.1,llm_0,884.7213170599866,-4.8,28.471217251904886,1000.0,,0.0,0.0,0.0,0.0,0.0,0,highway_0,2,546.7213170599866,884.7213170599866,,-1029.4712172519048
21.2,llm_0,887.5684387851771,-4.8,28.471217251904886,1000.0,,0.0,0.0,0.0,0.0,0.0,0,highway_0,2,549.5684387851771,887.5684387851771,,-1029.4712172519048
21.3,llm_0,890.4155605103676,-4.8,28.471217251904886,1000.0,,0.0,0.0,0.0,0.0,0.0,0,highway_0,2,552.4155605103676,890.4155605103676,,-1029.4712172519048
21.4,llm_0,893.2626822355581,-4.8,28.471217251904886,1000.0,,0.0,0.0,0.0,0.0,0.0,0,highway_0,2,555.2626822355581,893.2626822355581,,-1029.4712172519048
21.5,llm_0,896.1098039607486,-4.8,28.471217251904886,1000.0,,0.0,0.0,0.0,0.0,0.0,0,highway_0,2,558.1098039607486,896.1098039607486,,-1029.4712172519048
21.6,llm_0,898.9569256859392,-4.8,28.471217251904886,1000.0,,0.0,0.0,0.0,0.0,0.0,0,highway_0,2,560.9569256859392,898.9569256859392,,-1029.4712172519048
21.7,llm_0,901.8040474111297,-4.8,28.471217251904886,1000.0,,0.0,0.0,0.0,0.0,0.0,0,highway_0,2,563.8040474111297,901.8040474111297,,-1029.4712172519048
21.8,llm_0,904.6511691363203,-4.8,28.471217251904886,1000.0,,0.0,0.0,0.0,0.0,0.0,0,highway_0,2,566.6511691363202,904.6511691363202,,-1029.4712172519048
21.9,llm_0,907.4982908615107,-4.8,28.471217251904886,1000.0,,0.0,0.0,0.0,0.0,0.0,0,highway_0,2,569.4982908615107,907.4982908615107,,-1029.4712172519048
22.0,llm_0,910.3454125867013,-4.8,28.471217251904886,1000.0,,0.0,0.0,0.0,0.0,0.0,0,highway_0,2,572.3454125867012,910.3454125867012,,-1029.4712172519048
22.1,llm_0,913.1925343118917,-4.8,28.471217251904886,1000.0,,0.0,0.0,0.0,0.0,0.0,0,highway_0,2,575.1925343118917,913.1925343118917,,-1029.4712172519048
22.2,llm_0,916.0396560370822,-4.8,28.471217251904886,1000.0,,0.0,0.0,0.0,0.0,0.0,0,highway_0,2,578.0396560370822,916.0396560370822,,-1029.4712172519048
22.3,llm_0,918.8867777622726,-4.8,28.471217251904886,1000.0,,0.0,0.0,0.0,0.0,0.0,0,highway_0,2,580.8867777622727,918.8867777622727,,-1029.4712172519048
22.4,llm_0,921.7338994874632,-4.8,28.471217251904886,1000.0,,0.0,0.0,0.0,0.0,0.0,0,highway_0,2,583.7338994874632,921.7338994874632,,-1029.4712172519048
22.5,llm_0,924.5810212126536,-4.8,28.471217251904886,1000.0,,0.0,0.0,0.0,0.0,0.0,0,highway_0,2,586.5810212126537,924.5810212126537,,-1029.4712172519048
22.6,llm_0,927.4281429378442,-4.8,28.471217251904886,1000.0,,0.0,0.0,0.0,0.0,0.0,0,highway_0,2,589.4281429378442,927.4281429378442,,-1029.4712172519048
22.7,llm_0,930.2752646630348,-4.8,28.471217251904886,1000.0,,0.0,0.0,0.0,0.0,0.0,0,highway_0,2,592.2752646630347,930.2752646630347,,-1029.4712172519048
22.8,llm_0,933.1223863882252,-4.8,28.471217251904886,1000.0,,0.0,0.0,0.0,0.0,0.0,0,highway_0,2,595.1223863882252,933.1223863882252,,-1029.4712172519048
22.9,llm_0,935.9695081134158,-4.8,28.471217251904886,1000.0,,0.0,0.0,0.0,0.0,0.0,0,highway_0,2,597.9695081134157,935.9695081134157,,-1029.4712172519048
23.0,llm_0,938.8166298386062,-4.8,28.471217251904886,1000.0,,0.0,0.0,0.0,0.0,0.0,0,highway_0,2,600.8166298386062,938.8166298386062,,-1029.4712172519048
23.1,llm_0,941.6637515637967,-4.8,28.471217251904886,1000.0,,0.0,0.0,0.0,0.0,0.0,0,highway_0,2,603.6637515637967,941.6637515637967,,-1029.4712172519048
23.2,llm_0,944.5108732889871,-4.8,28.471217251904886,1000.0,,0.0,0.0,0.0,0.0,0.0,0,highway_0,2,606.5108732889872,944.5108732889872,,-1029.4712172519048
23.3,llm_0,947.3579950141777,-4.8,28.471217251904886,1000.0,,0.0,0.0,0.0,0.0,0.0,0,highway_0,2,609.3579950141777,947.3579950141777,,-1029.4712172519048
23.4,llm_0,950.2051167393681,-4.8,28.471217251904886,1000.0,,0.0,0.0,0.0,0.0,0.0,0,highway_0,2,612.2051167393682,950.2051167393682,,-1029.4712172519048
23.5,llm_0,953.0522384645587,-4.8,28.471217251904886,1000.0,,0.0,0.0,0.0,0.0,0.0,0,highway_0,2,615.0522384645587,953.0522384645587,,-1029.4712172519048
23.6,llm_0,955.8993601897494,-4.8,28.471217251904886,1000.0,,0.0,0.0,0.0,0.0,0.0,0,highway_0,2,617.8993601897492,955.8993601897492,,-1029.4712172519048
23.7,llm_0,958.7464819149397,-4.8,28.471217251904886,1000.0,,0.0,0.0,0.0,0.0,0.0,0,highway_0,2,620.7464819149397,958.7464819149397,,-1029.4712172519048
23.8,llm_0,961.5936036401304,-4.8,28.471217251904886,1000.0,,0.0,0.0,0.0,0.0,0.0,0,highway_0,2,623.5936036401303,961.5936036401303,,-1029.4712172519048
23.9,llm_0,964.4407253653208,-4.8,28.471217251904886,1000.0,,0.0,0.0,0.0,0.0,0.0,0,highway_0,2,626.4407253653208,964.4407253653208,,-1029.4712172519048
24.0,llm_0,967.2883371527013,-4.8,28.476117873805517,1000.0,,0.049496281196344305,0.049496281196344305,0.049496281196344305,0.049496281196344305,0.04900621900631563,0,highway_0,2,629.2883371527013,967.2883371527013,,-1029.4761178738056
24.1,llm_0,970.1364436084702,-4.8,28.481064557688462,1000.0,,0.04996150721771797,0.04996150721771797,0.04996150721771797,0.04996150721771797,0.0494668388294528,0,highway_0,2,632.1364436084701,970.1364436084701,,-1029.4810645576886
24.2,llm_0,972.9850491369035,-4.8,28.48605528433289,1000.0,,0.05040633910868919,0.05040633910868919,0.05040633910868919,0.05040633910868919,0.049907266444257914,0,highway_0,2,634.9850491369034,972.9850491369034,,-1029.486055284333
24.3,llm_0,975.8341579450241,-4.8,28.491088081205806,1000.0,,0.05083124841647502,0.05083124841647502,0.05083124841647502,0.05083124841647502,0.050327968729177996,0,highway_0,2,637.834157945024,975.834157945024,,-1029.4910880812058
24.4,llm_0,978.6837740471681,-4.8,28.496161021440166,1000.0,,0.051236696367037426,0.051236696367037426,0.051236696367037426,0.051236696367037426,0.050729402343598906,0,highway_0,2,640.6837740471681,978.6837740471681,,-1029.4961610214402
24.5,llm_0,981.533901269452,-4.8,28.501272222839177,1000.0,,0.05162313413003616,0.05162313413003616,0.05162313413003616,0.05162313413003616,0.051112013990106675,0,highway_0,2,643.533901269452,981.533901269452,,-1029.5012722228391
24.6,llm_0,984.3845432541425,-4.8,28.506419846906034,1000.0,,0.05199100307523574,0.05199100307523574,0.05199100307523574,0.05199100307523574,0.05147624066857759,0,highway_0,2,646.3845432541426,984.3845432541426,,-1029.506419846906
24.7,llm_0,987.2357034639325,-4.8,28.511602097898184,1000.0,,0.052340735020694806,0.052340735020694806,0.052340735020694806,0.052340735020694806,0.051822509921493065,0,highway_0,2,649.2357034639324,987.2357034639324,,-1029.5116020978983
24.8,llm_0,990.0873851861229,-4.8,28.516817221905416,1000.0,,0.05267275247305292,0.05267275247305292,0.05267275247305292,0.05267275247305292,0.05215124007232674,0,highway_0,2,652.0873851861229,990.0873851861229,,-1029.5168172219055
24.9,llm_0,992.939591536718,-4.8,28.522063505950985,1000.0,,0.052987468860214104,0.052987468860214104,0.052987468860214104,0.052987468860214104,0.052462840455689275,0,highway_0,2,654.939591536718,992.939591536718,,-1029.5220635059509
25.0,llm_0,995.7923254644295,-4.8,28.527339277115015,1000.0,,0.05328528875670402,0.05328528875670402,0.05328528875670402,0.05328528875670402,0.052757711640296634,0,highway_0,2,657.7923254644295,995.7923254644295,,-1029.527339277115
25.1,llm_0,998.6455897545975,-4.8,28.53264290167957,1000.0,,0.053566608101998425,0.053566608101998425,0.053566608101998425,0.053566608101998425,0.053036245645543545,0,highway_0,2,660.6455897545975,998.6455897545975,,-1029.5326429016795
25.2,llm_0,1001.4993870330271,-4.8,28.537972784294627,1000.0,,0.0538318144120572,0.0538318144120572,0.0538318144120572,0.0538318144120572,0.05329882615058068,0,highway_0,2,663.499387033027,1001.499387033027,,-1029.5379727842947
25.3,llm_0,1004.3537197697434,-4.8,28.543327367164363,1000.0,,0.05408128698434078,0.05408128698434078,0.05408128698434078,0.05408128698434078,0.05354582869735225,0,highway_0,2,666.3537197697434,1004.3537197697434,,-1029.5433273671645
25.4,llm_0,1007.2085902826689,-4.8,28.54870512925313,1000.0,,0.05431539709653621,0.05431539709653621,0.05431539709653621,0.05431539709653621,0.05377762088766502,0,highway_0,2,669.2085902826688,1007.2085902826688,,-1029.5487051292532
25.5,llm_0,1010.06400074122,-4.8,28.554104585510476,1000.0,,0.054534508199224896,0.054534508199224896,0.054534508199224896,0.054534508199224896,0.05399456257347168,0,highway_0,2,672.0640007412198,1010.0640007412198,,-1029.5541045855105
25.6,llm_0,1012.9199531698312,-4.8,28.559524286114705,1000.0,,0.054738976102728154,0.054738976102728154,0.054738976102728154,0.054738976102728154,0.054197006042286944,0,highway_0,2,674.9199531698313,1012.9199531698313,,-1029.5595242861148
25.7,llm_0,1015.7764494514048,-4.8,28.56496281573434,1000.0,,0.0549291491583197,0.0549291491583197,0.0549291491583197,0.0549291491583197,0.05438529619635091,0,highway_0,2,677.7764494514047,1015.7764494514047,,-1029.5649628157344
25.8,llm_0,1018.6334913306854,-4.8,28.570418792807015,1000.0,,0.05510536843403391,0.05510536843403391,0.05510536843403391,0.05510536843403391,0.05455977072674756,0,highway_0,2,680.6334913306854,1018.6334913306854,,-1029.570418792807
25.9,llm_0,1021.4910804175689,-4.8,28.57589086883526,1000.0,,0.05526796788524668,0.05526796788524668,0.05526796788524668,0.05526796788524668,0.05472076028244288,0,highway_0,2,683.4910804175689,1021.4910804175689,,-1029.5758908688354
26.0,llm_0,1024.349218190339,-4.8,28.581377727698648,1000.0,,0.05541727452022771,0.05541727452022771,0.05541727452022771,0.05541727452022771,0.05486858863388733,0,highway_0,2,686.3492181903389,1024.349218190339,,-1029.5813777276987
26.1,llm_0,1027.207905998837,-4.8,28.5868780849819,1000.0,,0.05555360856084113,0.05555360856084113,0.05555360856084113,0.05555360856084113,0.055003572832532655,0,highway_0,2,689.2079059988371,1027.207905998837,,-1029.586878084982
26.2,llm_0,1030.0671450675688,-4.8,28.592390687318392,1000.0,,0.05567728359856594,0.05567728359856594,0.05567728359856594,0.05567728359856594,0.055126023364913124,0,highway_0,2,692.0671450675688,1030.0671450675688,,-1029.5923906873184
26.3,llm_0,1032.9269364987438,-4.8,28.59791431174869,1000.0,,0.055788606746003166,0.055788606746003166,0.055788606746003166,0.055788606746003166,0.05523624430296081,0,highway_0,2,694.9269364987438,1032.9269364987438,,-1029.5979143117486
26.4,llm_0,1035.7872812752532,-4.8,28.60344776509364,1000.0,,0.0558878787840319,0.0558878787840319,0.0558878787840319,0.0558878787840319,0.05533453344952477,0,highway_0,2,697.7872812752532,1035.7872812752532,,-1029.6034477650937
26.5,llm_0,1038.6481941920833,-4.8,28.609129168302072,1000.0,,0.05738217240514831,0.05738217240514831,0.05738217240514831,0.05738217240514831,0.05681403208431135,0,highway_0,2,700.6481941920833,1038.6481941920833,,-1029.6091291683022
26.6,llm_0,1041.5097227443107,-4.8,28.61528552227282,1000.0,,0.06217917510452997,0.06217917510452997,0.06217917510452997,0.06217917510452997,0.061563539707485404,0,highway_0,2,703.5097227443107,1041.5097227443107,,-1029.6152855222729
26.7,llm_0,1044.3719133927261,-4.8,28.62190648415396,1000.0,,0.06687171499950395,0.06687171499950395,0.06687171499950395,0.06687171499950395,0.0662096188113992,0,highway_0,2,706.3719133927261,1044.3719133927261,,-1029.621906484154
26.8,llm_0,1047.2348115651662,-4.8,28.628981724400695,1000.0,,0.07145992649202904,0.07145992649202904,0.07145992649202904,0.07145992649202904,0.07075240246734893,0,highway_0,2,709.2348115651662,1047.2348115651662,,-1029.6289817244008
26.9,llm_0,1050.098461658443,-4.8,28.636500932769746,1000.0,,0.07594400452740468,0.07594400452740468,0.07594400452740468,0.07594400452740468,0.0751920836905029,0,highway_0,2,712.0984616584431,1050.098461658443,,-1029.6365009327696
27.0,llm_0,1052.9629070408337,-4.8,28.64445382390661,1000.0,,0.08032420048231481,0.08032420048231481,0.08032420048231481,0.08032420048231481,0.07952891136863371,0,highway_0,2,714.9629070408337,1052.9629070408337,,-1029.6444538239066
27.1,llm_0,1055.828190055088,-4.8,28.652830142544715,1000.0,,0.08460081824486465,0.08460081824486465,0.08460081824486465,0.08460081824486465,0.08376318638106284,0,highway_0,2,717.828190055088,1055.828190055088,,-1029.6528301425446
27.2,llm_0,1058.6943520219215,-4.8,28.661619668335018,1000.0,,0.08877421048203993,0.08877421048203993,0.08877421048203993,0.08877421048203993,0.08789525790302122,0,highway_0,2,720.6943520219215,1058.6943520219215,,-1029.661619668335
27.3,llm_0,1061.5614332439538,-4.8,28.670812220324084,1000.0,,0.09284477508957067,0.09284477508957067,0.09284477508957067,0.09284477508957067,0.09192551989066544,0,highway_0,2,723.5614332439538,1061.5614332439538,,-1029.670812220324
27.4,llm_0,1064.4294730100637,-4.8,28.68039766109827,1000.0,,0.0968129518192895,0.0968129518192895,0.0968129518192895,0.0968129518192895,0.09585440774184661,0,highway_0,2,726.4294730100637,1064.4294730100637,,-1029.6803976610984
27.5,llm_0,1067.2985096001248,-4.8,28.690365900611013,1000.0,,0.1006792190787319,0.1006792190787319,0.1006792190787319,0.1006792190787319,0.09968239512744503,0,highway_0,2,729.2985096001248,1067.2985096001248,,-1029.690365900611
27.6,llm_0,1070.1685802900959,-4.8,28.700706899709804,1000.0,,0.10444409089778195,0.10444409089778195,0.10444409089778195,0.10444409089778195,0.10340999098790604,0,highway_0,2,732.1685802900959,1070.1685802900959,,-1029.7007068997098
27.7,llm_0,1073.0397213574338,-4.8,28.7114106733788,1000.0,,0.10810811405687482,0.10810811405687482,0.10810811405687482,0.10810811405687482,0.10703773668996774,0,highway_0,2,735.0397213574338,1073.0397213574338,,-1029.7114106733789
27.8,llm_0,1075.911968086805,-4.8,28.72246729371261,1000.0,,0.11167186537149665,0.11167186537149665,0.11167186537149665,0.11167186537149665,0.1105662033381094,0,highway_0,2,737.911968086805,1075.911968086805,,-1029.7224672937127
27.9,llm_0,1078.7853547760687,-4.8,28.733866892636136,1000.0,,0.1151359491275914,0.1151359491275914,0.1151359491275914,0.1151359491275914,0.11399598923524934,0,highway_0,2,740.7853547760687,1078.7853547760687,,-1029.7338668926361
28.0,llm_0,1081.6599147425072,-4.8,28.745599664384898,1000.0,,0.11850099466245922,0.11850099466245922,0.11850099466245922,0.11850099466245922,0.11732771748761195,0,highway_0,2,743.6599147425072,1081.6599147425072,,-1029.7455996643848
28.1,llm_0,1084.5356803292832,-4.8,28.75765586775973,1000.0,,0.12176765408582779,0.12176765408582779,0.12176765408582779,0.12176765408582779,0.12056203374832819,0,highway_0,2,746.5356803292832,1084.5356803292832,,-1029.7576558677597
28.2,llm_0,1087.4126829121,-4.8,28.770025828169217,1000.0,,0.12493660013583463,0.12493660013583463,0.12493660013583463,0.12493660013583463,0.1236996040948668,0,highway_0,2,749.4126829121001,1087.4126829121,,-1029.7700258281693
28.3,llm_0,1090.2909529060473,-4.8,28.78269993947265,1000.0,,0.128008524164702,0.128008524164702,0.128008524164702,0.128008524164702,0.12674111303432767,0,highway_0,2,752.2909529060473,1090.2909529060473,,-1029.7826999394726
28.4,llm_0,1093.170519772611,-4.8,28.795668665635915,1000.0,,0.13098413424899114,0.13098413424899114,0.13098413424899114,0.13098413424899114,0.12968726163265387,0,highway_0,2,755.170519772611,1093.170519772611,,-1029.795668665636
28.5,llm_0,1096.0639480253133,-4.8,28.934282527022056,1000.0,,1.4,1.4,1.4,1.4,1.3861386138614051,0,highway_0,2,758.0639480253133,1096.0639480253133,,-1029.934282527022
28.6,llm_0,1098.9712376641542,-4.8,29.072896388408196,1000.0,,1.4,1.4,1.4,1.4,1.3861386138614051,0,highway_0,2,760.9712376641542,1098.9712376641542,,-1030.0728963884083
28.7,llm_0,1101.8923886891337,-4.8,29.211510249794337,1000.0,,1.4,1.4,1.4,1.4,1.3861386138614051,0,highway_0,2,763.8923886891337,1101.8923886891337,,-1030.2115102497944
28.8,llm_0,1104.8274011002518,-4.8,29.350124111180477,1000.0,,1.4,1.4,1.4,1.4,1.3861386138614051,0,highway_0,2,766.8274011002518,1104.8274011002518,,-1030.3501241111805
28.9,llm_0,1107.7762748975085,-4.8,29.488737972566618,1000.0,,1.4,1.4,1.4,1.4,1.3861386138614051,0,highway_0,2,769.7762748975085,1107.7762748975085,,-1030.4887379725667
29.0,llm_0,1110.7390100809039,-4.8,29.62735183395276,1000.0,,1.4,1.4,1.4,1.4,1.3861386138614051,0,highway_0,2,772.7390100809039,1110.7390100809039,,-1030.6273518339528
29.1,llm_0,1113.7156066504378,-4.8,29.7659656953389,1000.0,,1.4,1.4,1.4,1.4,1.3861386138614051,0,highway_0,2,775.7156066504378,1113.7156066504378,,-1030.765965695339
29.2,llm_0,1116.7060646061104,-4.8,29.90457955672504,1000.0,,1.4,1.4,1.4,1.4,1.3861386138614051,0,highway_0,2,778.7060646061104,1116.7060646061104,,-1030.9045795567251
29.3,llm_0,1119.7103839479216,-4.8,30.04319341811118,1000.0,,1.4,1.4,1.4,1.4,1.3861386138614051,0,highway_0,2,781.7103839479216,1119.7103839479216,,-1031.0431934181113
29.4,llm_0,1122.7285646758714,-4.8,30.18180727949732,1000.0,,1.4,1.4,1.4,1.4,1.3861386138614051,0,highway_0,2,784.7285646758714,1122.7285646758714,,-1031.1818072794972
29.5,llm_0,1125.7606067899599,-4.8,30.32042114088346,1000.0,,1.4,1.4,1.4,1.4,1.3861386138614051,0,highway_0,2,787.7606067899599,1125.7606067899599,,-1031.3204211408834
29.6,llm_0,1128.806510290187,-4.8,30.4590350022696,1000.0,,1.4,1.4,1.4,1.4,1.3861386138614051,0,highway_0,2,790.8065102901869,1128.806510290187,,-1031.4590350022695
29.7,llm_0,1131.8662751765526,-4.8,30.597648863655742,1000.0,,1.4,1.4,1.4,1.4,1.3861386138614051,0,highway_0,2,793.8662751765526,1131.8662751765526,,-1031.5976488636556
29.8,llm_0,1134.9250135887996,-4.8,30.58738412247168,1000.0,,-0.10367388595902227,-0.10367388595902227,-0.10367388595902227,-0.10367388595902227,-0.10264741184062842,0,highway_0,2,796.9250135887996,1134.9250135887996,,-1031.5873841224716
29.9,llm_0,1137.9826935683468,-4.8,30.576799795471562,1000.0,,-0.10690170270118404,-0.10690170270118404,-0.10690170270118404,-0.10690170270118404,-0.10584327000117355,0,highway_0,2,799.9826935683468,1137.9826935683468,,-1031.5767997954715
30.0,llm_0,1141.0392842628762,-4.8,30.565906945294795,1000.0,,-0.11001778678533225,-0.11001778678533225,-0.11001778678533225,-0.11001778678533225,-0.10892850176766444,0,highway_0,2,803.0392842628762,1141.0392842628762,,-1031.5659069452947
30.1,llm_0,1144.0947559392832,-4.8,30.554716764070626,1000.0,,-0.11302083036411847,-0.11302083036411847,-0.11302083036411847,-0.11302083036411847,-0.11190181224169038,0,highway_0,2,806.0947559392832,1144.0947559392832,,-1031.5547167640707
30.2,llm_0,1147.1490799955177,-4.8,30.543240562344216,1000.0,,-0.1159096374367381,-0.1159096374367381,-0.1159096374367381,-0.1159096374367381,-0.1147620172640984,0,highway_0,2,809.1490799955177,1147.1490799955177,,-1031.5432405623442
30.3,llm_0,1150.2022289713002,-4.8,30.531489757825266,1000.0,,-0.11868312564140981,-0.11868312564140981,-0.11868312564140981,-0.11868312564140981,-0.11750804518950275,0,highway_0,2,812.2022289713002,1150.2022289713002,,-1031.5314897578253
30.4,llm_0,1153.2541765576984,-4.8,30.519475863983242,1000.0,,-0.12134032780444137,-0.12134032780444137,-0.12134032780444137,-0.12134032780444137,-0.12013893842024004,0,highway_0,2,815.2541765576984,1153.2541765576984,,-1031.5194758639832
30.5,llm_0,1156.3048976055497,-4.8,30.50721047851381,1000.0,,-0.12388039324128375,-0.12388039324128375,-0.12388039324128375,-0.12388039324128375,-0.12265385469433454,0,highway_0,2,818.3048976055497,1156.3048976055497,,-1031.5072104785138
30.6,llm_0,1159.3543681327199,-4.8,30.49470527170133,1000.0,,-0.12630258880602518,-0.12630258880602518,-0.12630258880602518,-0.12630258880602518,-0.12505206812477354,0,highway_0,2,821.3543681327199,1159.3543681327199,,-1031.4947052717014
30.7,llm_0,1162.40256533019,-4.8,30.481971974702656,1000.0,,-0.12860629968665238,-0.12860629968665238,-0.12860629968665238,-0.12860629968665238,-0.12733296998675314,0,highway_0,2,824.4025653301901,1162.40256533019,,-1031.4819719747027
30.8,llm_0,1165.4494675669678,-4.8,30.469022367777455,1000.0,,-0.13079102994453806,-0.13079102994453806,-0.13079102994453806,-0.13079102994453806,-0.1294960692520064,0,highway_0,2,827.4494675669678,1165.4494675669678,,-1031.4690223677774
30.9,llm_0,1168.4950543938169,-4.8,30.455868268490576,1000.0,,-0.13285640279746902,-0.13285640279746902,-0.13285640279746902,-0.13285640279746902,-0.13154099286879273,0,highway_0,2,830.4950543938169,1168.4950543938169,,-1031.4558682684906
31.0,llm_0,1171.5393065458081,-4.8,30.442521519911686,1000.0,,-0.13480216064679462,-0.13480216064679462,-0.13480216064679462,-0.13480216064679462,-0.13346748578889844,0,highway_0,2,833.5393065458081,1171.5393065458081,,-1031.4425215199117
31.1,llm_0,1174.5822059436919,-4.8,30.428993978837433,1000.0,,-0.1366281648499572,-0.1366281648499572,-0.1366281648499572,-0.1366281648499572,-0.1352754107425369,0,highway_0,2,836.5822059436919,1174.5822059436919,,-1031.4289939788375
31.2,llm_0,1177.623735694098,-4.8,30.415297504061108,1000.0,,-0.13833439524086777,-0.13833439524086777,-0.13833439524086777,-0.13833439524086777,-0.13696474776324408,0,highway_0,2,839.6237356940981,1177.623735694098,,-1031.415297504061
31.3,llm_0,1180.6638800885696,-4.8,30.401443944714416,1000.0,,-0.13992094940161115,-0.13992094940161115,-0.13992094940161115,-0.13992094940161115,-0.13853559346692634,0,highway_0,2,842.6638800885696,1180.6638800885696,,-1031.4014439447144
31.4,llm_0,1183.7026246014402,-4.8,30.387445128705544,1000.0,,-0.14138804168962027,-0.14138804168962027,-0.14138804168962027,-0.14138804168962027,-0.13998816008871984,0,highway_0,2,845.7026246014402,1183.7026246014402,,-1031.3874451287056
31.5,llm_0,1186.739955886568,-4.8,30.37331285127727,1000.0,,-0.14273600202558678,-0.14273600202558678,-0.14273600202558678,-0.14273600202558678,-0.14132277428274165,0,highway_0,2,848.7399558865679,1186.739955886568,,-1031.3733128512772
31.6,llm_0,1189.7758617729387,-4.8,30.359058863708132,1000.0,,-0.14396527444828977,-0.14396527444828977,-0.14396527444828977,-0.14396527444828977,-0.1425398756913765,0,highway_0,2,851.7758617729387,1189.7758617729387,,-1031.3590588637082
31.7,llm_0,1192.8103312591566,-4.8,30.344694862179107,1000.0,,-0.14507641544317007,-0.14507641544317007,-0.14507641544317007,-0.14507641544317007,-0.14364001529024506,0,highway_0,2,854.8103312591566,1192.8103312591566,,-1031.344694862179
31.8,llm_0,1195.8433545068392,-4.8,30.330232476827394,1000.0,,-0.14607009205230326,-0.14607009205230326,-0.14607009205230326,-0.14607009205230326,-0.1446238535171318,0,highway_0,2,857.8433545068392,1195.8433545068392,,-1031.3302324768274
31.9,llm_0,1198.87492283294,-4.8,30.31568326100816,1000.0,,-0.14694707977427734,-0.14694707977427734,-0.14694707977427734,-0.14694707977427734,-0.14549215819233297,0,highway_0,2,860.87492283294,1198.87492283294,,-1031.3156832610082
32.0,llm_0,1201.9050287010184,-4.8,30.3010586807841,1000.0,,-0.14770826026304373,-0.14770826026304373,-0.14770826026304373,-0.14770826026304373,-0.146245802240621,0,highway_0,2,863.9050287010184,1201.9050287010184,,-1031.301058680784
32.1,llm_0,1204.9336657114845,-4.8,30.286370104661774,1000.0,,-0.1483546188354754,-0.1483546188354754,-0.1483546188354754,-0.1483546188354754,-0.14688576122324548,0,highway_0,2,866.9336657114845,1204.9336657114845,,-1031.2863701046617
32.2,llm_0,1207.9608561302227,-4.8,30.271904187383075,1000.0,,-0.14610576451485713,-0.14610576451485713,-0.14610576451485713,-0.14610576451485713,-0.14465917278698726,0,highway_0,2,869.9608561302227,1207.9608561302227,,-1031.2719041873831
32.3,llm_0,1210.9866262415815,-4.8,30.257701113586922,1000.0,,-0.14345104534113862,-0.14345104534113862,-0.14345104534113862,-0.14345104534113862,-0.14203073796153376,0,highway_0,2,872.9866262415815,1210.9866262415815,,-1031.257701113587
32.4,llm_0,1214.0110018269381,-4.8,30.243755853566157,1000.0,,-0.14084712620972484,-0.14084712620972484,-0.14084712620972484,-0.14084712620972484,-0.1394526002076546,0,highway_0,2,876.0110018269381,1214.0110018269381,,-1031.2437558535662
32.5,llm_0,1217.034008175582,-4.8,30.230063486438205,1000.0,,-0.13829290799233385,-0.13829290799233385,-0.13829290799233385,-0.13829290799233385,-0.13692367127951854,0,highway_0,2,879.0340081755819,1217.034008175582,,-1031.2300634864382
32.6,llm_0,1220.055670095314,-4.8,30.21661919732103,1000.0,,-0.13578732008343053,-0.13578732008343053,-0.13578732008343053,-0.13578732008343053,-0.13444289117174435,0,highway_0,2,882.0556700953141,1220.055670095314,,-1031.216619197321
32.7,llm_0,1223.076011922774,-4.8,30.20341827459846,1000.0,,-0.13332931949797477,-0.13332931949797477,-0.13332931949797477,-0.13332931949797477,-0.13200922722571562,0,highway_0,2,885.0760119227739,1223.076011922774,,-1031.2034182745986
32.8,llm_0,1226.095057533501,-4.8,30.190456107271412,1000.0,,-0.1309178900031709,-0.1309178900031709,-0.1309178900031709,-0.1309178900031709,-0.1296216732704636,0,highway_0,2,888.095057533501,1226.095057533501,,-1031.1904561072713
32.9,llm_0,1229.11283035174,-4.8,30.177728182391935,1000.0,,-0.1285520412827168,-0.1285520412827168,-0.1285520412827168,-0.1285520412827168,-0.12727924879477825,0,highway_0,2,891.1128303517401,1229.11283035174,,-1031.177728182392
33.0,llm_0,1232.1293533599978,-4.8,30.16523008257687,1000.0,,-0.12623080813218213,-0.12623080813218213,-0.12623080813218213,-0.12623080813218213,-0.12498099815065444,0,highway_0,2,894.1293533599978,1232.1293533599978,,-1031.165230082577
33.1,llm_0,1235.1446491083577,-4.8,30.152957483598243,1000.0,,-0.12395324968414267,-0.12395324968414267,-0.12395324968414267,-0.12395324968414267,-0.12272598978626093,0,highway_0,2,897.1446491083577,1235.1446491083577,,-1031.1529574835981
33.2,llm_0,1238.1587397235626,-4.8,30.14090615204757,1000.0,,-0.1217184486618268,-0.1217184486618268,-0.1217184486618268,-0.1217184486618268,-0.12051331550672728,0,highway_0,2,900.1587397235626,1238.1587397235626,,-1031.1409061520476
33.3,llm_0,1241.1716469178698,-4.8,30.12907194307133,1000.0,,-0.11952551066004191,-0.11952551066004191,-0.11952551066004191,-0.11952551066004191,-0.11834208976239324,0,highway_0,2,903.1716469178698,1241.1716469178698,,-1031.1290719430713
33.4,llm_0,1244.1833919976873,-4.8,30.117450798175067,1000.0,,-0.11737356345223926,-0.11737356345223926,-0.11737356345223926,-0.11737356345223926,-0.11621144896263758,0,highway_0,2,906.1833919976873,1244.1833919976873,,-1031.117450798175
33.5,llm_0,1247.1939958719965,-4.8,30.10603874309362,1000.0,,-0.11526175632261637,-0.11526175632261637,-0.11526175632261637,-0.11526175632261637,-0.11412055081446937,0,highway_0,2,909.1939958719965,1247.1939958719965,,-1031.1060387430937
33.6,llm_0,1250.203479060569,-4.8,30.094831885725085,1000.0,,-0.11318925942221414,-0.11318925942221414,-0.11318925942221414,-0.11318925942221414,-0.11206857368534884,0,highway_0,2,912.203479060569,1250.203479060569,,-1031.0948318857252
33.7,llm_0,1253.2118617019817,-4.8,30.083826414126275,1000.0,,-0.11115526314799862,-0.11115526314799862,-0.11115526314799862,-0.11115526314799862,-0.11005471598810601,0,highway_0,2,915.2118617019817,1253.2118617019817,,-1031.0838264141262
33.8,llm_0,1256.2191635614383,-4.8,30.07301859456746,1000.0,,-0.10915897754400006,-0.10915897754400006,-0.10915897754400006,-0.10915897754400006,-0.10807819558813492,0,highway_0,2,918.2191635614383,1256.2191635614383,,-1031.0730185945674
33.9,llm_0,1259.2254040384028,-4.8,30.06240476964433,1000.0,,-0.10719963172358105,-0.10719963172358105,-0.10719963172358105,-0.10719963172358105,-0.10613824923130011,0,highway_0,2,921.2254040384028,1259.2254040384028,,-1031.0624047696442
34.0,llm_0,1262.2306021740474,-4.8,30.051981356445125,1000.0,,-0.10527647331198886,-0.10527647331198886,-0.10527647331198886,-0.10527647331198886,-0.10423413199205811,0,highway_0,2,924.2306021740474,1262.2306021740474,,-1031.0519813564451
34.1,llm_0,1265.2347766585244,-4.8,30.04174484477103,1000.0,,-0.10338876790835783,-0.10338876790835783,-0.10338876790835783,-0.10338876790835783,-0.10236511674094118,0,highway_0,2,927.2347766585244,1265.2347766585244,,-1031.041744844771
34.2,llm_0,1268.2379458380651,-4.8,30.031691795408022,1000.0,,-0.10153579856637007,-0.10153579856637007,-0.10153579856637007,-0.10153579856637007,-0.10053049363008881,0,highway_0,2,930.2379458380651,1268.2379458380651,,-1031.031691795408
34.3,llm_0,1271.2401277219099,-4.8,30.021818838448336,1000.0,,-0.0997168652928484,-0.0997168652928484,-0.0997168652928484,-0.0997168652928484,-0.09872956959686263,0,highway_0,2,933.2401277219099,1271.2401277219099,,-1031.0218188384483
34.4,llm_0,1274.2413399890759,-4.8,30.012122671659867,1000.0,,-0.09793128456353983,-0.09793128456353983,-0.09793128456353983,-0.09793128456353983,-0.09696166788469185,0,highway_0,2,936.2413399890759,1274.2413399890759,,-1031.0121226716599
34.5,llm_0,1277.241599994966,-4.8,30.002600058901905,1000.0,,-0.09617838885541174,-0.09617838885541174,-0.09617838885541174,-0.09617838885541174,-0.09522612757962179,0,highway_0,2,939.241599994966,1277.241599994966,,-1031.0026000589019
34.6,llm_0,1280.2409247778246,-4.8,29.993247828585584,1000.0,,-0.09445752619483039,-0.09445752619483039,-0.09445752619483039,-0.09445752619483039,-0.09352230316320487,0,highway_0,2,942.2409247778246,1280.2409247778246,,-1030.9932478285855
34.7,llm_0,1283.2393310650423,-4.8,29.984062872177567,1000.0,,-0.09276805972095792,-0.09276805972095792,-0.09276805972095792,-0.09276805972095792,-0.09184956408017086,0,highway_0,2,945.2393310650423,1283.2393310650423,,-1030.9840628721777
34.8,llm_0,1286.236835279317,-4.8,29.975042142745508,1000.0,,-0.09110936726381036,-0.09110936726381036,-0.09110936726381036,-0.09110936726381036,-0.09020729432059227,0,highway_0,2,948.2368352793169,1286.236835279317,,-1030.9750421427455
34.9,llm_0,1289.2334535446712,-4.8,29.966182653543886,1000.0,,-0.08948084093638697,-0.08948084093638697,-0.08948084093638697,-0.08948084093638697,-0.08859489201622495,0,highway_0,2,951.2334535446712,1289.2334535446712,,-1030.966182653544
35.0,llm_0,1292.229201692335,-4.8,29.957481476638904,1000.0,,-0.08788188674032393,-0.08788188674032393,-0.08788188674032393,-0.08788188674032393,-0.08701176904981622,0,highway_0,2,954.229201692335,1292.229201692335,,-1030.9574814766388
35.1,llm_0,1295.224095266492,-4.8,29.948935741571127,1000.0,,-0.0863119241845649,-0.0863119241845649,-0.0863119241845649,-0.0863119241845649,-0.08545735067777116,0,highway_0,2,957.224095266492,1295.224095266492,,-1030.9489357415712
35.2,llm_0,1298.2181495298973,-4.8,29.940542634054637,1000.0,,-0.08477038591654273,-0.08477038591654273,-0.08477038591654273,-0.08477038591654273,-0.08393107516489806,0,highway_0,2,960.2181495298973,1298.2181495298973,,-1030.9405426340547
35.3,llm_0,1301.2113794693685,-4.8,29.932299394711528,1000.0,,-0.08325671736539242,-0.08325671736539242,-0.08325671736539242,-0.08325671736539242,-0.0824323934310911,0,highway_0,2,963.2113794693685,1301.2113794693685,,-1030.9322993947114
35.4,llm_0,1304.2037998011526,-4.8,29.92420331784056,1000.0,,-0.08177037639674478,-0.08177037639674478,-0.08177037639674478,-0.08177037639674478,-0.08096076870966584,0,highway_0,2,966.2037998011526,1304.2037998011526,,-1030.9242033178405
35.5,llm_0,1307.1954249761745,-4.8,29.916251750218912,1000.0,,-0.08031083297866681,-0.08031083297866681,-0.08031083297866681,-0.08031083297866681,-0.07951567621649502,0,highway_0,2,969.1954249761745,1307.1954249761745,,-1030.9162517502189
35.6,llm_0,1310.1862691851682,-4.8,29.90844208993591,1000.0,,-0.07887756885832253,-0.07887756885832253,-0.07887756885832253,-0.07887756885832253,-0.07809660283001563,0,highway_0,2,972.1862691851682,1310.1862691851682,,-1030.908442089936
35.7,llm_0,1313.176346363694,-4.8,29.900771785257795,1000.0,,-0.0774700772489596,-0.0774700772489596,-0.0774700772489596,-0.0774700772489596,-0.07670304678114803,0,highway_0,2,975.1763463636939,1313.176346363694,,-1030.9007717852578
35.8,llm_0,1316.1656701970462,-4.8,29.893238333522465,1000.0,,-0.0760878625268393,-0.0760878625268393,-0.0760878625268393,-0.0760878625268393,-0.07533451735330488,0,highway_0,2,978.1656701970462,1316.1656701970462,,-1030.8932383335225
35.9,llm_0,1319.1542541250526,-4.8,29.885839280063283,1000.0,,-0.07473043993773998,-0.07473043993773998,-0.07473043993773998,-0.07473043993773998,-0.0739905345918146,0,highway_0,2,981.1542541250526,1319.1542541250526,,-1030.8858392800632
36.0,llm_0,1322.1421113467686,-4.8,29.87857221716104,1000.0,,-0.07339733531268355,-0.07339733531268355,-0.07339733531268355,-0.07339733531268355,-0.07267062902243993,0,highway_0,2,984.1421113467686,1322.1421113467686,,-1030.878572217161
36.1,llm_0,1325.129254825071,-4.8,29.87143478302316,1000.0,,-0.07208808479254603,-0.07208808479254603,-0.07208808479254603,-0.07208808479254603,-0.07137434137877818,0,highway_0,2,987.129254825071,1325.129254825071,,-1030.8714347830232
36.2,llm_0,1328.11569729115,-4.8,29.864424660789375,1000.0,,-0.07080223456123491,-0.07080223456123491,-0.07080223456123491,-0.07080223456123491,-0.07010122233786831,0,highway_0,2,990.1156972911499,1328.11569729115,,-1030.8644246607894
36.3,llm_0,1331.1014512489062,-4.8,29.857539577562928,1000.0,,-0.06953934058711675,-0.06953934058711675,-0.06953934058711675,-0.06953934058711675,-0.06885083226446653,0,highway_0,2,993.1014512489062,1331.1014512489062,,-1030.8575395775629
36.4,llm_0,1334.0865289792528,-4.8,29.850777303466653,1000.0,,-0.06829896837239335,-0.06829896837239335,-0.06829896837239335,-0.06829896837239335,-0.06762274096274723,0,highway_0,2,996.0865289792528,1334.0865289792528,,-1030.8507773034667
36.5,llm_0,1337.0709425443251,-4.8,29.84413565072307,1000.0,,-0.0670806927101637,-0.0670806927101637,-0.0670806927101637,-0.0670806927101637,-0.06641652743581972,0,highway_0,2,999.0709425443251,1337.0709425443251,,-1030.844135650723
36.6,llm_0,1340.054703791601,-4.8,29.837612472757836,1000.0,,-0.06588409744886947,-0.06588409744886947,-0.06588409744886947,-0.06588409744886947,-0.0652317796523505,0,highway_0,2,1002.054703791601,1340.054703791601,,-1030.8376124727579
36.7,llm_0,1343.0378243579337,-4.8,29.83120566332577,1000.0,,-0.06470877526387886,-0.06470877526387886,-0.06470877526387886,-0.06470877526387886,-0.06406809432068172,0,highway_0,2,1005.0378243579337,1343.0378243579337,,-1030.8312056633258
36.8,llm_0,1346.0203156734997,-4.8,29.82491315565884,1000.0,,-0.06355432743595446,-0.06355432743595446,-0.06355432743595446,-0.06355432743595446,-0.0629250766692735,0,highway_0,2,1008.0203156734997,1346.0203156734997,,-1030.8249131556588
36.9,llm_0,1349.0021889656632,-4.8,29.818732921635437,1000.0,,-0.06242036363636361,-0.06242036363636361,-0.06242036363636361,-0.06242036363636361,-0.06180234023403841,0,highway_0,2,1011.0021889656632,1349.0021889656632,,-1030.8187329216355
37.0,llm_0,1351.9834552627603,-4.8,29.812662970970248,1000.0,,-0.06130650171839047,-0.06130650171839047,-0.06130650171839047,-0.06130650171839047,-0.06069950665189339,0,highway_0,2,1013.9834552627603,1351.9834552627603,,-1030.8126629709702
37.1,llm_0,1354.9641253978027,-4.8,29.806701350424206,1000.0,,-0.060212367515043,-0.060212367515043,-0.060212367515043,-0.060212367515043,-0.05961620546042212,0,highway_0,2,1016.9641253978027,1354.9641253978027,,-1030.8067013504242
37.2,llm_0,1357.9442100121062,-4.8,29.800846143033837,1000.0,,-0.05913759464272261,-0.05913759464272261,-0.05913759464272261,-0.05913759464272261,-0.05855207390368378,0,highway_0,2,1019.9442100121062,1357.9442100121062,,-1030.8008461430338
37.3,llm_0,1360.923719558842,-4.8,29.795095467359513,1000.0,,-0.05808182431066622,-0.05808182431066622,-0.05808182431066622,-0.05808182431066622,-0.057506756743244125,0,highway_0,2,1022.9237195588421,1360.923719558842,,-1030.7950954673595
37.4,llm_0,1363.9026643065172,-4.8,29.78944747675199,1000.0,,-0.057044705135949725,-0.057044705135949725,-0.057044705135949725,-0.057044705135949725,-0.056479906075210806,0,highway_0,2,1025.9026643065172,1363.9026643065172,,-1030.789447476752
37.5,llm_0,1366.8810543423808,-4.8,29.783900358636757,1000.0,,-0.056025892963881274,-0.056025892963881274,-0.056025892963881274,-0.056025892963881274,-0.05547118115234895,0,highway_0,2,1028.8810543423808,1366.8810543423808,,-1030.7839003586369
37.6,llm_0,1369.8588995757623,-4.8,29.77845233381561,1000.0,,-0.05502505069357144,-0.05502505069357144,-0.05502505069357144,-0.05502505069357144,-0.05448024821145481,0,highway_0,2,1031.8588995757623,1369.8588995757623,,-1030.7784523338157
37.7,llm_0,1372.8362097413408,-4.8,29.773101655785062,1000.0,,-0.054041848108545176,-0.054041848108545176,-0.054041848108545176,-0.054041848108545176,-0.053506780305490054,0,highway_0,2,1034.8362097413408,1372.8362097413408,,-1030.773101655785
37.8,llm_0,1375.8129944023478,-4.8,29.767846610070986,1000.0,,-0.05307596171218165,-0.05307596171218165,-0.05307596171218165,-0.05307596171218165,-0.0525504571407609,0,highway_0,2,1037.8129944023478,1375.8129944023478,,-1030.767846610071
37.9,llm_0,1378.7892629537057,-4.8,29.762685513579118,1000.0,,-0.052127074567862364,-0.052127074567862364,-0.052127074567862364,-0.052127074567862364,-0.051610964918680224,0,highway_0,2,1040.7892629537057,1378.7892629537057,,-1030.762685513579
38.0,llm_0,1381.765024625102,-4.8,29.757616713960935,1000.0,,-0.05119487614363738,-0.05119487614363738,-0.05119487614363738,-0.05119487614363738,-0.05068799618182851,0,highway_0,2,1043.765024625102,1381.765024625102,,-1030.757616713961
38.1,llm_0,1384.7402884840014,-4.8,29.752638588994472,1000.0,,-0.05027906216128453,-0.05027906216128453,-0.05027906216128453,-0.05027906216128453,-0.049781249664633265,0,highway_0,2,1046.7402884840014,1384.7402884840014,,-1030.7526385889944
38.2,llm_0,1387.7150634385994,-4.8,29.74774954597966,1000.0,,-0.04937933444959319,-0.04937933444959319,-0.04937933444959319,-0.04937933444959319,-0.0488904301481341,0,highway_0,2,1049.7150634385994,1387.7150634385994,,-1030.7477495459796
38.3,llm_0,1390.6893582407142,-4.8,29.7429480211478,1000.0,,-0.04849540080175885,-0.04849540080175885,-0.04849540080175885,-0.04849540080175885,-0.048015248318584725,0,highway_0,2,1052.6893582407142,1390.6893582407142,,-1030.7429480211479
38.4,llm_0,1393.6631814886227,-4.8,29.738232479084758,1000.0,,-0.047626974836732394,-0.047626974836732394,-0.047626974836732394,-0.047626974836732394,-0.04715542063042477,0,highway_0,2,1055.6631814886227,1393.6631814886227,,-1030.7382324790847
38.5,llm_0,1396.6365416298395,-4.8,29.73360141216749,1000.0,,-0.04677377586440978,-0.04677377586440978,-0.04677377586440978,-0.04677377586440978,-0.046310669172662244,0,highway_0,2,1058.6365416298395,1396.6365416298395,,-1030.7336014121674
38.6,llm_0,1399.6094469638408,-4.8,29.72905334001358,1000.0,,-0.04593552875452489,-0.04593552875452489,-0.04593552875452489,-0.04593552875452489,-0.04548072153912841,0,highway_0,2,1061.6094469638408,1399.6094469638408,,-1030.7290533400135
38.7,llm_0,1402.5819056447351,-4.8,29.724586808943368,1000.0,,-0.04511196380914284,-0.04511196380914284,-0.04511196380914284,-0.04511196380914284,-0.044665310702107774,0,highway_0,2,1064.5819056447351,1402.5819056447351,,-1030.7245868089433
38.8,llm_0,1405.5539256838806,-4.8,29.720200391454398,1000.0,,-0.04430281663862545,-0.04430281663862545,-0.04430281663862545,-0.04430281663862545,-0.043864174889698404,0,highway_0,2,1067.5539256838806,1405.5539256838806,,-1030.7202003914545
38.9,llm_0,1408.5255149524514,-4.8,29.715892685707768,1000.0,,-0.04350782804095399,-0.04350782804095399,-0.04350782804095399,-0.04350782804095399,-0.04307705746629864,0,highway_0,2,1070.5255149524514,1408.5255149524514,,-1030.7158926857078
39.0,llm_0,1411.496681183954,-4.8,29.711662315026153,1000.0,,-0.04272674388432107,-0.04272674388432107,-0.04272674388432107,-0.04272674388432107,-0.042303706816149145,0,highway_0,2,1073.496681183954,1411.496681183954,,-1030.7116623150262
39.1,llm_0,1414.4674319766943,-4.8,29.707507927403096,1000.0,,-0.04195931499286765,-0.04195931499286765,-0.04195931499286765,-0.04195931499286765,-0.041543876230569765,0,highway_0,2,1076.4674319766943,1414.4674319766943,,-1030.7075079274032
39.2,llm_0,1417.4377747961967,-4.8,29.703428195023346,1000.0,,-0.041205297035480815,-0.041205297035480815,-0.041205297035480815,-0.041205297035480815,-0.04079732379750567,0,highway_0,2,1079.4377747961967,1417.4377747961967,,-1030.7034281950234
39.3,llm_0,1420.407716977576,-4.8,29.699421813793887,1000.0,,-0.04046445041754598,-0.04046445041754598,-0.04046445041754598,-0.04046445041754598,-0.04006381229459066,0,highway_0,2,1082.407716977576,1420.407716977576,,-1030.6994218137938
39.4,llm_0,1423.3772657278646,-4.8,29.695487502885413,1000.0,,-0.03973654017556849,-0.03973654017556849,-0.03973654017556849,-0.03973654017556849,-0.03934310908473293,0,highway_0,2,1085.3772657278646,1423.3772657278646,,-1030.6954875028855
39.5,llm_0,1426.346428128293,-4.8,29.691624004283973,1000.0,,-0.03902133587457368,-0.03902133587457368,-0.03902133587457368,-0.03902133587457368,-0.03863498601440085,0,highway_0,2,1088.346428128293,1426.346428128293,,-1030.691624004284
39.6,llm_0,1429.3152111365282,-4.8,29.68783008235247,1000.0,,-0.03831861150819549,-0.03831861150819549,-0.03831861150819549,-0.03831861150819549,-0.03793921931503519,0,highway_0,2,1091.3152111365282,1429.3152111365282,,-1030.6878300823525
39.7,llm_0,1432.2836215888683,-4.8,29.68410452340184,1000.0,,-0.03762814540137205,-0.03762814540137205,-0.03762814540137205,-0.03762814540137205,-0.037255589506308695,0,highway_0,2,1094.2836215888683,1432.2836215888683,,-1030.6841045234019
39.8,llm_0,1435.2516662023954,-4.8,29.680446135271584,1000.0,,-0.03694972011557773,-0.03694972011557773,-0.03694972011557773,-0.03694972011557773,-0.03658388130254764,0,highway_0,2,1097.2516662023954,1435.2516662023954,,-1030.6804461352715
39.9,llm_0,1438.2193515770873,-4.8,29.676853746919456,1000.0,,-0.036283122356497666,-0.036283122356497666,-0.036283122356497666,-0.036283122356497666,-0.03592388352128495,0,highway_0,2,1100.2193515770873,1438.2193515770873,,-1030.6768537469195
40.0,llm_0,1441.1866841978892,-4.8,29.673326208020043,1000.0,,-0.035628142884083225,-0.035628142884083225,-0.035628142884083225,-0.035628142884083225,-0.035275388994122636,0,highway_0,2,1103.1866841978892,1441.1866841978892,,-1030.67332620802
40.1,llm_0,1444.1536704367466,-4.8,29.669862388572035,1000.0,,-0.03498457642491415,-0.03498457642491415,-0.03498457642491415,-0.03498457642491415,-0.0346381944800811,0,highway_0,2,1106.1536704367466,1444.1536704367466,,-1030.669862388572
40.2,llm_0,1447.120316554598,-4.8,29.666461178513938,1000.0,,-0.03435222158678952,-0.03435222158678952,-0.03435222158678952,-0.03435222158678952,-0.03401210058097348,0,highway_0,2,1109.120316554598,1447.120316554598,,-1030.6664611785138
40.3,llm_0,1450.086628703333,-4.8,29.663121487348047,1000.0,,-0.033730880775495464,-0.033730880775495464,-0.033730880775495464,-0.033730880775495464,-0.03339691165891168,0,highway_0,2,1112.086628703333,1450.086628703333,,-1030.663121487348
40.4,llm_0,1453.0526129277102,-4.8,29.659842243772438,1000.0,,-0.03312036011366737,-0.03312036011366737,-0.03312036011366737,-0.03312036011366737,-0.032792435756086036,0,highway_0,2,1115.0526129277102,1453.0526129277102,,-1030.6598422437723
40.5,llm_0,1456.0182751672423,-4.8,29.656622395320785,1000.0,,-0.0325204693617025,-0.0325204693617025,-0.0325204693617025,-0.0325204693617025,-0.03219848451653462,0,highway_0,2,1118.0182751672423,1456.0182751672423,,-1030.6566223953207
40.6,llm_0,1458.9836212580433,-4.8,29.65346090800983,1000.0,,-0.031931021840646556,-0.031931021840646556,-0.031931021840646556,-0.031931021840646556,-0.03161487310954669,0,highway_0,2,1120.9836212580433,1458.9836212580433,,-1030.6534609080097
40.7,llm_0,1461.9486569346427,-4.8,29.650356765994285,1000.0,,-0.031351834357006725,-0.031351834357006725,-0.031351834357006725,-0.031351834357006725,-0.03104142015544653,0,highway_0,2,1123.9486569346427,1461.9486569346427,,-1030.6503567659943
40.8,llm_0,1464.9133878317657,-4.8,29.647308971229,1000.0,,-0.030782727129422982,-0.030782727129422982,-0.030782727129422982,-0.030782727129422982,-0.030477947652869375,0,highway_0,2,1126.9133878317657,1464.9133878317657,,-1030.647308971229
40.9,llm_0,1467.8778194860795,-4.8,29.644316543138192,1000.0,,-0.030223523717163747,-0.030223523717163747,-0.030223523717163747,-0.030223523717163747,-0.02992428090806243,0,highway_0,2,1129.8778194860795,1467.8778194860795,,-1030.6443165431383
41.0,llm_0,1470.8419573379088,-4.8,29.64137851829162,1000.0,,-0.029674050950365904,-0.029674050950365904,-0.029674050950365904,-0.029674050950365904,-0.02938024846571352,0,highway_0,2,1132.8419573379088,1470.8419573379088,,-1030.6413785182917
41.1,llm_0,1473.8058067329175,-4.8,29.63849395008746,1000.0,,-0.029134138861995673,-0.029134138861995673,-0.029134138861995673,-0.029134138861995673,-0.028845682041591658,0,highway_0,2,1135.8058067329175,1473.8058067329175,,-1030.6384939500874
41.2,llm_0,1476.7693729237617,-4.8,29.635661908441776,1000.0,,-0.028603620621455494,-0.028603620621455494,-0.028603620621455494,-0.028603620621455494,-0.028320416456857345,0,highway_0,2,1138.7693729237617,1476.7693729237617,,-1030.6356619084418
41.3,llm_0,1479.73266107171,-4.8,29.632881479484368,1000.0,,-0.028082332469815396,-0.028082332469815396,-0.028082332469815396,-0.028082332469815396,-0.02780428957407821,0,highway_0,2,1141.73266107171,1479.73266107171,,-1030.6328814794845
41.4,llm_0,1482.6956762482362,-4.8,29.630151765260944,1000.0,,-0.02757011365659512,-0.02757011365659512,-0.02757011365659512,-0.02757011365659512,-0.027297142234239402,0,highway_0,2,1144.6956762482362,1482.6956762482362,,-1030.630151765261
41.5,llm_0,1485.6584234365803,-4.8,29.627471883441334,1000.0,,-0.02706680637807901,-0.02706680637807901,-0.02706680637807901,-0.02706680637807901,-0.02679881819609875,0,highway_0,2,1147.6584234365803,1485.6584234365803,,-1030.6274718834413
41.6,llm_0,1488.620910908637,-4.8,29.624874720567092,1000.0,,-0.026231345029836373,-0.026231345029836373,-0.026231345029836373,-0.026231345029836373,-0.025971628742418318,0,highway_0,2,1150.620910908637,1488.620910908637,,-1030.624874720567
41.7,llm_0,1491.583160513985,-4.8,29.622496053479722,1000.0,,-0.024024537582447048,-0.024024537582447048,-0.024024537582447048,-0.024024537582447048,-0.023786670873704452,0,highway_0,2,1153.583160513985,1491.583160513985,,-1030.6224960534796
41.8,llm_0,1494.5451939110192,-4.8,29.620333970342713,1000.0,,-0.021837039683776815,-0.021837039683776815,-0.021837039683776815,-0.021837039683776815,-0.02162083137008608,0,highway_0,2,1156.5451939110192,1494.5451939110192,,-1030.6203339703427
41.9,llm_0,1497.5070325580155,-4.8,29.61838646996383,1000.0,,-0.019669753826716763,-0.019669753826716763,-0.019669753826716763,-0.019669753826716763,-0.01947500378882694,0,highway_0,2,1159.5070325580155,1497.5070325580155,,-1030.6183864699638
42.0,llm_0,1500.4686977045333,-4.8,29.61665146517804,1000.0,,-0.01752354833649461,-0.01752354833649461,-0.01752354833649461,-0.01752354833649461,-0.017350047857895845,0,highway_0,2,1162.4686977045333,1500.4686977045333,,-1030.616651465178
42.1,llm_0,1503.4302103831517,-4.8,29.615126786183577,1000.0,,-0.015399257844109782,-0.015399257844109782,-0.015399257844109782,-0.015399257844109782,-0.015246789944640682,0,highway_0,2,1165.4302103831517,1503.4302103831517,,-1030.6151267861835
42.2,llm_0,1506.3915914015347,-4.8,29.613810183829393,1000.0,,-0.013297683777267144,-0.013297683777267144,-0.013297683777267144,-0.013297683777267144,-0.013166023541835159,0,highway_0,2,1168.3915914015347,1506.3915914015347,,-1030.6138101838294
42.3,llm_0,1509.3528613348199,-4.8,29.61269933285245,1000.0,,-0.011219594867130978,-0.011219594867130978,-0.011219594867130978,-0.011219594867130978,-0.011108509769428565,0,highway_0,2,1171.3528613348199,1509.3528613348199,,-1030.6126993328523
42.4,llm_0,1512.3140405183262,-4.8,29.61179183506345,1000.0,,-0.009165727668906554,-0.009165727668906554,-0.009165727668906554,-0.009165727668906554,-0.009074977890008995,0,highway_0,2,1174.3140405183262,1512.3140405183262,,-1030.6117918350635
42.5,llm_0,1515.2751490405742,-4.8,29.611085222479826,1000.0,,-0.007136787094577546,-0.007136787094577546,-0.007136787094577546,-0.007136787094577546,-0.007066125836239223,0,highway_0,2,1177.2751490405742,1515.2751490405742,,-1030.61108522248
42.6,llm_0,1518.2362067366148,-4.8,29.610576960404966,1000.0,,-0.005133446956070431,-0.005133446956070431,-0.005133446956070431,-0.005133446956070431,-0.0050826207485954455,0,highway_0,2,1180.2362067366148,1518.2362067366148,,-1030.610576960405
42.7,llm_0,1521.19723318166,-4.8,29.61026445045276,1000.0,,-0.003156350517261153,-0.003156350517261153,-0.003156350517261153,-0.003156350517261153,-0.0031250995220588607,0,highway_0,2,1183.19723318166,1521.19723318166,,-1030.6102644504529
42.8,llm_0,1524.1582476850117,-4.8,29.610145033516794,1000.0,,-0.0012061110532781694,-0.0012061110532781694,-0.0012061110532781694,-0.0012061110532781694,-0.001194169359663988,0,highway_0,2,1186.1582476850117,1524.1582476850117,,-1030.6101450335168
42.9,llm_0,1527.11926928428,-4.8,29.610215992683553,1000.0,,0.0007166875842665732,0.0007166875842665732,0.0007166875842665732,0.0007166875842665732,0.0007095916675936564,0,highway_0,2,1189.11926928428,1527.11926928428,,-1030.6102159926836
43.0,llm_0,1530.080316739889,-4.8,29.61047455608925,1000.0,,0.0026114903975589243,0.0026114903975589243,0.0026114903975589243,0.0026114903975589243,0.002585634056977426,0,highway_0,2,1192.080316739889,1530.080316739889,,-1030.6104745560892
43.1,llm_0,1533.041408529861,-4.8,29.610917899719915,1000.0,,0.004477770669687131,0.004477770669687131,0.004477770669687131,0.004477770669687131,0.00443343630664117,0,highway_0,2,1195.041408529861,1533.041408529861,,-1030.6109178997199
43.2,llm_0,1536.0025628448764,-4.8,29.611543150154535,1000.0,,0.006315029389641791,0.006315029389641791,0.006315029389641791,0.006315029389641791,0.006252504346200283,0,highway_0,2,1198.0025628448764,1536.0025628448764,,-1030.6115431501546
43.3,llm_0,1538.9637975836015,-4.8,29.612347387251226,1000.0,,0.008122794676588496,0.008122794676588496,0.008122794676588496,0.008122794676588496,0.00804237096691196,0,highway_0,2,1200.9637975836015,1538.9637975836015,,-1030.6123473872512
43.4,llm_0,1541.925130348279,-4.8,29.6133276467764,1000.0,,0.009900621204251503,0.009900621204251503,0.009900621204251503,0.009900621204251503,0.009802595251748869,0,highway_0,2,1203.925130348279,1541.925130348279,,-1030.6133276467765
43.5,llm_0,1544.8865784405768,-4.8,29.614480922977055,1000.0,,0.011648089626603575,0.011648089626603575,0.011648089626603575,0.011648089626603575,0.011532762006538633,0,highway_0,2,1206.8865784405768,1544.8865784405768,,-1030.614480922977
43.6,llm_0,1547.8481588576865,-4.8,29.615804171096425,1000.0,,0.013364806005639718,0.013364806005639718,0.013364806005639718,0.013364806005639718,0.013232481193696799,0,highway_0,2,1209.8481588576865,1547.8481588576865,,-1030.6158041710964
43.7,llm_0,1550.8098882886698,-4.8,29.617294309833284,1000.0,,0.015050401242300615,0.015050401242300615,0.015050401242300615,0.015050401242300615,0.014901387368588814,0,highway_0,2,1212.8098882886698,1550.8098882886698,,-1030.6172943098334
43.8,llm_0,1553.7717831110442,-4.8,29.618948223745274,1000.0,,0.016704530511121418,0.016704530511121418,0.016704530511121418,0.016704530511121418,0.016539139119906565,0,highway_0,2,1215.7717831110442,1553.7717831110442,,-1030.6189482237453
43.9,llm_0,1556.7338593876038,-4.8,29.620762765596716,1000.0,,0.018326872699584884,0.018326872699584884,0.018326872699584884,0.018326872699584884,0.018145418514414757,0,highway_0,2,1218.7338593876038,1556.7338593876038,,-1030.6207627655967
44.0,llm_0,1559.696132863469,-4.8,29.622734758651433,1000.0,,0.01991712985267391,0.01991712985267391,0.01991712985267391,0.01991712985267391,0.019719930547168474,0,highway_0,2,1221.696132863469,1559.696132863469,,-1030.6227347586514
44.1,llm_0,1562.6586189633601,-4.8,29.62486099891118,1000.0,,0.02147502662346623,0.02147502662346623,0.02147502662346623,0.02147502662346623,0.02126240259748613,0,highway_0,2,1224.6586189633601,1562.6586189633601,,-1030.6248609989111
44.2,llm_0,1565.6213327890903,-4.8,29.627138257300306,1000.0,,0.02300030973012923,0.02300030973012923,0.02300030973012923,0.02300030973012923,0.022772583891246256,0,highway_0,2,1227.6213327890903,1565.6213327890903,,-1030.6271382573002
44.3,llm_0,1568.58428911727,-4.8,29.629563281797335,1000.0,,0.02449274741999352,0.02449274741999352,0.02449274741999352,0.02449274741999352,0.024250244970289714,0,highway_0,2,1230.58428911727,1568.58428911727,,-1030.6295632817973
44.4,llm_0,1571.5475023972213,-4.8,29.632132799514284,1000.0,,0.025952128941188035,0.025952128941188035,0.025952128941188035,0.025952128941188035,0.025695177169495764,0,highway_0,2,1233.5475023972213,1571.5475023972213,,-1030.6321327995142
44.5,llm_0,1574.5109867490937,-4.8,29.634843518724395,1000.0,,0.027378264022087984,0.027378264022087984,0.027378264022087984,0.027378264022087984,0.02710719210110568,0,highway_0,2,1236.5109867490937,1574.5109867490937,,-1030.6348435187244
44.6,llm_0,1577.4747559621776,-4.8,29.63769213083917,1000.0,,0.028770982359247244,0.028770982359247244,0.028770982359247244,0.028770982359247244,0.02848612114775051,0,highway_0,2,1239.4747559621776,1577.4747559621776,,-1030.6376921308392
44.7,llm_0,1580.438823493411,-4.8,29.640675312335595,1000.0,,0.03013013311387469,0.03013013311387469,0.03013013311387469,0.03013013311387469,0.029831814964254022,0,highway_0,2,1242.438823493411,1580.438823493411,,-1030.6406753123356
44.8,llm_0,1583.4032024660744,-4.8,29.643789726634346,1000.0,,0.03145558441735541,0.03145558441735541,0.03145558441735541,0.03145558441735541,0.031144142987500345,0,highway_0,2,1245.4032024660744,1583.4032024660744,,-1030.6437897266344
44.9,llm_0,1586.3679056686674,-4.8,29.647032025929985,1000.0,,0.03274722288594589,0.03274722288594589,0.03274722288594589,0.03274722288594589,0.03242299295639128,0,highway_0,2,1248.3679056686674,1586.3679056686674,,-1030.64703202593
45.0,llm_0,1589.3329455539647,-4.8,29.650398852974035,1000.0,,0.0340049531449107,0.0340049531449107,0.0340049531449107,0.0340049531449107,0.0336682704405078,0,highway_0,2,1251.3329455539647,1589.3329455539647,,-1030.650398852974
45.1,llm_0,1592.2983342382458,-4.8,29.65388684281189,1000.0,,0.035228697362328365,0.035228697362328365,0.035228697362328365,0.035228697362328365,0.03487989837854144,0,highway_0,2,1254.2983342382458,1592.2983342382458,,-1030.653886842812
45.2,llm_0,1595.2640835006932,-4.8,29.657492624474525,1000.0,,0.0364183947926251,0.0364183947926251,0.0364183947926251,0.0364183947926251,0.036057816626353656,0,highway_0,2,1257.2640835006932,1595.2640835006932,,-1030.6574926244746
45.3,llm_0,1598.2302047829558,-4.8,29.661212822626016,1000.0,,0.037574001330031304,0.037574001330031304,0.037574001330031304,0.037574001330031304,0.03720198151491161,0,highway_0,2,1260.2302047829558,1598.2302047829558,,-1030.661212822626
45.4,llm_0,1601.1967091888725,-4.8,29.665044059167798,1000.0,,0.03869548907200804,0.03869548907200804,0.03869548907200804,0.03869548907200804,0.03831236541781635,0,highway_0,2,1263.1967091888725,1601.1967091888725,,-1030.6650440591677
45.5,llm_0,1604.1636074843527,-4.8,29.668982954800743,1000.0,,0.0397828458927153,0.0397828458927153,0.0397828458927153,0.0397828458927153,0.039388956329453606,0,highway_0,2,1266.1636074843527,1604.1636074843527,,-1030.6689829548006
45.6,llm_0,1607.1309100974074,-4.8,29.67302613054595,1000.0,,0.040836075026568386,0.040836075026568386,0.040836075026568386,0.040836075026568386,0.040431757452061845,0,highway_0,2,1269.1309100974074,1607.1309100974074,,-1030.6730261305458
45.7,llm_0,1610.09862711833,-4.8,29.677170209225338,1000.0,,0.041855194661820305,0.041855194661820305,0.041855194661820305,0.041855194661820305,0.041440786793884854,0,highway_0,2,1272.09862711833,1610.09862711833,,-1030.6771702092253
45.8,llm_0,1613.0667683000202,-4.8,29.68141181690299,1000.0,,0.042840237544286675,0.042840237544286675,0.042840237544286675,0.042840237544286675,0.04241607677652581,0,highway_0,2,1275.0667683000202,1613.0667683000202,,-1030.681411816903
45.9,llm_0,1616.035343058449,-4.8,29.685747584288233,1000.0,,0.04379125059096656,0.04379125059096656,0.04379125059096656,0.04379125059096656,0.043357673852426615,0,highway_0,2,1278.035343058449,1616.035343058449,,-1030.6857475842883
46.0,llm_0,1619.004360473259,-4.8,29.69017414810148,1000.0,,0.04470829451378111,0.04470829451378111,0.04470829451378111,0.04470829451378111,0.04426563813247242,0,highway_0,2,1281.004360473259,1619.004360473259,,-1030.6901741481015
46.1,llm_0,1621.9738292884995,-4.8,29.69468815240376,1000.0,,0.045591443453048,0.045591443453048,0.045591443453048,0.045591443453048,0.04514004302279773,0,highway_0,2,1283.9738292884995,1621.9738292884995,,-1030.6946881524038
46.2,llm_0,1624.9437579134885,-4.8,29.69928624989097,1000.0,,0.04644078462082979,0.04644078462082979,0.04644078462082979,0.04644078462082979,0.045980974872108504,0,highway_0,2,1286.9437579134885,1624.9437579134885,,-1030.699286249891
46.3,llm_0,1627.914154423804,-4.8,29.70396510315373,1000.0,,0.04725641795387281,0.04725641795387281,0.04725641795387281,0.04725641795387281,0.04678853262760185,0,highway_0,2,1289.914154423804,1627.914154423804,,-1030.7039651031537
46.4,llm_0,1630.8850265623944,-4.8,29.708721385903843,1000.0,,0.048038455776130085,0.048038455776130085,0.048038455776130085,0.048038455776130085,0.04756282750111751,0,highway_0,2,1292.8850265623944,1630.8850265623944,,-1030.7087213859038
46.5,llm_0,1633.8563817408112,-4.8,29.713551784168267,1000.0,,0.04878702247068201,0.04878702247068201,0.04878702247068201,0.04878702247068201,0.04830398264424218,0,highway_0,2,1295.8563817408112,1633.8563817408112,,-1030.7135517841682
46.6,llm_0,1636.8282270405564,-4.8,29.718452997451518,1000.0,,0.0495022541608372,0.0495022541608372,0.0495022541608372,0.0495022541608372,0.049012132832508826,0,highway_0,2,1298.8282270405564,1636.8282270405564,,-1030.7184529974515
46.7,llm_0,1639.8005692145432,-4.8,29.72342173986739,1000.0,,0.05018429840030092,0.05018429840030092,0.05018429840030092,0.05018429840030092,0.0496874241587264,0,highway_0,2,1301.8005692145432,1639.8005692145432,,-1030.7234217398675
46.8,llm_0,1642.7734146886673,-4.8,29.72845474124088,1000.0,,0.05083331387224288,0.05083331387224288,0.05083331387224288,0.05083331387224288,0.0503300137349072,0,highway_0,2,1304.7734146886673,1642.7734146886673,,-1030.728454741241
46.9,llm_0,1645.7467695634855,-4.8,29.733548748181185,1000.0,,0.05144947009706524,0.05144947009706524,0.05144947009706524,0.05144947009706524,0.05094006940304041,0,highway_0,2,1307.7467695634855,1645.7467695634855,,-1030.7335487481812
47.0,llm_0,1648.7206396159982,-4.8,29.738700525126593,1000.0,,0.05203294714858886,0.05203294714858886,0.05203294714858886,0.05203294714858886,0.05151776945407249,0,highway_0,2,1310.7206396159982,1648.7206396159982,,-1030.7387005251267
47.1,llm_0,1651.6950303015344,-4.8,29.74390685536209,1000.0,,0.05258393537854622,0.05258393537854622,0.05258393537854622,0.05258393537854622,0.052063302354987684,0,highway_0,2,1313.6950303015344,1651.6950303015344,,-1030.7439068553622
47.2,llm_0,1654.6699467557355,-4.8,29.749164542010522,1000.0,,0.05310263514914182,0.05310263514914182,0.05310263514914182,0.05310263514914182,0.05257686648430848,0,highway_0,2,1316.6699467557355,1654.6699467557355,,-1030.7491645420105
47.3,llm_0,1657.6453937966353,-4.8,29.754470408997992,1000.0,,0.05358925657344171,0.05358925657344171,0.05358925657344171,0.05358925657344171,0.053058669874701536,0,highway_0,2,1319.6453937966353,1657.6453937966353,,-1030.754470408998
47.4,llm_0,1660.6347022236737,-4.8,29.893084270384133,1000.0,,1.4,1.4,1.4,1.4,1.3861386138614051,0,highway_0,2,1322.6347022236737,1660.6347022236737,,-1030.8930842703842
47.5,llm_0,1663.6378720368507,-4.8,30.031698131770273,1000.0,,1.4,1.4,1.4,1.4,1.3861386138614051,0,highway_0,2,1325.6378720368507,1663.6378720368507,,-1031.0316981317703
47.6,llm_0,1666.6549032361663,-4.8,30.170311993156414,1000.0,,1.4,1.4,1.4,1.4,1.3861386138614051,0,highway_0,2,1328.6549032361663,1666.6549032361663,,-1031.1703119931565
47.7,llm_0,1669.6719267341573,-4.8,30.170234979910266,1000.0,,-0.0007778337861172879,-0.0007778337861172879,-0.0007778337861172879,-0.0007778337861172879,-0.0007701324614828309,0,highway_0,2,1331.6719267341573,1669.6719267341573,,-1031.1702349799102
47.8,llm_0,1672.6889326609185,-4.8,30.17005926761242,1000.0,,-0.001774694208242611,-0.001774694208242611,-0.001774694208242611,-0.001774694208242611,-0.0017571229784607567,0,highway_0,2,1334.6889326609185,1672.6889326609185,,-1031.1700592676125
47.9,llm_0,1675.7059112868378,-4.8,30.16978625919421,1000.0,,-0.002757385023903547,-0.002757385023903547,-0.002757385023903547,-0.002757385023903547,-0.0027300841820832034,0,highway_0,2,1337.7059112868378,1675.7059112868378,,-1031.169786259194
48.0,llm_0,1678.7228530261532,-4.8,30.169417393153466,1000.0,,-0.003725547011518726,-0.003725547011518726,-0.003725547011518726,-0.003725547011518726,-0.0036886604074481966,0,highway_0,2,1340.7228530261532,1678.7228530261532,,-1031.1694173931535
48.1,llm_0,1681.7397484404,-4.8,30.168954142469378,1000.0,,-0.0046788319093022945,-0.0046788319093022945,-0.0046788319093022945,-0.0046788319093022945,-0.004632506840884787,0,highway_0,2,1343.7397484404,1681.7397484404,,-1031.1689541424694
48.2,llm_0,1684.7565882417503,-4.8,30.16839801350104,1000.0,,-0.005616902580223737,-0.005616902580223737,-0.005616902580223737,-0.005616902580223737,-0.005561289683377879,0,highway_0,2,1346.7565882417503,1684.7565882417503,,-1031.168398013501
48.3,llm_0,1687.7733632962372,-4.8,30.167750544870476,1000.0,,-0.006539433168696318,-0.006539433168696318,-0.006539433168696318,-0.006539433168696318,-0.006474686305644184,0,highway_0,2,1349.7733632962372,1687.7733632962372,,-1031.1677505448704
48.4,llm_0,1690.7900646268704,-4.8,30.167013306331008,1000.0,,-0.007446109248634647,-0.007446109248634647,-0.007446109248634647,-0.007446109248634647,-0.0073723853946816575,0,highway_0,2,1352.7900646268704,1690.7900646268704,,-1031.167013306331
48.5,llm_0,1693.8066834166325,-4.8,30.166187897621818,1000.0,,-0.008336627962815646,-0.008336627962815646,-0.008336627962815646,-0.008336627962815646,-0.00825408709189901,0,highway_0,2,1355.8066834166325,1693.8066834166325,,-1031.1661878976217
48.6,llm_0,1696.8232110113634,-4.8,30.165275947309624,1000.0,,-0.009210698153174324,-0.009210698153174324,-0.009210698153174324,-0.009210698153174324,-0.0091195031219371,0,highway_0,2,1358.8232110113634,1696.8232110113634,,-1031.1652759473095
48.7,llm_0,1699.8396389225252,-4.8,30.164279111618338,1000.0,,-0.010068040482001939,-0.010068040482001939,-0.010068040482001939,-0.010068040482001939,-0.009968356912857246,0,highway_0,2,1361.8396389225252,1699.8396389225252,,-1031.1642791116183
48.8,llm_0,1702.85595882985,-4.8,30.16319907324767,1000.0,,-0.010908387543725695,-0.010908387543725695,-0.010908387543725695,-0.010908387543725695,-0.010800383706666139,0,highway_0,2,1364.85595882985,1702.85595882985,,-1031.1631990732476
48.9,llm_0,1705.872162583868,-4.8,30.16203754018162,1000.0,,-0.01173148396714696,-0.01173148396714696,-0.01173148396714696,-0.01173148396714696,-0.011615330660532663,0,highway_0,2,1367.872162583868,1705.872162583868,,-1031.1620375401817
49.0,llm_0,1708.8882422083168,-4.8,30.160796244487752,1000.0,,-0.01253708650805474,-0.01253708650805474,-0.01253708650805474,-0.01253708650805474,-0.012412956938661068,0,highway_0,2,1370.8882422083168,1708.8882422083168,,-1031.1607962444878
49.1,llm_0,1711.9041899024276,-4.8,30.159476941108352,1000.0,,-0.013324964131936845,-0.013324964131936845,-0.013324964131936845,-0.013324964131936845,-0.013193033794003384,0,highway_0,2,1373.9041899024276,1711.9041899024276,,-1031.1594769411083
49.2,llm_0,1714.919998043092,-4.8,30.158081406644314,1000.0,,-0.014094898086804752,-0.014094898086804752,-0.014094898086804752,-0.014094898086804752,-0.013955344640379508,0,highway_0,2,1376.919998043092,1714.919998043092,,-1031.1580814066442
49.3,llm_0,1717.9356591869052,-4.8,30.156611438132835,1000.0,,-0.014846681965942299,-0.014846681965942299,-0.014846681965942299,-0.014846681965942299,-0.014699685114791805,0,highway_0,2,1379.9356591869052,1717.9356591869052,,-1031.1566114381328
49.4,llm_0,1720.9511660720873,-4.8,30.155068851819912,1000.0,,-0.015580121760526033,-0.015580121760526033,-0.015580121760526033,-0.015580121760526033,-0.015425863129223671,0,highway_0,2,1382.9511660720873,1720.9511660720873,,-1031.1550688518198
49.5,llm_0,1723.9665116202802,-4.8,30.153455481928628,1000.0,,-0.01629503590198844,-0.01629503590198844,-0.01629503590198844,-0.01629503590198844,-0.016133698912845773,0,highway_0,2,1385.9665116202802,1723.9665116202802,,-1031.1534554819286
49.6,llm_0,1726.9816889382228,-4.8,30.15177317942425,1000.0,,-0.016991255294189767,-0.016991255294189767,-0.016991255294189767,-0.016991255294189767,-0.016823025043777307,0,highway_0,2,1388.9816889382228,1726.9816889382228,,-1031.1517731794243
49.7,llm_0,1729.9966913193005,-4.8,30.150023810777203,1000.0,,-0.01766862333519592,-0.01766862333519592,-0.01766862333519592,-0.01766862333519592,-0.017493686470473335,0,highway_0,2,1391.9966913193005,1729.9966913193005,,-1031.1500238107772
49.8,llm_0,1733.011512244973,-4.8,30.148209256724847,1000.0,,-0.018326995928778844,-0.018326995928778844,-0.018326995928778844,-0.018326995928778844,-0.018145540523555326,0,highway_0,2,1395.011512244973,1733.011512244973,,-1031.1482092567248
49.9,llm_0,1736.0261453860762,-4.8,30.146331411033206,1000.0,,-0.01896624148556203,-0.01896624148556203,-0.01896624148556203,-0.01896624148556203,-0.01877845691641511,0,highway_0,2,1398.0261453860762,1736.0261453860762,,-1031.1463314110333
50.0,llm_0,1739.040584604002,-4.8,30.144392179259558,1000.0,,-0.019586240913827213,-0.019586240913827213,-0.019586240913827213,-0.019586240913827213,-0.019392317736475206,0,highway_0,2,1401.040584604002,1739.040584604002,,-1031.1443921792595
50.1,llm_0,1742.0548239517539,-4.8,30.142393477516983,1000.0,,-0.02018688760000109,-0.02018688760000109,-0.02018688760000109,-0.02018688760000109,-0.019987017425755482,0,highway_0,2,1404.0548239517539,1742.0548239517539,,-1031.142393477517
50.2,llm_0,1745.068857674878,-4.8,30.140337231241837,1000.0,,-0.020768087378956634,-0.020768087378956634,-0.020768087378956634,-0.020768087378956634,-0.020562462751456678,0,highway_0,2,1407.068857674878,1745.068857674878,,-1031.1403372312418
50.3,llm_0,1748.0826802122745,-4.8,30.138225373965202,1000.0,,-0.02132975849401375,-0.02132975849401375,-0.02132975849401375,-0.02132975849401375,-0.021118572766347654,0,highway_0,2,1410.0826802122745,1748.0826802122745,,-1031.1382253739653
50.4,llm_0,1751.0962861968833,-4.8,30.13605984608927,1000.0,,-0.021871831546891762,-0.021871831546891762,-0.021871831546891762,-0.021871831546891762,-0.021655278759311614,0,highway_0,2,1413.0962861968833,1751.0962861968833,,-1031.1360598460892
50.5,llm_0,1754.1096704562503,-4.8,30.13384259366971,1000.0,,-0.022394249437608815,-0.022394249437608815,-0.022394249437608815,-0.022394249437608815,-0.022172524195624987,0,highway_0,2,1416.1096704562503,1754.1096704562503,,-1031.1338425936697
50.6,llm_0,1757.1228280129708,-4.8,30.131575567204912,1000.0,,-0.022896967294464776,-0.022896967294464776,-0.022896967294464776,-0.022896967294464776,-0.022670264647963734,0,highway_0,2,1419.1228280129708,1757.1228280129708,,-1031.131575567205
50.7,llm_0,1760.135754085014,-4.8,30.129260720433212,1000.0,,-0.023379952394174452,-0.023379952394174452,-0.023379952394174452,-0.023379952394174452,-0.023148467717000187,0,highway_0,2,1422.135754085014,1760.135754085014,,-1031.1292607204332
50.8,llm_0,1763.1484440859278,-4.8,30.126900009138915,1000.0,,-0.023843184072414925,-0.023843184072414925,-0.023843184072414925,-0.023843184072414925,-0.023607112942976016,0,highway_0,2,1425.1484440859278,1763.1484440859278,,-1031.1269000091388
50.9,llm_0,1766.1608936249247,-4.8,30.12449538996814,1000.0,,-0.024286653624828736,-0.024286653624828736,-0.024286653624828736,-0.024286653624828736,-0.024046191707753906,0,highway_0,2,1428.1608936249247,1766.1608936249247,,-1031.1244953899682
51.0,llm_0,1769.1730985068502,-4.8,30.1220488192554,1000.0,,-0.024710364198666124,-0.024710364198666124,-0.024710364198666124,-0.024710364198666124,-0.024465707127383496,0,highway_0,2,1431.1730985068502,1769.1730985068502,,-1031.1220488192555
51.1,llm_0,1772.183222198372,-4.8,30.101236915217303,1000.0,,-0.21020023078478456,-0.21020023078478456,-0.21020023078478456,-0.21020023078478456,-0.2081190403809785,0,highway_0,2,1434.183222198372,1772.183222198372,,-1031.1012369152172
51.2,llm_0,1775.1902287629603,-4.8,30.070065645881982,1000.0,,-0.31482982028672324,-0.31482982028672324,-0.31482982028672324,-0.31482982028672324,-0.3117126933532077,0,highway_0,2,1437.1902287629603,1775.1902287629603,,-1031.070065645882
51.3,llm_0,1778.1933994954122,-4.8,30.031707324519264,1000.0,,-0.3874190457634381,-0.3874190457634381,-0.3874190457634381,-0.3874190457634381,-0.3835832136271833,0,highway_0,2,1440.1933994954122,1778.1933994954122,,-1031.0317073245192
51.4,llm_0,1781.1926098318245,-4.8,29.992103364123224,1000.0,,-0.4,-0.4,-0.4,-0.4,-0.3960396039603964,0,highway_0,2,1443.1926098318245,1781.1926098318245,,-1030.9921033641233
51.5,llm_0,1784.1878597721973,-4.8,29.952499403727185,1000.0,,-0.4,-0.4,-0.4,-0.4,-0.3960396039603964,0,highway_0,2,1446.1878597721973,1784.1878597721973,,-1030.9524994037272
51.6,llm_0,1787.1791493165304,-4.8,29.912895443331145,1000.0,,-0.4,-0.4,-0.4,-0.4,-0.3960396039603964,0,highway_0,2,1449.1791493165304,1787.1791493165304,,-1030.912895443331
51.7,llm_0,1790.166478464824,-4.8,29.873291482935105,1000.0,,-0.4,-0.4,-0.4,-0.4,-0.3960396039603964,0,highway_0,2,1452.166478464824,1790.166478464824,,-1030.8732914829352
51.8,llm_0,1793.1498472170779,-4.8,29.833687522539066,1000.0,,-0.4,-0.4,-0.4,-0.4,-0.3960396039603964,0,highway_0,2,1455.1498472170779,1793.1498472170779,,-1030.833687522539
51.9,llm_0,1796.129255573292,-4.8,29.794083562143026,1000.0,,-0.4,-0.4,-0.4,-0.4,-0.3960396039603964,0,highway_0,2,1458.129255573292,1796.129255573292,,-1030.794083562143
52.0,llm_0,1799.1047035334668,-4.8,29.754479601746986,1000.0,,-0.4,-0.4,-0.4,-0.4,-0.3960396039603964,0,highway_0,2,1461.1047035334668,1799.1047035334668,,-1030.7544796017469
0,llm_1,319.0,-11.200000000000001,23.5,1000.0,,,,,,0,0,highway_0,0,0.0,319.0,,-1024.5
0.1,llm_1,321.35,-11.200000000000001,23.5,1000.0,,0.0,0.0,0.0,0.0,0.0,0,highway_0,0,2.3500000000000227,321.35,,-1024.5
0.2,llm_1,323.70000000000005,-11.200000000000001,23.5,1000.0,,0.0,0.0,0.0,0.0,0.0,0,highway_0,0,4.7000000000000455,323.70000000000005,,-1024.5
0.3,llm_1,326.05000000000007,-11.200000000000001,23.5,1000.0,,0.0,0.0,0.0,0.0,0.0,0,highway_0,0,7.050000000000068,326.05000000000007,,-1024.5
0.4,llm_1,328.4000000000001,-11.200000000000001,23.5,1000.0,,0.0,0.0,0.0,0.0,0.0,0,highway_0,0,9.400000000000091,328.4000000000001,,-1024.5
0.5,llm_1,330.7500000000001,-11.200000000000001,23.5,1000.0,,0.0,0.0,0.0,0.0,0.0,0,highway_0,0,11.750000000000114,330.7500000000001,,-1024.5
0.6,llm_1,333.10000000000014,-11.200000000000001,23.5,1000.0,,0.0,0.0,0.0,0.0,0.0,0,highway_0,0,14.100000000000136,333.10000000000014,,-1024.5
0.7,llm_1,335.45000000000016,-11.200000000000001,23.5,1000.0,,0.0,0.0,0.0,0.0,0.0,0,highway_0,0,16.45000000000016,335.45000000000016,,-1024.5
0.8,llm_1,337.8000000000002,-11.200000000000001,23.5,1000.0,,0.0,0.0,0.0,0.0,0.0,0,highway_0,0,18.800000000000182,337.8000000000002,,-1024.5
0.9,llm_1,340.14603960396056,-11.190000000000001,23.46039603960396,1000.0,,-0.4,-0.4,-0.4,-0.4,-0.3960396039603964,0,highway_0,0,21.14603960396056,340.14603960396056,,-1024.460396039604
1.0,llm_1,342.48811881188135,-11.170000000000002,23.42079207920792,1000.0,,-0.4,-0.4,-0.4,-0.4,-0.3960396039603964,0,highway_0,0,23.48811881188135,342.48811881188135,,-1024.420792079208
1.1,llm_1,344.8264364869905,-11.14,23.3831767510911,1000.0,,-0.37991481397986737,-0.37991481397986737,-0.37991481397986737,-0.37991481397986737,-0.37615328116821445,0,highway_0,0,25.826436486990474,344.8264364869905,,-1024.383176751091
1.2,llm_1,347.1612646607,-11.100000000000001,23.348281737094965,1000.0,,-0.35243964136097783,-0.35243964136097783,-0.35243964136097783,-0.35243964136097783,-0.34895013996134594,0,highway_0,0,28.1612646607,347.1612646607,,-1024.348281737095
1.3,llm_1,349.49286250941816,-11.05,23.315978487181884,1000.0,,-0.3262628241221426,-0.3262628241221426,-0.3262628241221426,-0.3262628241221426,-0.3230324991308109,0,highway_0,0,30.49286250941816,349.49286250941816,,-1024.3159784871818
1.4,llm_1,351.8214771597205,-10.99,23.286146503022884,1000.0,,-0.3013030400058998,-0.3013030400058998,-0.3013030400058998,-0.3013030400058998,-0.2983198415899935,0,highway_0,0,32.82147715972047,351.8214771597205,,-1024.2861465030228
1.5,llm_1,354.1473444288777,-10.920000000000002,23.25867269157243,1000.0,,-0.2774854956496067,-0.2774854956496067,-0.2774854956496067,-0.2774854956496067,-0.274738114504558,0,highway_0,0,35.147344428877716,354.1473444288777,,-1024.2586726915724
1.6,llm_1,356.47068950700873,-10.840000000000002,23.233450781310232,1000.0,,-0.2547412936481859,-0.2547412936481859,-0.2547412936481859,-0.2547412936481859,-0.25221910262196445,0,highway_0,0,37.47068950700873,356.47068950700873,,-1024.2334507813102
1.7,llm_1,358.7917275864152,-10.770000000000001,23.210380794064967,1000.0,,-0.23300687117719376,-0.23300687117719376,-0.23300687117719376,-0.23300687117719376,-0.23069987245264656,0,highway_0,0,39.79172758641522,358.7917275864152,,-1024.210380794065
1.8,llm_1,361.11066444303987,-10.71,23.189368566246348,1000.0,,-0.21222350096805198,-0.21222350096805198,-0.21222350096805198,-0.21222350096805198,-0.21012227818619778,0,highway_0,0,42.110664443039866,361.11066444303987,,-1024.1893685662465
1.9,llm_1,363.42769697444913,-10.66,23.170325314092747,1000.0,,-0.19233684675136375,-0.19233684675136375,-0.19233684675136375,-0.19233684675136375,-0.1904325215360103,0,highway_0,0,44.427696974449134,363.42769697444913,,-1024.1703253140927
2.0,llm_1,365.7430136982703,-10.610000000000001,23.15316723821171,1000.0,,-0.1732965663984556,-0.1732965663984556,-0.1732965663984556,-0.1732965663984556,-0.17158075881035018,0,highway_0,0,46.74301369827032,365.7430136982703,,-1024.1531672382116
2.1,llm_1,368.0567952145971,-10.57,23.137815163267945,1000.0,,-0.15505595693205354,-0.15505595693205354,-0.15505595693205354,-0.15505595693205354,-0.1535207494376678,0,highway_0,0,49.056795214597116,368.0567952145971,,-1024.137815163268
2.2,llm_1,370.36921463551425,-10.540000000000001,23.12419420917155,1000.0,,-0.13757163637361813,-0.13757163637361813,-0.13757163637361813,-0.13757163637361813,-0.13620954096396076,0,highway_0,0,51.369214635514254,370.36921463551425,,-1024.1241942091715
2.3,llm_1,372.6804379845693,-10.520000000000001,23.11223349055061,1000.0,,-0.12080325807146286,-0.12080325807146286,-0.12080325807146286,-0.12080325807146286,-0.11960718620937172,0,highway_0,0,53.68043798456932,372.6804379845693,,-1024.1122334905506
2.4,llm_1,374.990624568736,-10.510000000000002,23.101865841666445,1000.0,,-0.10471325373006635,-0.10471325373006635,-0.10471325373006635,-0.10471325373006635,-0.10367648884166414,0,highway_0,0,55.990624568735996,374.990624568736,,-1024.1018658416665
2.5,llm_1,377.29992732516155,-10.510000000000002,23.09302756425524,1000.0,,-0.08926660185316071,-0.08926660185316071,-0.08926660185316071,-0.08926660185316071,-0.08838277411204132,0,highway_0,0,58.29992732516155,377.29992732516155,,-1024.0930275642552
2.6,llm_1,379.6084931447679,-10.501500000000002,23.085658196063694,1000.0,,-0.07443061873464663,-0.07443061873464663,-0.07443061873464663,-0.07443061873464663,-0.0736936819154721,0,highway_0,0,60.60849314476792,379.6084931447679,,-1024.0856581960636
2.7,llm_1,381.9164631745773,-10.501500000000002,23.079700298094068,1000.0,,-0.060174769493207325,-0.060174769493207325,-0.060174769493207325,-0.060174769493207325,-0.059578979696262024,0,highway_0,0,62.9164631745773,381.9164631745773,,-1024.0797002980942
2.8,llm_1,384.2239731004564,-10.501500000000002,23.0750992587913,1000.0,,-0.04647049695794658,-0.04647049695794658,-0.04647049695794658,-0.04647049695794658,-0.04601039302766452,0,highway_0,0,65.22397310045642,384.2239731004564,,-1024.0750992587914
2.9,llm_1,386.5311534118159,-10.501500000000002,23.071803113595163,1000.0,,-0.03329106648098157,-0.03329106648098157,-0.03329106648098157,-0.03329106648098157,-0.032961451961384114,0,highway_0,0,67.53115341181592,386.5311534118159,,-1024.0718031135953
3.0,llm_1,388.83812964966074,-10.501500000000002,23.069762378448107,1000.0,,-0.020611424985274684,-0.020611424985274684,-0.020611424985274684,-0.020611424985274684,-0.020407351470552726,0,highway_0,0,69.83812964966074,388.83812964966074,,-1024.069762378448
3.1,llm_1,391.14502263926045,-10.501500000000002,23.06892989599689,1000.0,,-0.008408072757279061,-0.008408072757279061,-0.008408072757279061,-0.008408072757279061,-0.008324824512158102,0,highway_0,0,72.14502263926045,391.14502263926045,,-1024.068929895997
3.2,llm_1,393.4519487085961,-10.501500000000002,23.06926069335641,1000.0,,0.0033410533311211132,0.0033410533311211132,0.0033410533311211132,0.0033410533311211132,0.0033079735951702105,0,highway_0,0,74.45194870859609,393.4519487085961,,-1024.0692606933565
3.3,llm_1,395.759019893638,-10.501500000000002,23.07071185041925,1000.0,,0.014656686334719837,0.014656686334719837,0.014656686334719837,0.014656686334719837,0.014511570628421566,0,highway_0,0,76.75901989363803,395.759019893638,,-1024.0707118504192
3.4,llm_1,398.0663441314177,-10.501500000000002,23.073242377796653,1000.0,,0.025558326511760043,0.025558326511760043,0.025558326511760043,0.025558326511760043,0.025305273774023362,0,highway_0,0,79.06634413141768,398.0663441314177,,-1024.0732423777968
3.5,llm_1,400.3740254417744,-10.501500000000002,23.076813103566945,1000.0,,0.036064330279951595,0.036064330279951595,0.036064330279951595,0.036064330279951595,0.03570725770291716,0,highway_0,0,81.37402544177439,400.3740254417744,,-1024.076813103567
3.6,llm_1,402.6821640985832,-10.501500000000002,23.08138656808821,1000.0,,0.04619199166478005,0.04619199166478005,0.04619199166478005,0.04619199166478005,0.04573464521264725,0,highway_0,0,83.6821640985832,402.6821640985832,,-1024.0813865680882
3.7,llm_1,404.99085679120356,-10.501500000000002,23.086926926203457,1000.0,,0.055957616964025236,0.055957616964025236,0.055957616964025236,0.055957616964025236,0.05540358115247557,0,highway_0,0,85.99085679120356,404.99085679120356,,-1024.0869269262034
3.8,llm_1,407.3001967768266,-10.501500000000002,23.0933998562306,1000.0,,0.06537659327413381,0.06537659327413381,0.06537659327413381,0.06537659327413381,0.06472930027143775,0,highway_0,0,88.30019677682662,407.3001967768266,,-1024.0933998562307
3.9,llm_1,409.6102740243453,-10.501500000000002,23.100772475186556,1000.0,,0.07446345145512501,0.07446345145512501,0.07446345145512501,0.07446345145512501,0.0737261895595509,0,highway_0,0,90.6102740243453,409.6102740243453,,-1024.1007724751867
4.0,llm_1,411.9211753503199,-10.501500000000002,23.109013259745957,1000.0,,0.08323192404994795,0.08323192404994795,0.08323192404994795,0.08323192404994795,0.08240784559401249,0,highway_0,0,92.92117535031991,411.9211753503199,,-1024.109013259746
4.1,llm_1,414.232984547568,-10.501500000000002,23.118091972480656,1000.0,,0.09169499862046693,0.09169499862046693,0.09169499862046693,0.09169499862046693,0.09078712734698513,0,highway_0,0,95.23298454756798,414.232984547568,,-1024.1180919724807
4.2,llm_1,416.5457825068647,-10.501500000000002,23.127979592967264,1000.0,,0.09986496691475533,0.09986496691475533,0.09986496691475533,0.09986496691475533,0.09887620486608739,0,highway_0,0,97.54578250686473,416.5457825068647,,-1024.1279795929672
4.3,llm_1,418.8596473322034,-10.501500000000002,23.138648253386897,1000.0,,0.10775347023826032,0.10775347023826032,0.10775347023826032,0.10775347023826032,0.10668660419632658,0,highway_0,0,99.8596473322034,418.8596473322034,,-1024.138648253387
4.4,llm_1,421.17465445003086,-10.501500000000002,23.150071178274423,1000.0,,0.11537154136402017,0.11537154136402017,0.11537154136402017,0.11537154136402017,0.11422924887526165,0,highway_0,0,102.17465445003086,421.17465445003086,,-1024.1500711782744
4.5,llm_1,423.4908767128413,-10.501500000000002,23.16222262810451,1000.0,,0.12272964328387137,0.12272964328387137,0.12272964328387137,0.12272964328387137,0.12151449830085426,0,highway_0,0,104.49087671284133,423.4908767128413,,-1024.1622226281045
4.6,llm_1,425.8083844974842,-10.501500000000002,23.175077846428568,1000.0,,0.12983770507302506,0.12983770507302506,0.12983770507302506,0.12983770507302506,0.12855218324059337,0,highway_0,0,106.80838449748421,425.8083844974842,,-1024.1750778464286
4.7,llm_1,428.1272457985143,-10.501500000000002,23.188613010301243,1000.0,,0.13670515511399817,0.13670515511399817,0.13670515511399817,0.13670515511399817,0.13535163872674616,0,highway_0,0,109.12724579851431,428.1272457985143,,-1024.1886130103012
4.8,llm_1,430.44752631689,-10.501500000000002,23.202805183756922,1000.0,,0.14334095190234697,0.14334095190234697,0.14334095190234697,0.14334095190234697,0.1419217345567958,0,highway_0,0,111.44752631688999,430.44752631689,,-1024.202805183757
4.9,llm_1,432.76928954430167,-10.501500000000002,23.21763227411688,1000.0,,0.1497536126355955,0.1497536126355955,0.1497536126355955,0.1497536126355955,0.14827090359958106,0,highway_0,0,113.76928954430167,432.76928954430167,,-1024.2176322741168
5.0,llm_1,435.09259684339423,-10.501500000000002,23.233072990925585,1000.0,,0.15595123976791025,0.15595123976791025,0.15595123976791025,0.15595123976791025,0.15440716808704735,0,highway_0,0,116.09259684339423,435.09259684339423,,-1024.2330729909256
5.1,llm_1,437.41750752412736,-10.501500000000002,23.24910680733115,1000.0,,0.16194154569617258,0.16194154569617258,0.16194154569617258,0.16194154569617258,0.16033816405563783,0,highway_0,0,118.41750752412736,437.41750752412736,,-1024.2491068073311
5.2,llm_1,439.7457815205746,-10.501500000000002,23.28273996447228,1000.0,,0.3396948871254236,0.3396948871254236,0.3396948871254236,0.3396948871254236,0.3363315714113213,0,highway_0,0,120.74578152057461,439.7457815205746,,-1024.2827399644723
5.3,llm_1,442.0774402582619,-10.501500000000002,23.316587376872985,1000.0,,0.34185886524711173,0.34185886524711173,0.34185886524711173,0.34185886524711173,0.33847412400703547,0,highway_0,0,123.0774402582619,442.0774402582619,,-1024.316587376873
5.4,llm_1,444.41250437720305,-10.501500000000002,23.35064118941136,1000.0,,0.3439435066375812,0.3439435066375812,0.3439435066375812,0.3439435066375812,0.3405381253837447,0,highway_0,0,125.41250437720305,444.41250437720305,,-1024.3506411894114
5.5,llm_1,446.7509937515926,-10.501500000000002,23.3848937438956,1000.0,,0.3459508002908048,0.3459508002908048,0.3459508002908048,0.3459508002908048,0.3425255448424025,0,highway_0,0,127.7509937515926,446.7509937515926,,-1024.3848937438956
5.6,llm_1,449.0929275088054,-10.501500000000002,23.419337572128075,1000.0,,0.34788266514802557,0.34788266514802557,0.34788266514802557,0.34788266514802557,0.34443828232475937,0,highway_0,0,130.09292750880542,449.0929275088054,,-1024.4193375721281
5.7,llm_1,451.4383240477334,-10.501500000000002,23.453965389279354,1000.0,,0.34974095322790144,0.34974095322790144,0.34974095322790144,0.34974095322790144,0.34627817151278606,0,highway_0,0,132.43832404773337,451.4383240477334,,-1024.4539653892793
5.8,llm_1,453.787201056489,-10.501500000000002,23.488770087556126,1000.0,,0.35152745259540996,0.35152745259540996,0.35152745259540996,0.35152745259540996,0.34804698276772683,0,highway_0,0,134.78720105648898,453.787201056489,,-1024.488770087556
5.9,llm_1,456.1395755295038,-10.501500000000002,23.523744730148113,1000.0,,0.3532438901790361,0.3532438901790361,0.3532438901790361,0.3532438901790361,0.34974642591986793,0,highway_0,0,137.13957552950382,456.1395755295038,,-1024.523744730148
6.0,llm_1,458.4954637840478,-10.501500000000002,23.558882545439708,1000.0,,0.35489193444511113,0.35489193444511113,0.35489193444511113,0.35489193444511113,0.35137815291594876,0,highway_0,0,139.4954637840478,458.4954637840478,,-1024.5588825454397
6.1,llm_1,460.8548814761951,-10.501500000000002,23.594176921473135,1000.0,,0.3564731979376059,0.3564731979376059,0.3564731979376059,0.3564731979376059,0.35294376033427,0,highway_0,0,141.8548814761951,460.8548814761951,,-1024.594176921473
6.2,llm_1,463.2178436162601,-10.501500000000002,23.62962140065047,1000.0,,0.35798923969111984,0.35798923969111984,0.35798923969111984,0.35798923969111984,0.35444479177336063,0,highway_0,0,144.21784361626015,463.21784361626015,,-1024.6296214006504
6.3,llm_1,465.58438977879723,-10.501500000000002,23.665461625370785,1000.0,,0.36198626967517344,0.36198626967517344,0.36198626967517344,0.36198626967517344,0.35840224720313785,0,highway_0,0,146.58438977879723,465.58438977879723,,-1024.6654616253709
6.4,llm_1,467.9545618702757,-10.501500000000002,23.70172091478503,1000.0,,0.3662188230838662,0.3662188230838662,0.3662188230838662,0.3662188230838662,0.3625928941424661,0,highway_0,0,148.9545618702757,467.9545618702757,,-1024.701720914785
6.5,llm_1,470.32840100487806,-10.501500000000002,23.73839134602353,1000.0,,0.3703713555088368,0.3703713555088368,0.3703713555088368,0.3703713555088368,0.36670431238498225,0,highway_0,0,151.32840100487806,470.32840100487806,,-1024.7383913460235
6.6,llm_1,472.7059475048164,-10.501500000000002,23.775464999383214,1000.0,,0.37444389893280006,0.37444389893280006,0.37444389893280006,0.37444389893280006,0.37073653359684045,0,highway_0,0,153.70594750481638,472.7059475048164,,-1024.7754649993833
6.7,llm_1,475.08724090117727,-10.501500000000002,23.81293396360922,1000.0,,0.3784365386826378,0.3784365386826378,0.3784365386826378,0.3784365386826378,0.3746896422600443,0,highway_0,0,156.08724090117732,475.0872409011773,,-1024.812933963609
6.8,llm_1,477.4723199352564,-10.501500000000002,23.850790340791217,1000.0,,0.38234940953819807,0.38234940953819807,0.38234940953819807,0.38234940953819807,0.3785637718199908,0,highway_0,0,158.47231993525645,477.47231993525645,,-1024.8507903407913
6.9,llm_1,479.8612225603457,-10.501500000000002,23.889026250892613,1000.0,,0.38618269202409095,0.38618269202409095,0.38618269202409095,0.38618269202409095,0.38235910101395376,0,highway_0,0,160.8612225603457,479.8612225603457,,-1024.8890262508926
7.0,llm_1,482.25398594393874,-10.501500000000002,23.927633835930166,1000.0,,0.38993660887927284,0.38993660887927284,0.38993660887927284,0.38993660887927284,0.3860758503755335,0,highway_0,0,163.25398594393874,482.25398594393874,,-1024.9276338359302
7.1,llm_1,484.65064647032085,-10.501500000000002,23.96660526382116,1000.0,,0.3936114216990556,0.3936114216990556,0.3936114216990556,0.3936114216990556,0.38971427890995614,0,highway_0,0,165.65064647032085,484.65064647032085,,-1024.966605263821
7.2,llm_1,487.0512397435124,-10.501500000000002,24.005932731914633,1000.0,,0.3972074277440618,0.3972074277440618,0.3972074277440618,0.3972074277440618,0.3932746809347165,0,highway_0,0,168.05123974351233,487.0512397435123,,-1025.0059327319145
7.3,llm_1,489.4558005905345,-10.501500000000002,24.04560847022261,1000.0,,0.4007249569105694,0.4007249569105694,0.4007249569105694,0.4007249569105694,0.39675738307977326,0,highway_0,0,170.45580059053458,489.4558005905346,,-1025.0456084702225
7.4,llm_1,491.86436306497126,-10.501500000000002,24.085624744366836,1000.0,,0.40416436885668516,0.40416436885668516,0.40416436885668516,0.40416436885668516,0.4001627414422515,0,highway_0,0,172.86436306497126,491.86436306497126,,-1025.085624744367
7.5,llm_1,494.27696045079676,-10.501500000000002,24.12597385825582,1000.0,,0.40752605027873334,0.40752605027873334,0.40752605027873334,0.40752605027873334,0.4034911388898266,0,highway_0,0,175.27696045079682,494.2769604507968,,-1025.1259738582557
7.6,llm_1,496.69362526644744,-10.501500000000002,24.166648156506543,1000.0,,0.4108104123322952,0.4108104123322952,0.4108104123322952,0.4108104123322952,0.4067429825072466,0,highway_0,0,177.6936252664475,496.6936252664475,,-1025.1666481565067
7.7,llm_1,499.11438926910995,-10.501500000000002,24.2076400266246,1000.0,,0.41401788819236096,0.41401788819236096,0.41401788819236096,0.41401788819236096,0.4099187011805583,0,highway_0,0,180.11438926910995,499.11438926910995,,-1025.2076400266246
7.8,llm_1,501.53928345920554,-10.501500000000002,24.248941900955998,1000.0,,0.4171489307471288,0.4171489307471288,0.4171489307471288,0.4171489307471288,0.4130187433139909,0,highway_0,0,182.53928345920554,501.53928345920554,,-1025.248941900956
7.9,llm_1,503.9683380850479,-10.501500000000002,24.290546258423326,1000.0,,0.4202040104200311,0.4202040104200311,0.4202040104200311,0.4202040104200311,0.41604357467328157,0,highway_0,0,184.9683380850479,503.9683380850479,,-1025.2905462584233
8.0,llm_1,506.4015826476537,-10.501500000000002,24.332445626058444,1000.0,,0.42318361311469843,0.42318361311469843,0.42318361311469843,0.42318361311469843,0.4189936763511781,0,highway_0,0,187.40158264765375,506.40158264765375,,-1025.3324456260584
8.1,llm_1,508.839045905688,-10.501500000000002,24.374632580343363,1000.0,,0.4260882382776626,0.4260882382776626,0.4260882382776626,0.4260882382776626,0.421869542849187,0,highway_0,0,189.83904590568807,508.83904590568807,,-1025.3746325803434
8.2,llm_1,511.28075588052513,-10.501500000000002,24.41709974837046,1000.0,,0.4289183970736896,0.4289183970736896,0.4289183970736896,0.4289183970736896,0.4246716802709827,0,highway_0,0,192.28075588052513,511.28075588052513,,-1025.4170997483704
8.3,llm_1,513.7267398614084,-10.501500000000002,24.45983980883272,1000.0,,0.4316746106687983,0.4316746106687983,0.4316746106687983,0.4316746106687983,0.42740060462257645,0,highway_0,0,194.72673986140842,513.7267398614084,,-1025.4598398088326
8.4,llm_1,516.1770244106938,-10.501500000000002,24.502845492854117,1000.0,,0.4343574086161207,0.4343574086161207,0.4343574086161207,0.4343574086161207,0.43005684021398594,0,highway_0,0,197.17702441069378,516.1770244106938,,-1025.502845492854
8.5,llm_1,518.6316353691608,-10.501500000000002,24.54610958466995,1000.0,,0.43696732733992416,0.43696732733992416,0.43696732733992416,0.43696732733992416,0.4326409181583202,0,highway_0,0,199.6316353691608,518.6316353691608,,-1025.54610958467
8.6,llm_1,521.0905978613774,-10.501500000000002,24.58962492216631,1000.0,,0.43950490871319636,0.43950490871319636,0.43950490871319636,0.43950490871319636,0.4351533749635905,0,highway_0,0,202.09059786137743,521.0905978613774,,-1025.5896249221664
8.7,llm_1,523.5539363011062,-10.501500000000002,24.633384397287543,1000.0,,0.44197069872446226,0.44197069872446226,0.44197069872446226,0.44197069872446226,0.4375947512123446,0,highway_0,0,204.5539363011062,523.5539363011062,,-1025.6333843972875
8.8,llm_1,526.0216743967383,-10.501500000000002,24.67738095632016,1000.0,,0.4443652462294696,0.4443652462294696,0.4443652462294696,0.4443652462294696,0.43996559032617455,0,highway_0,0,207.02167439673826,526.0216743967383,,-1025.6773809563201
8.9,llm_1,528.4938351567444,-10.501500000000002,24.72160760006112,1000.0,,0.44668910178371035,0.44668910178371035,0.44668910178371035,0.44668910178371035,0.44226643740959304,0,highway_0,0,209.49383515674435,528.4938351567444,,-1025.7216076000611
9.0,llm_1,530.9704408951321,-10.501500000000002,24.766057383878127,1000.0,,0.44894281655176793,0.44894281655176793,0.44894281655176793,0.44894281655176793,0.44449783817007926,0,highway_0,0,211.97044089513213,530.9704408951321,,-1025.7660573838782
9.1,llm_1,533.451513236899,-10.501500000000002,24.810723417669184,1000.0,,0.4511269412896758,0.4511269412896758,0.4511269412896758,0.4511269412896758,0.4466603379105649,0,highway_0,0,214.45151323689902,533.451513236899,,-1025.8107234176691
9.2,llm_1,535.9370731234718,-10.501500000000002,24.855598865728254,1000.0,,0.4532420253966226,0.4532420253966226,0.4532420253966226,0.4532420253966226,0.44875448059070067,0,highway_0,0,216.9370731234718,535.9370731234718,,-1025.8555988657283
9.3,llm_1,538.4271408181241,-10.501500000000002,24.90067694652355,1000.0,,0.45528861603247883,0.45528861603247883,0.45528861603247883,0.45528861603247883,0.4507808079529596,0,highway_0,0,219.42714081812414,538.4271408181241,,-1025.9006769465236
9.4,llm_1,540.9217359113636,-10.501500000000002,24.945950932394613,1000.0,,0.45726725729775186,0.45726725729775186,0.45726725729775186,0.45726725729775186,0.45273985871062905,0,highway_0,0,221.9217359113636,540.9217359113636,,-1025.9459509323947
9.5,llm_1,543.420877326281,-10.501500000000002,24.991414149174094,1000.0,,0.4591784894727452,0.4591784894727452,0.4591784894727452,0.4591784894727452,0.45463216779481286,0,highway_0,0,224.42087732628102,543.420877326281,,-1025.991414149174
9.6,llm_1,545.924583323855,-10.501500000000002,25.037059975739716,1000.0,,0.4610228483127926,0.4610228483127926,0.4610228483127926,0.4610228483127926,0.4564582656562166,0,highway_0,0,226.92458332385502,545.924583323855,,-1026.0370599757398
9.7,llm_1,548.4328648033475,-10.501500000000002,25.082814794924435,1000.0,,0.4621236737656582,0.4621236737656582,0.4621236737656582,0.4621236737656582,0.457548191847188,0,highway_0,0,229.43286480334746,548.4328648033475,,-1026.0828147949244
9.8,llm_1,550.9457127885912,-10.501500000000002,25.12847985243734,1000.0,,0.4612170808803462,0.4612170808803462,0.4612170808803462,0.4612170808803462,0.4566505751290606,0,highway_0,0,231.9457127885912,550.9457127885912,,-1026.1284798524373
9.9,llm_1,553.4631181284622,-10.501500000000002,25.174053398709045,1000.0,,0.4602928173441927,0.4602928173441927,0.4602928173441927,0.4602928173441927,0.455735462717044,0,highway_0,0,234.46311812846216,553.4631181284622,,-1026.174053398709
10.0,llm_1,555.9850714991844,-10.501500000000002,25.21953370722232,1000.0,,0.45935111598407685,0.45935111598407685,0.45935111598407685,0.45935111598407685,0.45480308513273116,0,highway_0,0,236.98507149918441,555.9850714991844,,-1026.2195337072224
10.1,llm_1,558.5115634066121,-10.501500000000002,25.264919074277405,1000.0,,0.45839220725635443,0.45839220725635443,0.45839220725635443,0.45839220725635443,0.45385367055086334,0,highway_0,0,239.51156340661214,558.5115634066121,,-1026.2649190742775
10.2,llm_1,561.0425841884887,-10.501500000000002,25.310207818766088,1000.0,,0.45741631933571514,0.45741631933571514,0.45741631933571514,0.45741631933571514,0.45288744488683363,0,highway_0,0,242.04258418848872,561.0425841884887,,-1026.310207818766
10.3,llm_1,563.5781240166841,-10.501500000000002,25.355398281954265,1000.0,,0.45642367820059615,0.45642367820059615,0.45642367820059615,0.45642367820059615,0.4519046318817743,0,highway_0,0,244.57812401668411,563.5781240166841,,-1026.3553982819542
10.4,llm_1,566.1181728994113,-10.501500000000002,25.400488827272603,1000.0,,0.4554145077152465,0.4554145077152465,0.4554145077152465,0.4554145077152465,0.45090545318338116,0,highway_0,0,247.11817289941132,566.1181728994113,,-1026.4004888272725
10.5,llm_1,568.6627206834228,-10.501500000000002,25.445477840115032,1000.0,,0.454389029708558,0.454389029708558,0.454389029708558,0.454389029708558,0.4498901284242862,0,highway_0,0,249.66272068342278,568.6627206834228,,-1026.445477840115
10.6,llm_1,571.2117570561873,-10.501500000000002,25.49036372764471,1000.0,,0.45334746404975856,0.45334746404975856,0.45334746404975856,0.45334746404975856,0.4488588752967715,0,highway_0,0,252.21175705618725,571.2117570561873,,-1026.4903637276448
10.7,llm_1,573.765271548048,-10.501500000000002,25.53514491860719,1000.0,,0.4522900287210684,0.4522900287210684,0.4522900287210684,0.4522900287210684,0.44781190962481787,0,highway_0,0,254.76527154804796,573.765271548048,,-1026.535144918607
10.8,llm_1,576.3232535343631,-10.501500000000002,25.579819863150497,1000.0,,0.45121693988741274,0.45121693988741274,0.45121693988741274,0.45121693988741274,0.4467494454330634,0,highway_0,0,257.32325353436306,576.3232535343631,,-1026.5798198631505
10.9,llm_1,578.8856922376283,-10.501500000000002,25.624387032651814,1000.0,,0.45012841196328324,0.45012841196328324,0.45012841196328324,0.45012841196328324,0.44567169501316783,0,highway_0,0,259.8856922376283,578.8856922376283,,-1026.6243870326518
11.0,llm_1,581.4525767295834,-10.501500000000002,25.668844919550512,1000.0,,0.4490246576768293,0.4490246576768293,0.4490246576768293,0.4490246576768293,0.44457886898698007,0,highway_0,0,262.45257672958337,581.4525767295834,,-1026.6688449195506
11.1,llm_1,584.0238959333021,-10.501500000000002,25.713192037187273,1000.0,,0.4479058881312732,0.4479058881312732,0.4479058881312732,0.4479058881312732,0.44347117636760913,0,highway_0,0,265.02389593330213,584.0238959333021,,-1026.7131920371874
11.2,llm_1,586.5996386252671,-10.501500000000002,25.757426919649028,1000.0,,0.4467723128637239,0.4467723128637239,0.4467723128637239,0.4467723128637239,0.44234882461754665,0,highway_0,0,267.59963862526706,586.5996386252671,,-1026.757426919649
11.3,llm_1,589.179793437429,-10.501500000000002,25.80154812161947,1000.0,,0.4456241399014662,0.4456241399014662,0.4456241399014662,0.4456241399014662,0.44121201970440893,0,highway_0,0,270.179793437429,589.179793437429,,-1026.8015481216194
11.4,llm_1,591.7643488592524,-10.501500000000002,25.845554218234895,1000.0,,0.44446157581581114,0.44446157581581114,0.44446157581581114,0.44446157581581114,0.44006096615426316,0,highway_0,0,272.76434885925244,591.7643488592524,,-1026.8455542182348
11.5,llm_1,594.3532932397469,-10.501500000000002,25.88944380494515,1000.0,,0.4432848257735664,0.4432848257735664,0.4432848257735664,0.4432848257735664,0.4388958671025378,0,highway_0,0,275.3532932397469,594.3532932397469,,-1026.8894438049451
11.6,llm_1,596.9466147894849,-10.501500000000002,25.93321549737943,1000.0,,0.44209409358621343,0.44209409358621343,0.44209409358621343,0.44209409358621343,0.4377169243428014,0,highway_0,0,277.9466147894849,596.9466147894849,,-1026.9332154973795
11.7,llm_1,599.5443015826065,-10.501500000000002,25.97686793121674,1000.0,,0.4408895817568437,0.4408895817568437,0.4408895817568437,0.4408895817568437,0.43652433837312543,0,highway_0,0,280.5443015826065,599.5443015826065,,-1026.9768679312167
11.8,llm_1,602.1463415588127,-10.501500000000002,26.020399762060794,1000.0,,0.4396714915249348,0.4396714915249348,0.4396714915249348,0.4396714915249348,0.43531830844052877,0,highway_0,0,283.14634155881265,602.1463415588127,,-1027.0203997620608
11.9,llm_1,604.7527225253446,-10.501500000000002,26.063809665319116,1000.0,,0.4384400229090213,0.4384400229090213,0.4384400229090213,0.4384400229090213,0.43409903258321947,0,highway_0,0,285.75272252534455,604.7527225253446,,-1027.063809665319
12.0,llm_1,607.3634321589532,-10.4915,26.10709633608618,1000.0,,0.43719537474732306,0.43719537474732306,0.43719537474732306,0.43719537474732306,0.43286670767063384,0,highway_0,0,288.3634321589532,607.3634321589532,,-1027.1070963360862
12.1,llm_1,609.9784580078563,-10.4715,26.150258489030378,1000.0,,0.4359377447363979,0.4359377447363979,0.4359377447363979,0.4359377447363979,0.4316215294419834,0,highway_0,0,290.97845800785626,609.9784580078563,,-1027.1502584890304
12.2,llm_1,612.5977874936847,-10.441500000000001,26.193294858284624,1000.0,,0.4346673294678687,0.4346673294678687,0.4346673294678687,0.4346673294678687,0.430363692542457,0,highway_0,0,293.5977874936847,612.5977874936847,,-1027.1932948582846
12.3,llm_1,615.2214079134187,-10.4015,26.236204197340395,1000.0,,0.4333843244632848,0.4333843244632848,0.4333843244632848,0.4333843244632848,0.42909339055771767,0,highway_0,0,296.2214079134187,615.2214079134187,,-1027.2362041973404
12.4,llm_1,617.8493064413133,-10.351500000000001,26.27898527894507,1000.0,,0.4320889242071785,0.4320889242071785,0.4320889242071785,0.4320889242071785,0.42781081604672977,0,highway_0,0,298.8493064413133,617.8493064413133,,-1027.2789852789451
12.5,llm_1,620.4814701308135,-10.291500000000001,26.32163689500233,1000.0,,0.43078132217835574,0.43078132217835574,0.43078132217835574,0.43078132217835574,0.426516160572632,0,highway_0,0,301.4814701308135,620.4814701308135,,-1027.3216368950023
12.6,llm_1,623.117885916461,-10.2215,26.364157856475547,1000.0,,0.4294617108794885,0.4294617108794885,0.4294617108794885,0.4294617108794885,0.4252096147321538,0,highway_0,0,304.117885916461,623.117885916461,,-1027.3641578564755
12.7,llm_1,625.7585406157904,-10.1415,26.40654699329387,1000.0,,0.4281302818650492,0.4281302818650492,0.4281302818650492,0.4281302818650492,0.42389136818322015,0,highway_0,0,306.75854061579037,625.7585406157904,,-1027.406546993294
12.8,llm_1,628.4034209312165,-10.0515,26.44880315426096,1000.0,,0.4267872257676375,0.4267872257676375,0.4267872257676375,0.4267872257676375,0.4225616096709217,0,highway_0,0,309.4034209312165,628.4034209312165,,-1027.448803154261
12.9,llm_1,631.0525134519131,-9.951500000000001,26.490925206966185,1000.0,,0.42543273232275236,0.42543273232275236,0.42543273232275236,0.42543273232275236,0.4212205270522418,0,highway_0,0,312.0525134519131,631.0525134519131,,-1027.4909252069663
13.0,llm_1,633.7058046556829,-9.851500000000001,26.532912037698072,1000.0,,0.4240669903920481,0.4240669903920481,0.4240669903920481,0.4240669903920481,0.4198683073188647,0,highway_0,0,314.70580465568287,633.7058046556829,,-1027.532912037698
13.1,llm_1,636.3632809108188,-9.7515,26.574762551359967,1000.0,,0.4226901879851247,0.4226901879851247,0.4226901879851247,0.4226901879851247,0.41850513661895405,0,highway_0,0,317.36328091081884,636.3632809108188,,-1027.57476255136
13.2,llm_1,639.0249284779576,-9.6515,26.61647567138768,1000.0,,0.4213025122798937,0.4213025122798937,0.4213025122798937,0.4213025122798937,0.4171312002771188,0,highway_0,0,320.0249284779576,639.0249284779576,,-1027.6164756713877
13.3,llm_1,641.6907335119245,-9.551499999999999,26.658050339669025,6.031299762913681,ego_0,0.4199041496415664,0.4199041496415664,0.4199041496415664,0.4199041496415664,0.41574668281345595,0,highway_0,1,322.69073351192446,641.6907335119245,,0.8693676867931295
13.4,llm_1,644.3515880508419,-9.551499999999999,26.608545389173976,6.1260693354935025,ego_0,-0.5,-0.5,-0.5,-0.5,-0.4950495049504866,0,highway_0,1,325.3515880508419,644.3515880508419,,0.9476957257979599
13.5,llm_1,647.0074920947097,-9.561499999999999,26.559040438678927,6.228642269615625,ego_0,-0.5,-0.5,-0.5,-0.5,-0.4950495049504866,0,highway_0,1,328.00749209470973,647.0074920947097,,1.0257293412204618
13.6,llm_1,649.6584456435281,-9.5815,26.50953548818388,6.338989332551796,ego_0,-0.5,-0.5,-0.5,-0.5,-0.4950495049504866,0,highway_0,1,330.6584456435281,649.6584456435281,,1.1034706293618477
13.7,llm_1,652.3044486972971,-9.6115,26.46003053768883,1000.0,,-0.5,-0.5,-0.5,-0.5,-0.4950495049504866,0,highway_0,0,333.30444869729706,652.3044486972971,,-1027.460030537689
13.8,llm_1,654.9548468076925,-9.6515,26.503981103955116,1000.0,,0.44390071928949626,0.44390071928949626,0.44390071928949626,0.44390071928949626,0.4395056626628602,0,highway_0,0,335.95484680769255,654.9548468076925,,-1027.503981103955
13.9,llm_1,657.6096232686775,-9.701500000000001,26.54776460984958,1000.0,,0.44221340953409816,0.44221340953409816,0.44221340953409816,0.44221340953409816,0.4378350589446356,0,highway_0,0,338.6096232686775,657.6096232686775,,-1027.5477646098495
14.0,llm_1,660.2687612994134,-9.7615,26.591380307358875,1000.0,,0.44051854484386477,0.44051854484386477,0.44051854484386477,0.44051854484386477,0.43615697509295615,0,highway_0,0,341.2687612994134,660.2687612994134,,-1027.5913803073588
14.1,llm_1,662.9322440457328,-9.8315,26.634827463193634,1000.0,,0.4388162739310626,0.4388162739310626,0.4388162739310626,0.4388162739310626,0.4344715583475889,0,highway_0,0,343.9322440457328,662.9322440457328,,-1027.6348274631937
14.2,llm_1,665.6000545816125,-9.9115,26.678105358797897,1000.0,,0.43710674560305296,0.43710674560305296,0.43710674560305296,0.43710674560305296,0.4327789560426254,0,highway_0,0,346.60005458161254,665.6000545816125,,-1027.678105358798
14.3,llm_1,668.2721759106482,-10.0015,26.721213290357465,1000.0,,0.4353901087516404,0.4353901087516404,0.4353901087516404,0.4353901087516404,0.4310793155956816,0,highway_0,0,349.27217591064823,668.2721759106482,,-1027.7212132903574
14.4,llm_1,670.948590967529,-10.101500000000001,26.764150568807157,1000.0,,0.43366651234188347,0.43366651234188347,0.43366651234188347,0.43366651234188347,0.42937278449691973,0,highway_0,0,351.94859096752896,670.948590967529,,-1027.764150568807
14.5,llm_1,673.6292826195127,-10.201500000000001,26.806916519836896,1000.0,,0.43193610540038063,0.43193610540038063,0.43193610540038063,0.43193610540038063,0.4276595102973957,0,highway_0,0,354.62928261951265,673.6292826195127,,-1027.806916519837
14.6,llm_1,676.3142336679023,-10.3015,26.849510483896605,1000.0,,0.4301990370030496,0.4301990370030496,0.4301990370030496,0.4301990370030496,0.4259396405970861,0,highway_0,0,357.3142336679023,676.3142336679023,,-1027.8495104838967
14.7,llm_1,679.0034268495223,-10.4015,26.891931816199815,1000.0,,0.4284554562624219,0.4284554562624219,0.4284554562624219,0.4284554562624219,0.4242133230320988,0,highway_0,0,360.00342684952227,679.0034268495223,,-1027.8919318161998
14.8,llm_1,681.6968448381949,-10.5015,26.934179886726,1000.0,,0.4267055123144685,0.4267055123144685,0.4267055123144685,0.4267055123144685,0.42248070526184733,0,highway_0,0,362.6968448381949,681.6968448381949,,-1027.934179886726
14.9,llm_1,684.3944702462171,-10.601500000000001,26.97625408022154,1000.0,,0.42494935430497194,0.42494935430497194,0.42494935430497194,0.42494935430497194,0.4207419349554087,0,highway_0,0,365.3944702462171,684.3944702462171,,-1027.9762540802215
15.0,llm_1,687.096285625837,-10.701500000000001,27.01815379619931,1000.0,,0.4231871313754674,0.4231871313754674,0.4231871313754674,0.4231871313754674,0.41899715977770313,0,highway_0,0,368.096285625837,687.096285625837,,-1028.0181537961994
15.1,llm_1,689.8022734707307,-10.8015,27.059878448936814,1000.0,,0.42141899264876737,0.42141899264876737,0.42141899264876737,0.42141899264876737,0.41724652737503476,0,highway_0,0,370.8022734707307,689.8022734707307,,-1028.0598784489368
15.2,llm_1,692.512416217478,-10.9015,27.101427467472863,1000.0,,0.4196450872140879,0.4196450872140879,0.4196450872140879,0.4196450872140879,0.41549018536048976,0,highway_0,0,373.51241621747795,692.512416217478,,-1028.1014274674728
15.3,llm_1,695.2266962470383,-11.0015,27.142800295602743,1000.0,,0.4178655641117931,0.4178655641117931,0.4178655641117931,0.4178655641117931,0.4137282812988019,0,highway_0,0,376.22669624703826,695.2266962470383,,-1028.1428002956027
15.4,llm_1,697.9450958862254,-11.101500000000001,27.18399639187183,1000.0,,0.41608057231777773,0.41608057231777773,0.41608057231777773,0.41608057231777773,0.4119609626908627,0,highway_0,0,378.94509588622543,697.9450958862254,,-1028.183996391872
15.5,llm_1,700.6675974091822,-11.201500000000001,27.22501522956762,1000.0,,0.41429026072750086,0.41429026072750086,0.41429026072750086,0.41429026072750086,0.41018837695791177,0,highway_0,0,381.66759740918224,700.6675974091822,,-1028.2250152295676
15.6,llm_1,703.3941830388533,-11.3015,27.265856296710165,1000.0,,0.41249477813969404,0.41249477813969404,0.41249477813969404,0.41249477813969404,0.4084106714254432,0,highway_0,0,384.39418303885327,703.3941830388533,,-1028.2658562967101
15.7,llm_1,706.1248349484573,-11.4015,27.306519096040834,1000.0,,0.41069427323975227,0.41069427323975227,0.41069427323975227,0.41069427323975227,0.4066279933066852,0,highway_0,0,387.1248349484573,706.1248349484573,,-1028.3065190960408
15.8,llm_1,708.8595352629583,-11.4915,27.34700314500943,1000.0,,0.4088888945828325,0.4088888945828325,0.4088888945828325,0.4088888945828325,0.40484048968597364,0,highway_0,0,389.8595352629583,708.8595352629583,,-1028.3470031450095
15.9,llm_1,711.5982660605342,-11.5715,27.387307975759597,1000.0,,0.4070787905766712,0.4070787905766712,0.4070787905766712,0.4070787905766712,0.4030483075016633,0,highway_0,0,392.59826606053423,711.5982660605342,,-1028.3873079757595
16.0,llm_1,714.3410093740455,-11.6415,27.42743313511248,1000.0,,0.4052641094641414,0.4052641094641414,0.4052641094641414,0.4052641094641414,0.40125159352882633,0,highway_0,0,395.3410093740455,714.3410093740455,,-1028.4274331351126
16.1,llm_1,717.0877471925004,-11.701500000000001,27.46737818454867,1000.0,,0.40344499930556155,0.40344499930556155,0.40344499930556155,0.40344499930556155,0.3994504943619148,0,highway_0,0,398.0877471925004,717.0877471925004,,-1028.4673781845486
16.2,llm_1,719.8384614625193,-11.7515,27.507142700188354,1000.0,,0.4016216079607745,0.4016216079607745,0.4016216079607745,0.4016216079607745,0.39764515639681974,0,highway_0,0,400.83846146251926,719.8384614625193,,-1028.5071427001883
16.3,llm_1,722.5931340897962,-11.791500000000001,27.546726272769643,1000.0,,0.3997940830710147,0.3997940830710147,0.3997940830710147,0.3997940830710147,0.39583572581289417,0,highway_0,0,403.5931340897962,722.5931340897962,,-1028.5467262727695
16.4,llm_1,725.3517469405587,-11.8315,27.586128507625144,1000.0,,0.39796257204057506,0.39796257204057506,0.39796257204057506,0.39796257204057506,0.39402234855501206,0,highway_0,0,406.35174694055866,725.3517469405587,,-1028.586128507625
16.5,llm_1,728.1142818430243,-11.861500000000001,27.62534902465666,1000.0,,0.396127222018295,0.396127222018295,0.396127222018295,0.396127222018295,0.3922051703151652,0,highway_0,0,409.1142818430243,728.1142818430243,,-1028.6253490246568
16.6,llm_1,730.8807205888551,-11.8815,27.664387458308035,1000.0,,0.394288179878878,0.394288179878878,0.394288179878878,0.394288179878878,0.3903843365137405,0,highway_0,0,411.88072058885507,730.8807205888551,,-1028.664387458308
16.7,llm_1,733.6510449346086,-11.8915,27.70324345753616,1000.0,,0.3924455922040625,0.3924455922040625,0.3924455922040625,0.3924455922040625,0.3885599922812588,0,highway_0,0,414.65104493460865,733.6510449346086,,-1028.7032434575362
16.8,llm_1,736.4252366031867,-11.8915,27.741916685780087,1000.0,,0.3905996052636532,0.3905996052636532,0.3905996052636532,0.3905996052636532,0.3867322824392616,0,highway_0,0,417.4252366031867,736.4252366031867,,-1028.74191668578
16.9,llm_1,739.2032772852796,-11.8995,27.78040682092825,1000.0,,0.388750364996438,0.388750364996438,0.388750364996438,0.388750364996438,0.3849013514816235,0,highway_0,0,420.20327728527957,739.2032772852796,,-1028.7804068209282
17.0,llm_1,741.9851486408079,-11.8995,27.818713555283793,1000.0,,0.38689801699099247,0.38689801699099247,0.38689801699099247,0.38689801699099247,0.3830673435554388,0,highway_0,0,422.9851486408079,741.9851486408079,,-1028.8187135552837
17.1,llm_1,744.7708323003607,-11.8995,27.85683659552799,1000.0,,0.38504270646639926,0.38504270646639926,0.38504270646639926,0.38504270646639926,0.3812304024419788,0,highway_0,0,425.77083230036067,744.7708323003607,,-1028.856836595528
17.2,llm_1,747.5603098666288,-11.8995,27.894775662681745,1000.0,,0.38318457825289165,0.38318457825289165,0.38318457825289165,0.38318457825289165,0.3793906715375428,0,highway_0,0,428.5603098666288,747.5603098666288,,-1028.8947756626817
17.3,llm_1,750.3535629158354,-11.8995,27.932530492065155,1000.0,,0.38132377677243157,0.38132377677243157,0.38132377677243157,0.38132377677243157,0.3775482938340957,0,highway_0,0,431.35356291583537,750.3535629158354,,-1028.932530492065
17.4,llm_1,753.1505729991609,-11.8995,27.970100833255177,1000.0,,0.3794604460192472,0.3794604460192472,0.3794604460192472,0.3794604460192472,0.3757034119002256,0,highway_0,0,434.1505729991609,753.1505729991609,,-1028.9701008332552
17.5,llm_1,755.951321644165,-11.8995,28.00748645004135,1000.0,,0.3775947295403317,0.3775947295403317,0.3775947295403317,0.3775947295403317,0.3738561678617103,0,highway_0,0,436.951321644165,755.951321644165,,-1029.0074864500414
17.6,llm_1,758.755790356203,-11.8995,28.044687120379557,1000.0,,0.3757267704159277,0.3757267704159277,0.3757267704159277,0.3757267704159277,0.37200670338208397,0,highway_0,0,439.75579035620297,758.755790356203,,-1029.0446871203796
17.7,llm_1,761.5639606198373,-11.8995,28.081702636343913,1000.0,,0.37385671124000386,0.37385671124000386,0.37385671124000386,0.37385671124000386,0.3701551596435593,0,highway_0,0,442.5639606198373,761.5639606198373,,-1029.0817026363438
17.8,llm_1,764.375813900245,-11.8995,28.11853280407666,1000.0,,0.37198469410074175,0.37198469410074175,0.37198469410074175,0.37198469410074175,0.3683016773274872,0,highway_0,0,445.375813900245,764.375813900245,,-1029.1185328040767
17.9,llm_1,767.1913316446187,-11.8995,28.15517744373617,1000.0,,0.37011086056104303,0.37011086056104303,0.37011086056104303,0.37011086056104303,0.3664463965951015,0,highway_0,0,448.1913316446187,767.1913316446187,,-1029.1551774437362
18.0,llm_1,770.0104952835629,-11.8995,28.191636389443012,1000.0,,0.3682353516390746,0.3682353516390746,0.3682353516390746,0.3682353516390746,0.36458945706840495,0,highway_0,0,451.01049528356293,770.0104952835629,,-1029.191636389443
18.1,llm_1,772.8332862324853,-11.8995,28.227909489224086,1000.0,,0.3663583077888569,0.3663583077888569,0.3663583077888569,0.3663583077888569,0.36273099781073626,0,highway_0,0,453.8332862324853,772.8332862324853,,-1029.227909489224
18.2,llm_1,775.6596858929807,-11.8995,28.26399660495487,1000.0,,0.36447986888091677,0.36447986888091677,0.36447986888091677,0.36447986888091677,0.3608711573078338,0,highway_0,0,456.65968589298075,775.6596858929807,,-1029.2639966049549
18.3,llm_1,778.4896756542107,-11.8995,28.29989761229972,1000.0,,0.36260017418301027,0.36260017418301027,0.36260017418301027,0.36260017418301027,0.3590100734485091,0,highway_0,0,459.4896756542107,778.4896756542107,,-1029.2998976122997
18.4,llm_1,781.3232368942757,-11.8995,28.33561240065031,1000.0,,0.36071936234093493,0.36071936234093493,0.36071936234093493,0.36071936234093493,0.35714788350588833,0,highway_0,0,462.32323689427574,781.3232368942757,,-1029.3356124006502
18.5,llm_1,784.1603509815819,-11.8995,28.371140873062135,1000.0,,0.3588375713594344,0.3588375713594344,0.3588375713594344,0.3588375713594344,0.3552847241182633,0,highway_0,0,465.1603509815819,784.1603509815819,,-1029.3711408730621
18.6,llm_1,787.0009992762009,-11.8995,28.406482946189186,1000.0,,0.35695493858321503,0.35695493858321503,0.35695493858321503,0.35695493858321503,0.35342073127051066,0,highway_0,0,468.0009992762009,787.0009992762009,,-1029.4064829461893
18.7,llm_1,789.8451631312225,-11.8995,28.44163855021672,1000.0,,0.35507160067808186,0.35507160067808186,0.35507160067808186,0.35507160067808186,0.3515560402753337,0,highway_0,0,470.84516313122253,789.8451631312225,,-1029.4416385502168
18.8,llm_1,792.6928238941017,-11.8995,28.476607628792188,1000.0,,0.35318769361220814,0.35318769361220814,0.35318769361220814,0.35318769361220814,0.3496907857546816,0,highway_0,0,473.6928238941017,792.6928238941017,,-1029.4766076287922
18.9,llm_1,795.5439629079972,-11.8995,28.511390138954322,1000.0,,0.3513033526375443,0.3513033526375443,0.3513033526375443,0.3513033526375443,0.3478251016213463,0,highway_0,0,476.5439629079972,795.5439629079972,,-1029.5113901389543
19.0,llm_1,798.3985615131032,-11.8995,28.545986051060403,1000.0,,0.3494187122713852,0.3494187122713852,0.3494187122713852,0.3494187122713852,0.3459591210608082,0,highway_0,0,479.39856151310323,798.3985615131032,,-1029.5459860510605
19.1,llm_1,801.2566010479744,-11.8995,28.5803953487117,1000.0,,0.34753390627809755,0.34753390627809755,0.34753390627809755,0.34753390627809755,0.3440929765129752,0,highway_0,0,482.2566010479744,801.2566010479744,,-1029.5803953487116
19.2,llm_1,804.1180628508421,-11.8995,28.614618028677146,1000.0,,0.3456490676510243,0.3456490676510243,0.3456490676510243,0.3456490676510243,0.3422267996544548,0,highway_0,0,485.1180628508421,804.1180628508421,,-1029.6146180286771
19.3,llm_1,806.9829282609236,-11.8995,28.64865410081522,1000.0,,0.3437643285945725,0.3437643285945725,0.3437643285945725,0.3437643285945725,0.3403607213807547,0,highway_0,0,487.9829282609236,806.9829282609236,,-1029.6486541008153
19.4,llm_1,809.851178619723,-11.8995,28.682503587994084,1000.0,,0.3418798205064951,0.3418798205064951,0.3418798205064951,0.3418798205064951,0.33849487178862603,0,highway_0,0,490.851178619723,809.851178619723,,-1029.682503587994
19.5,llm_1,812.722795272324,-11.8995,28.716166526009964,1000.0,,0.33999567396037955,0.33999567396037955,0.33999567396037955,0.33999567396037955,0.3366293801587972,0,highway_0,0,493.722795272324,812.722795272324,,-1029.71616652601
19.6,llm_1,815.5977595686744,-11.8995,28.74964296350386,1000.0,,0.3381120186883456,0.3381120186883456,0.3381120186883456,0.3381120186883456,0.33476437493895617,0,highway_0,0,496.5977595686744,815.5977595686744,,-1029.749642963504
19.7,llm_1,818.476052864862,-11.8995,28.782932961876533,1000.0,,0.3362289835639687,0.3362289835639687,0.3362289835639687,0.3362289835639687,0.33289998372673324,0,highway_0,0,499.476052864862,818.476052864862,,-1029.7829329618764
19.8,llm_1,821.3576565243823,-11.8995,28.816036595201822,1000.0,,0.3343466965854298,0.3343466965854298,0.3343466965854298,0.3343466965854298,0.3310363332528965,0,highway_0,0,502.35765652438226,821.3576565243823,,-1029.816036595202
19.9,llm_1,824.2425519193961,-11.8995,28.84895395013835,1000.0,,0.33246528485891114,0.33246528485891114,0.33246528485891114,0.33246528485891114,0.3291735493652581,0,highway_0,0,505.2425519193961,824.2425519193961,,-1029.8489539501384
20.0,llm_1,827.1307204319801,-11.8995,28.88168512583956,1000.0,,0.3305848745822335,0.3305848745822335,0.3305848745822335,0.3305848745822335,0.3273117570121187,0,highway_0,0,508.1307204319801,827.1307204319801,,-1029.8816851258396
20.1,llm_1,830.0221434553663,-11.8995,28.91423023386221,1000.0,,0.32870559102875185,0.32870559102875185,0.32870559102875185,0.32870559102875185,0.32545108022649316,0,highway_0,0,511.0221434553663,830.0221434553663,,-1029.914230233862
20.2,llm_1,832.9168023951736,-11.8995,28.94658939807325,1000.0,,0.326827558531514,0.326827558531514,0.326827558531514,0.326827558531514,0.3235916421104079,0,highway_0,0,513.9168023951736,832.9168023951736,,-1029.9465893980732
20.3,llm_1,835.8146786706291,-11.8995,28.9787627545552,1000.0,,0.3249509004676886,0.3249509004676886,0.3249509004676886,0.3249509004676886,0.3217335648194819,0,highway_0,0,516.8146786706291,835.8146786706291,,-1029.9787627545552
20.4,llm_1,838.71575371578,-11.8995,29.010750451509978,1000.0,,0.3230757392432724,0.3230757392432724,0.3230757392432724,0.3230757392432724,0.3198769695477921,0,highway_0,0,519.71575371578,838.71575371578,,-1030.01075045151
20.5,llm_1,841.6200089806962,-11.8995,29.042552649161273,1000.0,,0.32120219627807944,0.32120219627807944,0.32120219627807944,0.32120219627807944,0.31802197651295216,0,highway_0,0,522.6200089806962,841.6200089806962,,-1030.0425526491613
20.6,llm_1,844.5274259326617,-11.8995,29.074169519655435,1000.0,,0.3193303919910244,0.3193303919910244,0.3193303919910244,0.3193303919910244,0.3161687049416173,0,highway_0,0,525.5274259326617,844.5274259326617,,-1030.0741695196555
20.7,llm_1,847.4379860573578,-11.8995,29.105601246960948,1000.0,,0.3174604457857002,0.3174604457857002,0.3174604457857002,0.3174604457857002,0.31431727305513135,0,highway_0,0,528.4379860573578,847.4379860573578,,-1030.105601246961
20.8,llm_1,850.3516708600345,-11.8995,29.13684802676652,1000.0,,0.3155924760362623,0.3155924760362623,0.3155924760362623,0.3155924760362623,0.3124677980557067,0,highway_0,0,531.3516708600345,850.3516708600345,,-1030.1368480267665
20.9,llm_1,853.2684618666723,-11.8995,29.167910066377765,1000.0,,0.3137266000736181,0.3137266000736181,0.3137266000736181,0.3137266000736181,0.31062039611246206,0,highway_0,0,534.2684618666723,853.2684618666723,,-1030.1679100663778
21.0,llm_1,856.1883406251335,-11.8995,29.19878758461261,1000.0,,0.3118629341719318,0.3118629341719318,0.3118629341719318,0.3118629341719318,0.30877518234845525,0,highway_0,0,537.1883406251335,856.1883406251335,,-1030.1987875846125
21.1,llm_1,859.1112887063031,-11.8995,29.22948081169533,1000.0,,0.31000159353545254,0.31000159353545254,0.31000159353545254,0.31000159353545254,0.30693227082718266,0,highway_0,0,540.1112887063031,859.1112887063031,,-1030.2294808116953
21.2,llm_1,862.037287705218,-11.8995,29.259989989149357,1000.0,,0.3081426922856625,0.3081426922856625,0.3081426922856625,0.3081426922856625,0.305091774540287,0,highway_0,0,543.037287705218,862.037287705218,,-1030.2599899891493
21.3,llm_1,864.9663192421868,-11.8995,29.290315369688837,1000.0,,0.3062863434487557,0.3062863434487557,0.3062863434487557,0.3062863434487557,0.30325380539480307,0,highway_0,0,545.9663192421868,864.9663192421868,,-1030.2903153696889
21.4,llm_1,867.8983649638977,-11.8995,29.32045721710898,1000.0,,0.30443265894345095,0.30443265894345095,0.30443265894345095,0.30443265894345095,0.30141847420143364,0,highway_0,0,548.8983649638977,867.8983649638977,,-1030.320457217109
21.5,llm_1,870.8334065445152,-11.8995,29.35041580617523,1000.0,,0.3025817495691423,0.3025817495691423,0.3025817495691423,0.3025817495691423,0.29958589066250596,0,highway_0,0,551.8334065445152,870.8334065445152,,-1030.3504158061753
21.6,llm_1,873.7714256867664,-11.8995,29.38019142251131,1000.0,,0.30073372499439044,0.30073372499439044,0.30073372499439044,0.30073372499439044,0.2977561633607806,0,highway_0,0,554.7714256867664,873.7714256867664,,-1030.3801914225114
21.7,llm_1,876.7124041230151,-11.8995,29.40978436248614,1000.0,,0.29888869374575744,0.29888869374575744,0.29888869374575744,0.29888869374575744,0.2959293997482959,0,highway_0,0,557.7124041230151,876.7124041230151,,-1030.409784362486
21.8,llm_1,879.656323616325,-11.8995,29.439194933099703,1000.0,,0.29704676319699264,0.29704676319699264,0.29704676319699264,0.29704676319699264,0.2941057061356389,0,highway_0,0,560.656323616325,879.656323616325,,-1030.4391949330998
21.9,llm_1,882.6031659615119,-11.8995,29.468423451867878,1000.0,,0.2952080395585729,0.2952080395585729,0.2952080395585729,0.2952080395585729,0.29228518768174894,0,highway_0,0,563.6031659615119,882.6031659615119,,-1030.468423451868
22.0,llm_1,885.5529129861825,-11.8995,29.49747024670625,1000.0,,0.2933726278675852,0.2933726278675852,0.2933726278675852,0.2933726278675852,0.29046794838372136,0,highway_0,0,566.5529129861825,885.5529129861825,,-1030.4974702467061
22.1,llm_1,888.5055465517638,-11.8995,29.52633565581298,1000.0,,0.2915406319779774,0.2915406319779774,0.2915406319779774,0.2915406319779774,0.28865409106728634,0,highway_0,0,569.5055465517638,888.5055465517638,,-1030.526335655813
22.2,llm_1,891.4610485545189,-11.8995,29.555020027550718,1000.0,,0.28971215455116517,0.28971215455116517,0.28971215455116517,0.28971215455116517,0.2868437173773941,0,highway_0,0,572.4610485545189,891.4610485545189,,-1030.5550200275507
22.3,llm_1,894.4194009265517,-11.8995,29.583523720327648,1000.0,,0.2878872970469938,0.2878872970469938,0.2878872970469938,0.2878872970469938,0.2850369277692977,0,highway_0,0,575.4194009265517,894.4194009265517,,-1030.5835237203275
22.4,llm_1,897.3805856367994,-11.8995,29.611847102477658,1000.0,,0.28606615971507254,0.28606615971507254,0.28606615971507254,0.28606615971507254,0.28323382150009735,0,highway_0,0,578.3805856367994,897.3805856367994,,-1030.6118471024777
22.5,llm_1,900.3445846920134,-11.8995,29.639990552139682,1000.0,,0.28424884158646113,0.28424884158646113,0.28424884158646113,0.28424884158646113,0.2814344966202498,0,highway_0,0,581.3445846920134,900.3445846920134,,-1030.6399905521396
22.6,llm_1,903.311380137727,-11.8995,29.66795445713629,1000.0,,0.28243544046573665,0.28243544046573665,0.28243544046573665,0.28243544046573665,0.2796390499660717,0,highway_0,0,584.311380137727,903.311380137727,,-1030.6679544571364
22.7,llm_1,906.2809540592123,-11.8995,29.69573921485148,1000.0,,0.28062605292340703,0.28062605292340703,0.28062605292340703,0.28062605292340703,0.27784757715188846,0,highway_0,0,587.2809540592121,906.2809540592121,,-1030.6957392148515
22.8,llm_1,909.2532885824228,-11.8995,29.723345232107786,1000.0,,0.2788207742887113,0.2788207742887113,0.2788207742887113,0.2788207742887113,0.2760601725630707,0,highway_0,0,590.2532885824229,909.2532885824229,,-1030.7233452321077
22.9,llm_1,912.2283658749271,-11.8995,29.750772925042714,1000.0,,0.27701969864277576,0.27701969864277576,0.27701969864277576,0.27701969864277576,0.27427692934928416,0,highway_0,0,593.2283658749271,912.2283658749271,,-1030.7507729250426
23.0,llm_1,915.2061681468256,-11.8995,29.778022718984513,1000.0,,0.275222918812138,0.275222918812138,0.275222918812138,0.275222918812138,0.2724979394179883,0,highway_0,0,596.2061681468256,915.2061681468256,,-1030.7780227189844
23.1,llm_1,918.1866776516584,-11.8995,29.80509504832735,1000.0,,0.2734305263626464,0.2734305263626464,0.2734305263626464,0.2734305263626464,0.270723293428361,0,highway_0,0,599.1866776516583,918.1866776516583,,-1030.8050950483273
23.2,llm_1,921.1698766872989,-11.8995,29.831990356405935,1000.0,,0.2716426115937218,0.2716426115937218,0.2716426115937218,0.2716426115937218,0.2689530807858631,0,highway_0,0,602.1698766872989,921.1698766872989,,-1030.8319903564059
23.3,llm_1,924.155747596836,-11.8995,29.858709095369598,1000.0,,0.2698592635329842,0.2698592635329842,0.2698592635329842,0.2698592635329842,0.26718738963662503,0,highway_0,0,605.1557475968359,924.1557475968359,,-1030.8587090953697
23.4,llm_1,927.1442727694414,-11.8995,29.88525172605586,1000.0,,0.26808056993125184,0.26808056993125184,0.26808056993125184,0.26808056993125184,0.26542630686261504,0,highway_0,0,608.1442727694415,927.1442727694415,,-1030.885251726056
23.5,llm_1,930.135434641228,-11.8995,29.911618717863572,1000.0,,0.2663066172579074,0.2663066172579074,0.2663066172579074,0.2663066172579074,0.26366991807712736,0,highway_0,0,611.1354346412279,930.1354346412279,,-1030.9116187178636
23.6,llm_1,933.1292156960903,-11.8995,29.937810548625613,1000.0,,0.2645374906966176,0.2645374906966176,0.2645374906966176,0.2645374906966176,0.26191830762041235,0,highway_0,0,614.1292156960905,933.1292156960905,,-1030.9378105486255
23.7,llm_1,936.1255984665386,-11.8995,29.9638277044812,1000.0,,0.26277327414143425,0.26277327414143425,0.26277327414143425,0.26277327414143425,0.26017155855587504,0,highway_0,0,617.1255984665386,936.1255984665386,,-1030.9638277044812
23.8,llm_1,939.1245655345133,-11.8995,29.98967067974786,1000.0,,0.26101405019324153,0.26101405019324153,0.26101405019324153,0.26101405019324153,0.2584297526665935,0,highway_0,0,620.1245655345134,939.1245655345134,,-1030.9896706797479
23.9,llm_1,942.1260995321927,-11.8995,30.015339976793065,1000.0,,0.25925990015657296,0.25925990015657296,0.25925990015657296,0.25925990015657296,0.2566929704520504,0,highway_0,0,623.1260995321927,942.1260995321927,,-1031.015339976793
24.0,llm_1,945.1301831427833,-11.8995,30.040836105905615,1000.0,,0.25751090403678545,0.25751090403678545,0.25751090403678545,0.25751090403678545,0.2549612911255039,0,highway_0,0,626.1301831427833,945.1301831427833,,-1031.0408361059056
24.1,llm_1,948.1367991013,-11.8995,30.066159585166762,1000.0,,0.2557671405375901,0.2557671405375901,0.2557671405375901,0.2557671405375901,0.2532347926114653,0,highway_0,0,629.1367991013,948.1367991013,,-1031.0661595851668
24.2,llm_1,951.1459301953321,-11.8995,30.09131094032111,1000.0,,0.254028687058935,0.254028687058935,0.254028687058935,0.254028687058935,0.2515135515434963,0,highway_0,0,632.1459301953321,951.1459301953321,,-1031.0913109403211
24.3,llm_1,954.157559265797,-11.8995,30.116290704647373,1000.0,,0.25229561969524494,0.25229561969524494,0.25229561969524494,0.25229561969524494,0.24979764326261034,0,highway_0,0,635.1575592657969,954.1575592657969,,-1031.1162907046473
24.4,llm_1,957.1716692076797,-11.8995,30.141099418828958,1000.0,,0.25056801323400835,0.25056801323400835,0.25056801323400835,0.25056801323400835,0.24808714181585145,0,highway_0,0,638.1716692076798,957.1716692076798,,-1031.141099418829
24.5,llm_1,960.1882429707621,-11.8995,30.165737630824474,1000.0,,0.24884594115471437,0.24884594115471437,0.24884594115471437,0.24884594115471437,0.24638211995515746,0,highway_0,0,641.1882429707622,960.1882429707622,,-1031.1657376308244
24.6,llm_1,963.207263560336,-11.8995,30.19020589573815,1000.0,,0.24712947562812726,0.24712947562812726,0.24712947562812726,0.24712947562812726,0.24468264913675597,0,highway_0,0,644.2072635603361,963.2072635603361,,-1031.1902058957382
24.7,llm_1,966.228714037905,-11.8995,30.21450477569022,1000.0,,0.24541868751590845,0.24541868751590845,0.24541868751590845,0.24541868751590845,0.24298879952070251,0,highway_0,0,647.2287140379051,966.2287140379051,,-1031.2145047756903
24.8,llm_1,969.2525775218737,-11.8995,30.238634839687307,1000.0,,0.24371364637057902,0.24371364637057902,0.24371364637057902,0.24371364637057902,0.24130063997088058,0,highway_0,0,650.2525775218738,969.2525775218738,,-1031.2386348396874
24.9,llm_1,972.2788371882231,-11.8995,30.262596663492833,1000.0,,0.2420144204358068,0.2420144204358068,0.2420144204358068,0.2420144204358068,0.2396182380552503,0,highway_0,0,653.2788371882231,972.2788371882231,,-1031.2625966634928
25.0,llm_1,975.3074762711728,-11.8995,30.28639082949749,1000.0,,0.2403210766470334,0.2403210766470334,0.2403210766470334,0.2403210766470334,0.23794166004655892,0,highway_0,0,656.3074762711728,975.3074762711728,,-1031.2863908294976
25.1,llm_1,978.338478063832,-11.8995,30.310017926589808,1000.0,,0.23863368063242762,0.23863368063242762,0.23863368063242762,0.23863368063242762,0.2362709709231936,0,highway_0,0,659.3384780638319,978.3384780638319,,-1031.3100179265898
25.2,llm_1,981.3718259188346,-11.8995,30.333478550026854,1000.0,,0.23695229671416218,0.23695229671416218,0.23695229671416218,0.23695229671416218,0.23460623437046024,0,highway_0,0,662.3718259188346,981.3718259188346,,-1031.333478550027
25.3,llm_1,984.4075032489651,-11.8995,30.356773301305072,1000.0,,0.23527698791000595,0.23527698791000595,0.23527698791000595,0.23527698791000595,0.2329475127821823,0,highway_0,0,665.4075032489651,984.4075032489651,,-1031.356773301305
25.4,llm_1,987.4454935277682,-11.8995,30.379902788031334,1000.0,,0.23360781593524238,0.23360781593524238,0.23360781593524238,0.23360781593524238,0.23129486726261916,0,highway_0,0,668.4454935277682,987.4454935277682,,-1031.3799027880314
25.5,llm_1,990.4857802901478,-11.8995,30.402867623794194,1000.0,,0.23194484120488879,0.23194484120488879,0.23194484120488879,0.23194484120488879,0.22964835762859792,0,highway_0,0,671.4857802901477,990.4857802901477,,-1031.4028676237942
25.6,llm_1,993.5283471329512,-11.8995,30.425668428035404,1000.0,,0.23028812283623268,0.23028812283623268,0.23028812283623268,0.23028812283623268,0.2280080424121067,0,highway_0,0,674.5283471329512,993.5283471329512,,-1031.4256684280354
25.7,llm_1,996.5731777155435,-11.8995,30.44830582592171,1000.0,,0.22863771865166704,0.22863771865166704,0.22863771865166704,0.22863771865166704,0.22637397886306587,0,highway_0,0,677.5731777155435,996.5731777155435,,-1031.4483058259218
25.8,llm_1,999.620255760365,-11.8995,30.470780448216942,1000.0,,0.22699368518182272,0.22699368518182272,0.22699368518182272,0.22699368518182272,0.22474622295231228,0,highway_0,0,680.6202557603651,999.6202557603651,,-1031.4707804482168
25.9,llm_1,1002.6695650534806,-11.8995,30.493092931154468,1000.0,,0.225356077669003,0.225356077669003,0.225356077669003,0.225356077669003,0.22312482937525857,0,highway_0,0,683.6695650534806,1002.6695650534806,,-1031.4930929311545
26.0,llm_1,1005.7210894451117,-11.8995,30.515243916310002,1000.0,,0.22372495007089832,0.22372495007089832,0.22372495007089832,0.22372495007089832,0.2215098515553393,0,highway_0,0,686.7210894451116,1005.7210894451116,,-1031.51524391631
26.1,llm_1,1008.7748128501589,-11.8995,30.537234050474815,1000.0,,0.22210035506459513,0.22210035506459513,0.22210035506459513,0.22210035506459513,0.21990134164813213,0,highway_0,0,689.774812850159,1008.774812850159,,-1031.5372340504748
26.2,llm_1,1011.830719248712,-11.8995,30.559063985529356,1000.0,,0.22048234405085543,0.22048234405085543,0.22048234405085543,0.22048234405085543,0.21829935054540783,0,highway_0,0,692.830719248712,1011.830719248712,,-1031.5590639855293
26.3,llm_1,1014.8887926865436,-11.8995,30.580734378317345,1000.0,,0.2188709671586867,0.2188709671586867,0.2188709671586867,0.2188709671586867,0.216703927879891,0,highway_0,0,695.8887926865436,1014.8887926865436,,-1031.5807343783174
26.4,llm_1,1017.9490172755957,-11.8995,30.602245890520333,1000.0,,0.21726627325016235,0.21726627325016235,0.21726627325016235,0.21726627325016235,0.2151151220298786,0,highway_0,0,698.9490172755957,1017.9490172755957,,-1031.6022458905204
26.5,llm_1,1021.0113771944491,-11.8995,30.62359918853276,1000.0,,0.21566830992552866,0.21566830992552866,0.21566830992552866,0.21566830992552866,0.21353298012428468,0,highway_0,0,702.011377194449,1021.011377194449,,-1031.6235991885328
26.6,llm_1,1024.0758566887828,-11.8995,30.64479494333757,1000.0,,0.21407712352855535,0.21407712352855535,0.21407712352855535,0.21407712352855535,0.2119575480480762,0,highway_0,0,705.0758566887828,1024.0758566887828,,-1031.6447949433375
26.7,llm_1,1027.142440071821,-11.8995,30.665833830382336,1000.0,,0.2124927591521516,0.2124927591521516,0.2124927591521516,0.2124927591521516,0.21038887044767307,0,highway_0,0,708.142440071821,1027.142440071821,,-1031.6658338303823
26.8,llm_1,1030.2111117247666,-11.8995,30.686716529456024,1000.0,,0.2109152606442276,0.2109152606442276,0.2109152606442276,0.2109152606442276,0.20882699073688116,0,highway_0,0,711.2111117247666,1030.2111117247666,,-1031.6867165294561
26.9,llm_1,1033.2818560972232,-11.8995,30.707443724566303,1000.0,,0.20934467061380235,0.20934467061380235,0.20934467061380235,0.20934467061380235,0.20727195110278984,0,highway_0,0,714.2818560972232,1033.2818560972232,,-1031.7074437245662
27.0,llm_1,1036.354657707605,-11.8995,30.728016103817527,1000.0,,0.20778103043735507,0.20778103043735507,0.20778103043735507,0.20778103043735507,0.20572379251223794,0,highway_0,0,717.3546577076049,1036.354657707605,,-1031.7280161038175
27.1,llm_1,1039.4295011435338,-11.8995,30.748434359289348,1000.0,,0.20622438026540046,0.20622438026540046,0.20622438026540046,0.20622438026540046,0.20418255471820856,0,highway_0,0,720.4295011435338,1039.4295011435338,,-1031.7484343592894
27.2,llm_1,1042.5063710622253,-11.8995,30.76869918691601,1000.0,,0.2046747590293022,0.2046747590293022,0.2046747590293022,0.2046747590293022,0.20264827626661486,0,highway_0,0,723.5063710622253,1042.5063710622253,,-1031.768699186916
27.3,llm_1,1045.5852521908619,-11.8995,30.788811286366336,1000.0,,0.20313220444830926,0.20313220444830926,0.20313220444830926,0.20313220444830926,0.20112099450326326,0,highway_0,0,726.5852521908619,1045.5852521908619,,-1031.7888112863664
27.4,llm_1,1048.6661293269542,-11.8995,30.808771360924435,1000.0,,0.20159675303680424,0.20159675303680424,0.20159675303680424,0.20159675303680424,0.1996007455809945,0,highway_0,0,729.6661293269542,1048.6661293269542,,-1031.8087713609245
27.5,llm_1,1051.7489873386912,-11.8995,30.828580117371146,1000.0,,0.20006844011176994,0.20006844011176994,0.20006844011176994,0.20006844011176994,0.19808756446710873,0,highway_0,0,732.7489873386912,1051.7489873386912,,-1031.828580117371
27.6,llm_1,1054.833811165278,-11.8995,30.848238265866243,1000.0,,0.19854729980046049,0.19854729980046049,0.19854729980046049,0.19854729980046049,0.1965814849509684,0,highway_0,0,735.8338111652779,1054.833811165278,,-1031.8482382658663
27.7,llm_1,1057.920585817261,-11.8995,30.86774651983142,1000.0,,0.1970333650482763,0.1970333650482763,0.1970333650482763,0.1970333650482763,0.19508253965177857,0,highway_0,0,738.9205858172611,1057.920585817261,,-1031.8677465198314
27.8,llm_1,1061.0092963768445,-11.8995,30.887105595834075,1000.0,,0.19552666762683057,0.19552666762683057,0.19552666762683057,0.19552666762683057,0.19359076002654518,0,highway_0,0,742.0092963768445,1061.0092963768445,,-1031.887105595834
27.9,llm_1,1064.0999279981918,-11.8995,30.906316213471918,1000.0,,0.19402723814221112,0.19402723814221112,0.19402723814221112,0.19402723814221112,0.19210617637842375,0,highway_0,0,745.0999279981918,1064.0999279981918,,-1031.9063162134719
28.0,llm_1,1067.1924659077176,-11.8995,30.925379095258396,1000.0,,0.19253510604342283,0.19253510604342283,0.19253510604342283,0.19253510604342283,0.19062881786478414,0,highway_0,0,748.1924659077176,1067.1924659077176,,-1031.9253790952584
28.1,llm_1,1070.2868954043686,-11.8995,30.94429496650899,1000.0,,0.19105029963101627,0.19105029963101627,0.19105029963101627,0.19105029963101627,0.18915871250595018,0,highway_0,0,751.2868954043686,1070.2868954043686,,-1031.944294966509
28.2,llm_1,1073.3832018598914,-11.8995,30.963064555228385,1000.0,,0.18957284606587976,0.18957284606587976,0.18957284606587976,0.18957284606587976,0.18769588719393937,0,highway_0,0,754.3832018598914,1073.3832018598914,,-1031.9630645552284
28.3,llm_1,1076.4813707190913,-11.8995,30.981688591998505,1000.0,,0.18810277137821152,0.18810277137821152,0.18810277137821152,0.18810277137821152,0.18624036770120256,0,highway_0,0,757.4813707190913,1076.4813707190913,,-1031.9816885919986
28.4,llm_1,1079.581387500078,-11.8995,31.00016780986748,1000.0,,0.18664010047664414,0.18664010047664414,0.18664010047664414,0.18664010047664414,0.1847921786897544,0,highway_0,0,760.5813875000781,1079.581387500078,,-1032.0001678098674
28.5,llm_1,1082.683237794502,-11.8995,31.01850294423951,1000.0,,0.18518485715753707,0.18518485715753707,0.18518485715753707,0.18518485715753707,0.18335134372030382,0,highway_0,0,763.683237794502,1082.683237794502,,-1032.0185029442396
28.6,llm_1,1085.7869072677786,-11.8995,31.036694732765692,1000.0,,0.18373706411440904,0.18373706411440904,0.18373706411440904,0.18373706411440904,0.18191788526181085,0,highway_0,0,766.7869072677786,1085.7869072677786,,-1032.0366947327657
28.7,llm_1,1088.8923816593021,-11.8995,31.054743915235743,1000.0,,0.1822967429475243,0.1822967429475243,0.1822967429475243,0.1822967429475243,0.1804918247005105,0,highway_0,0,769.8923816593021,1088.8923816593021,,-1032.0547439152358
28.8,llm_1,1091.9996467826493,-11.8995,31.072651233470754,1000.0,,0.18086391417362224,0.18086391417362224,0.18086391417362224,0.18086391417362224,0.17907318235010905,0,highway_0,0,772.9996467826493,1091.9996467826493,,-1032.0726512334707
28.9,llm_1,1095.108688525771,-11.8995,31.09041743121687,1000.0,,0.17943859723577693,0.17943859723577693,0.17943859723577693,0.17943859723577693,0.1776619774611632,0,highway_0,0,776.108688525771,1095.108688525771,,-1032.0904174312168
29.0,llm_1,1098.219492851175,-11.8995,31.10804325403998,1000.0,,0.17802081051338514,0.17802081051338514,0.17802081051338514,0.17802081051338514,0.1762582282310987,0,highway_0,0,779.2194928511749,1098.219492851175,,-1032.10804325404
29.1,llm_1,1101.332045796097,-11.8995,31.125529449221396,1000.0,,0.17661057133228442,0.17661057133228442,0.17661057133228442,0.17661057133228442,0.1748619518141581,0,highway_0,0,782.332045796097,1101.332045796097,,-1032.1255294492214
29.2,llm_1,1104.4463334726624,-11.8995,31.142876765654563,1000.0,,0.1752078959749923,0.1752078959749923,0.1752078959749923,0.1752078959749923,0.17347316433166782,0,highway_0,0,785.4463334726624,1104.4463334726624,,-1032.1428767656546
29.3,llm_1,1107.5623420680367,-11.8995,31.160085953742787,1000.0,,0.17381279969105,0.17381279969105,0.17381279969105,0.17381279969105,0.1720918808822347,0,highway_0,0,788.5623420680367,1107.5623420680367,,-1032.1600859537427
29.4,llm_1,1110.6800578445666,-11.8995,31.177157765297984,1000.0,,0.1724252967074824,0.1724252967074824,0.1724252967074824,0.1724252967074824,0.1707181155519777,0,highway_0,0,791.6800578445666,1110.6800578445666,,-1032.177157765298
29.5,llm_1,1113.7994671399106,-11.8995,31.194092953440496,1000.0,,0.17104540023936388,0.17104540023936388,0.17104540023936388,0.17104540023936388,0.16935188142511493,0,highway_0,0,794.7994671399106,1113.7994671399106,,-1032.1940929534405
29.6,llm_1,1116.9205563671605,-11.8995,31.210892272499947,1000.0,,0.16967312250047217,0.16967312250047217,0.16967312250047217,0.16967312250047217,0.16799319059451534,0,highway_0,0,797.9205563671605,1116.9205563671605,,-1032.2108922725
29.7,llm_1,1120.0433120149523,-11.8995,31.22755647791718,1000.0,,0.16830847471404553,0.16830847471404553,0.16830847471404553,0.16830847471404553,0.16664205417232125,0,highway_0,0,801.0433120149523,1120.0433120149523,,-1032.2275564779172
29.8,llm_1,1123.167720647567,-11.8995,31.24408632614724,1000.0,,0.16695146712362663,0.16695146712362663,0.16695146712362663,0.16695146712362663,0.1652984823006065,0,highway_0,0,804.167720647567,1123.167720647567,,-1032.2440863261472
29.9,llm_1,1126.2937689050234,-11.8995,31.260482574563476,1000.0,,0.1656021090039801,0.1656021090039801,0.1656021090039801,0.1656021090039801,0.16396248416235437,0,highway_0,0,807.2937689050234,1126.2937689050234,,-1032.2604825745634
30.0,llm_1,1129.421420742954,-11.8995,31.276518379306435,1000.0,,0.16196162790388946,0.16196162790388946,0.16196162790388946,0.16196162790388946,0.1603580474295896,0,highway_0,0,810.4214207429541,1129.421420742954,,-1032.2765183793065
30.1,llm_1,1132.5506148333748,-11.8995,31.291940904207962,1000.0,,0.1557675015054385,0.1557675015054385,0.1557675015054385,0.1557675015054385,0.15422524901527623,0,highway_0,0,813.5506148333748,1132.5506148333748,,-1032.2919409042079
30.2,llm_1,1135.6812895952012,-11.8995,31.306747618264126,1000.0,,0.149547811967236,0.149547811967236,0.149547811967236,0.149547811967236,0.14806714056163628,0,highway_0,0,816.6812895952012,1135.6812895952012,,-1032.3067476182641
30.3,llm_1,1138.8133832136004,-11.8995,31.320936183993688,1000.0,,0.14330451386856558,0.14330451386856558,0.14330451386856558,0.14330451386856558,0.1418856572956173,0,highway_0,0,819.8133832136004,1138.8133832136004,,-1032.3209361839936
30.4,llm_1,1141.9468336598923,-11.8995,31.334504462918904,1000.0,,0.13703961714470425,0.13703961714470425,0.13703961714470425,0.13703961714470425,0.13568278925216504,0,highway_0,0,822.9468336598923,1141.9468336598923,,-1032.3345044629189
30.5,llm_1,1145.0815787119927,-11.8995,31.347450521004955,1000.0,,0.130755186669117,0.130755186669117,0.130755186669117,0.130755186669117,0.12946058086050982,0,highway_0,0,826.0815787119927,1145.0815787119927,,-1032.347450521005
30.6,llm_1,1148.2175559753973,-11.8995,31.359772634046717,1000.0,,0.12445334172180444,0.12445334172180444,0.12445334172180444,0.12445334172180444,0.12322113041761895,0,highway_0,0,829.2175559753973,1148.2175559753973,,-1032.3597726340467
30.7,llm_1,1151.3547029046965,-11.8995,31.37146929299132,1000.0,,0.11813625534048089,0.11813625534048089,0.11813625534048089,0.11813625534048089,0.11696658944604366,0,highway_0,0,832.3547029046965,1151.3547029046965,,-1032.3714692929914
30.8,llm_1,1154.492956825615,-11.8995,31.382539209184532,1000.0,,0.1118061535514393,0.1118061535514393,0.1118061535514393,0.1118061535514393,0.11069916193211071,0,highway_0,0,835.492956825615,1154.492956825615,,-1032.3825392091846
30.9,llm_1,1157.632254957568,-11.8995,31.392981319528822,1000.0,,0.10546531447732299,0.10546531447732299,0.10546531447732299,0.10546531447732299,0.10442110344289546,0,highway_0,0,838.632254957568,1157.632254957568,,-1032.3929813195289
31.0,llm_1,1160.772534436722,-11.8995,31.402794791540604,1000.0,,0.09911606731899303,0.09911606731899303,0.09911606731899303,0.09911606731899303,0.09813472011781954,0,highway_0,0,841.772534436722,1160.772534436722,,-1032.4027947915406
31.1,llm_1,1163.9137323395514,-11.8995,31.411979028293995,1000.0,,0.09276079120926828,0.09276079120926828,0.09276079120926828,0.09276079120926828,0.09184236753391417,0,highway_0,0,844.9137323395514,1163.9137323395514,,-1032.411979028294
31.2,llm_1,1167.0557857068752,-11.8995,31.420533673238197,1000.0,,0.08640191393642815,0.08640191393642815,0.08640191393642815,0.08640191393642815,0.08554644944201328,0,highway_0,0,848.0557857068752,1167.0557857068752,,-1032.4205336732382
31.3,llm_1,1170.1986315683628,-11.8995,31.428458614875392,1000.0,,0.08004191053569276,0.08004191053569276,0.08004191053569276,0.08004191053569276,0.07924941637195815,0,highway_0,0,851.1986315683628,1170.1986315683628,,-1032.4284586148754
31.4,llm_1,1173.3422069674914,-11.8995,31.435753991286017,1000.0,,0.07368330174730375,0.07368330174730375,0.07368330174730375,0.07368330174730375,0.07295376410624499,0,highway_0,0,854.3422069674914,1173.3422069674914,,-1032.435753991286
31.5,llm_1,1176.48644898694,-11.8995,31.44242019448802,1000.0,,0.0673286523402219,0.0673286523402219,0.0673286523402219,0.0673286523402219,0.06666203202001952,0,highway_0,0,857.4864489869401,1176.48644898694,,-1032.442420194488
31.6,llm_1,1179.6312947744018,-11.8995,31.4484578746168,1000.0,,0.06098056930068563,0.06098056930068563,0.06098056930068563,0.06098056930068563,0.0603768012878092,0,highway_0,0,860.6312947744018,1179.6312947744018,,-1032.448457874617
31.7,llm_1,1182.776681568793,-11.8995,31.453867943912385,1000.0,,0.054641699885426886,0.054641699885426886,0.054641699885426886,0.054641699885426886,0.05410069295585629,0,highway_0,0,863.776681568793,1182.776681568793,,-1032.4538679439124
31.8,llm_1,1185.9225467268432,-11.8995,31.458651580500486,1000.0,,0.0483147295398173,0.0483147295398173,0.0483147295398173,0.0483147295398173,0.047836365881011034,0,highway_0,0,866.9225467268432,1185.9225467268432,,-1032.4586515805004
31.9,llm_1,1189.0688277500385,-11.8995,31.46281023195409,1000.0,,0.0420023796814194,0.0420023796814194,0.0420023796814194,0.0420023796814194,0.041586514536042785,0,highway_0,0,870.0688277500385,1189.0688277500385,,-1032.462810231954
32.0,llm_1,1192.2154623119009,-11.8995,31.466345618622427,1000.0,,0.03570740535017991,0.03570740535017991,0.03570740535017991,0.03570740535017991,0.035353866683358603,0,highway_0,0,873.2154623119009,1192.2154623119009,,-1032.4663456186224
32.1,llm_1,1195.3623882855723,-11.8995,31.46925973671418,1000.0,,0.02943259272667753,0.02943259272667753,0.02943259272667753,0.02943259272667753,0.02914118091752016,0,highway_0,0,876.3623882855723,1195.3623882855723,,-1032.469259736714
32.2,llm_1,1198.5095437716845,-11.8995,31.471554861122172,1000.0,,0.02318075652074536,0.02318075652074536,0.02318075652074536,0.02318075652074536,0.022951244079933986,0,highway_0,0,879.5095437716845,1198.5095437716845,,-1032.471554861122
32.3,llm_1,1201.6568671264822,-11.8995,31.473233547976896,1000.0,,0.016954737232715456,0.016954737232715456,0.016954737232715456,0.016954737232715456,0.01678686854724276,0,highway_0,0,882.6568671264822,1201.6568671264822,,-1032.4732335479769
32.4,llm_1,1204.804320193342,-11.8995,31.474530668596216,1000.0,,0.013100918255118277,0.013100918255118277,0.013100918255118277,0.013100918255118277,0.012971206193199691,0,highway_0,0,885.8043201933419,1204.804320193342,,-1032.4745306685961
32.5,llm_1,1207.9519049618323,-11.8995,31.475847684902405,1000.0,,0.013301864692491283,0.013301864692491283,0.013301864692491283,0.013301864692491283,0.013170163061886342,0,highway_0,0,888.9519049618323,1207.9519049618323,,-1032.4758476849024
32.6,llm_1,1211.0996233496935,-11.8995,31.47718387861159,1000.0,,0.013495556462780334,0.013495556462780334,0.013495556462780334,0.013495556462780334,0.013361937091858067,0,highway_0,0,892.0996233496935,1211.0996233496935,,-1032.4771838786116
32.7,llm_1,1214.2474772043731,-11.8995,31.478538546796976,1000.0,,0.013682148672381933,0.013682148672381933,0.013682148672381933,0.013682148672381933,0.013546681853853215,0,highway_0,0,895.2474772043731,1214.2474772043731,,-1032.478538546797
32.8,llm_1,1217.3954683045326,-11.8995,31.479911001596186,1000.0,,0.0138617934719939,0.0138617934719939,0.0138617934719939,0.0138617934719939,0.013724547992097769,0,highway_0,0,898.3954683045326,1217.3954683045326,,-1032.4799110015963
32.9,llm_1,1220.543598361525,-11.8995,31.481300569924414,1000.0,,0.014034640115101693,0.014034640115101693,0.014034640115101693,0.014034640115101693,0.013895683282285631,0,highway_0,0,901.543598361525,1220.543598361525,,-1032.4813005699243
33.0,llm_1,1223.6918690208443,-11.8995,31.48270659319324,1000.0,,0.014200835015117041,0.014200835015117041,0.014200835015117041,0.014200835015117041,0.014060232688244412,0,highway_0,0,904.6918690208443,1223.6918690208443,,-1032.4827065931931
33.1,llm_1,1226.8402818635477,-11.8995,31.484128427034943,1000.0,,0.014360521801202841,0.014360521801202841,0.014360521801202841,0.014360521801202841,0.014218338417038012,0,highway_0,0,907.8402818635477,1226.8402818635477,,-1032.4841284270349
33.2,llm_1,1229.9868215408749,-11.8895,31.465396773272104,1000.0,,-0.18918970300465676,-0.18918970300465676,-0.18918970300465676,-0.18918970300465676,-0.18731653762838363,0,highway_0,0,910.9868215408749,1229.9868215408749,,-1032.465396773272
33.3,llm_1,1233.1315201327345,-11.8695,31.446985918595495,1000.0,,-0.18594963223373462,-0.18594963223373462,-0.18594963223373462,-0.18594963223373462,-0.18410854676609745,0,highway_0,0,914.1315201327345,1233.1315201327345,,-1032.4469859185956
33.4,llm_1,1236.2744091173379,-11.839500000000001,31.428889846032902,1000.0,,-0.1827703328821657,-0.1827703328821657,-0.1827703328821657,-0.1827703328821657,-0.1809607256259227,0,highway_0,0,917.2744091173379,1236.2744091173379,,-1032.428889846033
33.5,llm_1,1239.4155193843796,-11.7995,31.41110267041873,1000.0,,-0.1796504737031026,-0.1796504737031026,-0.1796504737031026,-0.1796504737031026,-0.17787175614170536,0,highway_0,0,920.4155193843796,1239.4155193843796,,-1032.4111026704188
33.6,llm_1,1242.5548812478662,-11.7495,31.393618634866275,1000.0,,-0.1765887590798021,-0.1765887590798021,-0.1765887590798021,-0.1765887590798021,-0.1748403555245659,0,highway_0,0,923.5548812478662,1242.5548812478662,,-1032.3936186348662
33.7,llm_1,1245.6925244586018,-11.6895,31.376432107355438,1000.0,,-0.17358392785942534,-0.17358392785942534,-0.17358392785942534,-0.17358392785942534,-0.1718652751083738,0,highway_0,0,926.6925244586018,1245.6925244586018,,-1032.3764321073554
33.8,llm_1,1248.828478216345,-11.6195,31.359537577431457,1000.0,,-0.17063475223220337,-0.17063475223220337,-0.17063475223220337,-0.17063475223220337,-0.16894529923980883,0,highway_0,0,929.828478216345,1248.828478216345,,-1032.3595375774314
33.9,llm_1,1251.962771181646,-11.5395,31.34292965301028,1000.0,,-0.1677400366539088,-0.1677400366539088,-0.1677400366539088,-0.1677400366539088,-0.16607924421176534,0,highway_0,0,932.9627711816461,1251.962771181646,,-1032.3429296530103
34.0,llm_1,1255.0954314873748,-11.4495,31.326603057286547,1000.0,,-0.16489861680971063,-0.16489861680971063,-0.16489861680971063,-0.16489861680971063,-0.1632659572373285,0,highway_0,0,936.0954314873748,1255.0954314873748,,-1032.3266030572865
34.1,llm_1,1258.226486749949,-11.3495,31.310552625740254,1000.0,,-0.16210935861758502,-0.16210935861758502,-0.16210935861758502,-0.16210935861758502,-0.16050431546293709,0,highway_0,0,939.2264867499489,1258.226486749949,,-1032.3105526257402
34.2,llm_1,1261.3559640802728,-11.2495,31.29477330323832,1000.0,,-0.159371157269536,-0.159371157269536,-0.159371157269536,-0.159371157269536,-0.157793225019347,0,highway_0,0,942.3559640802728,1261.3559640802728,,-1032.2947733032383
34.3,llm_1,1264.4825035083252,-11.1495,31.265394280523726,1000.0,,-0.29672812941740445,-0.29672812941740445,-0.29672812941740445,-0.29672812941740445,-0.2937902271459336,0,highway_0,0,945.4825035083252,1264.4825035083252,,-1032.2653942805237
34.4,llm_1,1267.6061571396235,-11.0495,31.23653631298372,1000.0,,-0.29146547215402996,-0.29146547215402996,-0.29146547215402996,-0.29146547215402996,-0.288579675400058,0,highway_0,0,948.6061571396235,1267.6061571396235,,-1032.2365363129836
34.5,llm_1,1270.7269760119566,-10.9595,31.208188723331517,1000.0,,-0.28631065548725765,-0.28631065548725765,-0.28631065548725765,-0.28631065548725765,-0.2834758965220274,0,highway_0,0,951.7269760119566,1270.7269760119566,,-1032.2081887233314
34.6,llm_1,1273.8450101222547,-10.8695,31.180341102980954,1000.0,,-0.281260965540687,-0.281260965540687,-0.281260965540687,-0.281260965540687,-0.2784762035056332,0,highway_0,0,954.8450101222547,1273.8450101222547,,-1032.180341102981
34.7,llm_1,1276.9603084526111,-10.7895,31.152983303564515,1000.0,,-0.276313774106032,-0.276313774106032,-0.276313774106032,-0.276313774106032,-0.2735779941643912,0,highway_0,0,957.9603084526111,1276.9603084526111,,-1032.1529833035645
34.8,llm_1,1280.072918995489,-10.7195,31.12610542877963,1000.0,,-0.27146653532733334,-0.27146653532733334,-0.27146653532733334,-0.27146653532733334,-0.2687787478488346,0,highway_0,0,961.0729189954891,1280.072918995489,,-1032.1261054287797
34.9,llm_1,1283.182888778144,-10.6595,31.099697826548244,1000.0,,-0.2667167825370167,-0.2667167825370167,-0.2667167825370167,-0.2667167825370167,-0.2640760223138727,0,highway_0,0,964.1828887781439,1283.182888778144,,-1032.0996978265482
35.0,llm_1,1286.2902638862915,-10.6095,31.073751081475393,1000.0,,-0.2620621252357962,-0.2620621252357962,-0.2620621252357962,-0.2620621252357962,-0.25946745072850774,0,highway_0,0,967.2902638862915,1286.2902638862915,,-1032.0737510814754
35.1,llm_1,1289.3950894870509,-10.570000000000002,31.048256007593324,1000.0,,-0.25750024620890977,-0.25750024620890977,-0.25750024620890977,-0.25750024620890977,-0.2549507388206962,0,highway_0,0,970.3950894870509,1289.3950894870509,,-1032.0482560075934
35.2,llm_1,1292.4974098511886,-10.540500000000003,31.023203641378316,1000.0,,-0.25302889877158474,-0.25302889877158474,-0.25302889877158474,-0.25302889877158474,-0.2505236621500728,0,highway_0,0,973.4974098511886,1292.4974098511886,,-1032.0232036413784
35.3,llm_1,1295.5972683746916,-10.521000000000006,30.99858523502811,1000.0,,-0.24864590413708942,-0.24864590413708942,-0.24864590413708942,-0.24864590413708942,-0.24618406350207067,0,highway_0,0,976.5972683746916,1295.5972683746916,,-1031.998585235028
35.4,llm_1,1298.6822754130458,-10.511500000000009,30.850070383542963,1000.0,,-1.5,-1.5,-1.5,-1.5,-1.4851485148514598,0,highway_0,0,979.6822754130458,1298.6822754130458,,-1031.850070383543
35.5,llm_1,1301.7524309662515,-10.510000000000002,30.701555532057817,1000.0,,-1.5,-1.5,-1.5,-1.5,-1.4851485148514598,0,highway_0,0,982.7524309662515,1301.7524309662515,,-1031.701555532058
35.6,llm_1,1304.8077350343087,-10.5015,30.55304068057267,1000.0,,-1.5,-1.5,-1.5,-1.5,-1.4851485148514598,0,highway_0,0,985.8077350343087,1304.8077350343087,,-1031.5530406805726
35.7,llm_1,1307.8481876172175,-10.5015,30.404525829087525,1000.0,,-1.5,-1.5,-1.5,-1.5,-1.4851485148514598,0,highway_0,0,988.8481876172175,1307.8481876172175,,-1031.4045258290876
35.8,llm_1,1310.8737887149778,-10.5015,30.25601097760238,1000.0,,-1.5,-1.5,-1.5,-1.5,-1.4851485148514598,0,highway_0,0,991.8737887149778,1310.8737887149778,,-1031.2560109776023
35.9,llm_1,1313.8845383275896,-10.5015,30.107496126117233,1000.0,,-1.5,-1.5,-1.5,-1.5,-1.4851485148514598,0,highway_0,0,994.8845383275896,1313.8845383275896,,-1031.1074961261172
36.0,llm_1,1316.8970930881146,-10.5015,30.125547605249807,1000.0,,0.18231993923896395,0.18231993923896395,0.18231993923896395,0.18231993923896395,0.18051479132573434,0,highway_0,0,997.8970930881146,1316.8970930881146,,-1031.1255476052497
36.1,llm_1,1319.9114354270525,-10.5015,30.14342338937907,1000.0,,0.1805454197055535,0.1805454197055535,0.1805454197055535,0.1805454197055535,0.1787578412926294,0,highway_0,0,1000.9114354270525,1319.9114354270525,,-1031.143423389379
36.2,llm_1,1322.9275479135956,-10.5015,30.16112486543024,1000.0,,0.1787849081167865,0.1787849081167865,0.1787849081167865,0.1787849081167865,0.17701476051168896,0,highway_0,0,1003.9275479135956,1322.9275479135956,,-1031.1611248654303
36.3,llm_1,1325.9454132551518,-10.5015,30.178653415562998,1000.0,,0.1770383563408663,0.1770383563408663,0.1770383563408663,0.1770383563408663,0.17528550132759335,0,highway_0,0,1006.9454132551518,1325.9454132551518,,-1031.178653415563
36.4,llm_1,1328.965014296858,-10.5015,30.19601041706128,1000.0,,0.17530571513265203,0.17530571513265203,0.17530571513265203,0.17530571513265203,0.17357001498282898,0,highway_0,0,1009.965014296858,1328.965014296858,,-1031.1960104170612
36.5,llm_1,1331.9863340210807,-10.5015,30.213197242225863,1000.0,,0.17358693416227244,0.17358693416227244,0.17358693416227244,0.17358693416227244,0.17186825164582586,0,highway_0,0,1012.9863340210807,1331.9863340210807,,-1031.2131972422258
36.6,llm_1,1335.0093555469077,-10.5015,30.230215258269777,1000.0,,0.17188196204351658,0.17188196204351658,0.17188196204351658,0.17188196204351658,0.17018016043913065,0,highway_0,0,1016.0093555469077,1335.0093555469077,,-1031.2302152582697
36.7,llm_1,1338.0340621296293,-10.5015,30.24706582721651,1000.0,,0.17019074636199272,0.17019074636199272,0.17019074636199272,0.17019074636199272,0.1685056894673309,0,highway_0,0,1019.0340621296293,1338.0340621296293,,-1031.2470658272166
36.8,llm_1,1341.0604371602094,-10.5015,30.263750305800972,1000.0,,0.16851323370305604,0.16851323370305604,0.16851323370305604,0.16851323370305604,0.16684478584462425,0,highway_0,0,1022.0604371602094,1341.0604371602094,,-1031.263750305801
36.9,llm_1,1344.0884641647467,-10.5015,30.280270045373197,1000.0,,0.1668493696794886,0.1668493696794886,0.1668493696794886,0.1668493696794886,0.16519739572224523,0,highway_0,0,1025.0884641647467,1344.0884641647467,,-1031.2802700453733
37.0,llm_1,1347.1181268039272,-10.5015,30.296626391804775,1000.0,,0.16519909895893425,0.16519909895893425,0.16519909895893425,0.16519909895893425,0.16356346431578572,0,highway_0,0,1028.1181268039272,1347.1181268039272,,-1031.2966263918047
37.1,llm_1,1350.1494088724671,-10.5015,30.312820685397952,1000.0,,0.16356236529107515,0.16356236529107515,0.16356236529107515,0.16356236529107515,0.16194293593176923,0,highway_0,0,1031.1494088724671,1350.1494088724671,,-1031.312820685398
37.2,llm_1,1353.1822942985468,-10.5015,30.32885426079741,1000.0,,0.1619391115345521,0.1619391115345521,0.1619391115345521,0.1619391115345521,0.16033575399458044,0,highway_0,0,1034.1822942985468,1353.1822942985468,,-1031.3288542607975
37.3,llm_1,1356.2167671432373,-10.5015,30.3447284469047,1000.0,,0.16032927968361743,0.16032927968361743,0.16032927968361743,0.16032927968361743,0.15874186107289745,0,highway_0,0,1037.2167671432373,1356.2167671432373,,-1031.3447284469048
37.4,llm_1,1359.2528115999169,-10.5015,30.360444566795245,1000.0,,0.1587328108945174,0.1587328108945174,0.1587328108945174,0.1587328108945174,0.15716119890544888,0,highway_0,0,1040.2528115999169,1359.2528115999169,,-1031.3604445667952
37.5,llm_1,1362.2904119936807,-10.5015,30.37600393763798,1000.0,,0.1571496455115986,0.1571496455115986,0.1571496455115986,0.1571496455115986,0.15559370842733955,0,highway_0,0,1043.2904119936807,1362.2904119936807,,-1031.376003937638
37.6,llm_1,1365.3295527807425,-10.5015,30.391407870617495,1000.0,,0.15557972309313783,0.15557972309313783,0.15557972309313783,0.15557972309313783,0.1540393297951681,0,highway_0,0,1046.3295527807425,1365.3295527807425,,-1031.3914078706175
37.7,llm_1,1368.3702185478282,-10.5015,30.40665767085877,1000.0,,0.1540229824368844,0.1540229824368844,0.1540229824368844,0.1540229824368844,0.1524980024127487,0,highway_0,0,1049.3702185478282,1368.3702185478282,,-1031.4066576708587
37.8,llm_1,1371.4123940115637,-10.5015,30.421754637354347,1000.0,,0.15247936160531605,0.15247936160531605,0.15247936160531605,0.15247936160531605,0.1509696649557668,0,highway_0,0,1052.4123940115637,1371.4123940115637,,-1031.4217546373543
37.9,llm_1,1374.4560640178531,-10.5015,30.436700062894012,1000.0,,0.15094879795060778,0.15094879795060778,0.15094879795060778,0.15094879795060778,0.14945425539664825,0,highway_0,0,1055.4560640178531,1374.4560640178531,,-1031.436700062894
38.0,llm_1,1377.5012135412528,-10.5015,30.451495233996912,1000.0,,0.14943122813929766,0.14943122813929766,0.14943122813929766,0.14943122813929766,0.14795171102900184,0,highway_0,0,1058.5012135412528,1377.5012135412528,,-1031.4514952339969
38.1,llm_1,1380.5478276843373,-10.5015,30.466141430846086,1000.0,,0.14792658817666404,0.14792658817666404,0.14792658817666404,0.14792658817666404,0.1464619684917423,0,highway_0,0,1061.5478276843373,1380.5478276843373,,-1031.4661414308462
38.2,llm_1,1383.5958916770599,-10.5015,30.480639927225372,1000.0,,0.14643481343079323,0.14643481343079323,0.14643481343079323,0.14643481343079323,0.14498496379285797,0,highway_0,0,1064.5958916770599,1383.5958916770599,,-1031.4806399272254
38.3,llm_1,1386.6453908761057,-10.5015,30.494991990458676,1000.0,,0.14495583865635153,0.14495583865635153,0.14495583865635153,0.14495583865635153,0.14352063233303625,0,highway_0,0,1067.6453908761057,1386.6453908761057,,-1031.4949919904586
38.4,llm_1,1389.696310764241,-10.5015,30.50919888135155,1000.0,,0.14348959801804595,0.14348959801804595,0.14348959801804595,0.14348959801804595,0.14206890892875634,0,highway_0,0,1070.696310764241,1389.696310764241,,-1031.5091988813515
38.5,llm_1,1392.7486369496544,-10.5015,30.523261854135097,1000.0,,0.14203602511378122,0.14203602511378122,0.14203602511378122,0.14203602511378122,0.1406297278354529,0,highway_0,0,1073.7486369496544,1392.7486369496544,,-1031.5232618541352
38.6,llm_1,1395.8023551652957,-10.5015,30.53718215641208,1000.0,,0.14059505299750275,0.14059505299750275,0.14059505299750275,0.14059505299750275,0.1392030227698271,0,highway_0,0,1076.8023551652957,1395.8023551652957,,-1031.537182156412
38.7,llm_1,1398.8574512682062,-10.5015,30.55096102910532,1000.0,,0.1391666142017316,0.1391666142017316,0.1391666142017316,0.1391666142017316,0.1377887269324063,0,highway_0,0,1079.8574512682062,1398.8574512682062,,-1031.5509610291053
38.8,llm_1,1401.913911238847,-10.5015,30.56459970640827,1000.0,,0.13775064075978394,0.13775064075978394,0.13775064075978394,0.13775064075978394,0.13638677302949986,0,highway_0,0,1082.913911238847,1401.913911238847,,-1031.5645997064082
38.9,llm_1,1404.971721180421,-10.5015,30.578099415737743,1000.0,,0.1363470642276764,0.1363470642276764,0.1363470642276764,0.1363470642276764,0.13499709329472864,0,highway_0,0,1085.971721180421,1404.971721180421,,-1031.5780994157378
39.0,llm_1,1408.0308673181898,-10.5015,30.591461377688802,1000.0,,0.1349558157057158,0.1349558157057158,0.1349558157057158,0.1349558157057158,0.13361961951058987,0,highway_0,0,1089.0308673181898,1408.0308673181898,,-1031.5914613776888
39.1,llm_1,1411.091335998789,-10.5015,30.604686805991747,1000.0,,0.1335768258597737,0.1335768258597737,0.1335768258597737,0.1335768258597737,0.13225428302945375,0,highway_0,0,1092.091335998789,1411.091335998789,,-1031.6046868059918
39.2,llm_1,1414.153113689536,-10.5015,30.617776907471175,1000.0,,0.13221002494223966,0.13221002494223966,0.13221002494223966,0.13221002494223966,0.13090101479427574,0,highway_0,0,1095.153113689536,1414.153113689536,,-1031.6177769074711
39.3,llm_1,1417.2161869777367,-10.5015,30.63073288200708,1000.0,,0.1308553428126623,0.1308553428126623,0.1308553428126623,0.1308553428126623,0.12955974535906023,0,highway_0,0,1098.2161869777367,1417.2161869777367,,-1031.6307328820071
39.4,llm_1,1420.2805425699864,-10.5015,30.64355592249798,1000.0,,0.12951270895806521,0.12951270895806521,0.12951270895806521,0.12951270895806521,0.1282304049090044,0,highway_0,0,1101.2805425699864,1420.2805425699864,,-1031.643555922498
39.5,llm_1,1423.346167291469,-10.5015,30.656247214825996,1000.0,,0.12818205251295012,0.12818205251295012,0.12818205251295012,0.12818205251295012,0.1269129232801447,0,highway_0,0,1104.346167291469,1423.346167291469,,-1031.656247214826
39.6,llm_1,1426.4130480852516,-10.5015,30.668807937823914,1000.0,,0.12686330227897935,0.12686330227897935,0.12686330227897935,0.12686330227897935,0.12560722997918106,0,highway_0,0,1107.4130480852516,1426.4130480852516,,-1031.6688079378239
39.7,llm_1,1429.481172011576,-10.5015,30.681239263244148,1000.0,,0.12555638674433844,0.12555638674433844,0.12555638674433844,0.12555638674433844,0.12431325420234174,0,highway_0,0,1110.481172011576,1429.481172011576,,-1031.6812392632442
39.8,llm_1,1432.550526247149,-10.5015,30.693542355729573,1000.0,,0.12426123410278256,0.12426123410278256,0.12426123410278256,0.12426123410278256,0.12303092485424827,0,highway_0,0,1113.550526247149,1432.550526247149,,-1031.6935423557295
39.9,llm_1,1435.6210980844276,-10.5015,30.70571837278624,1000.0,,0.12297777227236206,0.12297777227236206,0.12297777227236206,0.12297777227236206,0.12176017056667376,0,highway_0,0,1116.6210980844276,1435.6210980844276,,-1031.7057183727864
40.0,llm_1,1438.6928749309034,-10.5015,30.717768464757906,1000.0,,0.12170592891383647,0.12170592891383647,0.12170592891383647,0.12170592891383647,0.12050091971666177,0,highway_0,0,1119.6928749309034,1438.6928749309034,,-1031.717768464758
40.1,llm_1,1441.7658443083835,-10.5015,30.72969377480234,1000.0,,0.12044563144876408,0.12044563144876408,0.12044563144876408,0.12044563144876408,0.11925310044432536,0,highway_0,0,1122.7658443083835,1441.7658443083835,,-1031.7296937748024
40.2,llm_1,1444.8399938522705,-10.5015,30.741495438869396,1000.0,,0.11919680707728353,0.11919680707728353,0.11919680707728353,0.11919680707728353,0.11801664067057516,0,highway_0,0,1125.8399938522705,1444.8399938522705,,-1031.7414954388694
40.3,llm_1,1447.9153113108387,-10.5015,30.75317458568084,1000.0,,0.11795938279557627,0.11795938279557627,0.11795938279557627,0.11795938279557627,0.1167914681144211,0,highway_0,0,1128.9153113108387,1447.9153113108387,,-1031.7531745856809
40.4,llm_1,1450.9917845445098,-10.5015,30.76473233671183,1000.0,,0.11673328541301686,0.11673328541301686,0.11673328541301686,0.11673328541301686,0.11557751030991881,0,highway_0,0,1131.9917845445098,1450.9917845445098,,-1031.7647323367119
40.5,llm_1,1454.0694015251272,-10.5015,30.77616980617411,1000.0,,0.1155184415690097,0.1155184415690097,0.1155184415690097,0.1155184415690097,0.11437469462279637,0,highway_0,0,1135.0694015251272,1454.0694015251272,,-1031.776169806174
40.6,llm_1,1457.1481503352272,-10.5015,30.787488101000797,1000.0,,0.11431477774951582,0.11431477774951582,0.11431477774951582,0.11431477774951582,0.11318294826686781,0,highway_0,0,1138.1481503352272,1457.1481503352272,,-1031.7874881010007
40.7,llm_1,1460.2280191673105,-10.5015,30.798688320832802,1000.0,,0.11312222030327179,0.11312222030327179,0.11312222030327179,0.11312222030327179,0.11200219832005587,0,highway_0,0,1141.2280191673105,1460.2280191673105,,-1031.7986883208328
40.8,llm_1,1463.3089963231112,-10.5015,30.809771558006833,1000.0,,0.11194069545769703,0.11194069545769703,0.11194069545769703,0.11194069545769703,0.11083237174030813,0,highway_0,0,1144.3089963231112,1463.3089963231112,,-1031.8097715580068
40.9,llm_1,1466.3910702128655,-10.5015,30.8207388975449,1000.0,,0.11077012933449781,0.11077012933449781,0.11077012933449781,0.11077012933449781,0.10967339538066057,0,highway_0,0,1147.3910702128655,1466.3910702128655,,-1031.820738897545
41.0,llm_1,1469.47422935458,-10.5015,30.83159141714539,1000.0,,0.109610447964966,0.109610447964966,0.109610447964966,0.109610447964966,0.10852519600490496,0,highway_0,0,1150.47422935458,1469.47422935458,,-1031.8315914171453
41.1,llm_1,1472.5584623732977,-10.5015,30.842330187175584,1000.0,,0.10846157730497519,0.10846157730497519,0.10846157730497519,0.10846157730497519,0.10738770030194189,0,highway_0,0,1153.5584623732977,1472.5584623732977,,-1031.8423301871755
41.2,llm_1,1475.6437580003644,-10.5015,30.85295627066565,1000.0,,0.10732344324967569,0.10732344324967569,0.10732344324967569,0.10732344324967569,0.10626083490066662,0,highway_0,0,1156.6437580003644,1475.6437580003644,,-1031.8529562706656
41.3,llm_1,1478.7301050726949,-10.5015,30.863470723304058,1000.0,,0.10619597164789318,0.10619597164789318,0.10619597164789318,0.10619597164789318,0.10514452638407334,0,highway_0,0,1159.7301050726949,1478.7301050726949,,-1031.863470723304
41.4,llm_1,1481.8174925320384,-10.5015,30.87387459343438,1000.0,,0.1050790883162277,0.1050790883162277,0.1050790883162277,0.1050790883162277,0.10403870130321735,0,highway_0,0,1162.8174925320384,1481.8174925320384,,-1031.8738745934343
41.5,llm_1,1484.9059094242436,-10.5015,30.884168922053476,1000.0,,0.10397271905286287,0.10397271905286287,0.10397271905286287,0.10397271905286287,0.10294328619096405,0,highway_0,0,1165.9059094242436,1484.9059094242436,,-1031.8841689220535
41.6,llm_1,1487.9953448985248,-10.5015,30.894354742811007,1000.0,,0.10287678965107827,0.10287678965107827,0.10287678965107827,0.10287678965107827,0.10185820757531161,0,highway_0,0,1168.9953448985248,1487.9953448985248,,-1031.894354742811
41.7,llm_1,1491.0857882067257,-10.5015,30.90443308201026,1000.0,,0.10179122591247747,0.10179122591247747,0.10179122591247747,0.10179122591247747,0.10078339199253605,0,highway_0,0,1172.0857882067257,1491.0857882067257,,-1031.9044330820102
41.8,llm_1,1494.1772287025867,-10.5015,30.914404958610255,1000.0,,0.10071595365992447,0.10071595365992447,0.10071595365992447,0.10071595365992447,0.09971876599994545,0,highway_0,0,1175.1772287025867,1494.1772287025867,,-1031.9144049586102
41.9,llm_1,1497.2696558410096,-10.5015,30.924271384229087,1000.0,,0.09965089875019917,0.09965089875019917,0.09965089875019917,0.09965089875019917,0.09866425618831443,0,highway_0,0,1178.2696558410096,1497.2696558410096,,-1031.924271384229
42.0,llm_1,1500.3630591773244,-10.5015,30.93403336314853,1000.0,,0.09859598708637263,0.09859598708637263,0.09859598708637263,0.09859598708637263,0.09761978919442527,0,highway_0,0,1181.3630591773244,1500.3630591773244,,-1031.9340333631485
42.1,llm_1,1503.4574283665563,-10.5015,30.94369189231981,1000.0,,0.09755114462989478,0.09755114462989478,0.09755114462989478,0.09755114462989478,0.09658529171279184,0,highway_0,0,1184.4574283665563,1503.4574283665563,,-1031.9436918923197
42.2,llm_1,1506.5527531626933,-10.5015,30.953247961370543,1000.0,,0.09651629741241607,0.09651629741241607,0.09651629741241607,0.09651629741241607,0.09556069050734806,0,highway_0,0,1187.5527531626933,1506.5527531626933,,-1031.9532479613706
42.3,llm_1,1509.6490234179546,-10.5015,30.962702552612853,1000.0,,0.09549137154733045,0.09549137154733045,0.09549137154733045,0.09549137154733045,0.09454591242310073,0,highway_0,0,1190.6490234179546,1509.6490234179546,,-1031.9627025526129
42.4,llm_1,1512.74622908206,-10.5015,30.97205664105256,1000.0,,0.09447629324104423,0.09447629324104423,0.09447629324104423,0.09447629324104423,0.09354088439707198,0,highway_0,0,1193.74622908206,1512.74622908206,,-1031.9720566410526
42.5,llm_1,1515.8443602015,-10.5015,30.98131119439949,1000.0,,0.09347098880398297,0.09347098880398297,0.09347098880398297,0.09347098880398297,0.09254553346927707,0,highway_0,0,1196.8443602015,1515.8443602015,,-1031.9813111943995
42.6,llm_1,1518.9434069188078,-10.5015,30.99046717307883,1000.0,,0.09247538466133198,0.09247538466133198,0.09247538466133198,0.09247538466133198,0.09155978679341814,0,highway_0,0,1199.9434069188078,1518.9434069188078,,-1031.9904671730787
42.7,llm_1,1522.0433594718322,-10.5015,30.999525530243535,1000.0,,0.09148940736350841,0.09148940736350841,0.09148940736350841,0.09148940736350841,0.09058357164704489,0,highway_0,0,1203.0433594718322,1522.0433594718322,,-1031.9995255302435
42.8,llm_1,1525.144208193011,-10.5015,31.00848721178773,1000.0,,0.0905129835963836,0.0905129835963836,0.0905129835963836,0.0905129835963836,0.08961681544196409,0,highway_0,0,1206.144208193011,1525.144208193011,,-1032.0084872117877
42.9,llm_1,1528.245943508647,-10.5015,31.01735315636112,1000.0,,0.08954604019124124,0.08954604019124124,0.08954604019124124,0.08954604019124124,0.08865944573390294,0,highway_0,0,1209.245943508647,1528.245943508647,,-1032.0173531563612
43.0,llm_1,1531.3485559381854,-10.5015,31.02612429538434,1000.0,,0.08858850413448627,0.08858850413448627,0.08858850413448627,0.08858850413448627,0.08771139023217245,0,highway_0,0,1212.3485559381854,1531.3485559381854,,-1032.0261242953843
43.1,llm_1,1534.4520360934919,-10.5015,31.03480155306524,1000.0,,0.08764030257710309,0.08764030257710309,0.08764030257710309,0.08764030257710309,0.08677257680901107,0,highway_0,0,1215.4520360934919,1534.4520360934919,,-1032.0348015530653
43.2,llm_1,1537.5563746781336,-10.5015,31.04338584641612,1000.0,,0.0867013628438652,0.0867013628438652,0.0867013628438652,0.0867013628438652,0.08584293350878625,0,highway_0,0,1218.5563746781336,1537.5563746781336,,-1032.0433858464162
43.3,llm_1,1540.6615624866608,-10.5015,31.05187808527179,1000.0,,0.08577161244230047,0.08577161244230047,0.08577161244230047,0.08577161244230047,0.08492238855673406,0,highway_0,0,1221.6615624866608,1540.6615624866608,,-1032.0518780852717
43.4,llm_1,1543.7675904038917,-10.5015,31.060279172308565,1000.0,,0.08485097907141981,0.08485097907141981,0.08485097907141981,0.08485097907141981,0.08401087036773447,0,highway_0,0,1224.7675904038917,1543.7675904038917,,-1032.0602791723086
43.5,llm_1,1546.8744494041982,-10.5015,31.06859000306403,1000.0,,0.08393939063020228,0.08393939063020228,0.08393939063020228,0.08393939063020228,0.08310830755466014,0,highway_0,0,1227.8744494041982,1546.8744494041982,,-1032.068590003064
43.6,llm_1,1549.982130550794,-10.5015,31.07681146595768,1000.0,,0.08303677522584885,0.08303677522584885,0.08303677522584885,0.08303677522584885,0.08221462893647669,0,highway_0,0,1230.982130550794,1549.982130550794,,-1032.0768114659577
43.7,llm_1,1553.090624995025,-10.5015,31.084944442312313,1000.0,,0.08214306118180426,0.08214306118180426,0.08214306118180426,0.08214306118180426,0.0813297635463428,0,highway_0,0,1234.090624995025,1553.090624995025,,-1032.0849444423122
43.8,llm_1,1556.1999239756628,-10.5015,31.09298980637623,1000.0,,0.08125817704554905,0.08125817704554905,0.08125817704554905,0.08125817704554905,0.08045364063917759,0,highway_0,0,1237.1999239756628,1556.1999239756628,,-1032.0929898063762
43.9,llm_1,1559.3100188181975,-10.5015,31.10094842534615,1000.0,,0.08038205159616985,0.08038205159616985,0.08038205159616985,0.08038205159616985,0.07958618969919229,0,highway_0,0,1240.3100188181975,1559.3100188181975,,-1032.1009484253461
44.0,llm_1,1562.4209009341366,-10.5015,31.108821159390875,1000.0,,0.079514613851704,0.079514613851704,0.079514613851704,0.079514613851704,0.07872734044724439,0,highway_0,0,1243.4209009341366,1562.4209009341366,,-1032.1088211593908
44.1,llm_1,1565.5325618203042,-10.5015,31.116608861675655,1000.0,,0.07865579307626747,0.07865579307626747,0.07865579307626747,0.07865579307626747,0.07787702284780096,0,highway_0,0,1246.5325618203042,1565.5325618203042,,-1032.1166088616756
44.2,llm_1,1568.644993058143,-10.5015,31.124312378387234,1000.0,,0.07780551878696584,0.07780551878696584,0.07780551878696584,0.07780551878696584,0.07703516711579539,0,highway_0,0,1249.644993058143,1568.644993058143,,-1032.1243123783872
44.3,llm_1,1571.758186313019,-10.5015,31.13193254875957,1000.0,,0.07696372076059521,0.07696372076059521,0.07696372076059521,0.07696372076059521,0.076201703723342,0,highway_0,0,1252.758186313019,1571.758186313019,,-1032.1319325487596
44.4,llm_1,1574.872133333529,-10.5015,31.139470205100178,1000.0,,0.07613032904013295,0.07613032904013295,0.07613032904013295,0.07613032904013295,0.07537656340609544,0,highway_0,0,1255.872133333529,1574.872133333529,,-1032.1394702051002
44.5,llm_1,1577.9868259508107,-10.5015,31.14692617281711,1000.0,,0.07530527394101949,0.07530527394101949,0.07530527394101949,0.07530527394101949,0.07455967716932577,0,highway_0,0,1258.9868259508107,1577.9868259508107,,-1032.146926172817
44.6,llm_1,1581.1022560778554,-10.5015,31.15430127044654,1000.0,,0.07448848605724379,0.07448848605724379,0.07448848605724379,0.07448848605724379,0.07375097629427785,0,highway_0,0,1262.1022560778554,1581.1022560778554,,-1032.1543012704465
44.7,llm_1,1584.2184157088234,-10.5015,31.161596309680917,1000.0,,0.07367989626722371,0.07367989626722371,0.07367989626722371,0.07367989626722371,0.07295039234378464,0,highway_0,0,1265.2184157088234,1584.2184157088234,,-1032.1615963096808
44.8,llm_1,1587.3352969183632,-10.5015,31.168812095397698,1000.0,,0.07287943573949085,0.07287943573949085,0.07287943573949085,0.07287943573949085,0.07215785716780942,0,highway_0,0,1268.3352969183632,1587.3352969183632,,-1032.1688120953977
44.9,llm_1,1590.452891860932,-10.5015,31.175949425688607,1000.0,,0.07208703593818588,0.07208703593818588,0.07208703593818588,0.07208703593818588,0.0713733029090946,0,highway_0,0,1271.452891860932,1590.452891860932,,-1032.1759494256887
45.0,llm_1,1593.571192770121,-10.5015,31.183009091889435,1000.0,,0.0713026286283569,0.0713026286283569,0.0713026286283569,0.0713026286283569,0.07059666200827763,0,highway_0,0,1274.571192770121,1593.571192770121,,-1032.1830090918895
45.1,llm_1,1596.6901919579818,-10.5015,31.189991878610336,1000.0,,0.07052614588108086,0.07052614588108086,0.07052614588108086,0.07052614588108086,0.06982786720900691,0,highway_0,0,1277.6901919579818,1596.6901919579818,,-1032.1899918786103
45.2,llm_1,1599.8098818143585,-10.5015,31.196898563766613,1000.0,,0.06975752007839064,0.06975752007839064,0.06975752007839064,0.06975752007839064,0.06906685156277348,0,highway_0,0,1280.8098818143585,1599.8098818143585,,-1032.1968985637666
45.3,llm_1,1602.9302548062194,-10.5015,31.203729918609984,1000.0,,0.0689966839180286,0.0689966839180286,0.0689966839180286,0.0689966839180286,0.06831354843370718,0,highway_0,0,1283.9302548062194,1602.9302548062194,,-1032.20372991861
45.4,llm_1,1606.0513034769954,-10.5015,31.210486707760282,1000.0,,0.06824357041801943,0.06824357041801943,0.06824357041801943,0.06824357041801943,0.06756789150298204,0,highway_0,0,1287.0513034769954,1606.0513034769954,,-1032.2104867077603
45.5,llm_1,1609.173020445919,-10.5015,31.217169689237615,1000.0,,0.06749811292107166,0.06749811292107166,0.06749811292107166,0.06749811292107166,0.06682981477332817,0,highway_0,0,1290.173020445919,1609.173020445919,,-1032.2171696892376
45.6,llm_1,1612.2953984073686,-10.5015,31.22377961449492,1000.0,,0.06676024509880152,0.06676024509880152,0.06676024509880152,0.06676024509880152,0.06609925257304639,0,highway_0,0,1293.2953984073686,1612.2953984073686,,-1032.223779614495
45.7,llm_1,1615.4184301302137,-10.5015,31.23031722845094,1000.0,,0.06602990095579664,0.06602990095579664,0.06602990095579664,0.06602990095579664,0.06537613956020039,0,highway_0,0,1296.4184301302137,1615.4184301302137,,-1032.230317228451
45.8,llm_1,1618.542108457166,-10.5015,31.236783269523563,1000.0,,0.06530701483350598,0.06530701483350598,0.06530701483350598,0.06530701483350598,0.06466041072624051,0,highway_0,0,1299.542108457166,1618.542108457166,,-1032.2367832695236
45.9,llm_1,1621.6664263041323,-10.5015,31.24317846966356,1000.0,,0.06459152141397884,0.06459152141397884,0.06459152141397884,0.06459152141397884,0.0639520013999828,0,highway_0,0,1302.6664263041323,1621.6664263041323,,-1032.2431784696635
46.0,llm_1,1624.7913766595711,-10.5015,31.249503554388653,1000.0,,0.06388335572343073,0.06388335572343073,0.06388335572343073,0.06388335572343073,0.06325084725091301,0,highway_0,0,1305.7913766595711,1624.7913766595711,,-1032.2495035543886
46.1,llm_1,1627.916952583853,-10.5015,31.255759242817927,1000.0,,0.06318245313566251,0.06318245313566251,0.06318245313566251,0.06318245313566251,0.06255688429273931,0,highway_0,0,1308.916952583853,1627.916952583853,,-1032.255759242818
46.2,llm_1,1631.0431472086236,-10.5015,31.261946247706575,1000.0,,0.062488749375325114,0.062488749375325114,0.062488749375325114,0.062488749375325114,0.061870048886483175,0,highway_0,0,1312.0431472086236,1631.0431472086236,,-1032.2619462477066
46.3,llm_1,1634.1699537361717,-10.5015,31.268065275480932,1000.0,,0.06180218052102926,0.06180218052102926,0.06180218052102926,0.06180218052102926,0.06119027774357022,0,highway_0,0,1315.1699537361717,1634.1699537361717,,-1032.268065275481
46.4,llm_1,1637.297365438799,-10.5015,31.274117026273835,1000.0,,0.06112268300831414,0.06112268300831414,0.06112268300831414,0.06112268300831414,0.06051750792902766,0,highway_0,0,1318.297365438799,1637.297365438799,,-1032.2741170262739
46.5,llm_1,1640.425375658195,-10.5015,31.280102193960218,1000.0,,0.06045019363246307,0.06045019363246307,0.06045019363246307,0.06045019363246307,0.059851676863829084,0,highway_0,0,1321.425375658195,1640.425375658195,,-1032.2801021939601
46.6,llm_1,1643.5539778048144,-10.5015,31.28602146619301,1000.0,,0.05978464955118712,0.05978464955118712,0.05978464955118712,0.05978464955118712,0.05919272232791428,0,highway_0,0,1324.5539778048144,1643.5539778048144,,-1032.286021466193
46.7,llm_1,1646.6831653572583,-10.5015,31.291875524439263,1000.0,,0.05912598828716342,0.05912598828716342,0.05912598828716342,0.05912598828716342,0.05854058246253402,0,highway_0,0,1327.6831653572583,1646.6831653572583,,-1032.2918755244393
46.8,llm_1,1649.81293186166,-10.5015,31.297665044016533,1000.0,,0.058474147730436465,0.058474147730436465,0.058474147730436465,0.058474147730436465,0.05789519577270141,0,highway_0,0,1330.81293186166,1649.81293186166,,-1032.2976650440166
46.9,llm_1,1652.943270931073,-10.5015,31.303390694129472,1000.0,,0.0578290661406905,0.0578290661406905,0.0578290661406905,0.0578290661406905,0.05725650112939462,0,highway_0,0,1333.943270931073,1652.943270931073,,-1032.3033906941296
47.0,llm_1,1656.0741762448636,-10.5015,31.30905313790664,1000.0,,0.05719068214938772,0.05719068214938772,0.05719068214938772,0.05719068214938772,0.05662443777168846,0,highway_0,0,1337.0741762448636,1656.0741762448636,,-1032.3090531379066
47.1,llm_1,1659.2056415481072,-10.5015,31.31465303243751,1000.0,,0.0565589347617802,0.0565589347617802,0.0565589347617802,0.0565589347617802,0.05599894530867289,0,highway_0,0,1340.2056415481072,1659.2056415481072,,-1032.3146530324375
47.2,llm_1,1662.3376606509883,-10.5015,31.320191028809667,1000.0,,0.05593376335879652,0.05593376335879652,0.05593376335879652,0.05593376335879652,0.0553799637215846,0,highway_0,0,1343.3376606509883,1662.3376606509883,,-1032.3201910288096
47.3,llm_1,1665.4702274282029,-10.5015,31.325667772146183,1000.0,,0.05531510769880377,0.05531510769880377,0.05531510769880377,0.05531510769880377,0.0547674333651571,0,highway_0,0,1346.4702274282029,1665.4702274282029,,-1032.3256677721463
47.4,llm_1,1668.6033358183672,-10.5015,31.33108390164314,1000.0,,0.054702907919252364,0.054702907919252364,0.054702907919252364,0.054702907919252364,0.05416129496957467,0,highway_0,0,1349.6033358183672,1668.6033358183672,,-1032.331083901643
47.5,llm_1,1671.7369798234279,-10.5015,31.336440050607315,1000.0,,0.05409710453820016,0.05409710453820016,0.05409710453820016,0.05409710453820016,0.053561489641751336,0,highway_0,0,1352.7369798234279,1671.7369798234279,,-1032.3364400506073
47.6,llm_1,1674.8711535080772,-10.5015,31.34173684649402,1000.0,,0.05349763845572697,0.05349763845572697,0.05349763845572697,0.05349763845572697,0.0529679588670362,0,highway_0,0,1355.8711535080772,1674.8711535080772,,-1032.341736846494
47.7,llm_1,1678.0058509991718,-10.5015,31.34697491094503,1000.0,,0.052904450955228555,0.052904450955228555,0.052904450955228555,0.052904450955228555,0.052380644510101604,0,highway_0,0,1359.0058509991718,1678.0058509991718,,-1032.346974910945
47.8,llm_1,1681.1410664851544,-10.5015,31.352154859826676,1000.0,,0.05231748370460931,0.05231748370460931,0.05231748370460931,0.05231748370460931,0.051799488816470785,0,highway_0,0,1362.1410664851544,1681.1410664851544,,-1032.3521548598267
47.9,llm_1,1684.2767942154812,-10.5015,31.357277303268003,1000.0,,0.05173667875736221,0.05173667875736221,0.05173667875736221,0.05173667875736221,0.051224434413263964,0,highway_0,0,1365.2767942154812,1684.2767942154812,,-1032.357277303268
48.0,llm_1,1687.413028500051,-10.5015,31.362342845699047,1000.0,,0.051161978553546095,0.051161978553546095,0.051161978553546095,0.051161978553546095,0.05065542431044179,0,highway_0,0,1368.413028500051,1687.413028500051,,-1032.362342845699
48.1,llm_1,1690.54976370864,-10.5015,31.36735208588921,1000.0,,0.05059332592065924,0.05059332592065924,0.05059332592065924,0.05059332592065924,0.05009240190162245,0,highway_0,0,1371.54976370864,1690.54976370864,,-1032.3673520858893
48.2,llm_1,1693.6869942703386,-10.5015,31.372305616985685,1000.0,,0.05003066407441337,0.05003066407441337,0.05003066407441337,0.05003066407441337,0.04953531096475672,0,highway_0,0,1374.6869942703386,1693.6869942703386,,-1032.3723056169856
48.3,llm_1,1696.8247146729939,-10.5015,31.37720402655196,1000.0,,0.049473936619408576,0.049473936619408576,0.049473936619408576,0.049473936619408576,0.0489840956627674,0,highway_0,0,1377.8247146729939,1696.8247146729939,,-1032.377204026552
48.4,llm_1,1699.9629194626546,-10.5015,31.382047896606387,1000.0,,0.04892308754971664,0.04892308754971664,0.04892308754971664,0.04892308754971664,0.048438700544259916,0,highway_0,0,1380.9629194626546,1699.9629194626546,,-1032.3820478966063
48.5,llm_1,1703.1016032430207,-10.5015,31.38683780366078,1000.0,,0.048378061249365834,0.048378061249365834,0.048378061249365834,0.048378061249365834,0.04789907054391307,0,highway_0,0,1384.1016032430207,1703.1016032430207,,-1032.3868378036607
48.6,llm_1,1706.2407606748966,-10.5015,31.39157431875907,1000.0,,0.047838802492738086,0.047838802492738086,0.047838802492738086,0.047838802492738086,0.04736515098290539,0,highway_0,0,1387.2407606748966,1706.2407606748966,,-1032.391574318759
48.7,llm_1,1709.3803864756483,-10.5015,31.396258007515986,1000.0,,0.04730525644487704,0.04730525644487704,0.04730525644487704,0.04730525644487704,0.04683688756916382,0,highway_0,0,1390.3803864756483,1709.3803864756483,,-1032.396258007516
48.8,llm_1,1712.5204754186639,-10.5015,31.400889430155758,1000.0,,0.04677736866170923,0.04677736866170923,0.04677736866170923,0.04677736866170923,0.04631422639771898,0,highway_0,0,1393.5204754186639,1712.5204754186639,,-1032.4008894301558
48.9,llm_1,1715.661022332819,-10.5015,31.405469141550824,1000.0,,0.04625508509018106,0.04625508509018106,0.04625508509018106,0.04625508509018106,0.045797113950669655,0,highway_0,0,1396.661022332819,1715.661022332819,,-1032.4054691415508
49.0,llm_1,1718.8020221019449,-10.5015,31.409997691260557,1000.0,,0.04573835206831056,0.04573835206831056,0.04573835206831056,0.04573835206831056,0.04528549709732488,0,highway_0,0,1399.8020221019449,1718.8020221019449,,-1032.4099976912605
49.1,llm_1,1721.9434696643018,-10.5015,31.41447562356998,1000.0,,0.04522711632516607,0.04522711632516607,0.04522711632516607,0.04522711632516607,0.04477932309423949,0,highway_0,0,1402.9434696643018,1721.9434696643018,,-1032.41447562357
49.2,llm_1,1725.0853600120547,-10.5015,31.418903477528474,1000.0,,0.04472132498075787,0.04472132498075787,0.04472132498075787,0.04472132498075787,0.04427853958492989,0,highway_0,0,1406.0853600120547,1725.0853600120547,,-1032.4189034775284
49.3,llm_1,1728.2276881907535,-10.5015,31.423281786988458,1000.0,,0.04422092554586132,0.04422092554586132,0.04422092554586132,0.04422092554586132,0.043783094599838535,0,highway_0,0,1409.2276881907535,1728.2276881907535,,-1032.4232817869884
49.4,llm_1,1731.370449298818,-10.5015,31.427611080644077,1000.0,,0.043725865921761864,0.043725865921761864,0.043725865921761864,0.043725865921761864,0.04329293655619182,0,highway_0,0,1412.370449298818,1731.370449298818,,-1032.427611080644
49.5,llm_1,1734.513638487025,-10.5015,31.431891882069813,1000.0,,0.043236094399926484,0.043236094399926484,0.043236094399926484,0.043236094399926484,0.04280801425736058,0,highway_0,0,1415.513638487025,1734.513638487025,,-1032.4318918820697
49.6,llm_1,1737.657250958001,-10.5015,31.43612470975908,1000.0,,0.042751559661610816,0.042751559661610816,0.042751559661610816,0.042751559661610816,0.04232827689268248,0,highway_0,0,1418.657250958001,1737.657250958001,,-1032.436124709759
49.7,llm_1,1740.8012819657172,-10.5015,31.44031007716278,1000.0,,0.042272210777391295,0.042272210777391295,0.042272210777391295,0.042272210777391295,0.04185367403700013,0,highway_0,0,1421.8012819657172,1740.8012819657172,,-1032.4403100771628
49.8,llm_1,1743.94572681499,-10.5015,31.444448492727794,1000.0,,0.04179799720663646,0.04179799720663646,0.04179799720663646,0.04179799720663646,0.04138415565012821,0,highway_0,0,1424.94572681499,1743.94572681499,,-1032.4444484927278
49.9,llm_1,1747.0905808609834,-10.5015,31.44854045993541,1000.0,,0.04132886879690845,0.04132886879690845,0.04132886879690845,0.04132886879690845,0.04091967207614289,0,highway_0,0,1428.0905808609834,1747.0905808609834,,-1032.4485404599354
50.0,llm_1,1750.2358395087174,-10.5015,31.452586477339697,1000.0,,0.04086477578330627,0.04086477578330627,0.04086477578330627,0.04086477578330627,0.04046017404288449,0,highway_0,0,1431.2358395087174,1750.2358395087174,,-1032.4525864773398
50.1,llm_1,1753.381498212578,-10.5015,31.45658703860581,1000.0,,0.0404056687877451,0.0404056687877451,0.0404056687877451,0.0404056687877451,0.04000561266114033,0,highway_0,0,1434.381498212578,1753.381498212578,,-1032.456587038606
50.2,llm_1,1756.5275524758329,-10.5015,31.460542632548204,1000.0,,0.03995149881817783,0.03995149881817783,0.03995149881817783,0.03995149881817783,0.039555939423934205,0,highway_0,0,1437.5275524758329,1756.5275524758329,,-1032.4605426325481
50.3,llm_1,1759.6739978501498,-10.5015,31.464453743168775,1000.0,,0.03950221726775838,0.03950221726775838,0.03950221726775838,0.03950221726775838,0.039111106205709234,0,highway_0,0,1440.6739978501498,1759.6739978501498,,-1032.4644537431689
50.4,llm_1,1762.8208299351193,-10.5015,31.46832084969491,1000.0,,0.03905777591394888,0.03905777591394888,0.03905777591394888,0.03905777591394888,0.038671065261333126,0,highway_0,0,1443.8208299351193,1762.8208299351193,,-1032.468320849695
50.5,llm_1,1765.968044377781,-10.5015,31.47214442661744,1000.0,,0.038618126917575046,0.038618126917575046,0.038618126917575046,0.038618126917575046,0.038235769225316574,0,highway_0,0,1446.968044377781,1765.968044377781,,-1032.4721444266174
50.6,llm_1,1769.115636872154,-10.5015,31.47592494372851,1000.0,,0.03818322282182396,0.03818322282182396,0.03818322282182396,0.03818322282182396,0.03780517111071191,0,highway_0,0,1450.115636872154,1769.115636872154,,-1032.4759249437286
50.7,llm_1,1772.26360315877,-10.5015,31.479662866159323,1000.0,,0.03775301655119645,0.03775301655119645,0.03775301655119645,0.03775301655119645,0.03737922430811835,0,highway_0,0,1453.26360315877,1772.26360315877,,-1032.4796628661593
50.8,llm_1,1775.4119390242117,-10.5015,31.483358654417778,1000.0,,0.03732746141040699,0.03732746141040699,0.03732746141040699,0.03732746141040699,0.03695788258454513,0,highway_0,0,1456.4119390242117,1775.4119390242117,,-1032.4833586544178
50.9,llm_1,1778.5606403006543,-10.4915,31.48701276442602,1000.0,,0.03690651108323639,0.03690651108323639,0.03690651108323639,0.03690651108323639,0.03654110008241673,0,highway_0,0,1459.5606403006543,1778.5606403006543,,-1032.487012764426
51.0,llm_1,1781.70970286541,-10.4715,31.490625647557835,1000.0,,0.03649011963133797,0.03649011963133797,0.03649011963133797,0.03649011963133797,0.03612883131815181,0,highway_0,0,1462.70970286541,1781.70970286541,,-1032.4906256475579
51.1,llm_1,1784.8587654301657,-10.441500000000001,31.490625647557835,1000.0,,0.0,0.0,0.0,0.0,0.0,0,highway_0,0,1465.8587654301657,1784.8587654301657,,-1032.4906256475579
51.2,llm_1,1788.0075529165488,-10.4015,31.487874863830562,1000.0,,-0.02778291564547497,-0.02778291564547497,-0.02778291564547497,-0.02778291564547497,-0.027507837272722213,0,highway_0,0,1469.0075529165488,1788.0075529165488,,-1032.4878748638305
51.3,llm_1,1791.155642649239,-10.351500000000001,31.480897326903527,1000.0,,-0.07047312296302999,-0.07047312296302999,-0.07047312296302999,-0.07047312296302999,-0.06977536927035288,0,highway_0,0,1472.155642649239,1791.155642649239,,-1032.4808973269035
51.4,llm_1,1794.3027511152443,-10.291500000000001,31.471084660051716,1000.0,,-0.09910793520331707,-0.09910793520331707,-0.09910793520331707,-0.09910793520331707,-0.09812666851811258,0,highway_0,0,1475.3027511152443,1794.3027511152443,,-1032.4710846600517
51.5,llm_1,1797.448681965281,-10.2215,31.4593085003665,1000.0,,-0.11893921282066211,-0.11893921282066211,-0.11893921282066211,-0.11893921282066211,-0.11776159685215504,0,highway_0,0,1478.448681965281,1797.448681965281,,-1032.4593085003664
